#     Step;    Sim. Time;   Iter;    t_Ener;    t_Grad;       Temp;       E_Kin;           E_Pot;           E_Tot;        Cons.Qty;   E.Drift;   Av.Press.
         0;          0.0;       ;      0.09;          ;     300.00;    0.086929;     -101.457728;     -101.370799;                ;          ;            
         1;          0.2;       ;      0.05;          ;     297.16;    0.086105;     -101.457425;     -101.371320;     -101.370908;      0.00;        0.00
         2;          0.5;       ;      0.07;          ;     292.37;    0.084719;     -101.456158;     -101.371439;     -101.370898;      0.02;        0.00
         3;          0.8;       ;      0.04;          ;     285.45;    0.082712;     -101.454082;     -101.371370;     -101.370884;      0.04;        0.00
         4;          1.0;       ;      0.05;          ;     276.12;    0.080008;     -101.451432;     -101.371424;     -101.370865;      0.07;        0.00
         5;          1.2;       ;      0.04;          ;     264.97;    0.076779;     -101.448511;     -101.371733;     -101.370844;      0.11;        0.00
         6;          1.5;       ;      0.05;          ;     256.11;    0.074212;     -101.445654;     -101.371442;     -101.370824;      0.14;        0.00
         7;          1.8;       ;      0.05;          ;     245.51;    0.071140;     -101.443163;     -101.372023;     -101.370808;      0.17;        0.00
         8;          2.0;       ;      0.05;          ;     238.04;    0.068974;     -101.441315;     -101.372341;     -101.370797;      0.19;        0.00
         9;          2.2;       ;      0.04;          ;     236.14;    0.068424;     -101.440281;     -101.371857;     -101.370792;      0.20;        0.00
        10;          2.5;       ;      0.06;          ;     237.38;    0.068783;     -101.440123;     -101.371339;     -101.370795;      0.19;        0.00
        11;          2.8;       ;      0.06;          ;     238.51;    0.069113;     -101.440798;     -101.371686;     -101.370805;      0.18;        0.00
        12;          3.0;       ;      0.06;          ;     243.84;    0.070657;     -101.442160;     -101.371503;     -101.370818;      0.15;        0.00
        13;          3.2;       ;      0.06;          ;     248.61;    0.072039;     -101.443994;     -101.371955;     -101.370835;      0.13;        0.00
        14;          3.5;       ;      0.05;          ;     254.74;    0.073813;     -101.446032;     -101.372219;     -101.370852;      0.10;        0.00
        15;          3.8;       ;      0.05;          ;     262.11;    0.075949;     -101.448013;     -101.372063;     -101.370867;      0.07;        0.00
        16;          4.0;       ;      0.06;          ;     267.88;    0.077623;     -101.449695;     -101.372072;     -101.370879;      0.05;        0.00
        17;          4.2;       ;      0.06;          ;     269.00;    0.077946;     -101.450873;     -101.372927;     -101.370888;      0.03;        0.00
        18;          4.5;       ;      0.06;          ;     269.59;    0.078116;     -101.451403;     -101.373287;     -101.370893;      0.03;        0.00
        19;          4.8;       ;      0.05;          ;     268.65;    0.077844;     -101.451220;     -101.373376;     -101.370893;      0.03;        0.00
        20;          5.0;       ;      0.06;          ;     265.91;    0.077050;     -101.450323;     -101.373273;     -101.370889;      0.03;        0.00
        21;          5.2;       ;      0.05;          ;     262.00;    0.075917;     -101.448778;     -101.372861;     -101.370881;      0.05;        0.00
        22;          5.5;       ;      0.05;          ;     252.69;    0.073219;     -101.446715;     -101.373496;     -101.370869;      0.07;        0.00
        23;          5.8;       ;      0.05;          ;     245.78;    0.071219;     -101.444346;     -101.373127;     -101.370854;      0.09;        0.00
        24;          6.0;       ;      0.06;          ;     237.89;    0.068933;     -101.441900;     -101.372967;     -101.370837;      0.12;        0.00
        25;          6.2;       ;      0.05;          ;     231.01;    0.066938;     -101.439651;     -101.372712;     -101.370819;      0.15;        0.00
        26;          6.5;       ;      0.06;          ;     224.15;    0.064950;     -101.437870;     -101.372920;     -101.370804;      0.18;        0.00
        27;          6.8;       ;      0.07;          ;     223.07;    0.064636;     -101.436811;     -101.372175;     -101.370792;      0.20;        0.00
        28;          7.0;       ;      0.12;          ;     225.68;    0.065393;     -101.436649;     -101.371256;     -101.370786;      0.21;        0.00
        29;          7.2;       ;      0.08;          ;     225.20;    0.065256;     -101.437481;     -101.372225;     -101.370787;      0.21;        0.00
        30;          7.5;       ;      0.08;          ;     231.01;    0.066938;     -101.439279;     -101.372340;     -101.370795;      0.19;        0.00
        31;          7.8;       ;      0.07;          ;     240.32;    0.069635;     -101.441924;     -101.372289;     -101.370810;      0.17;        0.00
        32;          8.0;       ;      0.07;          ;     251.69;    0.072930;     -101.445193;     -101.372263;     -101.370828;      0.14;        0.00
        33;          8.2;       ;      0.06;          ;     265.30;    0.076873;     -101.448789;     -101.371915;     -101.370849;      0.10;        0.00
        34;          8.5;       ;      0.06;          ;     276.60;    0.080147;     -101.452386;     -101.372239;     -101.370870;      0.07;        0.00
        35;          8.8;       ;      0.06;          ;     287.36;    0.083265;     -101.455646;     -101.372381;     -101.370887;      0.04;        0.00
        36;          9.0;       ;      0.07;          ;     296.80;    0.086001;     -101.458298;     -101.372297;     -101.370900;      0.01;        0.00
        37;          9.2;       ;      0.05;          ;     302.30;    0.087594;     -101.460142;     -101.372548;     -101.370907;      0.00;        0.00
        38;          9.5;       ;      0.05;          ;     303.94;    0.088070;     -101.461071;     -101.373001;     -101.370907;      0.00;        0.00
        39;          9.8;       ;      0.05;          ;     302.64;    0.087693;     -101.461090;     -101.373398;     -101.370900;      0.01;        0.00
        40;         10.0;       ;      0.05;          ;     300.43;    0.087054;     -101.460311;     -101.373258;     -101.370887;      0.04;        0.00
        41;         10.2;       ;      0.05;          ;     296.66;    0.085961;     -101.458933;     -101.372972;     -101.370870;      0.06;        0.00
        42;         10.5;       ;      0.06;          ;     290.78;    0.084257;     -101.457219;     -101.372962;     -101.370851;      0.10;        0.00
        43;         10.8;       ;      0.05;          ;     285.07;    0.082603;     -101.455479;     -101.372875;     -101.370832;      0.13;        0.00
        44;         11.0;       ;      0.06;          ;     282.92;    0.081979;     -101.454015;     -101.372037;     -101.370815;      0.16;        0.00
        45;         11.2;       ;      0.04;          ;     282.25;    0.081786;     -101.453090;     -101.371304;     -101.370803;      0.18;        0.00
        46;         11.5;       ;      0.05;          ;     284.20;    0.082349;     -101.452898;     -101.370549;     -101.370797;      0.19;        0.00
        47;         11.8;       ;      0.05;          ;     285.72;    0.082791;     -101.453536;     -101.370745;     -101.370798;      0.19;        0.00
        48;         12.0;       ;      0.05;          ;     288.78;    0.083679;     -101.454986;     -101.371307;     -101.370805;      0.18;        0.00
        49;         12.2;       ;      0.04;          ;     298.47;    0.086485;     -101.457126;     -101.370641;     -101.370818;      0.16;        0.00
        50;         12.5;       ;      0.05;          ;     305.92;    0.088643;     -101.459771;     -101.371128;     -101.370834;      0.13;        0.00
        51;         12.8;       ;      0.04;          ;     318.62;    0.092324;     -101.462654;     -101.370330;     -101.370851;      0.10;        0.00
        52;         13.0;       ;      0.05;          ;     331.32;    0.096005;     -101.465523;     -101.369518;     -101.370867;      0.07;        0.00
        53;         13.2;       ;      0.05;          ;     339.86;    0.098478;     -101.468117;     -101.369638;     -101.370880;      0.05;        0.00
        54;         13.5;       ;      0.06;          ;     347.72;    0.100756;     -101.470200;     -101.369443;     -101.370890;      0.03;        0.00
        55;         13.8;       ;      0.06;          ;     353.39;    0.102398;     -101.471613;     -101.369215;     -101.370896;      0.02;        0.00
        56;         14.0;       ;      0.05;          ;     354.42;    0.102699;     -101.472260;     -101.369561;     -101.370897;      0.02;        0.00
        57;         14.2;       ;      0.05;          ;     355.63;    0.103050;     -101.472112;     -101.369062;     -101.370894;      0.02;        0.00
        58;         14.5;       ;      0.04;          ;     349.08;    0.101152;     -101.471212;     -101.370060;     -101.370888;      0.04;        0.00
        59;         14.8;       ;      0.05;          ;     342.10;    0.099129;     -101.469674;     -101.370545;     -101.370877;      0.05;        0.00
        60;         15.0;       ;      0.04;          ;     331.55;    0.096071;     -101.467669;     -101.371598;     -101.370864;      0.08;        0.00
        61;         15.2;       ;      0.04;          ;     325.65;    0.094361;     -101.465417;     -101.371056;     -101.370849;      0.10;        0.00
        62;         15.5;       ;      0.04;          ;     314.58;    0.091153;     -101.463140;     -101.371986;     -101.370834;      0.13;        0.00
        63;         15.8;       ;      0.06;          ;     308.71;    0.089453;     -101.461099;     -101.371647;     -101.370819;      0.15;        0.00
        64;         16.0;       ;      0.05;          ;     301.67;    0.087413;     -101.459513;     -101.372100;     -101.370807;      0.17;        0.00
        65;         16.2;       ;      0.04;          ;     298.39;    0.086461;     -101.458576;     -101.372115;     -101.370799;      0.19;        0.00
        66;         16.5;       ;      0.04;          ;     296.80;    0.086000;     -101.458411;     -101.372411;     -101.370796;      0.19;        0.00
        67;         16.8;       ;      0.05;          ;     302.09;    0.087535;     -101.459060;     -101.371525;     -101.370799;      0.19;        0.00
        68;         17.0;       ;      0.04;          ;     308.31;    0.089337;     -101.460480;     -101.371143;     -101.370808;      0.17;        0.00
        69;         17.2;       ;      0.05;          ;     318.67;    0.092338;     -101.462532;     -101.370194;     -101.370821;      0.15;        0.00
        70;         17.5;       ;      0.05;          ;     325.97;    0.094455;     -101.465015;     -101.370560;     -101.370837;      0.12;        0.00
        71;         17.8;       ;      0.05;          ;     336.80;    0.097592;     -101.467657;     -101.370064;     -101.370854;      0.09;        0.00
        72;         18.0;       ;      0.05;          ;     345.34;    0.100068;     -101.470197;     -101.370129;     -101.370871;      0.06;        0.00
        73;         18.2;       ;      0.05;          ;     355.41;    0.102984;     -101.472371;     -101.369387;     -101.370884;      0.04;        0.00
        74;         18.5;       ;      0.05;          ;     361.19;    0.104659;     -101.473976;     -101.369317;     -101.370893;      0.03;        0.00
        75;         18.8;       ;      0.05;          ;     363.49;    0.105325;     -101.474859;     -101.369535;     -101.370897;      0.02;        0.00
        76;         19.0;       ;      0.08;          ;     364.85;    0.105720;     -101.474965;     -101.369245;     -101.370895;      0.02;        0.00
        77;         19.2;       ;      0.08;          ;     359.45;    0.104156;     -101.474330;     -101.370174;     -101.370887;      0.04;        0.00
        78;         19.5;       ;      0.07;          ;     357.25;    0.103518;     -101.473088;     -101.369569;     -101.370875;      0.06;        0.00
        79;         19.8;       ;      0.06;          ;     352.26;    0.102073;     -101.471434;     -101.369361;     -101.370858;      0.09;        0.00
        80;         20.0;       ;      0.06;          ;     346.39;    0.100371;     -101.469626;     -101.369255;     -101.370841;      0.12;        0.00
        81;         20.2;       ;      0.05;          ;     342.92;    0.099367;     -101.467944;     -101.368577;     -101.370824;      0.14;        0.00
        82;         20.5;       ;      0.04;          ;     339.69;    0.098429;     -101.466649;     -101.368220;     -101.370810;      0.17;        0.00
        83;         20.8;       ;      0.05;          ;     334.06;    0.096799;     -101.465964;     -101.369166;     -101.370801;      0.18;        0.00
        84;         21.0;       ;      0.10;          ;     335.19;    0.097124;     -101.466039;     -101.368914;     -101.370798;      0.19;        0.00
        85;         21.2;       ;      0.11;          ;     336.77;    0.097583;     -101.466923;     -101.369340;     -101.370801;      0.18;        0.00
        86;         21.5;       ;      0.08;          ;     336.47;    0.097495;     -101.468570;     -101.371075;     -101.370809;      0.17;        0.00
        87;         21.8;       ;      0.04;          ;     343.50;    0.099533;     -101.470835;     -101.371303;     -101.370822;      0.15;        0.00
        88;         22.0;       ;      0.05;          ;     353.20;    0.102345;     -101.473542;     -101.371197;     -101.370837;      0.12;        0.00
        89;         22.2;       ;      0.05;          ;     362.09;    0.104920;     -101.476458;     -101.371538;     -101.370852;      0.10;        0.00
        90;         22.5;       ;      0.05;          ;     371.80;    0.107735;     -101.479334;     -101.371599;     -101.370866;      0.07;        0.00
        91;         22.8;       ;      0.05;          ;     375.65;    0.108849;     -101.481945;     -101.373096;     -101.370878;      0.05;        0.00
        92;         23.0;       ;      0.05;          ;     382.87;    0.110943;     -101.484089;     -101.373146;     -101.370887;      0.04;        0.00
        93;         23.2;       ;      0.05;          ;     386.05;    0.111862;     -101.485643;     -101.373780;     -101.370892;      0.03;        0.00
        94;         23.5;       ;      0.05;          ;     388.96;    0.112707;     -101.486519;     -101.373812;     -101.370894;      0.02;        0.00
        95;         23.8;       ;      0.05;          ;     389.67;    0.112913;     -101.486697;     -101.373784;     -101.370892;      0.03;        0.00
        96;         24.0;       ;      0.05;          ;     385.29;    0.111643;     -101.486210;     -101.374567;     -101.370886;      0.04;        0.00
        97;         24.2;       ;      0.05;          ;     385.74;    0.111773;     -101.485150;     -101.373377;     -101.370878;      0.05;        0.00
        98;         24.5;       ;      0.05;          ;     381.14;    0.110441;     -101.483644;     -101.373203;     -101.370867;      0.07;        0.00
        99;         24.8;       ;      0.05;          ;     378.84;    0.109775;     -101.481869;     -101.372094;     -101.370854;      0.09;        0.00
       100;         25.0;       ;      0.05;          ;     373.44;    0.108209;     -101.480017;     -101.371808;     -101.370841;      0.12;        0.00
       101;         25.2;       ;      0.04;          ;     365.57;    0.105929;     -101.478301;     -101.372373;     -101.370828;      0.14;        0.00
       102;         25.5;       ;      0.04;          ;     362.00;    0.104893;     -101.476927;     -101.372034;     -101.370818;      0.16;        0.00
       103;         25.8;       ;      0.05;          ;     359.03;    0.104034;     -101.476051;     -101.372018;     -101.370811;      0.17;        0.00
       104;         26.0;       ;      0.05;          ;     356.13;    0.103194;     -101.475780;     -101.372586;     -101.370808;      0.17;        0.00
       105;         26.2;       ;      0.04;          ;     360.15;    0.104357;     -101.476148;     -101.371790;     -101.370811;      0.17;        0.00
       106;         26.5;       ;      0.05;          ;     363.75;    0.105400;     -101.477113;     -101.371712;     -101.370819;      0.15;        0.00
       107;         26.8;       ;      0.04;          ;     364.40;    0.105589;     -101.478554;     -101.372965;     -101.370830;      0.13;        0.00
       108;         27.0;       ;      0.04;          ;     373.69;    0.108283;     -101.480287;     -101.372004;     -101.370843;      0.11;        0.00
       109;         27.2;       ;      0.06;          ;     373.95;    0.108357;     -101.482115;     -101.373759;     -101.370858;      0.09;        0.00
       110;         27.5;       ;      0.05;          ;     379.60;    0.109994;     -101.483795;     -101.373801;     -101.370872;      0.06;       37.71
       111;         27.8;       ;      0.05;          ;     387.13;    0.112175;     -101.485135;     -101.372960;     -101.370883;      0.04;      131.92
       112;         28.0;       ;      0.05;          ;     389.98;    0.113001;     -101.485970;     -101.372970;     -101.370890;      0.03;      228.69
       113;         28.2;       ;      0.05;          ;     391.09;    0.113323;     -101.486184;     -101.372861;     -101.370892;      0.03;      326.44
       114;         28.5;       ;      0.06;          ;     394.85;    0.114412;     -101.485743;     -101.371331;     -101.370889;      0.03;      423.96
       115;         28.8;       ;      0.04;          ;     391.42;    0.113420;     -101.484683;     -101.371263;     -101.370881;      0.05;      520.68
       116;         29.0;       ;      0.05;          ;     386.74;    0.112062;     -101.483131;     -101.371068;     -101.370869;      0.07;      614.82
       117;         29.2;       ;      0.04;          ;     377.80;    0.109474;     -101.481279;     -101.371805;     -101.370854;      0.09;      705.39
       118;         29.5;       ;      0.05;          ;     374.41;    0.108491;     -101.479376;     -101.370885;     -101.370838;      0.12;      791.07
       119;         29.8;       ;      0.05;          ;     366.64;    0.106239;     -101.477662;     -101.371423;     -101.370823;      0.15;      871.71
       120;         30.0;       ;      0.05;          ;     361.99;    0.104892;     -101.476385;     -101.371493;     -101.370811;      0.17;      946.11
       121;         30.2;       ;      0.05;          ;     359.05;    0.104039;     -101.475728;     -101.371689;     -101.370803;      0.18;     1013.94
       122;         30.5;       ;      0.05;          ;     357.09;    0.103471;     -101.475808;     -101.372338;     -101.370801;      0.18;     1074.83
       123;         30.8;       ;      0.05;          ;     357.64;    0.103630;     -101.476655;     -101.373025;     -101.370805;      0.18;     1128.50
       124;         31.0;       ;      0.05;          ;     361.87;    0.104856;     -101.478214;     -101.373358;     -101.370813;      0.16;     1174.97
       125;         31.2;       ;      0.05;          ;     369.72;    0.107132;     -101.480363;     -101.373231;     -101.370824;      0.15;     1214.54
       126;         31.5;       ;      0.06;          ;     378.80;    0.109761;     -101.482927;     -101.373167;     -101.370837;      0.12;     1247.66
       127;         31.8;       ;      0.06;          ;     385.48;    0.111699;     -101.485697;     -101.373998;     -101.370850;      0.10;     1274.87
       128;         32.0;       ;      0.05;          ;     392.68;    0.113784;     -101.488447;     -101.374662;     -101.370863;      0.08;     1296.78
       129;         32.2;       ;      0.06;          ;     400.97;    0.116186;     -101.490987;     -101.374800;     -101.370872;      0.06;     1314.31
       130;         32.5;       ;      0.05;          ;     404.26;    0.117138;     -101.493161;     -101.376022;     -101.370880;      0.05;     1328.54
       131;         32.8;       ;      0.05;          ;     405.53;    0.117509;     -101.494847;     -101.377338;     -101.370884;      0.04;     1340.56
       132;         33.0;       ;      0.05;          ;     405.85;    0.117600;     -101.495995;     -101.378395;     -101.370884;      0.04;     1351.64
       133;         33.2;       ;      0.05;          ;     409.93;    0.118781;     -101.496615;     -101.377833;     -101.370880;      0.05;     1363.10
       134;         33.5;       ;      0.05;          ;     410.29;    0.118888;     -101.496768;     -101.377880;     -101.370873;      0.06;     1376.36
       135;         33.8;       ;      0.04;          ;     407.92;    0.118201;     -101.496558;     -101.378357;     -101.370864;      0.08;     1392.67
       136;         34.0;       ;      0.05;          ;     409.27;    0.118591;     -101.496138;     -101.377547;     -101.370853;      0.09;     1413.22
       137;         34.2;       ;      0.05;          ;     409.83;    0.118752;     -101.495681;     -101.376929;     -101.370841;      0.11;     1439.17
       138;         34.5;       ;      0.04;          ;     407.45;    0.118064;     -101.495368;     -101.377305;     -101.370831;      0.13;     1471.35
       139;         34.8;       ;      0.05;          ;     408.04;    0.118235;     -101.495371;     -101.377137;     -101.370822;      0.15;     1510.22
       140;         35.0;       ;      0.05;          ;     406.01;    0.117646;     -101.495823;     -101.378178;     -101.370817;      0.16;     1556.12
       141;         35.2;       ;      0.05;          ;     405.67;    0.117550;     -101.496801;     -101.379251;     -101.370816;      0.16;     1608.76
       142;         35.5;       ;      0.05;          ;     415.02;    0.120256;     -101.498316;     -101.378059;     -101.370820;      0.15;     1667.70
       143;         35.8;       ;      0.04;          ;     417.42;    0.120952;     -101.500327;     -101.379375;     -101.370827;      0.14;     1732.79
       144;         36.0;       ;      0.05;          ;     423.49;    0.122713;     -101.502697;     -101.379984;     -101.370838;      0.12;     1802.37
       145;         36.2;       ;      0.04;          ;     430.98;    0.124882;     -101.505274;     -101.380392;     -101.370850;      0.10;     1875.39
       146;         36.5;       ;      0.04;          ;     439.60;    0.127378;     -101.507874;     -101.380496;     -101.370861;      0.08;     1950.50
       147;         36.8;       ;      0.05;          ;     447.13;    0.129562;     -101.510313;     -101.380751;     -101.370872;      0.06;     2026.26
       148;         37.0;       ;      0.05;          ;     459.49;    0.133143;     -101.512421;     -101.379278;     -101.370880;      0.05;     2101.04
       149;         37.2;       ;      0.05;          ;     462.75;    0.134087;     -101.514073;     -101.379986;     -101.370885;      0.04;     2173.74
       150;         37.5;       ;      0.05;          ;     464.87;    0.134701;     -101.515167;     -101.380467;     -101.370886;      0.04;     2242.25
       151;         37.8;       ;      0.06;          ;     468.89;    0.135866;     -101.515684;     -101.379818;     -101.370884;      0.04;     2305.17
       152;         38.0;       ;      0.05;          ;     469.46;    0.136032;     -101.515659;     -101.379626;     -101.370878;      0.05;     2361.49
       153;         38.2;       ;      0.05;          ;     465.96;    0.135019;     -101.515183;     -101.380165;     -101.370869;      0.07;     2409.93
       154;         38.5;       ;      0.06;          ;     459.00;    0.133001;     -101.514402;     -101.381402;     -101.370857;      0.09;     2449.43
       155;         38.8;       ;      0.04;          ;     456.36;    0.132236;     -101.513498;     -101.381263;     -101.370846;      0.11;     2479.12
       156;         39.0;       ;      0.05;          ;     451.30;    0.130771;     -101.512656;     -101.381885;     -101.370834;      0.13;     2498.63
       157;         39.2;       ;      0.04;          ;     452.12;    0.131009;     -101.512055;     -101.381045;     -101.370825;      0.14;     2507.56
       158;         39.5;       ;      0.05;          ;     447.26;    0.129600;     -101.511835;     -101.382235;     -101.370819;      0.15;     2505.81
       159;         39.8;       ;      0.04;          ;     450.32;    0.130486;     -101.512094;     -101.381608;     -101.370817;      0.16;     2493.49
       160;         40.0;       ;      0.05;          ;     455.79;    0.132071;     -101.512872;     -101.380802;     -101.370818;      0.15;     2470.80
       161;         40.2;       ;      0.05;          ;     458.82;    0.132948;     -101.514151;     -101.381203;     -101.370823;      0.15;     2438.19
       162;         40.5;       ;      0.04;          ;     466.60;    0.135204;     -101.515858;     -101.380655;     -101.370829;      0.14;     2396.50
       163;         40.8;       ;      0.05;          ;     469.76;    0.136119;     -101.517895;     -101.381776;     -101.370837;      0.12;     2346.46
       164;         41.0;       ;      0.06;          ;     477.32;    0.138310;     -101.520127;     -101.381817;     -101.370846;      0.11;     2289.43
       165;         41.2;       ;      0.05;          ;     482.94;    0.139939;     -101.522430;     -101.382491;     -101.370854;      0.09;     2226.40
       166;         41.5;       ;      0.06;          ;     493.68;    0.143051;     -101.524676;     -101.381625;     -101.370861;      0.08;     2158.81
       167;         41.8;       ;      0.05;          ;     500.26;    0.144956;     -101.526768;     -101.381812;     -101.370866;      0.07;     2087.68
       168;         42.0;       ;      0.05;          ;     506.07;    0.146640;     -101.528616;     -101.381976;     -101.370869;      0.07;     2014.65
       169;         42.2;       ;      0.05;          ;     507.00;    0.146910;     -101.530171;     -101.383261;     -101.370870;      0.07;     1941.07
       170;         42.5;       ;      0.05;          ;     509.23;    0.147556;     -101.531414;     -101.383858;     -101.370869;      0.07;     1868.51
       171;         42.8;       ;      0.05;          ;     511.50;    0.148214;     -101.532379;     -101.384165;     -101.370865;      0.07;     1797.95
       172;         43.0;       ;      0.05;          ;     518.11;    0.150128;     -101.533128;     -101.383001;     -101.370860;      0.08;     1730.29
       173;         43.2;       ;      0.05;          ;     526.03;    0.152425;     -101.533758;     -101.381334;     -101.370853;      0.10;     1665.95
       174;         43.5;       ;      0.05;          ;     527.81;    0.152939;     -101.534378;     -101.381439;     -101.370845;      0.11;     1605.32
       175;         43.8;       ;      0.04;          ;     533.91;    0.154708;     -101.535109;     -101.380401;     -101.370837;      0.12;     1548.99
       176;         44.0;       ;      0.05;          ;     535.72;    0.155232;     -101.536076;     -101.380844;     -101.370830;      0.13;     1496.66
       177;         44.2;       ;      0.04;          ;     536.56;    0.155474;     -101.537379;     -101.381905;     -101.370826;      0.14;     1448.25
       178;         44.5;       ;      0.05;          ;     542.98;    0.157337;     -101.539086;     -101.381749;     -101.370825;      0.14;     1403.23
       179;         44.8;       ;      0.04;          ;     553.26;    0.160313;     -101.541225;     -101.380911;     -101.370827;      0.14;     1360.65
       180;         45.0;       ;      0.04;          ;     557.97;    0.161679;     -101.543767;     -101.382088;     -101.370832;      0.13;     1319.47
       181;         45.2;       ;      0.05;          ;     568.58;    0.164753;     -101.546612;     -101.381859;     -101.370840;      0.12;     1278.92
       182;         45.5;       ;      0.05;          ;     577.55;    0.167354;     -101.549640;     -101.382286;     -101.370851;      0.10;     1237.75
       183;         45.8;       ;      0.05;          ;     582.80;    0.168875;     -101.552682;     -101.383807;     -101.370862;      0.08;     1194.98
       184;         46.0;       ;      0.04;          ;     594.72;    0.172327;     -101.555556;     -101.383229;     -101.370873;      0.06;     1149.75
       185;         46.2;       ;      0.04;          ;     607.98;    0.176171;     -101.558118;     -101.381947;     -101.370882;      0.05;     1100.84
       186;         46.5;       ;      0.05;          ;     612.69;    0.177534;     -101.560230;     -101.382696;     -101.370888;      0.03;     1047.35
       187;         46.8;       ;      0.05;          ;     617.50;    0.178930;     -101.561788;     -101.382859;     -101.370890;      0.03;      988.88
       188;         47.0;       ;      0.05;          ;     616.19;    0.178549;     -101.562767;     -101.384218;     -101.370888;      0.03;      956.69
       189;         47.2;       ;      0.05;          ;     618.66;    0.179266;     -101.563200;     -101.383934;     -101.370883;      0.04;      933.04
       190;         47.5;       ;      0.05;          ;     618.53;    0.179226;     -101.563182;     -101.383956;     -101.370875;      0.06;      904.91
       191;         47.8;       ;      0.05;          ;     620.82;    0.179892;     -101.562851;     -101.382959;     -101.370864;      0.08;      872.54
       192;         48.0;       ;      0.06;          ;     617.65;    0.178973;     -101.562370;     -101.383397;     -101.370854;      0.09;      836.15
       193;         48.2;       ;      0.05;          ;     616.70;    0.178698;     -101.561916;     -101.383218;     -101.370844;      0.11;      796.25
       194;         48.5;       ;      0.06;          ;     618.29;    0.179157;     -101.561647;     -101.382489;     -101.370836;      0.12;      753.23
       195;         48.8;       ;      0.04;          ;     617.66;    0.178976;     -101.561686;     -101.382710;     -101.370832;      0.13;      707.51
       196;         49.0;       ;      0.05;          ;     619.98;    0.179647;     -101.562109;     -101.382461;     -101.370830;      0.13;      659.74
       197;         49.2;       ;      0.04;          ;     621.31;    0.180032;     -101.562940;     -101.382908;     -101.370833;      0.13;      610.42
       198;         49.5;       ;      0.04;          ;     625.27;    0.181179;     -101.564151;     -101.382972;     -101.370836;      0.12;      600.83
       199;         49.8;       ;      0.04;          ;     632.24;    0.183199;     -101.565676;     -101.382476;     -101.370842;      0.11;      671.11
       200;         50.0;       ;      0.04;          ;     638.31;    0.184959;     -101.567419;     -101.382460;     -101.370849;      0.10;      743.09
       201;         50.2;       ;      0.04;          ;     643.38;    0.186428;     -101.569269;     -101.382841;     -101.370856;      0.09;      816.23
       202;         50.5;       ;      0.04;          ;     649.21;    0.188116;     -101.571114;     -101.382998;     -101.370862;      0.08;      889.93
       203;         50.8;       ;      0.04;          ;     660.11;    0.191274;     -101.572855;     -101.381580;     -101.370867;      0.07;      963.70
       204;         51.0;       ;      0.04;          ;     661.37;    0.191639;     -101.574417;     -101.382777;     -101.370871;      0.06;     1037.30
       205;         51.2;       ;      0.04;          ;     668.32;    0.193655;     -101.575732;     -101.382078;     -101.370872;      0.06;     1109.65
       206;         51.5;       ;      0.04;          ;     670.40;    0.194259;     -101.576783;     -101.382524;     -101.370872;      0.06;     1180.58
       207;         51.8;       ;      0.04;          ;     674.00;    0.195300;     -101.577567;     -101.382266;     -101.370871;      0.06;     1249.36
       208;         52.0;       ;      0.03;          ;     674.76;    0.195520;     -101.578116;     -101.382596;     -101.370867;      0.07;     1315.64
       209;         52.2;       ;      0.04;          ;     674.21;    0.195361;     -101.578490;     -101.383129;     -101.370862;      0.08;     1378.90
       210;         52.5;       ;      0.04;          ;     670.44;    0.194268;     -101.578774;     -101.384507;     -101.370855;      0.09;     1438.74
       211;         52.8;       ;      0.04;          ;     669.08;    0.193874;     -101.579077;     -101.385203;     -101.370848;      0.10;     1494.77
       212;         53.0;       ;      0.04;          ;     665.60;    0.192865;     -101.579517;     -101.386652;     -101.370840;      0.12;     1546.87
       213;         53.2;       ;      0.04;          ;     661.55;    0.191693;     -101.580217;     -101.388524;     -101.370834;      0.13;     1594.82
       214;         53.5;       ;      0.04;          ;     667.41;    0.193392;     -101.581283;     -101.387891;     -101.370829;      0.14;     1638.53
       215;         53.8;       ;      0.04;          ;     673.78;    0.195235;     -101.582802;     -101.387567;     -101.370826;      0.14;     1678.34
       216;         54.0;       ;      0.04;          ;     674.99;    0.195586;     -101.584813;     -101.389227;     -101.370826;      0.14;     1714.31
       217;         54.2;       ;      0.04;          ;     684.36;    0.198303;     -101.587297;     -101.388994;     -101.370830;      0.13;     1746.46
       218;         54.5;       ;      0.05;          ;     693.94;    0.201078;     -101.590202;     -101.389124;     -101.370838;      0.12;     1775.22
       219;         54.8;       ;      0.05;          ;     703.70;    0.203907;     -101.593416;     -101.389510;     -101.370847;      0.11;     1800.91
       220;         55.0;       ;      0.04;          ;     716.74;    0.207685;     -101.596790;     -101.389105;     -101.370858;      0.09;     1823.90
       221;         55.2;       ;      0.04;          ;     726.11;    0.210401;     -101.600161;     -101.389760;     -101.370868;      0.07;     1844.65
       222;         55.5;       ;      0.04;          ;     736.59;    0.213438;     -101.603350;     -101.389913;     -101.370878;      0.05;     1863.57
       223;         55.8;       ;      0.05;          ;     749.55;    0.217193;     -101.606213;     -101.389020;     -101.370885;      0.04;     1881.15
       224;         56.0;       ;      0.04;          ;     754.20;    0.218540;     -101.608639;     -101.390099;     -101.370890;      0.03;     1897.90
       225;         56.2;       ;      0.04;          ;     761.61;    0.220686;     -101.610550;     -101.389864;     -101.370891;      0.03;     1914.16
       226;         56.5;       ;      0.05;          ;     765.39;    0.221781;     -101.611944;     -101.390162;     -101.370888;      0.03;     1930.37
       227;         56.8;       ;      0.04;          ;     773.45;    0.224117;     -101.612868;     -101.388751;     -101.370881;      0.05;     1946.83
       228;         57.0;       ;      0.04;          ;     771.25;    0.223480;     -101.613429;     -101.389948;     -101.370872;      0.06;     1963.85
       229;         57.2;       ;      0.05;          ;     768.20;    0.222596;     -101.613762;     -101.391165;     -101.370862;      0.08;     1981.47
       230;         57.5;       ;      0.04;          ;     769.58;    0.222995;     -101.614029;     -101.391034;     -101.370853;      0.10;     1999.73
       231;         57.8;       ;      0.04;          ;     770.06;    0.223134;     -101.614386;     -101.391252;     -101.370844;      0.11;     2018.60
       232;         58.0;       ;      0.04;          ;     766.76;    0.222179;     -101.614965;     -101.392786;     -101.370839;      0.12;     2037.89
       233;         58.2;       ;      0.05;          ;     767.22;    0.222312;     -101.615855;     -101.393543;     -101.370836;      0.12;     2057.26
       234;         58.5;       ;      0.03;          ;     765.46;    0.221803;     -101.617103;     -101.395300;     -101.370836;      0.12;     2076.37
       235;         58.8;       ;      0.04;          ;     767.71;    0.222455;     -101.618704;     -101.396249;     -101.370839;      0.12;     2094.73
       236;         59.0;       ;      0.04;          ;     771.20;    0.223464;     -101.620611;     -101.397147;     -101.370844;      0.11;     2111.86
       237;         59.2;       ;      0.04;          ;     781.70;    0.226507;     -101.622740;     -101.396233;     -101.370851;      0.10;     2127.22
       238;         59.5;       ;      0.04;          ;     789.65;    0.228812;     -101.624989;     -101.396177;     -101.370859;      0.09;     2140.29
       239;         59.8;       ;      0.04;          ;     798.49;    0.231374;     -101.627234;     -101.395860;     -101.370866;      0.07;     2150.46
       240;         60.0;       ;      0.04;          ;     799.88;    0.231776;     -101.629356;     -101.397580;     -101.370872;      0.06;     2157.19
       241;         60.2;       ;      0.04;          ;     811.21;    0.235058;     -101.631245;     -101.396187;     -101.370877;      0.05;     2159.92
       242;         60.5;       ;      0.04;          ;     813.82;    0.235814;     -101.632830;     -101.397016;     -101.370881;      0.05;     2158.19
       243;         60.8;       ;      0.04;          ;     822.84;    0.238430;     -101.634049;     -101.395619;     -101.370882;      0.04;     2151.60
       244;         61.0;       ;      0.05;          ;     821.95;    0.238169;     -101.634887;     -101.396717;     -101.370881;      0.05;     2139.77
       245;         61.2;       ;      0.04;          ;     825.62;    0.239235;     -101.635352;     -101.396117;     -101.370878;      0.05;     2122.50
       246;         61.5;       ;      0.04;          ;     820.45;    0.237736;     -101.635496;     -101.397760;     -101.370873;      0.06;     2099.55
       247;         61.8;       ;      0.04;          ;     819.97;    0.237597;     -101.635398;     -101.397801;     -101.370867;      0.07;     2070.95
       248;         62.0;       ;      0.04;          ;     820.03;    0.237615;     -101.635161;     -101.397547;     -101.370859;      0.08;     2036.60
       249;         62.2;       ;      0.04;          ;     823.96;    0.238752;     -101.634903;     -101.396150;     -101.370852;      0.10;     1996.57
       250;         62.5;       ;      0.04;          ;     820.42;    0.237726;     -101.634737;     -101.397010;     -101.370846;      0.11;     1950.93
       251;         62.8;       ;      0.04;          ;     821.94;    0.238168;     -101.634774;     -101.396606;     -101.370840;      0.12;     1900.15
       252;         63.0;       ;      0.04;          ;     815.92;    0.236422;     -101.635104;     -101.398682;     -101.370837;      0.12;     1844.42
       253;         63.2;       ;      0.04;          ;     820.95;    0.237882;     -101.635781;     -101.397899;     -101.370837;      0.12;     1784.46
       254;         63.5;       ;      0.04;          ;     828.32;    0.240016;     -101.636825;     -101.396810;     -101.370839;      0.12;     1720.35
       255;         63.8;       ;      0.04;          ;     833.85;    0.241618;     -101.638214;     -101.396596;     -101.370842;      0.11;     1652.54
       256;         64.0;       ;      0.04;          ;     839.95;    0.243388;     -101.639895;     -101.396507;     -101.370846;      0.11;     1581.70
       257;         64.2;       ;      0.04;          ;     848.06;    0.245735;     -101.641809;     -101.396074;     -101.370848;      0.10;     1508.38
       258;         64.5;       ;      0.04;          ;     853.83;    0.247409;     -101.643902;     -101.396494;     -101.370851;      0.10;     1433.08
       259;         64.8;       ;      0.04;          ;     859.65;    0.249094;     -101.646103;     -101.397009;     -101.370856;      0.09;     1356.47
       260;         65.0;       ;      0.04;          ;     869.97;    0.252086;     -101.648319;     -101.396233;     -101.370863;      0.08;     1279.07
       261;         65.2;       ;      0.04;          ;     879.46;    0.254834;     -101.650448;     -101.395614;     -101.370870;      0.07;     1201.13
       262;         65.5;       ;      0.04;          ;     888.08;    0.257332;     -101.652395;     -101.395062;     -101.370874;      0.06;     1123.10
       263;         65.8;       ;      0.04;          ;     901.19;    0.261132;     -101.654095;     -101.392963;     -101.370876;      0.06;     1045.31
       264;         66.0;       ;      0.04;          ;     900.77;    0.261010;     -101.655537;     -101.394527;     -101.370874;      0.06;      973.30
       265;         66.2;       ;      0.04;          ;     905.95;    0.262510;     -101.656740;     -101.394230;     -101.370870;      0.07;      912.69
       266;         66.5;       ;      0.04;          ;     911.68;    0.264170;     -101.657778;     -101.393607;     -101.370864;      0.08;      851.06
       267;         66.8;       ;      0.04;          ;     915.44;    0.265262;     -101.658738;     -101.393476;     -101.370859;      0.08;      788.22
       268;         67.0;       ;      0.04;          ;     919.78;    0.266519;     -101.659704;     -101.393185;     -101.370854;      0.09;      724.07
       269;         67.2;       ;      0.04;          ;     925.76;    0.268250;     -101.660751;     -101.392500;     -101.370851;      0.10;      658.44
       270;         67.5;       ;      0.03;          ;     924.05;    0.267755;     -101.661928;     -101.394173;     -101.370850;      0.10;      591.12
       271;         67.8;       ;      0.04;          ;     928.25;    0.268974;     -101.663255;     -101.394281;     -101.370850;      0.10;      522.28
       272;         68.0;       ;      0.04;          ;     931.24;    0.269840;     -101.664734;     -101.394894;     -101.370852;      0.10;      451.61
       273;         68.2;       ;      0.04;          ;     930.61;    0.269657;     -101.666338;     -101.396682;     -101.370855;      0.09;      379.12
       274;         68.5;       ;      0.04;          ;     939.12;    0.272124;     -101.668026;     -101.395902;     -101.370858;      0.09;      304.98
       275;         68.8;       ;      0.03;          ;     942.06;    0.272975;     -101.669759;     -101.396784;     -101.370861;      0.08;      228.89
       276;         69.0;       ;      0.04;          ;     949.77;    0.275208;     -101.671486;     -101.396278;     -101.370864;      0.08;      151.20
       277;         69.2;       ;      0.03;          ;     959.80;    0.278113;     -101.673166;     -101.395053;     -101.370867;      0.07;       71.88
       278;         69.5;       ;      0.04;          ;     958.19;    0.277648;     -101.674755;     -101.397107;     -101.370869;      0.07;       50.94
       279;         69.8;       ;      0.04;          ;     969.63;    0.280963;     -101.676202;     -101.395239;     -101.370872;      0.06;       45.23
       280;         70.0;       ;      0.04;          ;     972.60;    0.281823;     -101.677477;     -101.395654;     -101.370875;      0.06;       39.91
       281;         70.2;       ;      0.04;          ;     970.36;    0.281175;     -101.678534;     -101.397359;     -101.370876;      0.05;       35.34
       282;         70.5;       ;      0.04;          ;     972.02;    0.281656;     -101.679349;     -101.397693;     -101.370878;      0.05;       31.86
       283;         70.8;       ;      0.04;          ;     974.50;    0.282375;     -101.679905;     -101.397530;     -101.370879;      0.05;       29.72
       284;         71.0;       ;      0.03;          ;     973.28;    0.282022;     -101.680197;     -101.398175;     -101.370878;      0.05;       29.15
       285;         71.2;       ;      0.04;          ;     981.73;    0.284470;     -101.680240;     -101.395770;     -101.370876;      0.06;       30.30
       286;         71.5;       ;      0.04;          ;     985.17;    0.285465;     -101.680066;     -101.394601;     -101.370872;      0.06;       33.28
       287;         71.8;       ;      0.04;          ;     979.69;    0.283878;     -101.679734;     -101.395855;     -101.370867;      0.07;       38.12
       288;         72.0;       ;      0.04;          ;     978.91;    0.283653;     -101.679327;     -101.395674;     -101.370861;      0.08;       44.74
       289;         72.2;       ;      0.04;          ;     977.71;    0.283304;     -101.678944;     -101.395640;     -101.370855;      0.09;       53.04
       290;         72.5;       ;      0.04;          ;     982.78;    0.284773;     -101.678683;     -101.393910;     -101.370849;      0.10;       62.83
       291;         72.8;       ;      0.03;          ;     979.01;    0.283681;     -101.678625;     -101.394944;     -101.370846;      0.11;       73.92
       292;         73.0;       ;      0.03;          ;     978.76;    0.283608;     -101.678825;     -101.395218;     -101.370845;      0.11;       85.93
       293;         73.2;       ;      0.04;          ;     976.35;    0.282909;     -101.679304;     -101.396395;     -101.370846;      0.11;       98.57
       294;         73.5;       ;      0.04;          ;     970.13;    0.281109;     -101.680034;     -101.398925;     -101.370851;      0.10;      111.43
       295;         73.8;       ;      0.04;          ;     970.22;    0.281135;     -101.680947;     -101.399812;     -101.370857;      0.09;      124.11
       296;         74.0;       ;      0.04;          ;     980.28;    0.284048;     -101.681948;     -101.397901;     -101.370865;      0.07;      136.26
       297;         74.2;       ;      0.04;          ;     982.29;    0.284630;     -101.682929;     -101.398298;     -101.370872;      0.06;      147.58
       298;         74.5;       ;      0.04;          ;     985.62;    0.285597;     -101.683777;     -101.398180;     -101.370877;      0.05;      157.65
       299;         74.8;       ;      0.03;          ;     981.36;    0.284362;     -101.684416;     -101.400055;     -101.370880;      0.05;      166.17
       300;         75.0;       ;      0.03;          ;     988.89;    0.286543;     -101.684804;     -101.398261;     -101.370880;      0.05;      172.84
       301;         75.2;       ;      0.04;          ;     984.74;    0.285341;     -101.684946;     -101.399605;     -101.370877;      0.05;      177.45
       302;         75.5;       ;      0.03;          ;     986.04;    0.285719;     -101.684889;     -101.399170;     -101.370872;      0.06;      179.83
       303;         75.8;       ;      0.04;          ;     985.53;    0.285569;     -101.684710;     -101.399141;     -101.370866;      0.07;      179.86
       304;         76.0;       ;      0.03;          ;     978.29;    0.283471;     -101.684503;     -101.401031;     -101.370860;      0.08;      177.49
       305;         76.2;       ;      0.03;          ;     979.74;    0.283893;     -101.684368;     -101.400475;     -101.370855;      0.09;      172.73
       306;         76.5;       ;      0.03;          ;     979.56;    0.283839;     -101.684381;     -101.400542;     -101.370852;      0.10;      165.63
       307;         76.8;       ;      0.04;          ;     983.62;    0.285016;     -101.684589;     -101.399573;     -101.370851;      0.10;      156.33
       308;         77.0;       ;      0.04;          ;     985.08;    0.285441;     -101.685011;     -101.399570;     -101.370852;      0.10;      145.00
       309;         77.2;       ;      0.03;          ;     989.74;    0.286789;     -101.685631;     -101.398841;     -101.370854;      0.09;      131.91
       310;         77.5;       ;      0.03;          ;     991.44;    0.287283;     -101.686408;     -101.399124;     -101.370858;      0.09;      117.34
       311;         77.8;       ;      0.04;          ;     984.29;    0.285212;     -101.687281;     -101.402069;     -101.370862;      0.08;      101.67
       312;         78.0;       ;      0.03;          ;     988.32;    0.286378;     -101.688188;     -101.401810;     -101.370866;      0.07;       85.36
       313;         78.2;       ;      0.03;          ;     981.59;    0.284428;     -101.689074;     -101.404646;     -101.370870;      0.07;       68.72
       314;         78.5;       ;      0.04;          ;     971.22;    0.281423;     -101.689880;     -101.408457;     -101.370873;      0.06;       52.24
       315;         78.8;       ;      0.03;          ;     968.83;    0.280730;     -101.690569;     -101.409839;     -101.370875;      0.06;       36.37
       316;         79.0;       ;      0.03;          ;     973.33;    0.282034;     -101.691116;     -101.409082;     -101.370876;      0.05;       21.41
       317;         79.2;       ;      0.03;          ;     969.53;    0.280935;     -101.691504;     -101.410570;     -101.370877;      0.05;        7.67
       318;         79.5;       ;      0.03;          ;     964.03;    0.279341;     -101.691720;     -101.412380;     -101.370878;      0.05;        0.00
       319;         79.8;       ;      0.03;          ;     959.38;    0.277993;     -101.691764;     -101.413771;     -101.370878;      0.05;        0.00
       320;         80.0;       ;      0.04;          ;     963.33;    0.279138;     -101.691637;     -101.412499;     -101.370878;      0.05;        0.00
       321;         80.2;       ;      0.04;          ;     956.24;    0.277082;     -101.691337;     -101.414256;     -101.370879;      0.05;        0.00
       322;         80.5;       ;      0.04;          ;     945.53;    0.273979;     -101.690866;     -101.416887;     -101.370879;      0.05;        0.00
       323;         80.8;       ;      0.03;          ;     946.34;    0.274215;     -101.690231;     -101.416015;     -101.370879;      0.05;        0.00
       324;         81.0;       ;      0.04;          ;     945.52;    0.273976;     -101.689436;     -101.415459;     -101.370878;      0.05;        0.00
       325;         81.2;       ;      0.03;          ;     945.27;    0.273905;     -101.688495;     -101.414589;     -101.370876;      0.05;        0.00
       326;         81.5;       ;      0.03;          ;     938.81;    0.272033;     -101.687434;     -101.415401;     -101.370874;      0.06;        0.00
       327;         81.8;       ;      0.04;          ;     936.76;    0.271439;     -101.686292;     -101.414854;     -101.370871;      0.06;        0.00
       328;         82.0;       ;      0.04;          ;     931.97;    0.270052;     -101.685113;     -101.415061;     -101.370869;      0.07;        0.00
       329;         82.2;       ;      0.04;          ;     927.57;    0.268774;     -101.683936;     -101.415162;     -101.370867;      0.07;        0.00
       330;         82.5;       ;      0.04;          ;     919.63;    0.266476;     -101.682793;     -101.416317;     -101.370866;      0.07;        0.00
       331;         82.8;       ;      0.03;          ;     919.41;    0.266412;     -101.681697;     -101.415285;     -101.370867;      0.07;        2.00
       332;         83.0;       ;      0.04;          ;     909.13;    0.263434;     -101.680625;     -101.417191;     -101.370870;      0.07;        8.66
       333;         83.2;       ;      0.04;          ;     902.55;    0.261526;     -101.679545;     -101.418019;     -101.370873;      0.06;       14.49
       334;         83.5;       ;      0.04;          ;     901.67;    0.261271;     -101.678404;     -101.417133;     -101.370877;      0.05;       19.17
       335;         83.8;       ;      0.04;          ;     899.72;    0.260706;     -101.677138;     -101.416432;     -101.370881;      0.05;       22.38
       336;         84.0;       ;      0.04;          ;     893.54;    0.258916;     -101.675698;     -101.416783;     -101.370883;      0.04;       23.83
       337;         84.2;       ;      0.03;          ;     891.65;    0.258368;     -101.674058;     -101.415689;     -101.370882;      0.04;       23.29
       338;         84.5;       ;      0.03;          ;     879.15;    0.254746;     -101.672212;     -101.417466;     -101.370880;      0.05;       20.56
       339;         84.8;       ;      0.03;          ;     867.14;    0.251265;     -101.670204;     -101.418939;     -101.370877;      0.05;       15.53
       340;         85.0;       ;      0.03;          ;     855.70;    0.247950;     -101.668092;     -101.420143;     -101.370872;      0.06;        8.16
       341;         85.2;       ;      0.03;          ;     845.13;    0.244889;     -101.665950;     -101.421061;     -101.370868;      0.07;        0.00
       342;         85.5;       ;      0.04;          ;     838.92;    0.243087;     -101.663851;     -101.420764;     -101.370863;      0.08;        0.00
       343;         85.8;       ;      0.04;          ;     825.74;    0.239270;     -101.661860;     -101.422590;     -101.370860;      0.08;        0.00
       344;         86.0;       ;      0.03;          ;     818.41;    0.237144;     -101.660043;     -101.422899;     -101.370857;      0.09;        0.00
       345;         86.2;       ;      0.03;          ;     814.71;    0.236073;     -101.658435;     -101.422362;     -101.370855;      0.09;        0.00
       346;         86.5;       ;      0.04;          ;     811.22;    0.235061;     -101.657056;     -101.421995;     -101.370855;      0.09;        0.00
       347;         86.8;       ;      0.04;          ;     800.36;    0.231915;     -101.655908;     -101.423994;     -101.370856;      0.09;        0.00
       348;         87.0;       ;      0.03;          ;     795.47;    0.230497;     -101.654990;     -101.424493;     -101.370857;      0.09;        0.00
       349;         87.2;       ;      0.03;          ;     788.56;    0.228495;     -101.654279;     -101.425784;     -101.370859;      0.08;        0.00
       350;         87.5;       ;      0.04;          ;     784.64;    0.227360;     -101.653749;     -101.426389;     -101.370862;      0.08;        0.00
       351;         87.8;       ;      0.04;          ;     785.15;    0.227509;     -101.653366;     -101.425858;     -101.370864;      0.08;        0.00
       352;         88.0;       ;      0.04;          ;     791.62;    0.229381;     -101.653097;     -101.423716;     -101.370866;      0.07;        0.00
       353;         88.2;       ;      0.04;          ;     785.41;    0.227582;     -101.652904;     -101.425322;     -101.370868;      0.07;        0.00
       354;         88.5;       ;      0.04;          ;     787.91;    0.228309;     -101.652754;     -101.424445;     -101.370870;      0.07;        0.00
       355;         88.8;       ;      0.04;          ;     782.30;    0.226683;     -101.652620;     -101.425936;     -101.370872;      0.06;        0.00
       356;         89.0;       ;      0.03;          ;     770.64;    0.223302;     -101.652478;     -101.429175;     -101.370873;      0.06;        0.00
       357;         89.2;       ;      0.04;          ;     770.15;    0.223161;     -101.652314;     -101.429154;     -101.370875;      0.06;        0.00
       358;         89.5;       ;      0.03;          ;     765.25;    0.221741;     -101.652119;     -101.430378;     -101.370875;      0.06;        0.00
       359;         89.8;       ;      0.04;          ;     761.25;    0.220582;     -101.651889;     -101.431307;     -101.370875;      0.06;        0.00
       360;         90.0;       ;      0.04;          ;     758.03;    0.219648;     -101.651631;     -101.431983;     -101.370875;      0.06;        0.00
       361;         90.2;       ;      0.04;          ;     755.72;    0.218979;     -101.651361;     -101.432381;     -101.370873;      0.06;        0.00
       362;         90.5;       ;      0.04;          ;     750.26;    0.217397;     -101.651107;     -101.433709;     -101.370871;      0.06;        0.00
       363;         90.8;       ;      0.04;          ;     750.80;    0.217555;     -101.650904;     -101.433349;     -101.370869;      0.07;        0.00
       364;         91.0;       ;      0.04;          ;     748.95;    0.217017;     -101.650793;     -101.433777;     -101.370867;      0.07;        0.00
       365;         91.2;       ;      0.04;          ;     749.19;    0.217088;     -101.650816;     -101.433728;     -101.370864;      0.07;        0.00
       366;         91.5;       ;      0.04;          ;     747.44;    0.216579;     -101.651006;     -101.434427;     -101.370863;      0.08;        0.00
       367;         91.8;       ;      0.03;          ;     753.23;    0.218258;     -101.651380;     -101.433122;     -101.370864;      0.08;        0.00
       368;         92.0;       ;      0.04;          ;     752.51;    0.218050;     -101.651931;     -101.433881;     -101.370866;      0.07;        0.00
       369;         92.2;       ;      0.04;          ;     755.60;    0.218945;     -101.652622;     -101.433678;     -101.370870;      0.07;        0.00
       370;         92.5;       ;      0.04;          ;     756.52;    0.219212;     -101.653394;     -101.434182;     -101.370875;      0.06;        0.00
       371;         92.8;       ;      0.04;          ;     754.26;    0.218555;     -101.654165;     -101.435610;     -101.370881;      0.05;        0.00
       372;         93.0;       ;      0.04;          ;     757.13;    0.219387;     -101.654846;     -101.435459;     -101.370886;      0.04;        0.00
       373;         93.2;       ;      0.04;          ;     755.47;    0.218908;     -101.655361;     -101.436454;     -101.370889;      0.03;        0.00
       374;         93.5;       ;      0.04;          ;     756.37;    0.219167;     -101.655651;     -101.436484;     -101.370891;      0.03;        0.00
       375;         93.8;       ;      0.04;          ;     758.05;    0.219656;     -101.655695;     -101.436038;     -101.370890;      0.03;        0.00
       376;         94.0;       ;      0.04;          ;     753.84;    0.218434;     -101.655504;     -101.437071;     -101.370887;      0.04;        0.00
       377;         94.2;       ;      0.04;          ;     751.76;    0.217833;     -101.655127;     -101.437294;     -101.370882;      0.04;        0.00
       378;         94.5;       ;      0.04;          ;     752.37;    0.218010;     -101.654634;     -101.436624;     -101.370877;      0.05;        0.00
       379;         94.8;       ;      0.03;          ;     753.59;    0.218361;     -101.654104;     -101.435742;     -101.370871;      0.06;        0.00
       380;         95.0;       ;      0.04;          ;     749.61;    0.217210;     -101.653617;     -101.436407;     -101.370867;      0.07;        0.00
       381;         95.2;       ;      0.04;          ;     746.98;    0.216447;     -101.653248;     -101.436802;     -101.370863;      0.08;        0.00
       382;         95.5;       ;      0.04;          ;     746.88;    0.216418;     -101.653055;     -101.436637;     -101.370861;      0.08;        0.00
       383;         95.8;       ;      0.04;          ;     738.97;    0.214128;     -101.653075;     -101.438947;     -101.370860;      0.08;        0.00
       384;         96.0;       ;      0.04;          ;     738.36;    0.213951;     -101.653327;     -101.439376;     -101.370859;      0.08;        0.00
       385;         96.2;       ;      0.03;          ;     736.69;    0.213467;     -101.653816;     -101.440349;     -101.370860;      0.08;        0.00
       386;         96.5;       ;      0.04;          ;     733.80;    0.212628;     -101.654528;     -101.441901;     -101.370862;      0.08;        0.00
       387;         96.8;       ;      0.03;          ;     734.99;    0.212974;     -101.655439;     -101.442465;     -101.370864;      0.08;        0.00
       388;         97.0;       ;      0.04;          ;     737.74;    0.213771;     -101.656520;     -101.442749;     -101.370866;      0.07;        0.00
       389;         97.2;       ;      0.04;          ;     739.19;    0.214191;     -101.657738;     -101.443547;     -101.370868;      0.07;        0.00
       390;         97.5;       ;      0.04;          ;     743.48;    0.215433;     -101.659054;     -101.443621;     -101.370871;      0.06;        0.00
       391;         97.8;       ;      0.03;          ;     746.44;    0.216290;     -101.660433;     -101.444143;     -101.370873;      0.06;        0.00
       392;         98.0;       ;      0.03;          ;     749.12;    0.217067;     -101.661835;     -101.444768;     -101.370875;      0.06;        0.00
       393;         98.2;       ;      0.03;          ;     753.45;    0.218321;     -101.663225;     -101.444904;     -101.370878;      0.05;        0.00
       394;         98.5;       ;      0.04;          ;     759.02;    0.219935;     -101.664570;     -101.444636;     -101.370880;      0.05;       22.68
       395;         98.8;       ;      0.04;          ;     759.20;    0.219989;     -101.665842;     -101.445853;     -101.370882;      0.05;       47.48
       396;         99.0;       ;      0.04;          ;     758.24;    0.219711;     -101.667016;     -101.447305;     -101.370883;      0.04;       72.61
       397;         99.2;       ;      0.03;          ;     756.07;    0.219082;     -101.668083;     -101.449001;     -101.370883;      0.04;       97.99
       398;         99.5;       ;      0.04;          ;     759.79;    0.220159;     -101.669051;     -101.448892;     -101.370881;      0.05;      123.53
       399;         99.8;       ;      0.03;          ;     764.69;    0.221579;     -101.669950;     -101.448371;     -101.370879;      0.05;      149.21
       400;        100.0;       ;      0.03;          ;     765.81;    0.221904;     -101.670815;     -101.448911;     -101.370876;      0.05;      174.92
       401;        100.2;       ;      0.03;          ;     772.41;    0.223815;     -101.671694;     -101.447879;     -101.370873;      0.06;      200.40
       402;        100.5;       ;      0.03;          ;     780.45;    0.226146;     -101.672643;     -101.446496;     -101.370870;      0.07;      225.55
       403;        100.8;       ;      0.03;          ;     779.53;    0.225878;     -101.673704;     -101.447825;     -101.370868;      0.07;      250.19
       404;        101.0;       ;      0.03;          ;     779.57;    0.225891;     -101.674897;     -101.449007;     -101.370868;      0.07;      273.93
       405;        101.2;       ;      0.03;          ;     780.28;    0.226095;     -101.676229;     -101.450133;     -101.370870;      0.07;      296.56
       406;        101.5;       ;      0.04;          ;     782.79;    0.226825;     -101.677670;     -101.450845;     -101.370874;      0.06;      317.88
       407;        101.8;       ;      0.04;          ;     785.06;    0.227481;     -101.679157;     -101.451676;     -101.370880;      0.05;      337.70
       408;        102.0;       ;      0.04;          ;     786.75;    0.227971;     -101.680600;     -101.452629;     -101.370887;      0.04;      355.83
       409;        102.2;       ;      0.04;          ;     792.08;    0.229515;     -101.681895;     -101.452380;     -101.370894;      0.02;      372.12
       410;        102.5;       ;      0.04;          ;     799.62;    0.231701;     -101.682942;     -101.451241;     -101.370899;      0.01;      386.49
       411;        102.8;       ;      0.03;          ;     800.68;    0.232006;     -101.683655;     -101.451649;     -101.370903;      0.01;      398.87
       412;        103.0;       ;      0.03;          ;     797.39;    0.231055;     -101.683973;     -101.452919;     -101.370904;      0.01;      409.18
       413;        103.2;       ;      0.04;          ;     792.12;    0.229528;     -101.683884;     -101.454355;     -101.370902;      0.01;      417.38
       414;        103.5;       ;      0.03;          ;     784.65;    0.227361;     -101.683415;     -101.456054;     -101.370899;      0.02;      423.53
       415;        103.8;       ;      0.03;          ;     779.40;    0.225841;     -101.682629;     -101.456788;     -101.370894;      0.02;      427.70
       416;        104.0;       ;      0.03;          ;     774.43;    0.224402;     -101.681607;     -101.457205;     -101.370888;      0.03;      430.02
       417;        104.2;       ;      0.04;          ;     770.05;    0.223131;     -101.680438;     -101.457307;     -101.370883;      0.04;      430.66
       418;        104.5;       ;      0.03;          ;     764.75;    0.221596;     -101.679205;     -101.457608;     -101.370878;      0.05;      429.82
       419;        104.8;       ;      0.04;          ;     759.55;    0.220089;     -101.677977;     -101.457887;     -101.370875;      0.06;      427.74
       420;        105.0;       ;      0.04;          ;     747.30;    0.216539;     -101.676801;     -101.460262;     -101.370874;      0.06;      424.66
       421;        105.2;       ;      0.04;          ;     741.96;    0.214993;     -101.675709;     -101.460716;     -101.370874;      0.06;      420.89
       422;        105.5;       ;      0.04;          ;     734.05;    0.212701;     -101.674704;     -101.462003;     -101.370874;      0.06;      416.70
       423;        105.8;       ;      0.04;          ;     733.09;    0.212423;     -101.673784;     -101.461361;     -101.370875;      0.06;      412.40
       424;        106.0;       ;      0.04;          ;     734.57;    0.212850;     -101.672928;     -101.460078;     -101.370876;      0.05;      408.26
       425;        106.2;       ;      0.03;          ;     731.79;    0.212045;     -101.672118;     -101.460074;     -101.370877;      0.05;      404.57
       426;        106.5;       ;      0.03;          ;     728.08;    0.210970;     -101.671343;     -101.460374;     -101.370877;      0.05;      401.61
       427;        106.8;       ;      0.03;          ;     720.12;    0.208663;     -101.670598;     -101.461935;     -101.370877;      0.05;      399.64
       428;        107.0;       ;      0.04;          ;     716.10;    0.207499;     -101.669888;     -101.462389;     -101.370877;      0.05;      398.87
       429;        107.2;       ;      0.03;          ;     710.11;    0.205764;     -101.669219;     -101.463455;     -101.370877;      0.05;      399.48
       430;        107.5;       ;      0.03;          ;     709.16;    0.205487;     -101.668595;     -101.463108;     -101.370877;      0.05;      401.62
       431;        107.8;       ;      0.03;          ;     705.68;    0.204481;     -101.668017;     -101.463537;     -101.370877;      0.05;      405.37
       432;        108.0;       ;      0.03;          ;     702.97;    0.203696;     -101.667485;     -101.463789;     -101.370877;      0.05;      410.80
       433;        108.2;       ;      0.04;          ;     706.03;    0.204581;     -101.666995;     -101.462414;     -101.370878;      0.05;      417.90
       434;        108.5;       ;      0.03;          ;     699.71;    0.202751;     -101.666538;     -101.463786;     -101.370878;      0.05;      426.68
       435;        108.8;       ;      0.04;          ;     696.92;    0.201942;     -101.666115;     -101.464172;     -101.370878;      0.05;      436.98
       436;        109.0;       ;      0.04;          ;     697.98;    0.202248;     -101.665736;     -101.463488;     -101.370876;      0.05;      448.70
       437;        109.2;       ;      0.03;          ;     698.21;    0.202316;     -101.665421;     -101.463105;     -101.370874;      0.06;      461.72
       438;        109.5;       ;      0.04;          ;     695.09;    0.201412;     -101.665205;     -101.463792;     -101.370871;      0.06;      475.84
       439;        109.8;       ;      0.03;          ;     695.59;    0.201557;     -101.665137;     -101.463580;     -101.370867;      0.07;      490.81
       440;        110.0;       ;      0.04;          ;     697.83;    0.202205;     -101.665275;     -101.463070;     -101.370864;      0.08;      506.42
       441;        110.2;       ;      0.03;          ;     701.69;    0.203323;     -101.665669;     -101.462346;     -101.370861;      0.08;      522.45
       442;        110.5;       ;      0.04;          ;     703.02;    0.203710;     -101.666355;     -101.462645;     -101.370861;      0.08;      538.66
       443;        110.8;       ;      0.03;          ;     702.93;    0.203682;     -101.667343;     -101.463661;     -101.370862;      0.08;      554.78
       444;        111.0;       ;      0.04;          ;     699.92;    0.202812;     -101.668608;     -101.465797;     -101.370865;      0.07;      570.54
       445;        111.2;       ;      0.04;          ;     706.00;    0.204572;     -101.670092;     -101.465519;     -101.370871;      0.06;      585.70
       446;        111.5;       ;      0.04;          ;     713.09;    0.206629;     -101.671716;     -101.465087;     -101.370878;      0.05;      600.14
       447;        111.8;       ;      0.04;          ;     720.14;    0.208669;     -101.673375;     -101.464706;     -101.370885;      0.04;      613.72
       448;        112.0;       ;      0.04;          ;     725.26;    0.210153;     -101.674960;     -101.464808;     -101.370891;      0.03;      626.30
       449;        112.2;       ;      0.03;          ;     721.18;    0.208971;     -101.676376;     -101.467405;     -101.370896;      0.02;      652.52
       450;        112.5;       ;      0.04;          ;     724.36;    0.209892;     -101.677553;     -101.467661;     -101.370898;      0.02;      722.17
       451;        112.8;       ;      0.04;          ;     718.06;    0.208068;     -101.678476;     -101.470408;     -101.370897;      0.02;      784.08
       452;        113.0;       ;      0.03;          ;     724.66;    0.209979;     -101.679157;     -101.469178;     -101.370895;      0.02;      837.56
       453;        113.2;       ;      0.03;          ;     727.35;    0.210758;     -101.679647;     -101.468888;     -101.370891;      0.03;      882.94
       454;        113.5;       ;      0.04;          ;     729.74;    0.211453;     -101.680006;     -101.468553;     -101.370886;      0.04;      920.12
       455;        113.8;       ;      0.04;          ;     735.78;    0.213202;     -101.680304;     -101.467102;     -101.370882;      0.04;      949.28
       456;        114.0;       ;      0.03;          ;     743.00;    0.215295;     -101.680604;     -101.465309;     -101.370880;      0.05;      970.86
       457;        114.2;       ;      0.04;          ;     742.96;    0.215283;     -101.680946;     -101.465662;     -101.370878;      0.05;      985.41
       458;        114.5;       ;      0.03;          ;     739.15;    0.214179;     -101.681351;     -101.467172;     -101.370878;      0.05;      993.57
       459;        114.8;       ;      0.03;          ;     739.03;    0.214145;     -101.681825;     -101.467680;     -101.370879;      0.05;      996.19
       460;        115.0;       ;      0.03;          ;     740.45;    0.214555;     -101.682358;     -101.467803;     -101.370881;      0.05;      994.31
       461;        115.2;       ;      0.04;          ;     742.56;    0.215167;     -101.682929;     -101.467763;     -101.370883;      0.04;      989.06
       462;        115.5;       ;      0.04;          ;     742.96;    0.215283;     -101.683515;     -101.468231;     -101.370884;      0.04;      981.64
       463;        115.8;       ;      0.04;          ;     750.66;    0.217515;     -101.684097;     -101.466583;     -101.370885;      0.04;      973.34
       464;        116.0;       ;      0.04;          ;     752.59;    0.218072;     -101.684669;     -101.466596;     -101.370885;      0.04;      965.42
       465;        116.2;       ;      0.03;          ;     752.43;    0.218025;     -101.685225;     -101.467199;     -101.370884;      0.04;      959.18
       466;        116.5;       ;      0.03;          ;     756.83;    0.219301;     -101.685771;     -101.466470;     -101.370883;      0.04;      955.84
       467;        116.8;       ;      0.04;          ;     761.61;    0.220686;     -101.686318;     -101.465632;     -101.370883;      0.04;      956.48
       468;        117.0;       ;      0.04;          ;     760.58;    0.220389;     -101.686869;     -101.466480;     -101.370883;      0.04;      962.01
       469;        117.2;       ;      0.04;          ;     765.04;    0.221680;     -101.687421;     -101.465742;     -101.370883;      0.04;      973.13
       470;        117.5;       ;      0.03;          ;     766.42;    0.222081;     -101.687967;     -101.465885;     -101.370884;      0.04;      990.33
       471;        117.8;       ;      0.03;          ;     771.70;    0.223609;     -101.688487;     -101.464878;     -101.370886;      0.04;     1013.74
       472;        118.0;       ;      0.04;          ;     772.41;    0.223817;     -101.688962;     -101.465145;     -101.370887;      0.04;     1043.30
       473;        118.2;       ;      0.03;          ;     767.26;    0.222324;     -101.689373;     -101.467049;     -101.370887;      0.04;     1078.50
       474;        118.5;       ;      0.03;          ;     759.36;    0.220035;     -101.689713;     -101.469678;     -101.370887;      0.04;     1118.49
       475;        118.8;       ;      0.03;          ;     758.85;    0.219885;     -101.689998;     -101.470112;     -101.370885;      0.04;     1162.24
       476;        119.0;       ;      0.03;          ;     758.78;    0.219867;     -101.690255;     -101.470388;     -101.370882;      0.04;     1208.78
       477;        119.2;       ;      0.04;          ;     762.46;    0.220932;     -101.690522;     -101.469590;     -101.370879;      0.05;     1256.84
       478;        119.5;       ;      0.04;          ;     764.98;    0.221662;     -101.690846;     -101.469183;     -101.370876;      0.05;     1305.11
       479;        119.8;       ;      0.03;          ;     759.60;    0.220105;     -101.691267;     -101.471162;     -101.370874;      0.06;     1352.11
       480;        120.0;       ;      0.03;          ;     764.33;    0.221475;     -101.691820;     -101.470345;     -101.370872;      0.06;     1396.13
       481;        120.2;       ;      0.03;          ;     764.27;    0.221456;     -101.692532;     -101.471076;     -101.370872;      0.06;     1436.06
       482;        120.5;       ;      0.03;          ;     773.58;    0.224154;     -101.693399;     -101.469245;     -101.370873;      0.06;     1470.46
       483;        120.8;       ;      0.03;          ;     778.23;    0.225503;     -101.694402;     -101.468900;     -101.370876;      0.06;     1498.35
       484;        121.0;       ;      0.04;          ;     782.33;    0.226690;     -101.695492;     -101.468802;     -101.370880;      0.05;     1518.61
       485;        121.2;       ;      0.03;          ;     792.02;    0.229499;     -101.696612;     -101.467113;     -101.370883;      0.04;     1530.37
       486;        121.5;       ;      0.04;          ;     789.62;    0.228804;     -101.697705;     -101.468900;     -101.370887;      0.04;     1533.02
       487;        121.8;       ;      0.03;          ;     790.84;    0.229157;     -101.698710;     -101.469553;     -101.370889;      0.03;     1526.06
       488;        122.0;       ;      0.04;          ;     791.00;    0.229203;     -101.699599;     -101.470396;     -101.370891;      0.03;     1509.28
       489;        122.2;       ;      0.03;          ;     790.91;    0.229177;     -101.700359;     -101.471182;     -101.370890;      0.03;     1482.66
       490;        122.5;       ;      0.04;          ;     788.52;    0.228485;     -101.701000;     -101.472515;     -101.370889;      0.03;     1446.38
       491;        122.8;       ;      0.03;          ;     789.36;    0.228728;     -101.701550;     -101.472822;     -101.370887;      0.04;     1400.87
       492;        123.0;       ;      0.04;          ;     784.05;    0.227188;     -101.702048;     -101.474860;     -101.370885;      0.04;     1346.61
       493;        123.2;       ;      0.04;          ;     782.34;    0.226693;     -101.702532;     -101.475839;     -101.370883;      0.04;     1284.56
       494;        123.5;       ;      0.03;          ;     781.17;    0.226355;     -101.703035;     -101.476679;     -101.370883;      0.04;     1215.51
       495;        123.8;       ;      0.04;          ;     774.18;    0.224330;     -101.703573;     -101.479243;     -101.370883;      0.04;     1140.51
       496;        124.0;       ;      0.03;          ;     778.00;    0.225436;     -101.704147;     -101.478712;     -101.370885;      0.04;     1061.06
       497;        124.2;       ;      0.03;          ;     780.10;    0.226044;     -101.704748;     -101.478704;     -101.370887;      0.04;      977.90
       498;        124.5;       ;      0.03;          ;     777.43;    0.225269;     -101.705350;     -101.480081;     -101.370889;      0.03;      892.50
       499;        124.8;       ;      0.04;          ;     774.98;    0.224560;     -101.705927;     -101.481367;     -101.370890;      0.03;      844.57
       500;        125.0;       ;      0.03;          ;     779.59;    0.225897;     -101.706459;     -101.480562;     -101.370891;      0.03;      804.42
       501;        125.2;       ;      0.04;          ;     781.47;    0.226441;     -101.706930;     -101.480490;     -101.370892;      0.03;      767.08
       502;        125.5;       ;      0.04;          ;     785.92;    0.227730;     -101.707329;     -101.479599;     -101.370892;      0.03;      732.88
       503;        125.8;       ;      0.03;          ;     782.12;    0.226630;     -101.707647;     -101.481017;     -101.370893;      0.03;      701.93
       504;        126.0;       ;      0.04;          ;     781.06;    0.226324;     -101.707882;     -101.481559;     -101.370893;      0.03;      674.36
       505;        126.2;       ;      0.04;          ;     777.43;    0.225270;     -101.708032;     -101.482762;     -101.370893;      0.03;      649.92
       506;        126.5;       ;      0.04;          ;     776.21;    0.224917;     -101.708090;     -101.483172;     -101.370894;      0.02;      628.26
       507;        126.8;       ;      0.04;          ;     774.86;    0.224525;     -101.708044;     -101.483518;     -101.370895;      0.02;      608.78
       508;        127.0;       ;      0.04;          ;     774.57;    0.224442;     -101.707875;     -101.483434;     -101.370896;      0.02;      590.72
       509;        127.2;       ;      0.03;          ;     774.80;    0.224508;     -101.707565;     -101.483056;     -101.370897;      0.02;      573.17
       510;        127.5;       ;      0.04;          ;     777.06;    0.225163;     -101.707090;     -101.481927;     -101.370898;      0.02;      555.12
       511;        127.8;       ;      0.04;          ;     773.18;    0.224040;     -101.706436;     -101.482396;     -101.370899;      0.02;      535.42
       512;        128.0;       ;      0.05;          ;     767.59;    0.222420;     -101.705598;     -101.483179;     -101.370898;      0.02;      515.69
       513;        128.2;       ;      0.03;          ;     760.90;    0.220479;     -101.704590;     -101.484110;     -101.370897;      0.02;      493.09
       514;        128.5;       ;      0.04;          ;     760.55;    0.220380;     -101.703434;     -101.483054;     -101.370895;      0.02;      464.79
       515;        128.8;       ;      0.04;          ;     756.68;    0.219258;     -101.702154;     -101.482896;     -101.370893;      0.03;      445.16
       516;        129.0;       ;      0.04;          ;     755.77;    0.218996;     -101.700789;     -101.481794;     -101.370890;      0.03;      429.77
       517;        129.2;       ;      0.04;          ;     747.74;    0.216668;     -101.699374;     -101.482706;     -101.370888;      0.04;      410.21
       518;        129.5;       ;      0.03;          ;     745.00;    0.215873;     -101.697957;     -101.482084;     -101.370885;      0.04;      387.26
       519;        129.8;       ;      0.03;          ;     745.19;    0.215929;     -101.696568;     -101.480638;     -101.370883;      0.04;      361.62
       520;        130.0;       ;      0.04;          ;     743.30;    0.215381;     -101.695232;     -101.479851;     -101.370882;      0.04;      334.09
       521;        130.2;       ;      0.04;          ;     729.44;    0.211366;     -101.693970;     -101.482604;     -101.370882;      0.05;      305.63
       522;        130.5;       ;      0.03;          ;     726.79;    0.210597;     -101.692802;     -101.482204;     -101.370882;      0.04;      277.39
       523;        130.8;       ;      0.04;          ;     722.20;    0.209266;     -101.691716;     -101.482451;     -101.370883;      0.04;      250.07
       524;        131.0;       ;      0.03;          ;     715.80;    0.207414;     -101.690704;     -101.483290;     -101.370884;      0.04;      224.60
       525;        131.2;       ;      0.03;          ;     711.04;    0.206033;     -101.689750;     -101.483717;     -101.370885;      0.04;      201.82
       526;        131.5;       ;      0.03;          ;     717.31;    0.207850;     -101.688840;     -101.480990;     -101.370886;      0.04;      182.40
       527;        131.8;       ;      0.04;          ;     714.65;    0.207078;     -101.687952;     -101.480874;     -101.370886;      0.04;      166.78
       528;        132.0;       ;      0.03;          ;     717.23;    0.207828;     -101.687087;     -101.479259;     -101.370886;      0.04;      155.49
       529;        132.2;       ;      0.03;          ;     707.57;    0.205028;     -101.686244;     -101.481217;     -101.370885;      0.04;      148.77
       530;        132.5;       ;      0.04;          ;     703.79;    0.203931;     -101.685445;     -101.481514;     -101.370884;      0.04;      146.74
       531;        132.8;       ;      0.03;          ;     698.59;    0.202425;     -101.684704;     -101.482280;     -101.370883;      0.04;      149.29
       532;        133.0;       ;      0.04;          ;     698.50;    0.202400;     -101.684041;     -101.481640;     -101.370882;      0.04;      156.11
       533;        133.2;       ;      0.04;          ;     695.35;    0.201487;     -101.683462;     -101.481975;     -101.370882;      0.05;      166.80
       534;        133.5;       ;      0.03;          ;     696.00;    0.201674;     -101.682975;     -101.481301;     -101.370882;      0.05;      180.75
       535;        133.8;       ;      0.04;          ;     698.43;    0.202379;     -101.682578;     -101.480199;     -101.370882;      0.05;      197.31
       536;        134.0;       ;      0.04;          ;     696.10;    0.201704;     -101.682267;     -101.480563;     -101.370882;      0.05;      215.72
       537;        134.2;       ;      0.04;          ;     694.41;    0.201215;     -101.682043;     -101.480828;     -101.370881;      0.05;      235.10
       538;        134.5;       ;      0.04;          ;     695.71;    0.201592;     -101.681911;     -101.480318;     -101.370881;      0.05;      254.59
       539;        134.8;       ;      0.04;          ;     697.80;    0.202196;     -101.681877;     -101.479681;     -101.370880;      0.05;      273.38
       540;        135.0;       ;      0.03;          ;     691.01;    0.200230;     -101.681952;     -101.481721;     -101.370880;      0.05;      290.68
       541;        135.2;       ;      0.04;          ;     693.92;    0.201072;     -101.682142;     -101.481071;     -101.370880;      0.05;      305.60
       542;        135.5;       ;      0.04;          ;     692.05;    0.200530;     -101.682453;     -101.481923;     -101.370880;      0.05;      317.59
       543;        135.8;       ;      0.03;          ;     696.14;    0.201716;     -101.682875;     -101.481159;     -101.370881;      0.05;      326.00
       544;        136.0;       ;      0.04;          ;     700.51;    0.202983;     -101.683388;     -101.480404;     -101.370884;      0.04;      330.37
       545;        136.2;       ;      0.04;          ;     699.60;    0.202719;     -101.683955;     -101.481237;     -101.370886;      0.04;      330.32
       546;        136.5;       ;      0.04;          ;     701.52;    0.203275;     -101.684530;     -101.481254;     -101.370890;      0.03;      325.60
       547;        136.8;       ;      0.03;          ;     705.72;    0.204493;     -101.685064;     -101.480571;     -101.370893;      0.03;      316.04
       548;        137.0;       ;      0.04;          ;     707.53;    0.205017;     -101.685510;     -101.480494;     -101.370895;      0.02;      301.62
       549;        137.2;       ;      0.04;          ;     707.24;    0.204933;     -101.685827;     -101.480894;     -101.370897;      0.02;      282.47
       550;        137.5;       ;      0.04;          ;     711.23;    0.206089;     -101.685986;     -101.479897;     -101.370898;      0.02;      258.82
       551;        137.8;       ;      0.04;          ;     713.89;    0.206860;     -101.685974;     -101.479114;     -101.370898;      0.02;      230.96
       552;        138.0;       ;      0.04;          ;     708.85;    0.205400;     -101.685790;     -101.480391;     -101.370897;      0.02;      199.35
       553;        138.2;       ;      0.03;          ;     708.08;    0.205177;     -101.685454;     -101.480277;     -101.370895;      0.02;      164.69
       554;        138.5;       ;      0.04;          ;     704.80;    0.204226;     -101.684997;     -101.480771;     -101.370893;      0.03;      127.54
       555;        138.8;       ;      0.04;          ;     699.90;    0.202804;     -101.684459;     -101.481654;     -101.370891;      0.03;       88.68
       556;        139.0;       ;      0.04;          ;     692.07;    0.200535;     -101.683889;     -101.483353;     -101.370888;      0.03;       48.92
       557;        139.2;       ;      0.04;          ;     685.22;    0.198553;     -101.683339;     -101.484786;     -101.370885;      0.04;        9.17
       558;        139.5;       ;      0.03;          ;     680.11;    0.197070;     -101.682857;     -101.485787;     -101.370883;      0.04;        0.00
       559;        139.8;       ;      0.04;          ;     676.40;    0.195995;     -101.682480;     -101.486485;     -101.370882;      0.04;        0.00
       560;        140.0;       ;      0.03;          ;     677.60;    0.196343;     -101.682229;     -101.485886;     -101.370882;      0.04;        0.00
       561;        140.2;       ;      0.04;          ;     674.56;    0.195464;     -101.682107;     -101.486644;     -101.370884;      0.04;        0.00
       562;        140.5;       ;      0.04;          ;     676.34;    0.195978;     -101.682099;     -101.486121;     -101.370886;      0.04;        0.00
       563;        140.8;       ;      0.03;          ;     673.08;    0.195035;     -101.682176;     -101.487141;     -101.370888;      0.03;        0.00
       564;        141.0;       ;      0.03;          ;     675.87;    0.195843;     -101.682303;     -101.486460;     -101.370891;      0.03;        0.00
       565;        141.2;       ;      0.03;          ;     670.69;    0.194340;     -101.682441;     -101.488101;     -101.370893;      0.03;        0.00
       566;        141.5;       ;      0.03;          ;     675.90;    0.195851;     -101.682559;     -101.486708;     -101.370894;      0.02;        0.00
       567;        141.8;       ;      0.04;          ;     676.61;    0.196057;     -101.682634;     -101.486578;     -101.370895;      0.02;        0.00
       568;        142.0;       ;      0.04;          ;     678.05;    0.196474;     -101.682654;     -101.486180;     -101.370895;      0.02;        0.00
       569;        142.2;       ;      0.04;          ;     673.92;    0.195277;     -101.682619;     -101.487341;     -101.370894;      0.02;        0.00
       570;        142.5;       ;      0.04;          ;     674.03;    0.195309;     -101.682544;     -101.487235;     -101.370892;      0.03;        0.00
       571;        142.8;       ;      0.04;          ;     668.00;    0.193562;     -101.682453;     -101.488891;     -101.370891;      0.03;        0.00
       572;        143.0;       ;      0.04;          ;     667.81;    0.193506;     -101.682374;     -101.488869;     -101.370889;      0.03;        0.00
       573;        143.2;       ;      0.04;          ;     662.63;    0.192007;     -101.682339;     -101.490332;     -101.370887;      0.04;        0.00
       574;        143.5;       ;      0.04;          ;     660.81;    0.191479;     -101.682379;     -101.490899;     -101.370885;      0.04;        0.00
       575;        143.8;       ;      0.04;          ;     661.79;    0.191763;     -101.682522;     -101.490759;     -101.370884;      0.04;        0.00
       576;        144.0;       ;      0.04;          ;     663.18;    0.192166;     -101.682790;     -101.490624;     -101.370883;      0.04;        0.00
       577;        144.2;       ;      0.04;          ;     664.36;    0.192508;     -101.683198;     -101.490689;     -101.370883;      0.04;        0.00
       578;        144.5;       ;      0.03;          ;     667.78;    0.193497;     -101.683750;     -101.490253;     -101.370883;      0.04;        0.00
       579;        144.8;       ;      0.04;          ;     671.81;    0.194665;     -101.684444;     -101.489779;     -101.370883;      0.04;        0.00
       580;        145.0;       ;      0.04;          ;     679.21;    0.196810;     -101.685264;     -101.488455;     -101.370885;      0.04;        0.00
       581;        145.2;       ;      0.03;          ;     684.03;    0.198206;     -101.686187;     -101.487981;     -101.370887;      0.04;        0.00
       582;        145.5;       ;      0.04;          ;     685.56;    0.198649;     -101.687177;     -101.488529;     -101.370889;      0.03;        0.00
       583;        145.8;       ;      0.04;          ;     683.07;    0.197929;     -101.688196;     -101.490267;     -101.370891;      0.03;        0.00
       584;        146.0;       ;      0.03;          ;     687.92;    0.199334;     -101.689209;     -101.489875;     -101.370893;      0.03;        0.00
       585;        146.2;       ;      0.04;          ;     693.02;    0.200812;     -101.690188;     -101.489375;     -101.370895;      0.02;        0.00
       586;        146.5;       ;      0.04;          ;     701.58;    0.203293;     -101.691100;     -101.487806;     -101.370897;      0.02;        0.00
       587;        146.8;       ;      0.04;          ;     698.33;    0.202349;     -101.691915;     -101.489566;     -101.370898;      0.02;        0.00
       588;        147.0;       ;      0.03;          ;     697.59;    0.202135;     -101.692601;     -101.490466;     -101.370900;      0.01;        0.00
       589;        147.2;       ;      0.04;          ;     698.13;    0.202291;     -101.693137;     -101.490845;     -101.370902;      0.01;        0.00
       590;        147.5;       ;      0.04;          ;     699.05;    0.202560;     -101.693499;     -101.490939;     -101.370903;      0.01;        0.00
       591;        147.8;       ;      0.04;          ;     694.95;    0.201372;     -101.693669;     -101.492297;     -101.370904;      0.01;        0.00
       592;        148.0;       ;      0.04;          ;     694.92;    0.201363;     -101.693629;     -101.492267;     -101.370904;      0.01;        0.00
       593;        148.2;       ;      0.04;          ;     694.59;    0.201266;     -101.693377;     -101.492111;     -101.370904;      0.01;        0.00
       594;        148.5;       ;      0.03;          ;     688.59;    0.199527;     -101.692915;     -101.493388;     -101.370903;      0.01;        0.00
       595;        148.8;       ;      0.04;          ;     686.47;    0.198914;     -101.692266;     -101.493353;     -101.370901;      0.01;        0.00
       596;        149.0;       ;      0.04;          ;     675.42;    0.195712;     -101.691459;     -101.495747;     -101.370898;      0.02;        0.00
       597;        149.2;       ;      0.04;          ;     673.17;    0.195061;     -101.690537;     -101.495475;     -101.370896;      0.02;        0.00
       598;        149.5;       ;      0.04;          ;     669.72;    0.194061;     -101.689528;     -101.495468;     -101.370894;      0.02;        0.00
       599;        149.8;       ;      0.04;          ;     664.59;    0.192574;     -101.688462;     -101.495887;     -101.370893;      0.03;        0.00
       600;        150.0;       ;      0.05;          ;     668.34;    0.193659;     -101.687354;     -101.493695;     -101.370893;      0.03;        0.00
       601;        150.2;       ;      0.04;          ;     663.78;    0.192338;     -101.686196;     -101.493858;     -101.370894;      0.02;        0.00
       602;        150.5;       ;      0.03;          ;     655.37;    0.189901;     -101.684984;     -101.495083;     -101.370895;      0.02;        0.00
       603;        150.8;       ;      0.04;          ;     646.59;    0.187357;     -101.683707;     -101.496350;     -101.370896;      0.02;        0.00
       604;        151.0;       ;      0.03;          ;     644.39;    0.186721;     -101.682350;     -101.495629;     -101.370897;      0.02;        0.00
       605;        151.2;       ;      0.04;          ;     634.06;    0.183729;     -101.680891;     -101.497162;     -101.370898;      0.02;        0.00
       606;        151.5;       ;      0.04;          ;     625.34;    0.181200;     -101.679331;     -101.498131;     -101.370898;      0.02;        0.00
       607;        151.8;       ;      0.03;          ;     614.98;    0.178200;     -101.677676;     -101.499476;     -101.370897;      0.02;        0.00
       608;        152.0;       ;      0.03;          ;     602.89;    0.174694;     -101.675948;     -101.501255;     -101.370896;      0.02;        0.00
       609;        152.2;       ;      0.04;          ;     595.65;    0.172597;     -101.674179;     -101.501582;     -101.370894;      0.02;        0.00
       610;        152.5;       ;      0.04;          ;     589.89;    0.170929;     -101.672397;     -101.501468;     -101.370892;      0.03;        0.00
       611;        152.8;       ;      0.04;          ;     588.39;    0.170494;     -101.670636;     -101.500143;     -101.370890;      0.03;        0.00
       612;        153.0;       ;      0.04;          ;     582.09;    0.168670;     -101.668927;     -101.500257;     -101.370887;      0.04;        0.00
       613;        153.2;       ;      0.03;          ;     573.61;    0.166211;     -101.667310;     -101.501099;     -101.370885;      0.04;        0.00
       614;        153.5;       ;      0.04;          ;     569.75;    0.165093;     -101.665824;     -101.500731;     -101.370883;      0.04;        0.00
       615;        153.8;       ;      0.03;          ;     565.75;    0.163934;     -101.664498;     -101.500564;     -101.370882;      0.05;        0.00
       616;        154.0;       ;      0.04;          ;     553.50;    0.160384;     -101.663360;     -101.502976;     -101.370880;      0.05;        0.00
       617;        154.2;       ;      0.04;          ;     550.25;    0.159443;     -101.662441;     -101.502998;     -101.370879;      0.05;        0.00
       618;        154.5;       ;      0.03;          ;     547.66;    0.158692;     -101.661753;     -101.503061;     -101.370879;      0.05;        0.00
       619;        154.8;       ;      0.04;          ;     542.54;    0.157209;     -101.661296;     -101.504087;     -101.370879;      0.05;        0.00
       620;        155.0;       ;      0.03;          ;     537.79;    0.155831;     -101.661072;     -101.505241;     -101.370880;      0.05;        0.00
       621;        155.2;       ;      0.04;          ;     541.58;    0.156931;     -101.661070;     -101.504139;     -101.370881;      0.05;        0.00
       622;        155.5;       ;      0.04;          ;     543.52;    0.157492;     -101.661268;     -101.503777;     -101.370882;      0.04;        0.00
       623;        155.8;       ;      0.04;          ;     543.29;    0.157425;     -101.661640;     -101.504214;     -101.370885;      0.04;        0.00
       624;        156.0;       ;      0.03;          ;     545.83;    0.158160;     -101.662148;     -101.503988;     -101.370887;      0.04;        0.00
       625;        156.2;       ;      0.04;          ;     548.69;    0.158990;     -101.662754;     -101.503764;     -101.370890;      0.03;        0.00
       626;        156.5;       ;      0.03;          ;     551.25;    0.159732;     -101.663411;     -101.503679;     -101.370893;      0.03;        0.00
       627;        156.8;       ;      0.03;          ;     546.93;    0.158480;     -101.664066;     -101.505586;     -101.370896;      0.02;        0.00
       628;        157.0;       ;      0.03;          ;     547.69;    0.158701;     -101.664666;     -101.505966;     -101.370899;      0.01;        0.00
       629;        157.2;       ;      0.04;          ;     549.73;    0.159290;     -101.665170;     -101.505879;     -101.370902;      0.01;        0.00
       630;        157.5;       ;      0.04;          ;     553.09;    0.160264;     -101.665537;     -101.505273;     -101.370904;      0.01;        0.00
       631;        157.8;       ;      0.03;          ;     549.22;    0.159144;     -101.665744;     -101.506600;     -101.370904;      0.01;        0.00
       632;        158.0;       ;      0.03;          ;     554.09;    0.160556;     -101.665789;     -101.505234;     -101.370903;      0.01;        0.00
       633;        158.2;       ;      0.04;          ;     551.04;    0.159672;     -101.665693;     -101.506021;     -101.370900;      0.01;        0.00
       634;        158.5;       ;      0.03;          ;     550.77;    0.159594;     -101.665494;     -101.505900;     -101.370897;      0.02;        0.00
       635;        158.8;       ;      0.04;          ;     553.79;    0.160467;     -101.665246;     -101.504778;     -101.370893;      0.03;        0.00
       636;        159.0;       ;      0.03;          ;     547.99;    0.158787;     -101.665000;     -101.506213;     -101.370890;      0.03;        0.00
       637;        159.2;       ;      0.03;          ;     544.46;    0.157766;     -101.664803;     -101.507037;     -101.370889;      0.03;        0.00
       638;        159.5;       ;      0.03;          ;     547.85;    0.158747;     -101.664682;     -101.505935;     -101.370889;      0.03;        0.00
       639;        159.8;       ;      0.04;          ;     541.45;    0.156893;     -101.664638;     -101.507745;     -101.370890;      0.03;        0.00
       640;        160.0;       ;      0.04;          ;     540.24;    0.156542;     -101.664646;     -101.508104;     -101.370894;      0.02;        0.00
       641;        160.2;       ;      0.04;          ;     539.46;    0.156315;     -101.664663;     -101.508348;     -101.370897;      0.02;        0.00
       642;        160.5;       ;      0.04;          ;     540.80;    0.156702;     -101.664634;     -101.507931;     -101.370901;      0.01;        0.00
       643;        160.8;       ;      0.04;          ;     536.67;    0.155507;     -101.664499;     -101.508991;     -101.370905;      0.01;        0.00
       644;        161.0;       ;      0.04;          ;     538.83;    0.156134;     -101.664210;     -101.508076;     -101.370907;      0.00;        0.00
       645;        161.2;       ;      0.04;          ;     533.25;    0.154517;     -101.663733;     -101.509215;     -101.370908;      0.00;        0.00
       646;        161.5;       ;      0.04;          ;     532.18;    0.154207;     -101.663057;     -101.508850;     -101.370907;      0.00;        0.00
       647;        161.8;       ;      0.04;          ;     531.77;    0.154087;     -101.662189;     -101.508101;     -101.370906;      0.00;        0.00
       648;        162.0;       ;      0.04;          ;     525.38;    0.152236;     -101.661153;     -101.508917;     -101.370903;      0.01;        0.00
       649;        162.2;       ;      0.04;          ;     521.27;    0.151044;     -101.659996;     -101.508952;     -101.370900;      0.01;        0.00
       650;        162.5;       ;      0.04;          ;     518.30;    0.150183;     -101.658766;     -101.508583;     -101.370897;      0.02;        0.00
       651;        162.8;       ;      0.03;          ;     518.98;    0.150380;     -101.657513;     -101.507133;     -101.370894;      0.02;        0.00
       652;        163.0;       ;      0.04;          ;     518.06;    0.150113;     -101.656281;     -101.506168;     -101.370891;      0.03;        0.00
       653;        163.2;       ;      0.03;          ;     513.26;    0.148723;     -101.655116;     -101.506393;     -101.370888;      0.03;        0.00
       654;        163.5;       ;      0.04;          ;     506.91;    0.146885;     -101.654062;     -101.507177;     -101.370887;      0.04;        0.00
       655;        163.8;       ;      0.04;          ;     505.17;    0.146380;     -101.653153;     -101.506773;     -101.370885;      0.04;        0.00
       656;        164.0;       ;      0.04;          ;     502.11;    0.145493;     -101.652411;     -101.506918;     -101.370884;      0.04;        0.00
       657;        164.2;       ;      0.03;          ;     496.74;    0.143938;     -101.651852;     -101.507914;     -101.370884;      0.04;        0.00
       658;        164.5;       ;      0.04;          ;     500.37;    0.144989;     -101.651490;     -101.506501;     -101.370883;      0.04;        0.00
       659;        164.8;       ;      0.03;          ;     498.38;    0.144413;     -101.651329;     -101.506916;     -101.370883;      0.04;        0.00
       660;        165.0;       ;      0.04;          ;     500.00;    0.144880;     -101.651367;     -101.506487;     -101.370883;      0.04;        0.00
       661;        165.2;       ;      0.03;          ;     497.00;    0.144011;     -101.651601;     -101.507590;     -101.370884;      0.04;        0.00
       662;        165.5;       ;      0.04;          ;     498.00;    0.144303;     -101.652015;     -101.507713;     -101.370886;      0.04;        0.00
       663;        165.8;       ;      0.05;          ;     497.33;    0.144108;     -101.652587;     -101.508479;     -101.370888;      0.03;        0.00
       664;        166.0;       ;      0.05;          ;     497.11;    0.144046;     -101.653278;     -101.509232;     -101.370891;      0.03;        0.00
       665;        166.2;       ;      0.04;          ;     500.76;    0.145103;     -101.654042;     -101.508939;     -101.370894;      0.02;        0.00
       666;        166.5;       ;      0.04;          ;     502.93;    0.145732;     -101.654831;     -101.509099;     -101.370897;      0.02;        0.00
       667;        166.8;       ;      0.04;          ;     505.66;    0.146521;     -101.655591;     -101.509069;     -101.370900;      0.01;        0.00
       668;        167.0;       ;      0.04;          ;     507.36;    0.147013;     -101.656284;     -101.509270;     -101.370901;      0.01;        0.00
       669;        167.2;       ;      0.04;          ;     504.02;    0.146045;     -101.656892;     -101.510846;     -101.370900;      0.01;        0.00
       670;        167.5;       ;      0.03;          ;     502.90;    0.145722;     -101.657422;     -101.511700;     -101.370898;      0.02;        0.00
       671;        167.8;       ;      0.04;          ;     503.70;    0.145954;     -101.657912;     -101.511958;     -101.370895;      0.02;        0.00
       672;        168.0;       ;      0.04;          ;     507.09;    0.146937;     -101.658417;     -101.511480;     -101.370891;      0.03;        0.00
       673;        168.2;       ;      0.04;          ;     509.39;    0.147604;     -101.658999;     -101.511395;     -101.370887;      0.04;        0.00
       674;        168.5;       ;      0.03;          ;     510.39;    0.147892;     -101.659710;     -101.511819;     -101.370886;      0.04;       14.66
       675;        168.8;       ;      0.04;          ;     510.45;    0.147909;     -101.660585;     -101.512676;     -101.370885;      0.04;      112.38
       676;        169.0;       ;      0.04;          ;     510.93;    0.148048;     -101.661629;     -101.513581;     -101.370887;      0.04;      208.35
       677;        169.2;       ;      0.03;          ;     512.40;    0.148473;     -101.662816;     -101.514343;     -101.370891;      0.03;      302.33
       678;        169.5;       ;      0.04;          ;     508.01;    0.147202;     -101.664088;     -101.516887;     -101.370896;      0.02;      394.20
       679;        169.8;       ;      0.04;          ;     509.04;    0.147501;     -101.665361;     -101.517860;     -101.370902;      0.01;      483.28
       680;        170.0;       ;      0.03;          ;     513.92;    0.148915;     -101.666554;     -101.517638;     -101.370908;      0.00;      569.95
       681;        170.2;       ;      0.04;          ;     511.77;    0.148293;     -101.667588;     -101.519294;     -101.370912;     -0.01;      654.49
       682;        170.5;       ;      0.03;          ;     510.77;    0.148003;     -101.668388;     -101.520386;     -101.370915;     -0.01;      736.36
       683;        170.8;       ;      0.04;          ;     508.87;    0.147451;     -101.668920;     -101.521469;     -101.370916;     -0.01;      815.71
       684;        171.0;       ;      0.04;          ;     508.05;    0.147215;     -101.669170;     -101.521955;     -101.370916;     -0.01;      892.61
       685;        171.2;       ;      0.04;          ;     505.47;    0.146467;     -101.669151;     -101.522684;     -101.370914;     -0.01;      967.26
       686;        171.5;       ;      0.04;          ;     504.25;    0.146114;     -101.668893;     -101.522779;     -101.370912;     -0.01;     1039.70
       687;        171.8;       ;      0.04;          ;     497.86;    0.144262;     -101.668436;     -101.524174;     -101.370909;     -0.00;     1110.20
       688;        172.0;       ;      0.03;          ;     497.27;    0.144092;     -101.667831;     -101.523739;     -101.370907;      0.00;     1178.54
       689;        172.2;       ;      0.04;          ;     498.38;    0.144413;     -101.667122;     -101.522709;     -101.370904;      0.01;     1245.29
       690;        172.5;       ;      0.04;          ;     494.61;    0.143319;     -101.666344;     -101.523025;     -101.370902;      0.01;     1310.69
       691;        172.8;       ;      0.03;          ;     494.03;    0.143151;     -101.665538;     -101.522388;     -101.370901;      0.01;     1374.54
       692;        173.0;       ;      0.04;          ;     489.48;    0.141834;     -101.664732;     -101.522898;     -101.370899;      0.01;     1437.15
       693;        173.2;       ;      0.04;          ;     487.40;    0.141230;     -101.663957;     -101.522727;     -101.370898;      0.02;     1498.34
       694;        173.5;       ;      0.04;          ;     479.36;    0.138901;     -101.663237;     -101.524336;     -101.370897;      0.02;     1558.29
       695;        173.8;       ;      0.03;          ;     473.04;    0.137070;     -101.662596;     -101.525526;     -101.370896;      0.02;     1616.65
       696;        174.0;       ;      0.04;          ;     467.34;    0.135419;     -101.662055;     -101.526636;     -101.370895;      0.02;     1673.49
       697;        174.2;       ;      0.03;          ;     460.97;    0.133573;     -101.661628;     -101.528055;     -101.370895;      0.02;     1728.79
       698;        174.5;       ;      0.03;          ;     458.24;    0.132782;     -101.661322;     -101.528540;     -101.370895;      0.02;     1782.40
       699;        174.8;       ;      0.04;          ;     457.79;    0.132649;     -101.661136;     -101.528486;     -101.370896;      0.02;     1834.40
       700;        175.0;       ;      0.04;          ;     456.92;    0.132399;     -101.661051;     -101.528651;     -101.370898;      0.02;     1884.77
       701;        175.2;       ;      0.03;          ;     454.84;    0.131796;     -101.661036;     -101.529239;     -101.370901;      0.01;     1933.29
       702;        175.5;       ;      0.04;          ;     454.73;    0.131765;     -101.661049;     -101.529284;     -101.370904;      0.01;     1979.70
       703;        175.8;       ;      0.04;          ;     455.26;    0.131918;     -101.661044;     -101.529126;     -101.370907;      0.00;     2023.91
       704;        176.0;       ;      0.04;          ;     456.23;    0.132198;     -101.660974;     -101.528776;     -101.370909;     -0.00;     2065.75
       705;        176.2;       ;      0.03;          ;     450.71;    0.130600;     -101.660800;     -101.530200;     -101.370910;     -0.00;     2105.03
       706;        176.5;       ;      0.03;          ;     451.01;    0.130686;     -101.660506;     -101.529820;     -101.370910;     -0.00;     2141.30
       707;        176.8;       ;      0.03;          ;     447.97;    0.129805;     -101.660100;     -101.530295;     -101.370908;      0.00;     2174.63
       708;        177.0;       ;      0.03;          ;     445.42;    0.129067;     -101.659616;     -101.530550;     -101.370904;      0.01;     2204.74
       709;        177.2;       ;      0.04;          ;     447.06;    0.129541;     -101.659112;     -101.529571;     -101.370899;      0.01;     2231.51
       710;        177.5;       ;      0.04;          ;     448.46;    0.129947;     -101.658663;     -101.528716;     -101.370894;      0.02;     2254.95
       711;        177.8;       ;      0.03;          ;     451.62;    0.130863;     -101.658352;     -101.527488;     -101.370889;      0.03;     2274.95
       712;        178.0;       ;      0.03;          ;     449.92;    0.130370;     -101.658256;     -101.527886;     -101.370885;      0.04;     2291.49
       713;        178.2;       ;      0.03;          ;     445.33;    0.129039;     -101.658434;     -101.529394;     -101.370884;      0.04;     2304.44
       714;        178.5;       ;      0.03;          ;     452.89;    0.131231;     -101.658910;     -101.527679;     -101.370884;      0.04;     2313.78
       715;        178.8;       ;      0.03;          ;     457.80;    0.132654;     -101.659681;     -101.527027;     -101.370887;      0.04;     2319.70
       716;        179.0;       ;      0.04;          ;     459.91;    0.133266;     -101.660696;     -101.527430;     -101.370892;      0.03;     2322.26
       717;        179.2;       ;      0.03;          ;     463.41;    0.134278;     -101.661875;     -101.527598;     -101.370898;      0.02;     2321.59
       718;        179.5;       ;      0.04;          ;     470.76;    0.136410;     -101.663127;     -101.526717;     -101.370904;      0.01;     2317.84
       719;        179.8;       ;      0.04;          ;     466.92;    0.135297;     -101.664356;     -101.529058;     -101.370910;     -0.00;     2311.21
       720;        180.0;       ;      0.03;          ;     470.82;    0.136425;     -101.665461;     -101.529035;     -101.370915;     -0.01;     2301.98
       721;        180.2;       ;      0.04;          ;     476.63;    0.138109;     -101.666387;     -101.528278;     -101.370918;     -0.02;     2290.32
       722;        180.5;       ;      0.05;          ;     475.32;    0.137732;     -101.667092;     -101.529360;     -101.370919;     -0.02;     2324.69
       723;        180.8;       ;      0.04;          ;     470.05;    0.136203;     -101.667556;     -101.531352;     -101.370919;     -0.02;     2382.64
       724;        181.0;       ;      0.03;          ;     469.08;    0.135923;     -101.667793;     -101.531869;     -101.370917;     -0.02;     2437.47
       725;        181.2;       ;      0.04;          ;     463.88;    0.134415;     -101.667837;     -101.533422;     -101.370915;     -0.01;     2488.70
       726;        181.5;       ;      0.03;          ;     463.12;    0.134195;     -101.667728;     -101.533534;     -101.370912;     -0.01;     2563.77
       727;        181.8;       ;      0.04;          ;     464.72;    0.134659;     -101.667514;     -101.532855;     -101.370910;     -0.00;     2637.33
       728;        182.0;       ;      0.04;          ;     458.40;    0.132829;     -101.667232;     -101.534403;     -101.370908;     -0.00;     2702.68
       729;        182.2;       ;      0.04;          ;     454.91;    0.131817;     -101.666920;     -101.535104;     -101.370906;      0.00;     2758.74
       730;        182.5;       ;      0.04;          ;     455.77;    0.132066;     -101.666610;     -101.534544;     -101.370905;      0.00;     2805.38
       731;        182.8;       ;      0.04;          ;     453.96;    0.131541;     -101.666319;     -101.534777;     -101.370905;      0.01;     2842.64
       732;        183.0;       ;      0.04;          ;     453.60;    0.131437;     -101.666061;     -101.534623;     -101.370904;      0.01;     2870.43
       733;        183.2;       ;      0.04;          ;     455.34;    0.131942;     -101.665842;     -101.533900;     -101.370904;      0.01;     2888.98
       734;        183.5;       ;      0.03;          ;     456.22;    0.132196;     -101.665667;     -101.533472;     -101.370904;      0.01;     2898.70
       735;        183.8;       ;      0.04;          ;     452.70;    0.131176;     -101.665533;     -101.534357;     -101.370905;      0.01;     2900.14
       736;        184.0;       ;      0.03;          ;     453.46;    0.131395;     -101.665433;     -101.534037;     -101.370906;      0.00;     2894.03
       737;        184.2;       ;      0.03;          ;     447.65;    0.129712;     -101.665354;     -101.535642;     -101.370907;      0.00;     2881.23
       738;        184.5;       ;      0.04;          ;     446.55;    0.129395;     -101.665276;     -101.535881;     -101.370910;     -0.00;     2862.89
       739;        184.8;       ;      0.03;          ;     447.15;    0.129567;     -101.665168;     -101.535602;     -101.370912;     -0.01;     2840.08
       740;        185.0;       ;      0.04;          ;     445.13;    0.128981;     -101.664989;     -101.536008;     -101.370915;     -0.01;     2813.98
       741;        185.2;       ;      0.03;          ;     441.06;    0.127803;     -101.664695;     -101.536892;     -101.370918;     -0.02;     2785.97
       742;        185.5;       ;      0.03;          ;     438.26;    0.126993;     -101.664251;     -101.537258;     -101.370920;     -0.02;     2757.40
       743;        185.8;       ;      0.04;          ;     433.17;    0.125516;     -101.663635;     -101.538119;     -101.370920;     -0.02;     2729.49
       744;        186.0;       ;      0.04;          ;     431.39;    0.125000;     -101.662851;     -101.537851;     -101.370919;     -0.02;     2703.48
       745;        186.2;       ;      0.03;          ;     423.26;    0.122647;     -101.661924;     -101.539277;     -101.370916;     -0.01;     2680.32
       746;        186.5;       ;      0.04;          ;     419.43;    0.121535;     -101.660919;     -101.539385;     -101.370911;     -0.00;     2661.04
       747;        186.8;       ;      0.03;          ;     413.18;    0.119725;     -101.659916;     -101.540191;     -101.370905;      0.01;     2646.19
       748;        187.0;       ;      0.04;          ;     409.19;    0.118567;     -101.659015;     -101.540448;     -101.370899;      0.02;     2636.22
       749;        187.2;       ;      0.04;          ;     409.16;    0.118559;     -101.658312;     -101.539753;     -101.370893;      0.03;     2631.24
       750;        187.5;       ;      0.03;          ;     408.14;    0.118265;     -101.657889;     -101.539624;     -101.370890;      0.03;     2631.08
       751;        187.8;       ;      0.03;          ;     409.21;    0.118573;     -101.657803;     -101.539230;     -101.370888;      0.03;     2635.32
       752;        188.0;       ;      0.04;          ;     409.04;    0.118525;     -101.658078;     -101.539553;     -101.370889;      0.03;     2643.27
       753;        188.2;       ;      0.04;          ;     412.10;    0.119412;     -101.658697;     -101.539285;     -101.370893;      0.03;     2653.98
       754;        188.5;       ;      0.03;          ;     415.96;    0.120530;     -101.659610;     -101.539081;     -101.370897;      0.02;     2666.37
       755;        188.8;       ;      0.03;          ;     419.27;    0.121490;     -101.660739;     -101.539250;     -101.370903;      0.01;     2679.17
       756;        189.0;       ;      0.04;          ;     423.35;    0.122673;     -101.661990;     -101.539317;     -101.370909;     -0.00;     2691.02
       757;        189.2;       ;      0.04;          ;     424.94;    0.123133;     -101.663270;     -101.540138;     -101.370914;     -0.01;     2700.54
       758;        189.5;       ;      0.03;          ;     428.20;    0.124078;     -101.664499;     -101.540421;     -101.370918;     -0.02;     2706.36
       759;        189.8;       ;      0.03;          ;     430.65;    0.124786;     -101.665622;     -101.540835;     -101.370920;     -0.02;     2707.20
       760;        190.0;       ;      0.03;          ;     434.25;    0.125830;     -101.666611;     -101.540781;     -101.370920;     -0.02;     2701.89
       761;        190.2;       ;      0.03;          ;     436.55;    0.126497;     -101.667466;     -101.540970;     -101.370918;     -0.02;     2689.37
       762;        190.5;       ;      0.04;          ;     436.97;    0.126619;     -101.668207;     -101.541588;     -101.370916;     -0.01;     2668.78
       763;        190.8;       ;      0.04;          ;     440.74;    0.127711;     -101.668870;     -101.541158;     -101.370913;     -0.01;     2639.46
       764;        191.0;       ;      0.03;          ;     438.90;    0.127177;     -101.669499;     -101.542322;     -101.370911;     -0.00;     2600.76
       765;        191.2;       ;      0.04;          ;     439.80;    0.127438;     -101.670134;     -101.542696;     -101.370909;     -0.00;     2552.61
       766;        191.5;       ;      0.03;          ;     446.50;    0.129380;     -101.670813;     -101.541433;     -101.370907;      0.00;     2494.76
       767;        191.8;       ;      0.03;          ;     448.06;    0.129831;     -101.671559;     -101.541728;     -101.370907;      0.00;     2426.91
       768;        192.0;       ;      0.03;          ;     446.22;    0.129297;     -101.672378;     -101.543081;     -101.370907;      0.00;     2349.70
       769;        192.2;       ;      0.03;          ;     452.14;    0.131013;     -101.673269;     -101.542256;     -101.370908;      0.00;     2263.92
       770;        192.5;       ;      0.03;          ;     455.77;    0.132066;     -101.674232;     -101.542166;     -101.370909;     -0.00;     2169.49
       771;        192.8;       ;      0.03;          ;     455.06;    0.131859;     -101.675248;     -101.543389;     -101.370910;     -0.00;     2067.43
       772;        193.0;       ;      0.03;          ;     457.66;    0.132613;     -101.676297;     -101.543685;     -101.370912;     -0.01;     1959.20
       773;        193.2;       ;      0.03;          ;     459.06;    0.133020;     -101.677366;     -101.544346;     -101.370913;     -0.01;     1845.48
       774;        193.5;       ;      0.03;          ;     459.22;    0.133066;     -101.678428;     -101.545362;     -101.370915;     -0.01;     1783.64
       775;        193.8;       ;      0.03;          ;     467.79;    0.135547;     -101.679453;     -101.543906;     -101.370918;     -0.02;     1726.71
       776;        194.0;       ;      0.03;          ;     469.65;    0.136087;     -101.680410;     -101.544323;     -101.370921;     -0.02;     1668.43
       777;        194.2;       ;      0.04;          ;     471.86;    0.136728;     -101.681247;     -101.544519;     -101.370923;     -0.03;     1610.52
       778;        194.5;       ;      0.04;          ;     467.87;    0.135573;     -101.681923;     -101.546351;     -101.370926;     -0.03;     1554.15
       779;        194.8;       ;      0.03;          ;     467.01;    0.135323;     -101.682399;     -101.547076;     -101.370928;     -0.03;     1500.80
       780;        195.0;       ;      0.03;          ;     470.08;    0.136212;     -101.682653;     -101.546441;     -101.370929;     -0.04;     1451.22
       781;        195.2;       ;      0.03;          ;     470.40;    0.136306;     -101.682678;     -101.546372;     -101.370928;     -0.03;     1405.96
       782;        195.5;       ;      0.04;          ;     466.35;    0.135130;     -101.682483;     -101.547352;     -101.370926;     -0.03;     1365.71
       783;        195.8;       ;      0.03;          ;     470.94;    0.136462;     -101.682103;     -101.545640;     -101.370923;     -0.03;     1331.01
       784;        196.0;       ;      0.04;          ;     470.39;    0.136302;     -101.681584;     -101.545282;     -101.370918;     -0.02;     1301.63
       785;        196.2;       ;      0.04;          ;     469.81;    0.136135;     -101.680990;     -101.544856;     -101.370914;     -0.01;     1277.64
       786;        196.5;       ;      0.04;          ;     471.24;    0.136548;     -101.680391;     -101.543844;     -101.370909;     -0.00;     1258.71
       787;        196.8;       ;      0.04;          ;     468.28;    0.135691;     -101.679850;     -101.544159;     -101.370906;      0.00;     1244.25
       788;        197.0;       ;      0.04;          ;     461.59;    0.133751;     -101.679425;     -101.545674;     -101.370903;      0.01;     1233.62
       789;        197.2;       ;      0.04;          ;     463.30;    0.134247;     -101.679155;     -101.544908;     -101.370902;      0.01;     1226.00
       790;        197.5;       ;      0.04;          ;     463.30;    0.134247;     -101.679053;     -101.544806;     -101.370903;      0.01;     1220.35
       791;        197.8;       ;      0.03;          ;     461.28;    0.133663;     -101.679111;     -101.545448;     -101.370905;      0.01;     1215.70
       792;        198.0;       ;      0.03;          ;     459.89;    0.133260;     -101.679301;     -101.546041;     -101.370907;      0.00;     1211.04
       793;        198.2;       ;      0.03;          ;     460.44;    0.133419;     -101.679582;     -101.546163;     -101.370910;     -0.00;     1205.40
       794;        198.5;       ;      0.04;          ;     456.76;    0.132353;     -101.679905;     -101.547552;     -101.370914;     -0.01;     1197.85
       795;        198.8;       ;      0.04;          ;     459.98;    0.133284;     -101.680221;     -101.546937;     -101.370916;     -0.01;     1187.61
       796;        199.0;       ;      0.04;          ;     459.14;    0.133043;     -101.680493;     -101.547449;     -101.370918;     -0.02;     1173.92
       797;        199.2;       ;      0.04;          ;     458.51;    0.132859;     -101.680690;     -101.547831;     -101.370919;     -0.02;     1156.28
       798;        199.5;       ;      0.03;          ;     461.61;    0.133757;     -101.680805;     -101.547048;     -101.370919;     -0.02;     1134.27
       799;        199.8;       ;      0.03;          ;     459.18;    0.133053;     -101.680844;     -101.547791;     -101.370917;     -0.02;     1107.54
       800;        200.0;       ;      0.03;          ;     458.92;    0.132978;     -101.680831;     -101.547852;     -101.370915;     -0.01;     1076.15
       801;        200.2;       ;      0.03;          ;     460.15;    0.133334;     -101.680799;     -101.547466;     -101.370913;     -0.01;     1040.08
       802;        200.5;       ;      0.03;          ;     455.59;    0.132013;     -101.680787;     -101.548773;     -101.370911;     -0.01;      999.47
       803;        200.8;       ;      0.03;          ;     450.06;    0.130412;     -101.680829;     -101.550416;     -101.370910;     -0.00;      965.69
       804;        201.0;       ;      0.03;          ;     448.77;    0.130037;     -101.680958;     -101.550921;     -101.370909;     -0.00;     1016.97
       805;        201.2;       ;      0.03;          ;     449.82;    0.130342;     -101.681201;     -101.550859;     -101.370908;     -0.00;     1066.83
       806;        201.5;       ;      0.03;          ;     453.33;    0.131358;     -101.681572;     -101.550214;     -101.370908;     -0.00;     1141.14
       807;        201.8;       ;      0.04;          ;     453.80;    0.131496;     -101.682078;     -101.550582;     -101.370908;     -0.00;     1226.90
       808;        202.0;       ;      0.03;          ;     455.01;    0.131844;     -101.682719;     -101.550875;     -101.370908;     -0.00;     1312.54
       809;        202.2;       ;      0.04;          ;     458.36;    0.132816;     -101.683494;     -101.550679;     -101.370908;     -0.00;     1397.91
       810;        202.5;       ;      0.03;          ;     459.01;    0.133004;     -101.684400;     -101.551396;     -101.370909;     -0.00;     1482.94
       811;        202.8;       ;      0.03;          ;     462.57;    0.134036;     -101.685422;     -101.551386;     -101.370910;     -0.00;     1567.10
       812;        203.0;       ;      0.03;          ;     461.94;    0.133852;     -101.686546;     -101.552693;     -101.370912;     -0.01;     1650.33
       813;        203.2;       ;      0.04;          ;     464.76;    0.134672;     -101.687737;     -101.553066;     -101.370914;     -0.01;     1731.90
       814;        203.5;       ;      0.04;          ;     475.37;    0.137744;     -101.688964;     -101.551219;     -101.370917;     -0.02;     1811.72
       815;        203.8;       ;      0.04;          ;     480.99;    0.139372;     -101.690180;     -101.550808;     -101.370921;     -0.02;     1890.05
       816;        204.0;       ;      0.03;          ;     481.65;    0.139564;     -101.691321;     -101.551757;     -101.370924;     -0.03;     1966.00
       817;        204.2;       ;      0.04;          ;     476.90;    0.138188;     -101.692325;     -101.554137;     -101.370927;     -0.03;     2038.74
       818;        204.5;       ;      0.03;          ;     474.68;    0.137546;     -101.693147;     -101.555601;     -101.370929;     -0.04;     2107.40
       819;        204.8;       ;      0.03;          ;     476.34;    0.138024;     -101.693762;     -101.555738;     -101.370930;     -0.04;     2171.70
       820;        205.0;       ;      0.04;          ;     477.87;    0.138468;     -101.694160;     -101.555692;     -101.370930;     -0.04;     2231.43
       821;        205.2;       ;      0.04;          ;     477.49;    0.138360;     -101.694343;     -101.555983;     -101.370928;     -0.03;     2286.09
       822;        205.5;       ;      0.03;          ;     480.37;    0.139194;     -101.694333;     -101.555139;     -101.370926;     -0.03;     2335.08
       823;        205.8;       ;      0.04;          ;     481.50;    0.139522;     -101.694166;     -101.554644;     -101.370922;     -0.02;     2378.10
       824;        206.0;       ;      0.03;          ;     483.46;    0.140088;     -101.693884;     -101.553796;     -101.370919;     -0.02;     2414.62
       825;        206.2;       ;      0.03;          ;     483.63;    0.140139;     -101.693532;     -101.553392;     -101.370916;     -0.01;     2444.27
       826;        206.5;       ;      0.03;          ;     482.22;    0.139729;     -101.693151;     -101.553422;     -101.370914;     -0.01;     2466.68
       827;        206.8;       ;      0.03;          ;     481.21;    0.139437;     -101.692781;     -101.553344;     -101.370913;     -0.01;     2481.57
       828;        207.0;       ;      0.03;          ;     480.12;    0.139120;     -101.692443;     -101.553323;     -101.370912;     -0.01;     2488.82
       829;        207.2;       ;      0.03;          ;     480.94;    0.139358;     -101.692150;     -101.552792;     -101.370913;     -0.01;     2488.40
       830;        207.5;       ;      0.04;          ;     477.93;    0.138486;     -101.691900;     -101.553414;     -101.370914;     -0.01;     2480.37
       831;        207.8;       ;      0.03;          ;     480.72;    0.139294;     -101.691684;     -101.552389;     -101.370915;     -0.01;     2464.95
       832;        208.0;       ;      0.03;          ;     480.64;    0.139271;     -101.691480;     -101.552209;     -101.370916;     -0.01;     2442.32
       833;        208.2;       ;      0.03;          ;     482.27;    0.139745;     -101.691273;     -101.551528;     -101.370918;     -0.02;     2412.88
       834;        208.5;       ;      0.03;          ;     482.81;    0.139900;     -101.691045;     -101.551146;     -101.370918;     -0.02;     2376.98
       835;        208.8;       ;      0.03;          ;     483.48;    0.140095;     -101.690790;     -101.550695;     -101.370918;     -0.02;     2359.65
       836;        209.0;       ;      0.03;          ;     477.45;    0.138348;     -101.690512;     -101.552164;     -101.370918;     -0.02;     2376.99
       837;        209.2;       ;      0.04;          ;     476.09;    0.137953;     -101.690226;     -101.552273;     -101.370917;     -0.02;     2389.18
       838;        209.5;       ;      0.03;          ;     472.08;    0.136790;     -101.689954;     -101.553163;     -101.370916;     -0.01;     2396.78
       839;        209.8;       ;      0.03;          ;     470.00;    0.136188;     -101.689720;     -101.553532;     -101.370914;     -0.01;     2400.25
       840;        210.0;       ;      0.03;          ;     473.02;    0.137064;     -101.689547;     -101.552483;     -101.370913;     -0.01;     2400.06
       841;        210.2;       ;      0.04;          ;     471.80;    0.136711;     -101.689454;     -101.552743;     -101.370913;     -0.01;     2396.68
       842;        210.5;       ;      0.03;          ;     470.45;    0.136318;     -101.689454;     -101.553136;     -101.370912;     -0.01;     2390.56
       843;        210.8;       ;      0.04;          ;     466.63;    0.135213;     -101.689561;     -101.554348;     -101.370912;     -0.01;     2382.14
       844;        211.0;       ;      0.03;          ;     462.82;    0.134107;     -101.689787;     -101.555680;     -101.370912;     -0.01;     2371.88
       845;        211.2;       ;      0.03;          ;     464.09;    0.134475;     -101.690144;     -101.555669;     -101.370912;     -0.01;     2360.21
       846;        211.5;       ;      0.04;          ;     465.80;    0.134972;     -101.690646;     -101.555674;     -101.370912;     -0.01;     2347.44
       847;        211.8;       ;      0.03;          ;     472.18;    0.136820;     -101.691301;     -101.554481;     -101.370912;     -0.01;     2333.97
       848;        212.0;       ;      0.03;          ;     473.30;    0.137145;     -101.692116;     -101.554971;     -101.370912;     -0.01;     2320.05
       849;        212.2;       ;      0.03;          ;     474.54;    0.137504;     -101.693082;     -101.555578;     -101.370913;     -0.01;     2306.06
       850;        212.5;       ;      0.04;          ;     477.79;    0.138445;     -101.694185;     -101.555740;     -101.370915;     -0.01;     2292.25
       851;        212.8;       ;      0.04;          ;     482.52;    0.139817;     -101.695400;     -101.555584;     -101.370918;     -0.02;     2278.76
       852;        213.0;       ;      0.04;          ;     491.62;    0.142454;     -101.696692;     -101.554238;     -101.370921;     -0.02;     2265.69
       853;        213.2;       ;      0.03;          ;     497.91;    0.144275;     -101.698019;     -101.553744;     -101.370924;     -0.03;     2253.01
       854;        213.5;       ;      0.03;          ;     500.81;    0.145116;     -101.699328;     -101.554213;     -101.370927;     -0.03;     2240.75
       855;        213.8;       ;      0.03;          ;     496.41;    0.143841;     -101.700575;     -101.556735;     -101.370929;     -0.04;     2228.84
       856;        214.0;       ;      0.04;          ;     496.99;    0.144008;     -101.701725;     -101.557717;     -101.370930;     -0.04;     2217.22
       857;        214.2;       ;      0.03;          ;     500.27;    0.144961;     -101.702774;     -101.557813;     -101.370931;     -0.04;     2205.65
       858;        214.5;       ;      0.04;          ;     499.62;    0.144770;     -101.703723;     -101.558952;     -101.370930;     -0.04;     2193.89
       859;        214.8;       ;      0.03;          ;     498.54;    0.144459;     -101.704581;     -101.560122;     -101.370929;     -0.04;     2181.73
       860;        215.0;       ;      0.04;          ;     501.93;    0.145441;     -101.705370;     -101.559929;     -101.370927;     -0.03;     2197.69
       861;        215.2;       ;      0.03;          ;     500.58;    0.145051;     -101.706114;     -101.561063;     -101.370926;     -0.03;     2261.37
       862;        215.5;       ;      0.03;          ;     498.68;    0.144499;     -101.706827;     -101.562327;     -101.370925;     -0.03;     2323.19
       863;        215.8;       ;      0.04;          ;     499.74;    0.144807;     -101.707523;     -101.562715;     -101.370925;     -0.03;     2382.61
       864;        216.0;       ;      0.03;          ;     504.31;    0.146130;     -101.708210;     -101.562079;     -101.370925;     -0.03;     2439.36
       865;        216.2;       ;      0.04;          ;     500.84;    0.145124;     -101.708887;     -101.563763;     -101.370926;     -0.03;     2493.25
       866;        216.5;       ;      0.04;          ;     505.56;    0.146493;     -101.709542;     -101.563049;     -101.370927;     -0.03;     2543.57
       867;        216.8;       ;      0.03;          ;     508.96;    0.147477;     -101.710167;     -101.562690;     -101.370928;     -0.03;     2590.52
       868;        217.0;       ;      0.04;          ;     513.14;    0.148689;     -101.710736;     -101.562047;     -101.370930;     -0.04;     2633.93
       869;        217.2;       ;      0.03;          ;     516.60;    0.149693;     -101.711225;     -101.561532;     -101.370931;     -0.04;     2673.82
       870;        217.5;       ;      0.04;          ;     521.37;    0.151075;     -101.711604;     -101.560530;     -101.370933;     -0.04;     2710.27
       871;        217.8;       ;      0.03;          ;     524.31;    0.151926;     -101.711848;     -101.559922;     -101.370934;     -0.04;     2743.51
       872;        218.0;       ;      0.04;          ;     522.17;    0.151306;     -101.711935;     -101.560629;     -101.370934;     -0.05;     2773.78
       873;        218.2;       ;      0.03;          ;     514.34;    0.149037;     -101.711858;     -101.562821;     -101.370934;     -0.04;     2801.34
       874;        218.5;       ;      0.03;          ;     510.24;    0.147850;     -101.711627;     -101.563777;     -101.370933;     -0.04;     2826.50
       875;        218.8;       ;      0.04;          ;     509.50;    0.147636;     -101.711262;     -101.563626;     -101.370931;     -0.04;     2849.90
       876;        219.0;       ;      0.03;          ;     505.68;    0.146527;     -101.710788;     -101.564260;     -101.370929;     -0.04;     2872.17
       877;        219.2;       ;      0.03;          ;     499.38;    0.144701;     -101.710235;     -101.565534;     -101.370927;     -0.03;     2893.85
       878;        219.5;       ;      0.03;          ;     496.01;    0.143725;     -101.709640;     -101.565915;     -101.370926;     -0.03;     2915.49
       879;        219.8;       ;      0.03;          ;     496.49;    0.143864;     -101.709034;     -101.565170;     -101.370925;     -0.03;     2937.71
       880;        220.0;       ;      0.04;          ;     493.20;    0.142912;     -101.708438;     -101.565526;     -101.370924;     -0.03;     2961.17
       881;        220.2;       ;      0.03;          ;     486.65;    0.141013;     -101.707874;     -101.566861;     -101.370923;     -0.03;     2986.27
       882;        220.5;       ;      0.03;          ;     484.76;    0.140464;     -101.707365;     -101.566900;     -101.370922;     -0.02;     3013.34
       883;        220.8;       ;      0.03;          ;     484.46;    0.140378;     -101.706927;     -101.566549;     -101.370921;     -0.02;     3042.85
       884;        221.0;       ;      0.04;          ;     482.66;    0.139857;     -101.706578;     -101.566721;     -101.370920;     -0.02;     3075.08
       885;        221.2;       ;      0.03;          ;     477.77;    0.138441;     -101.706335;     -101.567894;     -101.370919;     -0.02;     3110.14
       886;        221.5;       ;      0.04;          ;     474.26;    0.137424;     -101.706213;     -101.568789;     -101.370918;     -0.02;     3147.90
       887;        221.8;       ;      0.03;          ;     474.75;    0.137564;     -101.706221;     -101.568657;     -101.370919;     -0.02;     3188.35
       888;        222.0;       ;      0.04;          ;     472.73;    0.136981;     -101.706359;     -101.569378;     -101.370919;     -0.02;     3231.43
       889;        222.2;       ;      0.03;          ;     473.72;    0.137265;     -101.706619;     -101.569354;     -101.370920;     -0.02;     3276.73
       890;        222.5;       ;      0.04;          ;     476.57;    0.138092;     -101.706989;     -101.568897;     -101.370922;     -0.02;     3324.02
       891;        222.8;       ;      0.03;          ;     477.48;    0.138357;     -101.707452;     -101.569095;     -101.370923;     -0.03;     3372.91
       892;        223.0;       ;      0.03;          ;     478.55;    0.138665;     -101.707985;     -101.569320;     -101.370925;     -0.03;     3422.79
       893;        223.2;       ;      0.03;          ;     481.22;    0.139439;     -101.708568;     -101.569130;     -101.370926;     -0.03;     3473.10
       894;        223.5;       ;      0.03;          ;     488.76;    0.141624;     -101.709185;     -101.567561;     -101.370927;     -0.03;     3523.34
       895;        223.8;       ;      0.03;          ;     486.12;    0.140860;     -101.709829;     -101.568970;     -101.370927;     -0.03;     3573.16
       896;        224.0;       ;      0.03;          ;     489.73;    0.141907;     -101.710488;     -101.568582;     -101.370927;     -0.03;     3621.46
       897;        224.2;       ;      0.04;          ;     491.66;    0.142465;     -101.711168;     -101.568703;     -101.370927;     -0.03;     3667.98
       898;        224.5;       ;      0.03;          ;     489.92;    0.141961;     -101.711864;     -101.569903;     -101.370928;     -0.03;     3712.13
       899;        224.8;       ;      0.04;          ;     490.03;    0.141991;     -101.712572;     -101.570581;     -101.370928;     -0.03;     3753.29
       900;        225.0;       ;      0.04;          ;     484.85;    0.140493;     -101.713292;     -101.572799;     -101.370928;     -0.03;     3791.13
       901;        225.2;       ;      0.04;          ;     491.50;    0.142419;     -101.714016;     -101.571597;     -101.370929;     -0.04;     3825.16
       902;        225.5;       ;      0.03;          ;     498.45;    0.144433;     -101.714743;     -101.570310;     -101.370931;     -0.04;     3969.08
       903;        225.8;       ;      0.04;          ;     495.62;    0.143611;     -101.715455;     -101.571844;     -101.370932;     -0.04;     4123.47
       904;        226.0;       ;      0.03;          ;     498.35;    0.144402;     -101.716128;     -101.571725;     -101.370933;     -0.04;     4270.02
       905;        226.2;       ;      0.04;          ;     504.89;    0.146300;     -101.716745;     -101.570445;     -101.370935;     -0.05;     4409.35
       906;        226.5;       ;      0.03;          ;     508.96;    0.147477;     -101.717278;     -101.569802;     -101.370937;     -0.05;     4556.88
       907;        226.8;       ;      0.04;          ;     505.78;    0.146556;     -101.717695;     -101.571139;     -101.370939;     -0.05;     4727.46
       908;        227.0;       ;      0.03;          ;     502.31;    0.145551;     -101.717961;     -101.572410;     -101.370941;     -0.06;     4891.54
       909;        227.2;       ;      0.03;          ;     502.79;    0.145689;     -101.718055;     -101.572366;     -101.370942;     -0.06;     5049.64
       910;        227.5;       ;      0.03;          ;     503.04;    0.145762;     -101.717960;     -101.572198;     -101.370943;     -0.06;     5203.01
       911;        227.8;       ;      0.03;          ;     500.12;    0.144917;     -101.717664;     -101.572747;     -101.370942;     -0.06;     5418.88
       912;        228.0;       ;      0.04;          ;     499.56;    0.144755;     -101.717171;     -101.572416;     -101.370942;     -0.06;     5628.60
       913;        228.2;       ;      0.03;          ;     499.70;    0.144795;     -101.716496;     -101.571701;     -101.370940;     -0.05;     5832.07
       914;        228.5;       ;      0.03;          ;     497.38;    0.144122;     -101.715663;     -101.571541;     -101.370938;     -0.05;     6029.72
       915;        228.8;       ;      0.04;          ;     491.23;    0.142342;     -101.714706;     -101.572364;     -101.370935;     -0.05;     6221.33
       916;        229.0;       ;      0.04;          ;     483.95;    0.140232;     -101.713665;     -101.573433;     -101.370933;     -0.04;     6406.43
       917;        229.2;       ;      0.03;          ;     473.97;    0.137338;     -101.712579;     -101.575241;     -101.370931;     -0.04;     6586.49
       918;        229.5;       ;      0.03;          ;     471.39;    0.136592;     -101.711482;     -101.574890;     -101.370930;     -0.04;     6777.36
       919;        229.8;       ;      0.03;          ;     466.81;    0.135265;     -101.710389;     -101.575123;     -101.370929;     -0.04;     6960.39
       920;        230.0;       ;      0.03;          ;     458.71;    0.132916;     -101.709316;     -101.576400;     -101.370928;     -0.04;     7135.05
       921;        230.2;       ;      0.03;          ;     452.22;    0.131037;     -101.708278;     -101.577241;     -101.370928;     -0.03;     7300.55
       922;        230.5;       ;      0.03;          ;     447.34;    0.129622;     -101.707284;     -101.577661;     -101.370928;     -0.03;     7457.08
       923;        230.8;       ;      0.03;          ;     440.10;    0.127526;     -101.706334;     -101.578809;     -101.370927;     -0.03;     7604.84
       924;        231.0;       ;      0.03;          ;     430.20;    0.124656;     -101.705435;     -101.580779;     -101.370928;     -0.03;     7743.37
       925;        231.2;       ;      0.04;          ;     428.44;    0.124148;     -101.704589;     -101.580442;     -101.370928;     -0.03;     7872.25
       926;        231.5;       ;      0.03;          ;     425.19;    0.123205;     -101.703786;     -101.580581;     -101.370928;     -0.03;     7992.66
       927;        231.8;       ;      0.03;          ;     422.40;    0.122395;     -101.703017;     -101.580622;     -101.370928;     -0.04;     8104.40
       928;        232.0;       ;      0.04;          ;     421.39;    0.122102;     -101.702276;     -101.580173;     -101.370929;     -0.04;     8207.55
       929;        232.2;       ;      0.03;          ;     414.98;    0.120245;     -101.701557;     -101.581312;     -101.370928;     -0.04;     8302.35
       930;        232.5;       ;      0.03;          ;     410.88;    0.119059;     -101.700870;     -101.581811;     -101.370928;     -0.03;     8388.25
       931;        232.8;       ;      0.03;          ;     406.35;    0.117746;     -101.700226;     -101.582480;     -101.370927;     -0.03;     8465.55
       932;        233.0;       ;      0.04;          ;     406.14;    0.117686;     -101.699643;     -101.581958;     -101.370926;     -0.03;     8534.30
       933;        233.2;       ;      0.03;          ;     406.64;    0.117828;     -101.699142;     -101.581314;     -101.370924;     -0.03;     8594.90
       934;        233.5;       ;      0.03;          ;     400.77;    0.116129;     -101.698744;     -101.582615;     -101.370923;     -0.03;     8647.44
       935;        233.8;       ;      0.03;          ;     397.33;    0.115131;     -101.698472;     -101.583340;     -101.370922;     -0.02;     8691.58
       936;        234.0;       ;      0.03;          ;     400.00;    0.115906;     -101.698343;     -101.582437;     -101.370922;     -0.02;     8727.53
       937;        234.2;       ;      0.03;          ;     397.08;    0.115060;     -101.698363;     -101.583303;     -101.370922;     -0.02;     8755.64
       938;        234.5;       ;      0.03;          ;     398.88;    0.115582;     -101.698532;     -101.582950;     -101.370923;     -0.03;     8775.76
       939;        234.8;       ;      0.03;          ;     399.68;    0.115812;     -101.698842;     -101.583031;     -101.370923;     -0.03;     8788.10
       940;        235.0;       ;      0.03;          ;     400.19;    0.115961;     -101.699280;     -101.583319;     -101.370925;     -0.03;     8792.72
       941;        235.2;       ;      0.03;          ;     401.37;    0.116303;     -101.699826;     -101.583522;     -101.370926;     -0.03;     8789.73
       942;        235.5;       ;      0.03;          ;     402.61;    0.116662;     -101.700458;     -101.583797;     -101.370928;     -0.03;     8779.26
       943;        235.8;       ;      0.03;          ;     404.46;    0.117198;     -101.701152;     -101.583954;     -101.370930;     -0.04;     8761.45
       944;        236.0;       ;      0.03;          ;     402.77;    0.116709;     -101.701877;     -101.585168;     -101.370933;     -0.04;     8766.76
       945;        236.2;       ;      0.03;          ;     406.90;    0.117903;     -101.702596;     -101.584693;     -101.370935;     -0.05;     8786.89
       946;        236.5;       ;      0.03;          ;     410.52;    0.118954;     -101.703280;     -101.584326;     -101.370937;     -0.05;     8800.43
       947;        236.8;       ;      0.04;          ;     412.51;    0.119529;     -101.703896;     -101.584367;     -101.370939;     -0.05;     8807.55
       948;        237.0;       ;      0.04;          ;     413.71;    0.119877;     -101.704415;     -101.584538;     -101.370941;     -0.06;     8808.48
       949;        237.2;       ;      0.03;          ;     416.08;    0.120563;     -101.704822;     -101.584258;     -101.370941;     -0.06;     8803.47
       950;        237.5;       ;      0.04;          ;     416.95;    0.120817;     -101.705113;     -101.584296;     -101.370941;     -0.06;     8792.77
       951;        237.8;       ;      0.04;          ;     413.23;    0.119738;     -101.705296;     -101.585558;     -101.370939;     -0.05;     8776.67
       952;        238.0;       ;      0.04;          ;     415.86;    0.120501;     -101.705393;     -101.584892;     -101.370938;     -0.05;     8755.58
       953;        238.2;       ;      0.04;          ;     415.62;    0.120430;     -101.705431;     -101.585001;     -101.370936;     -0.05;     8729.64
       954;        238.5;       ;      0.04;          ;     417.85;    0.121077;     -101.705436;     -101.584359;     -101.370935;     -0.05;     8699.22
       955;        238.8;       ;      0.04;          ;     416.54;    0.120697;     -101.705427;     -101.584731;     -101.370934;     -0.05;     8664.54
       956;        239.0;       ;      0.04;          ;     422.42;    0.122402;     -101.705423;     -101.583021;     -101.370934;     -0.04;     8626.02
       957;        239.2;       ;      0.04;          ;     423.63;    0.122752;     -101.705429;     -101.582677;     -101.370933;     -0.04;     8583.59
       958;        239.5;       ;      0.03;          ;     421.61;    0.122168;     -101.705442;     -101.583274;     -101.370934;     -0.04;     8537.72
       959;        239.8;       ;      0.03;          ;     422.16;    0.122326;     -101.705458;     -101.583131;     -101.370935;     -0.05;     8488.81
       960;        240.0;       ;      0.03;          ;     423.50;    0.122714;     -101.705464;     -101.582750;     -101.370935;     -0.05;     8436.93
       961;        240.2;       ;      0.04;          ;     421.21;    0.122051;     -101.705447;     -101.583397;     -101.370936;     -0.05;     8382.19
       962;        240.5;       ;      0.03;          ;     421.16;    0.122036;     -101.705393;     -101.583356;     -101.370937;     -0.05;     8324.97
       963;        240.8;       ;      0.04;          ;     419.56;    0.121572;     -101.705287;     -101.583715;     -101.370938;     -0.05;     8265.24
       964;        241.0;       ;      0.04;          ;     423.43;    0.122695;     -101.705123;     -101.582427;     -101.370938;     -0.05;     8203.20
       965;        241.2;       ;      0.04;          ;     424.39;    0.122973;     -101.704892;     -101.581919;     -101.370937;     -0.05;     8138.50
       966;        241.5;       ;      0.04;          ;     422.45;    0.122412;     -101.704597;     -101.582185;     -101.370937;     -0.05;     8071.39
       967;        241.8;       ;      0.04;          ;     420.87;    0.121953;     -101.704250;     -101.582296;     -101.370935;     -0.05;     8002.10
       968;        242.0;       ;      0.04;          ;     414.65;    0.120151;     -101.703871;     -101.583720;     -101.370934;     -0.04;     7930.60
       969;        242.2;       ;      0.04;          ;     415.63;    0.120434;     -101.703490;     -101.583057;     -101.370932;     -0.04;     7857.24
       970;        242.5;       ;      0.03;          ;     418.24;    0.121191;     -101.703133;     -101.581942;     -101.370930;     -0.04;     7781.35
       971;        242.8;       ;      0.04;          ;     416.32;    0.120635;     -101.702822;     -101.582187;     -101.370929;     -0.04;     7702.70
       972;        243.0;       ;      0.04;          ;     413.00;    0.119671;     -101.702581;     -101.582910;     -101.370928;     -0.03;     7621.65
       973;        243.2;       ;      0.04;          ;     414.40;    0.120078;     -101.702432;     -101.582354;     -101.370927;     -0.03;     7538.25
       974;        243.5;       ;      0.03;          ;     416.38;    0.120651;     -101.702386;     -101.581735;     -101.370927;     -0.03;     7451.92
       975;        243.8;       ;      0.04;          ;     418.16;    0.121167;     -101.702452;     -101.581285;     -101.370926;     -0.03;     7376.09
       976;        244.0;       ;      0.03;          ;     420.17;    0.121749;     -101.702634;     -101.580885;     -101.370926;     -0.03;     7343.42
       977;        244.2;       ;      0.03;          ;     423.02;    0.122575;     -101.702935;     -101.580360;     -101.370926;     -0.03;     7308.01
       978;        244.5;       ;      0.03;          ;     425.41;    0.123269;     -101.703360;     -101.580091;     -101.370926;     -0.03;     7269.21
       979;        244.8;       ;      0.03;          ;     429.37;    0.124416;     -101.703909;     -101.579493;     -101.370926;     -0.03;     7226.39
       980;        245.0;       ;      0.03;          ;     438.83;    0.127158;     -101.704583;     -101.577425;     -101.370926;     -0.03;     7178.75
       981;        245.2;       ;      0.04;          ;     439.67;    0.127402;     -101.705378;     -101.577977;     -101.370927;     -0.03;     7125.29
       982;        245.5;       ;      0.03;          ;     447.27;    0.129602;     -101.706274;     -101.576672;     -101.370929;     -0.04;     7065.83
       983;        245.8;       ;      0.03;          ;     457.93;    0.132691;     -101.707258;     -101.574567;     -101.370930;     -0.04;     6999.24
       984;        246.0;       ;      0.04;          ;     463.48;    0.134298;     -101.708306;     -101.574008;     -101.370932;     -0.04;     6924.62
       985;        246.2;       ;      0.03;          ;     472.38;    0.136877;     -101.709382;     -101.572505;     -101.370934;     -0.04;     6841.80
       986;        246.5;       ;      0.04;          ;     478.83;    0.138748;     -101.710461;     -101.571713;     -101.370935;     -0.05;     6749.94
       987;        246.8;       ;      0.03;          ;     480.01;    0.139089;     -101.711515;     -101.572426;     -101.370937;     -0.05;     6648.78
       988;        247.0;       ;      0.03;          ;     484.11;    0.140276;     -101.712526;     -101.572250;     -101.370937;     -0.05;     6538.53
       989;        247.2;       ;      0.03;          ;     493.90;    0.143113;     -101.713491;     -101.570378;     -101.370937;     -0.05;     6418.56
       990;        247.5;       ;      0.03;          ;     498.17;    0.144352;     -101.714414;     -101.570062;     -101.370936;     -0.05;     6321.78
       991;        247.8;       ;      0.04;          ;     495.51;    0.143581;     -101.715297;     -101.571716;     -101.370935;     -0.05;     6274.84
       992;        248.0;       ;      0.03;          ;     497.95;    0.144289;     -101.716143;     -101.571855;     -101.370935;     -0.05;     6219.11
       993;        248.2;       ;      0.04;          ;     498.80;    0.144533;     -101.716970;     -101.572437;     -101.370934;     -0.05;     6154.32
       994;        248.5;       ;      0.03;          ;     503.19;    0.145805;     -101.717783;     -101.571978;     -101.370935;     -0.05;     6080.68
       995;        248.8;       ;      0.03;          ;     507.34;    0.147009;     -101.718581;     -101.571572;     -101.370935;     -0.05;     5998.18
       996;        249.0;       ;      0.03;          ;     507.36;    0.147015;     -101.719356;     -101.572341;     -101.370936;     -0.05;     5907.18
       997;        249.2;       ;      0.03;          ;     507.94;    0.147183;     -101.720090;     -101.572907;     -101.370938;     -0.05;     5808.54
       998;        249.5;       ;      0.04;          ;     508.84;    0.147444;     -101.720768;     -101.573323;     -101.370939;     -0.05;     5702.80
       999;        249.8;       ;      0.03;          ;     512.42;    0.148480;     -101.721369;     -101.572889;     -101.370941;     -0.06;     5590.61
      1000;        250.0;       ;      0.04;          ;     522.62;    0.151435;     -101.721873;     -101.570438;     -101.370942;     -0.06;     5472.45
      1001;        250.2;       ;      0.03;          ;     524.97;    0.152116;     -101.722259;     -101.570143;     -101.370943;     -0.06;     5348.35
      1002;        250.5;       ;      0.03;          ;     526.07;    0.152436;     -101.722504;     -101.570068;     -101.370944;     -0.06;     5220.08
      1003;        250.8;       ;      0.03;          ;     526.03;    0.152424;     -101.722602;     -101.570178;     -101.370944;     -0.06;     5088.68
      1004;        251.0;       ;      0.03;          ;     530.95;    0.153850;     -101.722555;     -101.568706;     -101.370942;     -0.06;     4979.92
      1005;        251.2;       ;      0.04;          ;     534.72;    0.154942;     -101.722376;     -101.567434;     -101.370941;     -0.06;     4920.15
      1006;        251.5;       ;      0.04;          ;     532.84;    0.154399;     -101.722077;     -101.567678;     -101.370940;     -0.05;     4858.22
      1007;        251.8;       ;      0.03;          ;     531.23;    0.153931;     -101.721681;     -101.567750;     -101.370938;     -0.05;     4794.73
      1008;        252.0;       ;      0.04;          ;     531.12;    0.153899;     -101.721212;     -101.567313;     -101.370937;     -0.05;     4729.99
      1009;        252.2;       ;      0.04;          ;     531.17;    0.153914;     -101.720692;     -101.566778;     -101.370936;     -0.05;     4664.17
      1010;        252.5;       ;      0.04;          ;     528.89;    0.153253;     -101.720138;     -101.566885;     -101.370935;     -0.05;     4597.55
      1011;        252.8;       ;      0.03;          ;     527.76;    0.152927;     -101.719565;     -101.566638;     -101.370934;     -0.05;     4530.53
      1012;        253.0;       ;      0.04;          ;     526.40;    0.152532;     -101.718982;     -101.566450;     -101.370934;     -0.04;     4463.23
      1013;        253.2;       ;      0.03;          ;     529.82;    0.153522;     -101.718396;     -101.564873;     -101.370933;     -0.04;     4395.84
      1014;        253.5;       ;      0.04;          ;     527.58;    0.152873;     -101.717808;     -101.564936;     -101.370933;     -0.04;     4328.20
      1015;        253.8;       ;      0.03;          ;     520.12;    0.150712;     -101.717228;     -101.566516;     -101.370932;     -0.04;     4260.75
      1016;        254.0;       ;      0.04;          ;     517.82;    0.150046;     -101.716669;     -101.566623;     -101.370932;     -0.04;     4193.86
      1017;        254.2;       ;      0.04;          ;     520.91;    0.150942;     -101.716140;     -101.565198;     -101.370931;     -0.04;     4127.21
      1018;        254.5;       ;      0.04;          ;     515.62;    0.149407;     -101.715646;     -101.566239;     -101.370931;     -0.04;     4060.42
      1019;        254.8;       ;      0.03;          ;     516.71;    0.149725;     -101.715198;     -101.565473;     -101.370931;     -0.04;     3993.97
      1020;        255.0;       ;      0.03;          ;     512.28;    0.148439;     -101.714795;     -101.566356;     -101.370931;     -0.04;     3927.36
      1021;        255.2;       ;      0.04;          ;     513.40;    0.148766;     -101.714435;     -101.565670;     -101.370932;     -0.04;     3860.83
      1022;        255.5;       ;      0.03;          ;     514.04;    0.148949;     -101.714109;     -101.565161;     -101.370932;     -0.04;     3793.92
      1023;        255.8;       ;      0.04;          ;     516.48;    0.149657;     -101.713803;     -101.564146;     -101.370933;     -0.04;     3726.52
      1024;        256.0;       ;      0.04;          ;     512.98;    0.148644;     -101.713504;     -101.564860;     -101.370934;     -0.04;     3658.40
      1025;        256.2;       ;      0.04;          ;     509.95;    0.147765;     -101.713205;     -101.565440;     -101.370934;     -0.05;     3589.81
      1026;        256.5;       ;      0.03;          ;     507.83;    0.147150;     -101.712907;     -101.565757;     -101.370934;     -0.04;     3520.62
      1027;        256.8;       ;      0.03;          ;     506.99;    0.146907;     -101.712619;     -101.565712;     -101.370933;     -0.04;     3450.66
      1028;        257.0;       ;      0.03;          ;     509.92;    0.147756;     -101.712356;     -101.564600;     -101.370932;     -0.04;     3379.76
      1029;        257.2;       ;      0.04;          ;     514.36;    0.149043;     -101.712135;     -101.563093;     -101.370930;     -0.04;     3307.59
      1030;        257.5;       ;      0.04;          ;     517.98;    0.150092;     -101.711976;     -101.561883;     -101.370929;     -0.04;     3234.00
      1031;        257.8;       ;      0.04;          ;     518.71;    0.150304;     -101.711893;     -101.561589;     -101.370928;     -0.04;     3159.03
      1032;        258.0;       ;      0.03;          ;     517.34;    0.149906;     -101.711898;     -101.561992;     -101.370928;     -0.04;     3082.89
      1033;        258.2;       ;      0.03;          ;     515.77;    0.149451;     -101.711994;     -101.562543;     -101.370929;     -0.04;     3005.76
      1034;        258.5;       ;      0.03;          ;     515.55;    0.149386;     -101.712174;     -101.562788;     -101.370930;     -0.04;     2927.71
      1035;        258.8;       ;      0.04;          ;     515.33;    0.149324;     -101.712422;     -101.563098;     -101.370932;     -0.04;     2848.72
      1036;        259.0;       ;      0.03;          ;     519.28;    0.150467;     -101.712714;     -101.562247;     -101.370934;     -0.04;     2768.86
      1037;        259.2;       ;      0.04;          ;     518.43;    0.150223;     -101.713021;     -101.562798;     -101.370936;     -0.05;     2687.93
      1038;        259.5;       ;      0.03;          ;     518.28;    0.150178;     -101.713314;     -101.563136;     -101.370937;     -0.05;     2606.38
      1039;        259.8;       ;      0.04;          ;     516.49;    0.149659;     -101.713574;     -101.563915;     -101.370938;     -0.05;     2524.28
      1040;        260.0;       ;      0.04;          ;     512.11;    0.148390;     -101.713790;     -101.565400;     -101.370938;     -0.05;     2441.88
      1041;        260.2;       ;      0.03;          ;     512.39;    0.148471;     -101.713961;     -101.565490;     -101.370937;     -0.05;     2359.47
      1042;        260.5;       ;      0.04;          ;     521.31;    0.151055;     -101.714096;     -101.563041;     -101.370937;     -0.05;     2276.81
      1043;        260.8;       ;      0.04;          ;     519.89;    0.150646;     -101.714200;     -101.563554;     -101.370936;     -0.05;     2193.27
      1044;        261.0;       ;      0.04;          ;     517.66;    0.149998;     -101.714275;     -101.564277;     -101.370936;     -0.05;     2109.77
      1045;        261.2;       ;      0.03;          ;     513.44;    0.148776;     -101.714327;     -101.565551;     -101.370936;     -0.05;     2026.44
      1046;        261.5;       ;      0.03;          ;     509.50;    0.147634;     -101.714358;     -101.566724;     -101.370937;     -0.05;     1943.45
      1047;        261.8;       ;      0.03;          ;     506.46;    0.146753;     -101.714361;     -101.567608;     -101.370938;     -0.05;     1860.79
      1048;        262.0;       ;      0.03;          ;     503.65;    0.145939;     -101.714324;     -101.568386;     -101.370939;     -0.05;     1778.36
      1049;        262.2;       ;      0.03;          ;     504.11;    0.146072;     -101.714231;     -101.568159;     -101.370940;     -0.06;     1696.04
      1050;        262.5;       ;      0.04;          ;     501.16;    0.145218;     -101.714065;     -101.568847;     -101.370941;     -0.06;     1613.48
      1051;        262.8;       ;      0.03;          ;     501.60;    0.145345;     -101.713815;     -101.568470;     -101.370940;     -0.06;     1551.77
      1052;        263.0;       ;      0.03;          ;     506.21;    0.146681;     -101.713481;     -101.566800;     -101.370940;     -0.06;     1506.22
      1053;        263.2;       ;      0.03;          ;     504.99;    0.146328;     -101.713064;     -101.566736;     -101.370939;     -0.05;     1459.96
      1054;        263.5;       ;      0.03;          ;     506.98;    0.146905;     -101.712582;     -101.565677;     -101.370937;     -0.05;     1413.19
      1055;        263.8;       ;      0.03;          ;     504.54;    0.146196;     -101.712053;     -101.565857;     -101.370936;     -0.05;     1365.72
      1056;        264.0;       ;      0.03;          ;     500.30;    0.144970;     -101.711504;     -101.566534;     -101.370935;     -0.05;     1317.72
      1057;        264.2;       ;      0.04;          ;     498.63;    0.144486;     -101.710958;     -101.566472;     -101.370934;     -0.04;     1269.25
      1058;        264.5;       ;      0.04;          ;     493.89;    0.143111;     -101.710428;     -101.567316;     -101.370934;     -0.04;     1220.18
      1059;        264.8;       ;      0.03;          ;     488.68;    0.141600;     -101.709919;     -101.568319;     -101.370934;     -0.05;     1170.67
      1060;        265.0;       ;      0.03;          ;     488.52;    0.141555;     -101.709427;     -101.567872;     -101.370935;     -0.05;     1120.74
      1061;        265.2;       ;      0.03;          ;     484.08;    0.140269;     -101.708934;     -101.568666;     -101.370937;     -0.05;     1070.17
      1062;        265.5;       ;      0.04;          ;     477.23;    0.138284;     -101.708425;     -101.570140;     -101.370938;     -0.05;     1019.21
      1063;        265.8;       ;      0.03;          ;     480.12;    0.139120;     -101.707883;     -101.568763;     -101.370939;     -0.05;      968.02
      1064;        266.0;       ;      0.04;          ;     481.77;    0.139598;     -101.707290;     -101.567691;     -101.370940;     -0.05;      916.11
      1065;        266.2;       ;      0.03;          ;     479.23;    0.138862;     -101.706636;     -101.567774;     -101.370939;     -0.05;      863.61
      1066;        266.5;       ;      0.03;          ;     473.21;    0.137118;     -101.705930;     -101.568812;     -101.370938;     -0.05;      810.77
      1067;        266.8;       ;      0.03;          ;     471.80;    0.136710;     -101.705198;     -101.568488;     -101.370937;     -0.05;      757.85
      1068;        267.0;       ;      0.03;          ;     471.90;    0.136740;     -101.704466;     -101.567726;     -101.370934;     -0.05;      704.63
      1069;        267.2;       ;      0.03;          ;     466.24;    0.135100;     -101.703766;     -101.568666;     -101.370932;     -0.04;      651.10
      1070;        267.5;       ;      0.03;          ;     462.32;    0.133962;     -101.703140;     -101.569178;     -101.370931;     -0.04;      597.63
      1071;        267.8;       ;      0.03;          ;     458.89;    0.132970;     -101.702617;     -101.569647;     -101.370930;     -0.04;      544.20
      1072;        268.0;       ;      0.04;          ;     458.46;    0.132844;     -101.702218;     -101.569373;     -101.370930;     -0.04;      490.84
      1073;        268.2;       ;      0.04;          ;     455.97;    0.132123;     -101.701946;     -101.569823;     -101.370930;     -0.04;      437.44
      1074;        268.5;       ;      0.04;          ;     454.72;    0.131760;     -101.701798;     -101.570039;     -101.370931;     -0.04;      384.18
      1075;        268.8;       ;      0.03;          ;     454.81;    0.131786;     -101.701762;     -101.569976;     -101.370933;     -0.04;      331.03
      1076;        269.0;       ;      0.03;          ;     454.90;    0.131812;     -101.701817;     -101.570005;     -101.370934;     -0.04;      277.97
      1077;        269.2;       ;      0.03;          ;     453.15;    0.131307;     -101.701948;     -101.570641;     -101.370935;     -0.05;      225.03
      1078;        269.5;       ;      0.04;          ;     450.46;    0.130528;     -101.702140;     -101.571612;     -101.370935;     -0.05;      172.36
      1079;        269.8;       ;      0.04;          ;     448.75;    0.130031;     -101.702385;     -101.572354;     -101.370936;     -0.05;      120.02
      1080;        270.0;       ;      0.03;          ;     448.13;    0.129853;     -101.702677;     -101.572824;     -101.370936;     -0.05;       67.99
      1081;        270.2;       ;      0.03;          ;     441.54;    0.127942;     -101.703014;     -101.575072;     -101.370937;     -0.05;       16.22
      1082;        270.5;       ;      0.04;          ;     446.81;    0.129469;     -101.703389;     -101.573921;     -101.370937;     -0.05;        0.00
      1083;        270.8;       ;      0.04;          ;     450.90;    0.130654;     -101.703796;     -101.573142;     -101.370939;     -0.05;        0.00
      1084;        271.0;       ;      0.04;          ;     448.67;    0.130008;     -101.704210;     -101.574202;     -101.370940;     -0.06;        0.00
      1085;        271.2;       ;      0.04;          ;     448.04;    0.129826;     -101.704607;     -101.574781;     -101.370942;     -0.06;        0.00
      1086;        271.5;       ;      0.04;          ;     445.85;    0.129192;     -101.704962;     -101.575770;     -101.370943;     -0.06;        0.00
      1087;        271.8;       ;      0.03;          ;     449.27;    0.130181;     -101.705255;     -101.575073;     -101.370944;     -0.06;        0.00
      1088;        272.0;       ;      0.04;          ;     453.10;    0.131293;     -101.705469;     -101.574176;     -101.370945;     -0.06;        0.00
      1089;        272.2;       ;      0.03;          ;     452.75;    0.131191;     -101.705593;     -101.574402;     -101.370945;     -0.06;        0.00
      1090;        272.5;       ;      0.03;          ;     455.28;    0.131922;     -101.705629;     -101.573707;     -101.370944;     -0.06;        0.00
      1091;        272.8;       ;      0.04;          ;     463.83;    0.134401;     -101.705588;     -101.571187;     -101.370942;     -0.06;        0.00
      1092;        273.0;       ;      0.04;          ;     466.10;    0.135060;     -101.705485;     -101.570425;     -101.370941;     -0.06;        0.00
      1093;        273.2;       ;      0.03;          ;     466.54;    0.135185;     -101.705340;     -101.570155;     -101.370939;     -0.05;        0.00
      1094;        273.5;       ;      0.04;          ;     465.94;    0.135013;     -101.705174;     -101.570161;     -101.370938;     -0.05;        0.00
      1095;        273.8;       ;      0.03;          ;     463.71;    0.134366;     -101.705005;     -101.570639;     -101.370937;     -0.05;        0.00
      1096;        274.0;       ;      0.03;          ;     466.73;    0.135242;     -101.704840;     -101.569598;     -101.370938;     -0.05;        0.00
      1097;        274.2;       ;      0.03;          ;     466.60;    0.135204;     -101.704671;     -101.569467;     -101.370939;     -0.05;        0.00
      1098;        274.5;       ;      0.03;          ;     464.36;    0.134554;     -101.704479;     -101.569925;     -101.370941;     -0.06;        0.00
      1099;        274.8;       ;      0.04;          ;     462.65;    0.134059;     -101.704237;     -101.570178;     -101.370943;     -0.06;        0.00
      1100;        275.0;       ;      0.03;          ;     463.72;    0.134368;     -101.703910;     -101.569542;     -101.370946;     -0.06;        0.00
      1101;        275.2;       ;      0.04;          ;     462.74;    0.134084;     -101.703466;     -101.569382;     -101.370947;     -0.07;        0.00
      1102;        275.5;       ;      0.04;          ;     461.10;    0.133608;     -101.702875;     -101.569266;     -101.370949;     -0.07;        0.00
      1103;        275.8;       ;      0.04;          ;     458.64;    0.132897;     -101.702120;     -101.569224;     -101.370949;     -0.07;        0.00
      1104;        276.0;       ;      0.04;          ;     454.61;    0.131730;     -101.701203;     -101.569473;     -101.370948;     -0.07;        0.00
      1105;        276.2;       ;      0.04;          ;     449.93;    0.130372;     -101.700143;     -101.569771;     -101.370946;     -0.07;        0.00
      1106;        276.5;       ;      0.03;          ;     446.91;    0.129498;     -101.698975;     -101.569477;     -101.370943;     -0.06;        0.00
      1107;        276.8;       ;      0.04;          ;     441.18;    0.127837;     -101.697745;     -101.569908;     -101.370940;     -0.05;        0.00
      1108;        277.0;       ;      0.03;          ;     431.83;    0.125128;     -101.696508;     -101.571380;     -101.370937;     -0.05;        0.00
      1109;        277.2;       ;      0.03;          ;     428.05;    0.124033;     -101.695322;     -101.571289;     -101.370934;     -0.04;        0.00
      1110;        277.5;       ;      0.04;          ;     420.99;    0.121986;     -101.694227;     -101.572241;     -101.370932;     -0.04;        0.00
      1111;        277.8;       ;      0.03;          ;     418.33;    0.121216;     -101.693260;     -101.572044;     -101.370931;     -0.04;        0.00
      1112;        278.0;       ;      0.03;          ;     416.10;    0.120571;     -101.692435;     -101.571864;     -101.370930;     -0.04;        0.00
      1113;        278.2;       ;      0.03;          ;     408.80;    0.118455;     -101.691760;     -101.573305;     -101.370931;     -0.04;        0.00
      1114;        278.5;       ;      0.04;          ;     405.04;    0.117365;     -101.691241;     -101.573876;     -101.370931;     -0.04;        0.00
      1115;        278.8;       ;      0.03;          ;     400.96;    0.116184;     -101.690873;     -101.574689;     -101.370931;     -0.04;        0.00
      1116;        279.0;       ;      0.04;          ;     398.79;    0.115554;     -101.690652;     -101.575097;     -101.370932;     -0.04;        0.00
      1117;        279.2;       ;      0.03;          ;     397.99;    0.115323;     -101.690573;     -101.575250;     -101.370932;     -0.04;        0.00
      1118;        279.5;       ;      0.03;          ;     397.21;    0.115097;     -101.690629;     -101.575532;     -101.370933;     -0.04;        0.00
      1119;        279.8;       ;      0.04;          ;     395.70;    0.114659;     -101.690808;     -101.576148;     -101.370934;     -0.05;        0.00
      1120;        280.0;       ;      0.03;          ;     394.60;    0.114342;     -101.691090;     -101.576748;     -101.370936;     -0.05;        0.00
      1121;        280.2;       ;      0.04;          ;     398.06;    0.115343;     -101.691450;     -101.576107;     -101.370938;     -0.05;        0.00
      1122;        280.5;       ;      0.03;          ;     398.92;    0.115593;     -101.691858;     -101.576265;     -101.370940;     -0.05;        0.00
      1123;        280.8;       ;      0.03;          ;     401.56;    0.116357;     -101.692279;     -101.575922;     -101.370942;     -0.06;        0.00
      1124;        281.0;       ;      0.03;          ;     404.35;    0.117165;     -101.692680;     -101.575515;     -101.370943;     -0.06;        0.00
      1125;        281.2;       ;      0.04;          ;     404.57;    0.117229;     -101.693032;     -101.575804;     -101.370945;     -0.06;        0.00
      1126;        281.5;       ;      0.03;          ;     405.99;    0.117642;     -101.693318;     -101.575676;     -101.370945;     -0.06;        0.00
      1127;        281.8;       ;      0.04;          ;     410.43;    0.118928;     -101.693532;     -101.574604;     -101.370944;     -0.06;        0.00
      1128;        282.0;       ;      0.04;          ;     407.53;    0.118088;     -101.693682;     -101.575593;     -101.370943;     -0.06;        0.00
      1129;        282.2;       ;      0.03;          ;     408.84;    0.118467;     -101.693786;     -101.575319;     -101.370941;     -0.06;        0.00
      1130;        282.5;       ;      0.03;          ;     405.60;    0.117529;     -101.693877;     -101.576349;     -101.370939;     -0.05;        0.00
      1131;        282.8;       ;      0.03;          ;     407.12;    0.117968;     -101.693990;     -101.576022;     -101.370938;     -0.05;        0.00
      1132;        283.0;       ;      0.04;          ;     408.68;    0.118420;     -101.694157;     -101.575737;     -101.370936;     -0.05;        0.00
      1133;        283.2;       ;      0.03;          ;     410.14;    0.118843;     -101.694402;     -101.575559;     -101.370936;     -0.05;        0.00
      1134;        283.5;       ;      0.04;          ;     405.22;    0.117417;     -101.694738;     -101.577321;     -101.370936;     -0.05;        0.00
      1135;        283.8;       ;      0.03;          ;     407.24;    0.118003;     -101.695166;     -101.577163;     -101.370938;     -0.05;        0.00
      1136;        284.0;       ;      0.03;          ;     407.87;    0.118184;     -101.695679;     -101.577495;     -101.370940;     -0.05;        0.00
      1137;        284.2;       ;      0.03;          ;     409.90;    0.118774;     -101.696252;     -101.577478;     -101.370942;     -0.06;        0.00
      1138;        284.5;       ;      0.04;          ;     412.66;    0.119574;     -101.696853;     -101.577279;     -101.370945;     -0.06;        0.00
      1139;        284.8;       ;      0.04;          ;     412.60;    0.119557;     -101.697446;     -101.577888;     -101.370948;     -0.07;        0.00
      1140;        285.0;       ;      0.04;          ;     415.79;    0.120479;     -101.697987;     -101.577507;     -101.370950;     -0.07;        0.00
      1141;        285.2;       ;      0.03;          ;     421.63;    0.122174;     -101.698443;     -101.576268;     -101.370952;     -0.08;        0.00
      1142;        285.5;       ;      0.04;          ;     420.16;    0.121746;     -101.698786;     -101.577041;     -101.370953;     -0.08;        0.00
      1143;        285.8;       ;      0.04;          ;     415.70;    0.120455;     -101.698999;     -101.578544;     -101.370953;     -0.08;        0.00
      1144;        286.0;       ;      0.04;          ;     410.10;    0.118832;     -101.699080;     -101.580249;     -101.370953;     -0.08;        0.00
      1145;        286.2;       ;      0.03;          ;     410.74;    0.119016;     -101.699044;     -101.580028;     -101.370953;     -0.08;        0.00
      1146;        286.5;       ;      0.03;          ;     407.94;    0.118207;     -101.698909;     -101.580702;     -101.370951;     -0.08;        0.00
      1147;        286.8;       ;      0.04;          ;     402.98;    0.116768;     -101.698696;     -101.581928;     -101.370950;     -0.07;        0.00
      1148;        287.0;       ;      0.03;          ;     402.08;    0.116507;     -101.698440;     -101.581933;     -101.370948;     -0.07;        0.00
      1149;        287.2;       ;      0.03;          ;     400.17;    0.115953;     -101.698174;     -101.582220;     -101.370945;     -0.06;        0.00
      1150;        287.5;       ;      0.04;          ;     395.98;    0.114741;     -101.697936;     -101.583195;     -101.370943;     -0.06;        0.00
      1151;        287.8;       ;      0.04;          ;     393.97;    0.114159;     -101.697766;     -101.583607;     -101.370941;     -0.06;        0.00
      1152;        288.0;       ;      0.04;          ;     390.65;    0.113196;     -101.697701;     -101.584505;     -101.370939;     -0.05;        0.00
      1153;        288.2;       ;      0.03;          ;     388.83;    0.112668;     -101.697774;     -101.585107;     -101.370937;     -0.05;        0.00
      1154;        288.5;       ;      0.04;          ;     391.63;    0.113479;     -101.698010;     -101.584531;     -101.370936;     -0.05;        0.00
      1155;        288.8;       ;      0.04;          ;     398.60;    0.115499;     -101.698421;     -101.582921;     -101.370937;     -0.05;        0.00
      1156;        289.0;       ;      0.03;          ;     398.77;    0.115548;     -101.699002;     -101.583454;     -101.370938;     -0.05;        0.00
      1157;        289.2;       ;      0.04;          ;     400.26;    0.115982;     -101.699728;     -101.583747;     -101.370940;     -0.06;        0.00
      1158;        289.5;       ;      0.04;          ;     401.93;    0.116466;     -101.700570;     -101.584105;     -101.370942;     -0.06;        0.00
      1159;        289.8;       ;      0.04;          ;     406.15;    0.117687;     -101.701487;     -101.583800;     -101.370946;     -0.06;        0.00
      1160;        290.0;       ;      0.04;          ;     409.45;    0.118645;     -101.702433;     -101.583788;     -101.370948;     -0.07;        0.00
      1161;        290.2;       ;      0.04;          ;     411.12;    0.119128;     -101.703362;     -101.584234;     -101.370951;     -0.07;        0.00
      1162;        290.5;       ;      0.04;          ;     416.34;    0.120640;     -101.704236;     -101.583596;     -101.370952;     -0.08;        0.00
      1163;        290.8;       ;      0.04;          ;     418.75;    0.121339;     -101.705036;     -101.583697;     -101.370953;     -0.08;        0.00
      1164;        291.0;       ;      0.04;          ;     420.62;    0.121880;     -101.705747;     -101.583867;     -101.370953;     -0.08;        0.00
      1165;        291.2;       ;      0.04;          ;     424.12;    0.122895;     -101.706379;     -101.583485;     -101.370951;     -0.08;        0.00
      1166;        291.5;       ;      0.03;          ;     426.49;    0.123580;     -101.706954;     -101.583374;     -101.370949;     -0.07;        0.00
      1167;        291.8;       ;      0.04;          ;     434.31;    0.125848;     -101.707504;     -101.581656;     -101.370947;     -0.07;        0.00
      1168;        292.0;       ;      0.03;          ;     437.24;    0.126696;     -101.708068;     -101.581372;     -101.370945;     -0.06;        0.00
      1169;        292.2;       ;      0.03;          ;     439.60;    0.127380;     -101.708679;     -101.581299;     -101.370943;     -0.06;        0.00
      1170;        292.5;       ;      0.03;          ;     448.95;    0.130090;     -101.709370;     -101.579280;     -101.370942;     -0.06;        0.00
      1171;        292.8;       ;      0.04;          ;     452.12;    0.131007;     -101.710165;     -101.579158;     -101.370941;     -0.06;        0.00
      1172;        293.0;       ;      0.03;          ;     456.68;    0.132329;     -101.711066;     -101.578737;     -101.370942;     -0.06;        0.00
      1173;        293.2;       ;      0.04;          ;     458.96;    0.132991;     -101.712065;     -101.579073;     -101.370943;     -0.06;        0.00
      1174;        293.5;       ;      0.03;          ;     460.82;    0.133529;     -101.713139;     -101.579610;     -101.370945;     -0.06;        0.00
      1175;        293.8;       ;      0.04;          ;     466.16;    0.135075;     -101.714257;     -101.579182;     -101.370948;     -0.07;        0.00
      1176;        294.0;       ;      0.04;          ;     470.15;    0.136233;     -101.715384;     -101.579151;     -101.370951;     -0.07;        0.00
      1177;        294.2;       ;      0.03;          ;     473.34;    0.137157;     -101.716474;     -101.579317;     -101.370954;     -0.08;        0.00
      1178;        294.5;       ;      0.04;          ;     478.27;    0.138584;     -101.717487;     -101.578903;     -101.370956;     -0.08;        0.00
      1179;        294.8;       ;      0.04;          ;     483.77;    0.140178;     -101.718387;     -101.578210;     -101.370958;     -0.09;        0.00
      1180;        295.0;       ;      0.03;          ;     485.82;    0.140773;     -101.719146;     -101.578373;     -101.370959;     -0.09;        0.00
      1181;        295.2;       ;      0.04;          ;     489.03;    0.141702;     -101.719739;     -101.578037;     -101.370960;     -0.09;        0.00
      1182;        295.5;       ;      0.03;          ;     493.47;    0.142990;     -101.720159;     -101.577169;     -101.370960;     -0.09;        0.00
      1183;        295.8;       ;      0.03;          ;     494.26;    0.143219;     -101.720405;     -101.577186;     -101.370959;     -0.09;        0.00
      1184;        296.0;       ;      0.03;          ;     494.61;    0.143320;     -101.720482;     -101.577162;     -101.370958;     -0.09;        0.00
      1185;        296.2;       ;      0.04;          ;     496.76;    0.143943;     -101.720405;     -101.576462;     -101.370957;     -0.08;        0.00
      1186;        296.5;       ;      0.04;          ;     494.14;    0.143185;     -101.720192;     -101.577007;     -101.370955;     -0.08;        0.00
      1187;        296.8;       ;      0.03;          ;     487.89;    0.141373;     -101.719874;     -101.578501;     -101.370953;     -0.08;        0.00
      1188;        297.0;       ;      0.03;          ;     487.15;    0.141157;     -101.719492;     -101.578336;     -101.370950;     -0.07;        0.00
      1189;        297.2;       ;      0.03;          ;     490.53;    0.142139;     -101.719087;     -101.576948;     -101.370947;     -0.07;        0.00
      1190;        297.5;       ;      0.03;          ;     487.44;    0.141243;     -101.718698;     -101.577455;     -101.370945;     -0.06;        0.00
      1191;        297.8;       ;      0.04;          ;     483.75;    0.140174;     -101.718369;     -101.578196;     -101.370942;     -0.06;        0.00
      1192;        298.0;       ;      0.03;          ;     481.07;    0.139396;     -101.718139;     -101.578743;     -101.370941;     -0.06;        0.00
      1193;        298.2;       ;      0.03;          ;     476.61;    0.138103;     -101.718034;     -101.579930;     -101.370940;     -0.06;        0.00
      1194;        298.5;       ;      0.04;          ;     472.29;    0.136853;     -101.718061;     -101.581207;     -101.370941;     -0.06;        0.00
      1195;        298.8;       ;      0.03;          ;     467.28;    0.135400;     -101.718213;     -101.582813;     -101.370943;     -0.06;        0.00
      1196;        299.0;       ;      0.03;          ;     465.93;    0.135009;     -101.718465;     -101.583456;     -101.370945;     -0.06;        0.00
      1197;        299.2;       ;      0.04;          ;     465.62;    0.134921;     -101.718781;     -101.583861;     -101.370948;     -0.07;        0.00
      1198;        299.5;       ;      0.04;          ;     470.97;    0.136471;     -101.719115;     -101.582644;     -101.370951;     -0.07;        0.00
      1199;        299.8;       ;      0.04;          ;     472.79;    0.136998;     -101.719421;     -101.582424;     -101.370953;     -0.08;        0.00
      1200;        300.0;       ;      0.03;          ;     476.54;    0.138084;     -101.719659;     -101.581575;     -101.370955;     -0.08;        0.00
      1201;        300.2;       ;      0.03;          ;     474.51;    0.137495;     -101.719801;     -101.582307;     -101.370955;     -0.08;        0.00
      1202;        300.5;       ;      0.03;          ;     472.44;    0.136894;     -101.719840;     -101.582946;     -101.370954;     -0.08;        0.00
      1203;        300.8;       ;      0.04;          ;     470.31;    0.136278;     -101.719789;     -101.583510;     -101.370953;     -0.08;        0.00
      1204;        301.0;       ;      0.03;          ;     466.34;    0.135128;     -101.719673;     -101.584545;     -101.370950;     -0.07;        0.00
      1205;        301.2;       ;      0.03;          ;     464.66;    0.134642;     -101.719533;     -101.584891;     -101.370948;     -0.07;        0.00
      1206;        301.5;       ;      0.04;          ;     465.88;    0.134996;     -101.719409;     -101.584413;     -101.370945;     -0.06;        0.00
      1207;        301.8;       ;      0.04;          ;     465.38;    0.134850;     -101.719342;     -101.584492;     -101.370943;     -0.06;        0.00
      1208;        302.0;       ;      0.03;          ;     465.36;    0.134843;     -101.719367;     -101.584523;     -101.370941;     -0.06;        0.00
      1209;        302.2;       ;      0.03;          ;     464.67;    0.134645;     -101.719509;     -101.584863;     -101.370940;     -0.06;        0.00
      1210;        302.5;       ;      0.04;          ;     461.48;    0.133720;     -101.719782;     -101.586063;     -101.370940;     -0.06;        0.00
      1211;        302.8;       ;      0.03;          ;     462.62;    0.134049;     -101.720189;     -101.586140;     -101.370941;     -0.06;        0.00
      1212;        303.0;       ;      0.04;          ;     463.98;    0.134445;     -101.720721;     -101.586276;     -101.370942;     -0.06;        0.00
      1213;        303.2;       ;      0.03;          ;     467.12;    0.135355;     -101.721361;     -101.586006;     -101.370944;     -0.06;        0.00
      1214;        303.5;       ;      0.03;          ;     468.12;    0.135645;     -101.722085;     -101.586440;     -101.370946;     -0.07;        0.00
      1215;        303.8;       ;      0.04;          ;     470.47;    0.136325;     -101.722862;     -101.586536;     -101.370948;     -0.07;        0.00
      1216;        304.0;       ;      0.04;          ;     473.55;    0.137218;     -101.723663;     -101.586445;     -101.370949;     -0.07;        0.00
      1217;        304.2;       ;      0.03;          ;     478.56;    0.138669;     -101.724459;     -101.585791;     -101.370951;     -0.08;        0.00
      1218;        304.5;       ;      0.03;          ;     477.22;    0.138282;     -101.725221;     -101.586940;     -101.370953;     -0.08;        0.00
      1219;        304.8;       ;      0.03;          ;     481.68;    0.139574;     -101.725916;     -101.586342;     -101.370955;     -0.08;        0.00
      1220;        305.0;       ;      0.04;          ;     482.05;    0.139681;     -101.726520;     -101.586839;     -101.370957;     -0.08;        0.00
      1221;        305.2;       ;      0.03;          ;     485.52;    0.140686;     -101.727009;     -101.586323;     -101.370958;     -0.09;        0.00
      1222;        305.5;       ;      0.03;          ;     485.99;    0.140821;     -101.727362;     -101.586541;     -101.370959;     -0.09;        0.00
      1223;        305.8;       ;      0.04;          ;     483.95;    0.140231;     -101.727565;     -101.587334;     -101.370959;     -0.09;        0.00
      1224;        306.0;       ;      0.04;          ;     485.26;    0.140610;     -101.727612;     -101.587002;     -101.370959;     -0.09;        0.00
      1225;        306.2;       ;      0.03;          ;     481.67;    0.139570;     -101.727507;     -101.587937;     -101.370959;     -0.09;        0.00
      1226;        306.5;       ;      0.03;          ;     479.55;    0.138955;     -101.727267;     -101.588312;     -101.370957;     -0.09;        0.00
      1227;        306.8;       ;      0.04;          ;     477.59;    0.138389;     -101.726919;     -101.588530;     -101.370955;     -0.08;        0.00
      1228;        307.0;       ;      0.03;          ;     478.74;    0.138723;     -101.726497;     -101.587775;     -101.370953;     -0.08;        0.00
      1229;        307.2;       ;      0.04;          ;     477.75;    0.138435;     -101.726035;     -101.587601;     -101.370951;     -0.07;        0.00
      1230;        307.5;       ;      0.03;          ;     476.04;    0.137938;     -101.725567;     -101.587629;     -101.370949;     -0.07;        0.00
      1231;        307.8;       ;      0.03;          ;     470.63;    0.136372;     -101.725124;     -101.588752;     -101.370948;     -0.07;        0.00
      1232;        308.0;       ;      0.04;          ;     466.24;    0.135098;     -101.724731;     -101.589633;     -101.370947;     -0.07;        0.00
      1233;        308.2;       ;      0.04;          ;     465.54;    0.134897;     -101.724399;     -101.589502;     -101.370947;     -0.07;        0.00
      1234;        308.5;       ;      0.03;          ;     466.41;    0.135149;     -101.724128;     -101.588979;     -101.370948;     -0.07;        0.00
      1235;        308.8;       ;      0.03;          ;     463.91;    0.134423;     -101.723906;     -101.589482;     -101.370949;     -0.07;        0.00
      1236;        309.0;       ;      0.04;          ;     463.92;    0.134428;     -101.723715;     -101.589288;     -101.370951;     -0.07;        0.00
      1237;        309.2;       ;      0.03;          ;     464.63;    0.134631;     -101.723534;     -101.588902;     -101.370952;     -0.08;        0.00
      1238;        309.5;       ;      0.03;          ;     461.86;    0.133829;     -101.723338;     -101.589508;     -101.370954;     -0.08;        0.00
      1239;        309.8;       ;      0.04;          ;     464.61;    0.134627;     -101.723106;     -101.588479;     -101.370955;     -0.08;        0.00
      1240;        310.0;       ;      0.03;          ;     465.32;    0.134831;     -101.722825;     -101.587993;     -101.370955;     -0.08;        0.00
      1241;        310.2;       ;      0.04;          ;     460.41;    0.133409;     -101.722491;     -101.589082;     -101.370954;     -0.08;        0.00
      1242;        310.5;       ;      0.03;          ;     460.42;    0.133413;     -101.722118;     -101.588705;     -101.370953;     -0.08;        0.00
      1243;        310.8;       ;      0.04;          ;     454.37;    0.131658;     -101.721720;     -101.590061;     -101.370951;     -0.08;        0.00
      1244;        311.0;       ;      0.04;          ;     453.60;    0.131436;     -101.721320;     -101.589885;     -101.370950;     -0.07;        0.00
      1245;        311.2;       ;      0.03;          ;     450.67;    0.130588;     -101.720943;     -101.590355;     -101.370949;     -0.07;        0.00
      1246;        311.5;       ;      0.03;          ;     449.52;    0.130253;     -101.720611;     -101.590358;     -101.370947;     -0.07;        0.00
      1247;        311.8;       ;      0.03;          ;     448.81;    0.130048;     -101.720345;     -101.590297;     -101.370946;     -0.07;        0.00
      1248;        312.0;       ;      0.04;          ;     446.61;    0.129410;     -101.720161;     -101.590751;     -101.370946;     -0.07;        0.00
      1249;        312.2;       ;      0.04;          ;     446.24;    0.129303;     -101.720070;     -101.590767;     -101.370946;     -0.06;        0.00
      1250;        312.5;       ;      0.04;          ;     439.94;    0.127479;     -101.720075;     -101.592596;     -101.370946;     -0.07;        0.00
      1251;        312.8;       ;      0.04;          ;     441.83;    0.128025;     -101.720177;     -101.592152;     -101.370946;     -0.07;        0.00
      1252;        313.0;       ;      0.04;          ;     447.67;    0.129718;     -101.720373;     -101.590655;     -101.370947;     -0.07;        0.00
      1253;        313.2;       ;      0.04;          ;     450.45;    0.130525;     -101.720651;     -101.590126;     -101.370948;     -0.07;        0.00
      1254;        313.5;       ;      0.04;          ;     451.69;    0.130884;     -101.721000;     -101.590115;     -101.370949;     -0.07;        0.00
      1255;        313.8;       ;      0.03;          ;     455.76;    0.132064;     -101.721407;     -101.589343;     -101.370949;     -0.07;        0.00
      1256;        314.0;       ;      0.03;          ;     457.39;    0.132536;     -101.721862;     -101.589326;     -101.370950;     -0.07;        0.00
      1257;        314.2;       ;      0.03;          ;     458.13;    0.132749;     -101.722354;     -101.589605;     -101.370951;     -0.07;        0.00
      1258;        314.5;       ;      0.04;          ;     454.14;    0.131592;     -101.722871;     -101.591279;     -101.370952;     -0.08;        0.00
      1259;        314.8;       ;      0.03;          ;     453.68;    0.131460;     -101.723404;     -101.591944;     -101.370953;     -0.08;        0.00
      1260;        315.0;       ;      0.03;          ;     456.09;    0.132158;     -101.723948;     -101.591790;     -101.370954;     -0.08;        0.00
      1261;        315.2;       ;      0.03;          ;     453.67;    0.131457;     -101.724496;     -101.593039;     -101.370955;     -0.08;        0.00
      1262;        315.5;       ;      0.04;          ;     457.27;    0.132500;     -101.725039;     -101.592539;     -101.370955;     -0.08;        0.00
      1263;        315.8;       ;      0.04;          ;     459.83;    0.133243;     -101.725577;     -101.592334;     -101.370956;     -0.08;        0.00
      1264;        316.0;       ;      0.03;          ;     458.04;    0.132723;     -101.726109;     -101.593386;     -101.370956;     -0.08;        0.00
      1265;        316.2;       ;      0.04;          ;     462.31;    0.133961;     -101.726635;     -101.592674;     -101.370955;     -0.08;        0.00
      1266;        316.5;       ;      0.03;          ;     461.02;    0.133586;     -101.727160;     -101.593575;     -101.370955;     -0.08;        0.00
      1267;        316.8;       ;      0.04;          ;     463.59;    0.134332;     -101.727683;     -101.593351;     -101.370956;     -0.08;        0.00
      1268;        317.0;       ;      0.03;          ;     467.64;    0.135504;     -101.728204;     -101.592700;     -101.370956;     -0.08;        0.00
      1269;        317.2;       ;      0.04;          ;     465.65;    0.134929;     -101.728714;     -101.593786;     -101.370957;     -0.08;        0.00
      1270;        317.5;       ;      0.03;          ;     467.13;    0.135356;     -101.729200;     -101.593844;     -101.370958;     -0.09;       64.51
      1271;        317.8;       ;      0.03;          ;     466.85;    0.135276;     -101.729648;     -101.594372;     -101.370960;     -0.09;      146.71
      1272;        318.0;       ;      0.03;          ;     463.92;    0.134427;     -101.730043;     -101.595616;     -101.370961;     -0.09;      232.16
      1273;        318.2;       ;      0.03;          ;     462.39;    0.133983;     -101.730373;     -101.596390;     -101.370961;     -0.09;      319.69
      1274;        318.5;       ;      0.04;          ;     468.20;    0.135667;     -101.730631;     -101.594964;     -101.370962;     -0.09;      408.39
      1275;        318.8;       ;      0.03;          ;     467.40;    0.135437;     -101.730813;     -101.595377;     -101.370961;     -0.09;      497.84
      1276;        319.0;       ;      0.03;          ;     463.69;    0.134361;     -101.730917;     -101.596556;     -101.370961;     -0.09;      586.19
      1277;        319.2;       ;      0.03;          ;     460.64;    0.133478;     -101.730951;     -101.597474;     -101.370960;     -0.09;      672.00
      1278;        319.5;       ;      0.03;          ;     459.68;    0.133199;     -101.730929;     -101.597730;     -101.370959;     -0.09;      754.15
      1279;        319.8;       ;      0.04;          ;     459.06;    0.133019;     -101.730860;     -101.597841;     -101.370958;     -0.09;      831.72
      1280;        320.0;       ;      0.03;          ;     458.84;    0.132955;     -101.730754;     -101.597799;     -101.370958;     -0.09;      903.74
      1281;        320.2;       ;      0.04;          ;     455.59;    0.132012;     -101.730616;     -101.598604;     -101.370957;     -0.09;      969.31
      1282;        320.5;       ;      0.04;          ;     453.82;    0.131502;     -101.730452;     -101.598950;     -101.370957;     -0.08;     1027.48
      1283;        320.8;       ;      0.04;          ;     452.43;    0.131097;     -101.730264;     -101.599167;     -101.370957;     -0.08;     1077.74
      1284;        321.0;       ;      0.04;          ;     456.66;    0.132322;     -101.730052;     -101.597730;     -101.370957;     -0.08;     1119.68
      1285;        321.2;       ;      0.04;          ;     455.99;    0.132128;     -101.729813;     -101.597685;     -101.370957;     -0.08;     1153.28
      1286;        321.5;       ;      0.04;          ;     455.28;    0.131924;     -101.729547;     -101.597623;     -101.370956;     -0.08;     1178.27
      1287;        321.8;       ;      0.03;          ;     457.79;    0.132650;     -101.729255;     -101.596605;     -101.370956;     -0.08;     1194.78
      1288;        322.0;       ;      0.04;          ;     454.89;    0.131811;     -101.728938;     -101.597127;     -101.370956;     -0.08;     1203.18
      1289;        322.2;       ;      0.03;          ;     451.25;    0.130755;     -101.728602;     -101.597847;     -101.370956;     -0.08;     1203.93
      1290;        322.5;       ;      0.03;          ;     450.62;    0.130573;     -101.728256;     -101.597684;     -101.370955;     -0.08;     1197.76
      1291;        322.8;       ;      0.04;          ;     451.76;    0.130902;     -101.727910;     -101.597008;     -101.370955;     -0.08;     1185.55
      1292;        323.0;       ;      0.03;          ;     451.19;    0.130737;     -101.727573;     -101.596837;     -101.370954;     -0.08;     1168.35
      1293;        323.2;       ;      0.04;          ;     451.02;    0.130689;     -101.727259;     -101.596570;     -101.370953;     -0.08;     1147.38
      1294;        323.5;       ;      0.04;          ;     452.65;    0.131162;     -101.726977;     -101.595815;     -101.370953;     -0.08;     1123.98
      1295;        323.8;       ;      0.03;          ;     449.69;    0.130305;     -101.726738;     -101.596433;     -101.370953;     -0.08;     1099.53
      1296;        324.0;       ;      0.04;          ;     446.40;    0.129350;     -101.726547;     -101.597197;     -101.370953;     -0.08;     1075.60
      1297;        324.2;       ;      0.04;          ;     447.28;    0.129604;     -101.726412;     -101.596808;     -101.370953;     -0.08;     1053.66
      1298;        324.5;       ;      0.04;          ;     446.97;    0.129516;     -101.726331;     -101.596815;     -101.370953;     -0.08;     1034.96
      1299;        324.8;       ;      0.04;          ;     447.89;    0.129783;     -101.726305;     -101.596522;     -101.370954;     -0.08;     1020.79
      1300;        325.0;       ;      0.04;          ;     446.94;    0.129507;     -101.726332;     -101.596825;     -101.370954;     -0.08;     1012.18
      1301;        325.2;       ;      0.04;          ;     448.40;    0.129930;     -101.726413;     -101.596483;     -101.370954;     -0.08;     1009.94
      1302;        325.5;       ;      0.04;          ;     450.54;    0.130549;     -101.726548;     -101.595998;     -101.370954;     -0.08;     1014.58
      1303;        325.8;       ;      0.03;          ;     450.18;    0.130446;     -101.726734;     -101.596287;     -101.370954;     -0.08;     1026.31
      1304;        326.0;       ;      0.03;          ;     450.64;    0.130579;     -101.726966;     -101.596387;     -101.370955;     -0.08;     1044.97
      1305;        326.2;       ;      0.03;          ;     451.22;    0.130747;     -101.727233;     -101.596487;     -101.370956;     -0.08;     1070.10
      1306;        326.5;       ;      0.03;          ;     455.29;    0.131927;     -101.727520;     -101.595594;     -101.370958;     -0.09;     1100.94
      1307;        326.8;       ;      0.03;          ;     459.07;    0.133023;     -101.727805;     -101.594783;     -101.370960;     -0.09;     1136.62
      1308;        327.0;       ;      0.03;          ;     454.19;    0.131607;     -101.728061;     -101.596454;     -101.370961;     -0.09;     1175.89
      1309;        327.2;       ;      0.03;          ;     452.07;    0.130992;     -101.728263;     -101.597270;     -101.370962;     -0.09;     1217.03
      1310;        327.5;       ;      0.04;          ;     448.49;    0.129955;     -101.728396;     -101.598441;     -101.370963;     -0.10;     1258.67
      1311;        327.8;       ;      0.04;          ;     452.80;    0.131206;     -101.728451;     -101.597245;     -101.370963;     -0.10;     1299.29
      1312;        328.0;       ;      0.03;          ;     450.38;    0.130505;     -101.728424;     -101.597919;     -101.370963;     -0.10;     1337.79
      1313;        328.2;       ;      0.04;          ;     446.43;    0.129358;     -101.728316;     -101.598958;     -101.370962;     -0.09;     1372.51
      1314;        328.5;       ;      0.04;          ;     449.77;    0.130328;     -101.728137;     -101.597809;     -101.370961;     -0.09;     1402.11
      1315;        328.8;       ;      0.04;          ;     448.36;    0.129919;     -101.727897;     -101.597978;     -101.370960;     -0.09;     1425.73
      1316;        329.0;       ;      0.03;          ;     450.23;    0.130461;     -101.727607;     -101.597146;     -101.370960;     -0.09;     1442.27
      1317;        329.2;       ;      0.03;          ;     453.44;    0.131390;     -101.727276;     -101.595886;     -101.370959;     -0.09;     1451.01
      1318;        329.5;       ;      0.03;          ;     452.53;    0.131125;     -101.726906;     -101.595781;     -101.370959;     -0.09;     1451.34
      1319;        329.8;       ;      0.03;          ;     450.42;    0.130514;     -101.726497;     -101.595983;     -101.370959;     -0.09;     1442.88
      1320;        330.0;       ;      0.03;          ;     448.73;    0.130024;     -101.726043;     -101.596019;     -101.370960;     -0.09;     1425.48
      1321;        330.2;       ;      0.03;          ;     444.91;    0.128918;     -101.725538;     -101.596621;     -101.370960;     -0.09;     1399.21
      1322;        330.5;       ;      0.03;          ;     433.49;    0.125609;     -101.724974;     -101.599366;     -101.370961;     -0.09;     1364.41
      1323;        330.8;       ;      0.04;          ;     428.27;    0.124097;     -101.724353;     -101.600256;     -101.370961;     -0.09;     1321.92
      1324;        331.0;       ;      0.03;          ;     423.89;    0.122826;     -101.723670;     -101.600843;     -101.370962;     -0.09;     1272.16
      1325;        331.2;       ;      0.04;          ;     416.15;    0.120586;     -101.722925;     -101.602339;     -101.370962;     -0.09;     1215.99
      1326;        331.5;       ;      0.03;          ;     413.42;    0.119795;     -101.722128;     -101.602333;     -101.370961;     -0.09;     1154.69
      1327;        331.8;       ;      0.04;          ;     412.52;    0.119534;     -101.721285;     -101.601750;     -101.370961;     -0.09;     1089.11
      1328;        332.0;       ;      0.03;          ;     414.65;    0.120149;     -101.720405;     -101.600256;     -101.370960;     -0.09;     1020.43
      1329;        332.2;       ;      0.03;          ;     409.22;    0.118578;     -101.719500;     -101.600923;     -101.370958;     -0.09;      949.81
      1330;        332.5;       ;      0.04;          ;     405.67;    0.117549;     -101.718601;     -101.601052;     -101.370957;     -0.08;      879.37
      1331;        332.8;       ;      0.03;          ;     406.65;    0.117832;     -101.717730;     -101.599898;     -101.370956;     -0.08;      810.43
      1332;        333.0;       ;      0.03;          ;     403.91;    0.117037;     -101.716906;     -101.599869;     -101.370954;     -0.08;      744.07
      1333;        333.2;       ;      0.04;          ;     402.72;    0.116694;     -101.716157;     -101.599463;     -101.370953;     -0.08;      681.95
      1334;        333.5;       ;      0.04;          ;     400.79;    0.116133;     -101.715501;     -101.599368;     -101.370952;     -0.08;      625.16
      1335;        333.8;       ;      0.03;          ;     395.62;    0.114637;     -101.714956;     -101.600320;     -101.370951;     -0.07;      574.73
      1336;        334.0;       ;      0.04;          ;     393.02;    0.113882;     -101.714541;     -101.600659;     -101.370950;     -0.07;      531.59
      1337;        334.2;       ;      0.04;          ;     392.21;    0.113648;     -101.714265;     -101.600618;     -101.370950;     -0.07;      496.00
      1338;        334.5;       ;      0.04;          ;     391.94;    0.113569;     -101.714137;     -101.600568;     -101.370950;     -0.07;      467.97
      1339;        334.8;       ;      0.04;          ;     390.89;    0.113265;     -101.714159;     -101.600894;     -101.370950;     -0.07;      447.26
      1340;        335.0;       ;      0.03;          ;     389.97;    0.113000;     -101.714331;     -101.601331;     -101.370950;     -0.07;      433.34
      1341;        335.2;       ;      0.03;          ;     389.12;    0.112753;     -101.714649;     -101.601896;     -101.370951;     -0.07;      425.37
      1342;        335.5;       ;      0.04;          ;     389.38;    0.112829;     -101.715103;     -101.602274;     -101.370952;     -0.08;      422.28
      1343;        335.8;       ;      0.04;          ;     389.22;    0.112781;     -101.715681;     -101.602900;     -101.370953;     -0.08;      422.80
      1344;        336.0;       ;      0.04;          ;     389.99;    0.113005;     -101.716362;     -101.603357;     -101.370955;     -0.08;      425.58
      1345;        336.2;       ;      0.03;          ;     394.65;    0.114356;     -101.717123;     -101.602767;     -101.370956;     -0.08;      429.16
      1346;        336.5;       ;      0.03;          ;     398.05;    0.115340;     -101.717941;     -101.602601;     -101.370958;     -0.09;      432.14
      1347;        336.8;       ;      0.04;          ;     402.88;    0.116739;     -101.718788;     -101.602048;     -101.370959;     -0.09;      433.10
      1348;        337.0;       ;      0.03;          ;     403.10;    0.116803;     -101.719639;     -101.602837;     -101.370961;     -0.09;      430.71
      1349;        337.2;       ;      0.04;          ;     405.94;    0.117626;     -101.720472;     -101.602846;     -101.370961;     -0.09;      423.77
      1350;        337.5;       ;      0.03;          ;     405.50;    0.117499;     -101.721276;     -101.603777;     -101.370962;     -0.09;      411.20
      1351;        337.8;       ;      0.04;          ;     411.31;    0.119183;     -101.722042;     -101.602859;     -101.370962;     -0.09;      392.18
      1352;        338.0;       ;      0.04;          ;     411.79;    0.119321;     -101.722774;     -101.603453;     -101.370962;     -0.09;      365.84
      1353;        338.2;       ;      0.04;          ;     414.34;    0.120061;     -101.723467;     -101.603406;     -101.370962;     -0.09;      331.82
      1354;        338.5;       ;      0.03;          ;     415.47;    0.120386;     -101.724132;     -101.603746;     -101.370961;     -0.09;      289.73
      1355;        338.8;       ;      0.04;          ;     415.87;    0.120504;     -101.724773;     -101.604270;     -101.370961;     -0.09;      239.52
      1356;        339.0;       ;      0.04;          ;     418.24;    0.121191;     -101.725397;     -101.604205;     -101.370961;     -0.09;      181.34
      1357;        339.2;       ;      0.04;          ;     422.51;    0.122429;     -101.726005;     -101.603577;     -101.370961;     -0.09;      115.32
      1358;        339.5;       ;      0.03;          ;     422.92;    0.122545;     -101.726598;     -101.604052;     -101.370962;     -0.09;       41.77
      1359;        339.8;       ;      0.04;          ;     424.29;    0.122942;     -101.727163;     -101.604220;     -101.370962;     -0.09;        0.00
      1360;        340.0;       ;      0.03;          ;     424.77;    0.123084;     -101.727690;     -101.604606;     -101.370963;     -0.09;        0.00
      1361;        340.2;       ;      0.04;          ;     427.21;    0.123791;     -101.728164;     -101.604374;     -101.370964;     -0.10;        0.00
      1362;        340.5;       ;      0.04;          ;     433.06;    0.125485;     -101.728568;     -101.603083;     -101.370965;     -0.10;        0.00
      1363;        340.8;       ;      0.04;          ;     433.17;    0.125516;     -101.728880;     -101.603364;     -101.370966;     -0.10;        0.00
      1364;        341.0;       ;      0.04;          ;     431.75;    0.125105;     -101.729079;     -101.603973;     -101.370967;     -0.10;        0.00
      1365;        341.2;       ;      0.03;          ;     436.87;    0.126588;     -101.729152;     -101.602564;     -101.370967;     -0.10;        0.00
      1366;        341.5;       ;      0.04;          ;     438.33;    0.127013;     -101.729096;     -101.602083;     -101.370967;     -0.10;        0.00
      1367;        341.8;       ;      0.03;          ;     438.64;    0.127100;     -101.728910;     -101.601809;     -101.370967;     -0.10;       22.43
      1368;        342.0;       ;      0.04;          ;     440.20;    0.127554;     -101.728608;     -101.601054;     -101.370965;     -0.10;       90.04
      1369;        342.2;       ;      0.03;          ;     437.30;    0.126714;     -101.728209;     -101.601496;     -101.370964;     -0.10;      157.65
      1370;        342.5;       ;      0.03;          ;     440.22;    0.127560;     -101.727742;     -101.600183;     -101.370962;     -0.09;      224.41
      1371;        342.8;       ;      0.04;          ;     440.24;    0.127565;     -101.727231;     -101.599666;     -101.370960;     -0.09;      290.24
      1372;        343.0;       ;      0.03;          ;     435.75;    0.126266;     -101.726703;     -101.600437;     -101.370958;     -0.09;      354.39
      1373;        343.2;       ;      0.03;          ;     430.38;    0.124708;     -101.726189;     -101.601481;     -101.370957;     -0.08;      416.04
      1374;        343.5;       ;      0.04;          ;     427.11;    0.123761;     -101.725712;     -101.601951;     -101.370956;     -0.08;      474.67
      1375;        343.8;       ;      0.03;          ;     425.25;    0.123221;     -101.725294;     -101.602073;     -101.370955;     -0.08;      529.99
      1376;        344.0;       ;      0.04;          ;     423.30;    0.122656;     -101.724947;     -101.602291;     -101.370954;     -0.08;      581.75
      1377;        344.2;       ;      0.03;          ;     424.06;    0.122877;     -101.724682;     -101.601805;     -101.370954;     -0.08;      629.65
      1378;        344.5;       ;      0.04;          ;     422.33;    0.122375;     -101.724504;     -101.602128;     -101.370954;     -0.08;      673.64
      1379;        344.8;       ;      0.03;          ;     422.44;    0.122408;     -101.724413;     -101.602005;     -101.370954;     -0.08;      713.48
      1380;        345.0;       ;      0.04;          ;     421.53;    0.122144;     -101.724407;     -101.602263;     -101.370955;     -0.08;      749.21
      1381;        345.2;       ;      0.04;          ;     421.74;    0.122206;     -101.724478;     -101.602273;     -101.370955;     -0.08;      780.86
      1382;        345.5;       ;      0.04;          ;     426.22;    0.123503;     -101.724616;     -101.601113;     -101.370956;     -0.08;      808.64
      1383;        345.8;       ;      0.03;          ;     424.16;    0.122907;     -101.724806;     -101.601899;     -101.370957;     -0.08;      832.91
      1384;        346.0;       ;      0.03;          ;     423.00;    0.122570;     -101.725035;     -101.602466;     -101.370958;     -0.09;      853.82
      1385;        346.2;       ;      0.03;          ;     428.93;    0.124289;     -101.725296;     -101.601007;     -101.370958;     -0.09;      871.82
      1386;        346.5;       ;      0.04;          ;     428.36;    0.124124;     -101.725581;     -101.601457;     -101.370959;     -0.09;      887.51
      1387;        346.8;       ;      0.03;          ;     429.98;    0.124592;     -101.725882;     -101.601289;     -101.370959;     -0.09;      901.29
      1388;        347.0;       ;      0.04;          ;     427.84;    0.123972;     -101.726200;     -101.602228;     -101.370958;     -0.09;      913.77
      1389;        347.2;       ;      0.03;          ;     427.00;    0.123729;     -101.726539;     -101.602810;     -101.370958;     -0.09;      925.48
      1390;        347.5;       ;      0.04;          ;     429.81;    0.124542;     -101.726906;     -101.602364;     -101.370958;     -0.09;      937.00
      1391;        347.8;       ;      0.04;          ;     431.53;    0.125042;     -101.727308;     -101.602266;     -101.370958;     -0.09;      948.95
      1392;        348.0;       ;      0.04;          ;     434.63;    0.125940;     -101.727746;     -101.601807;     -101.370958;     -0.09;      961.83
      1393;        348.2;       ;      0.03;          ;     435.67;    0.126241;     -101.728224;     -101.601983;     -101.370958;     -0.09;      976.12
      1394;        348.5;       ;      0.04;          ;     436.58;    0.126503;     -101.728737;     -101.602234;     -101.370958;     -0.09;      992.16
      1395;        348.8;       ;      0.03;          ;     435.91;    0.126311;     -101.729285;     -101.602973;     -101.370959;     -0.09;     1010.26
      1396;        349.0;       ;      0.03;          ;     438.14;    0.126957;     -101.729858;     -101.602901;     -101.370959;     -0.09;     1030.54
      1397;        349.2;       ;      0.03;          ;     438.85;    0.127162;     -101.730448;     -101.603287;     -101.370960;     -0.09;     1053.16
      1398;        349.5;       ;      0.03;          ;     441.13;    0.127823;     -101.731036;     -101.603214;     -101.370962;     -0.09;     1078.04
      1399;        349.8;       ;      0.03;          ;     441.48;    0.127924;     -101.731600;     -101.603676;     -101.370964;     -0.10;     1105.08
      1400;        350.0;       ;      0.04;          ;     444.50;    0.128800;     -101.732108;     -101.603308;     -101.370966;     -0.10;     1133.96
      1401;        350.2;       ;      0.03;          ;     447.73;    0.129736;     -101.732532;     -101.602796;     -101.370968;     -0.10;     1164.45
      1402;        350.5;       ;      0.03;          ;     446.22;    0.129297;     -101.732841;     -101.603544;     -101.370969;     -0.11;     1196.14
      1403;        350.8;       ;      0.03;          ;     447.35;    0.129625;     -101.733010;     -101.603385;     -101.370970;     -0.11;     1228.41
      1404;        351.0;       ;      0.04;          ;     447.33;    0.129621;     -101.733028;     -101.603407;     -101.370971;     -0.11;     1260.83
      1405;        351.2;       ;      0.04;          ;     443.78;    0.128592;     -101.732890;     -101.604298;     -101.370970;     -0.11;     1292.85
      1406;        351.5;       ;      0.03;          ;     440.78;    0.127721;     -101.732608;     -101.604887;     -101.370969;     -0.10;     1323.81
      1407;        351.8;       ;      0.03;          ;     439.43;    0.127330;     -101.732203;     -101.604872;     -101.370967;     -0.10;     1353.23
      1408;        352.0;       ;      0.03;          ;     437.60;    0.126799;     -101.731699;     -101.604900;     -101.370965;     -0.10;     1380.68
      1409;        352.2;       ;      0.04;          ;     431.35;    0.124988;     -101.731125;     -101.606136;     -101.370963;     -0.10;     1405.71
      1410;        352.5;       ;      0.04;          ;     426.25;    0.123511;     -101.730514;     -101.607002;     -101.370962;     -0.09;     1427.83
      1411;        352.8;       ;      0.03;          ;     421.35;    0.122091;     -101.729892;     -101.607801;     -101.370961;     -0.09;     1446.77
      1412;        353.0;       ;      0.03;          ;     420.52;    0.121853;     -101.729283;     -101.607430;     -101.370960;     -0.09;     1474.85
      1413;        353.2;       ;      0.04;          ;     420.73;    0.121913;     -101.728698;     -101.606786;     -101.370959;     -0.09;     1564.03
      1414;        353.5;       ;      0.04;          ;     420.70;    0.121903;     -101.728145;     -101.606242;     -101.370959;     -0.09;     1652.66
      1415;        353.8;       ;      0.03;          ;     418.26;    0.121196;     -101.727626;     -101.606430;     -101.370959;     -0.09;     1740.42
      1416;        354.0;       ;      0.03;          ;     411.83;    0.119332;     -101.727141;     -101.607808;     -101.370959;     -0.09;     1826.77
      1417;        354.2;       ;      0.04;          ;     407.50;    0.118078;     -101.726690;     -101.608612;     -101.370960;     -0.09;     1910.95
      1418;        354.5;       ;      0.03;          ;     406.20;    0.117702;     -101.726269;     -101.608567;     -101.370960;     -0.09;     1992.82
      1419;        354.8;       ;      0.03;          ;     406.58;    0.117811;     -101.725869;     -101.608058;     -101.370961;     -0.09;     2072.33
      1420;        355.0;       ;      0.03;          ;     406.39;    0.117758;     -101.725481;     -101.607723;     -101.370961;     -0.09;     2149.25
      1421;        355.2;       ;      0.03;          ;     406.43;    0.117768;     -101.725097;     -101.607329;     -101.370961;     -0.09;     2223.16
      1422;        355.5;       ;      0.04;          ;     407.04;    0.117947;     -101.724712;     -101.606766;     -101.370961;     -0.09;     2293.75
      1423;        355.8;       ;      0.03;          ;     406.04;    0.117656;     -101.724326;     -101.606670;     -101.370961;     -0.09;     2360.77
      1424;        356.0;       ;      0.03;          ;     407.59;    0.118103;     -101.723943;     -101.605839;     -101.370960;     -0.09;     2423.80
      1425;        356.2;       ;      0.03;          ;     406.77;    0.117866;     -101.723574;     -101.605708;     -101.370959;     -0.09;     2482.81
      1426;        356.5;       ;      0.03;          ;     403.59;    0.116946;     -101.723235;     -101.606289;     -101.370958;     -0.09;     2537.41
      1427;        356.8;       ;      0.03;          ;     403.02;    0.116782;     -101.722948;     -101.606167;     -101.370957;     -0.08;     2587.29
      1428;        357.0;       ;      0.03;          ;     400.54;    0.116062;     -101.722732;     -101.606670;     -101.370955;     -0.08;     2632.47
      1429;        357.2;       ;      0.03;          ;     404.75;    0.117283;     -101.722608;     -101.605325;     -101.370954;     -0.08;     2672.73
      1430;        357.5;       ;      0.04;          ;     400.22;    0.115968;     -101.722591;     -101.606624;     -101.370953;     -0.08;     2708.29
      1431;        357.8;       ;      0.03;          ;     399.80;    0.115847;     -101.722696;     -101.606849;     -101.370953;     -0.08;     2738.69
      1432;        358.0;       ;      0.03;          ;     398.06;    0.115343;     -101.722934;     -101.607591;     -101.370953;     -0.08;     2764.05
      1433;        358.2;       ;      0.03;          ;     401.59;    0.116366;     -101.723307;     -101.606941;     -101.370954;     -0.08;     2784.29
      1434;        358.5;       ;      0.03;          ;     401.52;    0.116345;     -101.723812;     -101.607467;     -101.370955;     -0.08;     2799.55
      1435;        358.8;       ;      0.04;          ;     397.98;    0.115319;     -101.724430;     -101.609112;     -101.370957;     -0.08;     2809.79
      1436;        359.0;       ;      0.04;          ;     398.96;    0.115603;     -101.725136;     -101.609533;     -101.370959;     -0.09;     2815.05
      1437;        359.2;       ;      0.03;          ;     400.77;    0.116129;     -101.725900;     -101.609771;     -101.370962;     -0.09;     2815.49
      1438;        359.5;       ;      0.04;          ;     404.02;    0.117071;     -101.726681;     -101.609609;     -101.370965;     -0.10;     2811.29
      1439;        359.8;       ;      0.03;          ;     404.68;    0.117262;     -101.727435;     -101.610173;     -101.370968;     -0.10;     2802.63
      1440;        360.0;       ;      0.04;          ;     406.94;    0.117916;     -101.728117;     -101.610201;     -101.370971;     -0.11;     2789.80
      1441;        360.2;       ;      0.03;          ;     403.16;    0.116821;     -101.728695;     -101.611875;     -101.370973;     -0.11;     2773.04
      1442;        360.5;       ;      0.04;          ;     400.72;    0.116115;     -101.729145;     -101.613031;     -101.370973;     -0.11;     2752.79
      1443;        360.8;       ;      0.03;          ;     407.13;    0.117970;     -101.729467;     -101.611497;     -101.370973;     -0.11;     2729.33
      1444;        361.0;       ;      0.03;          ;     407.79;    0.118161;     -101.729670;     -101.611508;     -101.370971;     -0.11;     2702.69
      1445;        361.2;       ;      0.03;          ;     406.03;    0.117653;     -101.729769;     -101.612116;     -101.370970;     -0.11;     2673.32
      1446;        361.5;       ;      0.03;          ;     409.92;    0.118780;     -101.729793;     -101.611013;     -101.370968;     -0.10;     2641.56
      1447;        361.8;       ;      0.03;          ;     410.14;    0.118843;     -101.729769;     -101.610927;     -101.370966;     -0.10;     2607.37
      1448;        362.0;       ;      0.03;          ;     408.61;    0.118399;     -101.729723;     -101.611324;     -101.370965;     -0.10;     2571.04
      1449;        362.2;       ;      0.03;          ;     405.81;    0.117590;     -101.729673;     -101.612084;     -101.370964;     -0.10;     2532.73
      1450;        362.5;       ;      0.03;          ;     399.22;    0.115680;     -101.729633;     -101.613953;     -101.370964;     -0.10;     2492.53
      1451;        362.8;       ;      0.04;          ;     397.04;    0.115048;     -101.729608;     -101.614560;     -101.370965;     -0.10;     2450.62
      1452;        363.0;       ;      0.05;          ;     400.03;    0.115915;     -101.729595;     -101.613681;     -101.370966;     -0.10;     2406.72
      1453;        363.2;       ;      0.03;          ;     396.81;    0.114981;     -101.729581;     -101.614601;     -101.370967;     -0.10;     2360.48
      1454;        363.5;       ;      0.04;          ;     397.90;    0.115296;     -101.729550;     -101.614254;     -101.370968;     -0.10;     2312.15
      1455;        363.8;       ;      0.04;          ;     400.54;    0.116061;     -101.729484;     -101.613423;     -101.370969;     -0.11;     2261.41
      1456;        364.0;       ;      0.04;          ;     398.63;    0.115508;     -101.729363;     -101.613855;     -101.370970;     -0.11;     2208.07
      1457;        364.2;       ;      0.04;          ;     399.14;    0.115655;     -101.729174;     -101.613519;     -101.370971;     -0.11;     2152.43
      1458;        364.5;       ;      0.04;          ;     402.11;    0.116516;     -101.728908;     -101.612391;     -101.370971;     -0.11;     2094.30
      1459;        364.8;       ;      0.04;          ;     401.68;    0.116392;     -101.728558;     -101.612166;     -101.370971;     -0.11;     2033.57
      1460;        365.0;       ;      0.04;          ;     399.98;    0.115900;     -101.728128;     -101.612228;     -101.370970;     -0.11;     1970.56
      1461;        365.2;       ;      0.05;          ;     404.53;    0.117218;     -101.727628;     -101.610410;     -101.370969;     -0.11;     1905.52
      1462;        365.5;       ;      0.03;          ;     399.39;    0.115727;     -101.727070;     -101.611343;     -101.370968;     -0.10;     1838.09
      1463;        365.8;       ;      0.04;          ;     390.76;    0.113226;     -101.726481;     -101.613255;     -101.370966;     -0.10;     1769.27
      1464;        366.0;       ;      0.04;          ;     391.26;    0.113374;     -101.725895;     -101.612521;     -101.370964;     -0.10;     1699.63
      1465;        366.2;       ;      0.05;          ;     386.37;    0.111955;     -101.725334;     -101.613378;     -101.370963;     -0.09;     1628.59
      1466;        366.5;       ;      0.04;          ;     382.29;    0.110775;     -101.724827;     -101.614053;     -101.370962;     -0.09;     1556.92
      1467;        366.8;       ;      0.05;          ;     378.82;    0.109767;     -101.724398;     -101.614630;     -101.370961;     -0.09;     1484.86
      1468;        367.0;       ;      0.04;          ;     378.33;    0.109627;     -101.724064;     -101.614437;     -101.370960;     -0.09;     1412.64
      1469;        367.2;       ;      0.03;          ;     377.01;    0.109243;     -101.723840;     -101.614597;     -101.370959;     -0.09;     1340.29
      1470;        367.5;       ;      0.03;          ;     377.89;    0.109498;     -101.723735;     -101.614237;     -101.370959;     -0.09;     1268.23
      1471;        367.8;       ;      0.03;          ;     379.80;    0.110052;     -101.723750;     -101.613698;     -101.370959;     -0.09;     1196.60
      1472;        368.0;       ;      0.03;          ;     381.37;    0.110508;     -101.723883;     -101.613375;     -101.370960;     -0.09;     1125.65
      1473;        368.2;       ;      0.04;          ;     384.94;    0.111542;     -101.724124;     -101.612582;     -101.370961;     -0.09;     1055.80
      1474;        368.5;       ;      0.04;          ;     384.82;    0.111506;     -101.724456;     -101.612950;     -101.370963;     -0.09;      987.23
      1475;        368.8;       ;      0.04;          ;     381.81;    0.110635;     -101.724852;     -101.614217;     -101.370965;     -0.10;      920.63
      1476;        369.0;       ;      0.03;          ;     384.34;    0.111369;     -101.725283;     -101.613915;     -101.370966;     -0.10;      881.36
      1477;        369.2;       ;      0.04;          ;     386.32;    0.111942;     -101.725725;     -101.613782;     -101.370968;     -0.10;      864.30
      1478;        369.5;       ;      0.04;          ;     389.31;    0.112806;     -101.726149;     -101.613342;     -101.370969;     -0.11;      851.52
      1479;        369.8;       ;      0.04;          ;     388.98;    0.112711;     -101.726536;     -101.613825;     -101.370970;     -0.11;      843.55
      1480;        370.0;       ;      0.04;          ;     392.56;    0.113748;     -101.726879;     -101.613131;     -101.370969;     -0.11;      840.88
      1481;        370.2;       ;      0.03;          ;     393.65;    0.114064;     -101.727185;     -101.613121;     -101.370968;     -0.10;      843.81
      1482;        370.5;       ;      0.04;          ;     396.90;    0.115008;     -101.727469;     -101.612462;     -101.370966;     -0.10;      852.51
      1483;        370.8;       ;      0.03;          ;     395.47;    0.114593;     -101.727754;     -101.613161;     -101.370965;     -0.10;      867.04
      1484;        371.0;       ;      0.04;          ;     398.38;    0.115437;     -101.728065;     -101.612628;     -101.370963;     -0.10;      887.19
      1485;        371.2;       ;      0.03;          ;     399.31;    0.115706;     -101.728426;     -101.612720;     -101.370962;     -0.09;      912.77
      1486;        371.5;       ;      0.04;          ;     398.08;    0.115350;     -101.728853;     -101.613503;     -101.370962;     -0.09;      943.28
      1487;        371.8;       ;      0.04;          ;     399.34;    0.115715;     -101.729353;     -101.613638;     -101.370962;     -0.09;      978.04
      1488;        372.0;       ;      0.03;          ;     399.98;    0.115899;     -101.729926;     -101.614027;     -101.370963;     -0.09;     1016.48
      1489;        372.2;       ;      0.04;          ;     403.65;    0.116963;     -101.730557;     -101.613594;     -101.370964;     -0.10;     1057.77
      1490;        372.5;       ;      0.04;          ;     404.53;    0.117217;     -101.731229;     -101.614012;     -101.370966;     -0.10;     1101.22
      1491;        372.8;       ;      0.04;          ;     409.65;    0.118702;     -101.731912;     -101.613210;     -101.370968;     -0.10;     1145.79
      1492;        373.0;       ;      0.05;          ;     415.08;    0.120275;     -101.732580;     -101.612305;     -101.370969;     -0.11;     1190.81
      1493;        373.2;       ;      0.04;          ;     418.17;    0.121171;     -101.733202;     -101.612030;     -101.370971;     -0.11;     1235.40
      1494;        373.5;       ;      0.04;          ;     422.29;    0.122365;     -101.733745;     -101.611380;     -101.370973;     -0.11;     1278.57
      1495;        373.8;       ;      0.04;          ;     423.69;    0.122769;     -101.734187;     -101.611418;     -101.370974;     -0.11;     1319.57
      1496;        374.0;       ;      0.04;          ;     427.69;    0.123928;     -101.734509;     -101.610581;     -101.370974;     -0.11;     1357.52
      1497;        374.2;       ;      0.04;          ;     426.12;    0.123475;     -101.734703;     -101.611228;     -101.370976;     -0.12;     1437.95
      1498;        374.5;       ;      0.04;          ;     426.43;    0.123564;     -101.734769;     -101.611205;     -101.370975;     -0.12;     1598.55
      1499;        374.8;       ;      0.04;          ;     425.91;    0.123414;     -101.734718;     -101.611305;     -101.370974;     -0.11;     1752.47
      1500;        375.0;       ;      0.04;          ;     425.00;    0.123151;     -101.734568;     -101.611417;     -101.370973;     -0.11;     1897.99
      1501;        375.2;       ;      0.04;          ;     421.68;    0.122187;     -101.734338;     -101.612151;     -101.370971;     -0.11;     2033.66
      1502;        375.5;       ;      0.04;          ;     417.93;    0.121101;     -101.734052;     -101.612951;     -101.370970;     -0.11;     2157.95
      1503;        375.8;       ;      0.04;          ;     416.69;    0.120741;     -101.733736;     -101.612995;     -101.370968;     -0.10;     2269.86
      1504;        376.0;       ;      0.04;          ;     414.25;    0.120035;     -101.733408;     -101.613373;     -101.370967;     -0.10;     2369.04
      1505;        376.2;       ;      0.05;          ;     409.84;    0.118757;     -101.733087;     -101.614330;     -101.370966;     -0.10;     2454.88
      1506;        376.5;       ;      0.04;          ;     410.27;    0.118880;     -101.732791;     -101.613911;     -101.370965;     -0.10;     2527.00
      1507;        376.8;       ;      0.04;          ;     406.08;    0.117667;     -101.732529;     -101.614862;     -101.370965;     -0.10;     2585.86
      1508;        377.0;       ;      0.04;          ;     412.26;    0.119459;     -101.732312;     -101.612853;     -101.370964;     -0.10;     2631.44
      1509;        377.2;       ;      0.05;          ;     409.33;    0.118608;     -101.732141;     -101.613533;     -101.370964;     -0.10;     2664.80
      1510;        377.5;       ;      0.04;          ;     410.03;    0.118811;     -101.732021;     -101.613209;     -101.370964;     -0.10;     2686.29
      1511;        377.8;       ;      0.04;          ;     410.46;    0.118936;     -101.731948;     -101.613013;     -101.370965;     -0.10;     2696.96
      1512;        378.0;       ;      0.04;          ;     409.59;    0.118683;     -101.731915;     -101.613232;     -101.370966;     -0.10;     2697.94
      1513;        378.2;       ;      0.04;          ;     409.87;    0.118765;     -101.731911;     -101.613146;     -101.370967;     -0.10;     2690.49
      1514;        378.5;       ;      0.03;          ;     403.42;    0.116898;     -101.731922;     -101.615024;     -101.370968;     -0.10;     2676.01
      1515;        378.8;       ;      0.04;          ;     403.08;    0.116799;     -101.731938;     -101.615139;     -101.370969;     -0.10;     2656.10
      1516;        379.0;       ;      0.04;          ;     397.49;    0.115178;     -101.731952;     -101.616774;     -101.370969;     -0.11;     2632.08
      1517;        379.2;       ;      0.04;          ;     397.43;    0.115161;     -101.731963;     -101.616802;     -101.370969;     -0.11;     2605.59
      1518;        379.5;       ;      0.04;          ;     399.21;    0.115677;     -101.731978;     -101.616302;     -101.370968;     -0.10;     2577.80
      1519;        379.8;       ;      0.04;          ;     397.91;    0.115301;     -101.732012;     -101.616711;     -101.370967;     -0.10;     2549.89
      1520;        380.0;       ;      0.04;          ;     399.20;    0.115672;     -101.732084;     -101.616412;     -101.370965;     -0.10;     2523.05
      1521;        380.2;       ;      0.04;          ;     398.45;    0.115456;     -101.732224;     -101.616768;     -101.370963;     -0.10;     2498.05
      1522;        380.5;       ;      0.04;          ;     402.51;    0.116633;     -101.732459;     -101.615826;     -101.370962;     -0.09;     2475.56
      1523;        380.8;       ;      0.04;          ;     403.66;    0.116967;     -101.732810;     -101.615843;     -101.370961;     -0.09;     2455.78
      1524;        381.0;       ;      0.03;          ;     405.03;    0.117364;     -101.733288;     -101.615924;     -101.370961;     -0.09;     2438.82
      1525;        381.2;       ;      0.04;          ;     404.91;    0.117329;     -101.733897;     -101.616568;     -101.370962;     -0.09;     2424.41
      1526;        381.5;       ;      0.04;          ;     401.47;    0.116330;     -101.734625;     -101.618294;     -101.370963;     -0.10;     2412.03
      1527;        381.8;       ;      0.04;          ;     402.77;    0.116708;     -101.735450;     -101.618743;     -101.370965;     -0.10;     2400.92
      1528;        382.0;       ;      0.04;          ;     405.47;    0.117490;     -101.736352;     -101.618862;     -101.370967;     -0.10;     2390.00
      1529;        382.2;       ;      0.04;          ;     408.44;    0.118350;     -101.737299;     -101.618950;     -101.370969;     -0.11;     2378.09
      1530;        382.5;       ;      0.04;          ;     409.81;    0.118747;     -101.738256;     -101.619509;     -101.370971;     -0.11;     2363.92
      1531;        382.8;       ;      0.04;          ;     416.56;    0.120702;     -101.739188;     -101.618485;     -101.370973;     -0.11;     2346.25
      1532;        383.0;       ;      0.03;          ;     424.43;    0.122986;     -101.740071;     -101.617086;     -101.370974;     -0.11;     2323.69
      1533;        383.2;       ;      0.04;          ;     425.42;    0.123270;     -101.740880;     -101.617610;     -101.370975;     -0.12;     2294.99
      1534;        383.5;       ;      0.04;          ;     427.48;    0.123869;     -101.741589;     -101.617720;     -101.370975;     -0.12;     2259.32
      1535;        383.8;       ;      0.04;          ;     430.24;    0.124668;     -101.742195;     -101.617527;     -101.370975;     -0.12;     2215.74
      1536;        384.0;       ;      0.04;          ;     428.73;    0.124230;     -101.742699;     -101.618469;     -101.370975;     -0.12;     2163.52
      1537;        384.2;       ;      0.04;          ;     435.20;    0.126104;     -101.743108;     -101.617005;     -101.370974;     -0.11;     2102.48
      1538;        384.5;       ;      0.04;          ;     440.71;    0.127700;     -101.743438;     -101.615738;     -101.370973;     -0.11;     2031.81
      1539;        384.8;       ;      0.04;          ;     443.20;    0.128423;     -101.743696;     -101.615274;     -101.370973;     -0.11;     1951.56
      1540;        385.0;       ;      0.04;          ;     443.63;    0.128547;     -101.743890;     -101.615342;     -101.370972;     -0.11;     1882.02
      1541;        385.2;       ;      0.04;          ;     440.88;    0.127751;     -101.744025;     -101.616274;     -101.370972;     -0.11;     1868.18
      1542;        385.5;       ;      0.04;          ;     444.25;    0.128726;     -101.744106;     -101.615380;     -101.370973;     -0.11;     1846.95
      1543;        385.8;       ;      0.04;          ;     448.17;    0.129864;     -101.744132;     -101.614268;     -101.370973;     -0.11;     1818.39
      1544;        386.0;       ;      0.04;          ;     445.89;    0.129203;     -101.744095;     -101.614892;     -101.370974;     -0.11;     1782.83
      1545;        386.2;       ;      0.04;          ;     443.92;    0.128630;     -101.743988;     -101.615358;     -101.370975;     -0.12;     1741.06
      1546;        386.5;       ;      0.04;          ;     444.68;    0.128852;     -101.743806;     -101.614954;     -101.370975;     -0.12;     1693.80
      1547;        386.8;       ;      0.04;          ;     447.23;    0.129590;     -101.743546;     -101.613956;     -101.370976;     -0.12;     1641.77
      1548;        387.0;       ;      0.04;          ;     444.52;    0.128807;     -101.743207;     -101.614400;     -101.370976;     -0.12;     1585.87
      1549;        387.2;       ;      0.04;          ;     444.59;    0.128825;     -101.742794;     -101.613968;     -101.370975;     -0.12;     1527.57
      1550;        387.5;       ;      0.04;          ;     441.61;    0.127961;     -101.742313;     -101.614351;     -101.370975;     -0.12;     1467.92
      1551;        387.8;       ;      0.04;          ;     440.34;    0.127595;     -101.741775;     -101.614180;     -101.370975;     -0.12;     1408.47
      1552;        388.0;       ;      0.04;          ;     440.03;    0.127505;     -101.741190;     -101.613684;     -101.370974;     -0.11;     1350.45
      1553;        388.2;       ;      0.04;          ;     440.09;    0.127521;     -101.740570;     -101.613049;     -101.370973;     -0.11;     1295.20
      1554;        388.5;       ;      0.04;          ;     437.76;    0.126847;     -101.739934;     -101.613087;     -101.370972;     -0.11;     1244.04
      1555;        388.8;       ;      0.04;          ;     434.95;    0.126033;     -101.739305;     -101.613273;     -101.370970;     -0.11;     1198.38
      1556;        389.0;       ;      0.04;          ;     439.34;    0.127305;     -101.738713;     -101.611408;     -101.370968;     -0.10;     1159.36
      1557;        389.2;       ;      0.04;          ;     437.19;    0.126682;     -101.738177;     -101.611495;     -101.370967;     -0.10;     1127.63
      1558;        389.5;       ;      0.04;          ;     433.39;    0.125579;     -101.737724;     -101.612145;     -101.370966;     -0.10;     1104.18
      1559;        389.8;       ;      0.04;          ;     428.36;    0.124122;     -101.737373;     -101.613250;     -101.370965;     -0.10;     1089.48
      1560;        390.0;       ;      0.04;          ;     425.80;    0.123381;     -101.737133;     -101.613752;     -101.370965;     -0.10;     1083.70
      1561;        390.2;       ;      0.04;          ;     428.25;    0.124090;     -101.737002;     -101.612912;     -101.370966;     -0.10;     1086.65
      1562;        390.5;       ;      0.04;          ;     422.89;    0.122539;     -101.736967;     -101.614428;     -101.370967;     -0.10;     1097.95
      1563;        390.8;       ;      0.03;          ;     421.51;    0.122138;     -101.737007;     -101.614870;     -101.370969;     -0.10;     1116.79
      1564;        391.0;       ;      0.04;          ;     426.59;    0.123610;     -101.737104;     -101.613494;     -101.370970;     -0.11;     1142.32
      1565;        391.2;       ;      0.04;          ;     429.21;    0.124370;     -101.737234;     -101.612864;     -101.370971;     -0.11;     1173.66
      1566;        391.5;       ;      0.04;          ;     429.19;    0.124365;     -101.737376;     -101.613011;     -101.370972;     -0.11;     1209.52
      1567;        391.8;       ;      0.03;          ;     433.28;    0.125547;     -101.737519;     -101.611972;     -101.370972;     -0.11;     1248.47
      1568;        392.0;       ;      0.04;          ;     435.11;    0.126078;     -101.737661;     -101.611582;     -101.370971;     -0.11;     1322.05
      1569;        392.2;       ;      0.04;          ;     435.73;    0.126258;     -101.737805;     -101.611547;     -101.370971;     -0.11;     1416.84
      1570;        392.5;       ;      0.04;          ;     435.52;    0.126197;     -101.737964;     -101.611767;     -101.370969;     -0.11;     1511.29
      1571;        392.8;       ;      0.03;          ;     433.92;    0.125735;     -101.738155;     -101.612420;     -101.370968;     -0.10;     1603.51
      1572;        393.0;       ;      0.04;          ;     438.06;    0.126934;     -101.738398;     -101.611464;     -101.370967;     -0.10;     1691.63
      1573;        393.2;       ;      0.04;          ;     438.02;    0.126922;     -101.738711;     -101.611789;     -101.370966;     -0.10;     1774.60
      1574;        393.5;       ;      0.04;          ;     443.95;    0.128640;     -101.739102;     -101.610461;     -101.370966;     -0.10;     1850.50
      1575;        393.8;       ;      0.04;          ;     447.22;    0.129588;     -101.739579;     -101.609991;     -101.370966;     -0.10;     1918.50
      1576;        394.0;       ;      0.04;          ;     449.82;    0.130340;     -101.740136;     -101.609796;     -101.370966;     -0.10;     1977.20
      1577;        394.2;       ;      0.04;          ;     453.94;    0.131535;     -101.740762;     -101.609227;     -101.370967;     -0.10;     2025.62
      1578;        394.5;       ;      0.04;          ;     456.99;    0.132419;     -101.741435;     -101.609016;     -101.370969;     -0.11;     2063.10
      1579;        394.8;       ;      0.03;          ;     458.91;    0.132975;     -101.742125;     -101.609150;     -101.370971;     -0.11;     2089.14
      1580;        395.0;       ;      0.03;          ;     462.43;    0.133994;     -101.742794;     -101.608801;     -101.370974;     -0.11;     2103.48
      1581;        395.2;       ;      0.03;          ;     464.24;    0.134520;     -101.743409;     -101.608888;     -101.370976;     -0.12;     2106.22
      1582;        395.5;       ;      0.04;          ;     467.14;    0.135361;     -101.743929;     -101.608568;     -101.370978;     -0.12;     2097.65
      1583;        395.8;       ;      0.04;          ;     469.03;    0.135906;     -101.744324;     -101.608418;     -101.370979;     -0.12;     2078.31
      1584;        396.0;       ;      0.03;          ;     469.03;    0.135908;     -101.744572;     -101.608664;     -101.370980;     -0.12;     2049.00
      1585;        396.2;       ;      0.04;          ;     476.30;    0.138015;     -101.744657;     -101.606642;     -101.370981;     -0.13;     2045.39
      1586;        396.5;       ;      0.04;          ;     479.76;    0.139016;     -101.744574;     -101.605558;     -101.370981;     -0.13;     2055.26
      1587;        396.8;       ;      0.03;          ;     479.22;    0.138862;     -101.744322;     -101.605461;     -101.370980;     -0.12;     2059.42
      1588;        397.0;       ;      0.04;          ;     477.58;    0.138384;     -101.743915;     -101.605531;     -101.370979;     -0.12;     2059.35
      1589;        397.2;       ;      0.03;          ;     476.37;    0.138034;     -101.743375;     -101.605341;     -101.370977;     -0.12;     2056.60
      1590;        397.5;       ;      0.04;          ;     475.89;    0.137896;     -101.742729;     -101.604833;     -101.370975;     -0.12;     2052.65
      1591;        397.8;       ;      0.04;          ;     469.60;    0.136074;     -101.742005;     -101.605931;     -101.370973;     -0.11;     2048.89
      1592;        398.0;       ;      0.03;          ;     468.03;    0.135618;     -101.741241;     -101.605623;     -101.370971;     -0.11;     2046.55
      1593;        398.2;       ;      0.03;          ;     467.40;    0.135436;     -101.740463;     -101.605026;     -101.370970;     -0.11;     2046.55
      1594;        398.5;       ;      0.04;          ;     464.48;    0.134590;     -101.739695;     -101.605105;     -101.370969;     -0.10;     2049.55
      1595;        398.8;       ;      0.03;          ;     460.78;    0.133516;     -101.738961;     -101.605445;     -101.370968;     -0.10;     2055.82
      1596;        399.0;       ;      0.05;          ;     456.55;    0.132291;     -101.738272;     -101.605981;     -101.370967;     -0.10;     2065.26
      1597;        399.2;       ;      0.04;          ;     455.02;    0.131849;     -101.737634;     -101.605785;     -101.370968;     -0.10;     2077.38
      1598;        399.5;       ;      0.04;          ;     452.98;    0.131258;     -101.737040;     -101.605782;     -101.370968;     -0.10;     2091.42
      1599;        399.8;       ;      0.04;          ;     449.18;    0.130155;     -101.736479;     -101.606324;     -101.370969;     -0.11;     2106.22
      1600;        400.0;       ;      0.04;          ;     450.71;    0.130600;     -101.735938;     -101.605339;     -101.370970;     -0.11;     2120.38
      1601;        400.2;       ;      0.03;          ;     446.81;    0.129468;     -101.735399;     -101.605931;     -101.370970;     -0.11;     2132.36
      1602;        400.5;       ;      0.04;          ;     441.76;    0.128006;     -101.734851;     -101.606845;     -101.370970;     -0.11;     2140.36
      1603;        400.8;       ;      0.04;          ;     439.58;    0.127374;     -101.734290;     -101.606917;     -101.370970;     -0.11;     2142.57
      1604;        401.0;       ;      0.04;          ;     438.50;    0.127061;     -101.733719;     -101.606657;     -101.370970;     -0.11;     2137.19
      1605;        401.2;       ;      0.04;          ;     431.87;    0.125139;     -101.733143;     -101.608004;     -101.370968;     -0.10;     2122.44
      1606;        401.5;       ;      0.04;          ;     428.53;    0.124173;     -101.732585;     -101.608412;     -101.370967;     -0.10;     2096.77
      1607;        401.8;       ;      0.04;          ;     424.29;    0.122945;     -101.732069;     -101.609124;     -101.370965;     -0.10;     2058.62
      1608;        402.0;       ;      0.04;          ;     418.26;    0.121197;     -101.731623;     -101.610426;     -101.370964;     -0.10;     2006.78
      1609;        402.2;       ;      0.03;          ;     418.67;    0.121316;     -101.731276;     -101.609960;     -101.370962;     -0.09;     1940.36
      1610;        402.5;       ;      0.03;          ;     416.96;    0.120818;     -101.731053;     -101.610235;     -101.370961;     -0.09;     1858.11
      1611;        402.8;       ;      0.03;          ;     416.31;    0.120631;     -101.730976;     -101.610346;     -101.370960;     -0.09;     1759.72
      1612;        403.0;       ;      0.04;          ;     414.99;    0.120249;     -101.731058;     -101.610809;     -101.370960;     -0.09;     1644.92
      1613;        403.2;       ;      0.04;          ;     415.89;    0.120509;     -101.731302;     -101.610793;     -101.370961;     -0.09;     1513.92
      1614;        403.5;       ;      0.04;          ;     415.16;    0.120297;     -101.731698;     -101.611401;     -101.370962;     -0.09;     1366.84
      1615;        403.8;       ;      0.04;          ;     416.04;    0.120553;     -101.732226;     -101.611673;     -101.370965;     -0.10;     1233.11
      1616;        404.0;       ;      0.04;          ;     420.91;    0.121964;     -101.732853;     -101.610889;     -101.370968;     -0.10;     1089.62
      1617;        404.2;       ;      0.04;          ;     419.53;    0.121565;     -101.733539;     -101.611974;     -101.370970;     -0.11;      957.88
      1618;        404.5;       ;      0.04;          ;     420.32;    0.121794;     -101.734231;     -101.612437;     -101.370973;     -0.11;      917.81
      1619;        404.8;       ;      0.04;          ;     425.21;    0.123209;     -101.734886;     -101.611676;     -101.370976;     -0.12;      875.60
      1620;        405.0;       ;      0.04;          ;     423.03;    0.122578;     -101.735463;     -101.612885;     -101.370978;     -0.12;      831.71
      1621;        405.2;       ;      0.04;          ;     421.79;    0.122218;     -101.735923;     -101.613705;     -101.370980;     -0.12;      787.17
      1622;        405.5;       ;      0.03;          ;     425.51;    0.123297;     -101.736247;     -101.612951;     -101.370980;     -0.13;      742.59
      1623;        405.8;       ;      0.04;          ;     427.85;    0.123974;     -101.736426;     -101.612452;     -101.370980;     -0.13;      698.31
      1624;        406.0;       ;      0.04;          ;     428.72;    0.124228;     -101.736459;     -101.612231;     -101.370980;     -0.12;      654.92
      1625;        406.2;       ;      0.03;          ;     428.00;    0.124019;     -101.736360;     -101.612341;     -101.370978;     -0.12;      612.99
      1626;        406.5;       ;      0.04;          ;     429.06;    0.124326;     -101.736153;     -101.611827;     -101.370977;     -0.12;      572.96
      1627;        406.8;       ;      0.04;          ;     427.35;    0.123830;     -101.735866;     -101.612036;     -101.370975;     -0.12;      535.07
      1628;        407.0;       ;      0.04;          ;     427.81;    0.123964;     -101.735534;     -101.611570;     -101.370973;     -0.11;      499.64
      1629;        407.2;       ;      0.03;          ;     425.57;    0.123315;     -101.735185;     -101.611870;     -101.370971;     -0.11;      466.69
      1630;        407.5;       ;      0.03;          ;     425.91;    0.123412;     -101.734848;     -101.611436;     -101.370970;     -0.11;      436.33
      1631;        407.8;       ;      0.04;          ;     421.72;    0.122200;     -101.734537;     -101.612337;     -101.370970;     -0.11;      408.42
      1632;        408.0;       ;      0.04;          ;     416.86;    0.120792;     -101.734265;     -101.613473;     -101.370970;     -0.11;      382.94
      1633;        408.2;       ;      0.03;          ;     413.66;    0.119862;     -101.734035;     -101.614173;     -101.370971;     -0.11;      359.69
      1634;        408.5;       ;      0.03;          ;     413.19;    0.119727;     -101.733840;     -101.614113;     -101.370972;     -0.11;      338.37
      1635;        408.8;       ;      0.04;          ;     407.88;    0.118188;     -101.733663;     -101.615475;     -101.370973;     -0.11;      318.58
      1636;        409.0;       ;      0.04;          ;     405.02;    0.117361;     -101.733481;     -101.616120;     -101.370975;     -0.12;      300.12
      1637;        409.2;       ;      0.04;          ;     403.25;    0.116847;     -101.733270;     -101.616423;     -101.370977;     -0.12;      282.59
      1638;        409.5;       ;      0.04;          ;     399.53;    0.115770;     -101.733004;     -101.617234;     -101.370978;     -0.12;      265.64
      1639;        409.8;       ;      0.04;          ;     398.34;    0.115423;     -101.732662;     -101.617239;     -101.370979;     -0.12;      249.00
      1640;        410.0;       ;      0.04;          ;     395.49;    0.114598;     -101.732228;     -101.617630;     -101.370980;     -0.12;      232.35
      1641;        410.2;       ;      0.04;          ;     396.34;    0.114845;     -101.731697;     -101.616852;     -101.370979;     -0.12;      215.46
      1642;        410.5;       ;      0.04;          ;     394.24;    0.114236;     -101.731068;     -101.616832;     -101.370978;     -0.12;      198.07
      1643;        410.8;       ;      0.04;          ;     392.35;    0.113687;     -101.730359;     -101.616671;     -101.370977;     -0.12;      180.09
      1644;        411.0;       ;      0.03;          ;     391.91;    0.113561;     -101.729591;     -101.616030;     -101.370974;     -0.11;      161.41
      1645;        411.2;       ;      0.03;          ;     389.58;    0.112887;     -101.728798;     -101.615911;     -101.370972;     -0.11;      141.98
      1646;        411.5;       ;      0.04;          ;     385.67;    0.111753;     -101.728019;     -101.616265;     -101.370969;     -0.11;      121.86
      1647;        411.8;       ;      0.03;          ;     376.99;    0.109238;     -101.727301;     -101.618063;     -101.370966;     -0.10;      101.18
      1648;        412.0;       ;      0.03;          ;     376.03;    0.108959;     -101.726696;     -101.617736;     -101.370964;     -0.10;       80.23
      1649;        412.2;       ;      0.03;          ;     372.30;    0.107879;     -101.726239;     -101.618359;     -101.370962;     -0.09;       58.99
      1650;        412.5;       ;      0.03;          ;     373.88;    0.108335;     -101.725960;     -101.617625;     -101.370961;     -0.09;       37.81
      1651;        412.8;       ;      0.04;          ;     374.41;    0.108490;     -101.725873;     -101.617382;     -101.370961;     -0.09;       16.82
      1652;        413.0;       ;      0.04;          ;     374.91;    0.108635;     -101.725974;     -101.617339;     -101.370962;     -0.09;        0.00
      1653;        413.2;       ;      0.04;          ;     376.72;    0.109161;     -101.726246;     -101.617085;     -101.370964;     -0.10;        0.00
      1654;        413.5;       ;      0.04;          ;     375.29;    0.108746;     -101.726654;     -101.617908;     -101.370967;     -0.10;        0.00
      1655;        413.8;       ;      0.03;          ;     377.80;    0.109471;     -101.727152;     -101.617681;     -101.370970;     -0.11;        0.00
      1656;        414.0;       ;      0.04;          ;     376.06;    0.108967;     -101.727694;     -101.618727;     -101.370973;     -0.11;        0.00
      1657;        414.2;       ;      0.04;          ;     379.94;    0.110094;     -101.728231;     -101.618137;     -101.370976;     -0.12;        0.00
      1658;        414.5;       ;      0.04;          ;     380.36;    0.110215;     -101.728725;     -101.618510;     -101.370978;     -0.12;        0.00
      1659;        414.8;       ;      0.03;          ;     380.88;    0.110364;     -101.729140;     -101.618776;     -101.370979;     -0.12;        0.00
      1660;        415.0;       ;      0.03;          ;     380.46;    0.110244;     -101.729460;     -101.619217;     -101.370979;     -0.12;        0.00
      1661;        415.2;       ;      0.04;          ;     383.63;    0.111163;     -101.729681;     -101.618518;     -101.370978;     -0.12;        0.00
      1662;        415.5;       ;      0.03;          ;     385.74;    0.111774;     -101.729813;     -101.618039;     -101.370977;     -0.12;        0.00
      1663;        415.8;       ;      0.04;          ;     384.70;    0.111473;     -101.729876;     -101.618403;     -101.370975;     -0.12;        0.00
      1664;        416.0;       ;      0.03;          ;     383.90;    0.111239;     -101.729899;     -101.618660;     -101.370973;     -0.11;        0.00
      1665;        416.2;       ;      0.03;          ;     379.75;    0.110039;     -101.729917;     -101.619878;     -101.370971;     -0.11;        0.00
      1666;        416.5;       ;      0.03;          ;     379.51;    0.109969;     -101.729964;     -101.619996;     -101.370970;     -0.11;        0.00
      1667;        416.8;       ;      0.03;          ;     379.71;    0.110025;     -101.730069;     -101.620044;     -101.370969;     -0.11;        0.00
      1668;        417.0;       ;      0.03;          ;     380.19;    0.110165;     -101.730246;     -101.620081;     -101.370969;     -0.11;        0.00
      1669;        417.2;       ;      0.04;          ;     378.11;    0.109562;     -101.730500;     -101.620938;     -101.370970;     -0.11;        0.00
      1670;        417.5;       ;      0.04;          ;     376.80;    0.109183;     -101.730818;     -101.621635;     -101.370972;     -0.11;       39.39
      1671;        417.8;       ;      0.03;          ;     381.34;    0.110499;     -101.731177;     -101.620679;     -101.370975;     -0.12;      107.16
      1672;        418.0;       ;      0.03;          ;     381.12;    0.110434;     -101.731544;     -101.621110;     -101.370978;     -0.12;      198.96
      1673;        418.2;       ;      0.04;          ;     380.99;    0.110397;     -101.731873;     -101.621476;     -101.370981;     -0.13;      297.74
      1674;        418.5;       ;      0.04;          ;     383.20;    0.111036;     -101.732123;     -101.621087;     -101.370985;     -0.13;      428.11
      1675;        418.8;       ;      0.03;          ;     385.98;    0.111843;     -101.732262;     -101.620418;     -101.370987;     -0.14;      611.99
      1676;        419.0;       ;      0.04;          ;     381.83;    0.110640;     -101.732261;     -101.621621;     -101.370988;     -0.14;      795.38
      1677;        419.2;       ;      0.03;          ;     380.33;    0.110206;     -101.732108;     -101.621902;     -101.370988;     -0.14;      974.20
      1678;        419.5;       ;      0.03;          ;     379.74;    0.110035;     -101.731805;     -101.621771;     -101.370987;     -0.14;     1146.73
      1679;        419.8;       ;      0.04;          ;     372.21;    0.107853;     -101.731365;     -101.623512;     -101.370985;     -0.13;     1310.97
      1680;        420.0;       ;      0.04;          ;     368.00;    0.106632;     -101.730817;     -101.624186;     -101.370983;     -0.13;     1463.41
      1681;        420.2;       ;      0.04;          ;     363.09;    0.105212;     -101.730195;     -101.624983;     -101.370981;     -0.13;     1603.03
      1682;        420.5;       ;      0.04;          ;     358.57;    0.103901;     -101.729536;     -101.625635;     -101.370978;     -0.12;     1728.24
      1683;        420.8;       ;      0.03;          ;     355.37;    0.102972;     -101.728881;     -101.625910;     -101.370976;     -0.12;     1838.01
      1684;        421.0;       ;      0.03;          ;     351.86;    0.101956;     -101.728267;     -101.626310;     -101.370973;     -0.11;     1931.72
      1685;        421.2;       ;      0.04;          ;     349.78;    0.101353;     -101.727725;     -101.626372;     -101.370972;     -0.11;     2008.87
      1686;        421.5;       ;      0.04;          ;     349.37;    0.101235;     -101.727282;     -101.626047;     -101.370971;     -0.11;     2069.52
      1687;        421.8;       ;      0.04;          ;     349.28;    0.101207;     -101.726949;     -101.625742;     -101.370970;     -0.11;     2133.08
      1688;        422.0;       ;      0.04;          ;     348.44;    0.100966;     -101.726730;     -101.625764;     -101.370971;     -0.11;     2189.46
      1689;        422.2;       ;      0.04;          ;     348.72;    0.101047;     -101.726616;     -101.625569;     -101.370972;     -0.11;     2233.02
      1690;        422.5;       ;      0.04;          ;     350.35;    0.101520;     -101.726590;     -101.625070;     -101.370974;     -0.11;     2264.57
      1691;        422.8;       ;      0.04;          ;     345.50;    0.100114;     -101.726624;     -101.626510;     -101.370975;     -0.12;     2285.16
      1692;        423.0;       ;      0.03;          ;     340.83;    0.098759;     -101.726689;     -101.627930;     -101.370977;     -0.12;     2295.89
      1693;        423.2;       ;      0.04;          ;     342.13;    0.099136;     -101.726762;     -101.627626;     -101.370979;     -0.12;     2298.30
      1694;        423.5;       ;      0.04;          ;     342.85;    0.099346;     -101.726818;     -101.627472;     -101.370981;     -0.13;     2294.12
      1695;        423.8;       ;      0.03;          ;     342.45;    0.099231;     -101.726834;     -101.627603;     -101.370982;     -0.13;     2285.19
      1696;        424.0;       ;      0.03;          ;     340.01;    0.098522;     -101.726798;     -101.628276;     -101.370982;     -0.13;     2273.48
      1697;        424.2;       ;      0.03;          ;     340.72;    0.098727;     -101.726711;     -101.627984;     -101.370981;     -0.13;     2261.08
      1698;        424.5;       ;      0.04;          ;     340.49;    0.098662;     -101.726583;     -101.627921;     -101.370980;     -0.12;     2249.99
      1699;        424.8;       ;      0.04;          ;     339.13;    0.098269;     -101.726436;     -101.628167;     -101.370978;     -0.12;     2242.25
      1700;        425.0;       ;      0.03;          ;     336.70;    0.097565;     -101.726302;     -101.628738;     -101.370976;     -0.12;     2239.76
      1701;        425.2;       ;      0.04;          ;     337.36;    0.097755;     -101.726220;     -101.628465;     -101.370974;     -0.11;     2244.22
      1702;        425.5;       ;      0.04;          ;     341.01;    0.098811;     -101.726227;     -101.627417;     -101.370972;     -0.11;     2257.05
      1703;        425.8;       ;      0.03;          ;     338.59;    0.098110;     -101.726356;     -101.628246;     -101.370971;     -0.11;     2279.42
      1704;        426.0;       ;      0.03;          ;     337.89;    0.097907;     -101.726628;     -101.628721;     -101.370971;     -0.11;     2311.75
      1705;        426.2;       ;      0.03;          ;     342.47;    0.099234;     -101.727052;     -101.627818;     -101.370971;     -0.11;     2354.27
      1706;        426.5;       ;      0.03;          ;     347.95;    0.100824;     -101.727623;     -101.626799;     -101.370973;     -0.11;     2407.01
      1707;        426.8;       ;      0.04;          ;     352.15;    0.102041;     -101.728314;     -101.626273;     -101.370976;     -0.12;     2469.26
      1708;        427.0;       ;      0.04;          ;     358.93;    0.104004;     -101.729085;     -101.625081;     -101.370979;     -0.12;     2539.74
      1709;        427.2;       ;      0.04;          ;     358.95;    0.104011;     -101.729890;     -101.625879;     -101.370982;     -0.13;     2617.14
      1710;        427.5;       ;      0.04;          ;     357.75;    0.103664;     -101.730675;     -101.627011;     -101.370984;     -0.13;     2698.85
      1711;        427.8;       ;      0.04;          ;     356.47;    0.103291;     -101.731400;     -101.628109;     -101.370987;     -0.14;     2782.71
      1712;        428.0;       ;      0.03;          ;     358.86;    0.103984;     -101.732034;     -101.628050;     -101.370988;     -0.14;     2866.59
      1713;        428.2;       ;      0.03;          ;     360.83;    0.104555;     -101.732559;     -101.628004;     -101.370989;     -0.14;     2948.82
      1714;        428.5;       ;      0.04;          ;     367.72;    0.106551;     -101.732960;     -101.626410;     -101.370989;     -0.14;     3027.36
      1715;        428.8;       ;      0.03;          ;     362.87;    0.105147;     -101.733236;     -101.628089;     -101.370988;     -0.14;     3100.83
      1716;        429.0;       ;      0.03;          ;     360.92;    0.104583;     -101.733388;     -101.628805;     -101.370987;     -0.14;     3166.38
      1717;        429.2;       ;      0.03;          ;     360.16;    0.104362;     -101.733439;     -101.629077;     -101.370985;     -0.13;     3222.87
      1718;        429.5;       ;      0.03;          ;     358.57;    0.103902;     -101.733413;     -101.629511;     -101.370984;     -0.13;     3269.22
      1719;        429.8;       ;      0.04;          ;     361.72;    0.104815;     -101.733338;     -101.628523;     -101.370982;     -0.13;     3304.51
      1720;        430.0;       ;      0.04;          ;     363.50;    0.105330;     -101.733240;     -101.627910;     -101.370981;     -0.13;     3328.34
      1721;        430.2;       ;      0.03;          ;     359.37;    0.104132;     -101.733143;     -101.629011;     -101.370980;     -0.12;     3340.30
      1722;        430.5;       ;      0.04;          ;     361.33;    0.104701;     -101.733070;     -101.628368;     -101.370979;     -0.12;     3340.32
      1723;        430.8;       ;      0.04;          ;     360.55;    0.104475;     -101.733032;     -101.628558;     -101.370979;     -0.12;     3328.68
      1724;        431.0;       ;      0.04;          ;     356.92;    0.103422;     -101.733035;     -101.629613;     -101.370979;     -0.12;     3306.01
      1725;        431.2;       ;      0.03;          ;     359.24;    0.104095;     -101.733072;     -101.628977;     -101.370980;     -0.12;     3273.28
      1726;        431.5;       ;      0.04;          ;     358.73;    0.103945;     -101.733128;     -101.629182;     -101.370982;     -0.13;     3231.34
      1727;        431.8;       ;      0.04;          ;     358.27;    0.103814;     -101.733175;     -101.629361;     -101.370984;     -0.13;     3181.70
      1728;        432.0;       ;      0.04;          ;     356.95;    0.103430;     -101.733184;     -101.629754;     -101.370986;     -0.14;     3125.89
      1729;        432.2;       ;      0.04;          ;     353.59;    0.102458;     -101.733126;     -101.630668;     -101.370988;     -0.14;     3065.73
      1730;        432.5;       ;      0.03;          ;     350.27;    0.101495;     -101.732979;     -101.631484;     -101.370989;     -0.14;     3003.23
      1731;        432.8;       ;      0.04;          ;     348.02;    0.100843;     -101.732731;     -101.631888;     -101.370990;     -0.14;     2940.32
      1732;        433.0;       ;      0.03;          ;     345.98;    0.100251;     -101.732382;     -101.632131;     -101.370989;     -0.14;     2878.87
      1733;        433.2;       ;      0.04;          ;     344.03;    0.099686;     -101.731947;     -101.632261;     -101.370988;     -0.14;     2820.79
      1734;        433.5;       ;      0.05;          ;     344.12;    0.099714;     -101.731455;     -101.631741;     -101.370985;     -0.13;     2767.92
      1735;        433.8;       ;      0.04;          ;     342.48;    0.099237;     -101.730944;     -101.631707;     -101.370982;     -0.13;     2721.80
      1736;        434.0;       ;      0.04;          ;     341.74;    0.099024;     -101.730465;     -101.631441;     -101.370979;     -0.12;     2684.03
      1737;        434.2;       ;      0.03;          ;     338.96;    0.098217;     -101.730066;     -101.631848;     -101.370976;     -0.12;     2655.73
      1738;        434.5;       ;      0.04;          ;     335.67;    0.097266;     -101.729793;     -101.632527;     -101.370974;     -0.11;     2637.77
      1739;        434.8;       ;      0.04;          ;     335.27;    0.097149;     -101.729681;     -101.632532;     -101.370973;     -0.11;     2630.47
      1740;        435.0;       ;      0.04;          ;     339.00;    0.098230;     -101.729746;     -101.631516;     -101.370973;     -0.11;     2633.67
      1741;        435.2;       ;      0.03;          ;     340.81;    0.098754;     -101.729982;     -101.631228;     -101.370974;     -0.11;     2646.81
      1742;        435.5;       ;      0.04;          ;     341.28;    0.098891;     -101.730363;     -101.631472;     -101.370977;     -0.12;     2668.83
      1743;        435.8;       ;      0.03;          ;     344.36;    0.099782;     -101.730849;     -101.631068;     -101.370980;     -0.12;     2698.24
      1744;        436.0;       ;      0.03;          ;     340.04;    0.098532;     -101.731394;     -101.632862;     -101.370983;     -0.13;     2733.40
      1745;        436.2;       ;      0.04;          ;     346.02;    0.100265;     -101.731942;     -101.631677;     -101.370986;     -0.13;     2771.93
      1746;        436.5;       ;      0.03;          ;     348.18;    0.100890;     -101.732456;     -101.631567;     -101.370988;     -0.14;     2812.30
      1747;        436.8;       ;      0.04;          ;     350.77;    0.101640;     -101.732897;     -101.631256;     -101.370990;     -0.14;     2852.16
      1748;        437.0;       ;      0.04;          ;     354.64;    0.102762;     -101.733240;     -101.630478;     -101.370990;     -0.14;     2889.43
      1749;        437.2;       ;      0.04;          ;     352.86;    0.102247;     -101.733476;     -101.631229;     -101.370990;     -0.14;     2922.19
      1750;        437.5;       ;      0.04;          ;     348.84;    0.101081;     -101.733607;     -101.632526;     -101.370988;     -0.14;     2948.38
      1751;        437.8;       ;      0.04;          ;     350.92;    0.101684;     -101.733654;     -101.631970;     -101.370987;     -0.14;     2966.35
      1752;        438.0;       ;      0.03;          ;     344.75;    0.099895;     -101.733641;     -101.633746;     -101.370985;     -0.13;     2974.95
      1753;        438.2;       ;      0.03;          ;     344.12;    0.099713;     -101.733598;     -101.633885;     -101.370984;     -0.13;     2973.04
      1754;        438.5;       ;      0.04;          ;     346.61;    0.100436;     -101.733553;     -101.633117;     -101.370982;     -0.13;     2959.88
      1755;        438.8;       ;      0.03;          ;     347.61;    0.100724;     -101.733531;     -101.632807;     -101.370981;     -0.13;     2934.90
      1756;        439.0;       ;      0.03;          ;     348.28;    0.100918;     -101.733551;     -101.632633;     -101.370980;     -0.12;     2897.92
      1757;        439.2;       ;      0.04;          ;     349.40;    0.101243;     -101.733628;     -101.632386;     -101.370980;     -0.12;     2849.04
      1758;        439.5;       ;      0.03;          ;     351.11;    0.101738;     -101.733771;     -101.632033;     -101.370980;     -0.12;     2788.55
      1759;        439.8;       ;      0.04;          ;     355.87;    0.103119;     -101.733977;     -101.630857;     -101.370981;     -0.13;     2717.01
      1760;        440.0;       ;      0.04;          ;     352.73;    0.102207;     -101.734235;     -101.632028;     -101.370982;     -0.13;     2634.89
      1761;        440.2;       ;      0.04;          ;     355.62;    0.103046;     -101.734522;     -101.631476;     -101.370984;     -0.13;     2544.18
      1762;        440.5;       ;      0.04;          ;     359.22;    0.104089;     -101.734812;     -101.630723;     -101.370987;     -0.14;     2445.32
      1763;        440.8;       ;      0.03;          ;     359.25;    0.104096;     -101.735070;     -101.630974;     -101.370989;     -0.14;     2339.60
      1764;        441.0;       ;      0.03;          ;     361.50;    0.104751;     -101.735256;     -101.630505;     -101.370992;     -0.15;     2229.01
      1765;        441.2;       ;      0.04;          ;     359.96;    0.104303;     -101.735334;     -101.631031;     -101.370994;     -0.15;     2114.80
      1766;        441.5;       ;      0.04;          ;     357.92;    0.103712;     -101.735272;     -101.631560;     -101.370996;     -0.15;     1999.17
      1767;        441.8;       ;      0.03;          ;     358.15;    0.103778;     -101.735053;     -101.631275;     -101.370996;     -0.15;     1883.81
      1768;        442.0;       ;      0.03;          ;     356.15;    0.103199;     -101.734668;     -101.631468;     -101.370996;     -0.15;     1769.91
      1769;        442.2;       ;      0.03;          ;     352.06;    0.102013;     -101.734123;     -101.632111;     -101.370995;     -0.15;     1659.30
      1770;        442.5;       ;      0.03;          ;     348.61;    0.101013;     -101.733443;     -101.632430;     -101.370993;     -0.15;     1553.65
      1771;        442.8;       ;      0.04;          ;     348.76;    0.101059;     -101.732662;     -101.631603;     -101.370990;     -0.14;     1453.99
      1772;        443.0;       ;      0.03;          ;     345.16;    0.100016;     -101.731816;     -101.631800;     -101.370988;     -0.14;     1360.75
      1773;        443.2;       ;      0.04;          ;     342.71;    0.099304;     -101.730956;     -101.631652;     -101.370985;     -0.13;     1275.10
      1774;        443.5;       ;      0.03;          ;     341.65;    0.098999;     -101.730129;     -101.631130;     -101.370982;     -0.13;     1222.26
      1775;        443.8;       ;      0.04;          ;     335.48;    0.097210;     -101.729374;     -101.632164;     -101.370980;     -0.12;     1186.40
      1776;        444.0;       ;      0.03;          ;     332.59;    0.096374;     -101.728733;     -101.632359;     -101.370979;     -0.12;     1149.36
      1777;        444.2;       ;      0.03;          ;     334.49;    0.096923;     -101.728225;     -101.631302;     -101.370979;     -0.12;     1110.69
      1778;        444.5;       ;      0.04;          ;     334.04;    0.096793;     -101.727856;     -101.631063;     -101.370980;     -0.12;     1069.87
      1779;        444.8;       ;      0.04;          ;     330.51;    0.095771;     -101.727619;     -101.631848;     -101.370981;     -0.13;     1026.84
      1780;        445.0;       ;      0.04;          ;     330.24;    0.095690;     -101.727498;     -101.631808;     -101.370983;     -0.13;      981.63
      1781;        445.2;       ;      0.03;          ;     332.33;    0.096298;     -101.727467;     -101.631169;     -101.370986;     -0.13;      933.88
      1782;        445.5;       ;      0.03;          ;     330.25;    0.095693;     -101.727491;     -101.631798;     -101.370988;     -0.14;      883.35
      1783;        445.8;       ;      0.04;          ;     329.10;    0.095361;     -101.727535;     -101.632174;     -101.370990;     -0.14;      830.30
      1784;        446.0;       ;      0.04;          ;     328.64;    0.095229;     -101.727571;     -101.632342;     -101.370992;     -0.15;      774.68
      1785;        446.2;       ;      0.04;          ;     326.32;    0.094555;     -101.727577;     -101.633022;     -101.370993;     -0.15;      716.48
      1786;        446.5;       ;      0.04;          ;     327.04;    0.094765;     -101.727541;     -101.632776;     -101.370993;     -0.15;      655.98
      1787;        446.8;       ;      0.04;          ;     319.27;    0.092514;     -101.727462;     -101.634948;     -101.370992;     -0.15;      593.03
      1788;        447.0;       ;      0.03;          ;     318.29;    0.092228;     -101.727355;     -101.635127;     -101.370991;     -0.14;      528.67
      1789;        447.2;       ;      0.03;          ;     315.59;    0.091448;     -101.727242;     -101.635794;     -101.370989;     -0.14;      462.46
      1790;        447.5;       ;      0.04;          ;     316.49;    0.091707;     -101.727152;     -101.635445;     -101.370987;     -0.14;      394.84
      1791;        447.8;       ;      0.04;          ;     314.43;    0.091109;     -101.727114;     -101.636005;     -101.370985;     -0.13;      325.77
      1792;        448.0;       ;      0.03;          ;     316.86;    0.091814;     -101.727161;     -101.635347;     -101.370984;     -0.13;      255.90
      1793;        448.2;       ;      0.03;          ;     318.56;    0.092306;     -101.727320;     -101.635014;     -101.370982;     -0.13;      185.13
      1794;        448.5;       ;      0.04;          ;     312.27;    0.090485;     -101.727612;     -101.637127;     -101.370982;     -0.13;      113.92
      1795;        448.8;       ;      0.04;          ;     317.53;    0.092009;     -101.728045;     -101.636036;     -101.370981;     -0.13;       43.58
      1796;        449.0;       ;      0.04;          ;     317.49;    0.091997;     -101.728628;     -101.636631;     -101.370982;     -0.13;        0.00
      1797;        449.2;       ;      0.04;          ;     317.71;    0.092062;     -101.729342;     -101.637280;     -101.370983;     -0.13;        0.00
      1798;        449.5;       ;      0.04;          ;     323.73;    0.093804;     -101.730164;     -101.636360;     -101.370986;     -0.13;        0.00
      1799;        449.8;       ;      0.03;          ;     326.51;    0.094610;     -101.731064;     -101.636454;     -101.370988;     -0.14;        0.00
      1800;        450.0;       ;      0.03;          ;     330.43;    0.095747;     -101.731994;     -101.636247;     -101.370991;     -0.14;        0.00
      1801;        450.2;       ;      0.04;          ;     333.77;    0.096714;     -101.732905;     -101.636192;     -101.370994;     -0.15;        0.00
      1802;        450.5;       ;      0.04;          ;     338.99;    0.098226;     -101.733750;     -101.635523;     -101.370997;     -0.15;        0.00
      1803;        450.8;       ;      0.04;          ;     342.04;    0.099110;     -101.734485;     -101.635375;     -101.370999;     -0.16;        0.00
      1804;        451.0;       ;      0.04;          ;     347.50;    0.100694;     -101.735072;     -101.634378;     -101.371001;     -0.16;        0.00
      1805;        451.2;       ;      0.03;          ;     348.92;    0.101105;     -101.735490;     -101.634385;     -101.371001;     -0.16;        0.00
      1806;        451.5;       ;      0.04;          ;     347.13;    0.100584;     -101.735724;     -101.635139;     -101.371001;     -0.16;        0.00
      1807;        451.8;       ;      0.04;          ;     346.96;    0.100535;     -101.735780;     -101.635245;     -101.371000;     -0.16;        0.00
      1808;        452.0;       ;      0.04;          ;     344.59;    0.099848;     -101.735677;     -101.635829;     -101.370998;     -0.16;        0.00
      1809;        452.2;       ;      0.04;          ;     339.79;    0.098459;     -101.735447;     -101.636988;     -101.370996;     -0.15;        0.00
      1810;        452.5;       ;      0.04;          ;     336.45;    0.097492;     -101.735127;     -101.637635;     -101.370994;     -0.15;        0.00
      1811;        452.8;       ;      0.04;          ;     332.04;    0.096212;     -101.734759;     -101.638547;     -101.370992;     -0.14;        0.00
      1812;        453.0;       ;      0.03;          ;     327.41;    0.094872;     -101.734384;     -101.639512;     -101.370989;     -0.14;        0.00
      1813;        453.2;       ;      0.03;          ;     323.66;    0.093785;     -101.734040;     -101.640255;     -101.370988;     -0.14;        0.00
      1814;        453.5;       ;      0.04;          ;     321.33;    0.093111;     -101.733756;     -101.640645;     -101.370986;     -0.14;        0.00
      1815;        453.8;       ;      0.04;          ;     318.46;    0.092278;     -101.733551;     -101.641273;     -101.370986;     -0.13;        0.00
      1816;        454.0;       ;      0.04;          ;     317.68;    0.092051;     -101.733435;     -101.641384;     -101.370986;     -0.13;        0.00
      1817;        454.2;       ;      0.04;          ;     317.52;    0.092006;     -101.733407;     -101.641400;     -101.370987;     -0.14;        0.00
      1818;        454.5;       ;      0.04;          ;     319.73;    0.092646;     -101.733453;     -101.640807;     -101.370988;     -0.14;        0.00
      1819;        454.8;       ;      0.04;          ;     322.21;    0.093365;     -101.733554;     -101.640189;     -101.370990;     -0.14;        0.00
      1820;        455.0;       ;      0.04;          ;     323.44;    0.093720;     -101.733681;     -101.639961;     -101.370991;     -0.14;        0.00
      1821;        455.2;       ;      0.04;          ;     321.83;    0.093253;     -101.733802;     -101.640549;     -101.370993;     -0.15;        0.00
      1822;        455.5;       ;      0.04;          ;     322.14;    0.093345;     -101.733891;     -101.640546;     -101.370995;     -0.15;        0.00
      1823;        455.8;       ;      0.04;          ;     323.39;    0.093708;     -101.733925;     -101.640217;     -101.370996;     -0.15;        0.00
      1824;        456.0;       ;      0.04;          ;     321.23;    0.093080;     -101.733887;     -101.640806;     -101.370996;     -0.15;        0.00
      1825;        456.2;       ;      0.04;          ;     319.73;    0.092647;     -101.733773;     -101.641126;     -101.370995;     -0.15;        0.00
      1826;        456.5;       ;      0.04;          ;     317.95;    0.092129;     -101.733594;     -101.641465;     -101.370994;     -0.15;        0.00
      1827;        456.8;       ;      0.04;          ;     312.28;    0.090486;     -101.733369;     -101.642882;     -101.370992;     -0.15;        0.00
      1828;        457.0;       ;      0.04;          ;     309.92;    0.089802;     -101.733129;     -101.643327;     -101.370990;     -0.14;        0.00
      1829;        457.2;       ;      0.04;          ;     310.68;    0.090025;     -101.732914;     -101.642889;     -101.370987;     -0.14;        0.00
      1830;        457.5;       ;      0.04;          ;     307.27;    0.089034;     -101.732760;     -101.643726;     -101.370985;     -0.13;        0.00
      1831;        457.8;       ;      0.04;          ;     304.21;    0.088148;     -101.732707;     -101.644559;     -101.370983;     -0.13;        0.00
      1832;        458.0;       ;      0.04;          ;     307.57;    0.089123;     -101.732787;     -101.643664;     -101.370981;     -0.13;        0.00
      1833;        458.2;       ;      0.05;          ;     310.18;    0.089879;     -101.733025;     -101.643146;     -101.370981;     -0.13;        0.00
      1834;        458.5;       ;      0.04;          ;     310.44;    0.089953;     -101.733428;     -101.643475;     -101.370981;     -0.13;        0.00
      1835;        458.8;       ;      0.04;          ;     314.08;    0.091010;     -101.733991;     -101.642981;     -101.370982;     -0.13;        0.00
      1836;        459.0;       ;      0.04;          ;     315.63;    0.091459;     -101.734699;     -101.643240;     -101.370984;     -0.13;        0.00
      1837;        459.2;       ;      0.05;          ;     317.79;    0.092084;     -101.735519;     -101.643434;     -101.370986;     -0.14;        0.00
      1838;        459.5;       ;      0.04;          ;     318.97;    0.092426;     -101.736416;     -101.643990;     -101.370989;     -0.14;        0.00
      1839;        459.8;       ;      0.04;          ;     323.05;    0.093608;     -101.737352;     -101.643745;     -101.370991;     -0.14;        0.00
      1840;        460.0;       ;      0.03;          ;     324.78;    0.094109;     -101.738292;     -101.644184;     -101.370993;     -0.15;        0.00
      1841;        460.2;       ;      0.04;          ;     325.15;    0.094216;     -101.739202;     -101.644986;     -101.370995;     -0.15;        0.00
      1842;        460.5;       ;      0.04;          ;     329.40;    0.095447;     -101.740056;     -101.644609;     -101.370996;     -0.15;        0.00
      1843;        460.8;       ;      0.04;          ;     331.48;    0.096052;     -101.740847;     -101.644795;     -101.370996;     -0.15;        0.00
      1844;        461.0;       ;      0.05;          ;     337.10;    0.097679;     -101.741565;     -101.643886;     -101.370996;     -0.15;        0.00
      1845;        461.2;       ;      0.05;          ;     340.26;    0.098596;     -101.742214;     -101.643618;     -101.370996;     -0.15;        0.00
      1846;        461.5;       ;      0.05;          ;     342.90;    0.099359;     -101.742796;     -101.643437;     -101.370995;     -0.15;        0.00
      1847;        461.8;       ;      0.05;          ;     341.16;    0.098854;     -101.743320;     -101.644466;     -101.370995;     -0.15;        0.00
      1848;        462.0;       ;      0.04;          ;     343.75;    0.099605;     -101.743795;     -101.644190;     -101.370994;     -0.15;        0.00
      1849;        462.2;       ;      0.04;          ;     341.82;    0.099046;     -101.744235;     -101.645188;     -101.370994;     -0.15;        0.00
      1850;        462.5;       ;      0.04;          ;     347.56;    0.100709;     -101.744645;     -101.643937;     -101.370993;     -0.15;        0.00
      1851;        462.8;       ;      0.05;          ;     348.09;    0.100865;     -101.745037;     -101.644172;     -101.370993;     -0.15;        0.00
      1852;        463.0;       ;      0.04;          ;     350.87;    0.101669;     -101.745407;     -101.643738;     -101.370993;     -0.15;        0.00
      1853;        463.2;       ;      0.04;          ;     351.95;    0.101983;     -101.745759;     -101.643777;     -101.370993;     -0.15;        0.00
      1854;        463.5;       ;      0.04;          ;     359.69;    0.104225;     -101.746093;     -101.641868;     -101.370993;     -0.15;        0.00
      1855;        463.8;       ;      0.04;          ;     356.16;    0.103202;     -101.746408;     -101.643205;     -101.370994;     -0.15;        0.00
      1856;        464.0;       ;      0.04;          ;     361.91;    0.104869;     -101.746691;     -101.641822;     -101.370995;     -0.15;        0.00
      1857;        464.2;       ;      0.05;          ;     360.36;    0.104420;     -101.746942;     -101.642522;     -101.370995;     -0.15;        0.00
      1858;        464.5;       ;      0.04;          ;     359.86;    0.104275;     -101.747148;     -101.642873;     -101.370996;     -0.15;        0.00
      1859;        464.8;       ;      0.04;          ;     361.85;    0.104850;     -101.747303;     -101.642452;     -101.370996;     -0.15;        0.00
      1860;        465.0;       ;      0.04;          ;     359.86;    0.104274;     -101.747399;     -101.643125;     -101.370997;     -0.15;        0.00
      1861;        465.2;       ;      0.04;          ;     362.98;    0.105178;     -101.747433;     -101.642255;     -101.370997;     -0.15;        0.00
      1862;        465.5;       ;      0.04;          ;     361.16;    0.104651;     -101.747402;     -101.642751;     -101.370997;     -0.15;        0.00
      1863;        465.8;       ;      0.04;          ;     360.64;    0.104501;     -101.747310;     -101.642809;     -101.370996;     -0.15;        0.00
      1864;        466.0;       ;      0.04;          ;     363.03;    0.105192;     -101.747166;     -101.641974;     -101.370995;     -0.15;        0.00
      1865;        466.2;       ;      0.04;          ;     364.24;    0.105545;     -101.746984;     -101.641439;     -101.370994;     -0.15;        0.00
      1866;        466.5;       ;      0.04;          ;     362.50;    0.105039;     -101.746783;     -101.641744;     -101.370993;     -0.15;        0.00
      1867;        466.8;       ;      0.04;          ;     361.45;    0.104735;     -101.746583;     -101.641848;     -101.370991;     -0.14;        0.00
      1868;        467.0;       ;      0.04;          ;     358.95;    0.104010;     -101.746409;     -101.642398;     -101.370990;     -0.14;        0.00
      1869;        467.2;       ;      0.04;          ;     355.32;    0.102960;     -101.746284;     -101.643325;     -101.370989;     -0.14;        0.00
      1870;        467.5;       ;      0.04;          ;     356.41;    0.103274;     -101.746229;     -101.642955;     -101.370988;     -0.14;        0.00
      1871;        467.8;       ;      0.04;          ;     355.95;    0.103140;     -101.746255;     -101.643115;     -101.370988;     -0.14;        0.00
      1872;        468.0;       ;      0.05;          ;     357.99;    0.103732;     -101.746364;     -101.642632;     -101.370988;     -0.14;        0.00
      1873;        468.2;       ;      0.04;          ;     360.05;    0.104329;     -101.746552;     -101.642223;     -101.370988;     -0.14;        0.00
      1874;        468.5;       ;      0.04;          ;     358.11;    0.103766;     -101.746811;     -101.643045;     -101.370989;     -0.14;        0.00
      1875;        468.8;       ;      0.04;          ;     357.53;    0.103599;     -101.747129;     -101.643530;     -101.370990;     -0.14;        0.00
      1876;        469.0;       ;      0.04;          ;     355.37;    0.102973;     -101.747494;     -101.644521;     -101.370990;     -0.14;        0.00
      1877;        469.2;       ;      0.04;          ;     357.21;    0.103505;     -101.747895;     -101.644390;     -101.370991;     -0.14;        0.00
      1878;        469.5;       ;      0.05;          ;     354.82;    0.102813;     -101.748329;     -101.645516;     -101.370991;     -0.14;       42.42
      1879;        469.8;       ;      0.04;          ;     358.38;    0.103845;     -101.748790;     -101.644944;     -101.370991;     -0.14;      101.93
      1880;        470.0;       ;      0.04;          ;     363.35;    0.105284;     -101.749284;     -101.644000;     -101.370991;     -0.14;      158.42
      1881;        470.2;       ;      0.04;          ;     371.89;    0.107759;     -101.749814;     -101.642055;     -101.370991;     -0.14;      211.73
      1882;        470.5;       ;      0.04;          ;     373.22;    0.108144;     -101.750382;     -101.642238;     -101.370991;     -0.14;      261.92
      1883;        470.8;       ;      0.04;          ;     374.44;    0.108497;     -101.750985;     -101.642488;     -101.370991;     -0.14;      308.42
      1884;        471.0;       ;      0.04;          ;     379.12;    0.109854;     -101.751625;     -101.641771;     -101.370991;     -0.14;      351.25
      1885;        471.2;       ;      0.04;          ;     382.47;    0.110825;     -101.752302;     -101.641477;     -101.370992;     -0.14;      390.74
      1886;        471.5;       ;      0.03;          ;     387.20;    0.112196;     -101.753006;     -101.640810;     -101.370993;     -0.15;      427.06
      1887;        471.8;       ;      0.03;          ;     388.35;    0.112531;     -101.753724;     -101.641193;     -101.370994;     -0.15;      460.58
      1888;        472.0;       ;      0.04;          ;     387.91;    0.112401;     -101.754437;     -101.642035;     -101.370995;     -0.15;      491.58
      1889;        472.2;       ;      0.04;          ;     387.81;    0.112373;     -101.755128;     -101.642755;     -101.370996;     -0.15;      520.47
      1890;        472.5;       ;      0.04;          ;     389.35;    0.112819;     -101.755783;     -101.642964;     -101.370997;     -0.15;      547.84
      1891;        472.8;       ;      0.04;          ;     390.02;    0.113012;     -101.756392;     -101.643380;     -101.370998;     -0.16;      574.34
      1892;        473.0;       ;      0.04;          ;     388.55;    0.112589;     -101.756940;     -101.644352;     -101.370999;     -0.16;      600.55
      1893;        473.2;       ;      0.04;          ;     388.94;    0.112701;     -101.757420;     -101.644718;     -101.370999;     -0.16;      627.02
      1894;        473.5;       ;      0.04;          ;     389.80;    0.112951;     -101.757827;     -101.644876;     -101.370999;     -0.16;      654.42
      1895;        473.8;       ;      0.04;          ;     390.43;    0.113133;     -101.758159;     -101.645026;     -101.370999;     -0.16;      683.31
      1896;        474.0;       ;      0.04;          ;     389.77;    0.112940;     -101.758416;     -101.645476;     -101.371000;     -0.16;      714.16
      1897;        474.2;       ;      0.04;          ;     397.53;    0.115190;     -101.758597;     -101.643407;     -101.371000;     -0.16;      747.33
      1898;        474.5;       ;      0.04;          ;     397.44;    0.115164;     -101.758706;     -101.643541;     -101.370999;     -0.16;      783.47
      1899;        474.8;       ;      0.03;          ;     401.00;    0.116195;     -101.758743;     -101.642548;     -101.370999;     -0.16;      822.42
      1900;        475.0;       ;      0.03;          ;     402.93;    0.116754;     -101.758719;     -101.641965;     -101.370998;     -0.16;      864.38
      1901;        475.2;       ;      0.03;          ;     401.63;    0.116379;     -101.758647;     -101.642268;     -101.370997;     -0.15;      909.20
      1902;        475.5;       ;      0.03;          ;     402.02;    0.116491;     -101.758547;     -101.642056;     -101.370995;     -0.15;      956.44
      1903;        475.8;       ;      0.03;          ;     397.65;    0.115224;     -101.758443;     -101.643219;     -101.370994;     -0.15;     1005.85
      1904;        476.0;       ;      0.03;          ;     392.79;    0.113817;     -101.758361;     -101.644544;     -101.370992;     -0.15;     1056.60
      1905;        476.2;       ;      0.03;          ;     390.40;    0.113124;     -101.758329;     -101.645205;     -101.370991;     -0.14;     1108.08
      1906;        476.5;       ;      0.03;          ;     390.72;    0.113216;     -101.758369;     -101.645153;     -101.370990;     -0.14;     1159.73
      1907;        476.8;       ;      0.04;          ;     391.46;    0.113430;     -101.758494;     -101.645063;     -101.370990;     -0.14;     1211.00
      1908;        477.0;       ;      0.04;          ;     390.99;    0.113294;     -101.758707;     -101.645413;     -101.370990;     -0.14;     1261.12
      1909;        477.2;       ;      0.03;          ;     389.67;    0.112913;     -101.759001;     -101.646088;     -101.370991;     -0.14;     1309.22
      1910;        477.5;       ;      0.03;          ;     386.97;    0.112129;     -101.759360;     -101.647231;     -101.370992;     -0.15;     1354.48
      1911;        477.8;       ;      0.04;          ;     390.77;    0.113230;     -101.759759;     -101.646529;     -101.370994;     -0.15;     1396.09
      1912;        478.0;       ;      0.03;          ;     394.27;    0.114246;     -101.760172;     -101.645926;     -101.370996;     -0.15;     1433.73
      1913;        478.2;       ;      0.03;          ;     391.55;    0.113455;     -101.760568;     -101.647113;     -101.370998;     -0.15;     1466.77
      1914;        478.5;       ;      0.03;          ;     391.81;    0.113532;     -101.760919;     -101.647387;     -101.370999;     -0.16;     1494.46
      1915;        478.8;       ;      0.03;          ;     386.90;    0.112109;     -101.761211;     -101.649102;     -101.370999;     -0.16;     1516.51
      1916;        479.0;       ;      0.03;          ;     386.54;    0.112006;     -101.761438;     -101.649431;     -101.370998;     -0.16;     1532.50
      1917;        479.2;       ;      0.03;          ;     383.00;    0.110980;     -101.761610;     -101.650631;     -101.370997;     -0.15;     1542.37
      1918;        479.5;       ;      0.04;          ;     382.07;    0.110709;     -101.761748;     -101.651039;     -101.370996;     -0.15;     1546.02
      1919;        479.8;       ;      0.03;          ;     381.84;    0.110644;     -101.761878;     -101.651234;     -101.370994;     -0.15;     1543.54
      1920;        480.0;       ;      0.03;          ;     381.09;    0.110427;     -101.762033;     -101.651606;     -101.370991;     -0.14;     1535.08
      1921;        480.2;       ;      0.04;          ;     383.34;    0.111077;     -101.762246;     -101.651169;     -101.370990;     -0.14;     1520.96
      1922;        480.5;       ;      0.04;          ;     384.78;    0.111494;     -101.762544;     -101.651050;     -101.370988;     -0.14;     1501.48
      1923;        480.8;       ;      0.04;          ;     389.65;    0.112905;     -101.762949;     -101.650044;     -101.370988;     -0.14;     1477.14
      1924;        481.0;       ;      0.03;          ;     395.70;    0.114660;     -101.763468;     -101.648808;     -101.370988;     -0.14;     1448.40
      1925;        481.2;       ;      0.04;          ;     399.26;    0.115692;     -101.764098;     -101.648406;     -101.370989;     -0.14;     1415.84
      1926;        481.5;       ;      0.04;          ;     398.47;    0.115463;     -101.764822;     -101.649359;     -101.370991;     -0.14;     1380.26
      1927;        481.8;       ;      0.04;          ;     399.55;    0.115776;     -101.765611;     -101.649835;     -101.370993;     -0.15;     1342.60
      1928;        482.0;       ;      0.03;          ;     402.78;    0.116710;     -101.766440;     -101.649729;     -101.370995;     -0.15;     1303.50
      1929;        482.2;       ;      0.03;          ;     403.63;    0.116956;     -101.767276;     -101.650320;     -101.370997;     -0.15;     1263.58
      1930;        482.5;       ;      0.03;          ;     409.75;    0.118729;     -101.768086;     -101.649356;     -101.370999;     -0.16;     1223.66
      1931;        482.8;       ;      0.03;          ;     412.42;    0.119504;     -101.768841;     -101.649336;     -101.371001;     -0.16;     1184.08
      1932;        483.0;       ;      0.03;          ;     410.40;    0.118919;     -101.769510;     -101.650590;     -101.371002;     -0.16;     1145.58
      1933;        483.2;       ;      0.03;          ;     411.51;    0.119239;     -101.770068;     -101.650828;     -101.371003;     -0.16;     1108.81
      1934;        483.5;       ;      0.03;          ;     417.80;    0.121063;     -101.770504;     -101.649441;     -101.371004;     -0.17;     1073.97
      1935;        483.8;       ;      0.03;          ;     418.68;    0.121317;     -101.770810;     -101.649493;     -101.371004;     -0.17;     1041.08
      1936;        484.0;       ;      0.04;          ;     422.75;    0.122498;     -101.770979;     -101.648481;     -101.371004;     -0.17;     1010.47
      1937;        484.2;       ;      0.04;          ;     417.16;    0.120879;     -101.771020;     -101.650141;     -101.371003;     -0.16;      982.01
      1938;        484.5;       ;      0.04;          ;     419.43;    0.121536;     -101.770953;     -101.649416;     -101.371001;     -0.16;      955.92
      1939;        484.8;       ;      0.04;          ;     414.51;    0.120110;     -101.770801;     -101.650692;     -101.371000;     -0.16;      931.73
      1940;        485.0;       ;      0.04;          ;     416.10;    0.120570;     -101.770597;     -101.650027;     -101.370998;     -0.15;      909.36
      1941;        485.2;       ;      0.03;          ;     408.42;    0.118344;     -101.770372;     -101.652029;     -101.370996;     -0.15;      888.29
      1942;        485.5;       ;      0.04;          ;     405.44;    0.117481;     -101.770159;     -101.652679;     -101.370994;     -0.15;      868.34
      1943;        485.8;       ;      0.03;          ;     406.87;    0.117896;     -101.769985;     -101.652089;     -101.370993;     -0.15;      849.00
      1944;        486.0;       ;      0.04;          ;     402.91;    0.116749;     -101.769864;     -101.653115;     -101.370993;     -0.15;      829.72
      1945;        486.2;       ;      0.03;          ;     404.49;    0.117208;     -101.769806;     -101.652598;     -101.370993;     -0.15;      810.24
      1946;        486.5;       ;      0.04;          ;     400.10;    0.115934;     -101.769806;     -101.653872;     -101.370994;     -0.15;      790.03
      1947;        486.8;       ;      0.04;          ;     400.72;    0.116113;     -101.769852;     -101.653739;     -101.370995;     -0.15;      768.89
      1948;        487.0;       ;      0.04;          ;     394.00;    0.114166;     -101.769926;     -101.655759;     -101.370997;     -0.15;      746.38
      1949;        487.2;       ;      0.03;          ;     393.66;    0.114069;     -101.770003;     -101.655933;     -101.370999;     -0.16;      722.48
      1950;        487.5;       ;      0.04;          ;     395.92;    0.114722;     -101.770060;     -101.655339;     -101.371000;     -0.16;      696.81
      1951;        487.8;       ;      0.04;          ;     387.81;    0.112374;     -101.770073;     -101.657699;     -101.371001;     -0.16;      669.17
      1952;        488.0;       ;      0.04;          ;     382.53;    0.110843;     -101.770023;     -101.659180;     -101.371002;     -0.16;      639.87
      1953;        488.2;       ;      0.03;          ;     381.98;    0.110683;     -101.769903;     -101.659219;     -101.371004;     -0.17;      646.40
      1954;        488.5;       ;      0.04;          ;     381.88;    0.110653;     -101.769709;     -101.659055;     -101.371004;     -0.17;      737.45
      1955;        488.8;       ;      0.04;          ;     381.28;    0.110480;     -101.769444;     -101.658963;     -101.371003;     -0.16;      827.82
      1956;        489.0;       ;      0.04;          ;     381.08;    0.110423;     -101.769119;     -101.658696;     -101.371002;     -0.16;      917.44
      1957;        489.2;       ;      0.04;          ;     382.40;    0.110805;     -101.768752;     -101.657947;     -101.371000;     -0.16;     1006.40
      1958;        489.5;       ;      0.04;          ;     379.49;    0.109963;     -101.768364;     -101.658401;     -101.370998;     -0.16;     1094.96
      1959;        489.8;       ;      0.03;          ;     374.43;    0.108497;     -101.767986;     -101.659490;     -101.370997;     -0.15;     1182.71
      1960;        490.0;       ;      0.04;          ;     375.94;    0.108932;     -101.767650;     -101.658718;     -101.370995;     -0.15;     1269.52
      1961;        490.2;       ;      0.03;          ;     378.16;    0.109575;     -101.767381;     -101.657806;     -101.370993;     -0.15;     1356.26
      1962;        490.5;       ;      0.04;          ;     377.17;    0.109291;     -101.767203;     -101.657912;     -101.370992;     -0.14;     1443.09
      1963;        490.8;       ;      0.03;          ;     376.40;    0.109067;     -101.767136;     -101.658069;     -101.370991;     -0.14;     1529.74
      1964;        491.0;       ;      0.03;          ;     376.56;    0.109112;     -101.767190;     -101.658078;     -101.370991;     -0.14;     1616.26
      1965;        491.2;       ;      0.04;          ;     373.10;    0.108110;     -101.767367;     -101.659256;     -101.370991;     -0.14;     1702.78
      1966;        491.5;       ;      0.03;          ;     371.42;    0.107625;     -101.767659;     -101.660034;     -101.370992;     -0.15;     1788.82
      1967;        491.8;       ;      0.03;          ;     374.28;    0.108451;     -101.768049;     -101.659598;     -101.370994;     -0.15;     1874.50
      1968;        492.0;       ;      0.03;          ;     375.46;    0.108795;     -101.768513;     -101.659718;     -101.370996;     -0.15;     1960.16
      1969;        492.2;       ;      0.03;          ;     375.66;    0.108851;     -101.769014;     -101.660163;     -101.370999;     -0.16;     2045.40
      1970;        492.5;       ;      0.04;          ;     379.16;    0.109867;     -101.769516;     -101.659649;     -101.371001;     -0.16;     2129.82
      1971;        492.8;       ;      0.04;          ;     382.35;    0.110791;     -101.769985;     -101.659194;     -101.371003;     -0.16;     2213.46
      1972;        493.0;       ;      0.03;          ;     381.36;    0.110505;     -101.770384;     -101.659879;     -101.371004;     -0.17;     2295.89
      1973;        493.2;       ;      0.03;          ;     383.31;    0.111070;     -101.770687;     -101.659617;     -101.371005;     -0.17;     2376.19
      1974;        493.5;       ;      0.04;          ;     382.52;    0.110840;     -101.770880;     -101.660040;     -101.371005;     -0.17;     2454.16
      1975;        493.8;       ;      0.03;          ;     380.76;    0.110331;     -101.770961;     -101.660630;     -101.371005;     -0.17;     2532.59
      1976;        494.0;       ;      0.04;          ;     378.14;    0.109572;     -101.770942;     -101.661370;     -101.371003;     -0.16;     2609.28
      1977;        494.2;       ;      0.04;          ;     374.60;    0.108545;     -101.770844;     -101.662299;     -101.371001;     -0.16;     2680.88
      1978;        494.5;       ;      0.04;          ;     372.29;    0.107875;     -101.770699;     -101.662824;     -101.370999;     -0.16;     2747.29
      1979;        494.8;       ;      0.03;          ;     370.64;    0.107397;     -101.770540;     -101.663143;     -101.370997;     -0.15;     2808.64
      1980;        495.0;       ;      0.04;          ;     366.19;    0.106107;     -101.770397;     -101.664290;     -101.370996;     -0.15;     2865.02
      1981;        495.2;       ;      0.03;          ;     366.56;    0.106216;     -101.770298;     -101.664082;     -101.370995;     -0.15;     2916.26
      1982;        495.5;       ;      0.04;          ;     365.83;    0.106004;     -101.770258;     -101.664254;     -101.370994;     -0.15;     2962.75
      1983;        495.8;       ;      0.04;          ;     370.56;    0.107374;     -101.770283;     -101.662909;     -101.370995;     -0.15;     3004.51
      1984;        496.0;       ;      0.03;          ;     370.49;    0.107353;     -101.770366;     -101.663013;     -101.370996;     -0.15;     3041.91
      1985;        496.2;       ;      0.03;          ;     373.12;    0.108116;     -101.770490;     -101.662374;     -101.370997;     -0.15;     3074.80
      1986;        496.5;       ;      0.03;          ;     375.23;    0.108728;     -101.770627;     -101.661899;     -101.370999;     -0.16;     3103.43
      1987;        496.8;       ;      0.04;          ;     378.45;    0.109662;     -101.770744;     -101.661082;     -101.371001;     -0.16;     3127.86
      1988;        497.0;       ;      0.03;          ;     376.23;    0.109018;     -101.770806;     -101.661788;     -101.371003;     -0.16;     3148.25
      1989;        497.2;       ;      0.04;          ;     376.64;    0.109135;     -101.770780;     -101.661645;     -101.371005;     -0.17;     3164.55
      1990;        497.5;       ;      0.04;          ;     375.83;    0.108901;     -101.770639;     -101.661737;     -101.371006;     -0.17;     3176.91
      1991;        497.8;       ;      0.04;          ;     374.52;    0.108523;     -101.770361;     -101.661839;     -101.371007;     -0.17;     3185.40
      1992;        498.0;       ;      0.03;          ;     372.69;    0.107991;     -101.769936;     -101.661946;     -101.371007;     -0.17;     3190.05
      1993;        498.2;       ;      0.03;          ;     374.02;    0.108377;     -101.769362;     -101.660985;     -101.371006;     -0.17;     3190.89
      1994;        498.5;       ;      0.03;          ;     371.65;    0.107691;     -101.768642;     -101.660951;     -101.371005;     -0.17;     3187.89
      1995;        498.8;       ;      0.04;          ;     371.58;    0.107671;     -101.767793;     -101.660122;     -101.371003;     -0.16;     3181.04
      1996;        499.0;       ;      0.04;          ;     368.29;    0.106716;     -101.766834;     -101.660118;     -101.371001;     -0.16;     3170.23
      1997;        499.2;       ;      0.03;          ;     363.93;    0.105454;     -101.765798;     -101.660344;     -101.370999;     -0.16;     3155.43
      1998;        499.5;       ;      0.03;          ;     360.96;    0.104594;     -101.764722;     -101.660127;     -101.370997;     -0.15;     3136.53
      1999;        499.8;       ;      0.04;          ;     357.27;    0.103523;     -101.763639;     -101.660116;     -101.370994;     -0.15;     3113.38
      2000;        500.0;       ;      0.04;          ;     354.18;    0.102628;     -101.762587;     -101.659959;     -101.370992;     -0.15;     3085.87
      2001;        500.2;       ;      0.04;          ;     349.40;    0.101244;     -101.761601;     -101.660357;     -101.370991;     -0.14;     3053.84
      2002;        500.5;       ;      0.04;          ;     344.80;    0.099909;     -101.760712;     -101.660802;     -101.370989;     -0.14;     3017.25
      2003;        500.8;       ;      0.04;          ;     343.55;    0.099547;     -101.759940;     -101.660393;     -101.370989;     -0.14;     2975.97
      2004;        501.0;       ;      0.03;          ;     338.23;    0.098007;     -101.759291;     -101.661284;     -101.370989;     -0.14;     2929.71
      2005;        501.2;       ;      0.04;          ;     333.93;    0.096761;     -101.758766;     -101.662005;     -101.370990;     -0.14;     2878.66
      2006;        501.5;       ;      0.04;          ;     331.46;    0.096045;     -101.758349;     -101.662304;     -101.370992;     -0.15;     2822.72
      2007;        501.8;       ;      0.04;          ;     330.05;    0.095635;     -101.758013;     -101.662378;     -101.370994;     -0.15;     2761.71
      2008;        502.0;       ;      0.04;          ;     328.48;    0.095180;     -101.757727;     -101.662547;     -101.370997;     -0.15;     2695.53
      2009;        502.2;       ;      0.04;          ;     329.40;    0.095447;     -101.757458;     -101.662011;     -101.370999;     -0.16;     2624.21
      2010;        502.5;       ;      0.03;          ;     327.26;    0.094829;     -101.757176;     -101.662347;     -101.371000;     -0.16;     2547.49
      2011;        502.8;       ;      0.04;          ;     324.75;    0.094100;     -101.756860;     -101.662761;     -101.371001;     -0.16;     2465.78
      2012;        503.0;       ;      0.03;          ;     319.57;    0.092600;     -101.756502;     -101.663901;     -101.371001;     -0.16;     2379.18
      2013;        503.2;       ;      0.04;          ;     316.52;    0.091716;     -101.756105;     -101.664390;     -101.371000;     -0.16;     2288.17
      2014;        503.5;       ;      0.04;          ;     313.83;    0.090937;     -101.755686;     -101.664750;     -101.370999;     -0.16;     2192.56
      2015;        503.8;       ;      0.04;          ;     313.49;    0.090838;     -101.755267;     -101.664429;     -101.370997;     -0.15;     2092.45
      2016;        504.0;       ;      0.03;          ;     316.99;    0.091852;     -101.754871;     -101.663020;     -101.370996;     -0.15;     1987.63
      2017;        504.2;       ;      0.04;          ;     312.69;    0.090607;     -101.754524;     -101.663917;     -101.370994;     -0.15;     1877.65
      2018;        504.5;       ;      0.03;          ;     313.04;    0.090706;     -101.754253;     -101.663547;     -101.370993;     -0.15;     1764.07
      2019;        504.8;       ;      0.03;          ;     313.97;    0.090977;     -101.754078;     -101.663101;     -101.370993;     -0.15;     1646.33
      2020;        505.0;       ;      0.04;          ;     313.62;    0.090875;     -101.754011;     -101.663136;     -101.370992;     -0.15;     1524.58
      2021;        505.2;       ;      0.04;          ;     315.45;    0.091405;     -101.754056;     -101.662651;     -101.370993;     -0.15;     1399.36
      2022;        505.5;       ;      0.04;          ;     314.72;    0.091194;     -101.754207;     -101.663013;     -101.370994;     -0.15;     1270.54
      2023;        505.8;       ;      0.04;          ;     312.14;    0.090448;     -101.754450;     -101.664002;     -101.370996;     -0.15;     1138.92
      2024;        506.0;       ;      0.03;          ;     311.68;    0.090313;     -101.754765;     -101.664452;     -101.370998;     -0.16;     1005.17
      2025;        506.2;       ;      0.03;          ;     309.90;    0.089796;     -101.755130;     -101.665334;     -101.371000;     -0.16;      869.13
      2026;        506.5;       ;      0.04;          ;     311.79;    0.090346;     -101.755518;     -101.665172;     -101.371002;     -0.16;      731.33
      2027;        506.8;       ;      0.03;          ;     313.06;    0.090713;     -101.755907;     -101.665194;     -101.371004;     -0.17;      591.17
      2028;        507.0;       ;      0.03;          ;     311.91;    0.090381;     -101.756270;     -101.665889;     -101.371006;     -0.17;      448.99
      2029;        507.2;       ;      0.04;          ;     313.45;    0.090825;     -101.756583;     -101.665758;     -101.371007;     -0.17;      305.51
      2030;        507.5;       ;      0.03;          ;     317.67;    0.092050;     -101.756827;     -101.664776;     -101.371009;     -0.17;      160.27
      2031;        507.8;       ;      0.03;          ;     314.63;    0.091169;     -101.756985;     -101.665816;     -101.371010;     -0.18;       12.80
      2032;        508.0;       ;      0.03;          ;     313.01;    0.090700;     -101.757045;     -101.666346;     -101.371009;     -0.17;        0.00
      2033;        508.2;       ;      0.03;          ;     314.14;    0.091026;     -101.757004;     -101.665978;     -101.371009;     -0.17;        0.00
      2034;        508.5;       ;      0.03;          ;     310.37;    0.089935;     -101.756863;     -101.666928;     -101.371009;     -0.17;        0.00
      2035;        508.8;       ;      0.04;          ;     308.46;    0.089380;     -101.756634;     -101.667254;     -101.371008;     -0.17;        0.00
      2036;        509.0;       ;      0.03;          ;     303.84;    0.088043;     -101.756334;     -101.668291;     -101.371007;     -0.17;        0.00
      2037;        509.2;       ;      0.03;          ;     299.60;    0.086814;     -101.755989;     -101.669175;     -101.371005;     -0.17;        0.00
      2038;        509.5;       ;      0.03;          ;     297.11;    0.086090;     -101.755627;     -101.669537;     -101.371003;     -0.16;        0.00
      2039;        509.8;       ;      0.03;          ;     296.16;    0.085817;     -101.755277;     -101.669460;     -101.371002;     -0.16;        0.00
      2040;        510.0;       ;      0.03;          ;     291.92;    0.084589;     -101.754959;     -101.670370;     -101.371001;     -0.16;        0.00
      2041;        510.2;       ;      0.03;          ;     286.93;    0.083141;     -101.754693;     -101.671552;     -101.371001;     -0.16;        0.00
      2042;        510.5;       ;      0.03;          ;     284.81;    0.082528;     -101.754488;     -101.671959;     -101.371001;     -0.16;        0.00
      2043;        510.8;       ;      0.04;          ;     284.23;    0.082360;     -101.754338;     -101.671977;     -101.371002;     -0.16;        0.00
      2044;        511.0;       ;      0.03;          ;     283.73;    0.082214;     -101.754229;     -101.672015;     -101.371004;     -0.17;        0.00
      2045;        511.2;       ;      0.03;          ;     283.72;    0.082213;     -101.754137;     -101.671924;     -101.371006;     -0.17;        0.00
      2046;        511.5;       ;      0.03;          ;     283.17;    0.082053;     -101.754037;     -101.671984;     -101.371008;     -0.17;       24.66
      2047;        511.8;       ;      0.03;          ;     283.11;    0.082034;     -101.753904;     -101.671870;     -101.371009;     -0.17;       89.95
      2048;        512.0;       ;      0.03;          ;     280.29;    0.081219;     -101.753720;     -101.672501;     -101.371010;     -0.18;      153.88
      2049;        512.2;       ;      0.04;          ;     283.86;    0.082251;     -101.753480;     -101.671229;     -101.371010;     -0.18;      216.06
      2050;        512.5;       ;      0.04;          ;     283.39;    0.082115;     -101.753182;     -101.671067;     -101.371009;     -0.17;      277.16
      2051;        512.8;       ;      0.03;          ;     283.27;    0.082081;     -101.752841;     -101.670759;     -101.371008;     -0.17;      336.73
      2052;        513.0;       ;      0.04;          ;     280.75;    0.081352;     -101.752480;     -101.671127;     -101.371006;     -0.17;      394.81
      2053;        513.2;       ;      0.03;          ;     276.93;    0.080243;     -101.752131;     -101.671888;     -101.371004;     -0.17;      451.15
      2054;        513.5;       ;      0.03;          ;     272.17;    0.078863;     -101.751831;     -101.672967;     -101.371002;     -0.16;      505.67
      2055;        513.8;       ;      0.03;          ;     270.90;    0.078497;     -101.751611;     -101.673114;     -101.371000;     -0.16;      558.30
      2056;        514.0;       ;      0.04;          ;     267.85;    0.077612;     -101.751496;     -101.673884;     -101.370999;     -0.16;      609.40
      2057;        514.2;       ;      0.04;          ;     271.94;    0.078799;     -101.751502;     -101.672703;     -101.370999;     -0.16;      658.86
      2058;        514.5;       ;      0.03;          ;     270.95;    0.078511;     -101.751635;     -101.673124;     -101.370999;     -0.16;      707.36
      2059;        514.8;       ;      0.04;          ;     275.29;    0.079768;     -101.751888;     -101.672120;     -101.371000;     -0.16;      754.46
      2060;        515.0;       ;      0.04;          ;     279.69;    0.081043;     -101.752249;     -101.671207;     -101.371001;     -0.16;      800.68
      2061;        515.2;       ;      0.04;          ;     281.73;    0.081636;     -101.752698;     -101.671061;     -101.371003;     -0.16;      846.04
      2062;        515.5;       ;      0.04;          ;     282.22;    0.081776;     -101.753205;     -101.671429;     -101.371004;     -0.17;      890.39
      2063;        515.8;       ;      0.04;          ;     280.52;    0.081285;     -101.753747;     -101.672462;     -101.371006;     -0.17;      933.61
      2064;        516.0;       ;      0.04;          ;     283.73;    0.082215;     -101.754298;     -101.672082;     -101.371007;     -0.17;      975.58
      2065;        516.2;       ;      0.04;          ;     281.61;    0.081600;     -101.754844;     -101.673243;     -101.371009;     -0.17;     1016.68
      2066;        516.5;       ;      0.04;          ;     283.43;    0.082128;     -101.755366;     -101.673238;     -101.371009;     -0.17;     1056.51
      2067;        516.8;       ;      0.03;          ;     285.56;    0.082744;     -101.755859;     -101.673115;     -101.371010;     -0.18;     1095.34
      2068;        517.0;       ;      0.03;          ;     291.07;    0.084342;     -101.756316;     -101.671974;     -101.371010;     -0.18;     1133.16
      2069;        517.2;       ;      0.04;          ;     295.46;    0.085613;     -101.756736;     -101.671123;     -101.371010;     -0.18;     1170.14
      2070;        517.5;       ;      0.04;          ;     296.79;    0.085998;     -101.757115;     -101.671117;     -101.371010;     -0.18;     1206.12
      2071;        517.8;       ;      0.04;          ;     297.54;    0.086216;     -101.757452;     -101.671236;     -101.371009;     -0.18;     1240.84
      2072;        518.0;       ;      0.04;          ;     300.87;    0.087180;     -101.757753;     -101.670572;     -101.371009;     -0.17;     1274.18
      2073;        518.2;       ;      0.04;          ;     305.25;    0.088450;     -101.758027;     -101.669577;     -101.371008;     -0.17;     1306.18
      2074;        518.5;       ;      0.04;          ;     308.93;    0.089517;     -101.758283;     -101.668766;     -101.371008;     -0.17;     1336.77
      2075;        518.8;       ;      0.04;          ;     311.89;    0.090373;     -101.758530;     -101.668157;     -101.371007;     -0.17;     1365.81
      2076;        519.0;       ;      0.03;          ;     313.72;    0.090904;     -101.758777;     -101.667873;     -101.371006;     -0.17;     1393.16
      2077;        519.2;       ;      0.04;          ;     315.88;    0.091531;     -101.759030;     -101.667499;     -101.371006;     -0.17;     1418.66
      2078;        519.5;       ;      0.04;          ;     315.77;    0.091497;     -101.759293;     -101.667796;     -101.371006;     -0.17;     1442.24
      2079;        519.8;       ;      0.04;          ;     317.62;    0.092034;     -101.759561;     -101.667527;     -101.371007;     -0.17;     1463.77
      2080;        520.0;       ;      0.04;          ;     316.05;    0.091579;     -101.759823;     -101.668243;     -101.371008;     -0.17;     1483.26
      2081;        520.2;       ;      0.04;          ;     317.13;    0.091893;     -101.760058;     -101.668165;     -101.371010;     -0.18;     1500.59
      2082;        520.5;       ;      0.04;          ;     317.43;    0.091980;     -101.760245;     -101.668266;     -101.371011;     -0.18;     1515.86
      2083;        520.8;       ;      0.03;          ;     318.17;    0.092193;     -101.760360;     -101.668166;     -101.371013;     -0.18;     1529.08
      2084;        521.0;       ;      0.03;          ;     317.44;    0.091983;     -101.760376;     -101.668393;     -101.371014;     -0.18;     1540.32
      2085;        521.2;       ;      0.04;          ;     313.91;    0.090958;     -101.760278;     -101.669320;     -101.371015;     -0.18;     1549.65
      2086;        521.5;       ;      0.04;          ;     314.34;    0.091084;     -101.760060;     -101.668976;     -101.371014;     -0.18;     1557.16
      2087;        521.8;       ;      0.03;          ;     314.09;    0.091010;     -101.759727;     -101.668717;     -101.371013;     -0.18;     1563.03
      2088;        522.0;       ;      0.04;          ;     309.57;    0.089701;     -101.759293;     -101.669592;     -101.371012;     -0.18;     1567.41
      2089;        522.2;       ;      0.03;          ;     308.48;    0.089387;     -101.758788;     -101.669400;     -101.371010;     -0.18;     1570.46
      2090;        522.5;       ;      0.03;          ;     302.65;    0.087696;     -101.758245;     -101.670549;     -101.371007;     -0.17;     1572.39
      2091;        522.8;       ;      0.03;          ;     300.13;    0.086966;     -101.757707;     -101.670741;     -101.371005;     -0.17;     1573.38
      2092;        523.0;       ;      0.04;          ;     298.87;    0.086601;     -101.757211;     -101.670610;     -101.371003;     -0.16;     1573.66
      2093;        523.2;       ;      0.03;          ;     301.18;    0.087272;     -101.756788;     -101.669516;     -101.371001;     -0.16;     1573.42
      2094;        523.5;       ;      0.04;          ;     297.35;    0.086160;     -101.756460;     -101.670300;     -101.371000;     -0.16;     1572.88
      2095;        523.8;       ;      0.03;          ;     297.81;    0.086294;     -101.756246;     -101.669952;     -101.371000;     -0.16;     1572.22
      2096;        524.0;       ;      0.03;          ;     298.65;    0.086539;     -101.756151;     -101.669612;     -101.371000;     -0.16;     1571.63
      2097;        524.2;       ;      0.03;          ;     299.75;    0.086857;     -101.756173;     -101.669317;     -101.371001;     -0.16;     1571.27
      2098;        524.5;       ;      0.03;          ;     299.79;    0.086868;     -101.756298;     -101.669430;     -101.371002;     -0.16;     1571.26
      2099;        524.8;       ;      0.03;          ;     301.17;    0.087269;     -101.756507;     -101.669239;     -101.371004;     -0.17;     1571.73
      2100;        525.0;       ;      0.04;          ;     302.17;    0.087558;     -101.756781;     -101.669223;     -101.371005;     -0.17;     1572.74
      2101;        525.2;       ;      0.03;          ;     302.72;    0.087718;     -101.757097;     -101.669379;     -101.371007;     -0.17;     1574.33
      2102;        525.5;       ;      0.03;          ;     304.90;    0.088350;     -101.757438;     -101.669088;     -101.371008;     -0.17;     1576.52
      2103;        525.8;       ;      0.04;          ;     304.43;    0.088214;     -101.757788;     -101.669574;     -101.371009;     -0.17;     1579.28
      2104;        526.0;       ;      0.04;          ;     302.39;    0.087620;     -101.758133;     -101.670513;     -101.371009;     -0.17;     1582.53
      2105;        526.2;       ;      0.04;          ;     303.44;    0.087924;     -101.758467;     -101.670542;     -101.371010;     -0.18;     1586.18
      2106;        526.5;       ;      0.04;          ;     304.14;    0.088129;     -101.758785;     -101.670656;     -101.371010;     -0.18;     1590.13
      2107;        526.8;       ;      0.04;          ;     304.69;    0.088288;     -101.759085;     -101.670797;     -101.371010;     -0.18;     1594.22
      2108;        527.0;       ;      0.03;          ;     306.67;    0.088862;     -101.759368;     -101.670506;     -101.371010;     -0.18;     1598.29
      2109;        527.2;       ;      0.04;          ;     309.64;    0.089723;     -101.759635;     -101.669912;     -101.371009;     -0.18;     1602.18
      2110;        527.5;       ;      0.04;          ;     311.95;    0.090392;     -101.759891;     -101.669499;     -101.371009;     -0.17;     1605.71
      2111;        527.8;       ;      0.03;          ;     314.58;    0.091155;     -101.760142;     -101.668988;     -101.371008;     -0.17;     1608.67
      2112;        528.0;       ;      0.04;          ;     312.94;    0.090679;     -101.760398;     -101.669719;     -101.371008;     -0.17;     1610.87
      2113;        528.2;       ;      0.04;          ;     309.85;    0.089782;     -101.760668;     -101.670886;     -101.371007;     -0.17;     1612.13
      2114;        528.5;       ;      0.04;          ;     309.62;    0.089715;     -101.760964;     -101.671249;     -101.371007;     -0.17;     1612.27
      2115;        528.8;       ;      0.03;          ;     310.80;    0.090057;     -101.761296;     -101.671239;     -101.371007;     -0.17;     1611.16
      2116;        529.0;       ;      0.03;          ;     313.34;    0.090793;     -101.761665;     -101.670872;     -101.371007;     -0.17;     1608.65
      2117;        529.2;       ;      0.03;          ;     317.66;    0.092046;     -101.762063;     -101.670017;     -101.371008;     -0.17;     1604.63
      2118;        529.5;       ;      0.04;          ;     317.80;    0.092086;     -101.762475;     -101.670390;     -101.371010;     -0.18;     1599.02
      2119;        529.8;       ;      0.03;          ;     319.01;    0.092437;     -101.762876;     -101.670439;     -101.371011;     -0.18;     1591.79
      2120;        530.0;       ;      0.03;          ;     321.99;    0.093302;     -101.763239;     -101.669937;     -101.371013;     -0.18;     1582.91
      2121;        530.2;       ;      0.04;          ;     324.07;    0.093905;     -101.763539;     -101.669634;     -101.371015;     -0.18;     1572.36
      2122;        530.5;       ;      0.04;          ;     320.77;    0.092946;     -101.763749;     -101.670802;     -101.371016;     -0.19;     1560.16
      2123;        530.8;       ;      0.03;          ;     323.46;    0.093725;     -101.763851;     -101.670126;     -101.371017;     -0.19;     1546.47
      2124;        531.0;       ;      0.03;          ;     323.84;    0.093837;     -101.763839;     -101.670002;     -101.371018;     -0.19;     1531.24
      2125;        531.2;       ;      0.03;          ;     325.72;    0.094382;     -101.763712;     -101.669331;     -101.371017;     -0.19;     1514.59
      2126;        531.5;       ;      0.03;          ;     325.00;    0.094172;     -101.763480;     -101.669308;     -101.371016;     -0.19;     1496.57
      2127;        531.8;       ;      0.04;          ;     326.45;    0.094593;     -101.763161;     -101.668569;     -101.371015;     -0.18;     1477.36
      2128;        532.0;       ;      0.03;          ;     325.60;    0.094347;     -101.762780;     -101.668433;     -101.371013;     -0.18;     1456.99
      2129;        532.2;       ;      0.03;          ;     327.58;    0.094922;     -101.762364;     -101.667443;     -101.371012;     -0.18;     1435.63
      2130;        532.5;       ;      0.03;          ;     321.20;    0.093071;     -101.761938;     -101.668867;     -101.371011;     -0.18;     1413.28
      2131;        532.8;       ;      0.03;          ;     321.17;    0.093064;     -101.761532;     -101.668468;     -101.371009;     -0.18;     1390.33
      2132;        533.0;       ;      0.03;          ;     319.67;    0.092628;     -101.761164;     -101.668536;     -101.371009;     -0.17;     1366.61
      2133;        533.2;       ;      0.04;          ;     321.36;    0.093119;     -101.760847;     -101.667729;     -101.371008;     -0.17;     1342.24
      2134;        533.5;       ;      0.04;          ;     324.90;    0.094144;     -101.760587;     -101.666443;     -101.371008;     -0.17;     1317.13
      2135;        533.8;       ;      0.04;          ;     323.87;    0.093846;     -101.760380;     -101.666535;     -101.371008;     -0.17;     1291.20
      2136;        534.0;       ;      0.04;          ;     327.34;    0.094851;     -101.760222;     -101.665371;     -101.371009;     -0.17;     1264.62
      2137;        534.2;       ;      0.03;          ;     330.92;    0.095888;     -101.760103;     -101.664215;     -101.371009;     -0.17;     1237.15
      2138;        534.5;       ;      0.03;          ;     333.96;    0.096770;     -101.760012;     -101.663242;     -101.371010;     -0.18;     1208.71
      2139;        534.8;       ;      0.03;          ;     338.12;    0.097975;     -101.759942;     -101.661967;     -101.371009;     -0.18;     1179.21
      2140;        535.0;       ;      0.04;          ;     336.64;    0.097546;     -101.759887;     -101.662341;     -101.371009;     -0.18;     1148.49
      2141;        535.2;       ;      0.03;          ;     338.87;    0.098191;     -101.759847;     -101.661656;     -101.371010;     -0.18;     1116.65
      2142;        535.5;       ;      0.04;          ;     338.58;    0.098107;     -101.759819;     -101.661712;     -101.371009;     -0.18;     1083.37
      2143;        535.8;       ;      0.03;          ;     338.43;    0.098065;     -101.759805;     -101.661740;     -101.371009;     -0.17;     1048.61
      2144;        536.0;       ;      0.03;          ;     338.08;    0.097962;     -101.759806;     -101.661844;     -101.371009;     -0.17;     1012.21
      2145;        536.2;       ;      0.03;          ;     336.63;    0.097544;     -101.759827;     -101.662283;     -101.371008;     -0.17;      974.02
      2146;        536.5;       ;      0.04;          ;     336.73;    0.097572;     -101.759872;     -101.662299;     -101.371008;     -0.17;      933.96
      2147;        536.8;       ;      0.03;          ;     333.34;    0.096591;     -101.759943;     -101.663352;     -101.371008;     -0.17;      891.81
      2148;        537.0;       ;      0.04;          ;     336.58;    0.097528;     -101.760046;     -101.662517;     -101.371008;     -0.17;      847.69
      2149;        537.2;       ;      0.03;          ;     339.59;    0.098402;     -101.760184;     -101.661782;     -101.371008;     -0.17;      801.07
      2150;        537.5;       ;      0.03;          ;     342.29;    0.099183;     -101.760363;     -101.661180;     -101.371007;     -0.17;      751.90
      2151;        537.8;       ;      0.03;          ;     342.74;    0.099313;     -101.760584;     -101.661271;     -101.371007;     -0.17;      700.16
      2152;        538.0;       ;      0.03;          ;     343.61;    0.099567;     -101.760849;     -101.661282;     -101.371007;     -0.17;      646.02
      2153;        538.2;       ;      0.03;          ;     346.81;    0.100493;     -101.761160;     -101.660667;     -101.371007;     -0.17;      589.49
      2154;        538.5;       ;      0.04;          ;     347.60;    0.100721;     -101.761515;     -101.660794;     -101.371008;     -0.17;      530.42
      2155;        538.8;       ;      0.03;          ;     345.82;    0.100206;     -101.761906;     -101.661699;     -101.371009;     -0.17;      469.12
      2156;        539.0;       ;      0.03;          ;     349.93;    0.101396;     -101.762322;     -101.660926;     -101.371010;     -0.18;      405.96
      2157;        539.2;       ;      0.04;          ;     352.95;    0.102271;     -101.762754;     -101.660483;     -101.371011;     -0.18;      340.53
      2158;        539.5;       ;      0.03;          ;     349.87;    0.101380;     -101.763185;     -101.661805;     -101.371012;     -0.18;      273.13
      2159;        539.8;       ;      0.03;          ;     348.37;    0.100944;     -101.763598;     -101.662653;     -101.371013;     -0.18;      204.52
      2160;        540.0;       ;      0.04;          ;     347.22;    0.100610;     -101.763984;     -101.663374;     -101.371014;     -0.18;      134.77
      2161;        540.2;       ;      0.04;          ;     349.58;    0.101294;     -101.764338;     -101.663044;     -101.371015;     -0.18;       64.06
      2162;        540.5;       ;      0.03;          ;     352.55;    0.102156;     -101.764658;     -101.662502;     -101.371015;     -0.18;        0.00
      2163;        540.8;       ;      0.03;          ;     352.09;    0.102022;     -101.764943;     -101.662921;     -101.371015;     -0.18;        0.00
      2164;        541.0;       ;      0.03;          ;     351.95;    0.101982;     -101.765196;     -101.663215;     -101.371014;     -0.18;        0.00
      2165;        541.2;       ;      0.04;          ;     353.40;    0.102403;     -101.765426;     -101.663024;     -101.371014;     -0.18;        0.00
      2166;        541.5;       ;      0.03;          ;     357.61;    0.103621;     -101.765643;     -101.662022;     -101.371013;     -0.18;        0.00
      2167;        541.8;       ;      0.03;          ;     358.12;    0.103769;     -101.765853;     -101.662084;     -101.371013;     -0.18;        0.00
      2168;        542.0;       ;      0.03;          ;     360.05;    0.104329;     -101.766060;     -101.661732;     -101.371013;     -0.18;        0.00
      2169;        542.2;       ;      0.03;          ;     357.58;    0.103615;     -101.766268;     -101.662654;     -101.371013;     -0.18;        0.00
      2170;        542.5;       ;      0.04;          ;     356.75;    0.103372;     -101.766473;     -101.663101;     -101.371013;     -0.18;        0.00
      2171;        542.8;       ;      0.04;          ;     356.46;    0.103289;     -101.766671;     -101.663382;     -101.371014;     -0.18;        0.00
      2172;        543.0;       ;      0.03;          ;     359.50;    0.104170;     -101.766852;     -101.662682;     -101.371015;     -0.18;        0.00
      2173;        543.2;       ;      0.04;          ;     361.33;    0.104699;     -101.767004;     -101.662306;     -101.371015;     -0.19;        0.00
      2174;        543.5;       ;      0.03;          ;     358.12;    0.103770;     -101.767115;     -101.663345;     -101.371016;     -0.19;        0.00
      2175;        543.8;       ;      0.03;          ;     356.61;    0.103331;     -101.767176;     -101.663845;     -101.371016;     -0.19;        0.00
      2176;        544.0;       ;      0.04;          ;     354.38;    0.102687;     -101.767183;     -101.664497;     -101.371016;     -0.19;        0.00
      2177;        544.2;       ;      0.04;          ;     355.61;    0.103043;     -101.767139;     -101.664097;     -101.371015;     -0.19;        0.00
      2178;        544.5;       ;      0.03;          ;     358.09;    0.103761;     -101.767046;     -101.663286;     -101.371015;     -0.18;        0.00
      2179;        544.8;       ;      0.04;          ;     356.70;    0.103358;     -101.766908;     -101.663551;     -101.371014;     -0.18;        0.00
      2180;        545.0;       ;      0.04;          ;     358.86;    0.103984;     -101.766733;     -101.662750;     -101.371014;     -0.18;        0.00
      2181;        545.2;       ;      0.03;          ;     359.22;    0.104088;     -101.766528;     -101.662440;     -101.371013;     -0.18;        0.00
      2182;        545.5;       ;      0.04;          ;     360.55;    0.104475;     -101.766300;     -101.661826;     -101.371012;     -0.18;        0.00
      2183;        545.8;       ;      0.04;          ;     359.16;    0.104071;     -101.766058;     -101.661987;     -101.371012;     -0.18;        0.00
      2184;        546.0;       ;      0.03;          ;     355.03;    0.102874;     -101.765810;     -101.662936;     -101.371011;     -0.18;        0.00
      2185;        546.2;       ;      0.03;          ;     350.28;    0.101499;     -101.765568;     -101.664069;     -101.371010;     -0.18;        0.00
      2186;        546.5;       ;      0.04;          ;     348.12;    0.100874;     -101.765343;     -101.664469;     -101.371010;     -0.18;        0.00
      2187;        546.8;       ;      0.04;          ;     345.42;    0.100091;     -101.765143;     -101.665052;     -101.371010;     -0.18;        0.00
      2188;        547.0;       ;      0.04;          ;     342.06;    0.099118;     -101.764974;     -101.665856;     -101.371010;     -0.18;        0.00
      2189;        547.2;       ;      0.03;          ;     340.83;    0.098761;     -101.764840;     -101.666079;     -101.371010;     -0.18;        0.00
      2190;        547.5;       ;      0.04;          ;     345.00;    0.099968;     -101.764739;     -101.664771;     -101.371010;     -0.18;        0.00
      2191;        547.8;       ;      0.04;          ;     344.91;    0.099944;     -101.764666;     -101.664722;     -101.371011;     -0.18;        0.00
      2192;        548.0;       ;      0.03;          ;     344.48;    0.099818;     -101.764609;     -101.664791;     -101.371012;     -0.18;        0.00
      2193;        548.2;       ;      0.03;          ;     342.01;    0.099101;     -101.764558;     -101.665457;     -101.371014;     -0.18;        0.00
      2194;        548.5;       ;      0.04;          ;     342.40;    0.099215;     -101.764502;     -101.665286;     -101.371015;     -0.18;        0.00
      2195;        548.8;       ;      0.03;          ;     344.09;    0.099706;     -101.764430;     -101.664724;     -101.371016;     -0.19;        0.00
      2196;        549.0;       ;      0.04;          ;     340.73;    0.098730;     -101.764334;     -101.665604;     -101.371016;     -0.19;        0.00
      2197;        549.2;       ;      0.04;          ;     338.71;    0.098145;     -101.764211;     -101.666066;     -101.371017;     -0.19;        0.00
      2198;        549.5;       ;      0.03;          ;     339.47;    0.098366;     -101.764064;     -101.665698;     -101.371017;     -0.19;        0.00
      2199;        549.8;       ;      0.04;          ;     335.07;    0.097091;     -101.763900;     -101.666809;     -101.371016;     -0.19;        0.00
      2200;        550.0;       ;      0.03;          ;     332.42;    0.096323;     -101.763731;     -101.667408;     -101.371016;     -0.19;        0.00
      2201;        550.2;       ;      0.03;          ;     334.27;    0.096859;     -101.763575;     -101.666716;     -101.371015;     -0.18;        0.00
      2202;        550.5;       ;      0.03;          ;     336.23;    0.097426;     -101.763446;     -101.666020;     -101.371014;     -0.18;        0.00
      2203;        550.8;       ;      0.03;          ;     337.30;    0.097738;     -101.763357;     -101.665620;     -101.371014;     -0.18;        0.00
      2204;        551.0;       ;      0.03;          ;     336.48;    0.097499;     -101.763320;     -101.665821;     -101.371013;     -0.18;        0.00
      2205;        551.2;       ;      0.04;          ;     333.16;    0.096538;     -101.763341;     -101.666804;     -101.371013;     -0.18;        0.00
      2206;        551.5;       ;      0.03;          ;     335.94;    0.097344;     -101.763425;     -101.666081;     -101.371014;     -0.18;        0.00
      2207;        551.8;       ;      0.04;          ;     341.52;    0.098960;     -101.763567;     -101.664607;     -101.371015;     -0.18;        0.00
      2208;        552.0;       ;      0.04;          ;     336.60;    0.097535;     -101.763752;     -101.666217;     -101.371016;     -0.19;        0.00
      2209;        552.2;       ;      0.03;          ;     339.16;    0.098276;     -101.763964;     -101.665687;     -101.371017;     -0.19;        0.00
      2210;        552.5;       ;      0.04;          ;     341.56;    0.098971;     -101.764183;     -101.665212;     -101.371019;     -0.19;        0.00
      2211;        552.8;       ;      0.03;          ;     341.45;    0.098939;     -101.764389;     -101.665450;     -101.371020;     -0.19;        0.00
      2212;        553.0;       ;      0.03;          ;     342.36;    0.099203;     -101.764559;     -101.665356;     -101.371021;     -0.20;        0.00
      2213;        553.2;       ;      0.03;          ;     343.73;    0.099600;     -101.764675;     -101.665076;     -101.371022;     -0.20;        0.00
      2214;        553.5;       ;      0.04;          ;     339.40;    0.098345;     -101.764726;     -101.666381;     -101.371023;     -0.20;        0.00
      2215;        553.8;       ;      0.03;          ;     342.82;    0.099337;     -101.764703;     -101.665366;     -101.371023;     -0.20;        0.00
      2216;        554.0;       ;      0.03;          ;     344.30;    0.099765;     -101.764604;     -101.664838;     -101.371023;     -0.20;        0.00
      2217;        554.2;       ;      0.04;          ;     342.53;    0.099252;     -101.764427;     -101.665174;     -101.371023;     -0.20;        0.00
      2218;        554.5;       ;      0.04;          ;     339.25;    0.098303;     -101.764177;     -101.665874;     -101.371022;     -0.20;        0.00
      2219;        554.8;       ;      0.03;          ;     339.87;    0.098482;     -101.763866;     -101.665384;     -101.371022;     -0.20;        0.00
      2220;        555.0;       ;      0.04;          ;     340.55;    0.098678;     -101.763502;     -101.664824;     -101.371021;     -0.20;        0.00
      2221;        555.2;       ;      0.04;          ;     341.93;    0.099079;     -101.763098;     -101.664019;     -101.371020;     -0.19;        0.00
      2222;        555.5;       ;      0.03;          ;     340.03;    0.098530;     -101.762665;     -101.664136;     -101.371019;     -0.19;        0.00
      2223;        555.8;       ;      0.03;          ;     339.24;    0.098300;     -101.762223;     -101.663923;     -101.371018;     -0.19;        0.00
      2224;        556.0;       ;      0.03;          ;     339.16;    0.098277;     -101.761787;     -101.663511;     -101.371017;     -0.19;        0.00
      2225;        556.2;       ;      0.03;          ;     335.76;    0.097290;     -101.761372;     -101.664082;     -101.371017;     -0.19;        0.00
      2226;        556.5;       ;      0.03;          ;     336.77;    0.097585;     -101.760992;     -101.663408;     -101.371016;     -0.19;        0.00
      2227;        556.8;       ;      0.03;          ;     336.05;    0.097376;     -101.760653;     -101.663277;     -101.371016;     -0.19;        0.00
      2228;        557.0;       ;      0.03;          ;     339.10;    0.098257;     -101.760358;     -101.662100;     -101.371017;     -0.19;       12.25
      2229;        557.2;       ;      0.04;          ;     340.05;    0.098533;     -101.760100;     -101.661566;     -101.371018;     -0.19;      106.92
      2230;        557.5;       ;      0.03;          ;     340.55;    0.098678;     -101.759871;     -101.661194;     -101.371019;     -0.19;      204.37
      2231;        557.8;       ;      0.03;          ;     339.34;    0.098330;     -101.759661;     -101.661332;     -101.371020;     -0.19;      304.47
      2232;        558.0;       ;      0.03;          ;     338.98;    0.098224;     -101.759458;     -101.661235;     -101.371020;     -0.19;      406.83
      2233;        558.2;       ;      0.03;          ;     339.42;    0.098351;     -101.759254;     -101.660903;     -101.371021;     -0.20;      511.39
      2234;        558.5;       ;      0.03;          ;     340.62;    0.098699;     -101.759040;     -101.660342;     -101.371021;     -0.20;      618.02
      2235;        558.8;       ;      0.03;          ;     340.24;    0.098590;     -101.758815;     -101.660226;     -101.371021;     -0.20;      726.54
      2236;        559.0;       ;      0.03;          ;     340.55;    0.098680;     -101.758583;     -101.659903;     -101.371021;     -0.20;      836.32
      2237;        559.2;       ;      0.04;          ;     338.26;    0.098015;     -101.758351;     -101.660335;     -101.371020;     -0.19;      947.06
      2238;        559.5;       ;      0.04;          ;     335.88;    0.097327;     -101.758134;     -101.660807;     -101.371019;     -0.19;     1057.83
      2239;        559.8;       ;      0.03;          ;     329.32;    0.095425;     -101.757952;     -101.662527;     -101.371018;     -0.19;     1168.08
      2240;        560.0;       ;      0.03;          ;     329.83;    0.095573;     -101.757825;     -101.662252;     -101.371018;     -0.19;     1276.55
      2241;        560.2;       ;      0.03;          ;     334.75;    0.096999;     -101.757770;     -101.660771;     -101.371017;     -0.19;     1383.81
      2242;        560.5;       ;      0.03;          ;     332.72;    0.096410;     -101.757797;     -101.661387;     -101.371017;     -0.19;     1489.94
      2243;        560.8;       ;      0.03;          ;     332.12;    0.096235;     -101.757909;     -101.661674;     -101.371017;     -0.19;     1593.20
      2244;        561.0;       ;      0.03;          ;     335.42;    0.097193;     -101.758105;     -101.660912;     -101.371018;     -0.19;     1693.23
      2245;        561.2;       ;      0.03;          ;     336.50;    0.097506;     -101.758377;     -101.660871;     -101.371019;     -0.19;     1790.01
      2246;        561.5;       ;      0.04;          ;     334.66;    0.096971;     -101.758707;     -101.661736;     -101.371020;     -0.19;     1882.70
      2247;        561.8;       ;      0.03;          ;     333.93;    0.096761;     -101.759076;     -101.662315;     -101.371021;     -0.20;     1970.41
      2248;        562.0;       ;      0.03;          ;     335.71;    0.097276;     -101.759464;     -101.662187;     -101.371023;     -0.20;     2052.92
      2249;        562.2;       ;      0.04;          ;     334.29;    0.096864;     -101.759850;     -101.662986;     -101.371024;     -0.20;     2130.20
      2250;        562.5;       ;      0.03;          ;     335.49;    0.097213;     -101.760213;     -101.663001;     -101.371025;     -0.20;     2201.66
      2251;        562.8;       ;      0.03;          ;     336.35;    0.097461;     -101.760540;     -101.663079;     -101.371026;     -0.20;     2267.42
      2252;        563.0;       ;      0.04;          ;     334.47;    0.096917;     -101.760815;     -101.663897;     -101.371027;     -0.21;     2327.38
      2253;        563.2;       ;      0.04;          ;     333.41;    0.096610;     -101.761029;     -101.664419;     -101.371027;     -0.21;     2381.31
      2254;        563.5;       ;      0.04;          ;     334.96;    0.097060;     -101.761179;     -101.664119;     -101.371028;     -0.21;     2429.41
      2255;        563.8;       ;      0.04;          ;     334.46;    0.096915;     -101.761262;     -101.664347;     -101.371028;     -0.21;     2472.05
      2256;        564.0;       ;      0.04;          ;     333.33;    0.096588;     -101.761276;     -101.664689;     -101.371028;     -0.21;     2509.34
      2257;        564.2;       ;      0.03;          ;     329.50;    0.095478;     -101.761225;     -101.665747;     -101.371028;     -0.21;     2541.58
      2258;        564.5;       ;      0.04;          ;     324.10;    0.093913;     -101.761116;     -101.667203;     -101.371028;     -0.21;     2569.05
      2259;        564.8;       ;      0.04;          ;     320.60;    0.092897;     -101.760960;     -101.668062;     -101.371028;     -0.21;     2592.12
      2260;        565.0;       ;      0.04;          ;     315.75;    0.091492;     -101.760770;     -101.669278;     -101.371027;     -0.21;     2611.35
      2261;        565.2;       ;      0.03;          ;     315.00;    0.091275;     -101.760563;     -101.669287;     -101.371027;     -0.21;     2627.18
      2262;        565.5;       ;      0.03;          ;     315.26;    0.091351;     -101.760348;     -101.668996;     -101.371026;     -0.20;     2640.16
      2263;        565.8;       ;      0.04;          ;     315.15;    0.091319;     -101.760135;     -101.668816;     -101.371026;     -0.20;     2650.76
      2264;        566.0;       ;      0.04;          ;     315.63;    0.091459;     -101.759930;     -101.668470;     -101.371026;     -0.20;     2659.35
      2265;        566.2;       ;      0.03;          ;     317.01;    0.091856;     -101.759732;     -101.667875;     -101.371027;     -0.21;     2666.24
      2266;        566.5;       ;      0.03;          ;     315.65;    0.091463;     -101.759536;     -101.668073;     -101.371027;     -0.21;     2671.70
      2267;        566.8;       ;      0.03;          ;     315.09;    0.091301;     -101.759334;     -101.668033;     -101.371028;     -0.21;     2675.84
      2268;        567.0;       ;      0.03;          ;     317.53;    0.092007;     -101.759118;     -101.667110;     -101.371029;     -0.21;     2678.71
      2269;        567.2;       ;      0.04;          ;     315.01;    0.091279;     -101.758871;     -101.667592;     -101.371030;     -0.21;     2680.24
      2270;        567.5;       ;      0.03;          ;     312.89;    0.090664;     -101.758586;     -101.667921;     -101.371030;     -0.21;     2680.26
      2271;        567.8;       ;      0.03;          ;     310.06;    0.089844;     -101.758256;     -101.668412;     -101.371030;     -0.21;     2678.48
      2272;        568.0;       ;      0.03;          ;     308.65;    0.089435;     -101.757882;     -101.668447;     -101.371030;     -0.21;     2674.54
      2273;        568.2;       ;      0.04;          ;     305.87;    0.088630;     -101.757470;     -101.668840;     -101.371029;     -0.21;     2668.01
      2274;        568.5;       ;      0.03;          ;     301.52;    0.087370;     -101.757033;     -101.669663;     -101.371028;     -0.21;     2658.40
      2275;        568.8;       ;      0.03;          ;     302.95;    0.087785;     -101.756591;     -101.668806;     -101.371027;     -0.21;     2645.22
      2276;        569.0;       ;      0.03;          ;     300.56;    0.087090;     -101.756158;     -101.669068;     -101.371025;     -0.20;     2627.81
      2277;        569.2;       ;      0.03;          ;     301.87;    0.087471;     -101.755759;     -101.668288;     -101.371024;     -0.20;     2605.75
      2278;        569.5;       ;      0.04;          ;     301.98;    0.087504;     -101.755409;     -101.667906;     -101.371023;     -0.20;     2578.40
      2279;        569.8;       ;      0.03;          ;     298.08;    0.086371;     -101.755123;     -101.668752;     -101.371023;     -0.20;     2545.35
      2280;        570.0;       ;      0.03;          ;     297.33;    0.086157;     -101.754911;     -101.668755;     -101.371023;     -0.20;     2506.42
      2281;        570.2;       ;      0.04;          ;     296.62;    0.085950;     -101.754775;     -101.668825;     -101.371023;     -0.20;     2461.13
      2282;        570.5;       ;      0.03;          ;     299.48;    0.086778;     -101.754708;     -101.667930;     -101.371024;     -0.20;     2409.23
      2283;        570.8;       ;      0.03;          ;     302.89;    0.087766;     -101.754696;     -101.666930;     -101.371026;     -0.20;     2350.27
      2284;        571.0;       ;      0.04;          ;     303.16;    0.087844;     -101.754717;     -101.666873;     -101.371027;     -0.21;     2284.09
      2285;        571.2;       ;      0.03;          ;     308.05;    0.089262;     -101.754751;     -101.665489;     -101.371028;     -0.21;     2211.05
      2286;        571.5;       ;      0.03;          ;     313.15;    0.090740;     -101.754775;     -101.664036;     -101.371029;     -0.21;     2130.69
      2287;        571.8;       ;      0.04;          ;     307.15;    0.089000;     -101.754771;     -101.665771;     -101.371030;     -0.21;     2043.13
      2288;        572.0;       ;      0.04;          ;     310.15;    0.089869;     -101.754730;     -101.664861;     -101.371031;     -0.21;     1950.18
      2289;        572.2;       ;      0.03;          ;     311.07;    0.090136;     -101.754649;     -101.664514;     -101.371031;     -0.21;     1850.85
      2290;        572.5;       ;      0.03;          ;     310.96;    0.090106;     -101.754531;     -101.664425;     -101.371030;     -0.21;     1745.84
      2291;        572.8;       ;      0.04;          ;     315.04;    0.091288;     -101.754383;     -101.663095;     -101.371030;     -0.21;     1635.78
      2292;        573.0;       ;      0.04;          ;     312.52;    0.090557;     -101.754212;     -101.663654;     -101.371029;     -0.21;     1520.42
      2293;        573.2;       ;      0.03;          ;     313.68;    0.090892;     -101.754030;     -101.663138;     -101.371029;     -0.21;     1401.51
      2294;        573.5;       ;      0.04;          ;     312.01;    0.090409;     -101.753850;     -101.663441;     -101.371028;     -0.21;     1278.93
      2295;        573.8;       ;      0.03;          ;     311.35;    0.090217;     -101.753681;     -101.663464;     -101.371028;     -0.21;     1153.80
      2296;        574.0;       ;      0.03;          ;     309.93;    0.089807;     -101.753534;     -101.663726;     -101.371028;     -0.21;     1026.51
      2297;        574.2;       ;      0.03;          ;     310.47;    0.089963;     -101.753414;     -101.663451;     -101.371028;     -0.21;      897.79
      2298;        574.5;       ;      0.03;          ;     314.07;    0.091005;     -101.753326;     -101.662321;     -101.371028;     -0.21;      767.77
      2299;        574.8;       ;      0.03;          ;     312.22;    0.090469;     -101.753269;     -101.662801;     -101.371028;     -0.21;      636.30
      2300;        575.0;       ;      0.03;          ;     308.78;    0.089472;     -101.753240;     -101.663768;     -101.371028;     -0.21;      504.99
      2301;        575.2;       ;      0.04;          ;     308.77;    0.089469;     -101.753234;     -101.663765;     -101.371029;     -0.21;      374.55
      2302;        575.5;       ;      0.03;          ;     312.19;    0.090462;     -101.753239;     -101.662778;     -101.371030;     -0.21;      244.60
      2303;        575.8;       ;      0.03;          ;     309.82;    0.089774;     -101.753239;     -101.663465;     -101.371032;     -0.21;      114.70
      2304;        576.0;       ;      0.03;          ;     310.66;    0.090017;     -101.753212;     -101.663195;     -101.371032;     -0.21;        0.00
      2305;        576.2;       ;      0.03;          ;     311.92;    0.090383;     -101.753141;     -101.662758;     -101.371034;     -0.22;        0.00
      2306;        576.5;       ;      0.04;          ;     314.70;    0.091190;     -101.753005;     -101.661815;     -101.371035;     -0.22;        0.00
      2307;        576.8;       ;      0.03;          ;     310.95;    0.090103;     -101.752788;     -101.662685;     -101.371035;     -0.22;        0.00
      2308;        577.0;       ;      0.04;          ;     309.11;    0.089569;     -101.752485;     -101.662916;     -101.371036;     -0.22;        0.00
      2309;        577.2;       ;      0.04;          ;     308.11;    0.089278;     -101.752102;     -101.662824;     -101.371035;     -0.22;        0.00
      2310;        577.5;       ;      0.04;          ;     303.70;    0.088001;     -101.751647;     -101.663646;     -101.371034;     -0.22;        0.00
      2311;        577.8;       ;      0.03;          ;     301.93;    0.087488;     -101.751145;     -101.663657;     -101.371033;     -0.22;        0.00
      2312;        578.0;       ;      0.03;          ;     301.03;    0.087227;     -101.750620;     -101.663392;     -101.371031;     -0.21;        0.00
      2313;        578.2;       ;      0.04;          ;     299.15;    0.086682;     -101.750097;     -101.663415;     -101.371030;     -0.21;        0.00
      2314;        578.5;       ;      0.03;          ;     295.40;    0.085596;     -101.749605;     -101.664009;     -101.371028;     -0.21;        0.00
      2315;        578.8;       ;      0.04;          ;     291.82;    0.084558;     -101.749171;     -101.664613;     -101.371027;     -0.21;        0.00
      2316;        579.0;       ;      0.04;          ;     293.47;    0.085037;     -101.748816;     -101.663779;     -101.371027;     -0.21;        0.00
      2317;        579.2;       ;      0.03;          ;     289.03;    0.083752;     -101.748549;     -101.664797;     -101.371027;     -0.21;        0.00
      2318;        579.5;       ;      0.04;          ;     285.58;    0.082751;     -101.748377;     -101.665626;     -101.371027;     -0.21;        0.00
      2319;        579.8;       ;      0.03;          ;     283.11;    0.082036;     -101.748298;     -101.666262;     -101.371028;     -0.21;        0.00
      2320;        580.0;       ;      0.03;          ;     280.87;    0.081385;     -101.748299;     -101.666914;     -101.371030;     -0.21;        0.00
      2321;        580.2;       ;      0.04;          ;     278.22;    0.080618;     -101.748361;     -101.667743;     -101.371031;     -0.21;        0.00
      2322;        580.5;       ;      0.03;          ;     276.23;    0.080041;     -101.748463;     -101.668422;     -101.371033;     -0.22;        0.00
      2323;        580.8;       ;      0.04;          ;     278.01;    0.080556;     -101.748583;     -101.668027;     -101.371035;     -0.22;        0.00
      2324;        581.0;       ;      0.03;          ;     276.34;    0.080072;     -101.748699;     -101.668627;     -101.371036;     -0.22;        0.00
      2325;        581.2;       ;      0.04;          ;     278.29;    0.080638;     -101.748792;     -101.668154;     -101.371037;     -0.22;        0.00
      2326;        581.5;       ;      0.03;          ;     277.99;    0.080550;     -101.748851;     -101.668301;     -101.371037;     -0.22;        0.00
      2327;        581.8;       ;      0.03;          ;     277.98;    0.080547;     -101.748869;     -101.668322;     -101.371037;     -0.22;        0.00
      2328;        582.0;       ;      0.03;          ;     278.34;    0.080653;     -101.748847;     -101.668194;     -101.371037;     -0.22;        0.00
      2329;        582.2;       ;      0.03;          ;     274.18;    0.079446;     -101.748792;     -101.669346;     -101.371036;     -0.22;        0.00
      2330;        582.5;       ;      0.04;          ;     270.63;    0.078418;     -101.748719;     -101.670302;     -101.371035;     -0.22;        0.00
      2331;        582.8;       ;      0.03;          ;     273.55;    0.079264;     -101.748647;     -101.669383;     -101.371034;     -0.22;        0.00
      2332;        583.0;       ;      0.04;          ;     274.01;    0.079399;     -101.748590;     -101.669191;     -101.371033;     -0.22;        0.00
      2333;        583.2;       ;      0.04;          ;     273.78;    0.079332;     -101.748562;     -101.669230;     -101.371032;     -0.21;        0.00
      2334;        583.5;       ;      0.03;          ;     275.01;    0.079688;     -101.748578;     -101.668890;     -101.371032;     -0.21;        0.00
      2335;        583.8;       ;      0.03;          ;     271.10;    0.078554;     -101.748647;     -101.670093;     -101.371031;     -0.21;        0.00
      2336;        584.0;       ;      0.03;          ;     269.47;    0.078083;     -101.748778;     -101.670695;     -101.371031;     -0.21;        0.00
      2337;        584.2;       ;      0.03;          ;     271.94;    0.078800;     -101.748973;     -101.670174;     -101.371032;     -0.21;        0.00
      2338;        584.5;       ;      0.03;          ;     272.64;    0.079002;     -101.749227;     -101.670225;     -101.371033;     -0.22;        0.00
      2339;        584.8;       ;      0.03;          ;     272.49;    0.078956;     -101.749524;     -101.670567;     -101.371035;     -0.22;        0.00
      2340;        585.0;       ;      0.03;          ;     274.10;    0.079424;     -101.749840;     -101.670416;     -101.371037;     -0.22;        0.00
      2341;        585.2;       ;      0.03;          ;     276.59;    0.080146;     -101.750151;     -101.670005;     -101.371038;     -0.23;        0.00
      2342;        585.5;       ;      0.03;          ;     281.11;    0.081455;     -101.750429;     -101.668973;     -101.371040;     -0.23;        0.00
      2343;        585.8;       ;      0.04;          ;     281.84;    0.081668;     -101.750645;     -101.668977;     -101.371042;     -0.23;        0.00
      2344;        586.0;       ;      0.04;          ;     281.03;    0.081433;     -101.750776;     -101.669343;     -101.371043;     -0.23;        0.00
      2345;        586.2;       ;      0.03;          ;     283.84;    0.082247;     -101.750812;     -101.668565;     -101.371043;     -0.23;        0.00
      2346;        586.5;       ;      0.03;          ;     285.12;    0.082617;     -101.750750;     -101.668133;     -101.371043;     -0.23;        0.00
      2347;        586.8;       ;      0.03;          ;     280.74;    0.081349;     -101.750599;     -101.669250;     -101.371042;     -0.23;        0.00
      2348;        587.0;       ;      0.03;          ;     278.84;    0.080798;     -101.750382;     -101.669584;     -101.371040;     -0.23;        0.00
      2349;        587.2;       ;      0.04;          ;     277.45;    0.080395;     -101.750129;     -101.669734;     -101.371038;     -0.23;        0.00
      2350;        587.5;       ;      0.03;          ;     277.76;    0.080486;     -101.749870;     -101.669384;     -101.371037;     -0.22;        0.00
      2351;        587.8;       ;      0.03;          ;     277.77;    0.080488;     -101.749638;     -101.669150;     -101.371035;     -0.22;        0.00
      2352;        588.0;       ;      0.03;          ;     275.33;    0.079780;     -101.749458;     -101.669678;     -101.371034;     -0.22;        0.00
      2353;        588.2;       ;      0.03;          ;     275.58;    0.079853;     -101.749355;     -101.669501;     -101.371033;     -0.22;        0.00
      2354;        588.5;       ;      0.03;          ;     276.89;    0.080233;     -101.749339;     -101.669106;     -101.371033;     -0.22;        0.00
      2355;        588.8;       ;      0.03;          ;     277.63;    0.080447;     -101.749412;     -101.668965;     -101.371034;     -0.22;        0.00
      2356;        589.0;       ;      0.03;          ;     276.58;    0.080142;     -101.749568;     -101.669426;     -101.371035;     -0.22;        0.00
      2357;        589.2;       ;      0.03;          ;     281.51;    0.081570;     -101.749792;     -101.668221;     -101.371036;     -0.22;        0.00
      2358;        589.5;       ;      0.04;          ;     283.24;    0.082072;     -101.750066;     -101.667994;     -101.371037;     -0.22;        0.00
      2359;        589.8;       ;      0.03;          ;     286.97;    0.083154;     -101.750366;     -101.667212;     -101.371039;     -0.23;        0.00
      2360;        590.0;       ;      0.03;          ;     285.15;    0.082627;     -101.750675;     -101.668048;     -101.371039;     -0.23;        0.00
      2361;        590.2;       ;      0.03;          ;     288.24;    0.083520;     -101.750975;     -101.667455;     -101.371040;     -0.23;        0.00
      2362;        590.5;       ;      0.03;          ;     290.55;    0.084191;     -101.751259;     -101.667068;     -101.371040;     -0.23;        0.00
      2363;        590.8;       ;      0.03;          ;     290.28;    0.084112;     -101.751525;     -101.667413;     -101.371040;     -0.23;        0.00
      2364;        591.0;       ;      0.03;          ;     292.98;    0.084894;     -101.751774;     -101.666881;     -101.371040;     -0.23;        0.00
      2365;        591.2;       ;      0.03;          ;     291.36;    0.084424;     -101.752014;     -101.667589;     -101.371039;     -0.23;        0.00
      2366;        591.5;       ;      0.03;          ;     290.98;    0.084314;     -101.752252;     -101.667938;     -101.371039;     -0.23;       73.48
      2367;        591.8;       ;      0.03;          ;     286.79;    0.083101;     -101.752501;     -101.669400;     -101.371038;     -0.23;      148.23
      2368;        592.0;       ;      0.03;          ;     290.57;    0.084196;     -101.752773;     -101.668577;     -101.371038;     -0.22;      221.75
      2369;        592.2;       ;      0.03;          ;     294.40;    0.085308;     -101.753079;     -101.667772;     -101.371038;     -0.22;      294.72
      2370;        592.5;       ;      0.04;          ;     291.24;    0.084390;     -101.753423;     -101.669033;     -101.371038;     -0.22;      366.81
      2371;        592.8;       ;      0.03;          ;     292.90;    0.084872;     -101.753804;     -101.668931;     -101.371038;     -0.22;      436.82
      2372;        593.0;       ;      0.03;          ;     294.62;    0.085371;     -101.754231;     -101.668860;     -101.371038;     -0.22;      505.01
      2373;        593.2;       ;      0.03;          ;     297.91;    0.086324;     -101.754706;     -101.668382;     -101.371038;     -0.22;      571.05
      2374;        593.5;       ;      0.03;          ;     301.42;    0.087342;     -101.755227;     -101.667886;     -101.371039;     -0.23;      634.81
      2375;        593.8;       ;      0.03;          ;     299.48;    0.086779;     -101.755790;     -101.669011;     -101.371039;     -0.23;      696.03
      2376;        594.0;       ;      0.03;          ;     301.40;    0.087335;     -101.756382;     -101.669047;     -101.371040;     -0.23;      753.89
      2377;        594.2;       ;      0.04;          ;     303.85;    0.088043;     -101.756994;     -101.668951;     -101.371042;     -0.23;      808.56
      2378;        594.5;       ;      0.03;          ;     307.33;    0.089054;     -101.757609;     -101.668555;     -101.371043;     -0.23;      859.92
      2379;        594.8;       ;      0.03;          ;     306.80;    0.088898;     -101.758206;     -101.669308;     -101.371045;     -0.24;      907.91
      2380;        595.0;       ;      0.03;          ;     309.95;    0.089813;     -101.758760;     -101.668947;     -101.371046;     -0.24;      952.16
      2381;        595.2;       ;      0.03;          ;     308.85;    0.089494;     -101.759259;     -101.669765;     -101.371047;     -0.24;      992.89
      2382;        595.5;       ;      0.03;          ;     309.17;    0.089587;     -101.759688;     -101.670101;     -101.371048;     -0.24;     1029.84
      2383;        595.8;       ;      0.03;          ;     310.38;    0.089938;     -101.760048;     -101.670110;     -101.371048;     -0.24;     1063.16
      2384;        596.0;       ;      0.03;          ;     312.41;    0.090526;     -101.760346;     -101.669821;     -101.371047;     -0.24;     1093.00
      2385;        596.2;       ;      0.03;          ;     315.18;    0.091328;     -101.760599;     -101.669271;     -101.371046;     -0.24;     1119.52
      2386;        596.5;       ;      0.03;          ;     313.55;    0.090855;     -101.760827;     -101.669972;     -101.371045;     -0.24;     1142.91
      2387;        596.8;       ;      0.03;          ;     315.59;    0.091446;     -101.761052;     -101.669606;     -101.371043;     -0.23;     1163.19
      2388;        597.0;       ;      0.03;          ;     316.42;    0.091687;     -101.761299;     -101.669612;     -101.371043;     -0.23;     1180.66
      2389;        597.2;       ;      0.04;          ;     316.56;    0.091728;     -101.761587;     -101.669859;     -101.371042;     -0.23;     1195.51
      2390;        597.5;       ;      0.03;          ;     317.44;    0.091982;     -101.761925;     -101.669943;     -101.371042;     -0.23;     1207.93
      2391;        597.8;       ;      0.03;          ;     311.94;    0.090388;     -101.762316;     -101.671928;     -101.371043;     -0.23;     1218.15
      2392;        598.0;       ;      0.03;          ;     307.52;    0.089107;     -101.762750;     -101.673643;     -101.371044;     -0.24;     1226.27
      2393;        598.2;       ;      0.03;          ;     306.32;    0.088759;     -101.763217;     -101.674458;     -101.371046;     -0.24;     1232.52
      2394;        598.5;       ;      0.04;          ;     310.29;    0.089909;     -101.763703;     -101.673794;     -101.371047;     -0.24;     1237.09
      2395;        598.8;       ;      0.03;          ;     311.41;    0.090236;     -101.764190;     -101.673953;     -101.371049;     -0.24;     1240.15
      2396;        599.0;       ;      0.03;          ;     312.33;    0.090503;     -101.764652;     -101.674149;     -101.371050;     -0.25;     1241.81
      2397;        599.2;       ;      0.04;          ;     312.83;    0.090647;     -101.765072;     -101.674425;     -101.371051;     -0.25;     1242.13
      2398;        599.5;       ;      0.03;          ;     313.61;    0.090872;     -101.765440;     -101.674567;     -101.371051;     -0.25;     1241.16
      2399;        599.8;       ;      0.03;          ;     312.47;    0.090543;     -101.765751;     -101.675209;     -101.371051;     -0.25;     1238.91
      2400;        600.0;       ;      0.03;          ;     312.07;    0.090427;     -101.766010;     -101.675583;     -101.371051;     -0.25;     1235.38
      2401;        600.2;       ;      0.03;          ;     307.40;    0.089074;     -101.766226;     -101.677152;     -101.371050;     -0.25;     1230.52
      2402;        600.5;       ;      0.03;          ;     303.69;    0.087999;     -101.766415;     -101.678416;     -101.371049;     -0.24;     1224.32
      2403;        600.8;       ;      0.03;          ;     299.86;    0.086888;     -101.766597;     -101.679709;     -101.371048;     -0.24;     1216.69
      2404;        601.0;       ;      0.04;          ;     305.83;    0.088619;     -101.766791;     -101.678172;     -101.371048;     -0.24;     1207.57
      2405;        601.2;       ;      0.03;          ;     306.24;    0.088736;     -101.767014;     -101.678278;     -101.371047;     -0.24;     1196.72
      2406;        601.5;       ;      0.03;          ;     303.70;    0.088001;     -101.767271;     -101.679271;     -101.371047;     -0.24;     1184.15
      2407;        601.8;       ;      0.03;          ;     307.68;    0.089154;     -101.767569;     -101.678415;     -101.371047;     -0.24;     1169.85
      2408;        602.0;       ;      0.03;          ;     309.48;    0.089676;     -101.767913;     -101.678237;     -101.371047;     -0.24;     1153.63
      2409;        602.2;       ;      0.03;          ;     307.49;    0.089098;     -101.768302;     -101.679204;     -101.371048;     -0.24;     1135.51
      2410;        602.5;       ;      0.04;          ;     311.35;    0.090217;     -101.768729;     -101.678512;     -101.371048;     -0.24;     1115.58
      2411;        602.8;       ;      0.04;          ;     314.77;    0.091210;     -101.769193;     -101.677983;     -101.371049;     -0.24;     1093.68
      2412;        603.0;       ;      0.04;          ;     314.44;    0.091113;     -101.769682;     -101.678570;     -101.371050;     -0.25;     1069.87
      2413;        603.2;       ;      0.04;          ;     318.31;    0.092236;     -101.770184;     -101.677948;     -101.371051;     -0.25;     1044.37
      2414;        603.5;       ;      0.04;          ;     319.65;    0.092624;     -101.770687;     -101.678064;     -101.371052;     -0.25;     1017.13
      2415;        603.8;       ;      0.04;          ;     322.91;    0.093566;     -101.771176;     -101.677610;     -101.371053;     -0.25;      988.39
      2416;        604.0;       ;      0.03;          ;     326.45;    0.094593;     -101.771636;     -101.677044;     -101.371054;     -0.25;      958.21
      2417;        604.2;       ;      0.03;          ;     331.13;    0.095950;     -101.772056;     -101.676105;     -101.371054;     -0.25;      926.78
      2418;        604.5;       ;      0.03;          ;     334.82;    0.097019;     -101.772425;     -101.675406;     -101.371054;     -0.25;      894.22
      2419;        604.8;       ;      0.04;          ;     339.99;    0.098517;     -101.772740;     -101.674224;     -101.371054;     -0.25;      966.37
      2420;        605.0;       ;      0.04;          ;     342.03;    0.099109;     -101.773005;     -101.673896;     -101.371053;     -0.25;     1035.91
      2421;        605.2;       ;      0.04;          ;     344.29;    0.099763;     -101.773233;     -101.673470;     -101.371052;     -0.25;     1100.95
      2422;        605.5;       ;      0.04;          ;     344.12;    0.099713;     -101.773443;     -101.673730;     -101.371050;     -0.25;     1161.51
      2423;        605.8;       ;      0.04;          ;     346.09;    0.100285;     -101.773662;     -101.673377;     -101.371049;     -0.24;     1217.47
      2424;        606.0;       ;      0.03;          ;     346.34;    0.100358;     -101.773917;     -101.673559;     -101.371048;     -0.24;     1269.21
      2425;        606.2;       ;      0.04;          ;     349.05;    0.101143;     -101.774230;     -101.673087;     -101.371047;     -0.24;     1316.88
      2426;        606.5;       ;      0.04;          ;     348.91;    0.101102;     -101.774619;     -101.673517;     -101.371047;     -0.24;     1361.04
      2427;        606.8;       ;      0.03;          ;     355.19;    0.102921;     -101.775086;     -101.672166;     -101.371047;     -0.24;     1401.97
      2428;        607.0;       ;      0.03;          ;     358.05;    0.103749;     -101.775629;     -101.671881;     -101.371048;     -0.24;     1440.60
      2429;        607.2;       ;      0.03;          ;     361.47;    0.104739;     -101.776226;     -101.671487;     -101.371050;     -0.25;     1477.35
      2430;        607.5;       ;      0.03;          ;     364.58;    0.105642;     -101.776850;     -101.671208;     -101.371052;     -0.25;     1512.96
      2431;        607.8;       ;      0.04;          ;     363.67;    0.105378;     -101.777469;     -101.672090;     -101.371054;     -0.25;     1548.12
      2432;        608.0;       ;      0.03;          ;     363.88;    0.105438;     -101.778047;     -101.672610;     -101.371056;     -0.26;     1583.41
      2433;        608.2;       ;      0.04;          ;     366.27;    0.106130;     -101.778559;     -101.672428;     -101.371057;     -0.26;     1619.64
      2434;        608.5;       ;      0.04;          ;     367.12;    0.106377;     -101.778980;     -101.672602;     -101.371058;     -0.26;     1657.67
      2435;        608.8;       ;      0.04;          ;     371.40;    0.107619;     -101.779293;     -101.671675;     -101.371059;     -0.26;     1698.10
      2436;        609.0;       ;      0.04;          ;     374.51;    0.108520;     -101.779497;     -101.670976;     -101.371058;     -0.26;     1741.75
      2437;        609.2;       ;      0.04;          ;     371.01;    0.107506;     -101.779595;     -101.672089;     -101.371057;     -0.26;     1789.07
      2438;        609.5;       ;      0.03;          ;     368.04;    0.106644;     -101.779605;     -101.672961;     -101.371056;     -0.25;     1840.03
      2439;        609.8;       ;      0.03;          ;     368.75;    0.106851;     -101.779553;     -101.672703;     -101.371054;     -0.25;     1894.87
      2440;        610.0;       ;      0.04;          ;     365.21;    0.105824;     -101.779469;     -101.673645;     -101.371052;     -0.25;     1953.91
      2441;        610.2;       ;      0.04;          ;     363.31;    0.105273;     -101.779379;     -101.674106;     -101.371051;     -0.25;     2016.67
      2442;        610.5;       ;      0.04;          ;     364.85;    0.105721;     -101.779308;     -101.673587;     -101.371050;     -0.24;     2082.95
      2443;        610.8;       ;      0.04;          ;     361.76;    0.104825;     -101.779272;     -101.674448;     -101.371049;     -0.24;     2152.55
      2444;        611.0;       ;      0.04;          ;     357.65;    0.103633;     -101.779280;     -101.675646;     -101.371049;     -0.24;     2224.34
      2445;        611.2;       ;      0.03;          ;     358.56;    0.103898;     -101.779334;     -101.675436;     -101.371049;     -0.24;     2297.40
      2446;        611.5;       ;      0.04;          ;     362.63;    0.105077;     -101.779431;     -101.674355;     -101.371049;     -0.24;     2371.27
      2447;        611.8;       ;      0.04;          ;     362.78;    0.105120;     -101.779562;     -101.674442;     -101.371050;     -0.25;     2445.27
      2448;        612.0;       ;      0.04;          ;     362.06;    0.104913;     -101.779711;     -101.674798;     -101.371051;     -0.25;     2517.90
      2449;        612.2;       ;      0.04;          ;     360.69;    0.104515;     -101.779859;     -101.675344;     -101.371052;     -0.25;     2587.98
      2450;        612.5;       ;      0.03;          ;     359.25;    0.104097;     -101.779990;     -101.675893;     -101.371053;     -0.25;     2654.40
      2451;        612.8;       ;      0.04;          ;     360.88;    0.104568;     -101.780085;     -101.675517;     -101.371054;     -0.25;     2716.15
      2452;        613.0;       ;      0.03;          ;     360.68;    0.104511;     -101.780125;     -101.675614;     -101.371055;     -0.25;     2772.58
      2453;        613.2;       ;      0.03;          ;     363.51;    0.105332;     -101.780091;     -101.674758;     -101.371056;     -0.26;     2822.72
      2454;        613.5;       ;      0.04;          ;     360.21;    0.104375;     -101.779963;     -101.675588;     -101.371057;     -0.26;     2866.11
      2455;        613.8;       ;      0.03;          ;     358.03;    0.103744;     -101.779733;     -101.675989;     -101.371057;     -0.26;     2901.85
      2456;        614.0;       ;      0.03;          ;     353.67;    0.102481;     -101.779396;     -101.676915;     -101.371057;     -0.26;     2929.67
      2457;        614.2;       ;      0.04;          ;     347.77;    0.100770;     -101.778961;     -101.678191;     -101.371056;     -0.25;     2949.29
      2458;        614.5;       ;      0.03;          ;     346.86;    0.100507;     -101.778449;     -101.677942;     -101.371054;     -0.25;     2960.72
      2459;        614.8;       ;      0.03;          ;     339.24;    0.098299;     -101.777881;     -101.679582;     -101.371052;     -0.25;     2964.20
      2460;        615.0;       ;      0.03;          ;     336.91;    0.097624;     -101.777296;     -101.679671;     -101.371050;     -0.25;     2960.07
      2461;        615.2;       ;      0.04;          ;     334.11;    0.096813;     -101.776723;     -101.679910;     -101.371048;     -0.24;     2948.79
      2462;        615.5;       ;      0.04;          ;     331.78;    0.096138;     -101.776197;     -101.680059;     -101.371047;     -0.24;     2931.04
      2463;        615.8;       ;      0.03;          ;     331.03;    0.095921;     -101.775741;     -101.679820;     -101.371046;     -0.24;     2907.58
      2464;        616.0;       ;      0.04;          ;     327.65;    0.094940;     -101.775369;     -101.680429;     -101.371046;     -0.24;     2879.27
      2465;        616.2;       ;      0.04;          ;     327.39;    0.094864;     -101.775089;     -101.680224;     -101.371047;     -0.24;     2847.19
      2466;        616.5;       ;      0.03;          ;     329.54;    0.095487;     -101.774889;     -101.679401;     -101.371049;     -0.24;     2812.26
      2467;        616.8;       ;      0.04;          ;     326.52;    0.094612;     -101.774748;     -101.680135;     -101.371051;     -0.25;     2775.42
      2468;        617.0;       ;      0.03;          ;     326.56;    0.094626;     -101.774640;     -101.680014;     -101.371053;     -0.25;     2742.78
      2469;        617.2;       ;      0.04;          ;     324.54;    0.094040;     -101.774535;     -101.680495;     -101.371056;     -0.25;     2736.36
      2470;        617.5;       ;      0.03;          ;     323.71;    0.093798;     -101.774406;     -101.680608;     -101.371058;     -0.26;     2731.60
      2471;        617.8;       ;      0.03;          ;     322.27;    0.093381;     -101.774230;     -101.680850;     -101.371059;     -0.26;     2729.24
      2472;        618.0;       ;      0.04;          ;     319.13;    0.092472;     -101.773995;     -101.681523;     -101.371059;     -0.26;     2729.89
      2473;        618.2;       ;      0.03;          ;     314.46;    0.091119;     -101.773699;     -101.682580;     -101.371059;     -0.26;     2734.00
      2474;        618.5;       ;      0.04;          ;     312.99;    0.090693;     -101.773353;     -101.682660;     -101.371059;     -0.26;     2741.81
      2475;        618.8;       ;      0.03;          ;     313.31;    0.090785;     -101.772970;     -101.682184;     -101.371058;     -0.26;     2753.39
      2476;        619.0;       ;      0.03;          ;     310.66;    0.090017;     -101.772565;     -101.682548;     -101.371057;     -0.26;     2768.64
      2477;        619.2;       ;      0.03;          ;     311.80;    0.090347;     -101.772162;     -101.681814;     -101.371055;     -0.25;     2787.16
      2478;        619.5;       ;      0.04;          ;     311.54;    0.090273;     -101.771774;     -101.681501;     -101.371054;     -0.25;     2808.54
      2479;        619.8;       ;      0.04;          ;     309.96;    0.089816;     -101.771418;     -101.681602;     -101.371054;     -0.25;     2832.06
      2480;        620.0;       ;      0.03;          ;     307.94;    0.089229;     -101.771105;     -101.681876;     -101.371053;     -0.25;     2856.86
      2481;        620.2;       ;      0.04;          ;     307.41;    0.089076;     -101.770843;     -101.681766;     -101.371053;     -0.25;     2882.03
      2482;        620.5;       ;      0.03;          ;     308.65;    0.089437;     -101.770632;     -101.681196;     -101.371053;     -0.25;     2906.67
      2483;        620.8;       ;      0.04;          ;     313.00;    0.090696;     -101.770472;     -101.679776;     -101.371053;     -0.25;     2929.88
      2484;        621.0;       ;      0.03;          ;     310.04;    0.089839;     -101.770354;     -101.680515;     -101.371054;     -0.25;     2950.81
      2485;        621.2;       ;      0.03;          ;     309.84;    0.089781;     -101.770275;     -101.680494;     -101.371054;     -0.25;     2968.30
      2486;        621.5;       ;      0.03;          ;     305.38;    0.088487;     -101.770228;     -101.681742;     -101.371055;     -0.25;     2981.61
      2487;        621.8;       ;      0.03;          ;     305.85;    0.088625;     -101.770206;     -101.681581;     -101.371056;     -0.25;     2989.94
      2488;        622.0;       ;      0.03;          ;     306.55;    0.088826;     -101.770196;     -101.681370;     -101.371057;     -0.26;     2992.78
      2489;        622.2;       ;      0.04;          ;     307.86;    0.089205;     -101.770182;     -101.680977;     -101.371058;     -0.26;     2989.65
      2490;        622.5;       ;      0.03;          ;     309.18;    0.089588;     -101.770144;     -101.680556;     -101.371060;     -0.26;     2980.25
      2491;        622.8;       ;      0.04;          ;     308.24;    0.089318;     -101.770059;     -101.680741;     -101.371061;     -0.26;     2964.40
      2492;        623.0;       ;      0.03;          ;     303.88;    0.088053;     -101.769907;     -101.681854;     -101.371063;     -0.27;     2942.14
      2493;        623.2;       ;      0.03;          ;     302.49;    0.087650;     -101.769677;     -101.682026;     -101.371064;     -0.27;     2913.78
      2494;        623.5;       ;      0.04;          ;     301.63;    0.087402;     -101.769364;     -101.681962;     -101.371064;     -0.27;     2879.50
      2495;        623.8;       ;      0.03;          ;     300.43;    0.087054;     -101.768971;     -101.681917;     -101.371063;     -0.27;     2839.69
      2496;        624.0;       ;      0.03;          ;     300.16;    0.086976;     -101.768514;     -101.681538;     -101.371062;     -0.27;     2794.93
      2497;        624.2;       ;      0.03;          ;     297.21;    0.086121;     -101.768014;     -101.681893;     -101.371061;     -0.26;     2745.84
      2498;        624.5;       ;      0.03;          ;     300.13;    0.086966;     -101.767507;     -101.680541;     -101.371059;     -0.26;     2693.39
      2499;        624.8;       ;      0.04;          ;     299.29;    0.086722;     -101.767022;     -101.680300;     -101.371057;     -0.26;     2637.91
      2500;        625.0;       ;      0.03;          ;     297.12;    0.086094;     -101.766594;     -101.680500;     -101.371056;     -0.26;     2580.64
      2501;        625.2;       ;      0.03;          ;     297.20;    0.086119;     -101.766252;     -101.680133;     -101.371055;     -0.25;     2522.65
      2502;        625.5;       ;      0.03;          ;     297.17;    0.086108;     -101.766013;     -101.679906;     -101.371055;     -0.25;     2464.61
      2503;        625.8;       ;      0.03;          ;     296.79;    0.085999;     -101.765883;     -101.679884;     -101.371056;     -0.26;     2407.41
      2504;        626.0;       ;      0.03;          ;     298.94;    0.086621;     -101.765854;     -101.679233;     -101.371058;     -0.26;     2351.84
      2505;        626.2;       ;      0.04;          ;     299.81;    0.086872;     -101.765905;     -101.679033;     -101.371060;     -0.26;     2298.31
      2506;        626.5;       ;      0.03;          ;     298.81;    0.086584;     -101.766010;     -101.679425;     -101.371062;     -0.27;     2247.44
      2507;        626.8;       ;      0.03;          ;     299.39;    0.086751;     -101.766136;     -101.679385;     -101.371064;     -0.27;     2199.69
      2508;        627.0;       ;      0.03;          ;     300.74;    0.087144;     -101.766257;     -101.679113;     -101.371066;     -0.27;     2155.05
      2509;        627.2;       ;      0.04;          ;     297.31;    0.086148;     -101.766347;     -101.680199;     -101.371067;     -0.27;     2113.40
      2510;        627.5;       ;      0.04;          ;     297.89;    0.086318;     -101.766390;     -101.680072;     -101.371068;     -0.28;     2074.81
      2511;        627.8;       ;      0.04;          ;     300.02;    0.086935;     -101.766381;     -101.679446;     -101.371068;     -0.28;     2038.60
      2512;        628.0;       ;      0.04;          ;     297.74;    0.086273;     -101.766320;     -101.680047;     -101.371067;     -0.28;     2004.11
      2513;        628.2;       ;      0.04;          ;     295.27;    0.085558;     -101.766215;     -101.680657;     -101.371066;     -0.27;     1970.93
      2514;        628.5;       ;      0.03;          ;     297.89;    0.086317;     -101.766083;     -101.679766;     -101.371065;     -0.27;     1938.29
      2515;        628.8;       ;      0.03;          ;     295.09;    0.085507;     -101.765940;     -101.680434;     -101.371064;     -0.27;     1905.13
      2516;        629.0;       ;      0.04;          ;     294.58;    0.085358;     -101.765806;     -101.680447;     -101.371063;     -0.27;     1870.91
      2517;        629.2;       ;      0.03;          ;     293.70;    0.085103;     -101.765695;     -101.680592;     -101.371063;     -0.27;     1834.71
      2518;        629.5;       ;      0.03;          ;     289.94;    0.084014;     -101.765622;     -101.681607;     -101.371063;     -0.27;     1795.78
      2519;        629.8;       ;      0.03;          ;     286.55;    0.083032;     -101.765595;     -101.682563;     -101.371062;     -0.27;     1753.64
      2520;        630.0;       ;      0.03;          ;     287.42;    0.083285;     -101.765621;     -101.682336;     -101.371063;     -0.27;     1707.68
      2521;        630.2;       ;      0.03;          ;     289.75;    0.083958;     -101.765703;     -101.681745;     -101.371063;     -0.27;     1657.07
      2522;        630.5;       ;      0.03;          ;     293.24;    0.084971;     -101.765838;     -101.680866;     -101.371063;     -0.27;     1601.29
      2523;        630.8;       ;      0.04;          ;     295.10;    0.085508;     -101.766019;     -101.680511;     -101.371064;     -0.27;     1539.94
      2524;        631.0;       ;      0.03;          ;     294.09;    0.085215;     -101.766237;     -101.681022;     -101.371065;     -0.27;     1473.03
      2525;        631.2;       ;      0.04;          ;     295.24;    0.085549;     -101.766481;     -101.680932;     -101.371066;     -0.27;     1400.87
      2526;        631.5;       ;      0.04;          ;     297.96;    0.086337;     -101.766738;     -101.680401;     -101.371067;     -0.28;     1323.30
      2527;        631.8;       ;      0.04;          ;     302.61;    0.087686;     -101.766994;     -101.679308;     -101.371069;     -0.28;     1240.32
      2528;        632.0;       ;      0.04;          ;     307.38;    0.089069;     -101.767229;     -101.678160;     -101.371070;     -0.28;     1151.96
      2529;        632.2;       ;      0.04;          ;     308.16;    0.089294;     -101.767421;     -101.678127;     -101.371071;     -0.28;     1058.60
      2530;        632.5;       ;      0.04;          ;     310.13;    0.089863;     -101.767553;     -101.677689;     -101.371072;     -0.28;      961.33
      2531;        632.8;       ;      0.03;          ;     311.93;    0.090387;     -101.767612;     -101.677225;     -101.371072;     -0.28;      860.55
      2532;        633.0;       ;      0.04;          ;     313.49;    0.090838;     -101.767594;     -101.676756;     -101.371072;     -0.28;      756.89
      2533;        633.2;       ;      0.04;          ;     310.79;    0.090056;     -101.767502;     -101.677446;     -101.371071;     -0.28;      651.09
      2534;        633.5;       ;      0.03;          ;     308.92;    0.089514;     -101.767354;     -101.677841;     -101.371070;     -0.28;      544.55
      2535;        633.8;       ;      0.03;          ;     308.38;    0.089357;     -101.767174;     -101.677818;     -101.371068;     -0.28;      437.87
      2536;        634.0;       ;      0.04;          ;     309.68;    0.089733;     -101.766992;     -101.677259;     -101.371066;     -0.27;      331.55
      2537;        634.2;       ;      0.04;          ;     309.88;    0.089790;     -101.766835;     -101.677045;     -101.371064;     -0.27;      225.96
      2538;        634.5;       ;      0.04;          ;     311.07;    0.090138;     -101.766728;     -101.676591;     -101.371063;     -0.27;      121.97
      2539;        634.8;       ;      0.03;          ;     311.49;    0.090257;     -101.766689;     -101.676432;     -101.371062;     -0.27;       20.04
      2540;        635.0;       ;      0.03;          ;     308.92;    0.089515;     -101.766725;     -101.677210;     -101.371062;     -0.27;        0.00
      2541;        635.2;       ;      0.03;          ;     309.91;    0.089800;     -101.766830;     -101.677030;     -101.371063;     -0.27;        0.00
      2542;        635.5;       ;      0.03;          ;     309.35;    0.089638;     -101.766988;     -101.677350;     -101.371065;     -0.27;        0.00
      2543;        635.8;       ;      0.04;          ;     308.93;    0.089517;     -101.767173;     -101.677655;     -101.371067;     -0.27;        0.00
      2544;        636.0;       ;      0.03;          ;     312.93;    0.090676;     -101.767356;     -101.676680;     -101.371069;     -0.28;        0.00
      2545;        636.2;       ;      0.04;          ;     312.15;    0.090449;     -101.767509;     -101.677060;     -101.371070;     -0.28;        0.00
      2546;        636.5;       ;      0.03;          ;     313.75;    0.090914;     -101.767605;     -101.676691;     -101.371071;     -0.28;        0.00
      2547;        636.8;       ;      0.03;          ;     316.69;    0.091765;     -101.767627;     -101.675862;     -101.371072;     -0.28;        0.00
      2548;        637.0;       ;      0.03;          ;     312.14;    0.090446;     -101.767568;     -101.677122;     -101.371072;     -0.28;        0.00
      2549;        637.2;       ;      0.03;          ;     311.56;    0.090278;     -101.767432;     -101.677154;     -101.371071;     -0.28;        0.00
      2550;        637.5;       ;      0.03;          ;     309.47;    0.089672;     -101.767237;     -101.677564;     -101.371070;     -0.28;        0.00
      2551;        637.8;       ;      0.03;          ;     303.98;    0.088081;     -101.767003;     -101.678922;     -101.371068;     -0.28;        0.00
      2552;        638.0;       ;      0.03;          ;     304.48;    0.088227;     -101.766758;     -101.678532;     -101.371067;     -0.27;        0.00
      2553;        638.2;       ;      0.03;          ;     303.76;    0.088018;     -101.766524;     -101.678506;     -101.371066;     -0.27;        0.00
      2554;        638.5;       ;      0.03;          ;     303.32;    0.087890;     -101.766316;     -101.678426;     -101.371065;     -0.27;        0.00
      2555;        638.8;       ;      0.03;          ;     304.44;    0.088216;     -101.766147;     -101.677932;     -101.371065;     -0.27;       21.28
      2556;        639.0;       ;      0.04;          ;     305.15;    0.088421;     -101.766024;     -101.677603;     -101.371065;     -0.27;       88.10
      2557;        639.2;       ;      0.04;          ;     304.33;    0.088185;     -101.765948;     -101.677764;     -101.371065;     -0.27;      159.37
      2558;        639.5;       ;      0.03;          ;     307.41;    0.089077;     -101.765919;     -101.676842;     -101.371066;     -0.27;      234.40
      2559;        639.8;       ;      0.03;          ;     306.25;    0.088740;     -101.765933;     -101.677193;     -101.371066;     -0.27;      312.99
      2560;        640.0;       ;      0.04;          ;     304.79;    0.088317;     -101.765984;     -101.677668;     -101.371066;     -0.27;      393.83
      2561;        640.2;       ;      0.03;          ;     300.77;    0.087152;     -101.766069;     -101.678917;     -101.371067;     -0.27;      475.97
      2562;        640.5;       ;      0.04;          ;     298.46;    0.086482;     -101.766181;     -101.679699;     -101.371067;     -0.28;      558.13
      2563;        640.8;       ;      0.03;          ;     294.85;    0.085437;     -101.766313;     -101.680877;     -101.371068;     -0.28;      639.57
      2564;        641.0;       ;      0.04;          ;     296.98;    0.086055;     -101.766455;     -101.680400;     -101.371069;     -0.28;      719.15
      2565;        641.2;       ;      0.03;          ;     295.95;    0.085756;     -101.766590;     -101.680834;     -101.371070;     -0.28;      796.74
      2566;        641.5;       ;      0.04;          ;     295.31;    0.085571;     -101.766697;     -101.681126;     -101.371072;     -0.28;      871.04
      2567;        641.8;       ;      0.03;          ;     292.36;    0.084716;     -101.766758;     -101.682042;     -101.371073;     -0.28;      941.32
      2568;        642.0;       ;      0.03;          ;     289.26;    0.083816;     -101.766755;     -101.682939;     -101.371073;     -0.29;     1006.64
      2569;        642.2;       ;      0.03;          ;     287.87;    0.083414;     -101.766681;     -101.683267;     -101.371073;     -0.29;     1066.42
      2570;        642.5;       ;      0.03;          ;     285.01;    0.082587;     -101.766532;     -101.683946;     -101.371073;     -0.28;     1120.41
      2571;        642.8;       ;      0.03;          ;     286.69;    0.083071;     -101.766318;     -101.683248;     -101.371072;     -0.28;     1168.16
      2572;        643.0;       ;      0.04;          ;     290.86;    0.084280;     -101.766052;     -101.681773;     -101.371070;     -0.28;     1209.84
      2573;        643.2;       ;      0.04;          ;     289.80;    0.083972;     -101.765752;     -101.681780;     -101.371069;     -0.28;     1245.54
      2574;        643.5;       ;      0.03;          ;     289.12;    0.083778;     -101.765444;     -101.681666;     -101.371067;     -0.27;     1274.97
      2575;        643.8;       ;      0.04;          ;     287.77;    0.083386;     -101.765150;     -101.681763;     -101.371066;     -0.27;     1298.36
      2576;        644.0;       ;      0.03;          ;     286.24;    0.082940;     -101.764888;     -101.681948;     -101.371065;     -0.27;     1316.01
      2577;        644.2;       ;      0.04;          ;     284.77;    0.082517;     -101.764668;     -101.682151;     -101.371065;     -0.27;     1328.39
      2578;        644.5;       ;      0.03;          ;     283.32;    0.082097;     -101.764489;     -101.682392;     -101.371066;     -0.27;     1336.12
      2579;        644.8;       ;      0.03;          ;     285.29;    0.082667;     -101.764339;     -101.681671;     -101.371067;     -0.28;     1339.90
      2580;        645.0;       ;      0.03;          ;     283.55;    0.082163;     -101.764198;     -101.682035;     -101.371069;     -0.28;     1340.55
      2581;        645.2;       ;      0.04;          ;     281.43;    0.081547;     -101.764046;     -101.682499;     -101.371070;     -0.28;     1338.95
      2582;        645.5;       ;      0.03;          ;     280.58;    0.081301;     -101.763865;     -101.682564;     -101.371071;     -0.28;     1336.03
      2583;        645.8;       ;      0.04;          ;     278.10;    0.080582;     -101.763639;     -101.683057;     -101.371072;     -0.28;     1332.74
      2584;        646.0;       ;      0.03;          ;     272.32;    0.078908;     -101.763362;     -101.684454;     -101.371072;     -0.28;     1330.03
      2585;        646.2;       ;      0.04;          ;     270.43;    0.078360;     -101.763040;     -101.684680;     -101.371072;     -0.28;     1328.79
      2586;        646.5;       ;      0.04;          ;     269.15;    0.077991;     -101.762679;     -101.684689;     -101.371071;     -0.28;     1329.79
      2587;        646.8;       ;      0.03;          ;     265.41;    0.076905;     -101.762293;     -101.685388;     -101.371070;     -0.28;     1333.72
      2588;        647.0;       ;      0.03;          ;     262.48;    0.076056;     -101.761899;     -101.685843;     -101.371069;     -0.28;     1341.09
      2589;        647.2;       ;      0.03;          ;     259.22;    0.075114;     -101.761513;     -101.686399;     -101.371069;     -0.28;     1352.26
      2590;        647.5;       ;      0.04;          ;     258.63;    0.074942;     -101.761148;     -101.686206;     -101.371069;     -0.28;     1367.36
      2591;        647.8;       ;      0.03;          ;     254.77;    0.073823;     -101.760813;     -101.686989;     -101.371069;     -0.28;     1386.45
      2592;        648.0;       ;      0.04;          ;     256.52;    0.074331;     -101.760515;     -101.686184;     -101.371069;     -0.28;     1409.17
      2593;        648.2;       ;      0.03;          ;     256.81;    0.074413;     -101.760254;     -101.685841;     -101.371069;     -0.28;     1435.37
      2594;        648.5;       ;      0.03;          ;     255.87;    0.074142;     -101.760031;     -101.685890;     -101.371069;     -0.28;     1464.40
      2595;        648.8;       ;      0.03;          ;     256.38;    0.074291;     -101.759849;     -101.685558;     -101.371069;     -0.28;     1495.50
      2596;        649.0;       ;      0.03;          ;     255.97;    0.074170;     -101.759709;     -101.685539;     -101.371069;     -0.28;     1527.92
      2597;        649.2;       ;      0.04;          ;     258.33;    0.074856;     -101.759617;     -101.684761;     -101.371068;     -0.28;     1560.74
      2598;        649.5;       ;      0.03;          ;     257.44;    0.074595;     -101.759574;     -101.684979;     -101.371068;     -0.28;     1593.19
      2599;        649.8;       ;      0.03;          ;     257.93;    0.074740;     -101.759583;     -101.684844;     -101.371068;     -0.28;     1624.14
      2600;        650.0;       ;      0.03;          ;     262.95;    0.076192;     -101.759644;     -101.683452;     -101.371069;     -0.28;     1652.78
      2601;        650.2;       ;      0.03;          ;     262.74;    0.076132;     -101.759751;     -101.683619;     -101.371070;     -0.28;     1678.48
      2602;        650.5;       ;      0.04;          ;     260.44;    0.075465;     -101.759889;     -101.684425;     -101.371071;     -0.28;     1700.23
      2603;        650.8;       ;      0.03;          ;     260.40;    0.075453;     -101.760047;     -101.684594;     -101.371072;     -0.28;     1717.26
      2604;        651.0;       ;      0.03;          ;     259.09;    0.075075;     -101.760207;     -101.685133;     -101.371073;     -0.29;     1729.13
      2605;        651.2;       ;      0.04;          ;     259.99;    0.075337;     -101.760353;     -101.685016;     -101.371074;     -0.29;     1735.40
      2606;        651.5;       ;      0.03;          ;     260.37;    0.075446;     -101.760470;     -101.685024;     -101.371075;     -0.29;     1735.80
      2607;        651.8;       ;      0.03;          ;     257.98;    0.074754;     -101.760546;     -101.685792;     -101.371075;     -0.29;     1730.20
      2608;        652.0;       ;      0.03;          ;     256.41;    0.074298;     -101.760579;     -101.686281;     -101.371075;     -0.29;     1718.61
      2609;        652.2;       ;      0.04;          ;     256.43;    0.074304;     -101.760574;     -101.686269;     -101.371075;     -0.29;     1701.18
      2610;        652.5;       ;      0.04;          ;     257.11;    0.074500;     -101.760541;     -101.686041;     -101.371074;     -0.29;     1678.12
      2611;        652.8;       ;      0.04;          ;     256.23;    0.074246;     -101.760494;     -101.686248;     -101.371073;     -0.28;     1649.78
      2612;        653.0;       ;      0.03;          ;     256.54;    0.074336;     -101.760448;     -101.686112;     -101.371072;     -0.28;     1616.76
      2613;        653.2;       ;      0.04;          ;     252.65;    0.073207;     -101.760417;     -101.687209;     -101.371072;     -0.28;     1579.63
      2614;        653.5;       ;      0.03;          ;     252.02;    0.073025;     -101.760410;     -101.687385;     -101.371072;     -0.28;     1539.42
      2615;        653.8;       ;      0.04;          ;     252.52;    0.073171;     -101.760432;     -101.687260;     -101.371072;     -0.28;     1496.70
      2616;        654.0;       ;      0.03;          ;     257.68;    0.074666;     -101.760479;     -101.685814;     -101.371073;     -0.29;     1452.26
      2617;        654.2;       ;      0.04;          ;     257.30;    0.074555;     -101.760543;     -101.685988;     -101.371074;     -0.29;     1406.59
      2618;        654.5;       ;      0.03;          ;     254.64;    0.073785;     -101.760610;     -101.686825;     -101.371075;     -0.29;     1361.11
      2619;        654.8;       ;      0.04;          ;     255.77;    0.074112;     -101.760672;     -101.686560;     -101.371076;     -0.29;     1316.93
      2620;        655.0;       ;      0.03;          ;     255.94;    0.074162;     -101.760724;     -101.686562;     -101.371076;     -0.29;     1274.56
      2621;        655.2;       ;      0.04;          ;     254.61;    0.073776;     -101.760764;     -101.686987;     -101.371076;     -0.29;     1234.87
      2622;        655.5;       ;      0.04;          ;     259.35;    0.075149;     -101.760794;     -101.685644;     -101.371076;     -0.29;     1198.61
      2623;        655.8;       ;      0.03;          ;     261.69;    0.075828;     -101.760817;     -101.684990;     -101.371076;     -0.29;     1165.90
      2624;        656.0;       ;      0.04;          ;     262.84;    0.076161;     -101.760838;     -101.684678;     -101.371076;     -0.29;     1137.28
      2625;        656.2;       ;      0.03;          ;     263.37;    0.076315;     -101.760857;     -101.684543;     -101.371076;     -0.29;     1181.90
      2626;        656.5;       ;      0.04;          ;     262.81;    0.076153;     -101.760877;     -101.684724;     -101.371076;     -0.29;     1234.42
      2627;        656.8;       ;      0.04;          ;     262.54;    0.076074;     -101.760898;     -101.684824;     -101.371076;     -0.29;     1291.50
      2628;        657.0;       ;      0.04;          ;     263.22;    0.076271;     -101.760920;     -101.684649;     -101.371077;     -0.29;     1352.29
      2629;        657.2;       ;      0.04;          ;     265.23;    0.076853;     -101.760938;     -101.684086;     -101.371077;     -0.29;     1415.85
      2630;        657.5;       ;      0.04;          ;     267.09;    0.077392;     -101.760950;     -101.683558;     -101.371077;     -0.29;     1481.19
      2631;        657.8;       ;      0.03;          ;     273.48;    0.079244;     -101.760951;     -101.681708;     -101.371077;     -0.29;     1547.03
      2632;        658.0;       ;      0.04;          ;     274.24;    0.079463;     -101.760940;     -101.681477;     -101.371077;     -0.29;     1612.64
      2633;        658.2;       ;      0.04;          ;     275.52;    0.079836;     -101.760921;     -101.681084;     -101.371076;     -0.29;     1676.02
      2634;        658.5;       ;      0.04;          ;     274.01;    0.079399;     -101.760902;     -101.681503;     -101.371075;     -0.29;     1735.95
      2635;        658.8;       ;      0.03;          ;     272.83;    0.079057;     -101.760900;     -101.681843;     -101.371074;     -0.29;     1790.94
      2636;        659.0;       ;      0.04;          ;     272.39;    0.078929;     -101.760929;     -101.682000;     -101.371073;     -0.28;     1839.94
      2637;        659.2;       ;      0.03;          ;     273.86;    0.079354;     -101.761005;     -101.681651;     -101.371072;     -0.28;     1882.08
      2638;        659.5;       ;      0.04;          ;     273.77;    0.079328;     -101.761137;     -101.681809;     -101.371072;     -0.28;     1916.74
      2639;        659.8;       ;      0.04;          ;     274.34;    0.079494;     -101.761331;     -101.681836;     -101.371072;     -0.28;     1943.23
      2640;        660.0;       ;      0.03;          ;     276.24;    0.080045;     -101.761582;     -101.681537;     -101.371073;     -0.28;     1967.02
      2641;        660.2;       ;      0.03;          ;     277.65;    0.080452;     -101.761882;     -101.681431;     -101.371074;     -0.29;     2008.09
      2642;        660.5;       ;      0.04;          ;     280.01;    0.081136;     -101.762216;     -101.681080;     -101.371075;     -0.29;     2043.31
      2643;        660.8;       ;      0.04;          ;     281.05;    0.081438;     -101.762566;     -101.681128;     -101.371076;     -0.29;     2072.39
      2644;        661.0;       ;      0.04;          ;     281.33;    0.081519;     -101.762916;     -101.681397;     -101.371077;     -0.29;     2094.97
      2645;        661.2;       ;      0.04;          ;     276.25;    0.080046;     -101.763254;     -101.683208;     -101.371078;     -0.29;     2110.91
      2646;        661.5;       ;      0.04;          ;     272.40;    0.078930;     -101.763576;     -101.684645;     -101.371078;     -0.29;     2120.10
      2647;        661.8;       ;      0.04;          ;     277.22;    0.080329;     -101.763886;     -101.683557;     -101.371078;     -0.29;     2122.79
      2648;        662.0;       ;      0.04;          ;     277.97;    0.080544;     -101.764192;     -101.683648;     -101.371078;     -0.29;     2119.31
      2649;        662.2;       ;      0.04;          ;     282.70;    0.081916;     -101.764498;     -101.682582;     -101.371078;     -0.29;     2110.08
      2650;        662.5;       ;      0.04;          ;     287.72;    0.083371;     -101.764811;     -101.681440;     -101.371078;     -0.29;     2095.55
      2651;        662.8;       ;      0.04;          ;     288.36;    0.083556;     -101.765133;     -101.681577;     -101.371077;     -0.29;     2076.33
      2652;        663.0;       ;      0.03;          ;     288.97;    0.083732;     -101.765467;     -101.681736;     -101.371077;     -0.29;     2053.28
      2653;        663.2;       ;      0.03;          ;     291.07;    0.084343;     -101.765814;     -101.681471;     -101.371078;     -0.29;     2027.17
      2654;        663.5;       ;      0.04;          ;     292.79;    0.084841;     -101.766170;     -101.681328;     -101.371078;     -0.29;     1998.71
      2655;        663.8;       ;      0.04;          ;     291.42;    0.084444;     -101.766531;     -101.682087;     -101.371079;     -0.30;     1968.70
      2656;        664.0;       ;      0.03;          ;     291.41;    0.084441;     -101.766892;     -101.682451;     -101.371079;     -0.30;     1938.02
      2657;        664.2;       ;      0.04;          ;     296.03;    0.085778;     -101.767255;     -101.681476;     -101.371080;     -0.30;     1907.25
      2658;        664.5;       ;      0.03;          ;     296.93;    0.086041;     -101.767619;     -101.681578;     -101.371080;     -0.30;     1876.72
      2659;        664.8;       ;      0.04;          ;     302.30;    0.087595;     -101.767980;     -101.680386;     -101.371080;     -0.30;     1889.08
      2660;        665.0;       ;      0.03;          ;     300.86;    0.087179;     -101.768339;     -101.681160;     -101.371080;     -0.30;     1915.37
      2661;        665.2;       ;      0.04;          ;     300.13;    0.086968;     -101.768689;     -101.681721;     -101.371081;     -0.30;     1939.64
      2662;        665.5;       ;      0.03;          ;     302.31;    0.087599;     -101.769027;     -101.681428;     -101.371082;     -0.30;     1962.01
      2663;        665.8;       ;      0.03;          ;     303.31;    0.087887;     -101.769346;     -101.681459;     -101.371083;     -0.30;     1982.69
      2664;        666.0;       ;      0.04;          ;     302.62;    0.087689;     -101.769635;     -101.681946;     -101.371084;     -0.30;     2001.78
      2665;        666.2;       ;      0.04;          ;     302.89;    0.087767;     -101.769880;     -101.682113;     -101.371085;     -0.31;     2019.36
      2666;        666.5;       ;      0.03;          ;     305.91;    0.088641;     -101.770071;     -101.681430;     -101.371086;     -0.31;     2035.64
      2667;        666.8;       ;      0.03;          ;     306.84;    0.088911;     -101.770198;     -101.681287;     -101.371086;     -0.31;     2050.84
      2668;        667.0;       ;      0.04;          ;     309.49;    0.089680;     -101.770258;     -101.680578;     -101.371086;     -0.31;     2065.09
      2669;        667.2;       ;      0.04;          ;     307.02;    0.088963;     -101.770252;     -101.681289;     -101.371086;     -0.31;     2078.60
      2670;        667.5;       ;      0.03;          ;     305.45;    0.088507;     -101.770192;     -101.681685;     -101.371085;     -0.31;     2091.37
      2671;        667.8;       ;      0.04;          ;     306.98;    0.088952;     -101.770097;     -101.681145;     -101.371084;     -0.30;     2103.55
      2672;        668.0;       ;      0.03;          ;     307.76;    0.089178;     -101.769985;     -101.680806;     -101.371083;     -0.30;     2115.25
      2673;        668.2;       ;      0.04;          ;     308.05;    0.089262;     -101.769877;     -101.680614;     -101.371082;     -0.30;     2126.48
      2674;        668.5;       ;      0.04;          ;     304.97;    0.088370;     -101.769790;     -101.681421;     -101.371081;     -0.30;     2137.22
      2675;        668.8;       ;      0.03;          ;     304.05;    0.088102;     -101.769741;     -101.681640;     -101.371081;     -0.30;     2147.33
      2676;        669.0;       ;      0.03;          ;     305.22;    0.088441;     -101.769737;     -101.681295;     -101.371081;     -0.30;     2156.75
      2677;        669.2;       ;      0.03;          ;     305.61;    0.088555;     -101.769774;     -101.681219;     -101.371082;     -0.30;     2165.39
      2678;        669.5;       ;      0.03;          ;     310.66;    0.090019;     -101.769844;     -101.679826;     -101.371083;     -0.30;     2173.09
      2679;        669.8;       ;      0.04;          ;     311.64;    0.090301;     -101.769929;     -101.679629;     -101.371084;     -0.30;     2179.76
      2680;        670.0;       ;      0.04;          ;     309.92;    0.089802;     -101.770008;     -101.680206;     -101.371085;     -0.31;     2185.22
      2681;        670.2;       ;      0.04;          ;     309.13;    0.089575;     -101.770066;     -101.680491;     -101.371086;     -0.31;     2189.31
      2682;        670.5;       ;      0.04;          ;     308.40;    0.089363;     -101.770092;     -101.680729;     -101.371087;     -0.31;     2191.93
      2683;        670.8;       ;      0.04;          ;     311.50;    0.090262;     -101.770080;     -101.679818;     -101.371087;     -0.31;     2193.02
      2684;        671.0;       ;      0.04;          ;     311.13;    0.090154;     -101.770032;     -101.679878;     -101.371087;     -0.31;     2192.50
      2685;        671.2;       ;      0.03;          ;     308.18;    0.089300;     -101.769950;     -101.680650;     -101.371086;     -0.31;     2190.33
      2686;        671.5;       ;      0.04;          ;     308.29;    0.089330;     -101.769848;     -101.680518;     -101.371086;     -0.31;     2186.49
      2687;        671.8;       ;      0.03;          ;     307.51;    0.089105;     -101.769738;     -101.680633;     -101.371085;     -0.31;     2180.93
      2688;        672.0;       ;      0.04;          ;     305.23;    0.088445;     -101.769632;     -101.681187;     -101.371085;     -0.30;     2173.63
      2689;        672.2;       ;      0.03;          ;     305.15;    0.088421;     -101.769540;     -101.681119;     -101.371084;     -0.30;     2164.58
      2690;        672.5;       ;      0.03;          ;     307.36;    0.089062;     -101.769469;     -101.680406;     -101.371085;     -0.30;     2153.71
      2691;        672.8;       ;      0.04;          ;     307.95;    0.089234;     -101.769419;     -101.680185;     -101.371085;     -0.31;     2140.95
      2692;        673.0;       ;      0.04;          ;     309.22;    0.089600;     -101.769390;     -101.679790;     -101.371085;     -0.31;     2126.27
      2693;        673.2;       ;      0.03;          ;     309.58;    0.089704;     -101.769382;     -101.679677;     -101.371085;     -0.31;     2109.63
      2694;        673.5;       ;      0.03;          ;     306.90;    0.088928;     -101.769393;     -101.680464;     -101.371086;     -0.31;     2091.01
      2695;        673.8;       ;      0.03;          ;     306.00;    0.088668;     -101.769425;     -101.680756;     -101.371086;     -0.31;     2070.50
      2696;        674.0;       ;      0.03;          ;     302.97;    0.087789;     -101.769482;     -101.681693;     -101.371086;     -0.31;     2048.07
      2697;        674.2;       ;      0.03;          ;     303.95;    0.088075;     -101.769568;     -101.681493;     -101.371086;     -0.31;     2023.85
      2698;        674.5;       ;      0.04;          ;     306.29;    0.088752;     -101.769682;     -101.680930;     -101.371087;     -0.31;     1997.79
      2699;        674.8;       ;      0.03;          ;     304.76;    0.088309;     -101.769819;     -101.681511;     -101.371087;     -0.31;     1969.95
      2700;        675.0;       ;      0.04;          ;     306.70;    0.088870;     -101.769971;     -101.681101;     -101.371088;     -0.31;     1940.68
      2701;        675.2;       ;      0.03;          ;     304.92;    0.088354;     -101.770127;     -101.681772;     -101.371089;     -0.31;     1910.01
      2702;        675.5;       ;      0.03;          ;     303.13;    0.087837;     -101.770273;     -101.682436;     -101.371090;     -0.31;     1878.35
      2703;        675.8;       ;      0.03;          ;     300.67;    0.087122;     -101.770398;     -101.683276;     -101.371091;     -0.32;     1845.94
      2704;        676.0;       ;      0.03;          ;     300.78;    0.087154;     -101.770493;     -101.683339;     -101.371092;     -0.32;     1813.04
      2705;        676.2;       ;      0.03;          ;     300.64;    0.087114;     -101.770550;     -101.683436;     -101.371092;     -0.32;     1779.71
      2706;        676.5;       ;      0.03;          ;     301.00;    0.087218;     -101.770564;     -101.683345;     -101.371093;     -0.32;     1746.16
      2707;        676.8;       ;      0.03;          ;     303.05;    0.087813;     -101.770534;     -101.682720;     -101.371093;     -0.32;     1712.49
      2708;        677.0;       ;      0.03;          ;     305.57;    0.088543;     -101.770462;     -101.681920;     -101.371092;     -0.32;     1678.70
      2709;        677.2;       ;      0.03;          ;     306.82;    0.088905;     -101.770358;     -101.681453;     -101.371091;     -0.32;     1644.83
      2710;        677.5;       ;      0.03;          ;     306.33;    0.088763;     -101.770231;     -101.681469;     -101.371091;     -0.32;     1610.95
      2711;        677.8;       ;      0.03;          ;     308.56;    0.089408;     -101.770097;     -101.680688;     -101.371090;     -0.31;     1577.12
      2712;        678.0;       ;      0.04;          ;     305.88;    0.088634;     -101.769966;     -101.681332;     -101.371089;     -0.31;     1543.14
      2713;        678.2;       ;      0.04;          ;     305.10;    0.088405;     -101.769851;     -101.681446;     -101.371089;     -0.31;     1509.18
      2714;        678.5;       ;      0.03;          ;     304.42;    0.088211;     -101.769761;     -101.681550;     -101.371089;     -0.31;     1475.05
      2715;        678.8;       ;      0.04;          ;     306.27;    0.088747;     -101.769699;     -101.680952;     -101.371089;     -0.31;     1440.62
      2716;        679.0;       ;      0.04;          ;     308.42;    0.089369;     -101.769660;     -101.680291;     -101.371090;     -0.31;     1405.65
      2717;        679.2;       ;      0.04;          ;     308.32;    0.089339;     -101.769634;     -101.680295;     -101.371091;     -0.32;     1370.03
      2718;        679.5;       ;      0.04;          ;     311.49;    0.090258;     -101.769612;     -101.679354;     -101.371091;     -0.32;     1333.78
      2719;        679.8;       ;      0.03;          ;     311.45;    0.090247;     -101.769579;     -101.679333;     -101.371092;     -0.32;     1296.61
      2720;        680.0;       ;      0.03;          ;     311.21;    0.090176;     -101.769527;     -101.679350;     -101.371093;     -0.32;     1258.64
      2721;        680.2;       ;      0.03;          ;     309.72;    0.089746;     -101.769447;     -101.679701;     -101.371093;     -0.32;     1219.79
      2722;        680.5;       ;      0.04;          ;     307.74;    0.089171;     -101.769339;     -101.680167;     -101.371093;     -0.32;     1180.04
      2723;        680.8;       ;      0.03;          ;     305.28;    0.088459;     -101.769204;     -101.680746;     -101.371093;     -0.32;     1139.33
      2724;        681.0;       ;      0.03;          ;     304.84;    0.088330;     -101.769049;     -101.680719;     -101.371093;     -0.32;     1097.60
      2725;        681.2;       ;      0.03;          ;     307.17;    0.089007;     -101.768877;     -101.679870;     -101.371092;     -0.32;     1054.61
      2726;        681.5;       ;      0.03;          ;     308.50;    0.089393;     -101.768692;     -101.679299;     -101.371092;     -0.32;     1010.07
      2727;        681.8;       ;      0.03;          ;     311.43;    0.090240;     -101.768498;     -101.678258;     -101.371092;     -0.32;      963.96
      2728;        682.0;       ;      0.04;          ;     311.22;    0.090179;     -101.768300;     -101.678121;     -101.371092;     -0.32;      916.08
      2729;        682.2;       ;      0.04;          ;     305.93;    0.088648;     -101.768107;     -101.679459;     -101.371091;     -0.32;      866.64
      2730;        682.5;       ;      0.03;          ;     304.07;    0.088109;     -101.767932;     -101.679823;     -101.371091;     -0.32;      816.05
      2731;        682.8;       ;      0.04;          ;     305.43;    0.088503;     -101.767787;     -101.679284;     -101.371090;     -0.31;      764.05
      2732;        683.0;       ;      0.03;          ;     305.66;    0.088569;     -101.767683;     -101.679113;     -101.371090;     -0.31;      710.47
      2733;        683.2;       ;      0.03;          ;     300.37;    0.087035;     -101.767629;     -101.680594;     -101.371090;     -0.31;      655.53
      2734;        683.5;       ;      0.03;          ;     309.32;    0.089629;     -101.767637;     -101.678008;     -101.371090;     -0.31;      599.92
      2735;        683.8;       ;      0.03;          ;     309.28;    0.089617;     -101.767710;     -101.678093;     -101.371090;     -0.31;      542.53
      2736;        684.0;       ;      0.03;          ;     312.75;    0.090624;     -101.767846;     -101.677222;     -101.371090;     -0.31;      484.44
      2737;        684.2;       ;      0.04;          ;     313.16;    0.090742;     -101.768038;     -101.677296;     -101.371091;     -0.32;      440.46
      2738;        684.5;       ;      0.03;          ;     314.17;    0.091035;     -101.768276;     -101.677242;     -101.371092;     -0.32;      414.77
      2739;        684.8;       ;      0.03;          ;     316.38;    0.091676;     -101.768544;     -101.676868;     -101.371094;     -0.32;      392.21
      2740;        685.0;       ;      0.03;          ;     318.15;    0.092187;     -101.768822;     -101.676635;     -101.371095;     -0.32;      373.14
      2741;        685.2;       ;      0.03;          ;     322.16;    0.093349;     -101.769090;     -101.675741;     -101.371096;     -0.33;      357.86
      2742;        685.5;       ;      0.04;          ;     324.74;    0.094098;     -101.769332;     -101.675234;     -101.371097;     -0.33;      346.46
      2743;        685.8;       ;      0.04;          ;     323.46;    0.093726;     -101.769532;     -101.675806;     -101.371098;     -0.33;      338.95
      2744;        686.0;       ;      0.04;          ;     321.66;    0.093205;     -101.769681;     -101.676476;     -101.371098;     -0.33;      335.22
      2745;        686.2;       ;      0.04;          ;     322.43;    0.093428;     -101.769783;     -101.676355;     -101.371098;     -0.33;      334.97
      2746;        686.5;       ;      0.03;          ;     320.20;    0.092782;     -101.769845;     -101.677064;     -101.371097;     -0.33;      337.76
      2747;        686.8;       ;      0.03;          ;     318.27;    0.092223;     -101.769882;     -101.677660;     -101.371096;     -0.33;      343.05
      2748;        687.0;       ;      0.03;          ;     318.94;    0.092416;     -101.769914;     -101.677498;     -101.371095;     -0.32;      350.23
      2749;        687.2;       ;      0.03;          ;     319.92;    0.092701;     -101.769963;     -101.677262;     -101.371094;     -0.32;      358.64
      2750;        687.5;       ;      0.03;          ;     322.49;    0.093447;     -101.770048;     -101.676601;     -101.371093;     -0.32;      367.59
      2751;        687.8;       ;      0.04;          ;     322.85;    0.093550;     -101.770183;     -101.676633;     -101.371093;     -0.32;      376.38
      2752;        688.0;       ;      0.03;          ;     323.04;    0.093604;     -101.770372;     -101.676767;     -101.371093;     -0.32;      384.24
      2753;        688.2;       ;      0.04;          ;     327.04;    0.094764;     -101.770611;     -101.675847;     -101.371094;     -0.32;      390.49
      2754;        688.5;       ;      0.04;          ;     328.77;    0.095266;     -101.770889;     -101.675623;     -101.371095;     -0.32;      394.52
      2755;        688.8;       ;      0.04;          ;     329.40;    0.095447;     -101.771185;     -101.675738;     -101.371097;     -0.33;      395.75
      2756;        689.0;       ;      0.03;          ;     330.67;    0.095817;     -101.771477;     -101.675660;     -101.371098;     -0.33;      393.69
      2757;        689.2;       ;      0.04;          ;     331.27;    0.095989;     -101.771743;     -101.675754;     -101.371100;     -0.33;      387.93
      2758;        689.5;       ;      0.04;          ;     330.38;    0.095731;     -101.771962;     -101.676231;     -101.371101;     -0.33;      378.20
      2759;        689.8;       ;      0.04;          ;     327.55;    0.094911;     -101.772122;     -101.677211;     -101.371102;     -0.33;      364.33
      2760;        690.0;       ;      0.03;          ;     330.40;    0.095738;     -101.772213;     -101.676475;     -101.371102;     -0.34;      346.31
      2761;        690.2;       ;      0.03;          ;     330.26;    0.095697;     -101.772235;     -101.676538;     -101.371102;     -0.34;      324.01
      2762;        690.5;       ;      0.03;          ;     326.51;    0.094611;     -101.772188;     -101.677577;     -101.371102;     -0.34;      297.67
      2763;        690.8;       ;      0.04;          ;     325.38;    0.094282;     -101.772082;     -101.677800;     -101.371102;     -0.33;      267.70
      2764;        691.0;       ;      0.04;          ;     321.91;    0.093278;     -101.771930;     -101.678652;     -101.371101;     -0.33;      234.33
      2765;        691.2;       ;      0.03;          ;     319.23;    0.092500;     -101.771751;     -101.679251;     -101.371100;     -0.33;      198.13
      2766;        691.5;       ;      0.04;          ;     319.53;    0.092587;     -101.771567;     -101.678980;     -101.371099;     -0.33;      159.59
      2767;        691.8;       ;      0.04;          ;     317.05;    0.091870;     -101.771397;     -101.679527;     -101.371098;     -0.33;      119.11
      2768;        692.0;       ;      0.04;          ;     315.69;    0.091475;     -101.771262;     -101.679787;     -101.371098;     -0.33;       77.51
      2769;        692.2;       ;      0.04;          ;     313.34;    0.090795;     -101.771181;     -101.680386;     -101.371097;     -0.33;       35.39
      2770;        692.5;       ;      0.03;          ;     314.00;    0.090986;     -101.771170;     -101.680184;     -101.371097;     -0.33;        0.00
      2771;        692.8;       ;      0.04;          ;     315.04;    0.091286;     -101.771236;     -101.679950;     -101.371097;     -0.33;        0.00
      2772;        693.0;       ;      0.05;          ;     317.74;    0.092069;     -101.771381;     -101.679313;     -101.371098;     -0.33;        0.00
      2773;        693.2;       ;      0.04;          ;     316.60;    0.091738;     -101.771600;     -101.679862;     -101.371099;     -0.33;        0.00
      2774;        693.5;       ;      0.04;          ;     318.63;    0.092328;     -101.771878;     -101.679550;     -101.371100;     -0.33;        0.00
      2775;        693.8;       ;      0.04;          ;     319.29;    0.092518;     -101.772200;     -101.679682;     -101.371102;     -0.34;        0.00
      2776;        694.0;       ;      0.04;          ;     317.29;    0.091939;     -101.772543;     -101.680604;     -101.371104;     -0.34;        0.00
      2777;        694.2;       ;      0.04;          ;     315.00;    0.091276;     -101.772886;     -101.681610;     -101.371106;     -0.34;        0.00
      2778;        694.5;       ;      0.04;          ;     318.41;    0.092262;     -101.773210;     -101.680947;     -101.371107;     -0.34;        0.00
      2779;        694.8;       ;      0.04;          ;     318.51;    0.092292;     -101.773498;     -101.681206;     -101.371108;     -0.35;        0.00
      2780;        695.0;       ;      0.04;          ;     319.72;    0.092642;     -101.773735;     -101.681093;     -101.371109;     -0.35;        0.00
      2781;        695.2;       ;      0.04;          ;     320.82;    0.092963;     -101.773913;     -101.680950;     -101.371110;     -0.35;        0.00
      2782;        695.5;       ;      0.04;          ;     319.90;    0.092696;     -101.774027;     -101.681331;     -101.371110;     -0.35;        0.00
      2783;        695.8;       ;      0.04;          ;     319.01;    0.092438;     -101.774080;     -101.681642;     -101.371110;     -0.35;        0.00
      2784;        696.0;       ;      0.03;          ;     319.91;    0.092699;     -101.774083;     -101.681383;     -101.371109;     -0.35;        0.00
      2785;        696.2;       ;      0.04;          ;     321.78;    0.093240;     -101.774049;     -101.680808;     -101.371108;     -0.35;        0.00
      2786;        696.5;       ;      0.04;          ;     321.33;    0.093110;     -101.773996;     -101.680886;     -101.371107;     -0.34;        0.00
      2787;        696.8;       ;      0.03;          ;     323.33;    0.093690;     -101.773945;     -101.680254;     -101.371106;     -0.34;        0.00
      2788;        697.0;       ;      0.04;          ;     319.97;    0.092717;     -101.773914;     -101.681197;     -101.371105;     -0.34;        0.00
      2789;        697.2;       ;      0.04;          ;     319.51;    0.092583;     -101.773922;     -101.681339;     -101.371105;     -0.34;        0.00
      2790;        697.5;       ;      0.04;          ;     319.35;    0.092537;     -101.773981;     -101.681445;     -101.371105;     -0.34;        0.00
      2791;        697.8;       ;      0.03;          ;     322.41;    0.093423;     -101.774096;     -101.680674;     -101.371105;     -0.34;        0.00
      2792;        698.0;       ;      0.04;          ;     324.28;    0.093965;     -101.774262;     -101.680297;     -101.371106;     -0.34;        0.00
      2793;        698.2;       ;      0.05;          ;     323.10;    0.093623;     -101.774465;     -101.680842;     -101.371107;     -0.34;        0.00
      2794;        698.5;       ;      0.05;          ;     328.09;    0.095070;     -101.774686;     -101.679617;     -101.371108;     -0.35;        0.00
      2795;        698.8;       ;      0.04;          ;     326.73;    0.094674;     -101.774905;     -101.680231;     -101.371110;     -0.35;        0.00
      2796;        699.0;       ;      0.04;          ;     329.63;    0.095515;     -101.775093;     -101.679579;     -101.371111;     -0.35;        0.00
      2797;        699.2;       ;      0.05;          ;     326.31;    0.094551;     -101.775227;     -101.680676;     -101.371112;     -0.35;        0.00
      2798;        699.5;       ;      0.04;          ;     328.23;    0.095110;     -101.775285;     -101.680175;     -101.371113;     -0.35;        0.00
      2799;        699.8;       ;      0.04;          ;     327.45;    0.094882;     -101.775252;     -101.680370;     -101.371114;     -0.36;        0.00
      2800;        700.0;       ;      0.04;          ;     326.25;    0.094537;     -101.775114;     -101.680577;     -101.371114;     -0.36;        0.00
      2801;        700.2;       ;      0.04;          ;     325.22;    0.094238;     -101.774868;     -101.680630;     -101.371114;     -0.36;        0.00
      2802;        700.5;       ;      0.04;          ;     327.74;    0.094968;     -101.774516;     -101.679548;     -101.371113;     -0.35;        0.00
      2803;        700.8;       ;      0.04;          ;     327.71;    0.094957;     -101.774065;     -101.679108;     -101.371112;     -0.35;        0.00
      2804;        701.0;       ;      0.04;          ;     324.58;    0.094052;     -101.773532;     -101.679480;     -101.371111;     -0.35;        0.00
      2805;        701.2;       ;      0.04;          ;     323.44;    0.093722;     -101.772944;     -101.679223;     -101.371109;     -0.35;        0.00
      2806;        701.5;       ;      0.04;          ;     324.41;    0.094001;     -101.772330;     -101.678329;     -101.371107;     -0.34;        0.00
      2807;        701.8;       ;      0.04;          ;     323.90;    0.093854;     -101.771718;     -101.677864;     -101.371105;     -0.34;        0.00
      2808;        702.0;       ;      0.04;          ;     323.07;    0.093615;     -101.771137;     -101.677522;     -101.371103;     -0.34;        0.00
      2809;        702.2;       ;      0.04;          ;     320.33;    0.092820;     -101.770612;     -101.677791;     -101.371102;     -0.34;        0.00
      2810;        702.5;       ;      0.04;          ;     317.08;    0.091877;     -101.770161;     -101.678284;     -101.371102;     -0.33;        0.00
      2811;        702.8;       ;      0.04;          ;     313.21;    0.090757;     -101.769797;     -101.679040;     -101.371102;     -0.33;        0.00
      2812;        703.0;       ;      0.04;          ;     312.50;    0.090550;     -101.769522;     -101.678972;     -101.371102;     -0.34;        0.00
      2813;        703.2;       ;      0.04;          ;     311.67;    0.090312;     -101.769325;     -101.679014;     -101.371103;     -0.34;        0.00
      2814;        703.5;       ;      0.04;          ;     314.55;    0.091145;     -101.769192;     -101.678047;     -101.371105;     -0.34;        0.00
      2815;        703.8;       ;      0.04;          ;     312.13;    0.090445;     -101.769101;     -101.678656;     -101.371106;     -0.34;        0.00
      2816;        704.0;       ;      0.04;          ;     312.23;    0.090472;     -101.769027;     -101.678555;     -101.371107;     -0.34;        0.00
      2817;        704.2;       ;      0.04;          ;     311.42;    0.090238;     -101.768950;     -101.678712;     -101.371109;     -0.35;        0.00
      2818;        704.5;       ;      0.04;          ;     311.17;    0.090167;     -101.768848;     -101.678682;     -101.371110;     -0.35;        0.00
      2819;        704.8;       ;      0.04;          ;     311.40;    0.090233;     -101.768701;     -101.678468;     -101.371111;     -0.35;        0.00
      2820;        705.0;       ;      0.04;          ;     305.99;    0.088666;     -101.768493;     -101.679827;     -101.371111;     -0.35;        0.00
      2821;        705.2;       ;      0.03;          ;     300.18;    0.086981;     -101.768223;     -101.681242;     -101.371111;     -0.35;        0.00
      2822;        705.5;       ;      0.04;          ;     294.73;    0.085403;     -101.767900;     -101.682497;     -101.371111;     -0.35;        0.00
      2823;        705.8;       ;      0.04;          ;     290.70;    0.084233;     -101.767537;     -101.683304;     -101.371110;     -0.35;        0.00
      2824;        706.0;       ;      0.04;          ;     288.03;    0.083460;     -101.767156;     -101.683696;     -101.371108;     -0.35;        0.00
      2825;        706.2;       ;      0.04;          ;     285.85;    0.082829;     -101.766780;     -101.683951;     -101.371107;     -0.34;        0.00
      2826;        706.5;       ;      0.04;          ;     282.42;    0.081834;     -101.766434;     -101.684600;     -101.371105;     -0.34;        0.00
      2827;        706.8;       ;      0.05;          ;     279.44;    0.080971;     -101.766146;     -101.685175;     -101.371104;     -0.34;        0.00
      2828;        707.0;       ;      0.04;          ;     279.04;    0.080855;     -101.765935;     -101.685080;     -101.371104;     -0.34;        0.00
      2829;        707.2;       ;      0.05;          ;     278.74;    0.080768;     -101.765813;     -101.685046;     -101.371104;     -0.34;        0.00
      2830;        707.5;       ;      0.05;          ;     275.57;    0.079849;     -101.765782;     -101.685934;     -101.371104;     -0.34;        0.00
      2831;        707.8;       ;      0.05;          ;     276.86;    0.080224;     -101.765835;     -101.685611;     -101.371105;     -0.34;        0.00
      2832;        708.0;       ;      0.04;          ;     276.56;    0.080137;     -101.765954;     -101.685816;     -101.371107;     -0.34;        0.00
      2833;        708.2;       ;      0.04;          ;     276.81;    0.080209;     -101.766112;     -101.685902;     -101.371109;     -0.35;        0.00
      2834;        708.5;       ;      0.04;          ;     277.52;    0.080416;     -101.766277;     -101.685861;     -101.371111;     -0.35;        0.00
      2835;        708.8;       ;      0.04;          ;     275.95;    0.079961;     -101.766415;     -101.686454;     -101.371113;     -0.35;        0.00
      2836;        709.0;       ;      0.04;          ;     276.18;    0.080026;     -101.766495;     -101.686469;     -101.371115;     -0.36;        0.00
      2837;        709.2;       ;      0.04;          ;     279.07;    0.080864;     -101.766490;     -101.685626;     -101.371116;     -0.36;        0.00
      2838;        709.5;       ;      0.04;          ;     275.60;    0.079860;     -101.766378;     -101.686518;     -101.371117;     -0.36;        0.00
      2839;        709.8;       ;      0.04;          ;     272.14;    0.078855;     -101.766152;     -101.687297;     -101.371117;     -0.36;        0.00
      2840;        710.0;       ;      0.04;          ;     270.20;    0.078294;     -101.765817;     -101.687523;     -101.371116;     -0.36;        0.00
      2841;        710.2;       ;      0.04;          ;     270.40;    0.078352;     -101.765387;     -101.687035;     -101.371115;     -0.36;        0.00
      2842;        710.5;       ;      0.04;          ;     265.88;    0.077042;     -101.764884;     -101.687841;     -101.371113;     -0.35;        0.00
      2843;        710.8;       ;      0.04;          ;     267.48;    0.077505;     -101.764343;     -101.686838;     -101.371111;     -0.35;        0.00
      2844;        711.0;       ;      0.04;          ;     263.37;    0.076315;     -101.763793;     -101.687479;     -101.371109;     -0.35;        0.00
      2845;        711.2;       ;      0.04;          ;     260.72;    0.075548;     -101.763275;     -101.687728;     -101.371107;     -0.34;        0.00
      2846;        711.5;       ;      0.04;          ;     257.68;    0.074665;     -101.762820;     -101.688155;     -101.371106;     -0.34;        0.00
      2847;        711.8;       ;      0.03;          ;     254.87;    0.073852;     -101.762454;     -101.688602;     -101.371105;     -0.34;        0.00
      2848;        712.0;       ;      0.03;          ;     250.35;    0.072542;     -101.762192;     -101.689650;     -101.371105;     -0.34;        0.00
      2849;        712.2;       ;      0.03;          ;     247.53;    0.071726;     -101.762038;     -101.690312;     -101.371106;     -0.34;        0.00
      2850;        712.5;       ;      0.04;          ;     246.22;    0.071344;     -101.761988;     -101.690643;     -101.371107;     -0.34;        0.00
      2851;        712.8;       ;      0.03;          ;     244.00;    0.070703;     -101.762024;     -101.691321;     -101.371109;     -0.35;        0.00
      2852;        713.0;       ;      0.04;          ;     244.37;    0.070810;     -101.762125;     -101.691315;     -101.371111;     -0.35;        0.00
      2853;        713.2;       ;      0.04;          ;     244.30;    0.070790;     -101.762265;     -101.691475;     -101.371113;     -0.35;        0.00
      2854;        713.5;       ;      0.04;          ;     243.74;    0.070625;     -101.762416;     -101.691790;     -101.371114;     -0.36;        0.00
      2855;        713.8;       ;      0.03;          ;     242.54;    0.070278;     -101.762551;     -101.692273;     -101.371117;     -0.36;       24.98
      2856;        714.0;       ;      0.03;          ;     242.69;    0.070322;     -101.762650;     -101.692327;     -101.371118;     -0.36;      149.06
      2857;        714.2;       ;      0.03;          ;     242.39;    0.070235;     -101.762700;     -101.692465;     -101.371118;     -0.36;      272.59
      2858;        714.5;       ;      0.04;          ;     240.18;    0.069594;     -101.762693;     -101.693099;     -101.371118;     -0.36;      395.12
      2859;        714.8;       ;      0.04;          ;     238.21;    0.069023;     -101.762635;     -101.693612;     -101.371117;     -0.36;      515.80
      2860;        715.0;       ;      0.04;          ;     239.95;    0.069529;     -101.762540;     -101.693011;     -101.371116;     -0.36;      634.35
      2861;        715.2;       ;      0.04;          ;     239.12;    0.069287;     -101.762425;     -101.693138;     -101.371114;     -0.36;      751.31
      2862;        715.5;       ;      0.04;          ;     237.46;    0.068807;     -101.762319;     -101.693512;     -101.371112;     -0.35;      865.65
      2863;        715.8;       ;      0.04;          ;     237.20;    0.068733;     -101.762251;     -101.693518;     -101.371110;     -0.35;      976.75
      2864;        716.0;       ;      0.04;          ;     236.41;    0.068501;     -101.762250;     -101.693749;     -101.371109;     -0.35;     1084.52
      2865;        716.2;       ;      0.04;          ;     234.11;    0.067837;     -101.762345;     -101.694508;     -101.371107;     -0.34;     1188.42
      2866;        716.5;       ;      0.03;          ;     234.05;    0.067818;     -101.762554;     -101.694736;     -101.371107;     -0.34;     1287.71
      2867;        716.8;       ;      0.03;          ;     233.47;    0.067650;     -101.762888;     -101.695238;     -101.371107;     -0.34;     1382.49
      2868;        717.0;       ;      0.04;          ;     232.43;    0.067350;     -101.763345;     -101.695995;     -101.371108;     -0.34;     1472.32
      2869;        717.2;       ;      0.04;          ;     234.66;    0.067996;     -101.763914;     -101.695918;     -101.371109;     -0.35;     1556.85
      2870;        717.5;       ;      0.04;          ;     233.90;    0.067774;     -101.764573;     -101.696799;     -101.371111;     -0.35;     1636.43
      2871;        717.8;       ;      0.04;          ;     239.92;    0.069521;     -101.765289;     -101.695767;     -101.371114;     -0.36;     1710.43
      2872;        718.0;       ;      0.04;          ;     240.95;    0.069820;     -101.766031;     -101.696211;     -101.371116;     -0.36;     1779.84
      2873;        718.2;       ;      0.04;          ;     243.97;    0.070694;     -101.766748;     -101.696054;     -101.371119;     -0.36;     1843.91
      2874;        718.5;       ;      0.04;          ;     247.30;    0.071659;     -101.767404;     -101.695745;     -101.371121;     -0.37;     1903.01
      2875;        718.8;       ;      0.04;          ;     248.48;    0.072000;     -101.767960;     -101.695960;     -101.371123;     -0.37;     1957.31
      2876;        719.0;       ;      0.04;          ;     253.42;    0.073433;     -101.768384;     -101.694951;     -101.371124;     -0.37;     2006.80
      2877;        719.2;       ;      0.04;          ;     254.41;    0.073718;     -101.768659;     -101.694941;     -101.371125;     -0.37;     2052.11
      2878;        719.5;       ;      0.04;          ;     255.63;    0.074071;     -101.768773;     -101.694702;     -101.371124;     -0.37;     2093.19
      2879;        719.8;       ;      0.04;          ;     256.27;    0.074259;     -101.768733;     -101.694475;     -101.371123;     -0.37;     2130.40
      2880;        720.0;       ;      0.03;          ;     254.59;    0.073770;     -101.768557;     -101.694787;     -101.371121;     -0.37;     2164.06
      2881;        720.2;       ;      0.04;          ;     249.38;    0.072260;     -101.768278;     -101.696017;     -101.371118;     -0.36;     2194.38
      2882;        720.5;       ;      0.04;          ;     244.81;    0.070936;     -101.767940;     -101.697004;     -101.371116;     -0.36;     2221.52
      2883;        720.8;       ;      0.03;          ;     241.46;    0.069966;     -101.767592;     -101.697626;     -101.371114;     -0.35;     2245.86
      2884;        721.0;       ;      0.04;          ;     240.20;    0.069601;     -101.767276;     -101.697675;     -101.371111;     -0.35;     2267.75
      2885;        721.2;       ;      0.04;          ;     236.40;    0.068500;     -101.767028;     -101.698528;     -101.371110;     -0.35;     2287.55
      2886;        721.5;       ;      0.03;          ;     238.83;    0.069204;     -101.766876;     -101.697672;     -101.371110;     -0.35;     2305.32
      2887;        721.8;       ;      0.04;          ;     235.83;    0.068336;     -101.766829;     -101.698493;     -101.371110;     -0.35;     2321.43
      2888;        722.0;       ;      0.04;          ;     236.81;    0.068620;     -101.766887;     -101.698267;     -101.371111;     -0.35;     2335.76
      2889;        722.2;       ;      0.04;          ;     232.95;    0.067499;     -101.767036;     -101.699537;     -101.371113;     -0.35;     2348.43
      2890;        722.5;       ;      0.04;          ;     236.01;    0.068386;     -101.767249;     -101.698863;     -101.371115;     -0.36;     2359.26
      2891;        722.8;       ;      0.04;          ;     233.36;    0.067618;     -101.767498;     -101.699880;     -101.371117;     -0.36;     2368.28
      2892;        723.0;       ;      0.04;          ;     234.37;    0.067912;     -101.767741;     -101.699828;     -101.371119;     -0.36;     2375.21
      2893;        723.2;       ;      0.04;          ;     233.52;    0.067665;     -101.767945;     -101.700280;     -101.371121;     -0.37;     2379.87
      2894;        723.5;       ;      0.04;          ;     236.43;    0.068508;     -101.768079;     -101.699572;     -101.371123;     -0.37;     2382.00
      2895;        723.8;       ;      0.04;          ;     237.95;    0.068949;     -101.768120;     -101.699171;     -101.371123;     -0.37;     2381.30
      2896;        724.0;       ;      0.04;          ;     234.94;    0.068077;     -101.768054;     -101.699978;     -101.371123;     -0.37;     2377.46
      2897;        724.2;       ;      0.03;          ;     233.57;    0.067679;     -101.767885;     -101.700206;     -101.371122;     -0.37;     2370.18
      2898;        724.5;       ;      0.04;          ;     232.22;    0.067290;     -101.767630;     -101.700341;     -101.371120;     -0.37;     2359.14
      2899;        724.8;       ;      0.04;          ;     230.60;    0.066820;     -101.767319;     -101.700499;     -101.371118;     -0.36;     2344.04
      2900;        725.0;       ;      0.05;          ;     229.69;    0.066555;     -101.766989;     -101.700434;     -101.371115;     -0.36;     2324.62
      2901;        725.2;       ;      0.04;          ;     227.40;    0.065893;     -101.766684;     -101.700791;     -101.371113;     -0.35;     2300.62
      2902;        725.5;       ;      0.03;          ;     228.93;    0.066335;     -101.766448;     -101.700113;     -101.371110;     -0.35;     2271.92
      2903;        725.8;       ;      0.03;          ;     226.38;    0.065597;     -101.766319;     -101.700722;     -101.371108;     -0.35;     2238.17
      2904;        726.0;       ;      0.04;          ;     226.05;    0.065500;     -101.766328;     -101.700828;     -101.371107;     -0.34;     2199.60
      2905;        726.2;       ;      0.04;          ;     228.07;    0.066087;     -101.766491;     -101.700404;     -101.371107;     -0.34;     2156.04
      2906;        726.5;       ;      0.04;          ;     229.67;    0.066551;     -101.766812;     -101.700262;     -101.371108;     -0.35;     2107.35
      2907;        726.8;       ;      0.04;          ;     231.49;    0.067077;     -101.767277;     -101.700200;     -101.371110;     -0.35;     2053.69
      2908;        727.0;       ;      0.04;          ;     237.59;    0.068846;     -101.767859;     -101.699014;     -101.371113;     -0.35;     1995.24
      2909;        727.2;       ;      0.03;          ;     242.28;    0.070203;     -101.768524;     -101.698321;     -101.371116;     -0.36;     1931.66
      2910;        727.5;       ;      0.03;          ;     247.12;    0.071607;     -101.769222;     -101.697615;     -101.371119;     -0.36;     1863.38
      2911;        727.8;       ;      0.04;          ;     252.15;    0.073065;     -101.769902;     -101.696837;     -101.371123;     -0.37;     1790.66
      2912;        728.0;       ;      0.04;          ;     250.93;    0.072710;     -101.770514;     -101.697805;     -101.371125;     -0.37;     1713.72
      2913;        728.2;       ;      0.04;          ;     250.01;    0.072444;     -101.771014;     -101.698570;     -101.371127;     -0.38;     1633.80
      2914;        728.5;       ;      0.03;          ;     250.48;    0.072581;     -101.771379;     -101.698798;     -101.371128;     -0.38;     1551.15
      2915;        728.8;       ;      0.04;          ;     247.62;    0.071752;     -101.771598;     -101.699846;     -101.371128;     -0.38;     1465.80
      2916;        729.0;       ;      0.03;          ;     247.53;    0.071724;     -101.771674;     -101.699950;     -101.371128;     -0.38;     1378.56
      2917;        729.2;       ;      0.04;          ;     248.29;    0.071944;     -101.771625;     -101.699681;     -101.371126;     -0.38;     1289.19
      2918;        729.5;       ;      0.04;          ;     249.34;    0.072249;     -101.771478;     -101.699229;     -101.371124;     -0.37;     1197.75
      2919;        729.8;       ;      0.04;          ;     248.78;    0.072089;     -101.771269;     -101.699181;     -101.371121;     -0.37;     1104.40
      2920;        730.0;       ;      0.04;          ;     248.22;    0.071924;     -101.771040;     -101.699116;     -101.371119;     -0.36;     1009.65
      2921;        730.2;       ;      0.04;          ;     248.36;    0.071966;     -101.770833;     -101.698868;     -101.371116;     -0.36;      913.69
      2922;        730.5;       ;      0.03;          ;     250.60;    0.072614;     -101.770686;     -101.698072;     -101.371115;     -0.36;      816.60
      2923;        730.8;       ;      0.04;          ;     248.78;    0.072087;     -101.770625;     -101.698538;     -101.371114;     -0.36;      718.15
      2924;        731.0;       ;      0.03;          ;     248.97;    0.072143;     -101.770666;     -101.698523;     -101.371114;     -0.36;      619.32
      2925;        731.2;       ;      0.03;          ;     247.36;    0.071675;     -101.770810;     -101.699135;     -101.371115;     -0.36;      519.87
      2926;        731.5;       ;      0.03;          ;     246.63;    0.071463;     -101.771043;     -101.699580;     -101.371117;     -0.36;      420.29
      2927;        731.8;       ;      0.04;          ;     248.85;    0.072107;     -101.771340;     -101.699233;     -101.371119;     -0.36;      320.50
      2928;        732.0;       ;      0.03;          ;     249.50;    0.072295;     -101.771664;     -101.699369;     -101.371122;     -0.37;      219.97
      2929;        732.2;       ;      0.03;          ;     249.70;    0.072355;     -101.771970;     -101.699615;     -101.371125;     -0.38;      119.07
      2930;        732.5;       ;      0.03;          ;     246.79;    0.071510;     -101.772215;     -101.700704;     -101.371128;     -0.38;       17.88
      2931;        732.8;       ;      0.03;          ;     245.97;    0.071274;     -101.772359;     -101.701085;     -101.371129;     -0.38;        0.00
      2932;        733.0;       ;      0.03;          ;     244.22;    0.070765;     -101.772376;     -101.701611;     -101.371130;     -0.38;        0.00
      2933;        733.2;       ;      0.03;          ;     246.12;    0.071316;     -101.772248;     -101.700932;     -101.371131;     -0.38;        0.00
      2934;        733.5;       ;      0.04;          ;     245.33;    0.071086;     -101.771970;     -101.700883;     -101.371130;     -0.38;        0.00
      2935;        733.8;       ;      0.04;          ;     247.12;    0.071607;     -101.771552;     -101.699944;     -101.371128;     -0.38;        0.00
      2936;        734.0;       ;      0.03;          ;     246.14;    0.071322;     -101.771016;     -101.699694;     -101.371126;     -0.38;        0.00
      2937;        734.2;       ;      0.04;          ;     245.33;    0.071087;     -101.770401;     -101.699314;     -101.371123;     -0.37;        0.00
      2938;        734.5;       ;      0.04;          ;     244.53;    0.070857;     -101.769751;     -101.698894;     -101.371120;     -0.37;        0.00
      2939;        734.8;       ;      0.04;          ;     239.05;    0.069268;     -101.769115;     -101.699847;     -101.371116;     -0.36;        0.00
      2940;        735.0;       ;      0.04;          ;     239.82;    0.069490;     -101.768548;     -101.699058;     -101.371114;     -0.36;        0.00
      2941;        735.2;       ;      0.03;          ;     239.56;    0.069415;     -101.768083;     -101.698668;     -101.371113;     -0.35;        0.00
      2942;        735.5;       ;      0.03;          ;     242.52;    0.070272;     -101.767749;     -101.697477;     -101.371112;     -0.35;        0.00
      2943;        735.8;       ;      0.04;          ;     240.71;    0.069749;     -101.767558;     -101.697809;     -101.371112;     -0.35;        0.00
      2944;        736.0;       ;      0.04;          ;     241.02;    0.069838;     -101.767510;     -101.697673;     -101.371113;     -0.35;        0.00
      2945;        736.2;       ;      0.03;          ;     242.92;    0.070389;     -101.767593;     -101.697204;     -101.371115;     -0.36;        0.00
      2946;        736.5;       ;      0.03;          ;     244.29;    0.070786;     -101.767780;     -101.696994;     -101.371117;     -0.36;        0.00
      2947;        736.8;       ;      0.03;          ;     244.63;    0.070886;     -101.768034;     -101.697148;     -101.371120;     -0.37;        2.83
      2948;        737.0;       ;      0.04;          ;     247.40;    0.071686;     -101.768315;     -101.696628;     -101.371122;     -0.37;       34.58
      2949;        737.2;       ;      0.03;          ;     248.28;    0.071941;     -101.768583;     -101.696642;     -101.371125;     -0.37;       67.13
      2950;        737.5;       ;      0.03;          ;     250.28;    0.072521;     -101.768804;     -101.696283;     -101.371127;     -0.38;       99.79
      2951;        737.8;       ;      0.03;          ;     247.29;    0.071654;     -101.768952;     -101.697298;     -101.371128;     -0.38;      132.08
      2952;        738.0;       ;      0.04;          ;     247.55;    0.071730;     -101.769011;     -101.697281;     -101.371128;     -0.38;      163.11
      2953;        738.2;       ;      0.03;          ;     249.64;    0.072338;     -101.768981;     -101.696643;     -101.371128;     -0.38;      192.60
      2954;        738.5;       ;      0.03;          ;     251.18;    0.072782;     -101.768870;     -101.696088;     -101.371127;     -0.38;      220.18
      2955;        738.8;       ;      0.04;          ;     255.71;    0.074094;     -101.768697;     -101.694602;     -101.371125;     -0.38;      245.38
      2956;        739.0;       ;      0.03;          ;     254.32;    0.073693;     -101.768487;     -101.694794;     -101.371123;     -0.37;      267.98
      2957;        739.2;       ;      0.03;          ;     256.41;    0.074297;     -101.768279;     -101.693982;     -101.371121;     -0.37;      287.42
      2958;        739.5;       ;      0.03;          ;     255.01;    0.073894;     -101.768113;     -101.694219;     -101.371119;     -0.36;      303.63
      2959;        739.8;       ;      0.03;          ;     257.78;    0.074694;     -101.768028;     -101.693334;     -101.371117;     -0.36;      316.36
      2960;        740.0;       ;      0.03;          ;     258.75;    0.074977;     -101.768055;     -101.693078;     -101.371116;     -0.36;      325.70
      2961;        740.2;       ;      0.03;          ;     254.65;    0.073788;     -101.768216;     -101.694428;     -101.371115;     -0.36;      331.66
      2962;        740.5;       ;      0.03;          ;     256.04;    0.074191;     -101.768521;     -101.694331;     -101.371116;     -0.36;      334.37
      2963;        740.8;       ;      0.03;          ;     260.12;    0.075373;     -101.768971;     -101.693598;     -101.371117;     -0.36;      334.13
      2964;        741.0;       ;      0.03;          ;     259.09;    0.075074;     -101.769547;     -101.694473;     -101.371119;     -0.36;      331.27
      2965;        741.2;       ;      0.03;          ;     259.37;    0.075157;     -101.770210;     -101.695054;     -101.371122;     -0.37;      326.26
      2966;        741.5;       ;      0.03;          ;     262.97;    0.076200;     -101.770921;     -101.694721;     -101.371126;     -0.38;      319.57
      2967;        741.8;       ;      0.03;          ;     267.13;    0.077405;     -101.771634;     -101.694229;     -101.371129;     -0.38;      311.72
      2968;        742.0;       ;      0.03;          ;     267.82;    0.077605;     -101.772296;     -101.694691;     -101.371132;     -0.39;      303.28
      2969;        742.2;       ;      0.03;          ;     269.22;    0.078009;     -101.772858;     -101.694849;     -101.371135;     -0.39;      294.89
      2970;        742.5;       ;      0.03;          ;     271.08;    0.078548;     -101.773284;     -101.694736;     -101.371136;     -0.39;      287.15
      2971;        742.8;       ;      0.03;          ;     270.76;    0.078455;     -101.773549;     -101.695094;     -101.371137;     -0.40;      280.64
      2972;        743.0;       ;      0.03;          ;     269.14;    0.077985;     -101.773646;     -101.695660;     -101.371137;     -0.40;      275.91
      2973;        743.2;       ;      0.03;          ;     268.56;    0.077818;     -101.773584;     -101.695766;     -101.371136;     -0.39;      273.46
      2974;        743.5;       ;      0.03;          ;     264.86;    0.076748;     -101.773390;     -101.696642;     -101.371133;     -0.39;      273.69
      2975;        743.8;       ;      0.03;          ;     264.22;    0.076561;     -101.773105;     -101.696544;     -101.371130;     -0.38;      276.92
      2976;        744.0;       ;      0.04;          ;     263.27;    0.076285;     -101.772777;     -101.696491;     -101.371127;     -0.38;      283.36
      2977;        744.2;       ;      0.03;          ;     258.39;    0.074873;     -101.772456;     -101.697583;     -101.371124;     -0.37;      293.12
      2978;        744.5;       ;      0.03;          ;     257.45;    0.074598;     -101.772196;     -101.697598;     -101.371122;     -0.37;      306.09
      2979;        744.8;       ;      0.03;          ;     257.31;    0.074559;     -101.772040;     -101.697481;     -101.371120;     -0.37;      322.22
      2980;        745.0;       ;      0.03;          ;     256.07;    0.074198;     -101.772020;     -101.697821;     -101.371119;     -0.36;      341.26
      2981;        745.2;       ;      0.03;          ;     252.75;    0.073238;     -101.772152;     -101.698914;     -101.371119;     -0.36;      362.81
      2982;        745.5;       ;      0.03;          ;     251.28;    0.072813;     -101.772439;     -101.699626;     -101.371120;     -0.37;      397.78
      2983;        745.8;       ;      0.03;          ;     253.12;    0.073345;     -101.772868;     -101.699522;     -101.371122;     -0.37;      435.78
      2984;        746.0;       ;      0.03;          ;     253.51;    0.073457;     -101.773412;     -101.699955;     -101.371124;     -0.37;      474.80
      2985;        746.2;       ;      0.03;          ;     255.27;    0.073969;     -101.774030;     -101.700061;     -101.371127;     -0.38;      514.22
      2986;        746.5;       ;      0.03;          ;     257.71;    0.074673;     -101.774677;     -101.700003;     -101.371130;     -0.38;      553.59
      2987;        746.8;       ;      0.03;          ;     258.66;    0.074951;     -101.775306;     -101.700355;     -101.371133;     -0.39;      592.42
      2988;        747.0;       ;      0.03;          ;     258.87;    0.075012;     -101.775870;     -101.700858;     -101.371136;     -0.39;      630.07
      2989;        747.2;       ;      0.03;          ;     260.27;    0.075417;     -101.776332;     -101.700915;     -101.371138;     -0.40;      666.00
      2990;        747.5;       ;      0.03;          ;     264.02;    0.076504;     -101.776667;     -101.700163;     -101.371139;     -0.40;      699.84
      2991;        747.8;       ;      0.04;          ;     266.33;    0.077172;     -101.776863;     -101.699691;     -101.371139;     -0.40;      731.36
      2992;        748.0;       ;      0.03;          ;     269.98;    0.078231;     -101.776920;     -101.698689;     -101.371137;     -0.40;      760.12
      2993;        748.2;       ;      0.03;          ;     271.97;    0.078807;     -101.776854;     -101.698047;     -101.371135;     -0.39;      785.91
      2994;        748.5;       ;      0.03;          ;     270.53;    0.078390;     -101.776698;     -101.698308;     -101.371133;     -0.39;      808.43
      2995;        748.8;       ;      0.03;          ;     266.40;    0.077194;     -101.776495;     -101.699301;     -101.371130;     -0.38;      827.42
      2996;        749.0;       ;      0.03;          ;     262.16;    0.075963;     -101.776301;     -101.700338;     -101.371127;     -0.38;      842.74
      2997;        749.2;       ;      0.03;          ;     260.13;    0.075377;     -101.776169;     -101.700792;     -101.371124;     -0.37;      854.46
      2998;        749.5;       ;      0.04;          ;     262.87;    0.076169;     -101.776143;     -101.699975;     -101.371122;     -0.37;      862.76
      2999;        749.8;       ;      0.03;          ;     261.54;    0.075785;     -101.776258;     -101.700472;     -101.371121;     -0.37;      867.93
      3000;        750.0;       ;      0.04;          ;     262.15;    0.075963;     -101.776527;     -101.700564;     -101.371122;     -0.37;      870.20
      3001;        750.2;       ;      0.04;          ;     259.30;    0.075135;     -101.776952;     -101.701817;     -101.371123;     -0.37;      869.97
      3002;        750.5;       ;      0.04;          ;     263.37;    0.076314;     -101.777509;     -101.701195;     -101.371126;     -0.38;      867.67
      3003;        750.8;       ;      0.03;          ;     270.06;    0.078255;     -101.778170;     -101.699916;     -101.371129;     -0.38;      863.76
      3004;        751.0;       ;      0.03;          ;     273.86;    0.079356;     -101.778888;     -101.699532;     -101.371133;     -0.39;      858.73
      3005;        751.2;       ;      0.04;          ;     271.78;    0.078752;     -101.779599;     -101.700848;     -101.371136;     -0.39;      853.14
      3006;        751.5;       ;      0.03;          ;     275.41;    0.079802;     -101.780244;     -101.700442;     -101.371140;     -0.40;      847.59
      3007;        751.8;       ;      0.03;          ;     274.22;    0.079460;     -101.780782;     -101.701322;     -101.371143;     -0.41;      842.52
      3008;        752.0;       ;      0.03;          ;     271.29;    0.078609;     -101.781169;     -101.702560;     -101.371145;     -0.41;      838.44
      3009;        752.2;       ;      0.04;          ;     271.64;    0.078712;     -101.781387;     -101.702675;     -101.371145;     -0.41;      835.76
      3010;        752.5;       ;      0.03;          ;     268.36;    0.077760;     -101.781433;     -101.703673;     -101.371145;     -0.41;      834.77
      3011;        752.8;       ;      0.03;          ;     263.88;    0.076462;     -101.781320;     -101.704858;     -101.371144;     -0.41;      835.71
      3012;        753.0;       ;      0.03;          ;     262.88;    0.076173;     -101.781081;     -101.704908;     -101.371141;     -0.40;      838.69
      3013;        753.2;       ;      0.03;          ;     256.79;    0.074408;     -101.780755;     -101.706347;     -101.371139;     -0.40;      843.78
      3014;        753.5;       ;      0.03;          ;     256.03;    0.074187;     -101.780396;     -101.706209;     -101.371136;     -0.39;      850.83
      3015;        753.8;       ;      0.03;          ;     253.58;    0.073479;     -101.780051;     -101.706572;     -101.371133;     -0.39;      859.76
      3016;        754.0;       ;      0.03;          ;     252.69;    0.073221;     -101.779767;     -101.706546;     -101.371131;     -0.39;      870.28
      3017;        754.2;       ;      0.03;          ;     257.10;    0.074499;     -101.779581;     -101.705082;     -101.371130;     -0.38;      882.08
      3018;        754.5;       ;      0.03;          ;     255.74;    0.074105;     -101.779516;     -101.705411;     -101.371129;     -0.38;      894.88
      3019;        754.8;       ;      0.03;          ;     256.00;    0.074180;     -101.779583;     -101.705404;     -101.371130;     -0.38;      908.09
      3020;        755.0;       ;      0.03;          ;     262.19;    0.075973;     -101.779779;     -101.703806;     -101.371131;     -0.39;      921.24
      3021;        755.2;       ;      0.03;          ;     265.69;    0.076988;     -101.780082;     -101.703094;     -101.371133;     -0.39;      933.98
      3022;        755.5;       ;      0.04;          ;     268.31;    0.077745;     -101.780460;     -101.702715;     -101.371136;     -0.39;      945.69
      3023;        755.8;       ;      0.04;          ;     269.45;    0.078077;     -101.780870;     -101.702793;     -101.371139;     -0.40;      955.87
      3024;        756.0;       ;      0.03;          ;     270.99;    0.078523;     -101.781266;     -101.702743;     -101.371142;     -0.40;      964.01
      3025;        756.2;       ;      0.04;          ;     272.13;    0.078852;     -101.781608;     -101.702756;     -101.371144;     -0.41;      969.69
      3026;        756.5;       ;      0.03;          ;     273.45;    0.079236;     -101.781861;     -101.702625;     -101.371146;     -0.41;      972.54
      3027;        756.8;       ;      0.03;          ;     272.77;    0.079038;     -101.781999;     -101.702961;     -101.371147;     -0.41;      972.25
      3028;        757.0;       ;      0.04;          ;     270.10;    0.078266;     -101.782009;     -101.703744;     -101.371147;     -0.41;      968.58
      3029;        757.2;       ;      0.03;          ;     268.03;    0.077664;     -101.781896;     -101.704232;     -101.371146;     -0.41;      961.41
      3030;        757.5;       ;      0.04;          ;     267.02;    0.077371;     -101.781675;     -101.704303;     -101.371145;     -0.41;     1003.16
      3031;        757.8;       ;      0.03;          ;     265.12;    0.076823;     -101.781372;     -101.704548;     -101.371143;     -0.41;     1059.29
      3032;        758.0;       ;      0.03;          ;     260.81;    0.075574;     -101.781023;     -101.705449;     -101.371140;     -0.40;     1112.77
      3033;        758.2;       ;      0.03;          ;     258.50;    0.074903;     -101.780671;     -101.705768;     -101.371138;     -0.40;     1163.22
      3034;        758.5;       ;      0.03;          ;     261.90;    0.075889;     -101.780357;     -101.704468;     -101.371135;     -0.39;     1210.72
      3035;        758.8;       ;      0.03;          ;     262.33;    0.076013;     -101.780112;     -101.704099;     -101.371134;     -0.39;     1255.64
      3036;        759.0;       ;      0.03;          ;     263.58;    0.076375;     -101.779966;     -101.703592;     -101.371132;     -0.39;     1297.58
      3037;        759.2;       ;      0.03;          ;     263.18;    0.076260;     -101.779940;     -101.703680;     -101.371132;     -0.39;     1336.46
      3038;        759.5;       ;      0.04;          ;     263.26;    0.076283;     -101.780040;     -101.703757;     -101.371132;     -0.39;     1372.04
      3039;        759.8;       ;      0.04;          ;     260.88;    0.075594;     -101.780263;     -101.704669;     -101.371133;     -0.39;     1404.24
      3040;        760.0;       ;      0.04;          ;     263.29;    0.076291;     -101.780591;     -101.704300;     -101.371135;     -0.39;     1432.85
      3041;        760.2;       ;      0.03;          ;     266.46;    0.077210;     -101.781002;     -101.703792;     -101.371137;     -0.39;     1458.06
      3042;        760.5;       ;      0.03;          ;     271.02;    0.078530;     -101.781462;     -101.702931;     -101.371139;     -0.40;     1479.87
      3043;        760.8;       ;      0.03;          ;     271.06;    0.078543;     -101.781931;     -101.703388;     -101.371141;     -0.40;     1498.29
      3044;        761.0;       ;      0.04;          ;     271.13;    0.078562;     -101.782368;     -101.703806;     -101.371143;     -0.41;     1513.13
      3045;        761.2;       ;      0.04;          ;     269.76;    0.078168;     -101.782741;     -101.704573;     -101.371145;     -0.41;     1524.40
      3046;        761.5;       ;      0.03;          ;     271.78;    0.078753;     -101.783027;     -101.704274;     -101.371146;     -0.41;     1532.04
      3047;        761.8;       ;      0.03;          ;     269.84;    0.078189;     -101.783212;     -101.705024;     -101.371146;     -0.41;     1536.08
      3048;        762.0;       ;      0.04;          ;     269.08;    0.077971;     -101.783295;     -101.705325;     -101.371146;     -0.41;     1536.44
      3049;        762.2;       ;      0.03;          ;     266.71;    0.077283;     -101.783286;     -101.706003;     -101.371144;     -0.41;     1533.09
      3050;        762.5;       ;      0.04;          ;     266.61;    0.077252;     -101.783206;     -101.705954;     -101.371143;     -0.41;     1525.98
      3051;        762.8;       ;      0.03;          ;     267.80;    0.077597;     -101.783086;     -101.705488;     -101.371141;     -0.40;     1515.02
      3052;        763.0;       ;      0.03;          ;     267.77;    0.077591;     -101.782954;     -101.705363;     -101.371140;     -0.40;     1552.78
      3053;        763.2;       ;      0.04;          ;     269.02;    0.077951;     -101.782846;     -101.704895;     -101.371138;     -0.40;     1614.78
      3054;        763.5;       ;      0.04;          ;     269.66;    0.078137;     -101.782788;     -101.704652;     -101.371137;     -0.39;     1670.49
      3055;        763.8;       ;      0.04;          ;     267.54;    0.077523;     -101.782804;     -101.705280;     -101.371136;     -0.39;     1719.62
      3056;        764.0;       ;      0.03;          ;     270.49;    0.078379;     -101.782906;     -101.704527;     -101.371136;     -0.39;     1761.80
      3057;        764.2;       ;      0.03;          ;     273.66;    0.079295;     -101.783097;     -101.703801;     -101.371136;     -0.39;     1797.44
      3058;        764.5;       ;      0.04;          ;     272.45;    0.078946;     -101.783366;     -101.704420;     -101.371138;     -0.40;     1826.66
      3059;        764.8;       ;      0.03;          ;     271.09;    0.078551;     -101.783692;     -101.705141;     -101.371139;     -0.40;     1849.48
      3060;        765.0;       ;      0.04;          ;     272.46;    0.078950;     -101.784050;     -101.705100;     -101.371142;     -0.40;     1866.29
      3061;        765.2;       ;      0.03;          ;     275.40;    0.079802;     -101.784412;     -101.704610;     -101.371144;     -0.41;     1877.67
      3062;        765.5;       ;      0.03;          ;     274.99;    0.079683;     -101.784745;     -101.705062;     -101.371146;     -0.41;     1884.23
      3063;        765.8;       ;      0.03;          ;     277.30;    0.080352;     -101.785017;     -101.704664;     -101.371148;     -0.41;     1886.58
      3064;        766.0;       ;      0.04;          ;     276.69;    0.080174;     -101.785203;     -101.705029;     -101.371149;     -0.42;     1885.44
      3065;        766.2;       ;      0.04;          ;     275.64;    0.079871;     -101.785287;     -101.705416;     -101.371149;     -0.42;     1892.00
      3066;        766.5;       ;      0.03;          ;     273.21;    0.079165;     -101.785266;     -101.706100;     -101.371149;     -0.42;     1901.87
      3067;        766.8;       ;      0.03;          ;     273.44;    0.079233;     -101.785146;     -101.705913;     -101.371148;     -0.41;     1910.04
      3068;        767.0;       ;      0.03;          ;     274.68;    0.079592;     -101.784946;     -101.705354;     -101.371147;     -0.41;     1917.32
      3069;        767.2;       ;      0.03;          ;     271.48;    0.078665;     -101.784686;     -101.706021;     -101.371145;     -0.41;     1924.45
      3070;        767.5;       ;      0.03;          ;     270.97;    0.078518;     -101.784401;     -101.705884;     -101.371143;     -0.41;     1932.05
      3071;        767.8;       ;      0.03;          ;     269.85;    0.078193;     -101.784126;     -101.705933;     -101.371141;     -0.40;     1940.78
      3072;        768.0;       ;      0.03;          ;     269.10;    0.077975;     -101.783893;     -101.705918;     -101.371139;     -0.40;     1951.18
      3073;        768.2;       ;      0.03;          ;     268.73;    0.077867;     -101.783731;     -101.705863;     -101.371138;     -0.40;     1963.71
      3074;        768.5;       ;      0.03;          ;     267.70;    0.077571;     -101.783660;     -101.706090;     -101.371138;     -0.40;     1978.71
      3075;        768.8;       ;      0.03;          ;     266.16;    0.077124;     -101.783692;     -101.706568;     -101.371138;     -0.40;     1996.41
      3076;        769.0;       ;      0.03;          ;     269.83;    0.078186;     -101.783827;     -101.705641;     -101.371138;     -0.40;     2016.92
      3077;        769.2;       ;      0.03;          ;     272.05;    0.078829;     -101.784056;     -101.705227;     -101.371140;     -0.40;     2040.45
      3078;        769.5;       ;      0.03;          ;     272.62;    0.078994;     -101.784358;     -101.705364;     -101.371141;     -0.40;     2066.87
      3079;        769.8;       ;      0.03;          ;     269.47;    0.078082;     -101.784710;     -101.706628;     -101.371143;     -0.41;     2095.87
      3080;        770.0;       ;      0.03;          ;     272.59;    0.078986;     -101.785086;     -101.706100;     -101.371145;     -0.41;     2139.82
      3081;        770.2;       ;      0.03;          ;     273.41;    0.079223;     -101.785467;     -101.706244;     -101.371146;     -0.41;     2183.55
      3082;        770.5;       ;      0.03;          ;     275.32;    0.079777;     -101.785828;     -101.706052;     -101.371147;     -0.41;     2225.65
      3083;        770.8;       ;      0.03;          ;     274.59;    0.079566;     -101.786154;     -101.706588;     -101.371148;     -0.41;     2265.65
      3084;        771.0;       ;      0.03;          ;     275.60;    0.079858;     -101.786432;     -101.706574;     -101.371148;     -0.42;     2302.85
      3085;        771.2;       ;      0.03;          ;     275.08;    0.079708;     -101.786658;     -101.706950;     -101.371148;     -0.42;     2336.93
      3086;        771.5;       ;      0.03;          ;     277.33;    0.080360;     -101.786834;     -101.706473;     -101.371148;     -0.41;     2367.46
      3087;        771.8;       ;      0.03;          ;     278.04;    0.080565;     -101.786969;     -101.706404;     -101.371147;     -0.41;     2394.36
      3088;        772.0;       ;      0.03;          ;     278.12;    0.080590;     -101.787075;     -101.706485;     -101.371147;     -0.41;     2417.42
      3089;        772.2;       ;      0.03;          ;     280.25;    0.081206;     -101.787167;     -101.705960;     -101.371146;     -0.41;     2436.59
      3090;        772.5;       ;      0.03;          ;     278.17;    0.080604;     -101.787261;     -101.706657;     -101.371145;     -0.41;     2452.04
      3091;        772.8;       ;      0.03;          ;     283.96;    0.082281;     -101.787375;     -101.705093;     -101.371144;     -0.41;     2464.43
      3092;        773.0;       ;      0.03;          ;     287.12;    0.083196;     -101.787519;     -101.704323;     -101.371144;     -0.41;     2480.69
      3093;        773.2;       ;      0.03;          ;     284.59;    0.082464;     -101.787699;     -101.705234;     -101.371144;     -0.41;     2493.15
      3094;        773.5;       ;      0.03;          ;     285.66;    0.082774;     -101.787912;     -101.705139;     -101.371144;     -0.41;     2501.73
      3095;        773.8;       ;      0.03;          ;     288.26;    0.083528;     -101.788157;     -101.704629;     -101.371145;     -0.41;     2506.67
      3096;        774.0;       ;      0.03;          ;     287.29;    0.083246;     -101.788420;     -101.705174;     -101.371147;     -0.41;     2508.28
      3097;        774.2;       ;      0.03;          ;     289.02;    0.083748;     -101.788682;     -101.704935;     -101.371148;     -0.41;     2506.97
      3098;        774.5;       ;      0.03;          ;     286.83;    0.083113;     -101.788926;     -101.705813;     -101.371150;     -0.42;     2503.24
      3099;        774.8;       ;      0.03;          ;     285.17;    0.082633;     -101.789131;     -101.706498;     -101.371151;     -0.42;     2497.74
      3100;        775.0;       ;      0.03;          ;     287.58;    0.083329;     -101.789283;     -101.705954;     -101.371152;     -0.42;     2499.16
      3101;        775.2;       ;      0.03;          ;     290.01;    0.084036;     -101.789370;     -101.705334;     -101.371153;     -0.42;     2507.79
      3102;        775.5;       ;      0.03;          ;     289.35;    0.083842;     -101.789383;     -101.705541;     -101.371153;     -0.42;     2519.88
      3103;        775.8;       ;      0.03;          ;     293.75;    0.085118;     -101.789323;     -101.704205;     -101.371153;     -0.42;     2535.82
      3104;        776.0;       ;      0.03;          ;     296.35;    0.085870;     -101.789197;     -101.703327;     -101.371152;     -0.42;     2556.05
      3105;        776.2;       ;      0.03;          ;     292.71;    0.084817;     -101.789016;     -101.704199;     -101.371151;     -0.42;     2580.69
      3106;        776.5;       ;      0.03;          ;     289.63;    0.083924;     -101.788804;     -101.704880;     -101.371150;     -0.42;     2609.44
      3107;        776.8;       ;      0.03;          ;     293.45;    0.085031;     -101.788587;     -101.703556;     -101.371148;     -0.41;     2642.07
      3108;        777.0;       ;      0.03;          ;     293.79;    0.085129;     -101.788383;     -101.703254;     -101.371147;     -0.41;     2678.59
      3109;        777.2;       ;      0.03;          ;     296.93;    0.086038;     -101.788213;     -101.702175;     -101.371146;     -0.41;     2718.20
      3110;        777.5;       ;      0.03;          ;     294.68;    0.085389;     -101.788087;     -101.702699;     -101.371146;     -0.41;     2760.34
      3111;        777.8;       ;      0.03;          ;     294.84;    0.085433;     -101.788013;     -101.702580;     -101.371146;     -0.41;     2803.75
      3112;        778.0;       ;      0.03;          ;     297.11;    0.086092;     -101.787988;     -101.701896;     -101.371147;     -0.41;     2847.59
      3113;        778.2;       ;      0.03;          ;     293.43;    0.085025;     -101.788005;     -101.702980;     -101.371148;     -0.41;     2913.18
      3114;        778.5;       ;      0.03;          ;     293.69;    0.085100;     -101.788051;     -101.702951;     -101.371149;     -0.42;     2993.88
      3115;        778.8;       ;      0.03;          ;     292.47;    0.084746;     -101.788112;     -101.703365;     -101.371149;     -0.42;     3073.16
      3116;        779.0;       ;      0.03;          ;     290.54;    0.084188;     -101.788174;     -101.703986;     -101.371150;     -0.42;     3149.58
      3117;        779.2;       ;      0.03;          ;     289.86;    0.083990;     -101.788227;     -101.704238;     -101.371151;     -0.42;     3221.90
      3118;        779.5;       ;      0.03;          ;     287.20;    0.083219;     -101.788265;     -101.705046;     -101.371151;     -0.42;     3289.21
      3119;        779.8;       ;      0.03;          ;     285.83;    0.082823;     -101.788285;     -101.705462;     -101.371151;     -0.42;     3350.31
      3120;        780.0;       ;      0.03;          ;     285.81;    0.082818;     -101.788288;     -101.705470;     -101.371151;     -0.42;     3404.55
      3121;        780.2;       ;      0.03;          ;     286.43;    0.082996;     -101.788278;     -101.705282;     -101.371151;     -0.42;     3451.37
      3122;        780.5;       ;      0.03;          ;     283.46;    0.082137;     -101.788260;     -101.706124;     -101.371151;     -0.42;     3490.30
      3123;        780.8;       ;      0.03;          ;     280.45;    0.081265;     -101.788241;     -101.706975;     -101.371150;     -0.42;     3520.76
      3124;        781.0;       ;      0.03;          ;     281.82;    0.081660;     -101.788228;     -101.706568;     -101.371150;     -0.42;     3542.60
      3125;        781.2;       ;      0.03;          ;     281.66;    0.081616;     -101.788230;     -101.706615;     -101.371150;     -0.42;     3556.01
      3126;        781.5;       ;      0.03;          ;     283.80;    0.082235;     -101.788253;     -101.706017;     -101.371150;     -0.42;     3561.09
      3127;        781.8;       ;      0.03;          ;     286.11;    0.082903;     -101.788301;     -101.705397;     -101.371150;     -0.42;     3558.18
      3128;        782.0;       ;      0.03;          ;     294.17;    0.085240;     -101.788376;     -101.703136;     -101.371150;     -0.42;     3547.73
      3129;        782.2;       ;      0.03;          ;     297.32;    0.086151;     -101.788478;     -101.702327;     -101.371150;     -0.42;     3530.21
      3130;        782.5;       ;      0.03;          ;     300.00;    0.086930;     -101.788601;     -101.701671;     -101.371150;     -0.42;     3506.43
      3131;        782.8;       ;      0.03;          ;     301.95;    0.087493;     -101.788738;     -101.701245;     -101.371151;     -0.42;     3477.25
      3132;        783.0;       ;      0.03;          ;     302.33;    0.087605;     -101.788880;     -101.701275;     -101.371152;     -0.42;     3443.58
      3133;        783.2;       ;      0.03;          ;     305.67;    0.088573;     -101.789015;     -101.700442;     -101.371153;     -0.42;     3406.47
      3134;        783.5;       ;      0.03;          ;     303.42;    0.087920;     -101.789130;     -101.701211;     -101.371154;     -0.42;     3366.66
      3135;        783.8;       ;      0.03;          ;     304.28;    0.088168;     -101.789212;     -101.701044;     -101.371154;     -0.43;     3325.45
      3136;        784.0;       ;      0.03;          ;     299.45;    0.086769;     -101.789251;     -101.702482;     -101.371155;     -0.43;     3283.46
      3137;        784.2;       ;      0.03;          ;     301.44;    0.087347;     -101.789238;     -101.701891;     -101.371155;     -0.43;     3267.97
      3138;        784.5;       ;      0.03;          ;     300.68;    0.087125;     -101.789167;     -101.702042;     -101.371156;     -0.43;     3281.40
      3139;        784.8;       ;      0.03;          ;     297.18;    0.086113;     -101.789036;     -101.702923;     -101.371156;     -0.43;     3295.16
      3140;        785.0;       ;      0.03;          ;     295.64;    0.085665;     -101.788847;     -101.703182;     -101.371155;     -0.43;     3309.35
      3141;        785.2;       ;      0.03;          ;     293.02;    0.084906;     -101.788609;     -101.703703;     -101.371155;     -0.43;     3324.09
      3142;        785.5;       ;      0.03;          ;     293.18;    0.084952;     -101.788332;     -101.703380;     -101.371154;     -0.43;     3339.34
      3143;        785.8;       ;      0.03;          ;     291.52;    0.084473;     -101.788030;     -101.703557;     -101.371153;     -0.42;     3355.04
      3144;        786.0;       ;      0.03;          ;     290.44;    0.084159;     -101.787716;     -101.703557;     -101.371153;     -0.42;     3370.97
      3145;        786.2;       ;      0.03;          ;     287.86;    0.083411;     -101.787403;     -101.703993;     -101.371152;     -0.42;     3386.86
      3146;        786.5;       ;      0.03;          ;     285.02;    0.082590;     -101.787105;     -101.704515;     -101.371152;     -0.42;     3402.31
      3147;        786.8;       ;      0.03;          ;     282.13;    0.081750;     -101.786828;     -101.705078;     -101.371152;     -0.42;     3416.91
      3148;        787.0;       ;      0.03;          ;     279.37;    0.080951;     -101.786577;     -101.705625;     -101.371152;     -0.42;     3430.21
      3149;        787.2;       ;      0.03;          ;     277.61;    0.080440;     -101.786346;     -101.705906;     -101.371153;     -0.42;     3441.76
      3150;        787.5;       ;      0.03;          ;     275.55;    0.079843;     -101.786127;     -101.706284;     -101.371154;     -0.42;     3451.09
      3151;        787.8;       ;      0.03;          ;     274.70;    0.079599;     -101.785905;     -101.706306;     -101.371155;     -0.43;     3457.74
      3152;        788.0;       ;      0.03;          ;     279.56;    0.081006;     -101.785665;     -101.704659;     -101.371156;     -0.43;     3461.29
      3153;        788.2;       ;      0.03;          ;     276.36;    0.080080;     -101.785386;     -101.705306;     -101.371157;     -0.43;     3461.36
      3154;        788.5;       ;      0.03;          ;     276.50;    0.080119;     -101.785057;     -101.704938;     -101.371158;     -0.43;     3457.59
      3155;        788.8;       ;      0.03;          ;     271.13;    0.078563;     -101.784673;     -101.706110;     -101.371158;     -0.43;     3449.66
      3156;        789.0;       ;      0.03;          ;     268.62;    0.077837;     -101.784240;     -101.706403;     -101.371158;     -0.43;     3437.46
      3157;        789.2;       ;      0.03;          ;     266.42;    0.077198;     -101.783765;     -101.706567;     -101.371157;     -0.43;     3420.78
      3158;        789.5;       ;      0.03;          ;     260.65;    0.075528;     -101.783265;     -101.707737;     -101.371156;     -0.43;     3399.56
      3159;        789.8;       ;      0.03;          ;     258.95;    0.075034;     -101.782765;     -101.707731;     -101.371154;     -0.43;     3373.99
      3160;        790.0;       ;      0.03;          ;     254.76;    0.073821;     -101.782287;     -101.708466;     -101.371153;     -0.42;     3343.96
      3161;        790.2;       ;      0.03;          ;     254.53;    0.073753;     -101.781857;     -101.708104;     -101.371152;     -0.42;     3309.82
      3162;        790.5;       ;      0.03;          ;     252.28;    0.073101;     -101.781493;     -101.708392;     -101.371151;     -0.42;     3271.55
      3163;        790.8;       ;      0.03;          ;     248.41;    0.071981;     -101.781214;     -101.709233;     -101.371151;     -0.42;     3229.64
      3164;        791.0;       ;      0.03;          ;     246.21;    0.071342;     -101.781032;     -101.709690;     -101.371151;     -0.42;     3184.61
      3165;        791.2;       ;      0.03;          ;     249.70;    0.072353;     -101.780953;     -101.708600;     -101.371151;     -0.42;     3136.78
      3166;        791.5;       ;      0.03;          ;     250.68;    0.072639;     -101.780969;     -101.708331;     -101.371152;     -0.42;     3086.05
      3167;        791.8;       ;      0.03;          ;     251.02;    0.072735;     -101.781069;     -101.708334;     -101.371153;     -0.42;     3033.19
      3168;        792.0;       ;      0.03;          ;     252.40;    0.073137;     -101.781234;     -101.708097;     -101.371155;     -0.43;     2978.78
      3169;        792.2;       ;      0.03;          ;     255.61;    0.074067;     -101.781443;     -101.707375;     -101.371157;     -0.43;     2923.22
      3170;        792.5;       ;      0.03;          ;     254.31;    0.073689;     -101.781670;     -101.707981;     -101.371158;     -0.43;     2866.78
      3171;        792.8;       ;      0.03;          ;     252.58;    0.073187;     -101.781890;     -101.708702;     -101.371160;     -0.43;     2810.45
      3172;        793.0;       ;      0.03;          ;     257.36;    0.074573;     -101.782082;     -101.707510;     -101.371161;     -0.44;     2754.66
      3173;        793.2;       ;      0.03;          ;     261.16;    0.075673;     -101.782233;     -101.706560;     -101.371162;     -0.44;     2699.08
      3174;        793.5;       ;      0.03;          ;     261.20;    0.075686;     -101.782327;     -101.706641;     -101.371162;     -0.44;     2644.11
      3175;        793.8;       ;      0.03;          ;     263.37;    0.076315;     -101.782358;     -101.706043;     -101.371162;     -0.44;     2590.38
      3176;        794.0;       ;      0.03;          ;     266.28;    0.077157;     -101.782332;     -101.705175;     -101.371162;     -0.44;     2537.81
      3177;        794.2;       ;      0.03;          ;     261.10;    0.075657;     -101.782256;     -101.706598;     -101.371161;     -0.44;     2486.43
      3178;        794.5;       ;      0.03;          ;     260.31;    0.075427;     -101.782151;     -101.706724;     -101.371160;     -0.43;     2437.00
      3179;        794.8;       ;      0.03;          ;     264.25;    0.076570;     -101.782043;     -101.705473;     -101.371158;     -0.43;     2389.03
      3180;        795.0;       ;      0.03;          ;     261.76;    0.075848;     -101.781952;     -101.706104;     -101.371157;     -0.43;     2341.97
      3181;        795.2;       ;      0.03;          ;     260.21;    0.075401;     -101.781902;     -101.706502;     -101.371156;     -0.43;     2296.18
      3182;        795.5;       ;      0.03;          ;     258.38;    0.074870;     -101.781914;     -101.707044;     -101.371155;     -0.43;     2251.34
      3183;        795.8;       ;      0.03;          ;     257.98;    0.074754;     -101.781999;     -101.707246;     -101.371156;     -0.43;     2207.17
      3184;        796.0;       ;      0.03;          ;     258.67;    0.074954;     -101.782162;     -101.707207;     -101.371156;     -0.43;     2163.23
      3185;        796.2;       ;      0.03;          ;     261.61;    0.075805;     -101.782393;     -101.706588;     -101.371158;     -0.43;     2119.09
      3186;        796.5;       ;      0.03;          ;     261.37;    0.075734;     -101.782678;     -101.706943;     -101.371159;     -0.43;     2074.19
      3187;        796.8;       ;      0.03;          ;     261.30;    0.075714;     -101.782987;     -101.707273;     -101.371162;     -0.44;     2028.43
      3188;        797.0;       ;      0.03;          ;     260.35;    0.075440;     -101.783291;     -101.707851;     -101.371164;     -0.44;     1981.46
      3189;        797.2;       ;      0.03;          ;     263.13;    0.076247;     -101.783559;     -101.707313;     -101.371166;     -0.45;     1932.99
      3190;        797.5;       ;      0.03;          ;     263.92;    0.076475;     -101.783762;     -101.707287;     -101.371168;     -0.45;     1882.35
      3191;        797.8;       ;      0.03;          ;     261.91;    0.075893;     -101.783871;     -101.707978;     -101.371169;     -0.45;     1829.42
      3192;        798.0;       ;      0.03;          ;     260.35;    0.075441;     -101.783870;     -101.708429;     -101.371170;     -0.45;     1774.22
      3193;        798.2;       ;      0.03;          ;     256.76;    0.074399;     -101.783753;     -101.709354;     -101.371170;     -0.45;     1716.47
      3194;        798.5;       ;      0.03;          ;     253.59;    0.073480;     -101.783528;     -101.710048;     -101.371169;     -0.45;     1656.23
      3195;        798.8;       ;      0.03;          ;     255.48;    0.074028;     -101.783211;     -101.709183;     -101.371168;     -0.45;     1593.32
      3196;        799.0;       ;      0.03;          ;     253.83;    0.073550;     -101.782824;     -101.709274;     -101.371166;     -0.45;     1527.04
      3197;        799.2;       ;      0.03;          ;     253.67;    0.073505;     -101.782399;     -101.708894;     -101.371164;     -0.44;     1457.82
      3198;        799.5;       ;      0.03;          ;     253.32;    0.073402;     -101.781971;     -101.708569;     -101.371162;     -0.44;     1385.51
      3199;        799.8;       ;      0.03;          ;     253.19;    0.073365;     -101.781575;     -101.708210;     -101.371160;     -0.43;     1310.23
      3200;        800.0;       ;      0.03;          ;     254.36;    0.073705;     -101.781246;     -101.707542;     -101.371158;     -0.43;     1232.12
      3201;        800.2;       ;      0.03;          ;     257.94;    0.074741;     -101.781009;     -101.706268;     -101.371157;     -0.43;     1151.19
      3202;        800.5;       ;      0.03;          ;     254.73;    0.073812;     -101.780879;     -101.707067;     -101.371156;     -0.43;     1067.33
      3203;        800.8;       ;      0.03;          ;     254.28;    0.073682;     -101.780864;     -101.707182;     -101.371157;     -0.43;      981.96
      3204;        801.0;       ;      0.03;          ;     250.70;    0.072642;     -101.780958;     -101.708316;     -101.371158;     -0.43;      894.96
      3205;        801.2;       ;      0.03;          ;     253.52;    0.073461;     -101.781146;     -101.707684;     -101.371160;     -0.43;      807.23
      3206;        801.5;       ;      0.03;          ;     255.08;    0.073914;     -101.781401;     -101.707487;     -101.371162;     -0.44;      722.66
      3207;        801.8;       ;      0.03;          ;     257.06;    0.074488;     -101.781688;     -101.707200;     -101.371164;     -0.44;      642.60
      3208;        802.0;       ;      0.03;          ;     259.07;    0.075070;     -101.781971;     -101.706901;     -101.371167;     -0.45;      560.73
      3209;        802.2;       ;      0.03;          ;     262.55;    0.076079;     -101.782214;     -101.706135;     -101.371169;     -0.45;      477.06
      3210;        802.5;       ;      0.03;          ;     259.21;    0.075109;     -101.782387;     -101.707278;     -101.371170;     -0.45;      391.33
      3211;        802.8;       ;      0.03;          ;     257.21;    0.074529;     -101.782470;     -101.707941;     -101.371171;     -0.45;      304.67
      3212;        803.0;       ;      0.03;          ;     261.52;    0.075778;     -101.782459;     -101.706680;     -101.371171;     -0.45;      216.82
      3213;        803.2;       ;      0.03;          ;     260.74;    0.075553;     -101.782354;     -101.706801;     -101.371170;     -0.45;      126.69
      3214;        803.5;       ;      0.03;          ;     259.71;    0.075255;     -101.782171;     -101.706916;     -101.371169;     -0.45;       35.16
      3215;        803.8;       ;      0.03;          ;     258.36;    0.074863;     -101.781935;     -101.707072;     -101.371166;     -0.45;        0.00
      3216;        804.0;       ;      0.03;          ;     257.20;    0.074526;     -101.781679;     -101.707153;     -101.371164;     -0.44;        0.00
      3217;        804.2;       ;      0.03;          ;     255.65;    0.074078;     -101.781440;     -101.707362;     -101.371162;     -0.44;        0.00
      3218;        804.5;       ;      0.03;          ;     254.96;    0.073877;     -101.781255;     -101.707377;     -101.371160;     -0.43;        0.00
      3219;        804.8;       ;      0.03;          ;     254.50;    0.073745;     -101.781154;     -101.707409;     -101.371159;     -0.43;        0.00
      3220;        805.0;       ;      0.03;          ;     255.06;    0.073907;     -101.781163;     -101.707255;     -101.371158;     -0.43;        0.00
      3221;        805.2;       ;      0.03;          ;     255.29;    0.073974;     -101.781292;     -101.707318;     -101.371158;     -0.43;       10.94
      3222;        805.5;       ;      0.03;          ;     257.32;    0.074561;     -101.781543;     -101.706982;     -101.371159;     -0.43;       23.32
      3223;        805.8;       ;      0.03;          ;     259.36;    0.075154;     -101.781903;     -101.706749;     -101.371161;     -0.44;       35.93
      3224;        806.0;       ;      0.03;          ;     258.80;    0.074989;     -101.782351;     -101.707361;     -101.371163;     -0.44;       48.43
      3225;        806.2;       ;      0.03;          ;     263.16;    0.076255;     -101.782853;     -101.706597;     -101.371165;     -0.44;       60.39
      3226;        806.5;       ;      0.03;          ;     263.61;    0.076385;     -101.783378;     -101.706993;     -101.371168;     -0.45;       71.62
      3227;        806.8;       ;      0.03;          ;     267.65;    0.077554;     -101.783885;     -101.706332;     -101.371170;     -0.45;       81.74
      3228;        807.0;       ;      0.03;          ;     270.16;    0.078282;     -101.784342;     -101.706060;     -101.371172;     -0.46;       90.54
      3229;        807.2;       ;      0.03;          ;     270.94;    0.078508;     -101.784713;     -101.706206;     -101.371174;     -0.46;       97.79
      3230;        807.5;       ;      0.04;          ;     271.45;    0.078656;     -101.784976;     -101.706320;     -101.371175;     -0.46;      103.29
      3231;        807.8;       ;      0.03;          ;     270.49;    0.078378;     -101.785117;     -101.706739;     -101.371175;     -0.46;      106.90
      3232;        808.0;       ;      0.03;          ;     274.19;    0.079450;     -101.785132;     -101.705682;     -101.371175;     -0.46;      108.57
      3233;        808.2;       ;      0.03;          ;     273.10;    0.079133;     -101.785026;     -101.705893;     -101.371174;     -0.46;      108.27
      3234;        808.5;       ;      0.03;          ;     276.10;    0.080003;     -101.784814;     -101.704811;     -101.371172;     -0.46;      106.05
      3235;        808.8;       ;      0.03;          ;     278.61;    0.080732;     -101.784518;     -101.703786;     -101.371170;     -0.45;      101.99
      3236;        809.0;       ;      0.03;          ;     279.33;    0.080939;     -101.784165;     -101.703226;     -101.371168;     -0.45;       96.23
      3237;        809.2;       ;      0.03;          ;     279.25;    0.080917;     -101.783788;     -101.702871;     -101.371166;     -0.45;       89.02
      3238;        809.5;       ;      0.03;          ;     278.71;    0.080761;     -101.783420;     -101.702658;     -101.371164;     -0.44;       80.61
      3239;        809.8;       ;      0.03;          ;     278.05;    0.080568;     -101.783091;     -101.702524;     -101.371163;     -0.44;       71.32
      3240;        810.0;       ;      0.03;          ;     277.40;    0.080381;     -101.782828;     -101.702446;     -101.371162;     -0.44;       61.51
      3241;        810.2;       ;      0.03;          ;     274.15;    0.079440;     -101.782644;     -101.703205;     -101.371162;     -0.44;       51.56
      3242;        810.5;       ;      0.03;          ;     274.47;    0.079530;     -101.782545;     -101.703015;     -101.371163;     -0.44;       41.90
      3243;        810.8;       ;      0.03;          ;     279.15;    0.080887;     -101.782520;     -101.701633;     -101.371164;     -0.44;       67.92
      3244;        811.0;       ;      0.03;          ;     276.91;    0.080238;     -101.782548;     -101.702310;     -101.371166;     -0.45;       97.80
      3245;        811.2;       ;      0.03;          ;     276.23;    0.080040;     -101.782600;     -101.702559;     -101.371168;     -0.45;      127.17
      3246;        811.5;       ;      0.03;          ;     274.15;    0.079439;     -101.782640;     -101.703201;     -101.371171;     -0.45;      156.54
      3247;        811.8;       ;      0.03;          ;     272.21;    0.078878;     -101.782634;     -101.703756;     -101.371173;     -0.46;      186.28
      3248;        812.0;       ;      0.03;          ;     274.35;    0.079496;     -101.782552;     -101.703056;     -101.371175;     -0.46;      216.77
      3249;        812.2;       ;      0.03;          ;     276.35;    0.080077;     -101.782369;     -101.702292;     -101.371176;     -0.46;      248.58
      3250;        812.5;       ;      0.03;          ;     278.30;    0.080642;     -101.782068;     -101.701426;     -101.371177;     -0.46;      281.99
      3251;        812.8;       ;      0.03;          ;     274.75;    0.079614;     -101.781645;     -101.702031;     -101.371176;     -0.46;      317.22
      3252;        813.0;       ;      0.03;          ;     275.06;    0.079702;     -101.781113;     -101.701412;     -101.371175;     -0.46;      354.01
      3253;        813.2;       ;      0.03;          ;     274.48;    0.079533;     -101.780495;     -101.700962;     -101.371173;     -0.46;      392.64
      3254;        813.5;       ;      0.03;          ;     274.36;    0.079499;     -101.779824;     -101.700324;     -101.371170;     -0.45;      432.95
      3255;        813.8;       ;      0.03;          ;     278.31;    0.080645;     -101.779137;     -101.698492;     -101.371168;     -0.45;      474.79
      3256;        814.0;       ;      0.04;          ;     275.82;    0.079921;     -101.778471;     -101.698549;     -101.371166;     -0.44;      518.17
      3257;        814.2;       ;      0.03;          ;     272.31;    0.078905;     -101.777870;     -101.698965;     -101.371164;     -0.44;      562.20
      3258;        814.5;       ;      0.03;          ;     272.42;    0.078938;     -101.777372;     -101.698433;     -101.371162;     -0.44;      606.28
      3259;        814.8;       ;      0.03;          ;     271.35;    0.078629;     -101.776997;     -101.698368;     -101.371162;     -0.44;      650.15
      3260;        815.0;       ;      0.03;          ;     270.78;    0.078461;     -101.776758;     -101.698297;     -101.371162;     -0.44;      693.10
      3261;        815.2;       ;      0.03;          ;     272.89;    0.079072;     -101.776655;     -101.697583;     -101.371163;     -0.44;      734.52
      3262;        815.5;       ;      0.03;          ;     271.21;    0.078587;     -101.776673;     -101.698085;     -101.371165;     -0.44;      773.97
      3263;        815.8;       ;      0.03;          ;     274.64;    0.079582;     -101.776786;     -101.697204;     -101.371167;     -0.45;      810.54
      3264;        816.0;       ;      0.03;          ;     274.12;    0.079430;     -101.776963;     -101.697533;     -101.371170;     -0.45;      843.97
      3265;        816.2;       ;      0.03;          ;     274.37;    0.079503;     -101.777165;     -101.697662;     -101.371172;     -0.46;      873.48
      3266;        816.5;       ;      0.03;          ;     274.54;    0.079553;     -101.777353;     -101.697801;     -101.371175;     -0.46;      898.64
      3267;        816.8;       ;      0.03;          ;     276.91;    0.080238;     -101.777491;     -101.697253;     -101.371177;     -0.46;      919.08
      3268;        817.0;       ;      0.03;          ;     274.69;    0.079594;     -101.777546;     -101.697952;     -101.371178;     -0.47;      934.56
      3269;        817.2;       ;      0.03;          ;     276.39;    0.080088;     -101.777495;     -101.697408;     -101.371179;     -0.47;      944.77
      3270;        817.5;       ;      0.03;          ;     278.61;    0.080731;     -101.777325;     -101.696594;     -101.371179;     -0.47;      949.70
      3271;        817.8;       ;      0.03;          ;     280.24;    0.081203;     -101.777030;     -101.695827;     -101.371178;     -0.47;      949.33
      3272;        818.0;       ;      0.03;          ;     279.27;    0.080922;     -101.776618;     -101.695696;     -101.371177;     -0.46;      943.78
      3273;        818.2;       ;      0.03;          ;     277.13;    0.080303;     -101.776112;     -101.695809;     -101.371175;     -0.46;      933.28
      3274;        818.5;       ;      0.03;          ;     276.17;    0.080024;     -101.775544;     -101.695520;     -101.371172;     -0.46;      918.20
      3275;        818.8;       ;      0.03;          ;     273.46;    0.079239;     -101.774954;     -101.695714;     -101.371170;     -0.45;      898.93
      3276;        819.0;       ;      0.03;          ;     270.87;    0.078488;     -101.774383;     -101.695895;     -101.371167;     -0.45;      876.05
      3277;        819.2;       ;      0.03;          ;     268.93;    0.077927;     -101.773873;     -101.695946;     -101.371165;     -0.44;      850.19
      3278;        819.5;       ;      0.03;          ;     264.26;    0.076572;     -101.773455;     -101.696883;     -101.371164;     -0.44;      821.98
      3279;        819.8;       ;      0.03;          ;     263.92;    0.076474;     -101.773153;     -101.696679;     -101.371164;     -0.44;      792.31
      3280;        820.0;       ;      0.03;          ;     264.33;    0.076592;     -101.772972;     -101.696380;     -101.371165;     -0.44;      761.69
      3281;        820.2;       ;      0.03;          ;     263.52;    0.076359;     -101.772902;     -101.696543;     -101.371166;     -0.45;      730.82
      3282;        820.5;       ;      0.03;          ;     266.12;    0.077111;     -101.772920;     -101.695809;     -101.371169;     -0.45;      700.52
      3283;        820.8;       ;      0.03;          ;     272.98;    0.079099;     -101.772990;     -101.693890;     -101.371172;     -0.45;      671.29
      3284;        821.0;       ;      0.03;          ;     272.49;    0.078959;     -101.773067;     -101.694108;     -101.371174;     -0.46;      643.53
      3285;        821.2;       ;      0.03;          ;     275.80;    0.079917;     -101.773103;     -101.693187;     -101.371177;     -0.46;      636.18
      3286;        821.5;       ;      0.03;          ;     276.68;    0.080173;     -101.773059;     -101.692886;     -101.371179;     -0.47;      654.09
      3287;        821.8;       ;      0.04;          ;     273.91;    0.079370;     -101.772900;     -101.693530;     -101.371180;     -0.47;      674.38
      3288;        822.0;       ;      0.03;          ;     273.94;    0.079377;     -101.772613;     -101.693236;     -101.371180;     -0.47;      696.92
      3289;        822.2;       ;      0.03;          ;     274.28;    0.079478;     -101.772195;     -101.692717;     -101.371179;     -0.47;      721.71
      3290;        822.5;       ;      0.03;          ;     271.29;    0.078610;     -101.771658;     -101.693047;     -101.371177;     -0.46;      748.58
      3291;        822.8;       ;      0.03;          ;     266.69;    0.077277;     -101.771033;     -101.693756;     -101.371175;     -0.46;      777.11
      3292;        823.0;       ;      0.03;          ;     263.55;    0.076367;     -101.770361;     -101.693995;     -101.371172;     -0.46;      806.85
      3293;        823.2;       ;      0.04;          ;     264.37;    0.076605;     -101.769686;     -101.693081;     -101.371170;     -0.45;      837.44
      3294;        823.5;       ;      0.03;          ;     266.50;    0.077222;     -101.769042;     -101.691820;     -101.371167;     -0.45;      868.65
      3295;        823.8;       ;      0.04;          ;     267.32;    0.077458;     -101.768467;     -101.691009;     -101.371165;     -0.44;      900.01
      3296;        824.0;       ;      0.03;          ;     263.93;    0.076476;     -101.767992;     -101.691516;     -101.371164;     -0.44;      930.91
      3297;        824.2;       ;      0.03;          ;     260.93;    0.075607;     -101.767645;     -101.692038;     -101.371163;     -0.44;      960.53
      3298;        824.5;       ;      0.14;          ;     259.46;    0.075182;     -101.767442;     -101.692260;     -101.371163;     -0.44;      988.35
      3299;        824.8;       ;      0.13;          ;     260.70;    0.075543;     -101.767384;     -101.691841;     -101.371163;     -0.44;     1013.93
      3300;        825.0;       ;      0.10;          ;     259.42;    0.075170;     -101.767463;     -101.692293;     -101.371165;     -0.44;     1036.93
      3301;        825.2;       ;      0.03;          ;     259.46;    0.075182;     -101.767659;     -101.692477;     -101.371166;     -0.45;     1056.83
      3302;        825.5;       ;      0.03;          ;     260.48;    0.075477;     -101.767944;     -101.692468;     -101.371169;     -0.45;     1073.35
      3303;        825.8;       ;      0.04;          ;     261.73;    0.075840;     -101.768287;     -101.692447;     -101.371171;     -0.45;     1086.26
      3304;        826.0;       ;      0.03;          ;     265.95;    0.077062;     -101.768648;     -101.691586;     -101.371174;     -0.46;     1095.40
      3305;        826.2;       ;      0.03;          ;     267.93;    0.077635;     -101.768990;     -101.691354;     -101.371176;     -0.46;     1100.74
      3306;        826.5;       ;      0.03;          ;     272.39;    0.078928;     -101.769271;     -101.690344;     -101.371178;     -0.47;     1102.24
      3307;        826.8;       ;      0.03;          ;     273.52;    0.079256;     -101.769462;     -101.690206;     -101.371179;     -0.47;     1100.01
      3308;        827.0;       ;      0.04;          ;     273.19;    0.079159;     -101.769537;     -101.690378;     -101.371180;     -0.47;     1094.21
      3309;        827.2;       ;      0.04;          ;     273.92;    0.079371;     -101.769491;     -101.690119;     -101.371180;     -0.47;     1085.15
      3310;        827.5;       ;      0.03;          ;     271.98;    0.078809;     -101.769327;     -101.690518;     -101.371179;     -0.47;     1073.13
      3311;        827.8;       ;      0.04;          ;     268.68;    0.077853;     -101.769065;     -101.691212;     -101.371177;     -0.46;     1058.62
      3312;        828.0;       ;      0.04;          ;     269.25;    0.078019;     -101.768738;     -101.690719;     -101.371175;     -0.46;     1042.14
      3313;        828.2;       ;      0.03;          ;     267.34;    0.077464;     -101.768383;     -101.690919;     -101.371172;     -0.46;     1024.07
      3314;        828.5;       ;      0.04;          ;     262.31;    0.076007;     -101.768044;     -101.692036;     -101.371170;     -0.45;     1005.05
      3315;        828.8;       ;      0.03;          ;     263.82;    0.076446;     -101.767767;     -101.691321;     -101.371168;     -0.45;      985.76
      3316;        829.0;       ;      0.03;          ;     265.67;    0.076981;     -101.767585;     -101.690604;     -101.371166;     -0.45;      966.52
      3317;        829.2;       ;      0.03;          ;     266.39;    0.077190;     -101.767523;     -101.690333;     -101.371166;     -0.45;      947.88
      3318;        829.5;       ;      0.03;          ;     264.29;    0.076581;     -101.767591;     -101.691010;     -101.371166;     -0.45;      930.41
      3319;        829.8;       ;      0.04;          ;     263.68;    0.076404;     -101.767786;     -101.691383;     -101.371168;     -0.45;      914.66
      3320;        830.0;       ;      0.03;          ;     264.93;    0.076767;     -101.768090;     -101.691323;     -101.371170;     -0.45;      900.97
      3321;        830.2;       ;      0.03;          ;     268.50;    0.077801;     -101.768470;     -101.690669;     -101.371173;     -0.46;      889.60
      3322;        830.5;       ;      0.04;          ;     275.31;    0.079774;     -101.768888;     -101.689114;     -101.371176;     -0.46;      880.70
      3323;        830.8;       ;      0.03;          ;     275.84;    0.079929;     -101.769297;     -101.689368;     -101.371178;     -0.47;      874.33
      3324;        831.0;       ;      0.04;          ;     277.32;    0.080358;     -101.769651;     -101.689293;     -101.371181;     -0.47;      870.54
      3325;        831.2;       ;      0.03;          ;     279.66;    0.081034;     -101.769918;     -101.688884;     -101.371182;     -0.47;      869.21
      3326;        831.5;       ;      0.03;          ;     279.77;    0.081067;     -101.770078;     -101.689011;     -101.371183;     -0.47;      870.10
      3327;        831.8;       ;      0.04;          ;     276.61;    0.080150;     -101.770122;     -101.689971;     -101.371182;     -0.47;      872.90
      3328;        832.0;       ;      0.04;          ;     275.92;    0.079952;     -101.770060;     -101.690107;     -101.371181;     -0.47;      877.17
      3329;        832.2;       ;      0.03;          ;     278.43;    0.080680;     -101.769914;     -101.689234;     -101.371180;     -0.47;      882.48
      3330;        832.5;       ;      0.04;          ;     281.52;    0.081573;     -101.769711;     -101.688138;     -101.371178;     -0.47;      888.34
      3331;        832.8;       ;      0.03;          ;     281.85;    0.081669;     -101.769481;     -101.687812;     -101.371176;     -0.46;      894.23
      3332;        833.0;       ;      0.03;          ;     282.15;    0.081756;     -101.769259;     -101.687503;     -101.371174;     -0.46;      899.57
      3333;        833.2;       ;      0.03;          ;     281.36;    0.081528;     -101.769076;     -101.687548;     -101.371172;     -0.46;      903.80
      3334;        833.5;       ;      0.03;          ;     283.22;    0.082065;     -101.768963;     -101.686898;     -101.371171;     -0.45;      906.39
      3335;        833.8;       ;      0.03;          ;     284.81;    0.082527;     -101.768942;     -101.686416;     -101.371170;     -0.45;      906.86
      3336;        834.0;       ;      0.03;          ;     285.94;    0.082856;     -101.769027;     -101.686171;     -101.371170;     -0.45;      904.77
      3337;        834.2;       ;      0.03;          ;     287.55;    0.083320;     -101.769225;     -101.685905;     -101.371170;     -0.45;      899.75
      3338;        834.5;       ;      0.04;          ;     287.83;    0.083403;     -101.769534;     -101.686131;     -101.371171;     -0.45;      891.49
      3339;        834.8;       ;      0.04;          ;     288.01;    0.083455;     -101.769944;     -101.686489;     -101.371172;     -0.46;      879.81
      3340;        835.0;       ;      0.04;          ;     288.77;    0.083675;     -101.770436;     -101.686761;     -101.371174;     -0.46;      864.60
      3341;        835.2;       ;      0.04;          ;     289.92;    0.084009;     -101.770987;     -101.686978;     -101.371176;     -0.46;      845.81
      3342;        835.5;       ;      0.03;          ;     291.94;    0.084593;     -101.771567;     -101.686974;     -101.371178;     -0.47;      823.50
      3343;        835.8;       ;      0.03;          ;     291.40;    0.084436;     -101.772145;     -101.687709;     -101.371180;     -0.47;      797.79
      3344;        836.0;       ;      0.03;          ;     291.54;    0.084479;     -101.772689;     -101.688210;     -101.371182;     -0.47;      769.02
      3345;        836.2;       ;      0.03;          ;     291.77;    0.084545;     -101.773173;     -101.688628;     -101.371184;     -0.48;      737.49
      3346;        836.5;       ;      0.03;          ;     294.05;    0.085205;     -101.773579;     -101.688374;     -101.371185;     -0.48;      703.57
      3347;        836.8;       ;      0.03;          ;     294.60;    0.085364;     -101.773894;     -101.688531;     -101.371186;     -0.48;      667.58
      3348;        837.0;       ;      0.03;          ;     292.46;    0.084745;     -101.774117;     -101.689372;     -101.371185;     -0.48;      630.13
      3349;        837.2;       ;      0.03;          ;     295.05;    0.085495;     -101.774255;     -101.688761;     -101.371185;     -0.48;      591.92
      3350;        837.5;       ;      0.03;          ;     295.35;    0.085581;     -101.774329;     -101.688748;     -101.371183;     -0.48;      553.21
      3351;        837.8;       ;      0.03;          ;     297.64;    0.086246;     -101.774362;     -101.688117;     -101.371181;     -0.47;      514.72
      3352;        838.0;       ;      0.04;          ;     301.27;    0.087298;     -101.774386;     -101.687088;     -101.371180;     -0.47;      476.93
      3353;        838.2;       ;      0.03;          ;     300.07;    0.086950;     -101.774429;     -101.687480;     -101.371178;     -0.47;      440.30
      3354;        838.5;       ;      0.03;          ;     298.07;    0.086370;     -101.774519;     -101.688150;     -101.371177;     -0.46;      405.69
      3355;        838.8;       ;      0.03;          ;     297.89;    0.086318;     -101.774678;     -101.688360;     -101.371177;     -0.46;      373.61
      3356;        839.0;       ;      0.03;          ;     295.82;    0.085717;     -101.774916;     -101.689199;     -101.371177;     -0.46;      344.38
      3357;        839.2;       ;      0.03;          ;     296.81;    0.086006;     -101.775232;     -101.689226;     -101.371178;     -0.47;      318.41
      3358;        839.5;       ;      0.04;          ;     298.45;    0.086480;     -101.775614;     -101.689134;     -101.371180;     -0.47;      295.79
      3359;        839.8;       ;      0.03;          ;     303.42;    0.087921;     -101.776035;     -101.688114;     -101.371182;     -0.47;      276.61
      3360;        840.0;       ;      0.03;          ;     307.16;    0.089003;     -101.776463;     -101.687461;     -101.371185;     -0.48;      260.80
      3361;        840.2;       ;      0.03;          ;     309.96;    0.089815;     -101.776860;     -101.687045;     -101.371187;     -0.48;      248.29
      3362;        840.5;       ;      0.04;          ;     307.39;    0.089070;     -101.777190;     -101.688120;     -101.371189;     -0.49;      238.92
      3363;        840.8;       ;      0.04;          ;     313.71;    0.090903;     -101.777425;     -101.686523;     -101.371191;     -0.49;      232.49
      3364;        841.0;       ;      0.03;          ;     315.37;    0.091383;     -101.777551;     -101.686168;     -101.371192;     -0.49;      228.52
      3365;        841.2;       ;      0.03;          ;     315.91;    0.091540;     -101.777556;     -101.686015;     -101.371192;     -0.49;      226.65
      3366;        841.5;       ;      0.03;          ;     312.94;    0.090677;     -101.777444;     -101.686767;     -101.371191;     -0.49;      226.41
      3367;        841.8;       ;      0.03;          ;     310.49;    0.089967;     -101.777233;     -101.687265;     -101.371190;     -0.49;      227.29
      3368;        842.0;       ;      0.03;          ;     310.44;    0.089953;     -101.776946;     -101.686993;     -101.371189;     -0.48;      228.79
      3369;        842.2;       ;      0.04;          ;     306.92;    0.088935;     -101.776610;     -101.687675;     -101.371187;     -0.48;      230.42
      3370;        842.5;       ;      0.04;          ;     305.73;    0.088589;     -101.776252;     -101.687664;     -101.371186;     -0.48;      231.69
      3371;        842.8;       ;      0.04;          ;     305.68;    0.088576;     -101.775899;     -101.687324;     -101.371185;     -0.48;      232.16
      3372;        843.0;       ;      0.04;          ;     304.30;    0.088176;     -101.775572;     -101.687396;     -101.371184;     -0.48;      231.44
      3373;        843.2;       ;      0.03;          ;     302.21;    0.087569;     -101.775290;     -101.687722;     -101.371183;     -0.48;      229.19
      3374;        843.5;       ;      0.03;          ;     301.90;    0.087479;     -101.775069;     -101.687590;     -101.371183;     -0.47;      225.12
      3375;        843.8;       ;      0.04;          ;     304.44;    0.088217;     -101.774918;     -101.686701;     -101.371183;     -0.47;      219.04
      3376;        844.0;       ;      0.03;          ;     305.03;    0.088388;     -101.774842;     -101.686454;     -101.371183;     -0.47;      210.78
      3377;        844.2;       ;      0.03;          ;     308.76;    0.089467;     -101.774840;     -101.685373;     -101.371183;     -0.47;      200.30
      3378;        844.5;       ;      0.03;          ;     311.77;    0.090340;     -101.774909;     -101.684569;     -101.371183;     -0.48;      187.57
      3379;        844.8;       ;      0.03;          ;     308.38;    0.089357;     -101.775038;     -101.685681;     -101.371184;     -0.48;      172.71
      3380;        845.0;       ;      0.03;          ;     308.92;    0.089515;     -101.775218;     -101.685703;     -101.371185;     -0.48;      156.03
      3381;        845.2;       ;      0.04;          ;     307.91;    0.089221;     -101.775439;     -101.686217;     -101.371186;     -0.48;      137.70
      3382;        845.5;       ;      0.03;          ;     310.82;    0.090063;     -101.775687;     -101.685623;     -101.371187;     -0.48;      118.07
      3383;        845.8;       ;      0.03;          ;     307.60;    0.089132;     -101.775949;     -101.686817;     -101.371188;     -0.48;       97.38
      3384;        846.0;       ;      0.03;          ;     308.02;    0.089252;     -101.776210;     -101.686958;     -101.371189;     -0.48;       76.23
      3385;        846.2;       ;      0.03;          ;     315.22;    0.091340;     -101.776461;     -101.685120;     -101.371190;     -0.49;       54.94
      3386;        846.5;       ;      0.03;          ;     315.45;    0.091406;     -101.776690;     -101.685284;     -101.371190;     -0.49;       33.71
      3387;        846.8;       ;      0.03;          ;     312.03;    0.090414;     -101.776885;     -101.686471;     -101.371191;     -0.49;       13.25
      3388;        847.0;       ;      0.03;          ;     313.21;    0.090757;     -101.777042;     -101.686285;     -101.371191;     -0.49;        0.00
      3389;        847.2;       ;      0.03;          ;     310.80;    0.090059;     -101.777162;     -101.687103;     -101.371191;     -0.49;        0.00
      3390;        847.5;       ;      0.03;          ;     310.17;    0.089876;     -101.777245;     -101.687369;     -101.371192;     -0.49;        0.00
      3391;        847.8;       ;      0.03;          ;     308.42;    0.089370;     -101.777295;     -101.687925;     -101.371192;     -0.49;        0.00
      3392;        848.0;       ;      0.03;          ;     308.28;    0.089329;     -101.777314;     -101.687985;     -101.371192;     -0.49;        0.00
      3393;        848.2;       ;      0.03;          ;     308.49;    0.089389;     -101.777302;     -101.687913;     -101.371193;     -0.49;        0.00
      3394;        848.5;       ;      0.04;          ;     309.14;    0.089578;     -101.777257;     -101.687680;     -101.371193;     -0.49;        0.00
      3395;        848.8;       ;      0.04;          ;     309.18;    0.089589;     -101.777182;     -101.687593;     -101.371193;     -0.49;        0.00
      3396;        849.0;       ;      0.03;          ;     310.71;    0.090033;     -101.777075;     -101.687042;     -101.371193;     -0.49;        0.00
      3397;        849.2;       ;      0.03;          ;     311.04;    0.090127;     -101.776934;     -101.686807;     -101.371193;     -0.49;        0.00
      3398;        849.5;       ;      0.04;          ;     315.55;    0.091434;     -101.776761;     -101.685327;     -101.371193;     -0.49;        0.00
      3399;        849.8;       ;      0.04;          ;     315.83;    0.091516;     -101.776556;     -101.685040;     -101.371193;     -0.49;        0.00
      3400;        850.0;       ;      0.04;          ;     315.06;    0.091294;     -101.776323;     -101.685029;     -101.371193;     -0.49;        0.00
      3401;        850.2;       ;      0.04;          ;     314.55;    0.091144;     -101.776067;     -101.684923;     -101.371193;     -0.49;        0.00
      3402;        850.5;       ;      0.04;          ;     313.31;    0.090787;     -101.775793;     -101.685006;     -101.371192;     -0.49;        0.00
      3403;        850.8;       ;      0.03;          ;     311.42;    0.090237;     -101.775507;     -101.685270;     -101.371192;     -0.49;        0.00
      3404;        851.0;       ;      0.04;          ;     311.07;    0.090138;     -101.775214;     -101.685076;     -101.371192;     -0.49;        0.00
      3405;        851.2;       ;      0.03;          ;     311.72;    0.090325;     -101.774913;     -101.684588;     -101.371192;     -0.49;        0.00
      3406;        851.5;       ;      0.04;          ;     313.01;    0.090700;     -101.774603;     -101.683903;     -101.371193;     -0.49;        0.00
      3407;        851.8;       ;      0.03;          ;     314.66;    0.091177;     -101.774279;     -101.683102;     -101.371193;     -0.49;        0.00
      3408;        852.0;       ;      0.03;          ;     313.46;    0.090830;     -101.773936;     -101.683106;     -101.371193;     -0.49;        0.00
      3409;        852.2;       ;      0.04;          ;     312.14;    0.090445;     -101.773572;     -101.683126;     -101.371193;     -0.49;        0.00
      3410;        852.5;       ;      0.03;          ;     314.22;    0.091049;     -101.773183;     -101.682134;     -101.371193;     -0.49;        0.00
      3411;        852.8;       ;      0.04;          ;     314.18;    0.091038;     -101.772770;     -101.681732;     -101.371193;     -0.49;        0.00
      3412;        853.0;       ;      0.03;          ;     309.39;    0.089649;     -101.772335;     -101.682686;     -101.371192;     -0.49;        0.00
      3413;        853.2;       ;      0.03;          ;     307.25;    0.089029;     -101.771890;     -101.682861;     -101.371192;     -0.49;        0.00
      3414;        853.5;       ;      0.03;          ;     304.26;    0.088164;     -101.771441;     -101.683277;     -101.371191;     -0.49;        0.00
      3415;        853.8;       ;      0.03;          ;     301.45;    0.087349;     -101.770999;     -101.683649;     -101.371191;     -0.49;        0.00
      3416;        854.0;       ;      0.03;          ;     298.78;    0.086575;     -101.770572;     -101.683997;     -101.371190;     -0.49;        0.00
      3417;        854.2;       ;      0.03;          ;     299.04;    0.086650;     -101.770169;     -101.683519;     -101.371190;     -0.49;        0.00
      3418;        854.5;       ;      0.03;          ;     300.84;    0.087171;     -101.769790;     -101.682619;     -101.371190;     -0.49;        0.00
      3419;        854.8;       ;      0.03;          ;     298.99;    0.086636;     -101.769437;     -101.682801;     -101.371189;     -0.49;        0.00
      3420;        855.0;       ;      0.03;          ;     302.77;    0.087732;     -101.769111;     -101.681379;     -101.371190;     -0.49;        0.00
      3421;        855.2;       ;      0.05;          ;     301.91;    0.087483;     -101.768807;     -101.681324;     -101.371190;     -0.49;        0.00
      3422;        855.5;       ;      0.05;          ;     302.92;    0.087775;     -101.768527;     -101.680752;     -101.371190;     -0.49;        0.00
      3423;        855.8;       ;      0.04;          ;     302.30;    0.087596;     -101.768268;     -101.680672;     -101.371190;     -0.49;        0.00
      3424;        856.0;       ;      0.04;          ;     303.36;    0.087901;     -101.768031;     -101.680129;     -101.371190;     -0.49;        0.00
      3425;        856.2;       ;      0.05;          ;     300.57;    0.087093;     -101.767815;     -101.680721;     -101.371190;     -0.49;        0.00
      3426;        856.5;       ;      0.04;          ;     300.20;    0.086988;     -101.767625;     -101.680637;     -101.371190;     -0.49;        6.82
      3427;        856.8;       ;      0.03;          ;     299.58;    0.086809;     -101.767465;     -101.680657;     -101.371190;     -0.49;       23.59
      3428;        857.0;       ;      0.03;          ;     296.49;    0.085912;     -101.767340;     -101.681428;     -101.371190;     -0.49;       39.53
      3429;        857.2;       ;      0.03;          ;     293.38;    0.085009;     -101.767254;     -101.682244;     -101.371190;     -0.49;       54.58
      3430;        857.5;       ;      0.03;          ;     293.03;    0.084908;     -101.767208;     -101.682300;     -101.371190;     -0.49;       68.78
      3431;        857.8;       ;      0.03;          ;     296.08;    0.085794;     -101.767200;     -101.681407;     -101.371191;     -0.49;       82.25
      3432;        858.0;       ;      0.03;          ;     299.89;    0.086897;     -101.767222;     -101.680325;     -101.371192;     -0.49;       95.13
      3433;        858.2;       ;      0.03;          ;     301.23;    0.087287;     -101.767261;     -101.679974;     -101.371192;     -0.49;      107.50
      3434;        858.5;       ;      0.03;          ;     300.05;    0.086942;     -101.767302;     -101.680360;     -101.371193;     -0.49;      119.43
      3435;        858.8;       ;      0.03;          ;     300.01;    0.086931;     -101.767334;     -101.680403;     -101.371194;     -0.49;      130.95
      3436;        859.0;       ;      0.03;          ;     298.64;    0.086536;     -101.767348;     -101.680812;     -101.371195;     -0.49;      142.21
      3437;        859.2;       ;      0.03;          ;     304.49;    0.088230;     -101.767339;     -101.679108;     -101.371195;     -0.49;      153.30
      3438;        859.5;       ;      0.03;          ;     307.87;    0.089208;     -101.767305;     -101.678096;     -101.371195;     -0.49;      164.50
      3439;        859.8;       ;      0.03;          ;     306.44;    0.088794;     -101.767248;     -101.678454;     -101.371194;     -0.49;      175.89
      3440;        860.0;       ;      0.03;          ;     304.91;    0.088352;     -101.767178;     -101.678826;     -101.371194;     -0.49;      187.51
      3441;        860.2;       ;      0.03;          ;     302.48;    0.087649;     -101.767108;     -101.679459;     -101.371193;     -0.49;      199.48
      3442;        860.5;       ;      0.03;          ;     305.13;    0.088417;     -101.767053;     -101.678636;     -101.371193;     -0.49;      211.91
      3443;        860.8;       ;      0.03;          ;     302.19;    0.087563;     -101.767024;     -101.679461;     -101.371193;     -0.49;      225.01
      3444;        861.0;       ;      0.03;          ;     301.91;    0.087484;     -101.767028;     -101.679544;     -101.371193;     -0.49;      238.77
      3445;        861.2;       ;      0.03;          ;     304.12;    0.088122;     -101.767068;     -101.678945;     -101.371193;     -0.49;      253.32
      3446;        861.5;       ;      0.03;          ;     300.79;    0.087158;     -101.767140;     -101.679982;     -101.371194;     -0.49;      268.79
      3447;        861.8;       ;      0.03;          ;     300.09;    0.086955;     -101.767237;     -101.680281;     -101.371195;     -0.50;      285.10
      3448;        862.0;       ;      0.03;          ;     301.80;    0.087451;     -101.767350;     -101.679899;     -101.371196;     -0.50;      302.36
      3449;        862.2;       ;      0.03;          ;     299.92;    0.086906;     -101.767466;     -101.680560;     -101.371197;     -0.50;      320.65
      3450;        862.5;       ;      0.03;          ;     302.67;    0.087702;     -101.767572;     -101.679870;     -101.371198;     -0.50;      339.87
      3451;        862.8;       ;      0.03;          ;     306.47;    0.088805;     -101.767656;     -101.678851;     -101.371199;     -0.50;      360.15
      3452;        863.0;       ;      0.03;          ;     307.59;    0.089127;     -101.767705;     -101.678578;     -101.371199;     -0.50;      381.53
      3453;        863.2;       ;      0.03;          ;     306.85;    0.088914;     -101.767709;     -101.678795;     -101.371200;     -0.50;      403.86
      3454;        863.5;       ;      0.03;          ;     305.29;    0.088461;     -101.767664;     -101.679203;     -101.371200;     -0.50;      427.03
      3455;        863.8;       ;      0.03;          ;     307.19;    0.089013;     -101.767569;     -101.678556;     -101.371200;     -0.50;      450.94
      3456;        864.0;       ;      0.03;          ;     301.57;    0.087385;     -101.767425;     -101.680041;     -101.371200;     -0.50;      475.68
      3457;        864.2;       ;      0.03;          ;     303.19;    0.087854;     -101.767242;     -101.679388;     -101.371199;     -0.50;      500.84
      3458;        864.5;       ;      0.03;          ;     299.23;    0.086705;     -101.767025;     -101.680320;     -101.371199;     -0.50;      526.65
      3459;        864.8;       ;      0.03;          ;     294.92;    0.085456;     -101.766788;     -101.681332;     -101.371198;     -0.50;      552.78
      3460;        865.0;       ;      0.03;          ;     295.07;    0.085501;     -101.766547;     -101.681046;     -101.371197;     -0.50;      579.12
      3461;        865.2;       ;      0.03;          ;     297.93;    0.086328;     -101.766316;     -101.679988;     -101.371196;     -0.50;      605.78
      3462;        865.5;       ;      0.03;          ;     294.79;    0.085419;     -101.766106;     -101.680687;     -101.371196;     -0.50;      632.79
      3463;        865.8;       ;      0.03;          ;     293.56;    0.085063;     -101.765936;     -101.680873;     -101.371195;     -0.50;      659.78
      3464;        866.0;       ;      0.03;          ;     292.29;    0.084696;     -101.765818;     -101.681122;     -101.371194;     -0.49;      686.76
      3465;        866.2;       ;      0.03;          ;     290.60;    0.084206;     -101.765764;     -101.681558;     -101.371194;     -0.49;      713.63
      3466;        866.5;       ;      0.03;          ;     286.55;    0.083031;     -101.765780;     -101.682749;     -101.371194;     -0.49;      740.30
      3467;        866.8;       ;      0.03;          ;     286.30;    0.082960;     -101.765867;     -101.682907;     -101.371195;     -0.50;      766.59
      3468;        867.0;       ;      0.03;          ;     284.03;    0.082302;     -101.766020;     -101.683719;     -101.371196;     -0.50;      792.61
      3469;        867.2;       ;      0.03;          ;     284.72;    0.082500;     -101.766226;     -101.683726;     -101.371197;     -0.50;      818.22
      3470;        867.5;       ;      0.04;          ;     286.09;    0.082898;     -101.766467;     -101.683569;     -101.371199;     -0.50;      843.50
      3471;        867.8;       ;      0.03;          ;     290.50;    0.084178;     -101.766717;     -101.682540;     -101.371201;     -0.51;      868.46
      3472;        868.0;       ;      0.03;          ;     290.00;    0.084030;     -101.766953;     -101.682923;     -101.371202;     -0.51;      893.19
      3473;        868.2;       ;      0.03;          ;     288.85;    0.083699;     -101.767150;     -101.683451;     -101.371203;     -0.51;      917.47
      3474;        868.5;       ;      0.03;          ;     287.40;    0.083278;     -101.767296;     -101.684018;     -101.371203;     -0.51;      941.27
      3475;        868.8;       ;      0.03;          ;     288.34;    0.083550;     -101.767388;     -101.683839;     -101.371203;     -0.51;      964.57
      3476;        869.0;       ;      0.03;          ;     287.36;    0.083266;     -101.767433;     -101.684166;     -101.371202;     -0.51;      987.46
      3477;        869.2;       ;      0.03;          ;     285.58;    0.082751;     -101.767446;     -101.684696;     -101.371201;     -0.50;     1009.86
      3478;        869.5;       ;      0.03;          ;     287.17;    0.083212;     -101.767454;     -101.684242;     -101.371199;     -0.50;     1031.72
      3479;        869.8;       ;      0.03;          ;     282.20;    0.081772;     -101.767483;     -101.685711;     -101.371197;     -0.50;     1053.15
      3480;        870.0;       ;      0.03;          ;     285.93;    0.082851;     -101.767563;     -101.684712;     -101.371195;     -0.50;     1073.87
      3481;        870.2;       ;      0.03;          ;     284.52;    0.082443;     -101.767720;     -101.685277;     -101.371194;     -0.49;     1094.16
      3482;        870.5;       ;      0.03;          ;     286.44;    0.083000;     -101.767968;     -101.684969;     -101.371194;     -0.49;     1113.78
      3483;        870.8;       ;      0.03;          ;     288.75;    0.083669;     -101.768319;     -101.684650;     -101.371194;     -0.49;     1132.77
      3484;        871.0;       ;      0.03;          ;     290.55;    0.084190;     -101.768770;     -101.684580;     -101.371195;     -0.49;     1151.08
      3485;        871.2;       ;      0.03;          ;     292.00;    0.084612;     -101.769310;     -101.684698;     -101.371196;     -0.50;     1168.60
      3486;        871.5;       ;      0.03;          ;     291.06;    0.084339;     -101.769923;     -101.685584;     -101.371197;     -0.50;     1185.23
      3487;        871.8;       ;      0.03;          ;     293.71;    0.085107;     -101.770585;     -101.685478;     -101.371199;     -0.50;     1200.80
      3488;        872.0;       ;      0.03;          ;     296.68;    0.085968;     -101.771276;     -101.685307;     -101.371200;     -0.50;     1215.30
      3489;        872.2;       ;      0.03;          ;     298.86;    0.086600;     -101.771969;     -101.685369;     -101.371202;     -0.51;     1228.63
      3490;        872.5;       ;      0.03;          ;     300.29;    0.087013;     -101.772638;     -101.685625;     -101.371203;     -0.51;     1240.66
      3491;        872.8;       ;      0.03;          ;     303.45;    0.087928;     -101.773262;     -101.685333;     -101.371204;     -0.51;     1251.27
      3492;        873.0;       ;      0.04;          ;     307.26;    0.089033;     -101.773823;     -101.684790;     -101.371205;     -0.51;     1260.38
      3493;        873.2;       ;      0.04;          ;     310.26;    0.089902;     -101.774308;     -101.684406;     -101.371205;     -0.51;     1267.88
      3494;        873.5;       ;      0.03;          ;     313.08;    0.090720;     -101.774707;     -101.683987;     -101.371205;     -0.51;     1273.67
      3495;        873.8;       ;      0.03;          ;     313.23;    0.090761;     -101.775016;     -101.684255;     -101.371205;     -0.51;     1277.63
      3496;        874.0;       ;      0.03;          ;     315.98;    0.091559;     -101.775238;     -101.683679;     -101.371205;     -0.51;     1279.66
      3497;        874.2;       ;      0.03;          ;     313.91;    0.090958;     -101.775381;     -101.684423;     -101.371204;     -0.51;     1279.70
      3498;        874.5;       ;      0.03;          ;     314.35;    0.091088;     -101.775458;     -101.684370;     -101.371203;     -0.51;     1277.68
      3499;        874.8;       ;      0.03;          ;     311.33;    0.090212;     -101.775488;     -101.685277;     -101.371201;     -0.51;     1273.55
      3500;        875.0;       ;      0.03;          ;     310.00;    0.089827;     -101.775494;     -101.685667;     -101.371200;     -0.50;     1267.29
      3501;        875.2;       ;      0.03;          ;     314.17;    0.091035;     -101.775499;     -101.684464;     -101.371199;     -0.50;     1258.89
      3502;        875.5;       ;      0.03;          ;     316.89;    0.091824;     -101.775521;     -101.683697;     -101.371198;     -0.50;     1248.26
      3503;        875.8;       ;      0.03;          ;     314.86;    0.091236;     -101.775575;     -101.684339;     -101.371197;     -0.50;     1235.43
      3504;        876.0;       ;      0.03;          ;     315.01;    0.091278;     -101.775670;     -101.684393;     -101.371197;     -0.50;     1220.54
      3505;        876.2;       ;      0.03;          ;     317.86;    0.092105;     -101.775813;     -101.683708;     -101.371197;     -0.50;     1203.59
      3506;        876.5;       ;      0.03;          ;     319.41;    0.092554;     -101.776000;     -101.683446;     -101.371198;     -0.50;     1184.58
      3507;        876.8;       ;      0.03;          ;     323.20;    0.093652;     -101.776216;     -101.682563;     -101.371199;     -0.50;     1163.60
      3508;        877.0;       ;      0.03;          ;     320.65;    0.092913;     -101.776439;     -101.683526;     -101.371201;     -0.51;     1140.68
      3509;        877.2;       ;      0.03;          ;     323.07;    0.093615;     -101.776644;     -101.683029;     -101.371202;     -0.51;     1116.13
      3510;        877.5;       ;      0.03;          ;     323.49;    0.093735;     -101.776806;     -101.683072;     -101.371204;     -0.51;     1089.86
      3511;        877.8;       ;      0.03;          ;     324.12;    0.093918;     -101.776903;     -101.682985;     -101.371205;     -0.51;     1062.04
      3512;        878.0;       ;      0.03;          ;     324.06;    0.093900;     -101.776916;     -101.683016;     -101.371206;     -0.51;     1032.75
      3513;        878.2;       ;      0.03;          ;     319.64;    0.092620;     -101.776837;     -101.684217;     -101.371206;     -0.51;     1002.13
      3514;        878.5;       ;      0.03;          ;     320.95;    0.092999;     -101.776670;     -101.683670;     -101.371205;     -0.51;      970.45
      3515;        878.8;       ;      0.03;          ;     321.50;    0.093158;     -101.776424;     -101.683266;     -101.371204;     -0.51;      937.51
      3516;        879.0;       ;      0.03;          ;     322.30;    0.093389;     -101.776118;     -101.682729;     -101.371202;     -0.51;      903.43
      3517;        879.2;       ;      0.03;          ;     321.59;    0.093184;     -101.775771;     -101.682587;     -101.371201;     -0.51;      868.26
      3518;        879.5;       ;      0.03;          ;     324.07;    0.093903;     -101.775407;     -101.681504;     -101.371199;     -0.50;      832.14
      3519;        879.8;       ;      0.03;          ;     319.35;    0.092536;     -101.775046;     -101.682510;     -101.371198;     -0.50;      794.94
      3520;        880.0;       ;      0.03;          ;     318.33;    0.092240;     -101.774712;     -101.682471;     -101.371197;     -0.50;      757.15
      3521;        880.2;       ;      0.03;          ;     315.78;    0.091502;     -101.774420;     -101.682918;     -101.371196;     -0.50;      718.61
      3522;        880.5;       ;      0.03;          ;     314.73;    0.091196;     -101.774186;     -101.682990;     -101.371195;     -0.50;      679.47
      3523;        880.8;       ;      0.03;          ;     314.53;    0.091139;     -101.774018;     -101.682879;     -101.371195;     -0.50;      639.68
      3524;        881.0;       ;      0.03;          ;     312.25;    0.090479;     -101.773923;     -101.683444;     -101.371195;     -0.50;      599.24
      3525;        881.2;       ;      0.03;          ;     312.80;    0.090637;     -101.773902;     -101.683265;     -101.371195;     -0.50;      558.36
      3526;        881.5;       ;      0.03;          ;     311.43;    0.090241;     -101.773952;     -101.683711;     -101.371196;     -0.50;      516.89
      3527;        881.8;       ;      0.03;          ;     309.31;    0.089628;     -101.774071;     -101.684443;     -101.371196;     -0.50;      475.02
      3528;        882.0;       ;      0.03;          ;     311.53;    0.090269;     -101.774251;     -101.683982;     -101.371197;     -0.50;      432.86
      3529;        882.2;       ;      0.03;          ;     313.77;    0.090920;     -101.774483;     -101.683562;     -101.371198;     -0.50;      390.18
      3530;        882.5;       ;      0.03;          ;     315.07;    0.091295;     -101.774754;     -101.683459;     -101.371199;     -0.50;      347.05
      3531;        882.8;       ;      0.03;          ;     317.50;    0.092001;     -101.775050;     -101.683049;     -101.371200;     -0.50;      303.61
      3532;        883.0;       ;      0.03;          ;     318.67;    0.092338;     -101.775358;     -101.683020;     -101.371201;     -0.51;      259.85
      3533;        883.2;       ;      0.03;          ;     320.31;    0.092814;     -101.775666;     -101.682851;     -101.371202;     -0.51;      215.95
      3534;        883.5;       ;      0.03;          ;     325.10;    0.094202;     -101.775964;     -101.681762;     -101.371202;     -0.51;      171.97
      3535;        883.8;       ;      0.03;          ;     328.32;    0.095135;     -101.776247;     -101.681112;     -101.371202;     -0.51;      127.78
      3536;        884.0;       ;      0.03;          ;     326.57;    0.094629;     -101.776511;     -101.681881;     -101.371202;     -0.51;       83.61
      3537;        884.2;       ;      0.03;          ;     330.06;    0.095639;     -101.776754;     -101.681115;     -101.371202;     -0.51;       39.91
      3538;        884.5;       ;      0.03;          ;     326.29;    0.094547;     -101.776983;     -101.682437;     -101.371202;     -0.51;        0.00
      3539;        884.8;       ;      0.03;          ;     324.69;    0.094083;     -101.777204;     -101.683121;     -101.371202;     -0.51;        0.00
      3540;        885.0;       ;      0.03;          ;     326.37;    0.094570;     -101.777428;     -101.682858;     -101.371201;     -0.51;        0.00
      3541;        885.2;       ;      0.03;          ;     330.42;    0.095744;     -101.777666;     -101.681922;     -101.371201;     -0.51;        0.00
      3542;        885.5;       ;      0.03;          ;     331.43;    0.096037;     -101.777921;     -101.681884;     -101.371201;     -0.51;        0.00
      3543;        885.8;       ;      0.03;          ;     333.60;    0.096666;     -101.778195;     -101.681529;     -101.371201;     -0.51;        0.00
      3544;        886.0;       ;      0.03;          ;     330.14;    0.095661;     -101.778487;     -101.682825;     -101.371202;     -0.51;        0.00
      3545;        886.2;       ;      0.03;          ;     330.72;    0.095831;     -101.778788;     -101.682957;     -101.371202;     -0.51;        0.00
      3546;        886.5;       ;      0.03;          ;     333.13;    0.096530;     -101.779093;     -101.682563;     -101.371203;     -0.51;        0.00
      3547;        886.8;       ;      0.03;          ;     334.85;    0.097027;     -101.779386;     -101.682359;     -101.371204;     -0.51;        0.00
      3548;        887.0;       ;      0.03;          ;     338.36;    0.098045;     -101.779653;     -101.681608;     -101.371205;     -0.51;        0.00
      3549;        887.2;       ;      0.03;          ;     338.50;    0.098085;     -101.779877;     -101.681792;     -101.371206;     -0.51;        0.00
      3550;        887.5;       ;      0.03;          ;     339.76;    0.098449;     -101.780047;     -101.681598;     -101.371207;     -0.52;        0.00
      3551;        887.8;       ;      0.03;          ;     336.52;    0.097512;     -101.780154;     -101.682641;     -101.371207;     -0.52;        0.00
      3552;        888.0;       ;      0.03;          ;     336.15;    0.097402;     -101.780195;     -101.682792;     -101.371207;     -0.52;        0.00
      3553;        888.2;       ;      0.03;          ;     333.17;    0.096541;     -101.780172;     -101.683631;     -101.371207;     -0.52;        0.00
      3554;        888.5;       ;      0.03;          ;     334.74;    0.096995;     -101.780088;     -101.683093;     -101.371207;     -0.52;        0.00
      3555;        888.8;       ;      0.03;          ;     334.25;    0.096855;     -101.779947;     -101.683092;     -101.371207;     -0.52;        0.00
      3556;        889.0;       ;      0.03;          ;     330.88;    0.095876;     -101.779751;     -101.683875;     -101.371206;     -0.52;        0.00
      3557;        889.2;       ;      0.04;          ;     332.19;    0.096255;     -101.779505;     -101.683250;     -101.371206;     -0.51;        0.00
      3558;        889.5;       ;      0.03;          ;     329.19;    0.095388;     -101.779213;     -101.683825;     -101.371206;     -0.51;        0.00
      3559;        889.8;       ;      0.03;          ;     328.73;    0.095255;     -101.778881;     -101.683626;     -101.371205;     -0.51;        0.00
      3560;        890.0;       ;      0.04;          ;     326.28;    0.094545;     -101.778518;     -101.683973;     -101.371205;     -0.51;        0.00
      3561;        890.2;       ;      0.03;          ;     323.64;    0.093779;     -101.778139;     -101.684360;     -101.371204;     -0.51;        0.00
      3562;        890.5;       ;      0.03;          ;     327.47;    0.094888;     -101.777760;     -101.682871;     -101.371203;     -0.51;        0.00
      3563;        890.8;       ;      0.03;          ;     329.01;    0.095334;     -101.777396;     -101.682062;     -101.371202;     -0.51;        0.00
      3564;        891.0;       ;      0.03;          ;     326.76;    0.094684;     -101.777066;     -101.682382;     -101.371201;     -0.51;        0.00
      3565;        891.2;       ;      0.03;          ;     325.65;    0.094362;     -101.776790;     -101.682429;     -101.371200;     -0.50;        0.00
      3566;        891.5;       ;      0.03;          ;     325.94;    0.094445;     -101.776584;     -101.682139;     -101.371199;     -0.50;        0.00
      3567;        891.8;       ;      0.03;          ;     322.41;    0.093424;     -101.776458;     -101.683035;     -101.371199;     -0.50;        0.00
      3568;        892.0;       ;      0.03;          ;     325.28;    0.094253;     -101.776420;     -101.682166;     -101.371199;     -0.50;        0.00
      3569;        892.2;       ;      0.03;          ;     325.52;    0.094325;     -101.776466;     -101.682141;     -101.371199;     -0.50;        0.00
      3570;        892.5;       ;      0.03;          ;     326.55;    0.094622;     -101.776589;     -101.681968;     -101.371200;     -0.50;        0.00
      3571;        892.8;       ;      0.03;          ;     324.05;    0.093898;     -101.776778;     -101.682881;     -101.371202;     -0.51;        0.00
      3572;        893.0;       ;      0.04;          ;     327.65;    0.094940;     -101.777016;     -101.682076;     -101.371203;     -0.51;        0.00
      3573;        893.2;       ;      0.03;          ;     329.60;    0.095507;     -101.777284;     -101.681777;     -101.371204;     -0.51;        0.00
      3574;        893.5;       ;      0.03;          ;     325.10;    0.094201;     -101.777561;     -101.683360;     -101.371205;     -0.51;        0.00
      3575;        893.8;       ;      0.03;          ;     322.21;    0.093366;     -101.777828;     -101.684462;     -101.371206;     -0.51;        0.00
      3576;        894.0;       ;      0.03;          ;     324.05;    0.093897;     -101.778075;     -101.684178;     -101.371207;     -0.52;        0.00
      3577;        894.2;       ;      0.03;          ;     322.00;    0.093303;     -101.778294;     -101.684990;     -101.371208;     -0.52;       15.60
      3578;        894.5;       ;      0.03;          ;     320.78;    0.092950;     -101.778478;     -101.685528;     -101.371208;     -0.52;       59.62
      3579;        894.8;       ;      0.03;          ;     321.24;    0.093083;     -101.778629;     -101.685546;     -101.371208;     -0.52;      100.00
      3580;        895.0;       ;      0.03;          ;     320.32;    0.092816;     -101.778752;     -101.685936;     -101.371207;     -0.52;      136.69
      3581;        895.2;       ;      0.03;          ;     318.54;    0.092302;     -101.778855;     -101.686554;     -101.371207;     -0.52;      169.52
      3582;        895.5;       ;      0.03;          ;     319.55;    0.092594;     -101.778951;     -101.686357;     -101.371207;     -0.52;      198.46
      3583;        895.8;       ;      0.03;          ;     319.97;    0.092717;     -101.779050;     -101.686333;     -101.371206;     -0.51;      223.71
      3584;        896.0;       ;      0.03;          ;     320.98;    0.093008;     -101.779164;     -101.686157;     -101.371205;     -0.51;      245.39
      3585;        896.2;       ;      0.03;          ;     322.94;    0.093576;     -101.779304;     -101.685728;     -101.371205;     -0.51;      263.72
      3586;        896.5;       ;      0.03;          ;     323.91;    0.093858;     -101.779477;     -101.685619;     -101.371205;     -0.51;      279.01
      3587;        896.8;       ;      0.03;          ;     320.79;    0.092952;     -101.779685;     -101.686733;     -101.371205;     -0.51;      291.58
      3588;        897.0;       ;      0.03;          ;     325.55;    0.094333;     -101.779934;     -101.685601;     -101.371205;     -0.51;      301.75
      3589;        897.2;       ;      0.06;          ;     327.78;    0.094977;     -101.780223;     -101.685246;     -101.371206;     -0.51;      310.08
      3590;        897.5;       ;      0.03;          ;     330.89;    0.095879;     -101.780547;     -101.684667;     -101.371207;     -0.52;      317.00
      3591;        897.8;       ;      0.03;          ;     329.45;    0.095463;     -101.780895;     -101.685431;     -101.371208;     -0.52;      323.00
      3592;        898.0;       ;      0.03;          ;     330.86;    0.095872;     -101.781253;     -101.685381;     -101.371209;     -0.52;      328.52
      3593;        898.2;       ;      0.03;          ;     328.50;    0.095188;     -101.781609;     -101.686420;     -101.371211;     -0.52;      334.06
      3594;        898.5;       ;      0.03;          ;     332.99;    0.096487;     -101.781940;     -101.685453;     -101.371212;     -0.52;      340.01
      3595;        898.8;       ;      0.03;          ;     334.09;    0.096808;     -101.782234;     -101.685426;     -101.371213;     -0.53;      346.82
      3596;        899.0;       ;      0.03;          ;     338.53;    0.098093;     -101.782472;     -101.684380;     -101.371214;     -0.53;      354.79
      3597;        899.2;       ;      0.03;          ;     337.84;    0.097895;     -101.782645;     -101.684750;     -101.371215;     -0.53;      364.21
      3598;        899.5;       ;      0.03;          ;     337.90;    0.097911;     -101.782742;     -101.684830;     -101.371215;     -0.53;      375.17
      3599;        899.8;       ;      0.03;          ;     333.52;    0.096642;     -101.782764;     -101.686122;     -101.371215;     -0.53;      387.77
      3600;        900.0;       ;      0.03;          ;     336.39;    0.097473;     -101.782718;     -101.685245;     -101.371215;     -0.53;      401.90
      3601;        900.2;       ;      0.03;          ;     338.13;    0.097978;     -101.782613;     -101.684636;     -101.371214;     -0.53;      417.61
      3602;        900.5;       ;      0.03;          ;     339.72;    0.098438;     -101.782462;     -101.684024;     -101.371213;     -0.53;      434.70
      3603;        900.8;       ;      0.03;          ;     342.58;    0.099267;     -101.782276;     -101.683010;     -101.371212;     -0.53;      452.89
      3604;        901.0;       ;      0.03;          ;     342.43;    0.099224;     -101.782069;     -101.682846;     -101.371212;     -0.52;      471.90
      3605;        901.2;       ;      0.03;          ;     343.06;    0.099407;     -101.781857;     -101.682450;     -101.371211;     -0.52;      491.24
      3606;        901.5;       ;      0.03;          ;     342.32;    0.099192;     -101.781653;     -101.682460;     -101.371210;     -0.52;      510.54
      3607;        901.8;       ;      0.03;          ;     340.10;    0.098549;     -101.781470;     -101.682921;     -101.371210;     -0.52;      529.29
      3608;        902.0;       ;      0.03;          ;     339.55;    0.098388;     -101.781319;     -101.682931;     -101.371209;     -0.52;      547.03
      3609;        902.2;       ;      0.03;          ;     338.37;    0.098047;     -101.781208;     -101.683161;     -101.371209;     -0.52;      563.35
      3610;        902.5;       ;      0.03;          ;     337.01;    0.097654;     -101.781140;     -101.683486;     -101.371209;     -0.52;      577.85
      3611;        902.8;       ;      0.03;          ;     338.51;    0.098087;     -101.781115;     -101.683029;     -101.371210;     -0.52;      590.16
      3612;        903.0;       ;      0.03;          ;     340.80;    0.098752;     -101.781130;     -101.682379;     -101.371210;     -0.52;      600.00
      3613;        903.2;       ;      0.03;          ;     340.16;    0.098565;     -101.781177;     -101.682613;     -101.371211;     -0.52;      630.24
      3614;        903.5;       ;      0.03;          ;     340.56;    0.098681;     -101.781249;     -101.682568;     -101.371212;     -0.52;      700.25
      3615;        903.8;       ;      0.03;          ;     342.49;    0.099240;     -101.781335;     -101.682095;     -101.371213;     -0.53;      763.14
      3616;        904.0;       ;      0.03;          ;     344.28;    0.099760;     -101.781424;     -101.681665;     -101.371213;     -0.53;      819.16
      3617;        904.2;       ;      0.03;          ;     349.45;    0.101259;     -101.781505;     -101.680246;     -101.371214;     -0.53;      868.61
      3618;        904.5;       ;      0.03;          ;     351.35;    0.101809;     -101.781563;     -101.679753;     -101.371215;     -0.53;      912.24
      3619;        904.8;       ;      0.03;          ;     352.18;    0.102048;     -101.781583;     -101.679535;     -101.371218;     -0.54;     1005.88
      3620;        905.0;       ;      0.03;          ;     351.48;    0.101846;     -101.781559;     -101.679713;     -101.371218;     -0.54;     1163.90
      3621;        905.2;       ;      0.03;          ;     347.30;    0.100635;     -101.781487;     -101.680852;     -101.371218;     -0.54;     1317.92
      3622;        905.5;       ;      0.03;          ;     344.20;    0.099736;     -101.781375;     -101.681639;     -101.371218;     -0.54;     1468.17
      3623;        905.8;       ;      0.03;          ;     344.17;    0.099726;     -101.781235;     -101.681508;     -101.371217;     -0.53;     1615.97
      3624;        906.0;       ;      0.03;          ;     345.11;    0.100001;     -101.781084;     -101.681083;     -101.371216;     -0.53;     1763.11
      3625;        906.2;       ;      0.03;          ;     343.00;    0.099389;     -101.780943;     -101.681554;     -101.371215;     -0.53;     1910.92
      3626;        906.5;       ;      0.03;          ;     341.12;    0.098844;     -101.780836;     -101.681992;     -101.371213;     -0.53;     2059.84
      3627;        906.8;       ;      0.03;          ;     337.72;    0.097860;     -101.780789;     -101.682929;     -101.371212;     -0.53;     2210.90
      3628;        907.0;       ;      0.03;          ;     335.58;    0.097237;     -101.780826;     -101.683588;     -101.371211;     -0.52;     2364.61
      3629;        907.2;       ;      0.03;          ;     333.46;    0.096624;     -101.780959;     -101.684335;     -101.371211;     -0.52;     2521.83
      3630;        907.5;       ;      0.03;          ;     334.18;    0.096832;     -101.781197;     -101.684365;     -101.371211;     -0.52;     2687.57
      3631;        907.8;       ;      0.03;          ;     336.41;    0.097481;     -101.781537;     -101.684057;     -101.371212;     -0.53;     2924.47
      3632;        908.0;       ;      0.03;          ;     336.60;    0.097535;     -101.781966;     -101.684430;     -101.371213;     -0.53;     3165.10
      3633;        908.2;       ;      0.03;          ;     333.01;    0.096494;     -101.782461;     -101.685967;     -101.371215;     -0.53;     3407.78
      3634;        908.5;       ;      0.03;          ;     333.94;    0.096763;     -101.782997;     -101.686235;     -101.371216;     -0.53;     3649.93
      3635;        908.8;       ;      0.03;          ;     336.48;    0.097499;     -101.783553;     -101.686054;     -101.371218;     -0.53;     3891.79
      3636;        909.0;       ;      0.04;          ;     337.05;    0.097665;     -101.784102;     -101.686437;     -101.371219;     -0.54;     4132.34
      3637;        909.2;       ;      0.03;          ;     333.86;    0.096740;     -101.784620;     -101.687880;     -101.371220;     -0.54;     4369.16
      3638;        909.5;       ;      0.03;          ;     333.94;    0.096762;     -101.785087;     -101.688324;     -101.371220;     -0.54;     4599.12
      3639;        909.8;       ;      0.03;          ;     332.49;    0.096344;     -101.785495;     -101.689151;     -101.371220;     -0.54;     4821.55
      3640;        910.0;       ;      0.04;          ;     331.12;    0.095947;     -101.785840;     -101.689893;     -101.371220;     -0.54;     5034.13
      3641;        910.2;       ;      0.04;          ;     329.64;    0.095518;     -101.786123;     -101.690605;     -101.371219;     -0.54;     5235.16
      3642;        910.5;       ;      0.03;          ;     331.98;    0.096196;     -101.786351;     -101.690155;     -101.371218;     -0.54;     5422.97
      3643;        910.8;       ;      0.04;          ;     332.97;    0.096482;     -101.786533;     -101.690051;     -101.371217;     -0.53;     5597.15
      3644;        911.0;       ;      0.03;          ;     334.49;    0.096922;     -101.786679;     -101.689757;     -101.371216;     -0.53;     5755.99
      3645;        911.2;       ;      0.03;          ;     327.91;    0.095016;     -101.786802;     -101.691785;     -101.371215;     -0.53;     5898.49
      3646;        911.5;       ;      0.03;          ;     326.39;    0.094575;     -101.786913;     -101.692338;     -101.371214;     -0.53;     6022.13
      3647;        911.8;       ;      0.03;          ;     328.35;    0.095143;     -101.787029;     -101.691886;     -101.371213;     -0.53;     6127.40
      3648;        912.0;       ;      0.03;          ;     334.12;    0.096814;     -101.787158;     -101.690344;     -101.371213;     -0.53;     6214.57
      3649;        912.2;       ;      0.03;          ;     335.22;    0.097133;     -101.787304;     -101.690170;     -101.371213;     -0.53;     6284.06
      3650;        912.5;       ;      0.03;          ;     332.65;    0.096389;     -101.787464;     -101.691075;     -101.371213;     -0.53;     6335.62
      3651;        912.8;       ;      0.03;          ;     332.08;    0.096224;     -101.787634;     -101.691410;     -101.371214;     -0.53;     6369.64
      3652;        913.0;       ;      0.03;          ;     332.43;    0.096327;     -101.787808;     -101.691481;     -101.371215;     -0.53;     6387.15
      3653;        913.2;       ;      0.03;          ;     333.59;    0.096663;     -101.787975;     -101.691312;     -101.371216;     -0.53;     6389.34
      3654;        913.5;       ;      0.03;          ;     334.10;    0.096811;     -101.788120;     -101.691309;     -101.371217;     -0.53;     6377.58
      3655;        913.8;       ;      0.03;          ;     328.84;    0.095285;     -101.788226;     -101.692941;     -101.371218;     -0.54;     6353.40
      3656;        914.0;       ;      0.03;          ;     331.30;    0.095997;     -101.788280;     -101.692283;     -101.371219;     -0.54;     6318.72
      3657;        914.2;       ;      0.03;          ;     330.75;    0.095839;     -101.788270;     -101.692431;     -101.371220;     -0.54;     6274.88
      3658;        914.5;       ;      0.03;          ;     331.05;    0.095925;     -101.788187;     -101.692261;     -101.371221;     -0.54;     6223.81
      3659;        914.8;       ;      0.03;          ;     329.52;    0.095483;     -101.788029;     -101.692545;     -101.371221;     -0.54;     6167.13
      3660;        915.0;       ;      0.03;          ;     328.29;    0.095126;     -101.787802;     -101.692676;     -101.371220;     -0.54;     6106.61
      3661;        915.2;       ;      0.03;          ;     326.74;    0.094676;     -101.787522;     -101.692846;     -101.371219;     -0.54;     6043.66
      3662;        915.5;       ;      0.03;          ;     324.77;    0.094107;     -101.787212;     -101.693105;     -101.371218;     -0.53;     5979.58
      3663;        915.8;       ;      0.03;          ;     322.27;    0.093383;     -101.786900;     -101.693517;     -101.371216;     -0.53;     5915.42
      3664;        916.0;       ;      0.03;          ;     323.09;    0.093618;     -101.786616;     -101.692997;     -101.371215;     -0.53;     5851.98
      3665;        916.2;       ;      0.03;          ;     323.74;    0.093807;     -101.786384;     -101.692578;     -101.371214;     -0.53;     5789.36
      3666;        916.5;       ;      0.03;          ;     326.15;    0.094507;     -101.786226;     -101.691720;     -101.371213;     -0.53;     5727.74
      3667;        916.8;       ;      0.03;          ;     323.79;    0.093822;     -101.786154;     -101.692331;     -101.371213;     -0.53;     5666.78
      3668;        917.0;       ;      0.03;          ;     322.78;    0.093530;     -101.786170;     -101.692640;     -101.371214;     -0.53;     5606.49
      3669;        917.2;       ;      0.03;          ;     329.06;    0.095349;     -101.786272;     -101.690923;     -101.371215;     -0.53;     5546.01
      3670;        917.5;       ;      0.03;          ;     329.88;    0.095587;     -101.786445;     -101.690858;     -101.371216;     -0.53;     5483.74
      3671;        917.8;       ;      0.03;          ;     329.57;    0.095497;     -101.786669;     -101.691172;     -101.371217;     -0.53;     5419.06
      3672;        918.0;       ;      0.03;          ;     332.80;    0.096432;     -101.786921;     -101.690489;     -101.371219;     -0.54;     5350.83
      3673;        918.2;       ;      0.03;          ;     333.63;    0.096675;     -101.787182;     -101.690507;     -101.371220;     -0.54;     5291.66
      3674;        918.5;       ;      0.03;          ;     332.08;    0.096224;     -101.787431;     -101.691207;     -101.371221;     -0.54;     5228.87
      3675;        918.8;       ;      0.03;          ;     330.55;    0.095780;     -101.787650;     -101.691870;     -101.371222;     -0.54;     5157.75
      3676;        919.0;       ;      0.03;          ;     332.97;    0.096481;     -101.787832;     -101.691350;     -101.371223;     -0.54;     5077.46
      3677;        919.2;       ;      0.03;          ;     330.64;    0.095808;     -101.787970;     -101.692162;     -101.371223;     -0.54;     4986.83
      3678;        919.5;       ;      0.03;          ;     330.14;    0.095662;     -101.788061;     -101.692400;     -101.371223;     -0.54;     4885.98
      3679;        919.8;       ;      0.03;          ;     329.00;    0.095333;     -101.788110;     -101.692777;     -101.371223;     -0.54;     4774.34
      3680;        920.0;       ;      0.03;          ;     330.87;    0.095874;     -101.788121;     -101.692247;     -101.371223;     -0.54;     4651.93
      3681;        920.2;       ;      0.03;          ;     333.60;    0.096665;     -101.788104;     -101.691439;     -101.371222;     -0.54;     4518.32
      3682;        920.5;       ;      0.03;          ;     333.44;    0.096619;     -101.788067;     -101.691448;     -101.371222;     -0.54;     4373.64
      3683;        920.8;       ;      0.03;          ;     334.03;    0.096790;     -101.788024;     -101.691234;     -101.371221;     -0.54;     4219.03
      3684;        921.0;       ;      0.03;          ;     332.37;    0.096307;     -101.787988;     -101.691680;     -101.371221;     -0.54;     4055.08
      3685;        921.2;       ;      0.03;          ;     333.14;    0.096531;     -101.787975;     -101.691444;     -101.371220;     -0.54;     3883.29
      3686;        921.5;       ;      0.03;          ;     333.93;    0.096759;     -101.788000;     -101.691240;     -101.371220;     -0.54;     3704.12
      3687;        921.8;       ;      0.03;          ;     336.12;    0.097396;     -101.788075;     -101.690679;     -101.371220;     -0.54;     3518.82
      3688;        922.0;       ;      0.03;          ;     337.06;    0.097667;     -101.788208;     -101.690541;     -101.371220;     -0.54;     3347.25
      3689;        922.2;       ;      0.04;          ;     343.15;    0.099432;     -101.788405;     -101.688974;     -101.371220;     -0.54;     3178.84
      3690;        922.5;       ;      0.03;          ;     344.43;    0.099803;     -101.788667;     -101.688864;     -101.371220;     -0.54;     3006.25
      3691;        922.8;       ;      0.03;          ;     339.62;    0.098409;     -101.788985;     -101.690576;     -101.371221;     -0.54;     2914.16
      3692;        923.0;       ;      0.03;          ;     343.80;    0.099621;     -101.789349;     -101.689728;     -101.371222;     -0.54;     2833.87
      3693;        923.2;       ;      0.03;          ;     343.54;    0.099545;     -101.789748;     -101.690204;     -101.371223;     -0.54;     2752.11
      3694;        923.5;       ;      0.03;          ;     343.50;    0.099535;     -101.790162;     -101.690627;     -101.371225;     -0.55;     2670.04
      3695;        923.8;       ;      0.03;          ;     345.29;    0.100054;     -101.790567;     -101.690514;     -101.371227;     -0.55;     2588.15
      3696;        924.0;       ;      0.03;          ;     345.97;    0.100248;     -101.790944;     -101.690696;     -101.371229;     -0.55;     2506.60
      3697;        924.2;       ;      0.03;          ;     347.40;    0.100665;     -101.791269;     -101.690604;     -101.371230;     -0.56;     2425.73
      3698;        924.5;       ;      0.03;          ;     350.66;    0.101608;     -101.791523;     -101.689915;     -101.371232;     -0.56;     2359.44
      3699;        924.8;       ;      0.03;          ;     349.75;    0.101344;     -101.791694;     -101.690351;     -101.371233;     -0.56;     2357.37
      3700;        925.0;       ;      0.03;          ;     351.25;    0.101778;     -101.791775;     -101.689997;     -101.371233;     -0.56;     2354.73
      3701;        925.2;       ;      0.03;          ;     353.79;    0.102517;     -101.791769;     -101.689253;     -101.371232;     -0.56;     2351.10
      3702;        925.5;       ;      0.03;          ;     355.07;    0.102888;     -101.791686;     -101.688799;     -101.371232;     -0.56;     2345.95
      3703;        925.8;       ;      0.04;          ;     360.07;    0.104336;     -101.791540;     -101.687204;     -101.371231;     -0.56;     2338.74
      3704;        926.0;       ;      0.03;          ;     359.03;    0.104033;     -101.791346;     -101.687313;     -101.371230;     -0.56;     2328.79
      3705;        926.2;       ;      0.03;          ;     357.13;    0.103484;     -101.791127;     -101.687642;     -101.371228;     -0.55;     2315.58
      3706;        926.5;       ;      0.03;          ;     359.79;    0.104255;     -101.790905;     -101.686650;     -101.371227;     -0.55;     2298.51
      3707;        926.8;       ;      0.03;          ;     362.31;    0.104983;     -101.790702;     -101.685719;     -101.371226;     -0.55;     2276.88
      3708;        927.0;       ;      0.03;          ;     363.57;    0.105350;     -101.790536;     -101.685186;     -101.371226;     -0.55;     2250.16
      3709;        927.2;       ;      0.03;          ;     361.40;    0.104722;     -101.790420;     -101.685698;     -101.371225;     -0.55;     2217.90
      3710;        927.5;       ;      0.03;          ;     364.85;    0.105719;     -101.790366;     -101.684647;     -101.371225;     -0.55;     2179.83
      3711;        927.8;       ;      0.03;          ;     366.59;    0.106224;     -101.790379;     -101.684155;     -101.371225;     -0.55;     2135.32
      3712;        928.0;       ;      0.03;          ;     366.41;    0.106172;     -101.790452;     -101.684280;     -101.371226;     -0.55;     2084.21
      3713;        928.2;       ;      0.03;          ;     366.95;    0.106328;     -101.790577;     -101.684249;     -101.371227;     -0.55;     2026.42
      3714;        928.5;       ;      0.03;          ;     365.34;    0.105864;     -101.790739;     -101.684875;     -101.371228;     -0.55;     1961.80
      3715;        928.8;       ;      0.03;          ;     365.04;    0.105775;     -101.790921;     -101.685146;     -101.371229;     -0.55;     1890.51
      3716;        929.0;       ;      0.03;          ;     367.00;    0.106344;     -101.791106;     -101.684762;     -101.371231;     -0.56;     1818.18
      3717;        929.2;       ;      0.03;          ;     362.98;    0.105180;     -101.791277;     -101.686097;     -101.371232;     -0.56;     1778.82
      3718;        929.5;       ;      0.03;          ;     363.51;    0.105331;     -101.791416;     -101.686085;     -101.371232;     -0.56;     1732.85
      3719;        929.8;       ;      0.03;          ;     364.80;    0.105706;     -101.791516;     -101.685810;     -101.371231;     -0.56;     1726.48
      3720;        930.0;       ;      0.03;          ;     366.82;    0.106290;     -101.791570;     -101.685280;     -101.371231;     -0.56;     1797.18
      3721;        930.2;       ;      0.03;          ;     367.86;    0.106592;     -101.791577;     -101.684985;     -101.371231;     -0.56;     1877.76
      3722;        930.5;       ;      0.03;          ;     368.30;    0.106718;     -101.791541;     -101.684823;     -101.371230;     -0.56;     1954.44
      3723;        930.8;       ;      0.03;          ;     366.08;    0.106076;     -101.791469;     -101.685393;     -101.371229;     -0.55;     2026.77
      3724;        931.0;       ;      0.03;          ;     365.94;    0.106037;     -101.791374;     -101.685338;     -101.371228;     -0.55;     2094.12
      3725;        931.2;       ;      0.03;          ;     363.04;    0.105196;     -101.791270;     -101.686075;     -101.371227;     -0.55;     2156.37
      3726;        931.5;       ;      0.03;          ;     362.31;    0.104984;     -101.791171;     -101.686187;     -101.371227;     -0.55;     2213.04
      3727;        931.8;       ;      0.03;          ;     361.08;    0.104629;     -101.791089;     -101.686460;     -101.371226;     -0.55;     2264.11
      3728;        932.0;       ;      0.03;          ;     364.66;    0.105666;     -101.791033;     -101.685367;     -101.371226;     -0.55;     2309.46
      3729;        932.2;       ;      0.03;          ;     363.33;    0.105279;     -101.791006;     -101.685727;     -101.371226;     -0.55;     2349.35
      3730;        932.5;       ;      0.03;          ;     360.60;    0.104490;     -101.791008;     -101.686518;     -101.371226;     -0.55;     2383.57
      3731;        932.8;       ;      0.03;          ;     363.91;    0.105448;     -101.791036;     -101.685587;     -101.371227;     -0.55;     2412.21
      3732;        933.0;       ;      0.03;          ;     365.12;    0.105799;     -101.791081;     -101.685282;     -101.371227;     -0.55;     2435.76
      3733;        933.2;       ;      0.03;          ;     367.94;    0.106615;     -101.791132;     -101.684517;     -101.371228;     -0.55;     2454.45
      3734;        933.5;       ;      0.03;          ;     367.72;    0.106553;     -101.791178;     -101.684626;     -101.371229;     -0.55;     2468.71
      3735;        933.8;       ;      0.03;          ;     371.11;    0.107534;     -101.791206;     -101.683672;     -101.371230;     -0.56;     2478.96
      3736;        934.0;       ;      0.03;          ;     366.25;    0.106127;     -101.791205;     -101.685078;     -101.371231;     -0.56;     2485.75
      3737;        934.2;       ;      0.03;          ;     370.09;    0.107240;     -101.791169;     -101.683929;     -101.371232;     -0.56;     2489.58
      3738;        934.5;       ;      0.03;          ;     371.59;    0.107674;     -101.791095;     -101.683421;     -101.371232;     -0.56;     2491.11
      3739;        934.8;       ;      0.03;          ;     368.80;    0.106866;     -101.790982;     -101.684116;     -101.371233;     -0.56;     2490.92
      3740;        935.0;       ;      0.03;          ;     368.92;    0.106901;     -101.790831;     -101.683931;     -101.371233;     -0.56;     2489.65
      3741;        935.2;       ;      0.03;          ;     367.48;    0.106482;     -101.790647;     -101.684165;     -101.371233;     -0.56;     2487.90
      3742;        935.5;       ;      0.03;          ;     366.31;    0.106143;     -101.790431;     -101.684287;     -101.371233;     -0.56;     2486.23
      3743;        935.8;       ;      0.03;          ;     368.47;    0.106768;     -101.790186;     -101.683418;     -101.371233;     -0.56;     2485.19
      3744;        936.0;       ;      0.03;          ;     367.65;    0.106530;     -101.789911;     -101.683380;     -101.371233;     -0.56;     2485.25
      3745;        936.2;       ;      0.03;          ;     371.27;    0.107581;     -101.789607;     -101.682026;     -101.371233;     -0.56;     2486.81
      3746;        936.5;       ;      0.03;          ;     369.52;    0.107073;     -101.789275;     -101.682201;     -101.371233;     -0.56;     2490.23
      3747;        936.8;       ;      0.03;          ;     370.15;    0.107255;     -101.788923;     -101.681668;     -101.371232;     -0.56;     2495.73
      3748;        937.0;       ;      0.03;          ;     366.07;    0.106075;     -101.788558;     -101.682484;     -101.371232;     -0.56;     2503.49
      3749;        937.2;       ;      0.03;          ;     362.00;    0.104894;     -101.788198;     -101.683304;     -101.371231;     -0.56;     2513.53
      3750;        937.5;       ;      0.03;          ;     361.12;    0.104638;     -101.787856;     -101.683218;     -101.371230;     -0.56;     2525.81
      3751;        937.8;       ;      0.03;          ;     361.10;    0.104633;     -101.787544;     -101.682911;     -101.371229;     -0.55;     2540.26
      3752;        938.0;       ;      0.03;          ;     361.40;    0.104720;     -101.787272;     -101.682553;     -101.371229;     -0.55;     2556.70
      3753;        938.2;       ;      0.04;          ;     356.70;    0.103358;     -101.787045;     -101.683687;     -101.371229;     -0.55;     2574.90
      3754;        938.5;       ;      0.03;          ;     358.46;    0.103869;     -101.786867;     -101.682998;     -101.371229;     -0.55;     2594.37
      3755;        938.8;       ;      0.04;          ;     354.73;    0.102787;     -101.786734;     -101.683947;     -101.371229;     -0.55;     2614.94
      3756;        939.0;       ;      0.03;          ;     355.17;    0.102914;     -101.786641;     -101.683727;     -101.371230;     -0.56;     2636.03
      3757;        939.2;       ;      0.03;          ;     355.96;    0.103144;     -101.786578;     -101.683435;     -101.371231;     -0.56;     2657.34
      3758;        939.5;       ;      0.03;          ;     354.58;    0.102745;     -101.786533;     -101.683788;     -101.371231;     -0.56;     2678.43
      3759;        939.8;       ;      0.03;          ;     352.06;    0.102015;     -101.786495;     -101.684480;     -101.371232;     -0.56;     2698.81
      3760;        940.0;       ;      0.03;          ;     353.50;    0.102432;     -101.786455;     -101.684023;     -101.371232;     -0.56;     2718.03
      3761;        940.2;       ;      0.03;          ;     354.12;    0.102612;     -101.786405;     -101.683794;     -101.371232;     -0.56;     2735.82
      3762;        940.5;       ;      0.03;          ;     353.08;    0.102310;     -101.786341;     -101.684031;     -101.371232;     -0.56;     2751.80
      3763;        940.8;       ;      0.03;          ;     352.60;    0.102172;     -101.786258;     -101.684086;     -101.371232;     -0.56;     2765.61
      3764;        941.0;       ;      0.03;          ;     353.69;    0.102487;     -101.786159;     -101.683672;     -101.371232;     -0.56;     2777.02
      3765;        941.2;       ;      0.03;          ;     350.68;    0.101615;     -101.786044;     -101.684429;     -101.371232;     -0.56;     2785.85
      3766;        941.5;       ;      0.03;          ;     347.12;    0.100584;     -101.785919;     -101.685335;     -101.371231;     -0.56;     2791.91
      3767;        941.8;       ;      0.03;          ;     345.33;    0.100065;     -101.785787;     -101.685723;     -101.371231;     -0.56;     2795.10
      3768;        942.0;       ;      0.03;          ;     339.94;    0.098501;     -101.785654;     -101.687153;     -101.371231;     -0.56;     2795.45
      3769;        942.2;       ;      0.03;          ;     336.88;    0.097614;     -101.785522;     -101.687907;     -101.371231;     -0.56;     2792.98
      3770;        942.5;       ;      0.03;          ;     337.19;    0.097704;     -101.785391;     -101.687687;     -101.371231;     -0.56;     2787.81
      3771;        942.8;       ;      0.03;          ;     337.57;    0.097816;     -101.785259;     -101.687443;     -101.371232;     -0.56;     2780.04
      3772;        943.0;       ;      0.03;          ;     338.03;    0.097947;     -101.785122;     -101.687175;     -101.371232;     -0.56;     2769.87
      3773;        943.2;       ;      0.03;          ;     335.10;    0.097099;     -101.784974;     -101.687875;     -101.371232;     -0.56;     2757.50
      3774;        943.5;       ;      0.03;          ;     330.40;    0.095738;     -101.784814;     -101.689075;     -101.371232;     -0.56;     2743.27
      3775;        943.8;       ;      0.04;          ;     330.71;    0.095828;     -101.784644;     -101.688816;     -101.371233;     -0.56;     2727.47
      3776;        944.0;       ;      0.03;          ;     332.17;    0.096252;     -101.784465;     -101.688213;     -101.371233;     -0.56;     2710.28
      3777;        944.2;       ;      0.03;          ;     328.68;    0.095241;     -101.784276;     -101.689036;     -101.371232;     -0.56;     2691.94
      3778;        944.5;       ;      0.03;          ;     327.30;    0.094838;     -101.784085;     -101.689247;     -101.371232;     -0.56;     2672.83
      3779;        944.8;       ;      0.03;          ;     326.31;    0.094552;     -101.783896;     -101.689344;     -101.371232;     -0.56;     2653.16
      3780;        945.0;       ;      0.04;          ;     328.47;    0.095180;     -101.783714;     -101.688535;     -101.371232;     -0.56;     2633.11
      3781;        945.2;       ;      0.03;          ;     327.47;    0.094888;     -101.783541;     -101.688653;     -101.371232;     -0.56;     2612.76
      3782;        945.5;       ;      0.03;          ;     332.46;    0.096334;     -101.783379;     -101.687045;     -101.371232;     -0.56;     2592.35
      3783;        945.8;       ;      0.04;          ;     330.66;    0.095814;     -101.783229;     -101.687415;     -101.371232;     -0.56;     2571.77
      3784;        946.0;       ;      0.03;          ;     328.96;    0.095321;     -101.783093;     -101.687772;     -101.371232;     -0.56;     2551.27
      3785;        946.2;       ;      0.03;          ;     328.60;    0.095217;     -101.782973;     -101.687756;     -101.371232;     -0.56;     2530.83
      3786;        946.5;       ;      0.04;          ;     326.00;    0.094463;     -101.782870;     -101.688407;     -101.371232;     -0.56;     2510.34
      3787;        946.8;       ;      0.03;          ;     325.52;    0.094322;     -101.782786;     -101.688464;     -101.371232;     -0.56;     2489.78
      3788;        947.0;       ;      0.03;          ;     329.73;    0.095543;     -101.782724;     -101.687180;     -101.371232;     -0.56;     2468.94
      3789;        947.2;       ;      0.03;          ;     327.40;    0.094867;     -101.782680;     -101.687812;     -101.371232;     -0.56;     2447.48
      3790;        947.5;       ;      0.03;          ;     327.29;    0.094837;     -101.782651;     -101.687814;     -101.371232;     -0.56;     2425.43
      3791;        947.8;       ;      0.03;          ;     327.25;    0.094825;     -101.782635;     -101.687810;     -101.371232;     -0.56;     2402.52
      3792;        948.0;       ;      0.04;          ;     329.88;    0.095586;     -101.782628;     -101.687042;     -101.371232;     -0.56;     2378.52
      3793;        948.2;       ;      0.03;          ;     330.82;    0.095860;     -101.782626;     -101.686766;     -101.371233;     -0.56;     2353.15
      3794;        948.5;       ;      0.03;          ;     330.79;    0.095851;     -101.782625;     -101.686773;     -101.371233;     -0.56;     2326.27
      3795;        948.8;       ;      0.03;          ;     333.40;    0.096608;     -101.782620;     -101.686011;     -101.371233;     -0.56;     2325.62
      3796;        949.0;       ;      0.03;          ;     337.16;    0.097695;     -101.782608;     -101.684912;     -101.371233;     -0.56;     2334.41
      3797;        949.2;       ;      0.03;          ;     342.16;    0.099144;     -101.782585;     -101.683441;     -101.371234;     -0.56;     2417.71
      3798;        949.5;       ;      0.03;          ;     341.02;    0.098815;     -101.782548;     -101.683733;     -101.371234;     -0.56;     2529.58
      3799;        949.8;       ;      0.03;          ;     342.29;    0.099183;     -101.782496;     -101.683313;     -101.371234;     -0.56;     2637.68
      3800;        950.0;       ;      0.03;          ;     344.97;    0.099960;     -101.782429;     -101.682468;     -101.371234;     -0.56;     2742.03
      3801;        950.2;       ;      0.03;          ;     342.15;    0.099143;     -101.782346;     -101.683202;     -101.371234;     -0.56;     2842.48
      3802;        950.5;       ;      0.03;          ;     343.36;    0.099492;     -101.782246;     -101.682754;     -101.371234;     -0.56;     2937.98
      3803;        950.8;       ;      0.03;          ;     341.45;    0.098941;     -101.782127;     -101.683186;     -101.371234;     -0.56;     3028.92
      3804;        951.0;       ;      0.03;          ;     341.64;    0.098995;     -101.781985;     -101.682990;     -101.371235;     -0.56;     3114.76
      3805;        951.2;       ;      0.03;          ;     341.44;    0.098936;     -101.781815;     -101.682879;     -101.371235;     -0.56;     3195.71
      3806;        951.5;       ;      0.03;          ;     340.79;    0.098747;     -101.781612;     -101.682864;     -101.371235;     -0.56;     3271.72
      3807;        951.8;       ;      0.03;          ;     338.62;    0.098120;     -101.781370;     -101.683250;     -101.371236;     -0.57;     3342.80
      3808;        952.0;       ;      0.04;          ;     340.03;    0.098528;     -101.781086;     -101.682558;     -101.371236;     -0.57;     3408.90
      3809;        952.2;       ;      0.03;          ;     338.14;    0.097981;     -101.780756;     -101.682775;     -101.371236;     -0.57;     3470.49
      3810;        952.5;       ;      0.03;          ;     338.01;    0.097944;     -101.780381;     -101.682437;     -101.371236;     -0.57;     3527.46
      3811;        952.8;       ;      0.03;          ;     334.19;    0.096835;     -101.779963;     -101.683128;     -101.371235;     -0.56;     3580.14
      3812;        953.0;       ;      0.03;          ;     333.65;    0.096679;     -101.779511;     -101.682831;     -101.371235;     -0.56;     3628.42
      3813;        953.2;       ;      0.03;          ;     333.09;    0.096516;     -101.779036;     -101.682520;     -101.371234;     -0.56;     3672.75
      3814;        953.5;       ;      0.04;          ;     330.51;    0.095770;     -101.778551;     -101.682782;     -101.371233;     -0.56;     3713.30
      3815;        953.8;       ;      0.03;          ;     327.03;    0.094760;     -101.778076;     -101.683316;     -101.371232;     -0.56;     3750.09
      3816;        954.0;       ;      0.03;          ;     324.87;    0.094134;     -101.777626;     -101.683492;     -101.371231;     -0.56;     3783.21
      3817;        954.2;       ;      0.03;          ;     322.82;    0.093542;     -101.777213;     -101.683671;     -101.371231;     -0.56;     3812.83
      3818;        954.5;       ;      0.03;          ;     323.54;    0.093751;     -101.776846;     -101.683094;     -101.371230;     -0.56;     3839.00
      3819;        954.8;       ;      0.04;          ;     325.08;    0.094196;     -101.776527;     -101.682331;     -101.371230;     -0.56;     3861.86
      3820;        955.0;       ;      0.04;          ;     326.63;    0.094644;     -101.776258;     -101.681614;     -101.371230;     -0.56;     3881.39
      3821;        955.2;       ;      0.03;          ;     328.35;    0.095142;     -101.776032;     -101.680890;     -101.371231;     -0.56;     3897.52
      3822;        955.5;       ;      0.03;          ;     326.72;    0.094672;     -101.775844;     -101.681172;     -101.371231;     -0.56;     3910.14
      3823;        955.8;       ;      0.03;          ;     326.02;    0.094469;     -101.775684;     -101.681216;     -101.371232;     -0.56;     3919.07
      3824;        956.0;       ;      0.03;          ;     324.78;    0.094111;     -101.775547;     -101.681436;     -101.371233;     -0.56;     3924.18
      3825;        956.2;       ;      0.03;          ;     319.44;    0.092563;     -101.775421;     -101.682859;     -101.371233;     -0.56;     3925.30
      3826;        956.5;       ;      0.03;          ;     319.59;    0.092604;     -101.775302;     -101.682697;     -101.371234;     -0.56;     3922.28
      3827;        956.8;       ;      0.03;          ;     318.97;    0.092427;     -101.775178;     -101.682751;     -101.371235;     -0.56;     3914.96
      3828;        957.0;       ;      0.03;          ;     316.06;    0.091582;     -101.775043;     -101.683461;     -101.371236;     -0.57;     3903.17
      3829;        957.2;       ;      0.03;          ;     319.50;    0.092580;     -101.774889;     -101.682309;     -101.371236;     -0.57;     3886.83
      3830;        957.5;       ;      0.03;          ;     318.13;    0.092183;     -101.774711;     -101.682529;     -101.371236;     -0.57;     3865.67
      3831;        957.8;       ;      0.03;          ;     318.99;    0.092432;     -101.774507;     -101.682075;     -101.371237;     -0.57;     3839.74
      3832;        958.0;       ;      0.03;          ;     317.20;    0.091912;     -101.774274;     -101.682363;     -101.371237;     -0.57;     3808.91
      3833;        958.2;       ;      0.03;          ;     316.13;    0.091603;     -101.774017;     -101.682413;     -101.371237;     -0.57;     3773.29
      3834;        958.5;       ;      0.03;          ;     316.78;    0.091791;     -101.773740;     -101.681949;     -101.371236;     -0.57;     3732.88
      3835;        958.8;       ;      0.03;          ;     316.59;    0.091735;     -101.773453;     -101.681718;     -101.371235;     -0.57;     3687.66
      3836;        959.0;       ;      0.03;          ;     314.29;    0.091070;     -101.773166;     -101.682096;     -101.371235;     -0.56;     3637.81
      3837;        959.2;       ;      0.03;          ;     315.38;    0.091385;     -101.772890;     -101.681506;     -101.371234;     -0.56;     3583.67
      3838;        959.5;       ;      0.03;          ;     315.61;    0.091451;     -101.772634;     -101.681183;     -101.371234;     -0.56;     3525.17
      3839;        959.8;       ;      0.03;          ;     315.00;    0.091275;     -101.772403;     -101.681127;     -101.371234;     -0.56;     3462.66
      3840;        960.0;       ;      0.03;          ;     314.01;    0.090988;     -101.772202;     -101.681214;     -101.371234;     -0.56;     3396.53
      3841;        960.2;       ;      0.03;          ;     310.60;    0.090002;     -101.772033;     -101.682032;     -101.371234;     -0.56;     3327.16
      3842;        960.5;       ;      0.03;          ;     311.14;    0.090156;     -101.771895;     -101.681739;     -101.371235;     -0.56;     3255.22
      3843;        960.8;       ;      0.03;          ;     310.18;    0.089878;     -101.771780;     -101.681903;     -101.371235;     -0.57;     3180.64
      3844;        961.0;       ;      0.03;          ;     311.22;    0.090179;     -101.771679;     -101.681500;     -101.371236;     -0.57;     3104.03
      3845;        961.2;       ;      0.03;          ;     310.46;    0.089959;     -101.771578;     -101.681619;     -101.371237;     -0.57;     3029.40
      3846;        961.5;       ;      0.03;          ;     311.96;    0.090393;     -101.771467;     -101.681074;     -101.371238;     -0.57;     2971.68
      3847;        961.8;       ;      0.03;          ;     315.57;    0.091440;     -101.771333;     -101.679894;     -101.371239;     -0.57;     2912.20
      3848;        962.0;       ;      0.03;          ;     314.82;    0.091222;     -101.771165;     -101.679943;     -101.371239;     -0.57;     2850.89
      3849;        962.2;       ;      0.03;          ;     309.35;    0.089639;     -101.770957;     -101.681318;     -101.371239;     -0.57;     2788.30
      3850;        962.5;       ;      0.03;          ;     308.93;    0.089515;     -101.770712;     -101.681196;     -101.371240;     -0.57;     2725.02
      3851;        962.8;       ;      0.03;          ;     308.58;    0.089414;     -101.770433;     -101.681019;     -101.371240;     -0.57;     2660.67
      3852;        963.0;       ;      0.03;          ;     309.31;    0.089626;     -101.770124;     -101.680498;     -101.371240;     -0.57;     2595.35
      3853;        963.2;       ;      0.03;          ;     308.97;    0.089527;     -101.769788;     -101.680261;     -101.371240;     -0.57;     2529.05
      3854;        963.5;       ;      0.03;          ;     306.64;    0.088854;     -101.769432;     -101.680578;     -101.371240;     -0.57;     2461.99
      3855;        963.8;       ;      0.03;          ;     305.38;    0.088489;     -101.769064;     -101.680575;     -101.371239;     -0.57;     2394.48
      3856;        964.0;       ;      0.03;          ;     300.31;    0.087018;     -101.768692;     -101.681674;     -101.371239;     -0.57;     2326.49
      3857;        964.2;       ;      0.03;          ;     298.54;    0.086505;     -101.768332;     -101.681827;     -101.371239;     -0.57;     2258.55
      3858;        964.5;       ;      0.03;          ;     298.68;    0.086546;     -101.767993;     -101.681447;     -101.371239;     -0.57;     2190.36
      3859;        964.8;       ;      0.03;          ;     299.54;    0.086794;     -101.767683;     -101.680889;     -101.371239;     -0.57;     2121.79
      3860;        965.0;       ;      0.03;          ;     299.57;    0.086805;     -101.767408;     -101.680602;     -101.371238;     -0.57;     2052.83
      3861;        965.2;       ;      0.03;          ;     297.36;    0.086163;     -101.767176;     -101.681013;     -101.371239;     -0.57;     1983.68
      3862;        965.5;       ;      0.03;          ;     301.19;    0.087273;     -101.766993;     -101.679720;     -101.371239;     -0.57;     1914.66
      3863;        965.8;       ;      0.03;          ;     299.60;    0.086812;     -101.766857;     -101.680045;     -101.371239;     -0.57;     1845.16
      3864;        966.0;       ;      0.03;          ;     299.51;    0.086786;     -101.766765;     -101.679980;     -101.371240;     -0.57;     1775.87
      3865;        966.2;       ;      0.03;          ;     298.34;    0.086447;     -101.766715;     -101.680268;     -101.371241;     -0.57;     1706.67
      3866;        966.5;       ;      0.03;          ;     304.87;    0.088341;     -101.766698;     -101.678357;     -101.371242;     -0.58;     1637.73
      3867;        966.8;       ;      0.03;          ;     304.80;    0.088319;     -101.766702;     -101.678383;     -101.371242;     -0.58;     1568.21
      3868;        967.0;       ;      0.03;          ;     305.98;    0.088662;     -101.766716;     -101.678054;     -101.371243;     -0.58;     1498.90
      3869;        967.2;       ;      0.03;          ;     307.29;    0.089042;     -101.766729;     -101.677687;     -101.371244;     -0.58;     1429.68
      3870;        967.5;       ;      0.03;          ;     307.65;    0.089146;     -101.766732;     -101.677586;     -101.371244;     -0.58;     1395.91
      3871;        967.8;       ;      0.03;          ;     306.75;    0.088885;     -101.766715;     -101.677830;     -101.371245;     -0.58;     1379.71
      3872;        968.0;       ;      0.03;          ;     304.63;    0.088271;     -101.766675;     -101.678404;     -101.371245;     -0.58;     1363.24
      3873;        968.2;       ;      0.03;          ;     300.53;    0.087083;     -101.766612;     -101.679529;     -101.371245;     -0.58;     1346.54
      3874;        968.5;       ;      0.03;          ;     306.53;    0.088822;     -101.766534;     -101.677712;     -101.371245;     -0.58;     1329.68
      3875;        968.8;       ;      0.03;          ;     309.98;    0.089821;     -101.766445;     -101.676624;     -101.371244;     -0.58;     1312.40
      3876;        969.0;       ;      0.03;          ;     309.69;    0.089736;     -101.766352;     -101.676616;     -101.371243;     -0.58;     1294.77
      3877;        969.2;       ;      0.03;          ;     311.56;    0.090280;     -101.766268;     -101.675989;     -101.371242;     -0.58;     1276.94
      3878;        969.5;       ;      0.03;          ;     310.26;    0.089903;     -101.766205;     -101.676302;     -101.371242;     -0.58;     1258.85
      3879;        969.8;       ;      0.03;          ;     311.48;    0.090255;     -101.766173;     -101.675918;     -101.371241;     -0.58;     1240.63
      3880;        970.0;       ;      0.03;          ;     311.13;    0.090154;     -101.766180;     -101.676026;     -101.371241;     -0.58;     1222.23
      3881;        970.2;       ;      0.03;          ;     303.55;    0.087959;     -101.766229;     -101.678270;     -101.371241;     -0.58;     1203.72
      3882;        970.5;       ;      0.03;          ;     305.36;    0.088481;     -101.766321;     -101.677839;     -101.371242;     -0.58;     1185.35
      3883;        970.8;       ;      0.03;          ;     308.61;    0.089425;     -101.766452;     -101.677027;     -101.371243;     -0.58;     1166.87
      3884;        971.0;       ;      0.03;          ;     308.57;    0.089411;     -101.766610;     -101.677198;     -101.371244;     -0.58;     1148.25
      3885;        971.2;       ;      0.03;          ;     309.32;    0.089630;     -101.766780;     -101.677150;     -101.371245;     -0.58;     1129.62
      3886;        971.5;       ;      0.03;          ;     306.63;    0.088851;     -101.766950;     -101.678100;     -101.371246;     -0.58;     1110.99
      3887;        971.8;       ;      0.03;          ;     312.91;    0.090671;     -101.767110;     -101.676439;     -101.371247;     -0.58;     1092.47
      3888;        972.0;       ;      0.03;          ;     311.59;    0.090288;     -101.767253;     -101.676964;     -101.371247;     -0.59;     1073.82
      3889;        972.2;       ;      0.03;          ;     314.83;    0.091225;     -101.767368;     -101.676143;     -101.371247;     -0.59;     1055.28
      3890;        972.5;       ;      0.03;          ;     312.56;    0.090570;     -101.767453;     -101.676883;     -101.371248;     -0.59;     1036.72
      3891;        972.8;       ;      0.03;          ;     313.11;    0.090727;     -101.767506;     -101.676779;     -101.371248;     -0.59;     1018.31
      3892;        973.0;       ;      0.04;          ;     311.45;    0.090248;     -101.767531;     -101.677283;     -101.371247;     -0.59;      999.99
      3893;        973.2;       ;      0.03;          ;     312.06;    0.090425;     -101.767530;     -101.677106;     -101.371247;     -0.59;      981.81
      3894;        973.5;       ;      0.03;          ;     308.81;    0.089482;     -101.767509;     -101.678027;     -101.371247;     -0.59;      963.72
      3895;        973.8;       ;      0.03;          ;     306.67;    0.088860;     -101.767472;     -101.678612;     -101.371247;     -0.58;      945.82
      3896;        974.0;       ;      0.03;          ;     304.03;    0.088097;     -101.767429;     -101.679332;     -101.371246;     -0.58;      928.09
      3897;        974.2;       ;      0.03;          ;     304.75;    0.088305;     -101.767388;     -101.679083;     -101.371246;     -0.58;      910.52
      3898;        974.5;       ;      0.03;          ;     304.07;    0.088108;     -101.767356;     -101.679248;     -101.371246;     -0.58;      893.02
      3899;        974.8;       ;      0.04;          ;     303.39;    0.087911;     -101.767337;     -101.679426;     -101.371245;     -0.58;      875.63
      3900;        975.0;       ;      0.03;          ;     304.66;    0.088279;     -101.767339;     -101.679060;     -101.371245;     -0.58;      858.33
      3901;        975.2;       ;      0.03;          ;     303.85;    0.088046;     -101.767363;     -101.679317;     -101.371245;     -0.58;      841.05
      3902;        975.5;       ;      0.03;          ;     300.54;    0.087085;     -101.767416;     -101.680330;     -101.371245;     -0.58;      823.86
      3903;        975.8;       ;      0.03;          ;     297.38;    0.086171;     -101.767501;     -101.681330;     -101.371245;     -0.58;      806.81
      3904;        976.0;       ;      0.03;          ;     294.07;    0.085211;     -101.767625;     -101.682414;     -101.371245;     -0.58;      789.89
      3905;        976.2;       ;      0.03;          ;     299.98;    0.086924;     -101.767787;     -101.680864;     -101.371245;     -0.58;      773.09
      3906;        976.5;       ;      0.03;          ;     302.28;    0.087590;     -101.767987;     -101.680397;     -101.371246;     -0.58;      756.15
      3907;        976.8;       ;      0.03;          ;     302.04;    0.087519;     -101.768210;     -101.680692;     -101.371247;     -0.59;      739.15
      3908;        977.0;       ;      0.03;          ;     300.38;    0.087039;     -101.768446;     -101.681407;     -101.371248;     -0.59;      722.16
      3909;        977.2;       ;      0.03;          ;     303.82;    0.088036;     -101.768681;     -101.680645;     -101.371249;     -0.59;      705.22
      3910;        977.5;       ;      0.03;          ;     304.77;    0.088310;     -101.768906;     -101.680595;     -101.371250;     -0.59;      688.15
      3911;        977.8;       ;      0.03;          ;     301.72;    0.087429;     -101.769106;     -101.681677;     -101.371251;     -0.59;      671.03
      3912;        978.0;       ;      0.03;          ;     298.79;    0.086578;     -101.769271;     -101.682693;     -101.371251;     -0.59;      653.95
      3913;        978.2;       ;      0.03;          ;     298.86;    0.086597;     -101.769400;     -101.682802;     -101.371252;     -0.59;      636.89
      3914;        978.5;       ;      0.03;          ;     300.46;    0.087062;     -101.769492;     -101.682430;     -101.371252;     -0.59;      619.76
      3915;        978.8;       ;      0.03;          ;     302.71;    0.087715;     -101.769548;     -101.681833;     -101.371252;     -0.59;      602.48
      3916;        979.0;       ;      0.03;          ;     302.84;    0.087752;     -101.769572;     -101.681820;     -101.371251;     -0.59;      585.04
      3917;        979.2;       ;      0.03;          ;     303.00;    0.087800;     -101.769571;     -101.681772;     -101.371251;     -0.59;      567.48
      3918;        979.5;       ;      0.03;          ;     301.96;    0.087498;     -101.769553;     -101.682056;     -101.371251;     -0.59;      549.78
      3919;        979.8;       ;      0.03;          ;     301.94;    0.087490;     -101.769526;     -101.682036;     -101.371250;     -0.59;      531.96
      3920;        980.0;       ;      0.03;          ;     302.46;    0.087640;     -101.769500;     -101.681859;     -101.371250;     -0.59;      513.99
      3921;        980.2;       ;      0.03;          ;     301.95;    0.087495;     -101.769480;     -101.681985;     -101.371250;     -0.59;      495.83
      3922;        980.5;       ;      0.03;          ;     302.26;    0.087583;     -101.769471;     -101.681888;     -101.371250;     -0.59;      477.51
      3923;        980.8;       ;      0.03;          ;     301.45;    0.087349;     -101.769476;     -101.682127;     -101.371250;     -0.59;      458.99
      3924;        981.0;       ;      0.03;          ;     301.09;    0.087246;     -101.769497;     -101.682251;     -101.371250;     -0.59;      440.31
      3925;        981.2;       ;      0.03;          ;     304.55;    0.088246;     -101.769532;     -101.681286;     -101.371251;     -0.59;      421.43
      3926;        981.5;       ;      0.03;          ;     305.22;    0.088442;     -101.769578;     -101.681136;     -101.371251;     -0.59;      402.23
      3927;        981.8;       ;      0.03;          ;     304.67;    0.088283;     -101.769629;     -101.681346;     -101.371252;     -0.59;      382.79
      3928;        982.0;       ;      0.03;          ;     304.64;    0.088273;     -101.769678;     -101.681405;     -101.371252;     -0.59;      363.14
      3929;        982.2;       ;      0.03;          ;     302.97;    0.087789;     -101.769721;     -101.681932;     -101.371253;     -0.60;      343.25
      3930;        982.5;       ;      0.03;          ;     302.48;    0.087649;     -101.769750;     -101.682102;     -101.371253;     -0.60;      323.18
      3931;        982.8;       ;      0.03;          ;     299.89;    0.086896;     -101.769762;     -101.682866;     -101.371254;     -0.60;      302.87
      3932;        983.0;       ;      0.03;          ;     296.57;    0.085936;     -101.769754;     -101.683817;     -101.371254;     -0.60;      282.38
      3933;        983.2;       ;      0.03;          ;     297.78;    0.086285;     -101.769727;     -101.683443;     -101.371254;     -0.60;      261.74
      3934;        983.5;       ;      0.03;          ;     295.70;    0.085683;     -101.769686;     -101.684003;     -101.371254;     -0.60;      240.77
      3935;        983.8;       ;      0.03;          ;     293.25;    0.084972;     -101.769632;     -101.684660;     -101.371254;     -0.60;      219.59
      3936;        984.0;       ;      0.03;          ;     294.96;    0.085467;     -101.769574;     -101.684107;     -101.371254;     -0.60;      198.21
      3937;        984.2;       ;      0.03;          ;     290.81;    0.084265;     -101.769520;     -101.685255;     -101.371253;     -0.60;      176.47
      3938;        984.5;       ;      0.03;          ;     289.09;    0.083767;     -101.769480;     -101.685713;     -101.371253;     -0.60;      154.58
      3939;        984.8;       ;      0.03;          ;     288.09;    0.083477;     -101.769464;     -101.685988;     -101.371252;     -0.59;      132.47
      3940;        985.0;       ;      0.03;          ;     289.66;    0.083931;     -101.769482;     -101.685551;     -101.371252;     -0.59;      110.10
      3941;        985.2;       ;      0.03;          ;     290.96;    0.084308;     -101.769539;     -101.685230;     -101.371252;     -0.59;       87.39
      3942;        985.5;       ;      0.03;          ;     294.80;    0.085421;     -101.769634;     -101.684212;     -101.371253;     -0.59;       76.72
      3943;        985.8;       ;      0.03;          ;     293.78;    0.085127;     -101.769766;     -101.684639;     -101.371253;     -0.60;       81.81
      3944;        986.0;       ;      0.03;          ;     294.91;    0.085455;     -101.769930;     -101.684475;     -101.371254;     -0.60;       84.04
      3945;        986.2;       ;      0.03;          ;     297.77;    0.086283;     -101.770119;     -101.683836;     -101.371254;     -0.60;       90.31
      3946;        986.5;       ;      0.03;          ;     293.10;    0.084930;     -101.770323;     -101.685394;     -101.371255;     -0.60;      111.79
      3947;        986.8;       ;      0.03;          ;     297.33;    0.086156;     -101.770531;     -101.684375;     -101.371256;     -0.60;      131.24
      3948;        987.0;       ;      0.03;          ;     297.89;    0.086316;     -101.770736;     -101.684420;     -101.371257;     -0.60;      149.27
      3949;        987.2;       ;      0.03;          ;     293.90;    0.085161;     -101.770925;     -101.685764;     -101.371258;     -0.60;      226.46
      3950;        987.5;       ;      0.03;          ;     295.22;    0.085544;     -101.771091;     -101.685547;     -101.371258;     -0.60;      304.69
      3951;        987.8;       ;      0.03;          ;     296.10;    0.085799;     -101.771233;     -101.685434;     -101.371259;     -0.61;      389.26
      3952;        988.0;       ;      0.03;          ;     300.10;    0.086957;     -101.771348;     -101.684390;     -101.371259;     -0.61;      491.16
      3953;        988.2;       ;      0.03;          ;     302.10;    0.087537;     -101.771434;     -101.683897;     -101.371259;     -0.61;      594.05
      3954;        988.5;       ;      0.03;          ;     302.29;    0.087591;     -101.771491;     -101.683900;     -101.371259;     -0.61;      697.43
      3955;        988.8;       ;      0.03;          ;     304.72;    0.088297;     -101.771522;     -101.683225;     -101.371259;     -0.61;      800.71
      3956;        989.0;       ;      0.03;          ;     302.19;    0.087565;     -101.771525;     -101.683960;     -101.371259;     -0.61;      903.95
      3957;        989.2;       ;      0.03;          ;     302.44;    0.087635;     -101.771502;     -101.683866;     -101.371259;     -0.61;     1005.89
      3958;        989.5;       ;      0.03;          ;     303.54;    0.087956;     -101.771450;     -101.683494;     -101.371260;     -0.61;     1106.52
      3959;        989.8;       ;      0.03;          ;     301.19;    0.087274;     -101.771364;     -101.684090;     -101.371260;     -0.61;     1205.46
      3960;        990.0;       ;      0.03;          ;     297.56;    0.086222;     -101.771240;     -101.685018;     -101.371261;     -0.61;     1301.57
      3961;        990.2;       ;      0.03;          ;     297.84;    0.086302;     -101.771075;     -101.684773;     -101.371261;     -0.61;     1394.07
      3962;        990.5;       ;      0.03;          ;     297.70;    0.086262;     -101.770864;     -101.684602;     -101.371261;     -0.61;     1482.95
      3963;        990.8;       ;      0.03;          ;     298.29;    0.086434;     -101.770605;     -101.684171;     -101.371261;     -0.61;     1567.55
      3964;        991.0;       ;      0.03;          ;     298.34;    0.086449;     -101.770298;     -101.683850;     -101.371261;     -0.61;     1647.40
      3965;        991.2;       ;      0.03;          ;     294.95;    0.085467;     -101.769947;     -101.684481;     -101.371260;     -0.61;     1721.87
      3966;        991.5;       ;      0.03;          ;     291.92;    0.084586;     -101.769563;     -101.684976;     -101.371259;     -0.61;     1790.01
      3967;        991.8;       ;      0.03;          ;     294.78;    0.085417;     -101.769158;     -101.683740;     -101.371259;     -0.61;     1851.42
      3968;        992.0;       ;      0.03;          ;     289.03;    0.083750;     -101.768739;     -101.684989;     -101.371258;     -0.60;     1906.30
      3969;        992.2;       ;      0.03;          ;     287.45;    0.083292;     -101.768326;     -101.685034;     -101.371258;     -0.60;     1953.47
      3970;        992.5;       ;      0.03;          ;     285.29;    0.082665;     -101.767927;     -101.685262;     -101.371257;     -0.60;     1992.99
      3971;        992.8;       ;      0.03;          ;     284.40;    0.082409;     -101.767554;     -101.685145;     -101.371257;     -0.60;     2024.57
      3972;        993.0;       ;      0.03;          ;     283.20;    0.082062;     -101.767214;     -101.685153;     -101.371257;     -0.60;     2048.10
      3973;        993.2;       ;      0.03;          ;     278.11;    0.080587;     -101.766913;     -101.686326;     -101.371257;     -0.60;     2063.43
      3974;        993.5;       ;      0.03;          ;     279.77;    0.081068;     -101.766656;     -101.685588;     -101.371257;     -0.60;     2070.41
      3975;        993.8;       ;      0.03;          ;     276.79;    0.080203;     -101.766439;     -101.686236;     -101.371257;     -0.60;     2069.14
      3976;        994.0;       ;      0.03;          ;     275.86;    0.079933;     -101.766263;     -101.686330;     -101.371258;     -0.60;     2059.70
      3977;        994.2;       ;      0.03;          ;     274.49;    0.079537;     -101.766126;     -101.686589;     -101.371258;     -0.60;     2042.20
      3978;        994.5;       ;      0.04;          ;     275.50;    0.079831;     -101.766027;     -101.686196;     -101.371258;     -0.60;     2016.88
      3979;        994.8;       ;      0.03;          ;     278.81;    0.080790;     -101.765962;     -101.685173;     -101.371258;     -0.60;     1992.10
      3980;        995.0;       ;      0.03;          ;     278.42;    0.080676;     -101.765927;     -101.685251;     -101.371258;     -0.60;     1999.61
      3981;        995.2;       ;      0.03;          ;     281.19;    0.081478;     -101.765916;     -101.684438;     -101.371259;     -0.61;     2001.00
      3982;        995.5;       ;      0.03;          ;     280.59;    0.081304;     -101.765924;     -101.684620;     -101.371259;     -0.61;     1996.12
      3983;        995.8;       ;      0.03;          ;     278.90;    0.080815;     -101.765948;     -101.685132;     -101.371259;     -0.61;     1984.94
      3984;        996.0;       ;      0.03;          ;     278.01;    0.080558;     -101.765985;     -101.685427;     -101.371259;     -0.61;     1967.46
      3985;        996.2;       ;      0.03;          ;     277.86;    0.080514;     -101.766036;     -101.685522;     -101.371259;     -0.61;     1943.72
      3986;        996.5;       ;      0.03;          ;     277.87;    0.080517;     -101.766095;     -101.685578;     -101.371260;     -0.61;     1913.76
      3987;        996.8;       ;      0.03;          ;     277.59;    0.080436;     -101.766158;     -101.685722;     -101.371260;     -0.61;     1877.72
      3988;        997.0;       ;      0.03;          ;     275.38;    0.079796;     -101.766218;     -101.686423;     -101.371261;     -0.61;     1835.81
      3989;        997.2;       ;      0.03;          ;     279.37;    0.080951;     -101.766275;     -101.685324;     -101.371261;     -0.61;     1788.42
      3990;        997.5;       ;      0.03;          ;     283.10;    0.082031;     -101.766327;     -101.684296;     -101.371261;     -0.61;     1735.30
      3991;        997.8;       ;      0.03;          ;     281.82;    0.081660;     -101.766373;     -101.684713;     -101.371261;     -0.61;     1676.78
      3992;        998.0;       ;      0.03;          ;     284.68;    0.082490;     -101.766412;     -101.683922;     -101.371261;     -0.61;     1613.73
      3993;        998.2;       ;      0.03;          ;     285.02;    0.082590;     -101.766447;     -101.683857;     -101.371261;     -0.61;     1546.10
      3994;        998.5;       ;      0.03;          ;     285.09;    0.082607;     -101.766479;     -101.683872;     -101.371261;     -0.61;     1474.59
      3995;        998.8;       ;      0.03;          ;     285.84;    0.082827;     -101.766510;     -101.683683;     -101.371261;     -0.61;     1399.68
      3996;        999.0;       ;      0.03;          ;     289.30;    0.083829;     -101.766539;     -101.682711;     -101.371261;     -0.61;     1321.75
      3997;        999.2;       ;      0.03;          ;     289.29;    0.083826;     -101.766563;     -101.682737;     -101.371262;     -0.61;     1240.90
      3998;        999.5;       ;      0.03;          ;     291.66;    0.084513;     -101.766572;     -101.682059;     -101.371262;     -0.61;     1158.09
      3999;        999.8;       ;      0.03;          ;     294.28;    0.085270;     -101.766558;     -101.681288;     -101.371263;     -0.61;     1073.42
      4000;       1000.0;       ;      0.03;          ;     296.29;    0.085855;     -101.766512;     -101.680657;     -101.371263;     -0.61;      987.28
