
Will write log file to "zn_solv_h2o_spring200.md.log".

Command line:  /home/henrique/bin/orca611/orca_md -orca zn_solv_h2o_spring200

-------------------------------------------------------------------------------------------


     _____    ___    _   _       _                  ______ ______  _____   ___  
    /  ___|  / _ \  | \ | |     | |           _    /  __  \| ___ \/  __ \ / _ \ 
    \ `--.  / /_\ \ |  \| |   __| | _   _   _| |_  | |  | || |_/ /| /  \// /_\ \
     `--. \ |  _  | | . ` |  / _` || | | | |_   _| | |  | ||    / | |    |  _  |
    /\__/ / | | | | | |\  | | (_| || |_| |   |_|   | \__/ || |\ \ | \__/\| | | |
    \____/  \_| |_/ \_| \_/  \__,_| \__, |          \____/ \_| \_| \____/\_| |_/
                                     __/ |                                      
                                    |___/                                       


    ####################################################################
    ########     Scriptable Nuclear Dynamics (SANdy) + ORCA     ########
    ########           (c) Martin Brehm, 2016 - 2025            ########
    ########           Paderborn University, Germany            ########
    ########           https://sanscript.org/orcamd             ########
    ####################################################################


  * Compiled as ORCA module. Called from ORCA.
  * ORCA base name: "zn_solv_h2o_spring200"
  * Source code version: Jun 07 2025, compiled at Nov 24 2025 07:23:22.
  * Enabled features: SAN_MD, SAN_INTERPRETER
  * Libraries: KISS_FFT, LBFGSBC
  * Executable name: "/home/henrique/bin/orca611/orca_md"
  * Messages are redirected, Errors are redirected, Output is redirected, Input is redirected
  * Running on NotebookAW at Tue Oct  6 19:17:22 2026 (PID 1412425)
  * Running in /home/henrique/aimd-workshop/solvator-direto-20261006/zn_solv_h2o_spring200

    -----------------------------------------------

    Technical information:

  * Compiler:      LLVM, CLANG 20.1.6, "Clang 20.1.6 (/home/frankw/CompEnv/src/llvm2016/llvm-project/clang 47addd4540b4c393e478ba92bea2589e330c57fb)", Linux, __cplusplus=201103L
  * Compile host:  x86_64, Little Endian, char=8bits, int=4b, long=8b, ll=8b, addr=8b, 0x01020304=4,3,2,1.
  * Class sizes:   InputElem=248, ValuePair=112, Type=96, Value=8, VMToken=8, VMInst=8
  * Compile flags: MMX, SSE, SSE2, SSE3, SSSE3, SSE4.1, SSE4.2, POPCNT, FMA3, AVX, AVX2
  * Local machine: Intel(R) Core(TM) Ultra 9 185H (GenuineIntel), Family 6, Model 170, Stepping 4
                   1 CPU, 11 cores, 22 threads,  Uptime 12h 20m 05s
                   MMX, SSE, SSE2, SSE3, SSSE3, SSE4.1, SSE4.2, POPCNT, AES, FMA3, AVX, AVX2, SHA
                   Caches: 11x L1d (528 KiB), 11x L1i (704 KiB), 11x L2 (22 MiB), 1x L3 (24 MiB)
  * Op. System:    Ubuntu 24.04.4 LTS, Linux version 6.18.33.2-microsoft-standard-WSL2 
  * Phys. Memory:  15.38 GiB total,  13.92 GiB free
  * Stack size:    8.00 MiB


The following libraries are included:

  * KISS FFT,   Version 131.1.0 (02/2021), License: BSD 3-clause
      (c) 2003-2010 Mark Borgerding, see https://github.com/mborgerding/kissfft

  * L-BFGS-B-C, Version 3.0 (04/2011),     License: BSD 3-clause
      (c) Stephen Becker, see https://github.com/stephenbeckr/L-BFGS-B-C

  * MT19937 Pseudo Random Number Gen.,     License: Custom (permissive)
      (c) 1997-2005 Makoto Matsumoto, Takuji Nishimura, Mutsuo Saito, see https://github.com/clibs/mt19937ar


Initializing SAN engine...
  24 physical quantities and 49 units added.
  Initialized SAN language:
    97 operators, 57 keywords, 4 namespaces, 35 types, 183 flags
Done.


>>> Reading Input File >>>

Reading input file "zn_solv_h2o_spring200.mdinput" ...
  287 bytes read.
  9 lines.
Tokenizing input...
Found 41 tokens in file.
  ( 23 identifiers,      13 numeric literals,  3 operators,  
     2 string literals )

Warning: Line endings are non-uniform: 1 x \n, 8 x \r\n

<<< Finished Reading Input File (took 0.000 seconds) <<<


Using the following settings:
  Interpret:              true
  Execution:              SAN-VM
  Parser verbose level:   1
  Execute verbose level:  2
  Syntax highlighting:    0
  Static vars:            false
  Dynamic types:          true
  Max. recursion depth:   200
  Max. nesting depth:     1000
  Max. argument count:    100
  Only parse:             false


>>> Parsing Input Script >>>

Handled 5 underscore identifiers.
Handling module imports...
  Importing module "Math" to global namespace.
  Importing module "MD" to global namespace.
Handled 2 module imports.
Handled 3 operators.
Grouped 2 commas.
Removed 1 commas.
Handled 15 variable occurrences.
Assigned 9 identifiers.
Handling functions,      iteration  1...
                         iteration  2...
                         iteration  3...
Handling "FOR" loops...
Handling AutoDecl,       iteration  1...
No auto declarations.
Assigned 9 flags, re-doing function handling...
Handling functions ( 2), iteration  1...
  Moving "Void" argument 2 ("Thermostat") of function "Initvel" up 1 levels to "ROOT".
                         iteration  2...
Handling "FOR" loops...
Handling AutoDecl,       iteration  1...
No auto declarations.
Handling functions, final pass...
  Moving "Void" argument 8 ("Dump") of function "Cell" up 1 levels to "ROOT".
Function handling done (2 macro-iterations, 0.001 seconds).
Handling keywords,       iteration  1...
Prepared 8 argument lists.
Assigned 25 read-only flags.
Assigned 35 simple VP flags.
Assigned 34 tree IDs.

Warning: The "Cell" command has been renamed to "Walls". Please adapt your input.
In zn_solv_h2o_spring200.mdinput:6:
      Cell Sphere 0, 0, 0, 6.5_A Spring 200.0
      ^^^^


<<< Finished Parsing Input Script (took 0.002 seconds) <<<


SAN-VM: Compiling...
  Optimization level: Not specified. Using default ("-O2").
Done (took 0.000 seconds).


  Part              # Tokens    # Registers    # Shortcuts    # Optimizations
  ---------------------------------------------------------------------------
  Main Program            56              0              0                  0


-------------------------------------------------------------------------------------------

>>> Initializing MD engine with interface "ORCA" >>>



>>>>>>>>>>>>>>>>>>>>>>>>>>>>>>>>>>>>>>>>>>>>>>>>>>>>
>>>   Output of System Information (from ORCA)   >>>
>>>>>>>>>>>>>>>>>>>>>>>>>>>>>>>>>>>>>>>>>>>>>>>>>>>>

(the output of geometry and basis set information is missing in the MD log file,
 as it is written to the screen directly by ORCA.)

############################################
   Total Atom Count:              61
   Total System Mass:        425.680 a.m.u.
   Total Basis Dimension:          0
   Total Electron Number:          0
   Total Charge:                   2
   Total Multiplicity:             1
  ------------------------------------------
   ReducePrint:                 true
   Print Mulliken Pop:             1
   Print Loewdin Pop:              1
   Print Mayer Pop:                1
   Print Orbital Energies:         1
############################################

<<<<<<<<<<<<<<<<<<<<<<<<<<<<<<<<<<<<<<<<<<<<<<<<<<<<
<<<          End of System Information           <<<
<<<<<<<<<<<<<<<<<<<<<<<<<<<<<<<<<<<<<<<<<<<<<<<<<<<<


Initializing regions...

Defined regions:
         All:    61 atoms,    425.680 a.m.u.
          QM:   All
      Active:   All



### System Geometry ###

  * Region "All" = "Active" = "QM":
      Bounding box: from (   -3.584 |   -3.920 |   -3.930 )
                      to (    3.831 |    4.909 |    4.338 ) Angstrom
      System extent:     (    7.415 |    8.829 |    8.268 ) Angstrom
      Center of mass:    (    0.117 |    0.198 |   -0.089 ) Angstrom
      Total mass:           425.680 a.m.u.

      Moment of inertia: (      3189.17 |       220.65 |       -21.02 )
                         (       220.65 |      2918.25 |       157.03 ) a.m.u. Angstrom^2
                         (       -21.02 |       157.03 |      3129.74 )
      Singular values:   (      2738.49 |      3333.45 |      3165.24 ) a.m.u. Angstrom^2



Smallest interatomic distance from active region: 0.964034 Angstrom (atoms 49 - 51).


<<< MD engine initialization done (took 0.357 seconds) <<<


###############################################################
########        Executing Input Script (SAN-VM)        ########
###############################################################

Execution verbose level is 2.

-------------------------------------------------------------------------------------------



>>>>>> Timestep( 0.25_fs )

Setting integration time step to 0.25 fs.

The lightest element in the active region has an atomic mass of 1.008 a.m.u.
Recommending time step not larger than 0.50 .. 1.00 fs.

Hint: This time step is very small. You might afford a larger value to increase computational efficiency.


>>>>>> Randomize( 42 )

Initialized random number generator seed to 42.


>>>>>> Initvel( 300_K )

Old temperature of the total system is     0.000 K.

Initializing atom velocities for region "all" to 300.000 K:
  Creating Maxwell-Boltzmann distribution...
  Temperature after random initialization is 328.599 K.
  Rescaling velocities to match desired initial temperature (factor 0.955493)...
  Removing initial center of mass movement...
  Temperature after center of mass movement removal is 298.652 K.
  Removing initial angular velocity...
    Angular momentum before:  (   0.68448097 |  -0.25029380 |  -1.29539183 ) a.m.u. Angstrom^2 fs^-1
    Angular velocity before:  (   0.00021749 |  -0.00008024 |  -0.00040841 ) fs^-1
    Angular momentum after:   (  -0.00000000 |   0.00000000 |  -0.00000000 ) a.m.u. Angstrom^2 fs^-1
    Angular velocity after:   (  -0.00000000 |   0.00000000 |  -0.00000000 ) fs^-1
  Temperature after angular velocity removal is 294.064 K.
  Rescaling velocities to match desired initial temperature (factor 1.010042)...
Done.

New temperature of the total system is   300.000 K.


>>>>>> Thermostat( CSVR, 300_K, Timecon, 100_fs )

Switching on thermostat for region "All": Type CSVR, temperature 300.00 K, time constant 100.00 fs, global.


>>>>>> Cell( Sphere, 0, 0, 0, 6.5_A, Spring, 200.0 )


Warning: The "Cell" command has been renamed to "Walls". Please adapt your input.
In zn_solv_h2o_spring200.mdinput:6:
      Cell Sphere 0, 0, 0, 6.5_A Spring 200.0
      ^^^^


Note: In function func_Walls(): Found length value "0" without unit - assuming it is in Angstrom.
In zn_solv_h2o_spring200.mdinput:6:
      Cell Sphere 0, 0, 0, 6.5_A Spring 200.0
                  ^


Note: In function func_Walls(): Found length value "0" without unit - assuming it is in Angstrom.
In zn_solv_h2o_spring200.mdinput:6:
      Cell Sphere 0, 0, 0, 6.5_A Spring 200.0
                     ^


Note: In function func_Walls(): Found length value "0" without unit - assuming it is in Angstrom.
In zn_solv_h2o_spring200.mdinput:6:
      Cell Sphere 0, 0, 0, 6.5_A Spring 200.0
                        ^

Switched on spherical wall with center ( 0.00 | 0.00 | 0.00 ) and radius 6.50 Angstrom.

Note: In function func_Walls(): Found spring constant value "200" without unit - assuming it is in kJ mol^-1 Angstrom^-2.
In zn_solv_h2o_spring200.mdinput:6:
      Cell Sphere 0, 0, 0, 6.5_A Spring 200.0
                                        ^^^^^

Set wall spring constant to 200.000 kJ mol^-1 Angstrom^-2.

Warning: Large wall spring constants lead to large forces on atoms touching the wall,
         and require very small integrator time steps. If in doubt, or if your total energy
         suddenly rises, please use a smaller spring constant (the default value is 10.0).



>>>>>> Dump( Position, Stride, 2, Filename, "zn_solv_h2o_spring200-traj.xyz" )

Modified writing position trajectory for region "all": Format XYZ, stride 2, filename "zn_solv_h2o_spring200-traj.xyz", append.


>>>>>> Dump( Velocity, Stride, 2000, Filename, "zn_solv_h2o_spring200-vel.xyz" )

Switched on writing velocity trajectory for region "all": Format XYZ, stride 2000, filename "zn_solv_h2o_spring200-vel.xyz", append.


>>>>>> Run( 4000 )


***************************************************
****    Starting MD loop for     4000 steps    ****
***************************************************


>>> Initial Wall Info >>>
    Active wall has spherical geometry.
    Wall centered at ( 0.000 | 0.000 | 0.000 ) with radius 6.500 Angstrom.
    All atoms are inside the wall.
    The atom closest to the wall has a distance of 1.149 Angstrom.
    Wall volume:    1150.347 Angstrom^3
    Wall surface:    530.929 Angstrom^2
    Cell mass density: 0.6145 g/cm^3
    Spring constant of the wall is 200.000 kJ mol^-1 Angstrom^-2.
    Wall is fixed.
<<< Initial Wall Info <<<


Defined regions:
         All:    61 atoms,    425.680 a.m.u.
          QM:   All
      Active:   All


Dump: Will write Position data of region "All" in XYZ format with stride 2 to "zn_solv_h2o_spring200-traj.xyz" (append).
Dump: Will write Velocity data of region "All" in XYZ format with stride 2000 to "zn_solv_h2o_spring200-vel.xyz" (append).

Hint: To compute properties (dipole, etc.) in each step, specify "dump properties" before run.

Active Thermostats:
  (*) Region "All": Type CSVR, temperature 300.00 K, time constant 100.00 fs, global.


Will write restart file to "zn_solv_h2o_spring200.mdrestart" after each step.
Will write energy statistics to "zn_solv_h2o_spring200-md-ener.csv" after each step.

The system contains 183 active degrees of freedom (61 active atoms * 3).

Smallest interatomic distance from active region: 0.964034 Angstrom (atoms 49 - 51).



       Step |  Sim. Time | Iter |  t_Ener |  t_Grad |     Temp |     E_Kin |         E_Pot |         E_Tot |      Cons.Qty | E.Drift | Av.Press.
            |       [fs] |      |     [s] |     [s] |      [K] | [Hartree] |     [Hartree] |     [Hartree] |     [Hartree] |     [K] |     [bar]
------------|------------|------|---------|---------|----------|-----------|---------------|---------------|---------------|---------|-------------
          0          0.0             0.05               300.00    0.086929     -101.551530     -101.464601                                      
          1          0.2             0.04               297.49    0.086203     -101.551402     -101.465199     -101.464787      0.00        0.00
          2          0.5             0.04               293.58    0.085069     -101.550390     -101.465321     -101.464779      0.01        0.00
          3          0.8             0.04               287.72    0.083372     -101.548627     -101.465255     -101.464765      0.04        0.00
          4          1.0             0.06               279.59    0.081014     -101.546327     -101.465313     -101.464747      0.07        0.00
          5          1.2             0.05               269.68    0.078144     -101.543772     -101.465629     -101.464728      0.10        0.00
          6          1.5             0.04               262.10    0.075946     -101.541286     -101.465340     -101.464708      0.14        0.00
          7          1.8             0.03               252.73    0.073233     -101.539168     -101.465935     -101.464691      0.17        0.00
          8          2.0             0.03               246.53    0.071434     -101.537699     -101.466265     -101.464679      0.19        0.00
          9          2.2             0.03               246.02    0.071289     -101.537067     -101.465778     -101.464674      0.20        0.00
         10          2.5             0.03               248.82    0.072099     -101.537355     -101.465256     -101.464675      0.19        0.00
         11          2.8             0.03               251.66    0.072922     -101.538543     -101.465621     -101.464683      0.18        0.00
         12          3.0             0.04               259.03    0.075057     -101.540500     -101.465443     -101.464696      0.16        0.00
         13          3.2             0.04               266.09    0.077104     -101.543028     -101.465924     -101.464712      0.13        0.00
         14          3.5             0.04               274.87    0.079647     -101.545861     -101.466214     -101.464729      0.10        0.00
         15          3.8             0.05               285.29    0.082666     -101.548735     -101.466069     -101.464745      0.07        0.00
         16          4.0             0.04               294.40    0.085308     -101.551406     -101.466098     -101.464758      0.05        0.00
         17          4.2             0.05               298.98    0.086633     -101.553656     -101.467022     -101.464768      0.03        0.00
         18          4.5             0.04               303.33    0.087893     -101.555323     -101.467430     -101.464773      0.02        0.00
         19          4.8             0.04               306.39    0.088779     -101.556336     -101.467556     -101.464774      0.02        0.00
         20          5.0             0.04               307.86    0.089205     -101.556682     -101.467477     -101.464770      0.03        0.00
         21          5.2             0.04               308.36    0.089352     -101.556421     -101.467068     -101.464762      0.04        0.00
         22          5.5             0.04               303.23    0.087866     -101.555670     -101.467804     -101.464751      0.06        0.00
         23          5.8             0.04               300.86    0.087179     -101.554619     -101.467440     -101.464737      0.09        0.00
         24          6.0             0.04               297.41    0.086178     -101.553489     -101.467312     -101.464721      0.11        0.00
         25          6.2             0.03               294.90    0.085451     -101.552537     -101.467086     -101.464704      0.14        0.00
         26          6.5             0.04               292.08    0.084635     -101.552018     -101.467383     -101.464689      0.17        0.00
         27          6.8             0.04               295.36    0.085585     -101.552168     -101.466583     -101.464678      0.19        0.00
         28          7.0             0.04               302.24    0.087579     -101.553167     -101.465588     -101.464672      0.20        0.00
         29          7.2             0.04               304.83    0.088330     -101.555116     -101.466786     -101.464672      0.20        0.00
         30          7.5             0.04               314.05    0.091001     -101.557988     -101.466987     -101.464679      0.19        0.00
         31          7.8             0.04               326.80    0.094696     -101.561692     -101.466996     -101.464691      0.16        0.00
         32          8.0             0.04               341.67    0.099005     -101.566032     -101.467028     -101.464708      0.14        0.00
         33          8.2             0.04               359.08    0.104047     -101.570739     -101.466692     -101.464728      0.10        0.00
         34          8.5             0.04               374.01    0.108375     -101.575513     -101.467137     -101.464748      0.07        0.00
         35          8.8             0.04               388.76    0.112649     -101.580027     -101.467378     -101.464765      0.04        0.00
         36          9.0             0.04               402.60    0.116659     -101.584015     -101.467356     -101.464778      0.01        0.00
         37          9.2             0.04               412.58    0.119551     -101.587274     -101.467723     -101.464786      0.00        0.00
         38          9.5             0.04               418.75    0.121339     -101.589681     -101.468342     -101.464787     -0.00        0.00
         39          9.8             0.04               422.12    0.122315     -101.591213     -101.468899     -101.464783      0.01        0.00
         40         10.0             0.04               424.90    0.123121     -101.591952     -101.468831     -101.464773      0.02        0.00
         41         10.2             0.04               426.12    0.123475     -101.592063     -101.468588     -101.464758      0.05        0.00
         42         10.5             0.04               424.84    0.123102     -101.591779     -101.468677     -101.464741      0.08        0.00
         43         10.8             0.04               423.40    0.122685     -101.591373     -101.468688     -101.464723      0.11        0.00
         44         11.0             0.04               425.74    0.123362     -101.591131     -101.467768     -101.464707      0.14        0.00
         45         11.2             0.04               429.05    0.124322     -101.591305     -101.466983     -101.464694      0.16        0.00
         46         11.5             0.04               434.60    0.125931     -101.592091     -101.466160     -101.464687      0.17        0.00
         47         11.8             0.04               438.57    0.127082     -101.593599     -101.466516     -101.464687      0.17        0.00
         48         12.0             0.04               443.49    0.128508     -101.595832     -101.467324     -101.464692      0.16        0.00
         49         12.2             0.04               455.85    0.132087     -101.598698     -101.466611     -101.464703      0.14        0.00
         50         12.5             0.04               465.00    0.134740     -101.602049     -101.467309     -101.464717      0.12        0.00
         51         12.8             0.04               480.41    0.139206     -101.605648     -101.466442     -101.464733      0.09        0.00
         52         13.0             0.04               495.93    0.143703     -101.609269     -101.465565     -101.464748      0.07        0.00
         53         13.2             0.04               506.77    0.146845     -101.612667     -101.465822     -101.464761      0.05        0.00
         54         13.5             0.04               517.40    0.149924     -101.615618     -101.465694     -101.464770      0.03        0.00
         55         13.8             0.04               526.06    0.152433     -101.617967     -101.465534     -101.464776      0.02        0.00
         56         14.0             0.04               529.89    0.153542     -101.619613     -101.466071     -101.464778      0.01        0.00
         57         14.2             0.04               534.70    0.154937     -101.620522     -101.465585     -101.464776      0.02        0.00
         58         14.5             0.04               530.75    0.153793     -101.620730     -101.466937     -101.464770      0.03        0.00
         59         14.8             0.04               526.86    0.152664     -101.620332     -101.467668     -101.464761      0.04        0.00
         60         15.0             0.04               518.90    0.150358     -101.619477     -101.469119     -101.464749      0.06        0.00
         61         15.2             0.04               516.92    0.149783     -101.618359     -101.468576     -101.464736      0.09        0.00
         62         15.5             0.04               508.29    0.147283     -101.617179     -101.469896     -101.464723      0.11        0.00
         63         15.8             0.04               505.77    0.146554     -101.616161     -101.469607     -101.464710      0.13        0.00
         64         16.0             0.04               500.95    0.145158     -101.615500     -101.470342     -101.464700      0.15        0.00
         65         16.2             0.04               499.89    0.144848     -101.615360     -101.470512     -101.464693      0.16        0.00
         66         16.5             0.04               499.74    0.144806     -101.615850     -101.471044     -101.464690      0.17        0.00
         67         16.8             0.04               507.16    0.146956     -101.617007     -101.470051     -101.464692      0.16        0.00
         68         17.0             0.04               514.60    0.149111     -101.618801     -101.469690     -101.464699      0.15        0.00
         69         17.2             0.04               526.33    0.152511     -101.621119     -101.468609     -101.464709      0.13        0.00
         70         17.5             0.04               533.49    0.154586     -101.623798     -101.469212     -101.464722      0.11        0.00
         71         17.8             0.04               544.89    0.157890     -101.626616     -101.468726     -101.464736      0.09        0.00
         72         18.0             0.04               553.64    0.160425     -101.629363     -101.468938     -101.464749      0.07        0.00
         73         18.2             0.04               564.90    0.163687     -101.631826     -101.468139     -101.464760      0.05        0.00
         74         18.5             0.04               571.69    0.165654     -101.633841     -101.468186     -101.464767      0.03        0.00
         75         18.8             0.04               575.23    0.166680     -101.635285     -101.468606     -101.464770      0.03        0.00
         76         19.0             0.04               578.86    0.167733     -101.636116     -101.468383     -101.464768      0.03        0.00
         77         19.2             0.04               575.16    0.166661     -101.636369     -101.469709     -101.464761      0.04        0.00
         78         19.5             0.04               576.58    0.167070     -101.636153     -101.469083     -101.464751      0.06        0.00
         79         19.8             0.04               575.12    0.166650     -101.635636     -101.468986     -101.464738      0.08        0.00
         80         20.0             0.04               572.93    0.166015     -101.635027     -101.469012     -101.464723      0.11        0.00
         81         20.2             0.04               573.76    0.166255     -101.634558     -101.468302     -101.464710      0.13        0.00
         82         20.5             0.04               574.39    0.166437     -101.634445     -101.468009     -101.464699      0.15        0.00
         83         20.8             0.04               571.02    0.165460     -101.634870     -101.469410     -101.464691      0.16        0.00
         84         21.0             0.03               575.26    0.166690     -101.635945     -101.469255     -101.464689      0.17        0.00
         85         21.2             0.04               578.81    0.167719     -101.637716     -101.469997     -101.464692      0.16        0.00
         86         21.5             0.03               578.73    0.167695     -101.640134     -101.472438     -101.464699      0.15        0.00
         87         21.8             0.04               587.29    0.170175     -101.643072     -101.472898     -101.464710      0.13        0.00
         88         22.0             0.04               598.63    0.173462     -101.646379     -101.472916     -101.464723      0.11        0.00
         89         22.2             0.04               608.52    0.176327     -101.649854     -101.473527     -101.464737      0.09        0.00
         90         22.5             0.03               619.50    0.179509     -101.653280     -101.473771     -101.464749      0.06        0.00
         91         22.8             0.04               623.30    0.180610     -101.656462     -101.475852     -101.464760      0.05        0.00
         92         23.0             0.04               632.02    0.183137     -101.659222     -101.476086     -101.464768      0.03        0.00
         93         23.2             0.04               636.40    0.184406     -101.661459     -101.477053     -101.464772      0.03        0.00
         94         23.5             0.04               641.34    0.185837     -101.663100     -101.477264     -101.464773      0.02        0.00
         95         23.8             0.04               644.46    0.186742     -101.664137     -101.477395     -101.464770      0.03        0.00
         96         24.0             0.04               642.00    0.186027     -101.664607     -101.478580     -101.464765      0.04        0.00
         97         24.2             0.04               646.70    0.187388     -101.664598     -101.477210     -101.464757      0.05        0.00
         98         24.5             0.05               645.62    0.187077     -101.664239     -101.477162     -101.464747      0.07        0.00
         99         24.8             0.04               648.14    0.187808     -101.663686     -101.475878     -101.464735      0.09        0.00
        100         25.0             0.04               646.81    0.187421     -101.663114     -101.475693     -101.464724      0.11        0.00
        101         25.2             0.04               642.17    0.186078     -101.662704     -101.476626     -101.464713      0.13        0.00
        102         25.5             0.04               642.79    0.186257     -101.662625     -101.476368     -101.464705      0.14        0.00
        103         25.8             0.04               643.51    0.186464     -101.663009     -101.476545     -101.464700      0.15        0.00
        104         26.0             0.03               643.38    0.186427     -101.663937     -101.477509     -101.464698      0.15        0.00
        105         26.2             0.03               651.52    0.188785     -101.665421     -101.476636     -101.464702      0.15        0.00
        106         26.5             0.04               658.08    0.190688     -101.667417     -101.476729     -101.464709      0.13        0.00
        107         26.8             0.04               659.86    0.191202     -101.669803     -101.478601     -101.464720      0.11        0.00
        108         27.0             0.04               672.58    0.194888     -101.672404     -101.477516     -101.464733      0.09        0.00
        109         27.2             0.04               672.89    0.194978     -101.675046     -101.480068     -101.464745      0.07        0.00
        110         27.5             0.03               680.54    0.197197     -101.677512     -101.480315     -101.464757      0.05        0.00
        111         27.8             0.04               691.17    0.200275     -101.679646     -101.479370     -101.464765      0.04        0.00
        112         28.0             0.04               696.30    0.201763     -101.681322     -101.479560     -101.464770      0.03        0.00
        113         28.2             0.04               700.22    0.202898     -101.682466     -101.479568     -101.464770      0.03        0.00
        114         28.5             0.04               708.89    0.205410     -101.683078     -101.477667     -101.464766      0.04        0.00
        115         28.8             0.04               709.25    0.205514     -101.683228     -101.477714     -101.464757      0.05        0.00
        116         29.0             0.04               709.05    0.205456     -101.683046     -101.477590     -101.464746      0.07        0.00
        117         29.2             0.04               703.94    0.203975     -101.682718     -101.478742     -101.464733      0.09        0.00
        118         29.5             0.03               706.91    0.204836     -101.682452     -101.477616     -101.464720      0.12        0.00
        119         29.8             0.03               703.83    0.203943     -101.682453     -101.478510     -101.464709      0.13        0.00
        120         30.0             0.03               704.51    0.204142     -101.682896     -101.478754     -101.464701      0.15        0.00
        121         30.2             0.03               706.58    0.204741     -101.683907     -101.479167     -101.464697      0.15        0.00
        122         30.5             0.03               708.59    0.205324     -101.685548     -101.480223     -101.464698      0.15        0.00
        123         30.8             0.04               712.44    0.206439     -101.687803     -101.481364     -101.464703      0.14        0.00
        124         31.0             0.04               719.92    0.208607     -101.690601     -101.481994     -101.464711      0.13        0.00
        125         31.2             0.03               731.06    0.211835     -101.693821     -101.481986     -101.464721      0.11        0.00
        126         31.5             0.04               742.84    0.215246     -101.697313     -101.482066     -101.464731      0.10        0.00
        127         31.8             0.03               750.58    0.217492     -101.700904     -101.483412     -101.464742      0.08        0.00
        128         32.0             0.03               758.82    0.219878     -101.704419     -101.484541     -101.464751      0.06        0.00
        129         32.2             0.04               768.81    0.222774     -101.707716     -101.484942     -101.464759      0.05        0.00
        130         32.5             0.04               772.49    0.223839     -101.710682     -101.486843     -101.464764      0.04        0.00
        131         32.8             0.04               774.31    0.224367     -101.713229     -101.488862     -101.464766      0.04        0.00
        132         33.0             0.04               775.72    0.224776     -101.715322     -101.490546     -101.464767      0.03        0.00
        133         33.2             0.03               783.30    0.226973     -101.716964     -101.489991     -101.464765      0.04        0.00
        134         33.5             0.03               786.58    0.227922     -101.718198     -101.490276     -101.464760      0.05        0.00
        135         33.8             0.03               786.65    0.227941     -101.719091     -101.491150     -101.464754      0.06        0.00
        136         34.0             0.04               791.99    0.229490     -101.719744     -101.490254     -101.464746      0.07        0.00
        137         34.2             0.03               796.12    0.230687     -101.720280     -101.489592     -101.464738      0.08        0.00
        138         34.5             0.03               795.55    0.230521     -101.720830     -101.490309     -101.464730      0.10        0.00
        139         34.8             0.04               798.15    0.231276     -101.721521     -101.490246     -101.464723      0.11        0.00
        140         35.0             0.03               795.83    0.230602     -101.722465     -101.491863     -101.464718      0.12        0.00
        141         35.2             0.04               794.53    0.230225     -101.723733     -101.493508     -101.464716      0.12        0.00
        142         35.5             0.03               805.48    0.233397     -101.725352     -101.491954     -101.464718      0.12        0.00
        143         35.8             0.03               805.51    0.233406     -101.727303     -101.493897     -101.464724      0.11        0.00
        144         36.0             0.03               809.88    0.234673     -101.729491     -101.494818     -101.464732      0.09        0.00
        145         36.2             0.03               815.70    0.236361     -101.731794     -101.495433     -101.464742      0.08        0.00
        146         36.5             0.03               822.88    0.238441     -101.734058     -101.495617     -101.464753      0.06        0.00
        147         36.8             0.03               828.68    0.240120     -101.736118     -101.495997     -101.464763      0.04        0.00
        148         37.0             0.03               841.27    0.243769     -101.737813     -101.494044     -101.464771      0.03        0.00
        149         37.2             0.03               842.05    0.243996     -101.739018     -101.495022     -101.464776      0.02        0.00
        150         37.5             0.04               841.85    0.243936     -101.739639     -101.495703     -101.464778      0.01        0.00
        151         37.8             0.03               844.76    0.244780     -101.739652     -101.494873     -101.464776      0.02        0.00
        152         38.0             0.04               843.48    0.244410     -101.739089     -101.494679     -101.464771      0.03        0.00
        153         38.2             0.04               837.07    0.242551     -101.738036     -101.495485     -101.464762      0.04        0.00
        154         38.5             0.03               826.14    0.239386     -101.736635     -101.497249     -101.464751      0.06        0.00
        155         38.8             0.03               820.88    0.237861     -101.735059     -101.497199     -101.464740      0.08        0.00
        156         39.0             0.03               811.95    0.235273     -101.733483     -101.498210     -101.464729      0.10        0.00
        157         39.2             0.03               810.31    0.234799     -101.732076     -101.497277     -101.464721      0.11        0.00
        158         39.5             0.03               800.21    0.231872     -101.730964     -101.499093     -101.464716      0.12        0.00
        159         39.8             0.03               799.75    0.231738     -101.730240     -101.498502     -101.464714      0.13        0.00
        160         40.0             0.03               801.40    0.232217     -101.729928     -101.497712     -101.464715      0.12        0.00
        161         40.2             0.03               798.77    0.231454     -101.730008     -101.498554     -101.464719      0.12        0.00
        162         40.5             0.03               801.49    0.232244     -101.730411     -101.498167     -101.464725      0.11        0.00
        163         40.8             0.03               797.47    0.231076     -101.731045     -101.499968     -101.464732      0.09        0.00
        164         41.0             0.03               798.64    0.231416     -101.731800     -101.500385     -101.464739      0.08        0.00
        165         41.2             0.03               797.06    0.230959     -101.732579     -101.501620     -101.464744      0.07        0.00
        166         41.5             0.03               802.06    0.232407     -101.733289     -101.500882     -101.464749      0.07        0.00
        167         41.8             0.04               801.95    0.232376     -101.733862     -101.501486     -101.464752      0.06        0.00
        168         42.0             0.03               801.36    0.232206     -101.734250     -101.502044     -101.464753      0.06        0.00
        169         42.2             0.03               795.23    0.230430     -101.734428     -101.503999     -101.464753      0.06        0.00
        170         42.5             0.03               791.44    0.229330     -101.734400     -101.505070     -101.464752      0.06        0.00
        171         42.8             0.03               788.24    0.228402     -101.734186     -101.505784     -101.464750      0.06        0.00
        172         43.0             0.04               790.88    0.229167     -101.733825     -101.504658     -101.464747      0.07        0.00
        173         43.2             0.03               795.35    0.230463     -101.733366     -101.502903     -101.464743      0.08        0.00
        174         43.5             0.03               792.21    0.229553     -101.732872     -101.503319     -101.464738      0.08        0.00
        175         43.8             0.04               794.14    0.230111     -101.732421     -101.502309     -101.464733      0.09        0.00
        176         44.0             0.03               790.33    0.229007     -101.732092     -101.503085     -101.464728      0.10        0.00
        177         44.2             0.03               784.68    0.227370     -101.731963     -101.504593     -101.464724      0.11        0.00
        178         44.5             0.03               785.04    0.227476     -101.732102     -101.504626     -101.464722      0.11        0.00
        179         44.8             0.03               789.35    0.228725     -101.732548     -101.503824     -101.464722      0.11        0.00
        180         45.0             0.03               786.49    0.227895     -101.733307     -101.505411     -101.464724      0.11        0.00
        181         45.2             0.03               790.36    0.229016     -101.734336     -101.505320     -101.464729      0.10        0.00
        182         45.5             0.04               792.26    0.229566     -101.735559     -101.505993     -101.464737      0.09        0.00
        183         45.8             0.03               790.02    0.228919     -101.736853     -101.507934     -101.464746      0.07        0.00
        184         46.0             0.03               795.96    0.230639     -101.738071     -101.507432     -101.464756      0.05        0.00
        185         46.2             0.03               803.91    0.232943     -101.739067     -101.506124     -101.464765      0.04        0.00
        186         46.5             0.03               802.55    0.232548     -101.739695     -101.507147     -101.464773      0.02        0.00
        187         46.8             0.03               801.82    0.232339     -101.739839     -101.507500     -101.464777      0.02        0.00
        188         47.0             0.03               794.53    0.230225     -101.739433     -101.509208     -101.464778      0.01        0.00
        189         47.2             0.03               791.75    0.229419     -101.738472     -101.509053     -101.464775      0.02        0.00
        190         47.5             0.03               786.03    0.227762     -101.737000     -101.509238     -101.464770      0.03        0.00
        191         47.8             0.04               782.87    0.226848     -101.735109     -101.508261     -101.464762      0.04        0.00
        192         48.0             0.03               773.16    0.224035     -101.732926     -101.508891     -101.464752      0.06        0.00
        193         48.2             0.03               765.43    0.221794     -101.730610     -101.508816     -101.464742      0.08        0.00
        194         48.5             0.03               759.90    0.220191     -101.728311     -101.508120     -101.464734      0.09        0.00
        195         48.8             0.03               751.31    0.217703     -101.726155     -101.508452     -101.464728      0.10        0.00
        196         49.0             0.04               745.42    0.215995     -101.724239     -101.508244     -101.464725      0.11        0.00
        197         49.2             0.03               737.95    0.213831     -101.722604     -101.508773     -101.464725      0.11        0.00
        198         49.5             0.03               732.99    0.212392     -101.721252     -101.508860     -101.464728      0.10        0.00
        199         49.8             0.03               730.95    0.211802     -101.720135     -101.508332     -101.464732      0.09        0.00
        200         50.0             0.03               727.73    0.210870     -101.719177     -101.508308     -101.464738      0.08        0.00
        201         50.2             0.03               723.33    0.209595     -101.718288     -101.508693     -101.464744      0.07        0.00
        202         50.5             0.03               719.71    0.208546     -101.717374     -101.508828     -101.464749      0.07        0.00
        203         50.8             0.03               721.45    0.209051     -101.716357     -101.507306     -101.464753      0.06        0.00
        204         51.0             0.03               713.23    0.206669     -101.715169     -101.508500     -101.464755      0.06        0.00
        205         51.2             0.03               711.15    0.206065     -101.713785     -101.507720     -101.464755      0.05        0.00
        206         51.5             0.03               704.29    0.204077     -101.712191     -101.508113     -101.464754      0.06        0.00
        207         51.8             0.03               699.29    0.202628     -101.710410     -101.507781     -101.464751      0.06        0.00
        208         52.0             0.03               691.73    0.200439     -101.708480     -101.508040     -101.464748      0.07        0.00
        209         52.2             0.03               683.19    0.197963     -101.706462     -101.508499     -101.464743      0.08        0.00
        210         52.5             0.03               671.69    0.194631     -101.704429     -101.509798     -101.464738      0.08        0.00
        211         52.8             0.04               662.81    0.192059     -101.702469     -101.510410     -101.464733      0.09        0.00
        212         53.0             0.03               651.91    0.188900     -101.700663     -101.511763     -101.464728      0.10        0.00
        213         53.2             0.03               640.44    0.185576     -101.699100     -101.513524     -101.464723      0.11        0.00
        214         53.5             0.03               638.57    0.185034     -101.697858     -101.512824     -101.464720      0.12        0.00
        215         53.8             0.03               636.94    0.184561     -101.696988     -101.512428     -101.464717      0.12        0.00
        216         54.0             0.03               630.09    0.182578     -101.696527     -101.513949     -101.464717      0.12        0.00
        217         54.2             0.03               631.01    0.182842     -101.696486     -101.513644     -101.464718      0.12        0.00
        218         54.5             0.04               632.07    0.183150     -101.696837     -101.513687     -101.464722      0.11        0.00
        219         54.8             0.03               633.42    0.183542     -101.697516     -101.513974     -101.464729      0.10        0.00
        220         55.0             0.03               638.14    0.184909     -101.698421     -101.513511     -101.464737      0.09        0.00
        221         55.2             0.04               639.74    0.185374     -101.699422     -101.514048     -101.464746      0.07        0.00
        222         55.5             0.03               642.82    0.186265     -101.700376     -101.514112     -101.464755      0.05        0.00
        223         55.8             0.04               648.63    0.187949     -101.701150     -101.513202     -101.464762      0.04        0.00
        224         56.0             0.03               647.13    0.187513     -101.701633     -101.514120     -101.464767      0.03        0.00
        225         56.2             0.03               648.56    0.187929     -101.701750     -101.513821     -101.464769      0.03        0.00
        226         56.5             0.04               646.96    0.187464     -101.701477     -101.514013     -101.464767      0.03        0.00
        227         56.8             0.03               649.54    0.188212     -101.700845     -101.512633     -101.464762      0.04        0.00
        228         57.0             0.03               642.91    0.186291     -101.699926     -101.513635     -101.464755      0.05        0.00
        229         57.2             0.03               635.65    0.184188     -101.698837     -101.514649     -101.464747      0.07        0.00
        230         57.5             0.03               632.52    0.183280     -101.697708     -101.514428     -101.464739      0.08        0.00
        231         57.8             0.03               628.57    0.182138     -101.696661     -101.514523     -101.464732      0.09        0.00
        232         58.0             0.04               621.21    0.180003     -101.695799     -101.515797     -101.464728      0.10        0.00
        233         58.2             0.03               617.14    0.178826     -101.695196     -101.516370     -101.464727      0.10        0.00
        234         58.5             0.04               610.99    0.177042     -101.694872     -101.517830     -101.464728      0.10        0.00
        235         58.8             0.03               608.25    0.176249     -101.694810     -101.518560     -101.464732      0.09        0.00
        236         59.0             0.03               606.38    0.175707     -101.694951     -101.519244     -101.464737      0.08        0.00
        237         59.2             0.04               610.43    0.176881     -101.695209     -101.518328     -101.464744      0.07        0.00
        238         59.5             0.04               611.94    0.177317     -101.695483     -101.518166     -101.464750      0.06        0.00
        239         59.8             0.04               613.92    0.177892     -101.695671     -101.517778     -101.464756      0.05        0.00
        240         60.0             0.03               609.12    0.176500     -101.695680     -101.519180     -101.464761      0.05        0.00
        241         60.2             0.04               612.82    0.177573     -101.695444     -101.517871     -101.464763      0.04        0.00
        242         60.5             0.04               608.87    0.176427     -101.694918     -101.518491     -101.464764      0.04        0.00
        243         60.8             0.04               610.48    0.176894     -101.694095     -101.517202     -101.464762      0.04        0.00
        244         61.0             0.04               603.70    0.174931     -101.692988     -101.518057     -101.464760      0.05        0.00
        245         61.2             0.04               601.08    0.174171     -101.691644     -101.517473     -101.464756      0.05        0.00
        246         61.5             0.04               591.24    0.171319     -101.690122     -101.518803     -101.464751      0.06        0.00
        247         61.8             0.03               585.77    0.169734     -101.688510     -101.518776     -101.464745      0.07        0.00
        248         62.0             0.03               581.11    0.168386     -101.686892     -101.518506     -101.464740      0.08        0.00
        249         62.2             0.03               580.01    0.168065     -101.685354     -101.517289     -101.464735      0.09        0.00
        250         62.5             0.03               572.91    0.166007     -101.683975     -101.517969     -101.464730      0.10        0.00
        251         62.8             0.03               570.30    0.165251     -101.682842     -101.517592     -101.464726      0.11        0.00
        252         63.0             0.03               561.62    0.162738     -101.682017     -101.519280     -101.464723      0.11        0.00
        253         63.2             0.03               562.38    0.162958     -101.681556     -101.518598     -101.464721      0.11        0.00
        254         63.5             0.03               565.36    0.163819     -101.681481     -101.517661     -101.464721      0.11        0.00
        255         63.8             0.03               567.16    0.164342     -101.681792     -101.517450     -101.464723      0.11        0.00
        256         64.0             0.03               569.82    0.165113     -101.682458     -101.517344     -101.464727      0.10        0.00
        257         64.2             0.03               574.46    0.166459     -101.683416     -101.516957     -101.464733      0.09        0.00
        258         64.5             0.03               577.39    0.167308     -101.684577     -101.517269     -101.464740      0.08        0.00
        259         64.8             0.04               580.40    0.168179     -101.685832     -101.517654     -101.464748      0.07        0.00
        260         65.0             0.04               587.02    0.170096     -101.687069     -101.516972     -101.464754      0.06        0.00
        261         65.2             0.04               592.81    0.171776     -101.688185     -101.516409     -101.464760      0.05        0.00
        262         65.5             0.03               597.75    0.173205     -101.689098     -101.515893     -101.464763      0.04        0.00
        263         65.8             0.03               606.22    0.175661     -101.689762     -101.514101     -101.464763      0.04        0.00
        264         66.0             0.04               603.46    0.174862     -101.690173     -101.515311     -101.464760      0.05        0.00
        265         66.2             0.03               605.27    0.175385     -101.690373     -101.514987     -101.464755      0.06        0.00
        266         66.5             0.04               607.56    0.176049     -101.690443     -101.514394     -101.464748      0.07        0.00
        267         66.8             0.03               608.42    0.176297     -101.690485     -101.514188     -101.464741      0.08        0.00
        268         67.0             0.03               610.01    0.176759     -101.690609     -101.513850     -101.464735      0.09        0.00
        269         67.2             0.04               613.36    0.177730     -101.690914     -101.513184     -101.464730      0.10        0.00
        270         67.5             0.03               610.99    0.177043     -101.691474     -101.514431     -101.464728      0.10        0.00
        271         67.8             0.04               614.03    0.177924     -101.692324     -101.514399     -101.464728      0.10        0.00
        272         68.0             0.03               616.67    0.178687     -101.693464     -101.514778     -101.464731      0.10        0.00
        273         68.2             0.04               616.86    0.178743     -101.694855     -101.516112     -101.464735      0.09        0.00
        274         68.5             0.03               624.88    0.181068     -101.696424     -101.515356     -101.464741      0.08        0.00
        275         68.8             0.03               628.59    0.182141     -101.698093     -101.515952     -101.464747      0.07        0.00
        276         69.0             0.04               636.21    0.184349     -101.699755     -101.515406     -101.464753      0.06        0.00
        277         69.2             0.04               645.51    0.187045     -101.701315     -101.514270     -101.464759      0.05        0.00
        278         69.5             0.04               644.88    0.186861     -101.702678     -101.515817     -101.464764      0.04        0.00
        279         69.8             0.04               654.38    0.189616     -101.703758     -101.514142     -101.464768      0.03        0.00
        280         70.0             0.04               656.29    0.190170     -101.704512     -101.514342     -101.464769      0.03        0.00
        281         70.2             0.04               653.32    0.189309     -101.704906     -101.515597     -101.464769      0.03        0.00
        282         70.5             0.04               653.02    0.189221     -101.704946     -101.515725     -101.464767      0.03        0.00
        283         70.8             0.04               653.01    0.189218     -101.704666     -101.515448     -101.464764      0.04        0.00
        284         71.0             0.03               649.84    0.188299     -101.704121     -101.515822     -101.464760      0.05        0.00
        285         71.2             0.03               654.60    0.189678     -101.703383     -101.513705     -101.464754      0.06        0.00
        286         71.5             0.03               655.44    0.189924     -101.702529     -101.512605     -101.464749      0.07        0.00
        287         71.8             0.04               649.38    0.188167     -101.701646     -101.513479     -101.464743      0.08        0.00
        288         72.0             0.04               647.58    0.187646     -101.700829     -101.513184     -101.464738      0.08        0.00
        289         72.2             0.03               645.87    0.187150     -101.700159     -101.513009     -101.464734      0.09        0.00
        290         72.5             0.03               649.66    0.188246     -101.699703     -101.511456     -101.464731      0.10        0.00
        291         72.8             0.03               646.62    0.187366     -101.699509     -101.512143     -101.464729      0.10        0.00
        292         73.0             0.04               646.66    0.187378     -101.699601     -101.512223     -101.464729      0.10        0.00
        293         73.2             0.03               645.19    0.186953     -101.699978     -101.513025     -101.464731      0.10        0.00
        294         73.5             0.04               640.79    0.185678     -101.700607     -101.514929     -101.464735      0.09        0.00
        295         73.8             0.04               641.63    0.185921     -101.701425     -101.515503     -101.464741      0.08        0.00
        296         74.0             0.03               650.68    0.188543     -101.702353     -101.513811     -101.464747      0.07        0.00
        297         74.2             0.03               653.38    0.189325     -101.703300     -101.513975     -101.464753      0.06        0.00
        298         74.5             0.03               657.21    0.190434     -101.704164     -101.513730     -101.464758      0.05        0.00
        299         74.8             0.03               654.85    0.189750     -101.704864     -101.515114     -101.464761      0.04        0.00
        300         75.0             0.03               662.07    0.191843     -101.705347     -101.513504     -101.464762      0.04        0.00
        301         75.2             0.03               659.66    0.191145     -101.705601     -101.514456     -101.464761      0.05        0.00
        302         75.5             0.03               661.58    0.191701     -101.705648     -101.513948     -101.464756      0.05        0.00
        303         75.8             0.03               661.86    0.191783     -101.705555     -101.513772     -101.464750      0.06        0.00
        304         76.0             0.03               656.51    0.190233     -101.705409     -101.515176     -101.464744      0.07        0.00
        305         76.2             0.03               658.24    0.190735     -101.705313     -101.514578     -101.464738      0.08        0.00
        306         76.5             0.04               658.74    0.190878     -101.705367     -101.514489     -101.464732      0.09        0.00
        307         76.8             0.04               663.00    0.192112     -101.705655     -101.513544     -101.464728      0.10        0.00
        308         77.0             0.03               665.53    0.192847     -101.706238     -101.513391     -101.464726      0.10        0.00
        309         77.2             0.03               671.21    0.194492     -101.707140     -101.512648     -101.464727      0.10        0.00
        310         77.5             0.03               675.07    0.195610     -101.708353     -101.512743     -101.464729      0.10        0.00
        311         77.8             0.03               672.27    0.194799     -101.709835     -101.515035     -101.464734      0.09        0.00
        312         78.0             0.03               679.27    0.196826     -101.711515     -101.514689     -101.464739      0.08        0.00
        313         78.2             0.03               677.83    0.196409     -101.713325     -101.516916     -101.464745      0.07        0.00
        314         78.5             0.03               673.66    0.195201     -101.715165     -101.519965     -101.464750      0.06        0.00
        315         78.8             0.04               676.26    0.195957     -101.716950     -101.520994     -101.464756      0.05        0.00
        316         79.0             0.04               684.64    0.198383     -101.718613     -101.520230     -101.464760      0.05        0.00
        317         79.2             0.04               685.85    0.198733     -101.720089     -101.521356     -101.464763      0.04        0.00
        318         79.5             0.03               685.26    0.198562     -101.721320     -101.522759     -101.464766      0.04        0.00
        319         79.8             0.03               684.96    0.198476     -101.722277     -101.523801     -101.464766      0.04        0.00
        320         80.0             0.03               691.45    0.200358     -101.722954     -101.522596     -101.464766      0.04        0.00
        321         80.2             0.03               688.16    0.199404     -101.723362     -101.523958     -101.464764      0.04        0.00
        322         80.5             0.03               681.45    0.197459     -101.723531     -101.526072     -101.464761      0.04        0.00
        323         80.8             0.03               684.35    0.198298     -101.723510     -101.525212     -101.464757      0.05        0.00
        324         81.0             0.04               685.87    0.198739     -101.723358     -101.524619     -101.464753      0.06        0.00
        325         81.2             0.03               688.08    0.199379     -101.723140     -101.523761     -101.464749      0.06        0.00
        326         81.5             0.03               685.34    0.198587     -101.722920     -101.524333     -101.464745      0.07        0.00
        327         81.8             0.04               686.81    0.199012     -101.722761     -101.523749     -101.464742      0.08        0.00
        328         82.0             0.04               686.43    0.198901     -101.722713     -101.523812     -101.464740      0.08        0.00
        329         82.2             0.04               686.85    0.199024     -101.722812     -101.523788     -101.464739      0.08        0.00
        330         82.5             0.03               684.67    0.198393     -101.723071     -101.524678     -101.464740      0.08        0.00
        331         82.8             0.03               689.53    0.199802     -101.723485     -101.523683     -101.464742      0.08        0.00
        332         83.0             0.04               686.00    0.198779     -101.724016     -101.525237     -101.464746      0.07        0.00
        333         83.2             0.03               685.88    0.198744     -101.724602     -101.525858     -101.464751      0.06        0.00
        334         83.5             0.04               690.84    0.200179     -101.725166     -101.524987     -101.464757      0.05        0.00
        335         83.8             0.03               694.86    0.201345     -101.725623     -101.524279     -101.464762      0.04        0.00
        336         84.0             0.03               695.02    0.201390     -101.725887     -101.524497     -101.464766      0.04        0.00
        337         84.2             0.04               698.66    0.202445     -101.725886     -101.523441     -101.464769      0.03        0.00
        338         84.5             0.03               692.44    0.200644     -101.725575     -101.524931     -101.464770      0.03        0.00
        339         84.8             0.03               686.02    0.198782     -101.724944     -101.526161     -101.464768      0.03        0.00
        340         85.0             0.03               679.43    0.196873     -101.724024     -101.527151     -101.464764      0.04        0.00
        341         85.2             0.04               672.94    0.194993     -101.722879     -101.527886     -101.464759      0.05        0.00
        342         85.5             0.04               669.74    0.194065     -101.721601     -101.527536     -101.464752      0.06        0.00
        343         85.8             0.03               659.90    0.191214     -101.720297     -101.529084     -101.464744      0.07        0.00
        344         86.0             0.04               655.06    0.189813     -101.719090     -101.529277     -101.464738      0.08        0.00
        345         86.2             0.03               653.53    0.189368     -101.718084     -101.528715     -101.464732      0.09        0.00
        346         86.5             0.03               652.45    0.189056     -101.717361     -101.528305     -101.464729      0.10        0.00
        347         86.8             0.04               645.19    0.186951     -101.716976     -101.530025     -101.464728      0.10        0.00
        348         87.0             0.03               643.82    0.186555     -101.716953     -101.530398     -101.464728      0.10        0.00
        349         87.2             0.03               641.16    0.185784     -101.717276     -101.531492     -101.464732      0.10        0.00
        350         87.5             0.04               641.66    0.185930     -101.717901     -101.531971     -101.464736      0.09        0.00
        351         87.8             0.03               646.51    0.187336     -101.718762     -101.531426     -101.464741      0.08        0.00
        352         88.0             0.03               656.98    0.190367     -101.719778     -101.529411     -101.464747      0.07        0.00
        353         88.2             0.03               655.87    0.190046     -101.720865     -101.530820     -101.464752      0.06        0.00
        354         88.5             0.03               662.51    0.191972     -101.721930     -101.529958     -101.464756      0.05        0.00
        355         88.8             0.04               661.37    0.191640     -101.722909     -101.531269     -101.464760      0.05        0.00
        356         89.0             0.03               654.14    0.189547     -101.723744     -101.534197     -101.464762      0.04        0.00
        357         89.2             0.03               656.67    0.190280     -101.724402     -101.534122     -101.464763      0.04        0.00
        358         89.5             0.04               654.61    0.189683     -101.724882     -101.535200     -101.464762      0.04        0.00
        359         89.8             0.03               652.89    0.189184     -101.725190     -101.536006     -101.464761      0.04        0.00
        360         90.0             0.04               651.49    0.188776     -101.725356     -101.536580     -101.464758      0.05        0.00
        361         90.2             0.04               650.64    0.188530     -101.725425     -101.536895     -101.464755      0.06        0.00
        362         90.5             0.03               646.66    0.187378     -101.725451     -101.538072     -101.464751      0.06        0.00
        363         90.8             0.04               648.14    0.187807     -101.725492     -101.537685     -101.464747      0.07        0.00
        364         91.0             0.04               647.35    0.187579     -101.725609     -101.538030     -101.464744      0.07        0.00
        365         91.2             0.03               648.53    0.187919     -101.725853     -101.537935     -101.464742      0.08        0.00
        366         91.5             0.03               647.86    0.187725     -101.726261     -101.538536     -101.464741      0.08        0.00
        367         91.8             0.03               654.24    0.189574     -101.726845     -101.537271     -101.464742      0.08        0.00
        368         92.0             0.03               654.55    0.189666     -101.727594     -101.537929     -101.464744      0.07        0.00
        369         92.2             0.04               658.39    0.190776     -101.728465     -101.537689     -101.464749      0.07        0.00
        370         92.5             0.03               660.12    0.191279     -101.729393     -101.538114     -101.464754      0.06        0.00
        371         92.8             0.03               658.78    0.190889     -101.730291     -101.539402     -101.464760      0.05        0.00
        372         93.0             0.03               662.08    0.191846     -101.731064     -101.539218     -101.464766      0.04        0.00
        373         93.2             0.03               660.95    0.191519     -101.731621     -101.540102     -101.464772      0.03        0.00
        374         93.5             0.04               661.89    0.191791     -101.731875     -101.540085     -101.464776      0.02        0.00
        375         93.8             0.03               663.12    0.192147     -101.731767     -101.539620     -101.464778      0.02        0.00
        376         94.0             0.03               658.20    0.190721     -101.731261     -101.540540     -101.464778      0.02        0.00
        377         94.2             0.04               654.54    0.189661     -101.730364     -101.540703     -101.464775      0.02        0.00
        378         94.5             0.03               652.55    0.189084     -101.729115     -101.540031     -101.464771      0.03        0.00
        379         94.8             0.03               650.27    0.188424     -101.727582     -101.539158     -101.464765      0.04        0.00
        380         95.0             0.03               642.38    0.186138     -101.725854     -101.539717     -101.464758      0.05        0.00
        381         95.2             0.03               635.11    0.184030     -101.724055     -101.540025     -101.464751      0.06        0.00
        382         95.5             0.03               629.77    0.182485     -101.722298     -101.539813     -101.464744      0.07        0.00
        383         95.8             0.04               617.16    0.178832     -101.720691     -101.541860     -101.464738      0.08        0.00
        384         96.0             0.03               611.34    0.177144     -101.719329     -101.542185     -101.464735      0.09        0.00
        385         96.2             0.03               604.85    0.175264     -101.718259     -101.542996     -101.464734      0.09        0.00
        386         96.5             0.04               597.63    0.173172     -101.717497     -101.544325     -101.464736      0.09        0.00
        387         96.8             0.04               594.47    0.172256     -101.717023     -101.544767     -101.464739      0.08        0.00
        388         97.0             0.04               593.01    0.171833     -101.716785     -101.544951     -101.464744      0.07        0.00
        389         97.2             0.03               590.55    0.171120     -101.716710     -101.545590     -101.464749      0.06        0.00
        390         97.5             0.03               590.60    0.171133     -101.716716     -101.545583     -101.464755      0.06        0.00
        391         97.8             0.03               589.28    0.170752     -101.716723     -101.545970     -101.464759      0.05        0.00
        392         98.0             0.03               587.45    0.170221     -101.716661     -101.546440     -101.464762      0.04        0.00
        393         98.2             0.03               586.69    0.170002     -101.716481     -101.546479     -101.464765      0.04        0.00
        394         98.5             0.03               586.67    0.169997     -101.716153     -101.546156     -101.464765      0.04        0.00
        395         98.8             0.03               581.62    0.168532     -101.715667     -101.547135     -101.464764      0.04        0.00
        396         99.0             0.03               575.41    0.166732     -101.715041     -101.548309     -101.464762      0.04        0.00
        397         99.2             0.03               568.16    0.164631     -101.714312     -101.549681     -101.464759      0.05        0.00
        398         99.5             0.03               566.14    0.164047     -101.713534     -101.549486     -101.464756      0.05        0.00
        399         99.8             0.04               565.38    0.163827     -101.712762     -101.548935     -101.464752      0.06        0.00
        400        100.0             0.03               561.72    0.162766     -101.712059     -101.549293     -101.464748      0.07        0.00
        401        100.2             0.03               563.17    0.163185     -101.711489     -101.548305     -101.464744      0.07        0.00
        402        100.5             0.03               566.31    0.164095     -101.711108     -101.547014     -101.464742      0.08        0.00
        403        100.8             0.03               562.26    0.162923     -101.710957     -101.548033     -101.464740      0.08        0.00
        404        101.0             0.03               559.54    0.162135     -101.711060     -101.548926     -101.464740      0.08        0.00
        405        101.2             0.04               557.89    0.161656     -101.711422     -101.549765     -101.464742      0.08        0.00
        406        101.5             0.03               558.26    0.161763     -101.712016     -101.550253     -101.464745      0.07        0.00
        407        101.8             0.03               558.89    0.161947     -101.712791     -101.550845     -101.464750      0.06        0.00
        408        102.0             0.03               559.57    0.162143     -101.713675     -101.551532     -101.464756      0.05        0.00
        409        102.2             0.03               563.79    0.163366     -101.714577     -101.551211     -101.464762      0.04        0.00
        410        102.5             0.03               570.34    0.165263     -101.715403     -101.550140     -101.464768      0.03        0.00
        411        102.8             0.03               571.77    0.165679     -101.716055     -101.550376     -101.464773      0.02        0.00
        412        103.0             0.04               569.82    0.165113     -101.716449     -101.551337     -101.464777      0.02        0.00
        413        103.2             0.04               566.29    0.164089     -101.716530     -101.552441     -101.464779      0.01        0.00
        414        103.5             0.04               560.84    0.162511     -101.716273     -101.553763     -101.464779      0.01       17.17
        415        103.8             0.04               557.05    0.161412     -101.715690     -101.554278     -101.464777      0.02       69.70
        416        104.0             0.04               553.17    0.160289     -101.714816     -101.554527     -101.464773      0.02      124.12
        417        104.2             0.04               549.43    0.159204     -101.713718     -101.554513     -101.464767      0.03      180.42
        418        104.5             0.03               544.60    0.157804     -101.712479     -101.554675     -101.464761      0.04      238.51
        419        104.8             0.04               539.73    0.156393     -101.711198     -101.554806     -101.464755      0.05      298.14
        420        105.0             0.04               528.88    0.153251     -101.709972     -101.556721     -101.464750      0.06      359.02
        421        105.2             0.03               524.16    0.151881     -101.708892     -101.557010     -101.464746      0.07      420.41
        422        105.5             0.05               517.67    0.150003     -101.708016     -101.558013     -101.464744      0.07      482.17
        423        105.8             0.05               517.57    0.149973     -101.707377     -101.557404     -101.464744      0.07      543.65
        424        106.0             0.05               520.14    0.150717     -101.706973     -101.556256     -101.464746      0.07      604.64
        425        106.2             0.05               519.66    0.150578     -101.706770     -101.556192     -101.464750      0.06      664.69
        426        106.5             0.05               518.80    0.150328     -101.706714     -101.556386     -101.464755      0.06      723.02
        427        106.8             0.04               514.53    0.149090     -101.706738     -101.557647     -101.464759      0.05      779.01
        428        107.0             0.06               513.51    0.148796     -101.706772     -101.557976     -101.464764      0.04      831.95
        429        107.2             0.04               510.51    0.147928     -101.706753     -101.558825     -101.464767      0.03      881.52
        430        107.5             0.05               511.31    0.148158     -101.706629     -101.558471     -101.464770      0.03      927.20
        431        107.8             0.04               509.34    0.147587     -101.706362     -101.558775     -101.464771      0.03      968.83
        432        108.0             0.03               507.34    0.147007     -101.705935     -101.558928     -101.464771      0.03     1006.02
        433        108.2             0.03               509.60    0.147662     -101.705353     -101.557691     -101.464770      0.03     1038.56
        434        108.5             0.03               503.36    0.145854     -101.704631     -101.558777     -101.464767      0.03     1066.49
        435        108.8             0.03               499.70    0.144796     -101.703814     -101.559018     -101.464764      0.04     1089.54
        436        109.0             0.03               499.05    0.144606     -101.702956     -101.558350     -101.464761      0.05     1107.83
        437        109.2             0.04               497.57    0.144177     -101.702114     -101.557937     -101.464757      0.05     1121.57
        438        109.5             0.04               493.28    0.142934     -101.701356     -101.558423     -101.464752      0.06     1130.95
        439        109.8             0.04               492.16    0.142609     -101.700751     -101.558142     -101.464749      0.06     1136.26
        440        110.0             0.04               492.61    0.142741     -101.700352     -101.557610     -101.464746      0.07     1137.89
        441        110.2             0.04               494.56    0.143306     -101.700201     -101.556895     -101.464745      0.07     1136.31
        442        110.5             0.04               494.49    0.143284     -101.700319     -101.557035     -101.464745      0.07     1131.99
        443        110.8             0.04               493.33    0.142947     -101.700705     -101.557758     -101.464747      0.07     1125.50
        444        111.0             0.04               489.74    0.141908     -101.701333     -101.559425     -101.464750      0.06     1117.44
        445        111.2             0.04               493.79    0.143083     -101.702152     -101.559069     -101.464754      0.06     1108.41
        446        111.5             0.04               498.74    0.144517     -101.703099     -101.558582     -101.464759      0.05     1098.94
        447        111.8             0.03               503.71    0.145956     -101.704092     -101.558137     -101.464765      0.04     1089.55
        448        112.0             0.03               507.10    0.146940     -101.705041     -101.558101     -101.464770      0.03     1080.77
        449        112.2             0.04               502.86    0.145710     -101.705860     -101.560150     -101.464775      0.02     1073.06
        450        112.5             0.03               504.67    0.146234     -101.706478     -101.560244     -101.464778      0.02     1066.83
        451        112.8             0.03               498.46    0.144436     -101.706857     -101.562420     -101.464779      0.01     1062.33
        452        113.0             0.04               502.85    0.145707     -101.706975     -101.561268     -101.464779      0.01     1059.77
        453        113.2             0.04               503.63    0.145932     -101.706842     -101.560910     -101.464777      0.02     1059.19
        454        113.5             0.04               503.75    0.145969     -101.706485     -101.560516     -101.464774      0.02     1060.60
        455        113.8             0.04               506.48    0.146758     -101.705957     -101.559199     -101.464769      0.03     1063.89
        456        114.0             0.04               509.86    0.147738     -101.705326     -101.557588     -101.464764      0.04     1068.87
        457        114.2             0.04               506.97    0.146902     -101.704670     -101.557767     -101.464759      0.05     1075.28
        458        114.5             0.04               501.02    0.145177     -101.704072     -101.558896     -101.464754      0.06     1082.74
        459        114.8             0.04               498.36    0.144407     -101.703607     -101.559200     -101.464751      0.06     1090.81
        460        115.0             0.04               497.42    0.144135     -101.703319     -101.559184     -101.464750      0.06     1099.10
        461        115.2             0.04               497.59    0.144183     -101.703229     -101.559046     -101.464751      0.06     1107.15
        462        115.5             0.04               496.97    0.144002     -101.703325     -101.559323     -101.464754      0.06     1114.53
        463        115.8             0.03               502.85    0.145707     -101.703569     -101.557863     -101.464757      0.05     1120.79
        464        116.0             0.03               504.33    0.146138     -101.703903     -101.557765     -101.464762      0.04     1125.60
        465        116.2             0.04               504.21    0.146101     -101.704254     -101.558152     -101.464767      0.03     1128.57
        466        116.5             0.03               507.71    0.147114     -101.704551     -101.557437     -101.464771      0.03     1129.42
        467        116.8             0.03               511.11    0.148100     -101.704737     -101.556636     -101.464774      0.02     1127.96
        468        117.0             0.03               509.22    0.147554     -101.704761     -101.557207     -101.464775      0.02     1124.05
        469        117.2             0.03               511.22    0.148133     -101.704599     -101.556466     -101.464776      0.02     1117.65
        470        117.5             0.03               510.10    0.147808     -101.704249     -101.556440     -101.464774      0.02     1108.80
        471        117.8             0.03               511.63    0.148251     -101.703729     -101.555478     -101.464772      0.03     1097.63
        472        118.0             0.03               509.15    0.147534     -101.703076     -101.555542     -101.464769      0.03     1084.33
        473        118.2             0.03               501.87    0.145424     -101.702348     -101.556924     -101.464765      0.04     1069.25
        474        118.5             0.03               492.58    0.142731     -101.701616     -101.558885     -101.464760      0.05     1052.83
        475        118.8             0.03               489.68    0.141891     -101.700956     -101.559065     -101.464756      0.05     1035.56
        476        119.0             0.04               487.71    0.141320     -101.700431     -101.559110     -101.464753      0.06     1017.82
        477        119.2             0.04               489.33    0.141789     -101.700094     -101.558304     -101.464751      0.06     1000.16
        478        119.5             0.04               490.64    0.142168     -101.699978     -101.557810     -101.464750      0.06      983.09
        479        119.8             0.04               486.18    0.140878     -101.700100     -101.559222     -101.464750      0.06      967.20
        480        120.0             0.03               490.22    0.142047     -101.700455     -101.558408     -101.464752      0.06      953.19
        481        120.2             0.04               490.72    0.142193     -101.701024     -101.558831     -101.464754      0.06      941.48
        482        120.5             0.04               498.89    0.144559     -101.701764     -101.557205     -101.464757      0.05      932.62
        483        120.8             0.04               503.37    0.145859     -101.702634     -101.556775     -101.464760      0.05      927.00
        484        121.0             0.03               507.42    0.147033     -101.703579     -101.556547     -101.464763      0.04      924.99
        485        121.2             0.03               515.94    0.149500     -101.704548     -101.555048     -101.464766      0.04      926.84
        486        121.5             0.03               514.68    0.149135     -101.705495     -101.556360     -101.464768      0.03      932.70
        487        121.8             0.03               516.29    0.149601     -101.706372     -101.556771     -101.464771      0.03      942.54
        488        122.0             0.03               516.98    0.149800     -101.707148     -101.557347     -101.464772      0.02      956.27
        489        122.2             0.03               517.35    0.149908     -101.707797     -101.557889     -101.464773      0.02      973.64
        490        122.5             0.04               515.68    0.149426     -101.708305     -101.558879     -101.464774      0.02      994.32
        491        122.8             0.03               516.36    0.149622     -101.708672     -101.559050     -101.464773      0.02     1017.82
        492        123.0             0.04               511.77    0.148293     -101.708913     -101.560620     -101.464771      0.03     1043.68
        493        123.2             0.04               509.76    0.147709     -101.709057     -101.561348     -101.464768      0.03     1071.19
        494        123.5             0.03               507.95    0.147184     -101.709149     -101.561965     -101.464765      0.04     1099.76
        495        123.8             0.04               501.35    0.145274     -101.709237     -101.563963     -101.464762      0.04     1128.73
        496        124.0             0.04               503.55    0.145909     -101.709371     -101.563462     -101.464760      0.05     1157.28
        497        124.2             0.03               504.57    0.146205     -101.709591     -101.563386     -101.464759      0.05     1184.99
        498        124.5             0.03               502.10    0.145489     -101.709917     -101.564428     -101.464759      0.05     1211.17
        499        124.8             0.03               500.27    0.144961     -101.710349     -101.565388     -101.464760      0.05     1235.11
        500        125.0             0.03               504.57    0.146206     -101.710871     -101.564664     -101.464763      0.04     1256.30
        501        125.2             0.03               507.07    0.146929     -101.711443     -101.564514     -101.464766      0.04     1274.39
        502        125.5             0.03               511.85    0.148314     -101.712010     -101.563696     -101.464771      0.03     1288.94
        503        125.8             0.03               510.00    0.147780     -101.712509     -101.564729     -101.464774      0.02     1299.68
        504        126.0             0.03               510.16    0.147826     -101.712883     -101.565057     -101.464777      0.02     1306.32
        505        126.2             0.03               507.94    0.147182     -101.713087     -101.565905     -101.464780      0.01     1308.78
        506        126.5             0.03               507.26    0.146985     -101.713091     -101.566105     -101.464781      0.01     1307.04
        507        126.8             0.03               506.07    0.146641     -101.712883     -101.566242     -101.464781      0.01     1301.16
        508        127.0             0.03               505.42    0.146451     -101.712471     -101.566020     -101.464779      0.01     1291.29
        509        127.2             0.03               504.94    0.146312     -101.711875     -101.565564     -101.464777      0.02     1277.65
        510        127.5             0.03               506.08    0.146643     -101.711134     -101.564491     -101.464774      0.02     1260.54
        511        127.8             0.03               502.42    0.145582     -101.710289     -101.564707     -101.464771      0.03     1240.28
        512        128.0             0.03               497.70    0.144216     -101.709397     -101.565180     -101.464767      0.03     1217.35
        513        128.2             0.04               492.63    0.142745     -101.708513     -101.565767     -101.464764      0.04     1192.23
        514        128.5             0.03               493.26    0.142929     -101.707687     -101.564758     -101.464762      0.04     1165.38
        515        128.8             0.04               491.70    0.142477     -101.706952     -101.564475     -101.464761      0.04     1137.10
        516        129.0             0.04               493.15    0.142897     -101.706330     -101.563433     -101.464761      0.05     1107.91
        517        129.2             0.04               489.37    0.141800     -101.705825     -101.564025     -101.464761      0.04     1078.12
        518        129.5             0.03               490.26    0.142060     -101.705435     -101.563375     -101.464762      0.04     1048.25
        519        129.8             0.03               493.79    0.143083     -101.705142     -101.562059     -101.464764      0.04     1018.46
        520        130.0             0.03               495.75    0.143650     -101.704920     -101.561271     -101.464765      0.04      988.88
        521        130.2             0.03               487.81    0.141350     -101.704743     -101.563393     -101.464767      0.03      959.69
        522        130.5             0.03               488.87    0.141656     -101.704592     -101.562936     -101.464768      0.03      931.22
        523        130.8             0.03               488.14    0.141446     -101.704448     -101.563001     -101.464769      0.03      903.15
        524        131.0             0.03               485.70    0.140738     -101.704297     -101.563560     -101.464769      0.03      875.38
        525        131.2             0.03               484.37    0.140351     -101.704133     -101.563782     -101.464770      0.03      847.74
        526        131.5             0.03               492.01    0.142567     -101.703952     -101.561384     -101.464770      0.03      819.90
        527        131.8             0.03               492.11    0.142597     -101.703748     -101.561151     -101.464770      0.03      791.25
        528        132.0             0.03               496.44    0.143851     -101.703521     -101.559671     -101.464769      0.03      761.62
        529        132.2             0.03               490.43    0.142108     -101.703280     -101.561172     -101.464768      0.03      730.47
        530        132.5             0.03               489.23    0.141761     -101.703049     -101.561288     -101.464766      0.04      697.72
        531        132.8             0.03               486.80    0.141057     -101.702857     -101.561800     -101.464764      0.04      662.79
        532        133.0             0.04               488.69    0.141604     -101.702742     -101.561138     -101.464761      0.04      625.36
        533        133.2             0.04               488.17    0.141453     -101.702741     -101.561287     -101.464759      0.05      584.92
        534        133.5             0.03               491.11    0.142305     -101.702889     -101.560584     -101.464757      0.05      541.29
        535        133.8             0.03               495.88    0.143689     -101.703215     -101.559526     -101.464756      0.05      494.08
        536        134.0             0.03               497.04    0.144023     -101.703728     -101.559705     -101.464757      0.05      443.05
        537        134.2             0.03               499.04    0.144605     -101.704414     -101.559809     -101.464759      0.05      388.28
        538        134.5             0.03               503.80    0.145982     -101.705242     -101.559261     -101.464762      0.04      329.72
        539        134.8             0.03               509.25    0.147563     -101.706165     -101.558603     -101.464766      0.04      267.25
        540        135.0             0.04               506.88    0.146875     -101.707122     -101.560247     -101.464770      0.03      200.96
        541        135.2             0.03               512.34    0.148458     -101.708041     -101.559583     -101.464774      0.02      131.55
        542        135.5             0.04               513.02    0.148654     -101.708873     -101.560219     -101.464778      0.02       58.74
        543        135.8             0.03               518.00    0.150099     -101.709564     -101.559465     -101.464780      0.01        0.00
        544        136.0             0.04               522.35    0.151358     -101.710082     -101.558724     -101.464781      0.01        0.00
        545        136.2             0.03               521.33    0.151062     -101.710408     -101.559347     -101.464781      0.01        0.00
        546        136.5             0.03               522.05    0.151272     -101.710545     -101.559272     -101.464780      0.01        0.00
        547        136.8             0.03               524.29    0.151920     -101.710514     -101.558593     -101.464778      0.02        0.00
        548        137.0             0.03               524.30    0.151924     -101.710351     -101.558427     -101.464775      0.02        0.00
        549        137.2             0.03               522.56    0.151419     -101.710102     -101.558682     -101.464772      0.03        0.00
        550        137.5             0.03               524.88    0.152090     -101.709821     -101.557731     -101.464769      0.03        0.00
        551        137.8             0.03               526.60    0.152588     -101.709556     -101.556969     -101.464766      0.04        0.00
        552        138.0             0.03               522.39    0.151368     -101.709349     -101.557981     -101.464764      0.04        0.00
        553        138.2             0.04               522.60    0.151430     -101.709231     -101.557801     -101.464764      0.04        0.00
        554        138.5             0.04               521.35    0.151069     -101.709214     -101.558145     -101.464764      0.04        0.00
        555        138.8             0.03               519.29    0.150472     -101.709290     -101.558818     -101.464766      0.04        0.00
        556        139.0             0.03               515.01    0.149231     -101.709435     -101.560203     -101.464769      0.03        5.66
        557        139.2             0.04               511.61    0.148247     -101.709613     -101.561366     -101.464771      0.03       84.36
        558        139.5             0.04               509.47    0.147625     -101.709784     -101.562159     -101.464774      0.02      161.91
        559        139.8             0.04               508.04    0.147212     -101.709910     -101.562698     -101.464776      0.02      237.41
        560        140.0             0.03               510.21    0.147839     -101.709954     -101.562115     -101.464778      0.01      310.07
        561        140.2             0.03               507.90    0.147172     -101.709885     -101.562713     -101.464779      0.01      379.38
        562        140.5             0.03               508.97    0.147480     -101.709683     -101.562204     -101.464780      0.01      444.41
        563        140.8             0.03               504.94    0.146313     -101.709339     -101.563027     -101.464780      0.01      504.88
        564        141.0             0.04               505.53    0.146484     -101.708859     -101.562375     -101.464779      0.01      560.13
        565        141.2             0.03               498.79    0.144531     -101.708256     -101.563725     -101.464777      0.02      610.21
        566        141.5             0.04               500.76    0.145102     -101.707562     -101.562460     -101.464775      0.02      654.70
        567        141.8             0.04               498.76    0.144524     -101.706807     -101.562283     -101.464772      0.03      694.08
        568        142.0             0.03               497.51    0.144159     -101.706031     -101.561872     -101.464769      0.03      728.40
        569        142.2             0.04               491.75    0.142492     -101.705282     -101.562790     -101.464766      0.04      758.08
        570        142.5             0.03               490.01    0.141986     -101.704609     -101.562623     -101.464763      0.04      783.51
        571        142.8             0.03               483.50    0.140100     -101.704056     -101.563956     -101.464761      0.04      805.48
        572        143.0             0.03               482.47    0.139803     -101.703666     -101.563863     -101.464759      0.05      824.67
        573        143.2             0.03               477.76    0.138438     -101.703465     -101.565026     -101.464759      0.05      842.11
        574        143.5             0.03               476.38    0.138038     -101.703465     -101.565428     -101.464760      0.05      858.72
        575        143.8             0.03               477.73    0.138427     -101.703662     -101.565234     -101.464761      0.04      875.63
        576        144.0             0.03               479.65    0.138984     -101.704027     -101.565044     -101.464764      0.04      893.96
        577        144.2             0.03               481.40    0.139491     -101.704520     -101.565029     -101.464768      0.03      914.79
        578        144.5             0.03               484.88    0.140499     -101.705085     -101.564586     -101.464772      0.03      939.14
        579        144.8             0.03               488.50    0.141551     -101.705665     -101.564114     -101.464775      0.02      967.96
        580        145.0             0.03               494.47    0.143278     -101.706207     -101.562929     -101.464778      0.01     1002.02
        581        145.2             0.04               497.63    0.144196     -101.706668     -101.562472     -101.464780      0.01     1041.99
        582        145.5             0.04               497.40    0.144127     -101.707020     -101.562892     -101.464781      0.01     1088.10
        583        145.8             0.03               493.25    0.142926     -101.707252     -101.564326     -101.464780      0.01     1140.28
        584        146.0             0.03               494.95    0.143418     -101.707380     -101.563962     -101.464778      0.01     1198.11
        585        146.2             0.03               496.71    0.143929     -101.707434     -101.563505     -101.464776      0.02     1261.45
        586        146.5             0.03               501.41    0.145290     -101.707448     -101.562157     -101.464773      0.02     1329.59
        587        146.8             0.04               496.37    0.143830     -101.707464     -101.563634     -101.464771      0.03     1401.79
        588        147.0             0.03               493.98    0.143138     -101.707527     -101.564389     -101.464768      0.03     1476.18
        589        147.2             0.03               493.38    0.142965     -101.707680     -101.564715     -101.464766      0.03     1551.68
        590        147.5             0.03               494.00    0.143142     -101.707950     -101.564808     -101.464766      0.04     1627.04
        591        147.8             0.04               491.35    0.142375     -101.708350     -101.565975     -101.464766      0.04     1700.93
        592        148.0             0.03               493.19    0.142908     -101.708872     -101.565965     -101.464768      0.03     1771.71
        593        148.2             0.03               495.74    0.143648     -101.709495     -101.565847     -101.464770      0.03     1838.40
        594        148.5             0.03               494.30    0.143231     -101.710183     -101.566952     -101.464773      0.02     1899.80
        595        148.8             0.03               496.79    0.143953     -101.710888     -101.566935     -101.464776      0.02     1954.58
        596        149.0             0.03               492.06    0.142581     -101.711564     -101.568983     -101.464779      0.01     2002.04
        597        149.2             0.03               494.95    0.143418     -101.712158     -101.568741     -101.464781      0.01     2041.09
        598        149.5             0.03               496.70    0.143926     -101.712636     -101.568709     -101.464784      0.01     2071.50
        599        149.8             0.03               496.70    0.143924     -101.712953     -101.569029     -101.464786      0.00     2092.84
        600        150.0             0.03               503.89    0.146008     -101.713079     -101.567071     -101.464787      0.00     2104.89
        601        150.2             0.03               503.35    0.145851     -101.712992     -101.567141     -101.464787     -0.00     2107.74
        602        150.5             0.03               498.91    0.144565     -101.712683     -101.568118     -101.464786      0.00     2101.55
        603        150.8             0.04               493.69    0.143053     -101.712167     -101.569114     -101.464785      0.00     2086.76
        604        151.0             0.04               493.91    0.143118     -101.711473     -101.568356     -101.464782      0.01     2064.00
        605        151.2             0.04               486.87    0.141078     -101.710641     -101.569563     -101.464779      0.01     2033.90
        606        151.5             0.04               481.32    0.139468     -101.709729     -101.570262     -101.464775      0.02     1997.64
        607        151.8             0.03               474.57    0.137512     -101.708799     -101.571288     -101.464771      0.03     1956.25
        608        152.0             0.03               466.67    0.135223     -101.707915     -101.572692     -101.464768      0.03     1911.00
        609        152.2             0.03               463.54    0.134318     -101.707136     -101.572818     -101.464765      0.04     1863.28
        610        152.5             0.03               462.26    0.133946     -101.706505     -101.572559     -101.464763      0.04     1814.20
        611        152.8             0.04               465.27    0.134818     -101.706049     -101.571231     -101.464763      0.04     1765.04
        612        153.0             0.04               464.44    0.134577     -101.705773     -101.571196     -101.464764      0.04     1716.90
        613        153.2             0.03               461.92    0.133848     -101.705666     -101.571818     -101.464765      0.04     1671.22
        614        153.5             0.03               463.61    0.134337     -101.705701     -101.571365     -101.464768      0.03     1629.15
        615        153.8             0.03               464.97    0.134732     -101.705836     -101.571104     -101.464772      0.03     1591.38
        616        154.0             0.03               458.37    0.132818     -101.706019     -101.573201     -101.464775      0.02     1558.53
        617        154.2             0.03               459.22    0.133064     -101.706199     -101.573135     -101.464778      0.01     1531.21
        618        154.5             0.03               459.75    0.133220     -101.706333     -101.573113     -101.464780      0.01     1509.22
        619        154.8             0.03               456.92    0.132400     -101.706385     -101.573985     -101.464782      0.01     1492.32
        620        155.0             0.03               453.30    0.131351     -101.706333     -101.574983     -101.464783      0.01     1480.04
        621        155.2             0.04               456.47    0.132268     -101.706176     -101.573908     -101.464782      0.01     1471.64
        622        155.5             0.03               456.96    0.132412     -101.705928     -101.573516     -101.464780      0.01     1466.12
        623        155.8             0.03               454.72    0.131761     -101.705617     -101.573856     -101.464777      0.02     1462.41
        624        156.0             0.03               454.51    0.131701     -101.705292     -101.573591     -101.464774      0.02     1459.37
        625        156.2             0.03               454.46    0.131687     -101.705008     -101.573321     -101.464770      0.03     1455.77
        626        156.5             0.04               454.33    0.131648     -101.704825     -101.573177     -101.464766      0.04     1450.42
        627        156.8             0.03               448.50    0.129960     -101.704796     -101.574836     -101.464764      0.04     1442.17
        628        157.0             0.03               448.17    0.129863     -101.704966     -101.575103     -101.464762      0.04     1430.03
        629        157.2             0.03               450.09    0.130420     -101.705364     -101.574944     -101.464762      0.04     1413.02
        630        157.5             0.04               454.46    0.131686     -101.705995     -101.574309     -101.464763      0.04     1390.30
        631        157.8             0.04               453.53    0.131415     -101.706842     -101.575427     -101.464765      0.04     1361.17
        632        158.0             0.04               461.68    0.133779     -101.707865     -101.574086     -101.464769      0.03     1325.37
        633        158.2             0.04               463.52    0.134311     -101.709023     -101.574712     -101.464773      0.02     1282.23
        634        158.5             0.04               468.47    0.135744     -101.710246     -101.574502     -101.464777      0.02     1231.91
        635        158.8             0.03               476.66    0.138118     -101.711475     -101.573356     -101.464781      0.01     1174.30
        636        159.0             0.03               476.45    0.138057     -101.712646     -101.574589     -101.464785      0.00     1109.38
        637        159.2             0.04               477.75    0.138435     -101.713692     -101.575257     -101.464788     -0.00     1038.06
        638        159.5             0.04               484.73    0.140457     -101.714566     -101.574109     -101.464791     -0.01      960.72
        639        159.8             0.04               481.53    0.139529     -101.715235     -101.575706     -101.464792     -0.01      877.52
        640        160.0             0.04               482.22    0.139729     -101.715670     -101.575941     -101.464793     -0.01      790.06
        641        160.2             0.04               482.47    0.139801     -101.715871     -101.576069     -101.464792     -0.01      698.83
        642        160.5             0.04               484.09    0.140270     -101.715850     -101.575579     -101.464790     -0.01      604.81
        643        160.8             0.04               480.20    0.139145     -101.715636     -101.576492     -101.464787     -0.00      508.85
        644        161.0             0.04               482.23    0.139733     -101.715278     -101.575546     -101.464784      0.01      412.58
        645        161.2             0.04               477.21    0.138278     -101.714831     -101.576553     -101.464780      0.01      316.50
        646        161.5             0.04               476.97    0.138210     -101.714359     -101.576150     -101.464776      0.02      222.41
        647        161.8             0.03               478.08    0.138530     -101.713925     -101.575394     -101.464773      0.02      130.94
        648        162.0             0.03               474.34    0.137446     -101.713579     -101.576133     -101.464770      0.03       42.98
        649        162.2             0.03               473.56    0.137221     -101.713361     -101.576140     -101.464768      0.03        0.00
        650        162.5             0.04               474.61    0.137525     -101.713289     -101.575764     -101.464769      0.03        0.00
        651        162.8             0.03               479.73    0.139008     -101.713362     -101.574353     -101.464770      0.03        0.00
        652        163.0             0.03               483.65    0.140144     -101.713550     -101.573406     -101.464773      0.02        0.00
        653        163.2             0.04               483.84    0.140198     -101.713811     -101.573613     -101.464777      0.02        0.00
        654        163.5             0.03               482.19    0.139722     -101.714091     -101.574368     -101.464781      0.01        0.00
        655        163.8             0.04               484.43    0.140371     -101.714337     -101.573966     -101.464784      0.00        0.00
        656        164.0             0.03               484.54    0.140403     -101.714505     -101.574101     -101.464787     -0.00        0.00
        657        164.2             0.03               481.36    0.139481     -101.714556     -101.575075     -101.464788     -0.00        0.00
        658        164.5             0.03               485.92    0.140803     -101.714478     -101.573675     -101.464788     -0.00        0.00
        659        164.8             0.03               483.84    0.140200     -101.714274     -101.574074     -101.464787     -0.00        0.00
        660        165.0             0.04               484.28    0.140326     -101.713966     -101.573640     -101.464785      0.00        0.00
        661        165.2             0.04               479.31    0.138886     -101.713596     -101.574710     -101.464782      0.01        0.00
        662        165.5             0.04               477.65    0.138406     -101.713220     -101.574814     -101.464779      0.01        0.00
        663        165.8             0.04               474.02    0.137353     -101.712896     -101.575543     -101.464776      0.02        0.00
        664        166.0             0.04               470.82    0.136427     -101.712684     -101.576257     -101.464773      0.02        0.00
        665        166.2             0.04               471.70    0.136681     -101.712631     -101.575950     -101.464771      0.03        0.00
        666        166.5             0.04               471.72    0.136687     -101.712770     -101.576083     -101.464770      0.03        0.00
        667        166.8             0.04               473.09    0.137083     -101.713117     -101.576033     -101.464770      0.03        0.00
        668        167.0             0.04               474.39    0.137460     -101.713670     -101.576210     -101.464772      0.03        0.00
        669        167.2             0.04               471.74    0.136692     -101.714411     -101.577719     -101.464774      0.02        0.00
        670        167.5             0.04               472.02    0.136774     -101.715307     -101.578533     -101.464776      0.02        0.00
        671        167.8             0.04               474.69    0.137547     -101.716319     -101.578772     -101.464780      0.01        0.00
        672        168.0             0.04               480.05    0.139101     -101.717401     -101.578299     -101.464783      0.01        0.00
        673        168.2             0.03               484.15    0.140289     -101.718499     -101.578210     -101.464787      0.00        0.00
        674        168.5             0.04               486.40    0.140941     -101.719556     -101.578615     -101.464790     -0.01        0.00
        675        168.8             0.03               486.87    0.141078     -101.720515     -101.579437     -101.464793     -0.01        0.00
        676        169.0             0.03               486.73    0.141036     -101.721328     -101.580292     -101.464796     -0.02        0.00
        677        169.2             0.03               486.49    0.140968     -101.721962     -101.580995     -101.464798     -0.02        0.00
        678        169.5             0.03               479.65    0.138985     -101.722400     -101.583415     -101.464798     -0.02        0.00
        679        169.8             0.04               477.45    0.138349     -101.722644     -101.584295     -101.464797     -0.02        0.00
        680        170.0             0.03               478.71    0.138711     -101.722722     -101.584011     -101.464795     -0.01        0.00
        681        170.2             0.03               473.31    0.137149     -101.722675     -101.585526     -101.464792     -0.01       34.38
        682        170.5             0.03               469.58    0.136066     -101.722557     -101.586491     -101.464788     -0.00       78.92
        683        170.8             0.04               465.84    0.134984     -101.722432     -101.587448     -101.464784      0.00      122.89
        684        171.0             0.03               464.29    0.134534     -101.722364     -101.587830     -101.464781      0.01      166.30
        685        171.2             0.03               462.30    0.133959     -101.722403     -101.588445     -101.464779      0.01      209.24
        686        171.5             0.03               462.89    0.134129     -101.722585     -101.588457     -101.464778      0.01      251.69
        687        171.8             0.04               459.70    0.133203     -101.722922     -101.589718     -101.464779      0.01      293.75
        688        172.0             0.04               463.05    0.134176     -101.723399     -101.589223     -101.464781      0.01      335.24
        689        172.2             0.04               468.78    0.135834     -101.723985     -101.588151     -101.464785      0.00      376.46
        690        172.5             0.03               470.17    0.136239     -101.724626     -101.588387     -101.464789     -0.00      417.50
        691        172.8             0.03               474.74    0.137562     -101.725254     -101.587692     -101.464793     -0.01      458.18
        692        173.0             0.03               475.15    0.137681     -101.725807     -101.588126     -101.464797     -0.02      498.63
        693        173.2             0.04               477.40    0.138333     -101.726222     -101.587889     -101.464800     -0.02      538.70
        694        173.5             0.03               472.93    0.137037     -101.726455     -101.589418     -101.464801     -0.03      578.46
        695        173.8             0.03               469.16    0.135947     -101.726482     -101.590535     -101.464802     -0.03      617.65
        696        174.0             0.04               464.96    0.134727     -101.726301     -101.591574     -101.464801     -0.02      656.29
        697        174.2             0.03               459.04    0.133013     -101.725933     -101.592921     -101.464799     -0.02      694.37
        698        174.5             0.03               455.83    0.132082     -101.725417     -101.593335     -101.464796     -0.02      731.79
        699        174.8             0.04               454.14    0.131592     -101.724803     -101.593210     -101.464792     -0.01      768.64
        700        175.0             0.03               451.55    0.130843     -101.724146     -101.593302     -101.464788     -0.00      804.94
        701        175.2             0.04               447.58    0.129691     -101.723506     -101.593814     -101.464785      0.00      840.57
        702        175.5             0.04               445.70    0.129148     -101.722938     -101.593790     -101.464782      0.01      875.44
        703        175.8             0.04               444.91    0.128918     -101.722485     -101.593567     -101.464781      0.01      909.52
        704        176.0             0.04               445.25    0.129017     -101.722176     -101.593159     -101.464780      0.01      942.79
        705        176.2             0.04               440.05    0.127511     -101.722023     -101.594512     -101.464781      0.01     1005.01
        706        176.5             0.04               441.50    0.127931     -101.722028     -101.594096     -101.464782      0.01     1144.91
        707        176.8             0.03               440.45    0.127626     -101.722175     -101.594549     -101.464784      0.01     1288.31
        708        177.0             0.03               440.47    0.127633     -101.722439     -101.594805     -101.464786      0.00     1433.13
        709        177.2             0.04               444.95    0.128929     -101.722784     -101.593855     -101.464788     -0.00     1577.75
        710        177.5             0.04               449.08    0.130127     -101.723174     -101.593047     -101.464790     -0.01     1721.08
        711        177.8             0.04               454.45    0.131684     -101.723566     -101.591882     -101.464793     -0.01     1861.23
        712        178.0             0.04               454.01    0.131554     -101.723918     -101.592364     -101.464795     -0.01     1996.65
        713        178.2             0.04               449.41    0.130223     -101.724195     -101.593972     -101.464796     -0.02     2124.87
        714        178.5             0.04               455.62    0.132023     -101.724374     -101.592350     -101.464797     -0.02     2243.90
        715        178.8             0.04               457.76    0.132642     -101.724442     -101.591800     -101.464797     -0.02     2376.20
        716        179.0             0.04               455.85    0.132088     -101.724392     -101.592304     -101.464796     -0.02     2525.57
        717        179.2             0.04               454.39    0.131666     -101.724235     -101.592569     -101.464795     -0.01     2663.62
        718        179.5             0.03               456.24    0.132201     -101.723996     -101.591795     -101.464793     -0.01     2789.42
        719        179.8             0.04               447.05    0.129538     -101.723711     -101.594172     -101.464790     -0.01     2902.63
        720        180.0             0.03               445.89    0.129201     -101.723427     -101.594226     -101.464788     -0.00     3001.32
        721        180.2             0.03               447.38    0.129634     -101.723192     -101.593558     -101.464785      0.00     3086.12
        722        180.5             0.04               443.06    0.128384     -101.723042     -101.594659     -101.464784      0.01     3157.19
        723        180.8             0.04               436.17    0.126387     -101.723006     -101.596619     -101.464783      0.01     3214.30
        724        181.0             0.04               434.68    0.125955     -101.723099     -101.597144     -101.464784      0.00     3257.85
        725        181.2             0.04               430.23    0.124665     -101.723318     -101.598653     -101.464786      0.00     3288.98
        726        181.5             0.04               430.96    0.124875     -101.723639     -101.598764     -101.464789     -0.00     3308.71
        727        181.8             0.04               434.58    0.125924     -101.724027     -101.598102     -101.464793     -0.01     3318.56
        728        182.0             0.04               430.83    0.124839     -101.724429     -101.599590     -101.464796     -0.02     3320.20
        729        182.2             0.04               429.79    0.124537     -101.724791     -101.600254     -101.464800     -0.02     3315.50
        730        182.5             0.03               432.68    0.125374     -101.725067     -101.599693     -101.464803     -0.03     3306.55
        731        182.8             0.03               432.46    0.125310     -101.725217     -101.599907     -101.464804     -0.03     3295.52
        732        183.0             0.04               433.01    0.125470     -101.725218     -101.599748     -101.464805     -0.03     3284.70
        733        183.2             0.03               434.92    0.126024     -101.725064     -101.599040     -101.464804     -0.03     3276.34
        734        183.5             0.03               435.32    0.126139     -101.724768     -101.598629     -101.464802     -0.03     3272.58
        735        183.8             0.03               430.86    0.124847     -101.724357     -101.599510     -101.464800     -0.02     3275.39
        736        184.0             0.04               430.16    0.124644     -101.723872     -101.599228     -101.464797     -0.02     3286.37
        737        184.2             0.04               422.85    0.122525     -101.723356     -101.600831     -101.464795     -0.01     3306.81
        738        184.5             0.03               420.12    0.121734     -101.722853     -101.601118     -101.464793     -0.01     3337.33
        739        184.8             0.04               419.21    0.121473     -101.722392     -101.600919     -101.464792     -0.01     3378.33
        740        185.0             0.04               416.19    0.120597     -101.721993     -101.601396     -101.464791     -0.01     3429.69
        741        185.2             0.04               411.78    0.119319     -101.721668     -101.602349     -101.464791     -0.01     3490.59
        742        185.5             0.04               409.32    0.118605     -101.721422     -101.602817     -101.464791     -0.01     3559.80
        743        185.8             0.03               405.42    0.117476     -101.721254     -101.603778     -101.464792     -0.01     3635.99
        744        186.0             0.04               405.50    0.117500     -101.721161     -101.603661     -101.464792     -0.01     3717.29
        745        186.2             0.04               400.10    0.115935     -101.721139     -101.605204     -101.464792     -0.01     3802.19
        746        186.5             0.03               399.32    0.115708     -101.721180     -101.605473     -101.464793     -0.01     3888.10
        747        186.8             0.03               396.34    0.114846     -101.721279     -101.606433     -101.464794     -0.01     3973.48
        748        187.0             0.04               395.38    0.114566     -101.721422     -101.606856     -101.464794     -0.01     4056.10
        749        187.2             0.04               397.76    0.115257     -101.721595     -101.606339     -101.464796     -0.02     4134.28
        750        187.5             0.04               398.28    0.115406     -101.721776     -101.606369     -101.464797     -0.02     4206.56
        751        187.8             0.03               399.68    0.115813     -101.721937     -101.606124     -101.464798     -0.02     4271.17
        752        188.0             0.03               398.56    0.115487     -101.722056     -101.606569     -101.464799     -0.02     4326.76
        753        188.2             0.03               399.31    0.115704     -101.722112     -101.606408     -101.464800     -0.02     4371.95
        754        188.5             0.04               399.65    0.115805     -101.722091     -101.606286     -101.464801     -0.02     4405.90
        755        188.8             0.04               398.54    0.115483     -101.721985     -101.606502     -101.464801     -0.02     4467.17
        756        189.0             0.04               397.58    0.115205     -101.721800     -101.606595     -101.464800     -0.02     4524.20
        757        189.2             0.04               393.97    0.114159     -101.721549     -101.607390     -101.464798     -0.02     4568.67
        758        189.5             0.04               392.08    0.113611     -101.721256     -101.607645     -101.464797     -0.02     4600.56
        759        189.8             0.03               389.77    0.112941     -101.720947     -101.608006     -101.464795     -0.01     4620.40
        760        190.0             0.04               389.10    0.112746     -101.720652     -101.607905     -101.464794     -0.01     4628.97
        761        190.2             0.03               387.80    0.112371     -101.720393     -101.608022     -101.464793     -0.01     4627.34
        762        190.5             0.05               385.33    0.111655     -101.720192     -101.608536     -101.464792     -0.01     4616.87
        763        190.8             0.04               386.51    0.111997     -101.720061     -101.608064     -101.464792     -0.01     4599.23
        764        191.0             0.04               382.82    0.110927     -101.720008     -101.609081     -101.464793     -0.01     4576.22
        765        191.2             0.04               381.93    0.110670     -101.720034     -101.609364     -101.464793     -0.01     4550.02
        766        191.5             0.04               386.54    0.112006     -101.720137     -101.608131     -101.464794     -0.01     4522.73
        767        191.8             0.03               386.34    0.111948     -101.720309     -101.608361     -101.464795     -0.01     4496.36
        768        192.0             0.04               382.91    0.110953     -101.720539     -101.609586     -101.464795     -0.02     4473.23
        769        192.2             0.03               386.54    0.112006     -101.720822     -101.608816     -101.464796     -0.02     4455.41
        770        192.5             0.04               387.94    0.112409     -101.721153     -101.608743     -101.464797     -0.02     4444.47
        771        192.8             0.04               385.19    0.111615     -101.721522     -101.609907     -101.464798     -0.02     4449.82
        772        193.0             0.03               385.39    0.111673     -101.721919     -101.610246     -101.464799     -0.02     4560.00
        773        193.2             0.03               384.40    0.111385     -101.722336     -101.610951     -101.464800     -0.02     4679.17
        774        193.5             0.03               382.20    0.110748     -101.722758     -101.612010     -101.464801     -0.02     4807.14
        775        193.8             0.03               387.62    0.112317     -101.723171     -101.610855     -101.464801     -0.03     4955.95
        776        194.0             0.03               386.99    0.112135     -101.723562     -101.611427     -101.464802     -0.03     5158.14
        777        194.2             0.03               386.82    0.112087     -101.723916     -101.611829     -101.464802     -0.03     5366.65
        778        194.5             0.03               381.35    0.110502     -101.724231     -101.613729     -101.464801     -0.02     5579.95
        779        194.8             0.03               379.18    0.109872     -101.724514     -101.614643     -101.464800     -0.02     5794.66
        780        195.0             0.03               381.14    0.110439     -101.724784     -101.614345     -101.464799     -0.02     6009.59
        781        195.2             0.04               381.33    0.110495     -101.725060     -101.614565     -101.464797     -0.02     6223.64
        782        195.5             0.03               378.33    0.109626     -101.725359     -101.615733     -101.464796     -0.02     6433.95
        783        195.8             0.03               383.84    0.111222     -101.725698     -101.614476     -101.464794     -0.01     6637.23
        784        196.0             0.03               385.35    0.111660     -101.726092     -101.614432     -101.464794     -0.01     6833.29
        785        196.2             0.03               387.31    0.112229     -101.726540     -101.614311     -101.464794     -0.01     7018.68
        786        196.5             0.03               391.36    0.113402     -101.727040     -101.613639     -101.464794     -0.01     7191.12
        787        196.8             0.03               391.46    0.113430     -101.727583     -101.614154     -101.464795     -0.01     7348.83
        788        197.0             0.03               387.95    0.112412     -101.728154     -101.615741     -101.464796     -0.02     7488.94
        789        197.2             0.03               391.82    0.113535     -101.728736     -101.615201     -101.464797     -0.02     7609.02
        790        197.5             0.03               393.73    0.114088     -101.729322     -101.615233     -101.464799     -0.02     7708.63
        791        197.8             0.04               393.33    0.113973     -101.729890     -101.615917     -101.464800     -0.02     7786.18
        792        198.0             0.03               393.10    0.113905     -101.730425     -101.616519     -101.464801     -0.02     7840.46
        793        198.2             0.03               394.35    0.114270     -101.730915     -101.616645     -101.464802     -0.03     7870.87
        794        198.5             0.04               391.50    0.113441     -101.731350     -101.617909     -101.464803     -0.03     7877.23
        795        198.8             0.03               394.94    0.114440     -101.731720     -101.617280     -101.464805     -0.03     7859.67
        796        199.0             0.04               394.64    0.114351     -101.732016     -101.617665     -101.464806     -0.03     7818.55
        797        199.2             0.04               394.55    0.114327     -101.732228     -101.617901     -101.464806     -0.03     7754.93
        798        199.5             0.04               397.97    0.115318     -101.732351     -101.617032     -101.464807     -0.03     7670.05
        799        199.8             0.04               396.28    0.114827     -101.732386     -101.617559     -101.464806     -0.03     7565.07
        800        200.0             0.04               396.58    0.114913     -101.732341     -101.617428     -101.464806     -0.03     7442.50
        801        200.2             0.04               398.15    0.115368     -101.732234     -101.616865     -101.464804     -0.03     7304.13
        802        200.5             0.04               394.19    0.114221     -101.732086     -101.617865     -101.464803     -0.03     7151.97
        803        200.8             0.04               389.16    0.112763     -101.731927     -101.619164     -101.464801     -0.03     6989.45
        804        201.0             0.04               387.88    0.112395     -101.731787     -101.619392     -101.464800     -0.02     6819.19
        805        201.2             0.04               388.62    0.112608     -101.731687     -101.619078     -101.464800     -0.02     6642.71
        806        201.5             0.04               391.44    0.113425     -101.731636     -101.618211     -101.464800     -0.02     6461.74
        807        201.8             0.04               391.20    0.113357     -101.731630     -101.618273     -101.464801     -0.02     6277.77
        808        202.0             0.04               391.33    0.113393     -101.731650     -101.618257     -101.464803     -0.03     6093.28
        809        202.2             0.03               393.05    0.113892     -101.731670     -101.617778     -101.464805     -0.03     5909.67
        810        202.5             0.03               391.75    0.113514     -101.731656     -101.618142     -101.464807     -0.04     5727.73
        811        202.8             0.04               392.57    0.113751     -101.731577     -101.617825     -101.464809     -0.04     5549.07
        812        203.0             0.03               388.89    0.112686     -101.731404     -101.618718     -101.464810     -0.04     5373.79
        813        203.2             0.03               387.81    0.112372     -101.731125     -101.618753     -101.464811     -0.04     5203.25
        814        203.5             0.03               393.29    0.113961     -101.730733     -101.616772     -101.464811     -0.04     5036.98
        815        203.8             0.03               393.86    0.114125     -101.730227     -101.616102     -101.464810     -0.04     4873.52
        816        204.0             0.03               389.81    0.112952     -101.729622     -101.616669     -101.464808     -0.04     4713.67
        817        204.2             0.04               381.09    0.110425     -101.728945     -101.618520     -101.464806     -0.03     4557.93
        818        204.5             0.04               375.04    0.108673     -101.728236     -101.619563     -101.464805     -0.03     4406.71
        819        204.8             0.04               373.00    0.108081     -101.727527     -101.619446     -101.464803     -0.03     4258.82
        820        205.0             0.03               371.54    0.107658     -101.726844     -101.619186     -101.464802     -0.03     4117.48
        821        205.2             0.04               369.13    0.106961     -101.726205     -101.619244     -101.464801     -0.02     4010.45
        822        205.5             0.03               370.30    0.107298     -101.725629     -101.618331     -101.464800     -0.02     3903.39
        823        205.8             0.03               370.58    0.107380     -101.725122     -101.617742     -101.464800     -0.02     3795.21
        824        206.0             0.04               372.10    0.107819     -101.724690     -101.616870     -101.464800     -0.02     3685.47
        825        206.2             0.04               372.46    0.107924     -101.724333     -101.616409     -101.464800     -0.02     3573.55
        826        206.5             0.04               371.68    0.107700     -101.724052     -101.616352     -101.464800     -0.02     3509.34
        827        206.8             0.03               371.44    0.107631     -101.723847     -101.616216     -101.464800     -0.02     3446.63
        828        207.0             0.04               371.20    0.107561     -101.723712     -101.616151     -101.464801     -0.02     3380.72
        829        207.2             0.04               372.68    0.107990     -101.723641     -101.615651     -101.464801     -0.03     3311.21
        830        207.5             0.04               370.77    0.107436     -101.723619     -101.616184     -101.464803     -0.03     3237.65
        831        207.8             0.04               373.93    0.108352     -101.723631     -101.615278     -101.464804     -0.03     3160.25
        832        208.0             0.04               374.55    0.108530     -101.723652     -101.615122     -101.464805     -0.03     3184.99
        833        208.2             0.04               376.61    0.109128     -101.723653     -101.614525     -101.464807     -0.03     3235.27
        834        208.5             0.04               377.61    0.109417     -101.723606     -101.614189     -101.464808     -0.04     3283.71
        835        208.8             0.04               378.56    0.109693     -101.723487     -101.613794     -101.464809     -0.04     3330.07
        836        209.0             0.04               373.36    0.108186     -101.723279     -101.615094     -101.464809     -0.04     3374.27
        837        209.2             0.05               372.04    0.107805     -101.722988     -101.615183     -101.464808     -0.04     3415.94
        838        209.5             0.04               368.14    0.106675     -101.722630     -101.615955     -101.464806     -0.03     3455.39
        839        209.8             0.04               365.75    0.105980     -101.722239     -101.616258     -101.464804     -0.03     3492.67
        840        210.0             0.05               367.71    0.106548     -101.721857     -101.615310     -101.464801     -0.02     3528.08
        841        210.2             0.04               365.89    0.106021     -101.721526     -101.615506     -101.464798     -0.02     3562.16
        842        210.5             0.05               363.98    0.105468     -101.721288     -101.615820     -101.464796     -0.02     3595.11
        843        210.8             0.05               360.03    0.104322     -101.721175     -101.616852     -101.464796     -0.02     3627.35
        844        211.0             0.04               356.19    0.103210     -101.721201     -101.617992     -101.464796     -0.02     3659.28
        845        211.2             0.04               356.88    0.103410     -101.721367     -101.617957     -101.464797     -0.02     3691.39
        846        211.5             0.03               357.94    0.103717     -101.721652     -101.617935     -101.464800     -0.02     3724.39
        847        211.8             0.03               362.90    0.105154     -101.722020     -101.616866     -101.464803     -0.03     3758.75
        848        212.0             0.03               362.90    0.105156     -101.722430     -101.617274     -101.464807     -0.03     3829.19
        849        212.2             0.03               362.49    0.105036     -101.722832     -101.617796     -101.464809     -0.04     3977.29
        850        212.5             0.04               363.21    0.105246     -101.723188     -101.617942     -101.464812     -0.04     4133.57
        851        212.8             0.03               364.58    0.105641     -101.723466     -101.617825     -101.464813     -0.05     4296.70
        852        213.0             0.04               369.12    0.106956     -101.723648     -101.616692     -101.464814     -0.05     4465.11
        853        213.2             0.04               370.66    0.107405     -101.723721     -101.616316     -101.464813     -0.05     4637.63
        854        213.5             0.04               368.94    0.106904     -101.723684     -101.616780     -101.464812     -0.04     4823.06
        855        213.8             0.04               360.80    0.104548     -101.723553     -101.619006     -101.464811     -0.04     5061.21
        856        214.0             0.04               356.97    0.103438     -101.723358     -101.619920     -101.464809     -0.04     5297.69
        857        214.2             0.04               355.61    0.103042     -101.723130     -101.620088     -101.464807     -0.03     5531.71
        858        214.5             0.04               351.21    0.101769     -101.722902     -101.621133     -101.464805     -0.03     5761.79
        859        214.8             0.04               346.88    0.100514     -101.722707     -101.622193     -101.464803     -0.03     5984.60
        860        215.0             0.04               346.72    0.100467     -101.722575     -101.622107     -101.464801     -0.02     6197.84
        861        215.2             0.04               343.10    0.099419     -101.722525     -101.623107     -101.464800     -0.02     6400.52
        862        215.5             0.04               339.48    0.098369     -101.722574     -101.624205     -101.464799     -0.02     6589.42
        863        215.8             0.04               338.81    0.098174     -101.722730     -101.624556     -101.464799     -0.02     6762.58
        864        216.0             0.04               341.49    0.098951     -101.722991     -101.624040     -101.464800     -0.02     6918.97
        865        216.2             0.04               337.97    0.097931     -101.723345     -101.625414     -101.464801     -0.02     7057.81
        866        216.5             0.04               341.62    0.098988     -101.723768     -101.624780     -101.464803     -0.03     7176.61
        867        216.8             0.04               344.49    0.099822     -101.724235     -101.624413     -101.464805     -0.03     7275.78
        868        217.0             0.04               348.32    0.100929     -101.724704     -101.623775     -101.464808     -0.04     7354.62
        869        217.2             0.03               351.76    0.101926     -101.725134     -101.623208     -101.464811     -0.04     7413.07
        870        217.5             0.04               356.39    0.103269     -101.725480     -101.622210     -101.464813     -0.05     7451.32
        871        217.8             0.04               359.59    0.104195     -101.725699     -101.621505     -101.464815     -0.05     7470.03
        872        218.0             0.04               358.57    0.103901     -101.725760     -101.621859     -101.464816     -0.05     7470.13
        873        218.2             0.04               352.81    0.102231     -101.725652     -101.623422     -101.464815     -0.05     7452.95
        874        218.5             0.04               350.13    0.101456     -101.725393     -101.623937     -101.464814     -0.05     7420.31
        875        218.8             0.04               350.32    0.101509     -101.725019     -101.623510     -101.464811     -0.04     7373.95
        876        219.0             0.04               348.07    0.100858     -101.724584     -101.623726     -101.464807     -0.04     7315.59
        877        219.2             0.04               344.07    0.099698     -101.724154     -101.624455     -101.464803     -0.03     7247.36
        878        219.5             0.04               342.87    0.099352     -101.723800     -101.624448     -101.464799     -0.02     7171.31
        879        219.8             0.04               345.40    0.100084     -101.723584     -101.623499     -101.464797     -0.02     7088.85
        880        220.0             0.04               345.38    0.100078     -101.723544     -101.623466     -101.464796     -0.02     7000.96
        881        220.2             0.04               343.14    0.099431     -101.723698     -101.624267     -101.464798     -0.02     6909.13
        882        220.5             0.03               345.27    0.100047     -101.724036     -101.623989     -101.464800     -0.02     6814.46
        883        220.8             0.04               349.02    0.101132     -101.724527     -101.623394     -101.464804     -0.03     6716.82
        884        221.0             0.03               351.56    0.101869     -101.725121     -101.623252     -101.464808     -0.04     6616.08
        885        221.2             0.04               351.27    0.101784     -101.725759     -101.623975     -101.464812     -0.04     6512.21
        886        221.5             0.03               351.67    0.101901     -101.726379     -101.624478     -101.464816     -0.05     6405.18
        887        221.8             0.03               354.90    0.102837     -101.726935     -101.624098     -101.464819     -0.05     6294.19
        888        222.0             0.03               355.20    0.102924     -101.727388     -101.624463     -101.464821     -0.06     6177.98
        889        222.2             0.04               357.30    0.103534     -101.727710     -101.624176     -101.464822     -0.06     6056.06
        890        222.5             0.04               360.23    0.104383     -101.727888     -101.623505     -101.464822     -0.06     5927.09
        891        222.8             0.04               360.68    0.104513     -101.727920     -101.623407     -101.464822     -0.06     5789.87
        892        223.0             0.04               360.61    0.104491     -101.727811     -101.623320     -101.464821     -0.06     5643.79
        893        223.2             0.04               361.41    0.104723     -101.727579     -101.622856     -101.464820     -0.06     5487.99
        894        223.5             0.04               366.00    0.106053     -101.727243     -101.621190     -101.464819     -0.06     5321.35
        895        223.8             0.04               361.48    0.104744     -101.726823     -101.622079     -101.464817     -0.05     5142.18
        896        224.0             0.04               362.19    0.104949     -101.726349     -101.621400     -101.464816     -0.05     4952.05
        897        224.2             0.04               361.31    0.104694     -101.725846     -101.621151     -101.464815     -0.05     4749.15
        898        224.5             0.04               357.29    0.103530     -101.725337     -101.621807     -101.464814     -0.05     4537.03
        899        224.8             0.04               354.94    0.102848     -101.724850     -101.622002     -101.464813     -0.05     4395.52
        900        225.0             0.04               348.29    0.100921     -101.724406     -101.623485     -101.464813     -0.04     4242.79
        901        225.2             0.04               351.88    0.101962     -101.724027     -101.622065     -101.464813     -0.04     4080.44
        902        225.5             0.04               355.98    0.103151     -101.723718     -101.620567     -101.464813     -0.05     3906.99
        903        225.8             0.04               352.18    0.102048     -101.723473     -101.621425     -101.464814     -0.05     3723.39
        904        226.0             0.04               353.39    0.102401     -101.723286     -101.620885     -101.464816     -0.05     3533.04
        905        226.2             0.04               358.13    0.103772     -101.723138     -101.619366     -101.464818     -0.05     3336.20
        906        226.5             0.04               361.08    0.104629     -101.723002     -101.618374     -101.464821     -0.06     3133.64
        907        226.8             0.04               358.18    0.103788     -101.722845     -101.619057     -101.464823     -0.06     2927.80
        908        227.0             0.04               355.30    0.102953     -101.722641     -101.619688     -101.464825     -0.07     2722.40
        909        227.2             0.04               355.99    0.103152     -101.722374     -101.619222     -101.464825     -0.07     2519.49
        910        227.5             0.04               356.74    0.103370     -101.722036     -101.618666     -101.464825     -0.07     2320.09
        911        227.8             0.04               355.14    0.102906     -101.721629     -101.618724     -101.464824     -0.06     2132.32
        912        228.0             0.04               355.86    0.103116     -101.721173     -101.618057     -101.464822     -0.06     2012.70
        913        228.2             0.03               357.60    0.103620     -101.720693     -101.617073     -101.464820     -0.06     1900.52
        914        228.5             0.04               357.74    0.103661     -101.720220     -101.616560     -101.464818     -0.05     1796.78
        915        228.8             0.04               355.05    0.102881     -101.719789     -101.616908     -101.464816     -0.05     1702.47
        916        229.0             0.04               351.85    0.101952     -101.719433     -101.617482     -101.464814     -0.05     1618.34
        917        229.2             0.04               346.78    0.100485     -101.719184     -101.618700     -101.464813     -0.04     1544.42
        918        229.5             0.05               348.50    0.100982     -101.719066     -101.618084     -101.464812     -0.04     1480.51
        919        229.8             0.04               348.91    0.101101     -101.719088     -101.617987     -101.464812     -0.04     1425.36
        920        230.0             0.04               346.62    0.100437     -101.719253     -101.618817     -101.464812     -0.04     1378.22
        921        230.2             0.04               346.03    0.100267     -101.719553     -101.619286     -101.464813     -0.05     1338.26
        922        230.5             0.03               347.08    0.100572     -101.719974     -101.619402     -101.464815     -0.05     1304.27
        923        230.8             0.04               346.21    0.100319     -101.720493     -101.620174     -101.464817     -0.05     1275.02
        924        231.0             0.04               342.95    0.099373     -101.721076     -101.621703     -101.464819     -0.06     1269.48
        925        231.2             0.04               346.89    0.100516     -101.721689     -101.621173     -101.464821     -0.06     1297.75
        926        231.5             0.03               349.32    0.101220     -101.722300     -101.621080     -101.464824     -0.06     1322.25
        927        231.8             0.04               351.92    0.101975     -101.722869     -101.620894     -101.464826     -0.07     1341.62
        928        232.0             0.04               355.81    0.103101     -101.723361     -101.620260     -101.464828     -0.07     1354.74
        929        232.2             0.04               354.27    0.102654     -101.723751     -101.621097     -101.464829     -0.07     1360.70
        930        232.5             0.03               354.34    0.102676     -101.724018     -101.621342     -101.464830     -0.07     1358.77
        931        232.8             0.04               353.42    0.102408     -101.724159     -101.621752     -101.464830     -0.07     1348.46
        932        233.0             0.03               355.90    0.103126     -101.724179     -101.621053     -101.464829     -0.07     1329.55
        933        233.2             0.03               358.39    0.103848     -101.724089     -101.620241     -101.464828     -0.07     1301.89
        934        233.5             0.04               354.22    0.102640     -101.723906     -101.621266     -101.464826     -0.07     1265.59
        935        233.8             0.04               351.67    0.101902     -101.723659     -101.621757     -101.464825     -0.07     1221.39
        936        234.0             0.04               354.27    0.102653     -101.723379     -101.620726     -101.464823     -0.06     1169.81
        937        234.2             0.04               351.03    0.101715     -101.723090     -101.621375     -101.464822     -0.06     1111.27
        938        234.5             0.04               351.75    0.101923     -101.722819     -101.620896     -101.464821     -0.06     1047.26
        939        234.8             0.04               351.13    0.101744     -101.722586     -101.620842     -101.464821     -0.06      978.65
        940        235.0             0.04               349.96    0.101404     -101.722403     -101.620998     -101.464821     -0.06      906.94
        941        235.2             0.04               349.17    0.101177     -101.722273     -101.621096     -101.464822     -0.06      833.73
        942        235.5             0.04               348.25    0.100911     -101.722191     -101.621280     -101.464823     -0.06      760.62
        943        235.8             0.04               347.75    0.100765     -101.722143     -101.621378     -101.464826     -0.07      698.19
        944        236.0             0.04               343.84    0.099632     -101.722106     -101.622474     -101.464828     -0.07      726.56
        945        236.2             0.03               345.18    0.100021     -101.722056     -101.622035     -101.464830     -0.07      760.68
        946        236.5             0.03               345.95    0.100244     -101.721965     -101.621721     -101.464831     -0.08      801.00
        947        236.8             0.04               345.13    0.100005     -101.721806     -101.621800     -101.464833     -0.08      847.50
        948        237.0             0.04               343.53    0.099542     -101.721556     -101.622014     -101.464834     -0.08      899.82
        949        237.2             0.03               342.94    0.099372     -101.721202     -101.621830     -101.464835     -0.08      957.40
        950        237.5             0.03               340.96    0.098797     -101.720740     -101.621943     -101.464834     -0.08     1019.50
        951        237.8             0.03               334.78    0.097007     -101.720175     -101.623169     -101.464833     -0.08     1084.89
        952        238.0             0.03               334.32    0.096875     -101.719532     -101.622658     -101.464831     -0.08     1151.77
        953        238.2             0.03               331.29    0.095996     -101.718836     -101.622840     -101.464829     -0.07     1219.12
        954        238.5             0.03               330.53    0.095776     -101.718127     -101.622351     -101.464825     -0.07     1284.91
        955        238.8             0.03               326.79    0.094692     -101.717448     -101.622757     -101.464822     -0.06     1347.52
        956        239.0             0.04               329.72    0.095542     -101.716852     -101.621310     -101.464819     -0.06     1404.81
        957        239.2             0.03               328.90    0.095303     -101.716375     -101.621072     -101.464817     -0.05     1510.53
        958        239.5             0.03               325.78    0.094398     -101.716054     -101.621656     -101.464816     -0.05     1612.95
        959        239.8             0.03               325.55    0.094332     -101.715912     -101.621580     -101.464815     -0.05     1696.13
        960        240.0             0.03               326.70    0.094665     -101.715953     -101.621287     -101.464816     -0.05     1758.56
        961        240.2             0.03               325.34    0.094273     -101.716162     -101.621889     -101.464818     -0.05     1799.03
        962        240.5             0.04               326.60    0.094636     -101.716512     -101.621876     -101.464820     -0.06     1816.66
        963        240.8             0.04               327.02    0.094759     -101.716969     -101.622210     -101.464823     -0.06     1811.41
        964        241.0             0.04               332.74    0.096415     -101.717490     -101.621075     -101.464826     -0.07     1783.74
        965        241.2             0.04               336.20    0.097419     -101.718042     -101.620622     -101.464828     -0.07     1734.34
        966        241.5             0.03               337.25    0.097722     -101.718587     -101.620865     -101.464829     -0.07     1664.77
        967        241.8             0.04               338.67    0.098134     -101.719100     -101.620966     -101.464830     -0.08     1577.20
        968        242.0             0.04               335.86    0.097320     -101.719570     -101.622250     -101.464831     -0.08     1473.89
        969        242.2             0.03               339.34    0.098327     -101.719994     -101.621667     -101.464831     -0.08     1358.15
        970        242.5             0.03               344.08    0.099702     -101.720385     -101.620683     -101.464830     -0.07     1249.32
        971        242.8             0.03               344.47    0.099815     -101.720752     -101.620938     -101.464828     -0.07     1213.88
        972        243.0             0.03               343.27    0.099468     -101.721110     -101.621641     -101.464827     -0.07     1183.35
        973        243.2             0.04               346.13    0.100297     -101.721479     -101.621182     -101.464826     -0.07     1160.05
        974        243.5             0.04               349.29    0.101212     -101.721883     -101.620672     -101.464825     -0.07     1159.52
        975        243.8             0.04               352.09    0.102022     -101.722337     -101.620314     -101.464824     -0.06     1175.47
        976        244.0             0.04               354.90    0.102838     -101.722849     -101.620012     -101.464824     -0.06     1194.08
        977        244.2             0.03               358.32    0.103827     -101.723425     -101.619598     -101.464824     -0.06     1214.60
        978        244.5             0.03               361.11    0.104636     -101.724060     -101.619424     -101.464825     -0.07     1236.17
        979        244.8             0.03               365.09    0.105788     -101.724739     -101.618951     -101.464827     -0.07     1257.82
        980        245.0             0.04               373.82    0.108319     -101.725438     -101.617119     -101.464829     -0.07     1309.46
        981        245.2             0.03               374.16    0.108419     -101.726126     -101.617708     -101.464831     -0.08     1378.34
        982        245.5             0.03               380.24    0.110178     -101.726759     -101.616581     -101.464833     -0.08     1455.43
        983        245.8             0.04               388.54    0.112585     -101.727304     -101.614720     -101.464835     -0.08     1539.07
        984        246.0             0.03               391.48    0.113438     -101.727722     -101.614284     -101.464837     -0.09     1627.02
        985        246.2             0.03               396.85    0.114992     -101.727979     -101.612986     -101.464838     -0.09     1716.01
        986        246.5             0.03               399.34    0.115713     -101.728053     -101.612340     -101.464839     -0.09     1803.58
        987        246.8             0.03               396.40    0.114863     -101.727931     -101.613068     -101.464839     -0.09     1886.72
        988        247.0             0.03               395.61    0.114634     -101.727619     -101.612984     -101.464838     -0.09     1962.35
        989        247.2             0.03               399.48    0.115755     -101.727130     -101.611375     -101.464836     -0.08     2028.37
        990        247.5             0.04               398.01    0.115328     -101.726488     -101.611160     -101.464833     -0.08     2083.12
        991        247.8             0.03               390.13    0.113044     -101.725733     -101.612689     -101.464830     -0.07     2124.49
        992        248.0             0.03               386.71    0.112055     -101.724922     -101.612867     -101.464827     -0.07     2150.84
        993        248.2             0.03               381.99    0.110688     -101.724110     -101.613422     -101.464823     -0.06     2161.43
        994        248.5             0.03               380.63    0.110293     -101.723354     -101.613061     -101.464820     -0.06     2155.70
        995        248.8             0.04               379.48    0.109959     -101.722701     -101.612742     -101.464818     -0.05     2133.50
        996        249.0             0.03               375.36    0.108766     -101.722190     -101.613425     -101.464816     -0.05     2095.07
        997        249.2             0.03               372.46    0.107924     -101.721846     -101.613922     -101.464816     -0.05     2041.25
        998        249.5             0.03               370.65    0.107400     -101.721671     -101.614271     -101.464817     -0.05     1973.07
        999        249.8             0.03               371.88    0.107756     -101.721651     -101.613895     -101.464819     -0.06     1891.92
       1000        250.0             0.03               379.45    0.109951     -101.721754     -101.611803     -101.464821     -0.06     1799.24
       1001        250.2             0.04               380.99    0.110397     -101.721939     -101.611542     -101.464824     -0.06     1696.28
       1002        250.5             0.03               382.05    0.110705     -101.722160     -101.611455     -101.464827     -0.07     1586.17
       1003        250.8             0.03               382.56    0.110851     -101.722375     -101.611524     -101.464828     -0.07     1471.55
       1004        251.0             0.04               387.59    0.112309     -101.722556     -101.610248     -101.464830     -0.07     1355.17
       1005        251.2             0.04               391.83    0.113539     -101.722683     -101.609144     -101.464830     -0.07     1239.13
       1006        251.5             0.04               391.35    0.113400     -101.722747     -101.609347     -101.464829     -0.07     1126.35
       1007        251.8             0.04               391.17    0.113347     -101.722756     -101.609409     -101.464828     -0.07     1021.61
       1008        252.0             0.04               392.37    0.113694     -101.722733     -101.609039     -101.464826     -0.07      943.44
       1009        252.2             0.04               393.81    0.114111     -101.722710     -101.608599     -101.464823     -0.06      876.60
       1010        252.5             0.05               393.44    0.114006     -101.722724     -101.608718     -101.464821     -0.06      827.92
       1011        252.8             0.04               394.32    0.114260     -101.722809     -101.608548     -101.464819     -0.06      816.35
       1012        253.0             0.04               395.38    0.114566     -101.722997     -101.608431     -101.464818     -0.05      814.50
       1013        253.2             0.04               400.99    0.116192     -101.723310     -101.607117     -101.464818     -0.05      823.40
       1014        253.5             0.04               402.11    0.116516     -101.723754     -101.607238     -101.464818     -0.05      843.65
       1015        253.8             0.04               398.99    0.115614     -101.724320     -101.608706     -101.464820     -0.06      875.18
       1016        254.0             0.03               400.66    0.116097     -101.724984     -101.608887     -101.464823     -0.06      917.26
       1017        254.2             0.03               407.22    0.117996     -101.725720     -101.607724     -101.464826     -0.07      969.10
       1018        254.5             0.03               406.32    0.117737     -101.726489     -101.608752     -101.464829     -0.07     1029.63
       1019        254.8             0.03               410.89    0.119060     -101.727243     -101.608182     -101.464832     -0.08     1096.53
       1020        255.0             0.03               410.18    0.118856     -101.727949     -101.609093     -101.464835     -0.08     1168.29
       1021        255.2             0.04               414.01    0.119965     -101.728570     -101.608605     -101.464837     -0.09     1242.34
       1022        255.5             0.03               416.94    0.120815     -101.729085     -101.608271     -101.464838     -0.09     1316.95
       1023        255.8             0.03               420.99    0.121988     -101.729472     -101.607484     -101.464839     -0.09     1389.97
       1024        256.0             0.03               419.16    0.121458     -101.729716     -101.608258     -101.464839     -0.09     1459.51
       1025        256.2             0.04               417.24    0.120901     -101.729805     -101.608905     -101.464840     -0.09     1523.27
       1026        256.5             0.04               415.63    0.120433     -101.729743     -101.609310     -101.464839     -0.09     1579.66
       1027        256.8             0.04               414.67    0.120157     -101.729535     -101.609378     -101.464838     -0.09     1627.32
       1028        257.0             0.04               416.67    0.120735     -101.729199     -101.608464     -101.464837     -0.09     1665.19
       1029        257.2             0.04               419.54    0.121568     -101.728751     -101.607183     -101.464835     -0.08     1692.50
       1030        257.5             0.04               421.24    0.122060     -101.728215     -101.606155     -101.464833     -0.08     1708.61
       1031        257.8             0.03               419.96    0.121688     -101.727621     -101.605933     -101.464830     -0.08     1713.08
       1032        258.0             0.03               416.50    0.120686     -101.727006     -101.606319     -101.464828     -0.07     1705.76
       1033        258.2             0.04               412.67    0.119578     -101.726403     -101.606826     -101.464827     -0.07     1686.85
       1034        258.5             0.03               409.98    0.118798     -101.725839     -101.607041     -101.464826     -0.07     1656.80
       1035        258.8             0.03               407.29    0.118016     -101.725322     -101.607306     -101.464827     -0.07     1616.26
       1036        259.0             0.03               408.34    0.118323     -101.724847     -101.606524     -101.464828     -0.07     1566.17
       1037        259.2             0.03               405.19    0.117410     -101.724393     -101.606983     -101.464830     -0.08     1507.47
       1038        259.5             0.03               402.67    0.116679     -101.723931     -101.607252     -101.464833     -0.08     1441.84
       1039        259.8             0.03               398.67    0.115520     -101.723427     -101.607907     -101.464835     -0.08     1370.80
       1040        260.0             0.03               392.28    0.113669     -101.722849     -101.609180     -101.464837     -0.09     1296.23
       1041        260.2             0.03               389.78    0.112944     -101.722177     -101.609234     -101.464838     -0.09     1220.20
       1042        260.5             0.03               394.52    0.114319     -101.721398     -101.607079     -101.464838     -0.09     1144.27
       1043        260.8             0.03               389.94    0.112991     -101.720499     -101.607508     -101.464837     -0.09     1069.67
       1044        261.0             0.03               384.39    0.111383     -101.719505     -101.608122     -101.464835     -0.08     1011.47
       1045        261.2             0.03               377.02    0.109246     -101.718452     -101.609205     -101.464833     -0.08      971.29
       1046        261.5             0.03               369.94    0.107194     -101.717390     -101.610196     -101.464830     -0.07      937.81
       1047        261.8             0.03               363.83    0.105423     -101.716371     -101.610947     -101.464827     -0.07      911.87
       1048        262.0             0.03               358.38    0.103846     -101.715441     -101.611595     -101.464824     -0.07      921.81
       1049        262.2             0.04               356.31    0.103244     -101.714641     -101.611397     -101.464823     -0.06      959.91
       1050        262.5             0.04               352.09    0.102023     -101.713992     -101.611970     -101.464823     -0.06      995.20
       1051        262.8             0.03               351.52    0.101857     -101.713507     -101.611650     -101.464823     -0.06     1027.21
       1052        263.0             0.03               355.22    0.102929     -101.713180     -101.610251     -101.464824     -0.07     1055.80
       1053        263.2             0.03               354.74    0.102791     -101.712989     -101.610198     -101.464826     -0.07     1080.89
       1054        263.5             0.04               357.55    0.103604     -101.712909     -101.609305     -101.464828     -0.07     1102.19
       1055        263.8             0.03               357.02    0.103452     -101.712909     -101.609458     -101.464830     -0.08     1185.70
       1056        264.0             0.03               355.25    0.102937     -101.712963     -101.610026     -101.464832     -0.08     1280.93
       1057        264.2             0.03               355.70    0.103069     -101.713054     -101.609985     -101.464833     -0.08     1373.69
       1058        264.5             0.04               353.58    0.102455     -101.713171     -101.610716     -101.464833     -0.08     1464.33
       1059        264.8             0.04               351.05    0.101721     -101.713306     -101.611585     -101.464834     -0.08     1552.63
       1060        265.0             0.03               352.79    0.102226     -101.713459     -101.611232     -101.464834     -0.08     1638.72
       1061        265.2             0.03               350.96    0.101694     -101.713627     -101.611933     -101.464835     -0.08     1723.31
       1062        265.5             0.03               347.11    0.100579     -101.713806     -101.613227     -101.464835     -0.08     1806.21
       1063        265.8             0.03               351.64    0.101893     -101.713991     -101.612098     -101.464836     -0.09     1887.45
       1064        266.0             0.03               355.24    0.102936     -101.714177     -101.611242     -101.464837     -0.09     1988.54
       1065        266.2             0.03               355.40    0.102981     -101.714356     -101.611376     -101.464837     -0.09     2096.98
       1066        266.5             0.03               352.65    0.102185     -101.714525     -101.612340     -101.464837     -0.09     2204.98
       1067        266.8             0.03               353.92    0.102552     -101.714690     -101.612137     -101.464836     -0.09     2311.81
       1068        267.0             0.03               356.50    0.103302     -101.714862     -101.611560     -101.464835     -0.08     2417.76
       1069        267.2             0.03               354.01    0.102580     -101.715053     -101.612473     -101.464835     -0.08     2522.69
       1070        267.5             0.03               352.91    0.102259     -101.715276     -101.613017     -101.464835     -0.08     2625.50
       1071        267.8             0.03               352.05    0.102012     -101.715539     -101.613527     -101.464835     -0.08     2726.06
       1072        268.0             0.03               353.58    0.102454     -101.715841     -101.613387     -101.464836     -0.08     2824.05
       1073        268.2             0.03               352.99    0.102284     -101.716167     -101.613883     -101.464838     -0.09     2919.46
       1074        268.5             0.04               353.10    0.102316     -101.716490     -101.614173     -101.464840     -0.09     3011.69
       1075        268.8             0.03               353.92    0.102554     -101.716774     -101.614220     -101.464843     -0.10     3100.53
       1076        269.0             0.03               354.22    0.102639     -101.716982     -101.614342     -101.464845     -0.10     3185.82
       1077        269.2             0.03               352.28    0.102077     -101.717075     -101.614998     -101.464847     -0.10     3267.28
       1078        269.5             0.03               348.86    0.101086     -101.717025     -101.615940     -101.464848     -0.11     3344.50
       1079        269.8             0.03               345.64    0.100153     -101.716821     -101.616668     -101.464848     -0.11     3417.18
       1080        270.0             0.03               342.77    0.099323     -101.716464     -101.617141     -101.464847     -0.10     3485.27
       1081        270.2             0.03               334.12    0.096815     -101.715970     -101.619155     -101.464846     -0.10     3548.74
       1082        270.5             0.03               335.34    0.097170     -101.715376     -101.618205     -101.464843     -0.10     3607.04
       1083        270.8             0.03               335.24    0.097141     -101.714708     -101.617567     -101.464841     -0.09     3661.00
       1084        271.0             0.03               329.57    0.095496     -101.714001     -101.618505     -101.464839     -0.09     3710.52
       1085        271.2             0.04               325.38    0.094282     -101.713296     -101.619014     -101.464837     -0.09     3755.18
       1086        271.5             0.03               320.11    0.092757     -101.712620     -101.619862     -101.464836     -0.09     3795.14
       1087        271.8             0.03               319.99    0.092721     -101.711991     -101.619270     -101.464836     -0.09     3830.41
       1088        272.0             0.04               320.66    0.092916     -101.711414     -101.618498     -101.464836     -0.09     3861.32
       1089        272.2             0.03               318.27    0.092224     -101.710882     -101.618658     -101.464837     -0.09     3887.99
       1090        272.5             0.03               318.72    0.092353     -101.710391     -101.618039     -101.464837     -0.09     3910.37
       1091        272.8             0.03               324.54    0.094039     -101.709933     -101.615894     -101.464839     -0.09     4041.51
       1092        273.0             0.03               325.32    0.094265     -101.709497     -101.615232     -101.464839     -0.09     4189.67
       1093        273.2             0.03               324.79    0.094112     -101.709088     -101.614976     -101.464838     -0.09     4329.78
       1094        273.5             0.03               323.57    0.093758     -101.708721     -101.614963     -101.464837     -0.09     4460.50
       1095        273.8             0.04               321.22    0.093077     -101.708417     -101.615340     -101.464835     -0.08     4580.72
       1096        274.0             0.03               323.52    0.093745     -101.708202     -101.614456     -101.464834     -0.08     4689.35
       1097        274.2             0.05               323.61    0.093771     -101.708094     -101.614323     -101.464833     -0.08     4786.41
       1098        274.5             0.04               322.44    0.093432     -101.708107     -101.614674     -101.464833     -0.08     4870.88
       1099        274.8             0.04               322.33    0.093400     -101.708244     -101.614844     -101.464833     -0.08     4942.12
       1100        275.0             0.04               325.23    0.094239     -101.708499     -101.614261     -101.464834     -0.08     4999.93
       1101        275.2             0.04               327.13    0.094791     -101.708854     -101.614063     -101.464836     -0.08     5044.43
       1102        275.5             0.04               329.19    0.095386     -101.709281     -101.613895     -101.464837     -0.09     5075.57
       1103        275.8             0.04               331.24    0.095981     -101.709758     -101.613777     -101.464839     -0.09     5093.60
       1104        276.0             0.04               332.58    0.096370     -101.710261     -101.613891     -101.464840     -0.09     5098.97
       1105        276.2             0.06               333.85    0.096737     -101.710774     -101.614037     -101.464841     -0.09     5092.32
       1106        276.5             0.04               336.90    0.097621     -101.711287     -101.613666     -101.464841     -0.09     5074.52
       1107        276.8             0.04               337.81    0.097884     -101.711798     -101.613914     -101.464841     -0.09     5046.58
       1108        277.0             0.04               335.55    0.097230     -101.712305     -101.615075     -101.464841     -0.09     5009.81
       1109        277.2             0.03               338.04    0.097951     -101.712808     -101.614857     -101.464841     -0.09     4965.79
       1110        277.5             0.04               337.35    0.097751     -101.713313     -101.615561     -101.464842     -0.09     4915.73
       1111        277.8             0.04               340.20    0.098578     -101.713811     -101.615234     -101.464842     -0.10     4861.45
       1112        278.0             0.03               342.95    0.099375     -101.714298     -101.614923     -101.464843     -0.10     4804.30
       1113        278.2             0.03               340.50    0.098664     -101.714759     -101.616095     -101.464845     -0.10     4745.89
       1114        278.5             0.03               340.60    0.098694     -101.715176     -101.616482     -101.464846     -0.10     4688.17
       1115        278.8             0.04               339.71    0.098436     -101.715540     -101.617104     -101.464847     -0.10     4632.30
       1116        279.0             0.04               339.83    0.098470     -101.715838     -101.617368     -101.464848     -0.11     4579.49
       1117        279.2             0.04               340.46    0.098654     -101.716061     -101.617407     -101.464848     -0.11     4530.58
       1118        279.5             0.03               340.36    0.098623     -101.716202     -101.617579     -101.464849     -0.11     4486.11
       1119        279.8             0.03               338.83    0.098180     -101.716257     -101.618077     -101.464849     -0.11     4446.44
       1120        280.0             0.04               336.99    0.097649     -101.716225     -101.618576     -101.464849     -0.11     4411.63
       1121        280.2             0.03               338.77    0.098163     -101.716107     -101.617944     -101.464849     -0.11     4381.37
       1122        280.5             0.04               337.65    0.097840     -101.715902     -101.618062     -101.464849     -0.11     4354.96
       1123        280.8             0.03               337.75    0.097867     -101.715610     -101.617743     -101.464850     -0.11     4372.19
       1124        281.0             0.03               337.66    0.097843     -101.715229     -101.617386     -101.464850     -0.11     4437.34
       1125        281.2             0.03               335.01    0.097074     -101.714758     -101.617684     -101.464850     -0.11     4502.95
       1126        281.5             0.03               333.32    0.096584     -101.714204     -101.617620     -101.464849     -0.11     4567.08
       1127        281.8             0.03               334.26    0.096855     -101.713574     -101.616719     -101.464848     -0.11     4645.50
       1128        282.0             0.03               328.52    0.095194     -101.712877     -101.617683     -101.464847     -0.10     4772.44
       1129        282.2             0.03               326.51    0.094611     -101.712141     -101.617530     -101.464845     -0.10     4892.18
       1130        282.5             0.03               320.44    0.092852     -101.711391     -101.618538     -101.464843     -0.10     5003.25
       1131        282.8             0.03               318.62    0.092323     -101.710666     -101.618342     -101.464841     -0.09     5103.04
       1132        283.0             0.03               316.86    0.091813     -101.710000     -101.618187     -101.464838     -0.09     5190.55
       1133        283.2             0.03               315.17    0.091324     -101.709431     -101.618107     -101.464836     -0.08     5283.09
       1134        283.5             0.03               308.09    0.089272     -101.708984     -101.619712     -101.464835     -0.08     5419.26
       1135        283.8             0.03               307.38    0.089067     -101.708685     -101.619618     -101.464835     -0.08     5536.32
       1136        284.0             0.03               305.78    0.088604     -101.708533     -101.619929     -101.464835     -0.08     5635.07
       1137        284.2             0.03               305.78    0.088603     -101.708517     -101.619914     -101.464837     -0.09     5715.30
       1138        284.5             0.03               306.78    0.088894     -101.708612     -101.619719     -101.464840     -0.09     5777.62
       1139        284.8             0.03               305.70    0.088579     -101.708783     -101.620204     -101.464842     -0.10     5822.92
       1140        285.0             0.03               307.78    0.089183     -101.708995     -101.619812     -101.464844     -0.10     5852.24
       1141        285.2             0.04               312.51    0.090553     -101.709218     -101.618666     -101.464846     -0.10     5867.33
       1142        285.5             0.03               311.26    0.090191     -101.709431     -101.619239     -101.464846     -0.10     5870.08
       1143        285.8             0.03               307.80    0.089188     -101.709622     -101.620434     -101.464846     -0.10     5862.63
       1144        286.0             0.03               303.76    0.088018     -101.709804     -101.621786     -101.464845     -0.10     5847.46
       1145        286.2             0.03               305.49    0.088520     -101.710003     -101.621484     -101.464843     -0.10     5827.13
       1146        286.5             0.03               304.70    0.088292     -101.710256     -101.621964     -101.464841     -0.09     5804.05
       1147        286.8             0.04               302.55    0.087668     -101.710596     -101.622927     -101.464839     -0.09     5780.82
       1148        287.0             0.03               304.41    0.088208     -101.711056     -101.622849     -101.464838     -0.09     5759.91
       1149        287.2             0.03               305.91    0.088642     -101.711667     -101.623025     -101.464837     -0.09     5743.29
       1150        287.5             0.04               305.80    0.088610     -101.712439     -101.623829     -101.464838     -0.09     5732.80
       1151        287.8             0.03               307.87    0.089209     -101.713367     -101.624158     -101.464839     -0.09     5729.81
       1152        288.0             0.03               308.86    0.089497     -101.714435     -101.624938     -101.464841     -0.09     5735.18
       1153        288.2             0.04               311.06    0.090133     -101.715614     -101.625481     -101.464844     -0.10     5749.22
       1154        288.5             0.03               317.09    0.091881     -101.716870     -101.624988     -101.464846     -0.10     5771.71
       1155        288.8             0.04               326.45    0.094594     -101.718166     -101.623571     -101.464849     -0.11     5802.07
       1156        289.0             0.04               329.06    0.095351     -101.719462     -101.624112     -101.464851     -0.11     5839.28
       1157        289.2             0.04               332.21    0.096262     -101.720707     -101.624446     -101.464853     -0.11     5881.31
       1158        289.5             0.04               334.85    0.097026     -101.721872     -101.624846     -101.464854     -0.12     5926.23
       1159        289.8             0.04               339.21    0.098291     -101.722933     -101.624642     -101.464855     -0.12     5971.77
       1160        290.0             0.04               342.22    0.099162     -101.723871     -101.624709     -101.464856     -0.12     6015.69
       1161        290.2             0.05               343.30    0.099477     -101.724663     -101.625186     -101.464857     -0.12     6055.49
       1162        290.5             0.05               347.26    0.100623     -101.725289     -101.624666     -101.464858     -0.12     6088.70
       1163        290.8             0.03               348.34    0.100937     -101.725738     -101.624801     -101.464858     -0.12     6113.21
       1164        291.0             0.04               348.60    0.101011     -101.725996     -101.624984     -101.464858     -0.12     6126.84
       1165        291.2             0.03               350.02    0.101422     -101.726060     -101.624639     -101.464857     -0.12     6127.78
       1166        291.5             0.04               350.02    0.101424     -101.725940     -101.624516     -101.464856     -0.12     6114.49
       1167        291.8             0.04               354.58    0.102744     -101.725656     -101.622912     -101.464854     -0.12     6085.78
       1168        292.0             0.04               354.29    0.102661     -101.725234     -101.622573     -101.464851     -0.11     6040.57
       1169        292.2             0.04               353.12    0.102320     -101.724714     -101.622394     -101.464849     -0.11     5978.60
       1170        292.5             0.04               357.87    0.103698     -101.724141     -101.620442     -101.464846     -0.10     5899.85
       1171        292.8             0.04               356.84    0.103398     -101.723547     -101.620149     -101.464844     -0.10     5803.87
       1172        293.0             0.04               356.81    0.103390     -101.722965     -101.619575     -101.464843     -0.10     5692.06
       1173        293.2             0.04               354.65    0.102763     -101.722409     -101.619646     -101.464844     -0.10     5565.33
       1174        293.5             0.04               352.07    0.102016     -101.721882     -101.619866     -101.464845     -0.10     5425.51
       1175        293.8             0.05               352.51    0.102144     -101.721373     -101.619229     -101.464847     -0.10     5274.45
       1176        294.0             0.05               351.77    0.101929     -101.720857     -101.618928     -101.464849     -0.11     5113.55
       1177        294.2             0.05               350.34    0.101517     -101.720307     -101.618790     -101.464851     -0.11     4945.34
       1178        294.5             0.05               350.47    0.101554     -101.719703     -101.618149     -101.464852     -0.11     4772.41
       1179        294.8             0.05               351.18    0.101758     -101.719032     -101.617274     -101.464852     -0.11     4596.89
       1180        295.0             0.05               349.11    0.101160     -101.718297     -101.617137     -101.464850     -0.11     4421.24
       1181        295.2             0.05               348.31    0.100929     -101.717520     -101.616591     -101.464848     -0.11     4248.72
       1182        295.5             0.04               349.01    0.101130     -101.716734     -101.615605     -101.464846     -0.10     4081.51
       1183        295.8             0.05               347.22    0.100612     -101.715984     -101.615371     -101.464842     -0.10     3921.60
       1184        296.0             0.04               345.80    0.100201     -101.715321     -101.615120     -101.464839     -0.09     3771.69
       1185        296.2             0.04               346.75    0.100475     -101.714795     -101.614320     -101.464836     -0.09     3633.53
       1186        296.5             0.05               344.65    0.099866     -101.714445     -101.614579     -101.464834     -0.08     3518.92
       1187        296.8             0.05               340.50    0.098665     -101.714304     -101.615639     -101.464833     -0.08     3437.44
       1188        297.0             0.04               341.89    0.099066     -101.714387     -101.615321     -101.464834     -0.08     3380.57
       1189        297.2             0.04               347.54    0.100703     -101.714688     -101.613985     -101.464835     -0.08     3326.78
       1190        297.5             0.04               348.36    0.100941     -101.715191     -101.614249     -101.464837     -0.09     3274.97
       1191        297.8             0.04               349.04    0.101138     -101.715860     -101.614722     -101.464839     -0.09     3224.53
       1192        298.0             0.04               350.75    0.101634     -101.716666     -101.615032     -101.464841     -0.09     3174.36
       1193        298.2             0.04               350.88    0.101671     -101.717572     -101.615901     -101.464843     -0.10     3123.22
       1194        298.5             0.04               350.95    0.101691     -101.718543     -101.616851     -101.464845     -0.10     3070.00
       1195        298.8             0.04               350.13    0.101456     -101.719544     -101.618089     -101.464847     -0.10     3045.71
       1196        299.0             0.04               352.21    0.102057     -101.720545     -101.618487     -101.464850     -0.11     3024.16
       1197        299.2             0.04               354.88    0.102831     -101.721515     -101.618685     -101.464852     -0.11     3002.95
       1198        299.5             0.04               362.23    0.104961     -101.722422     -101.617461     -101.464854     -0.12     2980.39
       1199        299.8             0.04               366.23    0.106119     -101.723231     -101.617112     -101.464856     -0.12     2954.75
       1200        300.0             0.04               371.67    0.107696     -101.723903     -101.616208     -101.464858     -0.12     2924.57
       1201        300.2             0.04               371.72    0.107711     -101.724411     -101.616700     -101.464859     -0.12     2904.37
       1202        300.5             0.04               371.42    0.107623     -101.724736     -101.617113     -101.464859     -0.13     2878.88
       1203        300.8             0.04               370.69    0.107411     -101.724880     -101.617469     -101.464859     -0.12     2845.42
       1204        301.0             0.05               367.94    0.106617     -101.724864     -101.618247     -101.464857     -0.12     2802.84
       1205        301.2             0.04               366.85    0.106299     -101.724722     -101.618423     -101.464855     -0.12     2750.40
       1206        301.5             0.05               367.96    0.106621     -101.724498     -101.617877     -101.464852     -0.11     2687.39
       1207        301.8             0.04               367.20    0.106400     -101.724236     -101.617836     -101.464850     -0.11     2613.29
       1208        302.0             0.04               366.52    0.106205     -101.723976     -101.617771     -101.464848     -0.11     2528.25
       1209        302.2             0.04               364.98    0.105757     -101.723749     -101.617991     -101.464847     -0.10     2432.50
       1210        302.5             0.04               360.90    0.104575     -101.723567     -101.618993     -101.464848     -0.11     2326.70
       1211        302.8             0.03               360.37    0.104421     -101.723431     -101.619010     -101.464847     -0.10     2293.84
       1212        303.0             0.04               359.74    0.104239     -101.723319     -101.619080     -101.464850     -0.11     2323.15
       1213        303.2             0.04               360.32    0.104408     -101.723197     -101.618788     -101.464853     -0.11     2346.85
       1214        303.5             0.04               358.61    0.103913     -101.723021     -101.619109     -101.464855     -0.12     2365.17
       1215        303.8             0.04               357.61    0.103622     -101.722752     -101.619130     -101.464857     -0.12     2378.35
       1216        304.0             0.04               356.76    0.103377     -101.722354     -101.618976     -101.464859     -0.12     2386.84
       1217        304.2             0.04               357.09    0.103471     -101.721802     -101.618331     -101.464860     -0.13     2391.20
       1218        304.5             0.06               351.48    0.101846     -101.721085     -101.619238     -101.464859     -0.13     2392.06
       1219        304.8             0.05               350.54    0.101574     -101.720213     -101.618639     -101.464858     -0.12     2390.13
       1220        305.0             0.04               345.95    0.100243     -101.719202     -101.618959     -101.464856     -0.12     2386.17
       1221        305.2             0.04               343.98    0.099671     -101.718094     -101.618423     -101.464853     -0.11     2380.96
       1222        305.5             0.04               339.68    0.098426     -101.716930     -101.618504     -101.464849     -0.11     2393.53
       1223        305.8             0.04               333.74    0.096707     -101.715767     -101.619060     -101.464846     -0.10     2409.43
       1224        306.0             0.04               331.23    0.095977     -101.714663     -101.618686     -101.464843     -0.10     2425.06
       1225        306.2             0.04               325.53    0.094328     -101.713669     -101.619342     -101.464840     -0.09     2442.17
       1226        306.5             0.04               321.94    0.093285     -101.712836     -101.619551     -101.464839     -0.09     2462.26
       1227        306.8             0.04               319.44    0.092561     -101.712194     -101.619633     -101.464838     -0.09     2486.88
       1228        307.0             0.04               320.37    0.092833     -101.711760     -101.618928     -101.464838     -0.09     2517.33
       1229        307.2             0.04               320.40    0.092839     -101.711540     -101.618701     -101.464839     -0.09     2554.83
       1230        307.5             0.04               320.55    0.092884     -101.711526     -101.618642     -101.464840     -0.09     2600.09
       1231        307.8             0.04               318.24    0.092214     -101.711705     -101.619491     -101.464842     -0.09     2653.50
       1232        308.0             0.04               317.18    0.091906     -101.712055     -101.620149     -101.464844     -0.10     2714.85
       1233        308.2             0.04               319.45    0.092565     -101.712549     -101.619985     -101.464846     -0.10     2783.79
       1234        308.5             0.03               323.20    0.093651     -101.713159     -101.619508     -101.464849     -0.11     2859.85
       1235        308.8             0.04               324.25    0.093955     -101.713844     -101.619889     -101.464852     -0.11     2942.00
       1236        309.0             0.04               327.35    0.094853     -101.714559     -101.619706     -101.464855     -0.12     3028.32
       1237        309.2             0.04               330.93    0.095893     -101.715263     -101.619371     -101.464857     -0.12     3117.19
       1238        309.5             0.04               331.42    0.096034     -101.715920     -101.619886     -101.464859     -0.12     3206.59
       1239        309.8             0.04               336.41    0.097479     -101.716496     -101.619017     -101.464860     -0.13     3300.35
       1240        310.0             0.04               339.41    0.098348     -101.716978     -101.618630     -101.464860     -0.13     3391.53
       1241        310.2             0.04               337.39    0.097765     -101.717362     -101.619597     -101.464859     -0.12     3476.18
       1242        310.5             0.04               339.42    0.098351     -101.717665     -101.619314     -101.464857     -0.12     3551.46
       1243        310.8             0.04               336.11    0.097392     -101.717928     -101.620536     -101.464854     -0.12     3615.78
       1244        311.0             0.05               337.37    0.097756     -101.718192     -101.620436     -101.464851     -0.11     3666.80
       1245        311.2             0.04               336.82    0.097599     -101.718504     -101.620905     -101.464849     -0.11     3703.30
       1246        311.5             0.06               337.97    0.097932     -101.718892     -101.620960     -101.464848     -0.11     3723.92
       1247        311.8             0.05               339.63    0.098412     -101.719373     -101.620961     -101.464848     -0.11     3727.77
       1248        312.0             0.05               340.07    0.098541     -101.719943     -101.621402     -101.464850     -0.11     3714.28
       1249        312.2             0.04               342.07    0.099120     -101.720575     -101.621456     -101.464852     -0.11     3683.28
       1250        312.5             0.04               338.69    0.098139     -101.721229     -101.623089     -101.464856     -0.12     3646.92
       1251        312.8             0.04               342.12    0.099133     -101.721843     -101.622710     -101.464860     -0.13     3630.50
       1252        313.0             0.03               348.51    0.100985     -101.722365     -101.621380     -101.464864     -0.13     3598.00
       1253        313.2             0.04               351.47    0.101844     -101.722733     -101.620889     -101.464867     -0.14     3549.88
       1254        313.5             0.04               352.21    0.102058     -101.722891     -101.620833     -101.464870     -0.14     3487.30
       1255        313.8             0.04               354.49    0.102717     -101.722799     -101.620082     -101.464871     -0.15     3411.74
       1256        314.0             0.04               353.59    0.102457     -101.722440     -101.619983     -101.464872     -0.15     3324.59
       1257        314.2             0.05               350.92    0.101684     -101.721812     -101.620128     -101.464871     -0.15     3228.11
       1258        314.5             0.06               343.27    0.099466     -101.720938     -101.621473     -101.464869     -0.14     3124.67
       1259        314.8             0.07               337.99    0.097936     -101.719862     -101.621926     -101.464867     -0.14     3017.39
       1260        315.0             0.05               334.64    0.096966     -101.718634     -101.621668     -101.464864     -0.13     2908.46
       1261        315.2             0.04               326.83    0.094703     -101.717306     -101.622603     -101.464860     -0.13     2854.96
       1262        315.5             0.04               324.04    0.093895     -101.715948     -101.622054     -101.464857     -0.12     2823.08
       1263        315.8             0.04               320.45    0.092856     -101.714612     -101.621756     -101.464853     -0.11     2792.71
       1264        316.0             0.04               313.54    0.090852     -101.713353     -101.622501     -101.464851     -0.11     2765.86
       1265        316.2             0.04               312.05    0.090421     -101.712229     -101.621809     -101.464848     -0.11     2744.53
       1266        316.5             0.04               306.54    0.088823     -101.711274     -101.622451     -101.464847     -0.10     2730.14
       1267        316.8             0.04               304.84    0.088330     -101.710524     -101.622194     -101.464846     -0.10     2724.08
       1268        317.0             0.04               305.01    0.088381     -101.709989     -101.621608     -101.464846     -0.10     2727.19
       1269        317.2             0.04               300.98    0.087213     -101.709663     -101.622450     -101.464848     -0.11     2739.89
       1270        317.5             0.05               300.42    0.087050     -101.709529     -101.622479     -101.464850     -0.11     2761.97
       1271        317.8             0.05               299.05    0.086654     -101.709553     -101.622899     -101.464853     -0.11     2792.93
       1272        318.0             0.05               296.07    0.085791     -101.709689     -101.623898     -101.464856     -0.12     2831.62
       1273        318.2             0.05               294.54    0.085347     -101.709888     -101.624542     -101.464859     -0.13     2876.45
       1274        318.5             0.04               299.10    0.086668     -101.710105     -101.623437     -101.464862     -0.13     2925.75
       1275        318.8             0.05               298.50    0.086494     -101.710299     -101.623805     -101.464863     -0.13     2978.06
       1276        319.0             0.04               295.60    0.085654     -101.710439     -101.624785     -101.464863     -0.13     3030.87
       1277        319.2             0.04               293.24    0.084969     -101.710520     -101.625551     -101.464862     -0.13     3081.90
       1278        319.5             0.04               292.55    0.084771     -101.710557     -101.625786     -101.464859     -0.13     3129.39
       1279        319.8             0.04               292.29    0.084695     -101.710581     -101.625885     -101.464856     -0.12     3196.19
       1280        320.0             0.04               292.67    0.084804     -101.710637     -101.625833     -101.464852     -0.11     3255.90
       1281        320.2             0.04               291.01    0.084323     -101.710777     -101.626454     -101.464849     -0.11     3307.03
       1282        320.5             0.04               291.16    0.084368     -101.711045     -101.626677     -101.464846     -0.10     3348.13
       1283        320.8             0.04               292.29    0.084696     -101.711477     -101.626782     -101.464845     -0.10     3378.31
       1284        321.0             0.04               298.77    0.086574     -101.712092     -101.625518     -101.464845     -0.10     3396.88
       1285        321.2             0.04               302.08    0.087530     -101.712884     -101.625354     -101.464847     -0.10     3403.51
       1286        321.5             0.04               306.01    0.088670     -101.713817     -101.625147     -101.464851     -0.11     3397.97
       1287        321.8             0.04               313.06    0.090712     -101.714838     -101.624126     -101.464855     -0.12     3380.40
       1288        322.0             0.03               315.85    0.091521     -101.715883     -101.624362     -101.464860     -0.13     3351.11
       1289        322.2             0.04               317.90    0.092115     -101.716873     -101.624758     -101.464865     -0.13     3311.03
       1290        322.5             0.04               322.16    0.093351     -101.717740     -101.624389     -101.464869     -0.14     3261.21
       1291        322.8             0.05               327.35    0.094853     -101.718430     -101.623577     -101.464872     -0.15     3202.72
       1292        323.0             0.04               330.31    0.095713     -101.718900     -101.623187     -101.464874     -0.15     3136.92
       1293        323.2             0.03               332.73    0.096412     -101.719123     -101.622710     -101.464875     -0.15     3065.67
       1294        323.5             0.04               335.75    0.097287     -101.719094     -101.621808     -101.464874     -0.15     2990.84
       1295        323.8             0.04               333.88    0.096746     -101.718831     -101.622086     -101.464872     -0.15     2914.32
       1296        324.0             0.04               330.85    0.095868     -101.718372     -101.622505     -101.464869     -0.14     2838.67
       1297        324.2             0.04               330.73    0.095833     -101.717773     -101.621940     -101.464866     -0.14     2766.04
       1298        324.5             0.03               329.11    0.095364     -101.717091     -101.621727     -101.464862     -0.13     2698.04
       1299        324.8             0.04               328.25    0.095114     -101.716387     -101.621274     -101.464859     -0.12     2636.57
       1300        325.0             0.04               325.68    0.094371     -101.715715     -101.621345     -101.464857     -0.12     2625.18
       1301        325.2             0.04               325.19    0.094229     -101.715118     -101.620889     -101.464856     -0.12     2647.92
       1302        325.5             0.05               325.40    0.094289     -101.714618     -101.620329     -101.464855     -0.12     2681.30
       1303        325.8             0.04               323.60    0.093768     -101.714217     -101.620449     -101.464856     -0.12     2725.48
       1304        326.0             0.03               322.60    0.093477     -101.713904     -101.620427     -101.464858     -0.12     2779.95
       1305        326.2             0.03               321.77    0.093238     -101.713653     -101.620416     -101.464860     -0.13     2886.72
       1306        326.5             0.03               323.85    0.093840     -101.713429     -101.619589     -101.464862     -0.13     3010.87
       1307        326.8             0.03               325.60    0.094346     -101.713191     -101.618845     -101.464864     -0.13     3141.11
       1308        327.0             0.04               319.93    0.092703     -101.712898     -101.620195     -101.464866     -0.14     3275.41
       1309        327.2             0.04               316.45    0.091697     -101.712523     -101.620827     -101.464867     -0.14     3424.80
       1310        327.5             0.05               311.59    0.090288     -101.712050     -101.621763     -101.464867     -0.14     3593.84
       1311        327.8             0.03               313.17    0.090746     -101.711475     -101.620729     -101.464867     -0.14     3756.93
       1312        328.0             0.03               309.04    0.089547     -101.710789     -101.621242     -101.464866     -0.14     3913.48
       1313        328.2             0.04               303.51    0.087947     -101.710008     -101.622061     -101.464864     -0.13     4059.95
       1314        328.5             0.04               303.97    0.088079     -101.709158     -101.621078     -101.464862     -0.13     4194.22
       1315        328.8             0.04               300.57    0.087095     -101.708263     -101.621168     -101.464859     -0.12     4316.03
       1316        329.0             0.04               300.01    0.086933     -101.707371     -101.620438     -101.464855     -0.12     4423.29
       1317        329.2             0.04               300.82    0.087168     -101.706530     -101.619362     -101.464852     -0.11     4515.46
       1318        329.5             0.04               298.76    0.086570     -101.705789     -101.619219     -101.464848     -0.11     4592.00
       1319        329.8             0.04               296.39    0.085882     -101.705206     -101.619323     -101.464845     -0.10     4652.06
       1320        330.0             0.04               295.17    0.085530     -101.704827     -101.619296     -101.464844     -0.10     4695.54
       1321        330.2             0.03               293.19    0.084955     -101.704683     -101.619728     -101.464843     -0.10     4722.73
       1322        330.5             0.03               285.96    0.082862     -101.704782     -101.621920     -101.464845     -0.10     4776.23
       1323        330.8             0.04               284.73    0.082504     -101.705111     -101.622607     -101.464848     -0.11     4848.42
       1324        331.0             0.04               284.94    0.082565     -101.705637     -101.623072     -101.464851     -0.11     4910.02
       1325        331.2             0.04               283.01    0.082007     -101.706308     -101.624301     -101.464856     -0.12     4961.63
       1326        331.5             0.04               285.58    0.082750     -101.707059     -101.624309     -101.464860     -0.13     5003.63
       1327        331.8             0.04               289.83    0.083982     -101.707832     -101.623850     -101.464864     -0.13     5037.06
       1328        332.0             0.05               296.58    0.085938     -101.708574     -101.622636     -101.464866     -0.14     5062.82
       1329        332.2             0.04               296.67    0.085963     -101.709241     -101.623278     -101.464868     -0.14     5081.87
       1330        332.5             0.03               297.95    0.086335     -101.709802     -101.623468     -101.464868     -0.14     5094.98
       1331        332.8             0.03               302.63    0.087691     -101.710260     -101.622569     -101.464867     -0.14     5103.20
       1332        333.0             0.04               303.62    0.087978     -101.710634     -101.622656     -101.464865     -0.13     5107.56
       1333        333.2             0.04               305.53    0.088533     -101.710954     -101.622422     -101.464862     -0.13     5108.95
       1334        333.5             0.04               306.47    0.088803     -101.711266     -101.622463     -101.464859     -0.13     5108.16
       1335        333.8             0.04               304.39    0.088202     -101.711613     -101.623411     -101.464856     -0.12     5164.43
       1336        334.0             0.03               304.46    0.088221     -101.712033     -101.623812     -101.464854     -0.12     5254.77
       1337        334.2             0.03               306.08    0.088691     -101.712554     -101.623863     -101.464854     -0.12     5334.66
       1338        334.5             0.04               308.14    0.089287     -101.713181     -101.623894     -101.464855     -0.12     5403.95
       1339        334.8             0.04               309.41    0.089657     -101.713899     -101.624242     -101.464857     -0.12     5462.49
       1340        335.0             0.04               310.61    0.090002     -101.714676     -101.624674     -101.464860     -0.13     5510.15
       1341        335.2             0.04               311.52    0.090266     -101.715469     -101.625203     -101.464863     -0.13     5547.06
       1342        335.5             0.04               312.94    0.090680     -101.716227     -101.625547     -101.464867     -0.14     5573.50
       1343        335.8             0.04               313.38    0.090807     -101.716903     -101.626095     -101.464870     -0.14     5589.97
       1344        336.0             0.04               313.94    0.090968     -101.717452     -101.626484     -101.464873     -0.15     5597.10
       1345        336.2             0.03               317.26    0.091930     -101.717840     -101.625910     -101.464875     -0.15     5595.70
       1346        336.5             0.03               318.65    0.092333     -101.718044     -101.625711     -101.464876     -0.15     5586.67
       1347        336.8             0.03               320.61    0.092900     -101.718048     -101.625149     -101.464876     -0.15     5571.06
       1348        337.0             0.04               317.77    0.092078     -101.717853     -101.625775     -101.464876     -0.15     5549.98
       1349        337.2             0.03               316.71    0.091770     -101.717472     -101.625701     -101.464874     -0.15     5524.77
       1350        337.5             0.04               312.34    0.090504     -101.716932     -101.626427     -101.464873     -0.15     5496.55
       1351        337.8             0.04               313.16    0.090743     -101.716271     -101.625528     -101.464871     -0.14     5485.48
       1352        338.0             0.04               309.14    0.089576     -101.715522     -101.625947     -101.464868     -0.14     5479.40
       1353        338.2             0.04               306.91    0.088932     -101.714739     -101.625807     -101.464864     -0.13     5472.36
       1354        338.5             0.04               303.61    0.087976     -101.713972     -101.625996     -101.464861     -0.13     5464.78
       1355        338.8             0.04               300.01    0.086932     -101.713275     -101.626343     -101.464858     -0.12     5470.56
       1356        339.0             0.03               298.53    0.086504     -101.712698     -101.626193     -101.464856     -0.12     5479.99
       1357        339.2             0.03               299.26    0.086713     -101.712276     -101.625563     -101.464855     -0.12     5489.45
       1358        339.5             0.04               297.39    0.086174     -101.712035     -101.625861     -101.464854     -0.12     5498.50
       1359        339.8             0.03               297.06    0.086078     -101.711982     -101.625904     -101.464855     -0.12     5506.47
       1360        340.0             0.04               296.72    0.085980     -101.712108     -101.626128     -101.464857     -0.12     5512.66
       1361        340.2             0.04               298.68    0.086545     -101.712383     -101.625838     -101.464860     -0.13     5516.31
       1362        340.5             0.04               304.06    0.088105     -101.712768     -101.624663     -101.464863     -0.13     5516.67
       1363        340.8             0.04               305.10    0.088407     -101.713217     -101.624810     -101.464866     -0.14     5513.00
       1364        341.0             0.04               305.25    0.088449     -101.713680     -101.625231     -101.464868     -0.14     5504.68
       1365        341.2             0.04               311.20    0.090173     -101.714120     -101.623947     -101.464869     -0.14     5491.22
       1366        341.5             0.04               314.32    0.091079     -101.714521     -101.623442     -101.464870     -0.14     5472.12
       1367        341.8             0.04               316.69    0.091765     -101.714869     -101.623103     -101.464869     -0.14     5447.25
       1368        342.0             0.04               320.36    0.092829     -101.715175     -101.622346     -101.464867     -0.14     5416.60
       1369        342.2             0.04               320.53    0.092877     -101.715468     -101.622592     -101.464864     -0.13     5380.23
       1370        342.5             0.04               326.00    0.094462     -101.715790     -101.621328     -101.464861     -0.13     5338.65
       1371        342.8             0.03               329.41    0.095450     -101.716191     -101.620740     -101.464858     -0.12     5291.99
       1372        343.0             0.04               329.45    0.095462     -101.716715     -101.621253     -101.464856     -0.12     5240.99
       1373        343.2             0.04               329.24    0.095400     -101.717399     -101.621999     -101.464855     -0.12     5203.99
       1374        343.5             0.04               331.41    0.096030     -101.718267     -101.622238     -101.464855     -0.12     5188.61
       1375        343.8             0.04               335.28    0.097152     -101.719326     -101.622174     -101.464856     -0.12     5175.69
       1376        344.0             0.04               339.44    0.098358     -101.720558     -101.622200     -101.464859     -0.12     5165.51
       1377        344.2             0.04               346.24    0.100328     -101.721926     -101.621598     -101.464863     -0.13     5158.33
       1378        344.5             0.04               350.76    0.101638     -101.723379     -101.621741     -101.464867     -0.14     5154.26
       1379        344.8             0.04               356.72    0.103366     -101.724853     -101.621487     -101.464871     -0.15     5153.35
       1380        345.0             0.03               361.27    0.104682     -101.726291     -101.621609     -101.464874     -0.15     5155.57
       1381        345.2             0.04               366.23    0.106121     -101.727640     -101.621520     -101.464877     -0.16     5160.78
       1382        345.5             0.04               374.46    0.108504     -101.728863     -101.620359     -101.464879     -0.16     5168.80
       1383        345.8             0.04               375.77    0.108886     -101.729936     -101.621050     -101.464879     -0.16     5179.41
       1384        346.0             0.04               377.12    0.109277     -101.730839     -101.621562     -101.464879     -0.16     5192.18
       1385        346.2             0.04               384.41    0.111387     -101.731576     -101.620190     -101.464878     -0.16     5206.73
       1386        346.5             0.04               384.85    0.111515     -101.732163     -101.620648     -101.464877     -0.16     5222.67
       1387        346.8             0.03               386.74    0.112062     -101.732607     -101.620544     -101.464876     -0.15     5239.29
       1388        347.0             0.04               384.51    0.111418     -101.732931     -101.621513     -101.464875     -0.15     5255.91
       1389        347.2             0.04               383.06    0.110997     -101.733158     -101.622161     -101.464873     -0.15     5271.64
       1390        347.5             0.04               384.67    0.111464     -101.733311     -101.621848     -101.464872     -0.15     5285.56
       1391        347.8             0.03               384.92    0.111536     -101.733411     -101.621875     -101.464870     -0.14     5296.71
       1392        348.0             0.04               386.19    0.111905     -101.733473     -101.621568     -101.464869     -0.14     5303.96
       1393        348.2             0.04               385.33    0.111654     -101.733512     -101.621858     -101.464867     -0.14     5348.15
       1394        348.5             0.04               384.22    0.111334     -101.733542     -101.622208     -101.464867     -0.14     5412.87
       1395        348.8             0.04               381.58    0.110566     -101.733567     -101.623001     -101.464867     -0.14     5469.09
       1396        349.0             0.04               381.58    0.110569     -101.733588     -101.623020     -101.464867     -0.14     5515.75
       1397        349.2             0.04               380.13    0.110147     -101.733594     -101.623447     -101.464868     -0.14     5552.23
       1398        349.5             0.04               380.10    0.110140     -101.733564     -101.623424     -101.464870     -0.14     5577.89
       1399        349.8             0.04               378.25    0.109602     -101.733472     -101.623870     -101.464872     -0.15     5592.44
       1400        350.0             0.04               378.83    0.109770     -101.733292     -101.623523     -101.464873     -0.15     5595.77
       1401        350.2             0.04               379.58    0.109989     -101.733001     -101.623012     -101.464874     -0.15     5600.66
       1402        350.5             0.05               375.98    0.108946     -101.732582     -101.623636     -101.464874     -0.15     5595.71
       1403        350.8             0.04               374.91    0.108635     -101.732037     -101.623401     -101.464873     -0.15     5578.67
       1404        351.0             0.04               372.96    0.108070     -101.731380     -101.623310     -101.464872     -0.15     5550.30
       1405        351.2             0.04               368.09    0.106660     -101.730645     -101.623985     -101.464869     -0.14     5511.57
       1406        351.5             0.04               364.15    0.105517     -101.729883     -101.624366     -101.464867     -0.14     5486.10
       1407        351.8             0.04               362.24    0.104965     -101.729153     -101.624188     -101.464863     -0.13     5527.76
       1408        352.0             0.04               360.53    0.104469     -101.728517     -101.624049     -101.464860     -0.13     5562.28
       1409        352.2             0.03               355.57    0.103031     -101.728034     -101.625004     -101.464857     -0.12     5590.41
       1410        352.5             0.04               352.45    0.102127     -101.727754     -101.625627     -101.464856     -0.12     5612.70
       1411        352.8             0.04               350.31    0.101506     -101.727707     -101.626200     -101.464856     -0.12     5629.78
       1412        353.0             0.04               352.64    0.102181     -101.727899     -101.625718     -101.464857     -0.12     5642.13
       1413        353.2             0.03               356.59    0.103328     -101.728319     -101.624992     -101.464859     -0.13     5650.11
       1414        353.5             0.04               360.88    0.104569     -101.728931     -101.624363     -101.464862     -0.13     5653.88
       1415        353.8             0.04               363.27    0.105263     -101.729688     -101.624425     -101.464866     -0.14     5653.48
       1416        354.0             0.04               362.11    0.104925     -101.730535     -101.625610     -101.464869     -0.14     5648.83
       1417        354.2             0.03               362.89    0.105152     -101.731420     -101.626268     -101.464871     -0.15     5639.79
       1418        354.5             0.04               366.43    0.106179     -101.732309     -101.626130     -101.464873     -0.15     5636.43
       1419        354.8             0.04               371.42    0.107624     -101.733176     -101.625552     -101.464874     -0.15     5631.36
       1420        355.0             0.03               375.69    0.108862     -101.734003     -101.625140     -101.464875     -0.15     5620.81
       1421        355.2             0.03               379.99    0.110107     -101.734775     -101.624669     -101.464875     -0.15     5604.36
       1422        355.5             0.04               384.65    0.111458     -101.735488     -101.624030     -101.464874     -0.15     5581.49
       1423        355.8             0.03               387.55    0.112297     -101.736139     -101.623842     -101.464874     -0.15     5551.60
       1424        356.0             0.03               392.74    0.113801     -101.736731     -101.622929     -101.464874     -0.15     5514.14
       1425        356.2             0.03               395.38    0.114567     -101.737267     -101.622700     -101.464873     -0.15     5468.30
       1426        356.5             0.04               395.43    0.114581     -101.737752     -101.623170     -101.464873     -0.15     5413.54
       1427        356.8             0.03               397.74    0.115251     -101.738192     -101.622941     -101.464872     -0.15     5349.36
       1428        357.0             0.03               397.81    0.115270     -101.738603     -101.623333     -101.464871     -0.15     5274.95
       1429        357.2             0.03               404.19    0.117119     -101.738997     -101.621878     -101.464870     -0.14     5189.97
       1430        357.5             0.03               401.43    0.116321     -101.739388     -101.623067     -101.464869     -0.14     5093.31
       1431        357.8             0.03               402.38    0.116594     -101.739778     -101.623185     -101.464870     -0.14     4985.77
       1432        358.0             0.04               401.52    0.116346     -101.740170     -101.623824     -101.464870     -0.14     4866.82
       1433        358.2             0.04               405.44    0.117480     -101.740550     -101.623070     -101.464872     -0.15     4736.87
       1434        358.5             0.04               405.13    0.117390     -101.740892     -101.623501     -101.464875     -0.15     4595.47
       1435        358.8             0.04               400.65    0.116094     -101.741154     -101.625060     -101.464878     -0.16     4443.90
       1436        359.0             0.04               399.98    0.115899     -101.741296     -101.625397     -101.464881     -0.16     4283.75
       1437        359.2             0.03               399.37    0.115722     -101.741275     -101.625553     -101.464884     -0.17     4115.21
       1438        359.5             0.04               399.43    0.115740     -101.741054     -101.625314     -101.464886     -0.17     3939.37
       1439        359.8             0.04               396.23    0.114813     -101.740609     -101.625796     -101.464886     -0.17     3757.28
       1440        360.0             0.04               394.06    0.114184     -101.739933     -101.625749     -101.464885     -0.17     3571.03
       1441        360.2             0.04               385.59    0.111730     -101.739043     -101.627313     -101.464883     -0.17     3381.77
       1442        360.5             0.04               378.31    0.109620     -101.737986     -101.628365     -101.464880     -0.16     3192.50
       1443        360.8             0.04               379.64    0.110005     -101.736819     -101.626813     -101.464876     -0.15     3004.42
       1444        361.0             0.04               375.61    0.108838     -101.735590     -101.626752     -101.464872     -0.15     2828.97
       1445        361.2             0.04               369.66    0.107113     -101.734373     -101.627260     -101.464868     -0.14     2665.81
       1446        361.5             0.04               369.61    0.107098     -101.733237     -101.626139     -101.464865     -0.13     2501.97
       1447        361.8             0.04               366.63    0.106237     -101.732223     -101.625986     -101.464862     -0.13     2372.51
       1448        362.0             0.04               362.65    0.105081     -101.731368     -101.626287     -101.464862     -0.13     2247.92
       1449        362.2             0.03               358.09    0.103762     -101.730689     -101.626927     -101.464862     -0.13     2117.24
       1450        362.5             0.03               350.52    0.101569     -101.730179     -101.628610     -101.464864     -0.13     1982.01
       1451        362.8             0.05               347.57    0.100712     -101.729823     -101.629111     -101.464865     -0.14     1901.44
       1452        363.0             0.04               349.84    0.101370     -101.729586     -101.628216     -101.464868     -0.14     1850.74
       1453        363.2             0.04               346.58    0.100427     -101.729427     -101.629000     -101.464870     -0.14     1796.03
       1454        363.5             0.04               347.58    0.100717     -101.729311     -101.628594     -101.464872     -0.15     1738.11
       1455        363.8             0.04               350.21    0.101478     -101.729211     -101.627733     -101.464873     -0.15     1692.80
       1456        364.0             0.04               348.74    0.101051     -101.729104     -101.628053     -101.464874     -0.15     1650.43
       1457        364.2             0.04               349.69    0.101326     -101.728981     -101.627655     -101.464874     -0.15     1607.00
       1458        364.5             0.04               353.14    0.102328     -101.728843     -101.626515     -101.464873     -0.15     1562.31
       1459        364.8             0.04               353.64    0.102470     -101.728696     -101.626226     -101.464872     -0.15     1516.16
       1460        365.0             0.03               353.21    0.102346     -101.728553     -101.626206     -101.464871     -0.15     1468.75
       1461        365.2             0.04               358.94    0.104006     -101.728430     -101.624423     -101.464870     -0.14     1426.07
       1462        365.5             0.04               355.82    0.103102     -101.728341     -101.625239     -101.464869     -0.14     1397.27
       1463        365.8             0.03               349.65    0.101317     -101.728306     -101.626989     -101.464867     -0.14     1365.72
       1464        366.0             0.04               352.38    0.102107     -101.728350     -101.626243     -101.464866     -0.14     1331.18
       1465        366.2             0.04               350.22    0.101482     -101.728497     -101.627014     -101.464865     -0.13     1292.96
       1466        366.5             0.03               349.04    0.101138     -101.728761     -101.627622     -101.464864     -0.13     1251.22
       1467        366.8             0.04               348.60    0.101011     -101.729156     -101.628144     -101.464864     -0.13     1205.96
       1468        367.0             0.04               351.16    0.101752     -101.729685     -101.627933     -101.464864     -0.13     1157.32
       1469        367.2             0.03               352.95    0.102271     -101.730341     -101.628070     -101.464867     -0.14     1117.36
       1470        367.5             0.04               356.78    0.103382     -101.731093     -101.627711     -101.464870     -0.14     1119.97
       1471        367.8             0.03               361.38    0.104714     -101.731899     -101.627185     -101.464873     -0.15     1121.44
       1472        368.0             0.03               365.22    0.105826     -101.732700     -101.626874     -101.464878     -0.16     1122.47
       1473        368.2             0.03               370.38    0.107322     -101.733430     -101.626109     -101.464882     -0.16     1123.81
       1474        368.5             0.03               371.12    0.107538     -101.734024     -101.626487     -101.464886     -0.17     1126.26
       1475        368.8             0.03               368.13    0.106670     -101.734421     -101.627751     -101.464888     -0.18     1130.64
       1476        369.0             0.03               369.64    0.107109     -101.734585     -101.627476     -101.464890     -0.18     1137.75
       1477        369.2             0.03               369.71    0.107129     -101.734500     -101.627372     -101.464890     -0.18     1148.37
       1478        369.5             0.03               369.96    0.107199     -101.734170     -101.626970     -101.464888     -0.18     1163.17
       1479        369.8             0.04               366.33    0.106150     -101.733617     -101.627467     -101.464886     -0.17     1182.74
       1480        370.0             0.04               366.03    0.106063     -101.732890     -101.626827     -101.464882     -0.16     1207.37
       1481        370.2             0.04               363.05    0.105199     -101.732046     -101.626847     -101.464878     -0.16     1273.42
       1482        370.5             0.03               362.05    0.104910     -101.731152     -101.626242     -101.464874     -0.15     1359.94
       1483        370.8             0.04               356.64    0.103341     -101.730268     -101.626927     -101.464870     -0.14     1449.59
       1484        371.0             0.04               355.52    0.103017     -101.729458     -101.626441     -101.464868     -0.14     1541.11
       1485        371.2             0.04               352.77    0.102219     -101.728758     -101.626540     -101.464866     -0.14     1634.04
       1486        371.5             0.03               348.25    0.100909     -101.728192     -101.627283     -101.464867     -0.14     1726.91
       1487        371.8             0.04               346.32    0.100352     -101.727763     -101.627412     -101.464868     -0.14     1818.02
       1488        372.0             0.04               344.03    0.099686     -101.727456     -101.627769     -101.464870     -0.14     1906.07
       1489        372.2             0.04               344.70    0.099881     -101.727239     -101.627358     -101.464873     -0.15     1989.30
       1490        372.5             0.04               342.88    0.099355     -101.727072     -101.627716     -101.464876     -0.15     2066.31
       1491        372.8             0.04               344.98    0.099962     -101.726913     -101.626952     -101.464878     -0.16     2135.10
       1492        373.0             0.04               347.31    0.100638     -101.726722     -101.626084     -101.464880     -0.16     2194.42
       1493        373.2             0.04               347.47    0.100683     -101.726466     -101.625783     -101.464882     -0.16     2242.72
       1494        373.5             0.04               348.54    0.100993     -101.726123     -101.625129     -101.464882     -0.16     2278.47
       1495        373.8             0.04               347.15    0.100590     -101.725685     -101.625095     -101.464882     -0.16     2300.54
       1496        374.0             0.04               348.20    0.100897     -101.725160     -101.624263     -101.464881     -0.16     2307.91
       1497        374.2             0.03               344.44    0.099806     -101.724561     -101.624755     -101.464879     -0.16     2299.87
       1498        374.5             0.03               342.65    0.099288     -101.723917     -101.624629     -101.464877     -0.16     2276.05
       1499        374.8             0.03               340.48    0.098659     -101.723261     -101.624603     -101.464875     -0.15     2236.22
       1500        375.0             0.03               338.42    0.098061     -101.722631     -101.624570     -101.464873     -0.15     2180.51
       1501        375.2             0.04               334.72    0.096991     -101.722068     -101.625077     -101.464870     -0.14     2109.28
       1502        375.5             0.04               331.21    0.095973     -101.721617     -101.625643     -101.464868     -0.14     2023.37
       1503        375.8             0.04               330.55    0.095782     -101.721317     -101.625536     -101.464866     -0.14     1923.68
       1504        376.0             0.04               329.47    0.095470     -101.721201     -101.625732     -101.464865     -0.13     1810.94
       1505        376.2             0.03               327.29    0.094836     -101.721291     -101.626455     -101.464865     -0.13     1686.59
       1506        376.5             0.03               330.04    0.095634     -101.721592     -101.625958     -101.464865     -0.14     1579.32
       1507        376.8             0.03               329.18    0.095386     -101.722095     -101.626710     -101.464867     -0.14     1504.48
       1508        377.0             0.04               338.07    0.097961     -101.722765     -101.624804     -101.464870     -0.14     1454.51
       1509        377.2             0.04               338.94    0.098212     -101.723558     -101.625346     -101.464874     -0.15     1451.08
       1510        377.5             0.03               343.08    0.099413     -101.724400     -101.624987     -101.464878     -0.16     1446.56
       1511        377.8             0.04               346.75    0.100476     -101.725228     -101.624751     -101.464882     -0.16     1440.86
       1512        378.0             0.04               348.80    0.101069     -101.725974     -101.624906     -101.464885     -0.17     1433.87
       1513        378.2             0.04               351.31    0.101797     -101.726586     -101.624789     -101.464888     -0.17     1447.31
       1514        378.5             0.04               346.94    0.100530     -101.727027     -101.626496     -101.464889     -0.18     1465.60
       1515        378.8             0.04               347.56    0.100711     -101.727284     -101.626573     -101.464888     -0.17     1480.10
       1516        379.0             0.04               342.74    0.099314     -101.727376     -101.628062     -101.464886     -0.17     1490.62
       1517        379.2             0.03               342.60    0.099274     -101.727333     -101.628059     -101.464883     -0.17     1496.79
       1518        379.5             0.03               343.88    0.099644     -101.727206     -101.627563     -101.464880     -0.16     1498.32
       1519        379.8             0.04               342.14    0.099140     -101.727048     -101.627908     -101.464877     -0.16     1494.89
       1520        380.0             0.04               342.77    0.099321     -101.726913     -101.627592     -101.464874     -0.15     1486.21
       1521        380.2             0.04               341.58    0.098978     -101.726850     -101.627873     -101.464871     -0.15     1471.95
       1522        380.5             0.03               344.93    0.099949     -101.726896     -101.626948     -101.464871     -0.14     1473.60
       1523        380.8             0.03               345.69    0.100167     -101.727069     -101.626902     -101.464871     -0.14     1490.95
       1524        381.0             0.03               346.68    0.100455     -101.727367     -101.626912     -101.464872     -0.15     1500.91
       1525        381.2             0.04               346.27    0.100335     -101.727768     -101.627433     -101.464874     -0.15     1502.70
       1526        381.5             0.04               342.67    0.099293     -101.728239     -101.628946     -101.464877     -0.16     1495.64
       1527        381.8             0.03               343.27    0.099468     -101.728737     -101.629269     -101.464880     -0.16     1479.24
       1528        382.0             0.04               344.89    0.099937     -101.729221     -101.629284     -101.464883     -0.17     1453.01
       1529        382.2             0.04               346.44    0.100385     -101.729649     -101.629264     -101.464885     -0.17     1416.61
       1530        382.5             0.04               346.16    0.100303     -101.729979     -101.629676     -101.464887     -0.17     1369.88
       1531        382.8             0.04               350.46    0.101551     -101.730178     -101.628628     -101.464889     -0.18     1312.94
       1532        383.0             0.04               355.42    0.102989     -101.730225     -101.627236     -101.464890     -0.18     1245.53
       1533        383.2             0.03               353.73    0.102498     -101.730099     -101.627601     -101.464890     -0.18     1167.83
       1534        383.5             0.03               352.74    0.102210     -101.729799     -101.627589     -101.464889     -0.18     1080.97
       1535        383.8             0.03               352.12    0.102031     -101.729338     -101.627307     -101.464888     -0.17      985.44
       1536        384.0             0.04               347.47    0.100683     -101.728738     -101.628055     -101.464885     -0.17      881.89
       1537        384.2             0.04               349.89    0.101385     -101.728035     -101.626650     -101.464883     -0.17      801.11
       1538        384.5             0.04               351.43    0.101831     -101.727264     -101.625433     -101.464880     -0.16      722.43
       1539        384.8             0.04               350.39    0.101531     -101.726472     -101.624941     -101.464876     -0.15      640.26
       1540        385.0             0.04               347.81    0.100784     -101.725717     -101.624934     -101.464873     -0.15      555.73
       1541        385.2             0.03               342.92    0.099365     -101.725059     -101.625695     -101.464870     -0.14      469.95
       1542        385.5             0.03               344.02    0.099684     -101.724551     -101.624867     -101.464868     -0.14      384.13
       1543        385.8             0.04               346.35    0.100360     -101.724225     -101.623865     -101.464867     -0.14      298.45
       1544        386.0             0.03               344.04    0.099690     -101.724093     -101.624404     -101.464867     -0.14      257.93
       1545        386.2             0.03               342.82    0.099337     -101.724149     -101.624811     -101.464869     -0.14      245.04
       1546        386.5             0.04               344.76    0.099898     -101.724361     -101.624462     -101.464872     -0.15      233.96
       1547        386.8             0.03               348.84    0.101080     -101.724683     -101.623603     -101.464876     -0.15      225.09
       1548        387.0             0.04               348.69    0.101038     -101.725056     -101.624018     -101.464880     -0.16      218.75
       1549        387.2             0.03               351.17    0.101756     -101.725419     -101.623662     -101.464883     -0.17      215.22
       1550        387.5             0.04               350.94    0.101689     -101.725722     -101.624033     -101.464886     -0.17      214.60
       1551        387.8             0.04               352.10    0.102026     -101.725930     -101.623905     -101.464887     -0.17      216.86
       1552        388.0             0.03               353.90    0.102547     -101.726028     -101.623481     -101.464887     -0.17      221.89
       1553        388.2             0.04               355.77    0.103089     -101.726019     -101.622930     -101.464886     -0.17      229.42
       1554        388.5             0.04               355.29    0.102950     -101.725922     -101.622973     -101.464883     -0.17      239.13
       1555        388.8             0.04               354.19    0.102633     -101.725772     -101.623140     -101.464881     -0.16      250.55
       1556        389.0             0.04               359.48    0.104166     -101.725613     -101.621448     -101.464878     -0.16      263.14
       1557        389.2             0.04               358.82    0.103971     -101.725485     -101.621514     -101.464876     -0.15      276.47
       1558        389.5             0.04               356.66    0.103347     -101.725427     -101.622080     -101.464874     -0.15      289.84
       1559        389.8             0.04               353.45    0.102416     -101.725472     -101.623056     -101.464873     -0.15      302.60
       1560        390.0             0.04               352.58    0.102164     -101.725640     -101.623476     -101.464873     -0.15      314.16
       1561        390.2             0.03               356.37    0.103264     -101.725934     -101.622670     -101.464874     -0.15      324.00
       1562        390.5             0.04               353.18    0.102339     -101.726344     -101.624005     -101.464875     -0.15      331.67
       1563        390.8             0.03               353.71    0.102491     -101.726842     -101.624351     -101.464877     -0.16      336.66
       1564        391.0             0.04               360.22    0.104377     -101.727401     -101.623024     -101.464880     -0.16      338.64
       1565        391.2             0.04               364.48    0.105612     -101.727986     -101.622374     -101.464882     -0.16      337.32
       1566        391.5             0.04               366.23    0.106119     -101.728553     -101.622434     -101.464884     -0.17      332.51
       1567        391.8             0.04               371.59    0.107672     -101.729063     -101.621391     -101.464886     -0.17      324.11
       1568        392.0             0.03               374.59    0.108543     -101.729486     -101.620942     -101.464888     -0.18      312.06
       1569        392.2             0.04               376.05    0.108966     -101.729787     -101.620820     -101.464890     -0.18      296.47
       1570        392.5             0.04               376.21    0.109011     -101.729942     -101.620931     -101.464891     -0.18      277.55
       1571        392.8             0.04               374.42    0.108492     -101.729933     -101.621441     -101.464891     -0.18      255.59
       1572        393.0             0.04               377.18    0.109294     -101.729753     -101.620458     -101.464892     -0.18      231.00
       1573        393.2             0.04               375.25    0.108733     -101.729396     -101.620663     -101.464891     -0.18      204.03
       1574        393.5             0.04               378.01    0.109534     -101.728874     -101.619340     -101.464890     -0.18      175.33
       1575        393.8             0.03               377.51    0.109390     -101.728201     -101.618812     -101.464888     -0.17      145.25
       1576        394.0             0.03               375.70    0.108863     -101.727411     -101.618548     -101.464885     -0.17      114.51
       1577        394.2             0.04               374.79    0.108601     -101.726551     -101.617951     -101.464881     -0.16       83.76
       1578        394.5             0.03               372.68    0.107988     -101.725677     -101.617689     -101.464877     -0.16       53.60
       1579        394.8             0.03               369.61    0.107098     -101.724841     -101.617743     -101.464874     -0.15       24.69
       1580        395.0             0.04               368.30    0.106718     -101.724093     -101.617374     -101.464872     -0.15        0.00
       1581        395.2             0.03               366.00    0.106052     -101.723459     -101.617407     -101.464872     -0.15        0.00
       1582        395.5             0.03               365.36    0.105868     -101.722952     -101.617083     -101.464873     -0.15        0.00
       1583        395.8             0.04               364.54    0.105630     -101.722557     -101.616927     -101.464875     -0.15        0.00
       1584        396.0             0.04               362.78    0.105120     -101.722243     -101.617123     -101.464878     -0.16        0.00
       1585        396.2             0.03               368.01    0.106637     -101.721968     -101.615331     -101.464881     -0.16        0.00
       1586        396.5             0.04               370.34    0.107310     -101.721680     -101.614369     -101.464883     -0.17        0.00
       1587        396.8             0.03               369.47    0.107057     -101.721330     -101.614273     -101.464885     -0.17        0.00
       1588        397.0             0.04               367.79    0.106573     -101.720889     -101.614316     -101.464886     -0.17        0.00
       1589        397.2             0.03               366.54    0.106209     -101.720343     -101.614133     -101.464886     -0.17        0.00
       1590        397.5             0.04               365.94    0.106036     -101.719696     -101.613660     -101.464884     -0.17        0.00
       1591        397.8             0.03               360.24    0.104383     -101.718971     -101.614588     -101.464882     -0.16        0.00
       1592        398.0             0.03               358.68    0.103931     -101.718211     -101.614280     -101.464879     -0.16        0.00
       1593        398.2             0.04               358.06    0.103753     -101.717458     -101.613705     -101.464876     -0.15        0.00
       1594        398.5             0.04               355.60    0.103041     -101.716761     -101.613720     -101.464873     -0.15        0.00
       1595        398.8             0.04               352.72    0.102205     -101.716167     -101.613962     -101.464871     -0.15        0.00
       1596        399.0             0.03               349.79    0.101356     -101.715714     -101.614358     -101.464869     -0.14       22.39
       1597        399.2             0.03               349.66    0.101317     -101.715432     -101.614115     -101.464869     -0.14       46.30
       1598        399.5             0.03               349.57    0.101292     -101.715330     -101.614038     -101.464870     -0.14       98.69
       1599        399.8             0.04               348.44    0.100966     -101.715408     -101.614441     -101.464871     -0.15      223.44
       1600        400.0             0.04               352.52    0.102146     -101.715655     -101.613509     -101.464872     -0.15      344.04
       1601        400.2             0.03               352.29    0.102080     -101.716052     -101.613972     -101.464874     -0.15      460.84
       1602        400.5             0.03               351.45    0.101838     -101.716572     -101.614734     -101.464876     -0.15      572.66
       1603        400.8             0.03               353.49    0.102429     -101.717187     -101.614758     -101.464878     -0.16      679.03
       1604        401.0             0.03               356.76    0.103376     -101.717873     -101.614497     -101.464880     -0.16      780.05
       1605        401.2             0.04               355.10    0.102896     -101.718601     -101.615705     -101.464881     -0.16      875.67
       1606        401.5             0.04               356.38    0.103264     -101.719342     -101.616077     -101.464883     -0.17      965.06
       1607        401.8             0.04               356.59    0.103326     -101.720072     -101.616746     -101.464884     -0.17     1048.52
       1608        402.0             0.04               354.76    0.102798     -101.720767     -101.617970     -101.464886     -0.17     1125.92
       1609        402.2             0.04               358.33    0.103830     -101.721404     -101.617574     -101.464887     -0.17     1197.10
       1610        402.5             0.04               359.25    0.104096     -101.721966     -101.617870     -101.464888     -0.18     1262.72
       1611        402.8             0.04               360.34    0.104413     -101.722435     -101.618023     -101.464889     -0.18     1322.69
       1612        403.0             0.04               359.93    0.104295     -101.722805     -101.618510     -101.464888     -0.18     1377.22
       1613        403.2             0.03               360.75    0.104531     -101.723079     -101.618548     -101.464887     -0.17     1426.43
       1614        403.5             0.04               359.29    0.104109     -101.723275     -101.619166     -101.464886     -0.17     1470.67
       1615        403.8             0.04               358.78    0.103960     -101.723419     -101.619459     -101.464883     -0.17     1510.09
       1616        404.0             0.03               361.61    0.104782     -101.723547     -101.618766     -101.464881     -0.16     1545.01
       1617        404.2             0.03               358.57    0.103901     -101.723691     -101.619789     -101.464880     -0.16     1575.87
       1618        404.5             0.04               357.69    0.103646     -101.723873     -101.620227     -101.464879     -0.16     1602.69
       1619        404.8             0.03               360.88    0.104568     -101.724107     -101.619538     -101.464879     -0.16     1625.83
       1620        405.0             0.04               357.95    0.103722     -101.724383     -101.620661     -101.464881     -0.16     1645.65
       1621        405.2             0.03               356.32    0.103249     -101.724672     -101.621423     -101.464884     -0.17     1662.22
       1622        405.5             0.03               359.61    0.104201     -101.724936     -101.620735     -101.464887     -0.17     1675.78
       1623        405.8             0.03               361.84    0.104849     -101.725128     -101.620279     -101.464890     -0.18     1686.63
       1624        406.0             0.04               362.81    0.105128     -101.725200     -101.620072     -101.464893     -0.18     1694.91
       1625        406.2             0.04               362.19    0.104949     -101.725114     -101.620165     -101.464894     -0.19     1700.72
       1626        406.5             0.04               362.96    0.105173     -101.724851     -101.619679     -101.464894     -0.19     1704.17
       1627        406.8             0.04               360.84    0.104559     -101.724410     -101.619850     -101.464893     -0.18     1705.36
       1628        407.0             0.04               360.34    0.104412     -101.723807     -101.619395     -101.464891     -0.18     1704.35
       1629        407.2             0.04               356.98    0.103440     -101.723074     -101.619634     -101.464889     -0.18     1701.18
       1630        407.5             0.04               355.65    0.103055     -101.722255     -101.619200     -101.464886     -0.17     1695.92
       1631        407.8             0.04               350.00    0.101416     -101.721394     -101.619978     -101.464883     -0.17     1688.59
       1632        408.0             0.04               343.66    0.099579     -101.720543     -101.620964     -101.464881     -0.16     1679.25
       1633        408.2             0.03               338.90    0.098199     -101.719746     -101.621547     -101.464879     -0.16     1667.98
       1634        408.5             0.04               336.81    0.097595     -101.719035     -101.621440     -101.464878     -0.16     1654.80
       1635        408.8             0.04               330.67    0.095816     -101.718428     -101.622612     -101.464877     -0.16     1639.74
       1636        409.0             0.04               327.20    0.094811     -101.717944     -101.623133     -101.464877     -0.16     1622.99
       1637        409.2             0.04               325.23    0.094241     -101.717588     -101.623348     -101.464877     -0.16     1604.60
       1638        409.5             0.03               322.14    0.093345     -101.717359     -101.624014     -101.464877     -0.16     1584.70
       1639        409.8             0.03               321.97    0.093295     -101.717253     -101.623958     -101.464878     -0.16     1563.49
       1640        410.0             0.03               320.99    0.093012     -101.717262     -101.624250     -101.464879     -0.16     1541.08
       1641        410.2             0.03               324.00    0.093883     -101.717375     -101.623492     -101.464880     -0.16     1517.75
       1642        410.5             0.04               324.94    0.094157     -101.717576     -101.623419     -101.464881     -0.16     1493.62
       1643        410.8             0.03               326.56    0.094625     -101.717845     -101.623220     -101.464882     -0.16     1469.05
       1644        411.0             0.03               329.85    0.095577     -101.718162     -101.622585     -101.464883     -0.17     1444.34
       1645        411.2             0.04               331.55    0.096071     -101.718505     -101.622433     -101.464885     -0.17     1419.75
       1646        411.5             0.04               331.75    0.096128     -101.718848     -101.622720     -101.464886     -0.17     1395.68
       1647        411.8             0.04               327.20    0.094811     -101.719169     -101.624357     -101.464887     -0.17     1372.52
       1648        412.0             0.03               329.36    0.095435     -101.719453     -101.624018     -101.464888     -0.17     1350.77
       1649        412.2             0.03               328.29    0.095126     -101.719697     -101.624571     -101.464888     -0.18     1330.51
       1650        412.5             0.03               331.49    0.096054     -101.719901     -101.623847     -101.464888     -0.17     1312.14
       1651        412.8             0.03               333.00    0.096491     -101.720076     -101.623585     -101.464887     -0.17     1295.80
       1652        413.0             0.03               333.83    0.096731     -101.720243     -101.623512     -101.464885     -0.17     1281.78
       1653        413.2             0.03               335.40    0.097187     -101.720428     -101.623241     -101.464883     -0.17     1270.29
       1654        413.5             0.04               333.64    0.096675     -101.720661     -101.623986     -101.464882     -0.16     1261.47
       1655        413.8             0.03               335.52    0.097221     -101.720964     -101.623743     -101.464881     -0.16     1255.44
       1656        414.0             0.03               333.54    0.096647     -101.721349     -101.624703     -101.464882     -0.16     1252.20
       1657        414.2             0.03               337.13    0.097687     -101.721811     -101.624124     -101.464884     -0.17     1251.76
       1658        414.5             0.03               337.78    0.097876     -101.722331     -101.624455     -101.464886     -0.17     1254.01
       1659        414.8             0.04               338.83    0.098182     -101.722872     -101.624691     -101.464889     -0.18     1258.80
       1660        415.0             0.04               339.24    0.098298     -101.723395     -101.625097     -101.464892     -0.18     1265.94
       1661        415.2             0.03               343.14    0.099428     -101.723855     -101.624427     -101.464894     -0.19     1275.17
       1662        415.5             0.04               345.99    0.100255     -101.724218     -101.623964     -101.464896     -0.19     1286.24
       1663        415.8             0.04               345.64    0.100153     -101.724457     -101.624304     -101.464896     -0.19     1298.80
       1664        416.0             0.04               345.16    0.100015     -101.724558     -101.624544     -101.464896     -0.19     1312.43
       1665        416.2             0.04               341.08    0.098833     -101.724528     -101.625695     -101.464895     -0.19     1326.73
       1666        416.5             0.03               340.21    0.098580     -101.724383     -101.625803     -101.464894     -0.19     1369.22
       1667        416.8             0.04               339.24    0.098301     -101.724147     -101.625846     -101.464893     -0.18     1438.85
       1668        417.0             0.04               338.08    0.097962     -101.723843     -101.625881     -101.464891     -0.18     1502.67
       1669        417.2             0.03               334.11    0.096812     -101.723495     -101.626683     -101.464890     -0.18     1560.38
       1670        417.5             0.04               330.59    0.095794     -101.723125     -101.627331     -101.464889     -0.18     1611.61
       1671        417.8             0.03               332.43    0.096325     -101.722755     -101.626430     -101.464888     -0.17     1656.41
       1672        418.0             0.04               329.86    0.095582     -101.722395     -101.626813     -101.464887     -0.17     1695.32
       1673        418.2             0.03               327.64    0.094939     -101.722062     -101.627122     -101.464886     -0.17     1728.38
       1674        418.5             0.04               328.00    0.095043     -101.721768     -101.626725     -101.464885     -0.17     1756.09
       1675        418.8             0.03               329.48    0.095471     -101.721525     -101.626054     -101.464885     -0.17     1789.89
       1676        419.0             0.03               325.25    0.094246     -101.721340     -101.627095     -101.464884     -0.17     1835.19
       1677        419.2             0.04               324.25    0.093955     -101.721226     -101.627270     -101.464884     -0.17     1879.18
       1678        419.5             0.03               324.87    0.094135     -101.721189     -101.627054     -101.464884     -0.17     1922.94
       1679        419.8             0.04               319.79    0.092664     -101.721231     -101.628567     -101.464884     -0.17     1967.38
       1680        420.0             0.04               318.40    0.092261     -101.721347     -101.629086     -101.464885     -0.17     2012.85
       1681        420.2             0.04               316.81    0.091800     -101.721529     -101.629728     -101.464886     -0.17     2062.88
       1682        420.5             0.04               315.85    0.091523     -101.721758     -101.630236     -101.464888     -0.17     2124.50
       1683        420.8             0.04               316.18    0.091619     -101.722015     -101.630396     -101.464890     -0.18     2189.23
       1684        421.0             0.04               316.06    0.091584     -101.722275     -101.630691     -101.464891     -0.18     2257.19
       1685        421.2             0.04               316.94    0.091838     -101.722516     -101.630678     -101.464892     -0.18     2328.07
       1686        421.5             0.04               318.92    0.092410     -101.722723     -101.630313     -101.464893     -0.18     2401.57
       1687        421.8             0.03               320.62    0.092903     -101.722886     -101.629983     -101.464893     -0.18     2477.17
       1688        422.0             0.04               321.03    0.093024     -101.723008     -101.629984     -101.464892     -0.18     2554.04
       1689        422.2             0.04               322.01    0.093305     -101.723104     -101.629798     -101.464890     -0.18     2631.04
       1690        422.5             0.04               323.92    0.093860     -101.723202     -101.629341     -101.464888     -0.17     2707.13
       1691        422.8             0.03               319.47    0.092571     -101.723333     -101.630763     -101.464886     -0.17     2794.63
       1692        423.0             0.04               315.26    0.091350     -101.723533     -101.632183     -101.464884     -0.17     2878.32
       1693        423.2             0.04               317.07    0.091876     -101.723833     -101.631957     -101.464883     -0.17     2956.71
       1694        423.5             0.04               318.77    0.092369     -101.724252     -101.631883     -101.464883     -0.17     3029.23
       1695        423.8             0.03               319.91    0.092699     -101.724791     -101.632092     -101.464884     -0.17     3094.62
       1696        424.0             0.03               319.59    0.092606     -101.725434     -101.632829     -101.464886     -0.17     3151.69
       1697        424.2             0.03               322.78    0.093531     -101.726154     -101.632623     -101.464889     -0.18     3199.36
       1698        424.5             0.04               325.39    0.094286     -101.726918     -101.632632     -101.464891     -0.18     3237.11
       1699        424.8             0.04               327.01    0.094756     -101.727689     -101.632934     -101.464893     -0.18     3264.32
       1700        425.0             0.03               327.48    0.094891     -101.728431     -101.633540     -101.464895     -0.19     3280.58
       1701        425.2             0.03               330.69    0.095821     -101.729117     -101.633296     -101.464897     -0.19     3285.74
       1702        425.5             0.04               336.37    0.097469     -101.729729     -101.632260     -101.464898     -0.19     3279.90
       1703        425.8             0.03               335.39    0.097184     -101.730254     -101.633069     -101.464899     -0.19     3263.28
       1704        426.0             0.03               335.35    0.097172     -101.730678     -101.633505     -101.464900     -0.20     3236.56
       1705        426.2             0.03               339.77    0.098454     -101.731001     -101.632547     -101.464901     -0.20     3200.42
       1706        426.5             0.03               344.31    0.099768     -101.731223     -101.631455     -101.464901     -0.20     3155.49
       1707        426.8             0.04               346.85    0.100503     -101.731340     -101.630837     -101.464901     -0.20     3102.79
       1708        427.0             0.03               351.35    0.101808     -101.731354     -101.629547     -101.464901     -0.20     3043.65
       1709        427.2             0.04               348.77    0.101062     -101.731272     -101.630211     -101.464900     -0.20     2979.21
       1710        427.5             0.03               344.83    0.099918     -101.731112     -101.631194     -101.464899     -0.19     2911.53
       1711        427.8             0.03               340.85    0.098765     -101.730903     -101.632137     -101.464897     -0.19     2842.21
       1712        428.0             0.03               340.72    0.098729     -101.730683     -101.631954     -101.464895     -0.19     2781.37
       1713        428.2             0.03               340.63    0.098703     -101.730489     -101.631786     -101.464893     -0.18     2790.88
       1714        428.5             0.04               345.91    0.100231     -101.730356     -101.630125     -101.464891     -0.18     2803.42
       1715        428.8             0.04               340.49    0.098660     -101.730309     -101.631649     -101.464890     -0.18     2819.95
       1716        429.0             0.03               338.59    0.098110     -101.730368     -101.632258     -101.464889     -0.18     2840.85
       1717        429.2             0.04               338.49    0.098082     -101.730541     -101.632459     -101.464890     -0.18     2866.60
       1718        429.5             0.04               338.12    0.097975     -101.730816     -101.632841     -101.464892     -0.18     2897.40
       1719        429.8             0.04               342.71    0.099303     -101.731171     -101.631867     -101.464894     -0.19     2933.08
       1720        430.0             0.04               346.10    0.100287     -101.731568     -101.631282     -101.464897     -0.19     2973.49
       1721        430.2             0.04               343.60    0.099563     -101.731962     -101.632399     -101.464900     -0.20     3017.90
       1722        430.5             0.04               346.73    0.100470     -101.732304     -101.631834     -101.464903     -0.20     3065.02
       1723        430.8             0.04               346.68    0.100454     -101.732561     -101.632107     -101.464904     -0.20     3114.15
       1724        431.0             0.04               343.25    0.099462     -101.732708     -101.633247     -101.464904     -0.20     3163.82
       1725        431.2             0.03               345.12    0.100003     -101.732744     -101.632741     -101.464903     -0.20     3212.46
       1726        431.5             0.03               343.80    0.099620     -101.732687     -101.633067     -101.464900     -0.20     3259.07
       1727        431.8             0.03               342.36    0.099203     -101.732575     -101.633372     -101.464897     -0.19     3302.05
       1728        432.0             0.03               340.18    0.098572     -101.732455     -101.633883     -101.464894     -0.18     3340.08
       1729        432.2             0.03               336.43    0.097486     -101.732383     -101.634896     -101.464891     -0.18     3371.87
       1730        432.5             0.04               333.40    0.096608     -101.732410     -101.635802     -101.464888     -0.18     3396.27
       1731        432.8             0.03               332.30    0.096287     -101.732577     -101.636290     -101.464887     -0.17     3412.38
       1732        433.0             0.04               332.34    0.096301     -101.732906     -101.636605     -101.464887     -0.17     3419.52
       1733        433.2             0.04               333.40    0.096608     -101.733396     -101.636788     -101.464889     -0.18     3417.18
       1734        433.5             0.03               337.25    0.097723     -101.734029     -101.636306     -101.464891     -0.18     3405.05
       1735        433.8             0.04               339.90    0.098491     -101.734772     -101.636281     -101.464893     -0.18     3382.98
       1736        434.0             0.04               343.67    0.099584     -101.735581     -101.635997     -101.464896     -0.19     3351.13
       1737        434.2             0.04               345.27    0.100046     -101.736412     -101.636366     -101.464899     -0.19     3309.79
       1738        434.5             0.03               345.91    0.100233     -101.737223     -101.636989     -101.464901     -0.20     3259.62
       1739        434.8             0.04               348.82    0.101074     -101.737982     -101.636908     -101.464902     -0.20     3201.45
       1740        435.0             0.04               355.15    0.102909     -101.738670     -101.635760     -101.464903     -0.20     3135.95
       1741        435.2             0.04               358.69    0.103935     -101.739274     -101.635339     -101.464904     -0.20     3063.80
       1742        435.5             0.04               360.05    0.104330     -101.739782     -101.635452     -101.464904     -0.20     2986.38
       1743        435.8             0.03               363.41    0.105304     -101.740193     -101.634889     -101.464904     -0.20     2905.13
       1744        436.0             0.04               358.68    0.103931     -101.740513     -101.636582     -101.464903     -0.20     2821.06
       1745        436.2             0.04               364.22    0.105538     -101.740754     -101.635216     -101.464902     -0.20     2736.37
       1746        436.5             0.04               365.75    0.105982     -101.740938     -101.634956     -101.464901     -0.20     2651.06
       1747        436.8             0.04               367.84    0.106586     -101.741084     -101.634498     -101.464899     -0.19     2566.76
       1748        437.0             0.04               371.51    0.107650     -101.741222     -101.633572     -101.464897     -0.19     2484.47
       1749        437.2             0.03               369.80    0.107154     -101.741381     -101.634226     -101.464895     -0.19     2404.90
       1750        437.5             0.03               366.26    0.106129     -101.741590     -101.635460     -101.464894     -0.19     2345.49
       1751        437.8             0.03               369.46    0.107057     -101.741878     -101.634821     -101.464893     -0.18     2367.33
       1752        438.0             0.03               364.62    0.105654     -101.742265     -101.636612     -101.464893     -0.18     2395.13
       1753        438.2             0.04               365.82    0.106000     -101.742752     -101.636752     -101.464894     -0.19     2428.24
       1754        438.5             0.04               370.45    0.107341     -101.743331     -101.635989     -101.464896     -0.19     2476.17
       1755        438.8             0.03               373.55    0.108241     -101.743973     -101.635732     -101.464899     -0.19     2530.69
       1756        439.0             0.03               376.12    0.108986     -101.744632     -101.635647     -101.464902     -0.20     2588.21
       1757        439.2             0.04               378.72    0.109740     -101.745255     -101.635515     -101.464906     -0.21     2647.47
       1758        439.5             0.04               381.30    0.110487     -101.745783     -101.635296     -101.464909     -0.21     2707.10
       1759        439.8             0.04               386.26    0.111925     -101.746167     -101.634241     -101.464912     -0.22     2765.70
       1760        440.0             0.04               382.10    0.110720     -101.746364     -101.635644     -101.464913     -0.22     2822.02
       1761        440.2             0.03               383.38    0.111089     -101.746355     -101.635265     -101.464913     -0.22     2874.02
       1762        440.5             0.03               384.66    0.111461     -101.746144     -101.634683     -101.464911     -0.21     2920.76
       1763        440.8             0.05               381.76    0.110621     -101.745758     -101.635138     -101.464908     -0.21     2961.04
       1764        441.0             0.04               381.00    0.110399     -101.745247     -101.634848     -101.464904     -0.20     2993.59
       1765        441.2             0.04               376.53    0.109104     -101.744673     -101.635569     -101.464899     -0.19     3028.37
       1766        441.5             0.04               372.13    0.107830     -101.744114     -101.636285     -101.464895     -0.19     3067.58
       1767        441.8             0.04               370.94    0.107483     -101.743644     -101.636160     -101.464891     -0.18     3097.40
       1768        442.0             0.03               368.61    0.106808     -101.743320     -101.636512     -101.464888     -0.17     3152.71
       1769        442.2             0.03               365.38    0.105873     -101.743184     -101.637312     -101.464887     -0.17     3217.83
       1770        442.5             0.04               364.03    0.105482     -101.743255     -101.637774     -101.464887     -0.17     3273.71
       1771        442.8             0.03               367.45    0.106473     -101.743526     -101.637054     -101.464889     -0.18     3320.52
       1772        443.0             0.04               367.85    0.106589     -101.743970     -101.637381     -101.464892     -0.18     3358.77
       1773        443.2             0.03               369.92    0.107190     -101.744538     -101.637348     -101.464895     -0.19     3388.71
       1774        443.5             0.04               373.59    0.108254     -101.745179     -101.636925     -101.464899     -0.19     3410.98
       1775        443.8             0.04               371.67    0.107696     -101.745837     -101.638141     -101.464903     -0.20     3426.33
       1776        444.0             0.03               372.62    0.107971     -101.746451     -101.638480     -101.464906     -0.21     3435.50
       1777        444.2             0.03               377.84    0.109484     -101.746980     -101.637496     -101.464908     -0.21     3439.43
       1778        444.5             0.04               379.62    0.110001     -101.747387     -101.637386     -101.464909     -0.21     3439.12
       1779        444.8             0.04               377.07    0.109260     -101.747641     -101.638381     -101.464910     -0.21     3435.52
       1780        445.0             0.03               376.96    0.109229     -101.747731     -101.638501     -101.464910     -0.21     3429.63
       1781        445.2             0.03               378.48    0.109668     -101.747659     -101.637991     -101.464909     -0.21     3422.35
       1782        445.5             0.04               374.79    0.108599     -101.747439     -101.638839     -101.464907     -0.21     3414.51
       1783        445.8             0.04               371.59    0.107674     -101.747099     -101.639425     -101.464905     -0.20     3406.86
       1784        446.0             0.04               368.87    0.106884     -101.746681     -101.639797     -101.464902     -0.20     3400.00
       1785        446.2             0.04               364.17    0.105524     -101.746235     -101.640711     -101.464898     -0.19     3459.76
       1786        446.5             0.03               362.95    0.105170     -101.745815     -101.640644     -101.464894     -0.19     3537.85
       1787        446.8             0.04               353.22    0.102350     -101.745468     -101.643118     -101.464892     -0.18     3613.66
       1788        447.0             0.03               351.17    0.101756     -101.745244     -101.643488     -101.464890     -0.18     3685.90
       1789        447.2             0.03               347.88    0.100804     -101.745171     -101.644367     -101.464889     -0.18     3754.95
       1790        447.5             0.03               348.86    0.101088     -101.745258     -101.644171     -101.464890     -0.18     3820.21
       1791        447.8             0.03               347.09    0.100573     -101.745494     -101.644921     -101.464893     -0.18     3881.63
       1792        448.0             0.03               350.16    0.101463     -101.745844     -101.644380     -101.464896     -0.19     3938.52
       1793        448.2             0.03               352.31    0.102085     -101.746255     -101.644170     -101.464901     -0.20     3990.86
       1794        448.5             0.03               345.62    0.100147     -101.746662     -101.646515     -101.464906     -0.21     4038.22
       1795        448.8             0.03               350.35    0.101518     -101.746991     -101.645473     -101.464910     -0.21     4079.70
       1796        449.0             0.03               348.58    0.101005     -101.747186     -101.646181     -101.464914     -0.22     4115.77
       1797        449.2             0.03               346.03    0.100266     -101.747190     -101.646923     -101.464917     -0.22     4145.92
       1798        449.5             0.03               348.40    0.100954     -101.746971     -101.646016     -101.464917     -0.23     4170.04
       1799        449.8             0.03               346.41    0.100376     -101.746517     -101.646141     -101.464917     -0.22     4188.24
       1800        450.0             0.03               344.79    0.099907     -101.745844     -101.645937     -101.464914     -0.22     4200.45
       1801        450.2             0.04               342.08    0.099123     -101.744992     -101.645869     -101.464911     -0.21     4206.74
       1802        450.5             0.04               341.15    0.098852     -101.744021     -101.645169     -101.464907     -0.21     4229.76
       1803        450.8             0.04               338.27    0.098017     -101.742998     -101.644980     -101.464903     -0.20     4322.49
       1804        451.0             0.03               338.37    0.098047     -101.741998     -101.643951     -101.464898     -0.19     4408.35
       1805        451.2             0.03               335.36    0.097176     -101.741083     -101.643907     -101.464895     -0.19     4487.59
       1806        451.5             0.04               330.34    0.095722     -101.740311     -101.644590     -101.464893     -0.18     4559.76
       1807        451.8             0.04               328.14    0.095082     -101.739720     -101.644638     -101.464893     -0.18     4624.65
       1808        452.0             0.03               324.99    0.094170     -101.739321     -101.645151     -101.464893     -0.18     4682.59
       1809        452.2             0.03               320.56    0.092887     -101.739108     -101.646221     -101.464895     -0.19     4733.60
       1810        452.5             0.03               318.42    0.092266     -101.739063     -101.646797     -101.464897     -0.19     4777.78
       1811        452.8             0.04               315.85    0.091523     -101.739156     -101.647633     -101.464900     -0.20     4815.54
       1812        453.0             0.04               313.43    0.090820     -101.739345     -101.648525     -101.464903     -0.20     4847.14
       1813        453.2             0.03               311.93    0.090387     -101.739589     -101.649202     -101.464906     -0.21     4872.93
       1814        453.5             0.04               311.67    0.090309     -101.739843     -101.649534     -101.464909     -0.21     4893.31
       1815        453.8             0.04               310.49    0.089968     -101.740069     -101.650101     -101.464911     -0.21     4908.70
       1816        454.0             0.04               310.85    0.090072     -101.740229     -101.650157     -101.464913     -0.22     4919.44
       1817        454.2             0.03               311.22    0.090180     -101.740298     -101.650118     -101.464914     -0.22     4925.94
       1818        454.5             0.03               313.31    0.090785     -101.740259     -101.649474     -101.464914     -0.22     4928.55
       1819        454.8             0.04               315.09    0.091302     -101.740106     -101.648803     -101.464913     -0.22     4927.61
       1820        455.0             0.04               315.19    0.091331     -101.739847     -101.648516     -101.464912     -0.22     4923.42
       1821        455.2             0.04               312.24    0.090476     -101.739507     -101.649031     -101.464909     -0.21     4916.26
       1822        455.5             0.03               311.17    0.090165     -101.739130     -101.648964     -101.464906     -0.21     4906.41
       1823        455.8             0.03               311.24    0.090185     -101.738762     -101.648577     -101.464903     -0.20     4903.88
       1824        456.0             0.04               308.40    0.089364     -101.738457     -101.649093     -101.464900     -0.19     4937.15
       1825        456.2             0.04               306.86    0.088918     -101.738267     -101.649349     -101.464897     -0.19     4967.08
       1826        456.5             0.03               305.80    0.088608     -101.738239     -101.649631     -101.464895     -0.19     4993.66
       1827        456.8             0.03               301.71    0.087425     -101.738404     -101.650980     -101.464894     -0.19     5016.83
       1828        457.0             0.03               301.61    0.087394     -101.738776     -101.651382     -101.464895     -0.19     5036.40
       1829        457.2             0.04               305.18    0.088429     -101.739349     -101.650920     -101.464897     -0.19     5052.43
       1830        457.5             0.05               304.95    0.088362     -101.740096     -101.651733     -101.464900     -0.20     5064.91
       1831        457.8             0.03               305.09    0.088405     -101.740960     -101.652556     -101.464904     -0.20     5073.72
       1832        458.0             0.04               311.39    0.090230     -101.741880     -101.651650     -101.464909     -0.21     5078.81
       1833        458.2             0.03               316.34    0.091662     -101.742790     -101.651128     -101.464914     -0.22     5080.20
       1834        458.5             0.04               318.00    0.092146     -101.743613     -101.651468     -101.464918     -0.23     5077.84
       1835        458.8             0.04               322.00    0.093304     -101.744282     -101.650978     -101.464921     -0.23     5071.76
       1836        459.0             0.04               322.67    0.093499     -101.744752     -101.651253     -101.464923     -0.23     5061.97
       1837        459.2             0.04               322.79    0.093532     -101.744997     -101.651465     -101.464923     -0.23     5048.57
       1838        459.5             0.04               320.88    0.092980     -101.745021     -101.652041     -101.464921     -0.23     5031.66
       1839        459.8             0.04               321.07    0.093035     -101.744850     -101.651815     -101.464919     -0.23     5011.40
       1840        460.0             0.03               318.40    0.092260     -101.744531     -101.652271     -101.464915     -0.22     4987.88
       1841        460.2             0.03               314.18    0.091038     -101.744121     -101.653083     -101.464911     -0.22     4961.37
       1842        460.5             0.03               313.86    0.090944     -101.743684     -101.652740     -101.464908     -0.21     4932.12
       1843        460.8             0.04               311.73    0.090329     -101.743277     -101.652948     -101.464905     -0.20     4900.16
       1844        461.0             0.04               313.52    0.090847     -101.742949     -101.652102     -101.464903     -0.20     4865.81
       1845        461.2             0.04               313.55    0.090855     -101.742733     -101.651878     -101.464901     -0.20     4829.09
       1846        461.5             0.04               313.73    0.090908     -101.742649     -101.651741     -101.464901     -0.20     4790.31
       1847        461.8             0.04               310.39    0.089939     -101.742704     -101.652765     -101.464901     -0.20     4749.70
       1848        462.0             0.04               311.79    0.090345     -101.742893     -101.652548     -101.464903     -0.20     4707.71
       1849        462.2             0.04               309.40    0.089652     -101.743196     -101.653544     -101.464904     -0.20     4731.01
       1850        462.5             0.04               314.70    0.091188     -101.743582     -101.652394     -101.464906     -0.21     4774.70
       1851        462.8             0.04               315.29    0.091360     -101.744017     -101.652657     -101.464909     -0.21     4815.33
       1852        463.0             0.04               318.10    0.092174     -101.744452     -101.652278     -101.464912     -0.22     4852.55
       1853        463.2             0.04               319.23    0.092501     -101.744845     -101.652344     -101.464914     -0.22     4886.47
       1854        463.5             0.04               326.48    0.094602     -101.745153     -101.650551     -101.464916     -0.22     4917.03
       1855        463.8             0.04               322.68    0.093500     -101.745347     -101.651847     -101.464917     -0.22     4944.56
       1856        464.0             0.03               327.36    0.094856     -101.745406     -101.650550     -101.464917     -0.22     4968.63
       1857        464.2             0.03               324.76    0.094105     -101.745333     -101.651228     -101.464915     -0.22     4989.65
       1858        464.5             0.04               322.95    0.093579     -101.745148     -101.651569     -101.464913     -0.22     5007.44
       1859        464.8             0.03               323.38    0.093704     -101.744888     -101.651184     -101.464911     -0.21     5133.08
       1860        465.0             0.03               320.11    0.092757     -101.744600     -101.651843     -101.464907     -0.21     5267.05
       1861        465.2             0.04               321.93    0.093284     -101.744340     -101.651056     -101.464904     -0.20     5397.59
       1862        465.5             0.04               319.54    0.092590     -101.744160     -101.651570     -101.464901     -0.20     5525.35
       1863        465.8             0.03               318.97    0.092425     -101.744107     -101.651682     -101.464898     -0.19     5649.03
       1864        466.0             0.04               321.83    0.093254     -101.744215     -101.650961     -101.464897     -0.19     5768.49
       1865        466.2             0.04               324.27    0.093962     -101.744500     -101.650538     -101.464898     -0.19     5883.84
       1866        466.5             0.03               324.54    0.094041     -101.744957     -101.650917     -101.464899     -0.19     5994.44
       1867        466.8             0.03               325.94    0.094446     -101.745564     -101.651118     -101.464901     -0.20     6099.40
       1868        467.0             0.04               326.24    0.094533     -101.746284     -101.651751     -101.464904     -0.20     6198.42
       1869        467.2             0.04               325.50    0.094319     -101.747069     -101.652751     -101.464907     -0.21     6301.50
       1870        467.5             0.04               329.09    0.095359     -101.747869     -101.652511     -101.464910     -0.21     6413.73
       1871        467.8             0.03               330.81    0.095858     -101.748638     -101.652781     -101.464913     -0.22     6519.20
       1872        468.0             0.04               334.41    0.096899     -101.749328     -101.652429     -101.464915     -0.22     6617.41
       1873        468.2             0.04               337.37    0.097757     -101.749903     -101.652146     -101.464917     -0.22     6730.70
       1874        468.5             0.03               335.74    0.097285     -101.750338     -101.653052     -101.464917     -0.23     6861.37
       1875        468.8             0.04               334.75    0.096998     -101.750624     -101.653626     -101.464917     -0.22     6982.43
       1876        469.0             0.04               331.63    0.096094     -101.750773     -101.654678     -101.464915     -0.22     7092.93
       1877        469.2             0.03               331.90    0.096173     -101.750810     -101.654637     -101.464914     -0.22     7191.52
       1878        469.5             0.03               327.76    0.094974     -101.750767     -101.655794     -101.464911     -0.22     7277.82
       1879        469.8             0.04               329.15    0.095377     -101.750680     -101.655303     -101.464909     -0.21     7350.48
       1880        470.0             0.04               331.78    0.096136     -101.750579     -101.654443     -101.464908     -0.21     7409.48
       1881        470.2             0.03               337.78    0.097877     -101.750492     -101.652614     -101.464906     -0.21     7454.34
       1882        470.5             0.04               336.95    0.097636     -101.750431     -101.652795     -101.464906     -0.21     7484.83
       1883        470.8             0.03               336.09    0.097387     -101.750407     -101.653020     -101.464905     -0.20     7500.36
       1884        471.0             0.03               338.61    0.098116     -101.750427     -101.652311     -101.464905     -0.20     7500.91
       1885        471.2             0.03               339.95    0.098505     -101.750490     -101.651985     -101.464906     -0.21     7486.60
       1886        471.5             0.04               342.68    0.099297     -101.750589     -101.651291     -101.464906     -0.21     7457.71
       1887        471.8             0.04               342.15    0.099142     -101.750711     -101.651569     -101.464907     -0.21     7414.65
       1888        472.0             0.04               340.22    0.098584     -101.750841     -101.652258     -101.464908     -0.21     7358.24
       1889        472.2             0.04               338.72    0.098147     -101.750962     -101.652815     -101.464910     -0.21     7289.43
       1890        472.5             0.04               338.81    0.098176     -101.751056     -101.652880     -101.464911     -0.21     7209.12
       1891        472.8             0.03               338.16    0.097986     -101.751105     -101.653119     -101.464912     -0.22     7118.18
       1892        473.0             0.04               335.56    0.097233     -101.751094     -101.653861     -101.464912     -0.22     7017.80
       1893        473.2             0.04               334.73    0.096994     -101.751018     -101.654024     -101.464912     -0.22     6909.41
       1894        473.5             0.04               334.41    0.096901     -101.750880     -101.653979     -101.464912     -0.22     6793.87
       1895        473.8             0.04               334.00    0.096781     -101.750693     -101.653912     -101.464910     -0.21     6672.16
       1896        474.0             0.03               332.59    0.096372     -101.750479     -101.654108     -101.464908     -0.21     6545.30
       1897        474.2             0.03               339.28    0.098310     -101.750270     -101.651961     -101.464906     -0.21     6414.35
       1898        474.5             0.03               339.10    0.098259     -101.750094     -101.651835     -101.464904     -0.20     6283.91
       1899        474.8             0.03               342.79    0.099329     -101.749983     -101.650655     -101.464902     -0.20     6148.28
       1900        475.0             0.03               345.54    0.100126     -101.749964     -101.649839     -101.464901     -0.20     6002.40
       1901        475.2             0.04               345.87    0.100220     -101.750054     -101.649834     -101.464901     -0.20     5851.70
       1902        475.5             0.04               348.25    0.100911     -101.750257     -101.649346     -101.464902     -0.20     5703.68
       1903        475.8             0.03               346.60    0.100432     -101.750566     -101.650135     -101.464903     -0.20     5552.44
       1904        476.0             0.04               344.71    0.099885     -101.750961     -101.651077     -101.464905     -0.20     5398.47
       1905        476.2             0.04               345.16    0.100015     -101.751415     -101.651400     -101.464907     -0.21     5241.29
       1906        476.5             0.04               348.03    0.100845     -101.751900     -101.651055     -101.464910     -0.21     5079.74
       1907        476.8             0.04               351.01    0.101709     -101.752385     -101.650676     -101.464911     -0.22     4912.55
       1908        477.0             0.03               352.46    0.102129     -101.752846     -101.650717     -101.464913     -0.22     4822.79
       1909        477.2             0.03               352.70    0.102199     -101.753267     -101.651068     -101.464913     -0.22     4728.35
       1910        477.5             0.04               351.24    0.101776     -101.753645     -101.651868     -101.464913     -0.22     4625.44
       1911        477.8             0.03               355.70    0.103070     -101.753988     -101.650919     -101.464912     -0.22     4513.33
       1912        478.0             0.03               359.76    0.104246     -101.754318     -101.650071     -101.464911     -0.21     4390.20
       1913        478.2             0.04               357.89    0.103703     -101.754649     -101.650946     -101.464910     -0.21     4255.44
       1914        478.5             0.04               359.03    0.104034     -101.754999     -101.650965     -101.464909     -0.21     4109.67
       1915        478.8             0.04               355.46    0.103001     -101.755384     -101.652384     -101.464909     -0.21     3952.08
       1916        479.0             0.04               356.54    0.103311     -101.755811     -101.652499     -101.464909     -0.21     3783.73
       1917        479.2             0.04               354.79    0.102804     -101.756280     -101.653476     -101.464910     -0.21     3603.80
       1918        479.5             0.04               355.68    0.103064     -101.756782     -101.653718     -101.464911     -0.22     3413.50
       1919        479.8             0.03               357.27    0.103524     -101.757306     -101.653782     -101.464913     -0.22     3212.80
       1920        480.0             0.04               358.20    0.103793     -101.757835     -101.654043     -101.464914     -0.22     3002.37
       1921        480.2             0.04               361.71    0.104810     -101.758356     -101.653546     -101.464915     -0.22     2783.47
       1922        480.5             0.04               363.99    0.105471     -101.758857     -101.653387     -101.464915     -0.22     2556.49
       1923        480.8             0.04               369.06    0.106941     -101.759328     -101.652387     -101.464915     -0.22     2392.80
       1924        481.0             0.04               374.71    0.108576     -101.759760     -101.651184     -101.464915     -0.22     2251.07
       1925        481.2             0.04               377.32    0.109333     -101.760142     -101.650809     -101.464916     -0.22     2105.28
       1926        481.5             0.03               375.12    0.108695     -101.760462     -101.651767     -101.464916     -0.22     1957.26
       1927        481.8             0.04               374.22    0.108435     -101.760706     -101.652272     -101.464916     -0.22     1879.30
       1928        482.0             0.04               374.97    0.108653     -101.760868     -101.652215     -101.464916     -0.22     1850.41
       1929        482.2             0.04               373.11    0.108114     -101.760941     -101.652827     -101.464916     -0.22     1833.09
       1930        482.5             0.04               376.09    0.108977     -101.760921     -101.651944     -101.464916     -0.22     1817.73
       1931        482.8             0.03               375.66    0.108851     -101.760813     -101.651962     -101.464915     -0.22     1805.18
       1932        483.0             0.03               370.79    0.107440     -101.760624     -101.653184     -101.464914     -0.22     1807.29
       1933        483.2             0.04               369.07    0.106944     -101.760377     -101.653433     -101.464912     -0.22     1825.49
       1934        483.5             0.04               372.56    0.107954     -101.760095     -101.652141     -101.464911     -0.21     1842.26
       1935        483.8             0.04               371.33    0.107598     -101.759803     -101.652205     -101.464909     -0.21     1857.63
       1936        484.0             0.04               373.62    0.108262     -101.759526     -101.651264     -101.464907     -0.21     1871.42
       1937        484.2             0.04               367.39    0.106457     -101.759287     -101.652830     -101.464906     -0.21     1883.63
       1938        484.5             0.04               369.12    0.106957     -101.759107     -101.652150     -101.464905     -0.20     1894.09
       1939        484.8             0.03               364.61    0.105651     -101.758998     -101.653346     -101.464905     -0.20     1902.86
       1940        485.0             0.03               366.63    0.106236     -101.758958     -101.652722     -101.464906     -0.21     1909.87
       1941        485.2             0.04               360.23    0.104383     -101.758978     -101.654595     -101.464908     -0.21     1915.86
       1942        485.5             0.03               358.38    0.103845     -101.759041     -101.655196     -101.464909     -0.21     1943.80
       1943        485.8             0.03               360.60    0.104490     -101.759124     -101.654634     -101.464912     -0.22     1971.50
       1944        486.0             0.03               357.55    0.103606     -101.759196     -101.655590     -101.464914     -0.22     1998.00
       1945        486.2             0.04               359.39    0.104139     -101.759229     -101.655090     -101.464915     -0.22     2021.98
       1946        486.5             0.03               355.19    0.102922     -101.759198     -101.656276     -101.464916     -0.22     2042.55
       1947        486.8             0.04               355.31    0.102957     -101.759090     -101.656133     -101.464917     -0.22     2058.56
       1948        487.0             0.04               348.18    0.100889     -101.758902     -101.658013     -101.464916     -0.22     2069.22
       1949        487.2             0.03               346.80    0.100489     -101.758646     -101.658157     -101.464915     -0.22     2073.68
       1950        487.5             0.03               347.76    0.100768     -101.758344     -101.657576     -101.464913     -0.22     2071.38
       1951        487.8             0.03               339.12    0.098263     -101.758020     -101.659757     -101.464912     -0.22     2061.79
       1952        488.0             0.04               333.38    0.096600     -101.757711     -101.661110     -101.464910     -0.21     2044.74
       1953        488.2             0.03               332.46    0.096334     -101.757446     -101.661112     -101.464909     -0.21     2020.06
       1954        488.5             0.04               332.45    0.096331     -101.757246     -101.660915     -101.464908     -0.21     1987.56
       1955        488.8             0.04               332.51    0.096349     -101.757121     -101.660772     -101.464908     -0.21     1947.37
       1956        489.0             0.03               333.45    0.096623     -101.757070     -101.660447     -101.464909     -0.21     1899.78
       1957        489.2             0.04               336.26    0.097435     -101.757090     -101.659655     -101.464909     -0.21     1845.20
       1958        489.5             0.03               335.42    0.097193     -101.757170     -101.659977     -101.464910     -0.21     1784.08
       1959        489.8             0.04               332.74    0.096417     -101.757298     -101.660880     -101.464911     -0.21     1717.49
       1960        490.0             0.03               336.28    0.097441     -101.757460     -101.660019     -101.464911     -0.22     1678.86
       1961        490.2             0.04               340.42    0.098640     -101.757643     -101.659003     -101.464913     -0.22     1647.37
       1962        490.5             0.03               341.28    0.098890     -101.757828     -101.658938     -101.464914     -0.22     1613.60
       1963        490.8             0.03               341.96    0.099087     -101.757992     -101.658905     -101.464916     -0.22     1577.67
       1964        491.0             0.03               343.03    0.099398     -101.758115     -101.658717     -101.464917     -0.22     1539.58
       1965        491.2             0.03               340.10    0.098549     -101.758180     -101.659631     -101.464918     -0.23     1499.31
       1966        491.5             0.03               338.29    0.098024     -101.758175     -101.660151     -101.464919     -0.23     1457.08
       1967        491.8             0.03               340.25    0.098593     -101.758094     -101.659501     -101.464919     -0.23     1412.86
       1968        492.0             0.04               340.17    0.098568     -101.757937     -101.659370     -101.464919     -0.23     1366.40
       1969        492.2             0.03               338.80    0.098171     -101.757714     -101.659542     -101.464918     -0.23     1317.88
       1970        492.5             0.03               340.41    0.098639     -101.757438     -101.658799     -101.464917     -0.22     1267.42
       1971        492.8             0.03               341.74    0.099023     -101.757131     -101.658109     -101.464915     -0.22     1214.86
       1972        493.0             0.03               339.31    0.098320     -101.756815     -101.658495     -101.464914     -0.22     1160.30
       1973        493.2             0.03               340.02    0.098524     -101.756513     -101.657989     -101.464913     -0.22     1104.12
       1974        493.5             0.03               338.59    0.098111     -101.756245     -101.658134     -101.464912     -0.22     1046.17
       1975        493.8             0.04               336.78    0.097588     -101.756025     -101.658438     -101.464911     -0.22      986.78
       1976        494.0             0.03               334.66    0.096973     -101.755864     -101.658891     -101.464911     -0.22      926.13
       1977        494.2             0.03               332.09    0.096227     -101.755762     -101.659535     -101.464912     -0.22      864.42
       1978        494.5             0.03               330.97    0.095902     -101.755712     -101.659810     -101.464913     -0.22      801.86
       1979        494.8             0.03               330.60    0.095796     -101.755701     -101.659905     -101.464915     -0.22      738.52
       1980        495.0             0.03               327.55    0.094913     -101.755706     -101.660793     -101.464917     -0.22      674.50
       1981        495.2             0.03               328.85    0.095288     -101.755701     -101.660413     -101.464918     -0.23      610.26
       1982        495.5             0.03               328.72    0.095252     -101.755658     -101.660406     -101.464920     -0.23      545.55
       1983        495.8             0.03               333.30    0.096578     -101.755551     -101.658973     -101.464922     -0.23      480.69
       1984        496.0             0.03               332.79    0.096431     -101.755355     -101.658924     -101.464923     -0.23      415.39
       1985        496.2             0.03               334.32    0.096874     -101.755057     -101.658183     -101.464923     -0.23      350.31
       1986        496.5             0.03               334.91    0.097045     -101.754656     -101.657612     -101.464922     -0.23      285.42
       1987        496.8             0.03               336.25    0.097434     -101.754164     -101.656730     -101.464921     -0.23      234.72
       1988        497.0             0.03               332.38    0.096312     -101.753603     -101.657292     -101.464919     -0.23      190.97
       1989        497.2             0.03               331.11    0.095942     -101.753012     -101.657070     -101.464917     -0.22      147.82
       1990        497.5             0.04               329.04    0.095342     -101.752425     -101.657083     -101.464915     -0.22      105.14
       1991        497.8             0.03               327.03    0.094760     -101.751878     -101.657117     -101.464913     -0.22       63.02
       1992        498.0             0.03               325.19    0.094227     -101.751399     -101.657172     -101.464912     -0.22       21.47
       1993        498.2             0.04               327.06    0.094770     -101.751010     -101.656240     -101.464911     -0.21        0.00
       1994        498.5             0.04               326.23    0.094530     -101.750720     -101.656190     -101.464911     -0.21        0.00
       1995        498.8             0.04               328.31    0.095133     -101.750536     -101.655403     -101.464911     -0.21        0.00
       1996        499.0             0.04               328.02    0.095047     -101.750453     -101.655406     -101.464912     -0.22        0.00
       1997        499.2             0.04               327.24    0.094821     -101.750465     -101.655643     -101.464912     -0.22        0.00
       1998        499.5             0.04               328.14    0.095083     -101.750557     -101.655474     -101.464914     -0.22        0.00
       1999        499.8             0.04               328.53    0.095195     -101.750708     -101.655513     -101.464915     -0.22        0.00
       2000        500.0             0.04               329.46    0.095464     -101.750893     -101.655429     -101.464917     -0.22        0.00
       2001        500.2             0.04               328.50    0.095186     -101.751083     -101.655897     -101.464919     -0.23        0.00
       2002        500.5             0.04               327.24    0.094823     -101.751251     -101.656428     -101.464920     -0.23        0.00
       2003        500.8             0.04               328.67    0.095237     -101.751374     -101.656137     -101.464921     -0.23        0.00
       2004        501.0             0.04               325.45    0.094302     -101.751435     -101.657133     -101.464922     -0.23        0.00
       2005        501.2             0.03               322.52    0.093454     -101.751428     -101.657974     -101.464922     -0.23        0.00
       2006        501.5             0.03               320.77    0.092948     -101.751359     -101.658411     -101.464921     -0.23        0.00
       2007        501.8             0.03               319.59    0.092605     -101.751241     -101.658636     -101.464920     -0.23        0.00
       2008        502.0             0.04               317.95    0.092130     -101.751094     -101.658964     -101.464918     -0.23        0.00
       2009        502.2             0.04               318.65    0.092334     -101.750943     -101.658608     -101.464917     -0.22        0.00
       2010        502.5             0.03               316.43    0.091690     -101.750808     -101.659118     -101.464916     -0.22        0.00
       2011        502.8             0.03               314.05    0.091001     -101.750713     -101.659712     -101.464914     -0.22        0.00
       2012        503.0             0.03               309.39    0.089650     -101.750677     -101.661027     -101.464914     -0.22        0.00
       2013        503.2             0.04               307.18    0.089010     -101.750715     -101.661705     -101.464913     -0.22        0.00
       2014        503.5             0.04               305.68    0.088574     -101.750835     -101.662262     -101.464914     -0.22        0.00
       2015        503.8             0.03               306.77    0.088889     -101.751038     -101.662149     -101.464914     -0.22        0.00
       2016        504.0             0.03               311.83    0.090358     -101.751315     -101.660957     -101.464915     -0.22        0.00
       2017        504.2             0.03               309.20    0.089595     -101.751650     -101.662055     -101.464917     -0.23        0.00
       2018        504.5             0.03               311.04    0.090127     -101.752016     -101.661889     -101.464919     -0.23        0.00
       2019        504.8             0.04               313.18    0.090749     -101.752390     -101.661641     -101.464921     -0.23        0.00
       2020        505.0             0.04               313.62    0.090877     -101.752743     -101.661866     -101.464923     -0.23        0.00
       2021        505.2             0.04               315.72    0.091484     -101.753044     -101.661560     -101.464925     -0.24        0.00
       2022        505.5             0.03               314.67    0.091179     -101.753268     -101.662089     -101.464926     -0.24        0.00
       2023        505.8             0.04               311.16    0.090162     -101.753391     -101.663230     -101.464927     -0.24        0.00
       2024        506.0             0.04               309.18    0.089589     -101.753403     -101.663814     -101.464927     -0.24        0.00
       2025        506.2             0.03               305.41    0.088497     -101.753303     -101.664807     -101.464927     -0.24        0.00
       2026        506.5             0.04               304.92    0.088355     -101.753100     -101.664745     -101.464926     -0.24        0.00
       2027        506.8             0.04               303.57    0.087964     -101.752809     -101.664845     -101.464925     -0.24        0.00
       2028        507.0             0.03               299.78    0.086865     -101.752450     -101.665585     -101.464923     -0.24        0.00
       2029        507.2             0.03               298.73    0.086561     -101.752056     -101.665495     -101.464921     -0.23        0.00
       2030        507.5             0.03               300.59    0.087099     -101.751656     -101.664557     -101.464919     -0.23        0.00
       2031        507.8             0.03               295.83    0.085719     -101.751280     -101.665561     -101.464917     -0.22       12.38
       2032        508.0             0.03               293.01    0.084903     -101.750962     -101.666059     -101.464915     -0.22       31.93
       2033        508.2             0.03               293.48    0.085041     -101.750727     -101.665686     -101.464914     -0.22       52.30
       2034        508.5             0.04               289.89    0.084000     -101.750591     -101.666592     -101.464914     -0.22       73.56
       2035        508.8             0.03               288.73    0.083663     -101.750559     -101.666896     -101.464915     -0.22       95.56
       2036        509.0             0.03               285.51    0.082731     -101.750625     -101.667894     -101.464916     -0.22      118.33
       2037        509.2             0.04               283.06    0.082021     -101.750768     -101.668748     -101.464918     -0.23      141.75
       2038        509.5             0.03               282.53    0.081868     -101.750966     -101.669098     -101.464920     -0.23      189.45
       2039        509.8             0.03               283.57    0.082167     -101.751189     -101.669022     -101.464922     -0.23      245.24
       2040        510.0             0.03               281.24    0.081493     -101.751410     -101.669917     -101.464923     -0.24      303.72
       2041        510.2             0.05               277.88    0.080520     -101.751604     -101.671084     -101.464924     -0.24      364.47
       2042        510.5             0.04               277.02    0.080269     -101.751761     -101.671491     -101.464924     -0.24      427.27
       2043        510.8             0.04               277.34    0.080362     -101.751878     -101.671516     -101.464924     -0.24      492.26
       2044        511.0             0.04               277.46    0.080399     -101.751962     -101.671563     -101.464923     -0.24      559.39
       2045        511.2             0.04               277.94    0.080538     -101.752023     -101.671486     -101.464922     -0.23      628.43
       2046        511.5             0.03               277.88    0.080519     -101.752079     -101.671560     -101.464921     -0.23      699.17
       2047        511.8             0.03               278.45    0.080684     -101.752146     -101.671463     -101.464920     -0.23      771.25
       2048        512.0             0.03               276.56    0.080136     -101.752243     -101.672106     -101.464919     -0.23      844.42
       2049        512.2             0.04               281.35    0.081524     -101.752383     -101.670858     -101.464919     -0.23      918.00
       2050        512.5             0.03               282.51    0.081861     -101.752578     -101.670717     -101.464919     -0.23      992.48
       2051        512.8             0.03               284.37    0.082399     -101.752832     -101.670432     -101.464919     -0.23     1067.00
       2052        513.0             0.03               284.09    0.082319     -101.753147     -101.670828     -101.464919     -0.23     1141.23
       2053        513.2             0.04               282.63    0.081897     -101.753521     -101.671625     -101.464919     -0.23     1245.52
       2054        513.5             0.04               280.23    0.081202     -101.753952     -101.672751     -101.464920     -0.23     1350.06
       2055        513.8             0.04               281.27    0.081501     -101.754435     -101.672934     -101.464921     -0.23     1452.02
       2056        514.0             0.03               280.25    0.081206     -101.754962     -101.673756     -101.464922     -0.23     1551.07
       2057        514.2             0.03               286.23    0.082938     -101.755519     -101.672581     -101.464923     -0.24     1645.97
       2058        514.5             0.03               286.58    0.083041     -101.756092     -101.673051     -101.464925     -0.24     1737.07
       2059        514.8             0.04               291.95    0.084597     -101.756652     -101.672055     -101.464927     -0.24     1822.73
       2060        515.0             0.03               296.90    0.086031     -101.757181     -101.671150     -101.464928     -0.24     1903.04
       2061        515.2             0.03               298.92    0.086617     -101.757652     -101.671035     -101.464930     -0.25     1977.40
       2062        515.5             0.03               298.86    0.086598     -101.758044     -101.671445     -101.464931     -0.25     2045.03
       2063        515.8             0.03               296.13    0.085806     -101.758340     -101.672534     -101.464932     -0.25     2105.45
       2064        516.0             0.03               298.08    0.086372     -101.758538     -101.672166     -101.464931     -0.25     2158.30
       2065        516.2             0.04               294.27    0.085268     -101.758639     -101.673371     -101.464931     -0.25     2204.02
       2066        516.5             0.04               294.30    0.085278     -101.758656     -101.673377     -101.464930     -0.25     2242.33
       2067        516.8             0.04               294.54    0.085347     -101.758607     -101.673260     -101.464928     -0.24     2273.75
       2068        517.0             0.03               298.20    0.086409     -101.758517     -101.672108     -101.464926     -0.24     2298.67
       2069        517.2             0.04               300.81    0.087163     -101.758410     -101.671247     -101.464924     -0.24     2317.69
       2070        517.5             0.04               300.52    0.087080     -101.758314     -101.671234     -101.464922     -0.23     2331.30
       2071        517.8             0.04               299.94    0.086911     -101.758254     -101.671343     -101.464921     -0.23     2340.09
       2072        518.0             0.04               302.26    0.087584     -101.758251     -101.670666     -101.464921     -0.23     2344.76
       2073        518.2             0.04               305.96    0.088655     -101.758310     -101.669655     -101.464921     -0.23     2346.08
       2074        518.5             0.03               309.21    0.089596     -101.758424     -101.668828     -101.464922     -0.23     2344.80
       2075        518.8             0.03               311.88    0.090372     -101.758575     -101.668202     -101.464924     -0.24     2341.68
       2076        519.0             0.04               313.48    0.090835     -101.758735     -101.667900     -101.464925     -0.24     2337.44
       2077        519.2             0.04               315.34    0.091374     -101.758879     -101.667505     -101.464927     -0.24     2332.75
       2078        519.5             0.03               314.76    0.091205     -101.758984     -101.667779     -101.464928     -0.24     2328.19
       2079        519.8             0.03               315.95    0.091551     -101.759037     -101.667486     -101.464928     -0.24     2324.26
       2080        520.0             0.03               313.56    0.090859     -101.759031     -101.668173     -101.464928     -0.24     2321.26
       2081        520.2             0.03               313.72    0.090905     -101.758972     -101.668067     -101.464927     -0.24     2319.42
       2082        520.5             0.03               313.12    0.090731     -101.758868     -101.668137     -101.464926     -0.24     2318.76
       2083        520.8             0.03               313.11    0.090728     -101.758736     -101.668008     -101.464925     -0.24     2319.15
       2084        521.0             0.04               311.94    0.090390     -101.758592     -101.668202     -101.464924     -0.24     2320.33
       2085        521.2             0.03               308.40    0.089363     -101.758454     -101.669090     -101.464923     -0.24     2321.87
       2086        521.5             0.03               309.28    0.089618     -101.758338     -101.668720     -101.464922     -0.23     2323.20
       2087        521.8             0.04               309.99    0.089823     -101.758256     -101.668433     -101.464922     -0.23     2323.69
       2088        522.0             0.03               306.95    0.088942     -101.758218     -101.669276     -101.464922     -0.23     2322.61
       2089        522.2             0.04               307.75    0.089175     -101.758233     -101.669058     -101.464921     -0.23     2319.18
       2090        522.5             0.03               304.13    0.088125     -101.758308     -101.670183     -101.464921     -0.23     2312.59
       2091        522.8             0.04               304.03    0.088097     -101.758447     -101.670350     -101.464921     -0.23     2302.12
       2092        523.0             0.03               305.31    0.088467     -101.758657     -101.670190     -101.464921     -0.23     2286.98
       2093        523.2             0.03               310.21    0.089886     -101.758938     -101.669052     -101.464922     -0.23     2266.46
       2094        523.5             0.03               308.77    0.089469     -101.759290     -101.669820     -101.464922     -0.23     2239.82
       2095        523.8             0.04               311.52    0.090266     -101.759700     -101.669433     -101.464924     -0.24     2206.83
       2096        524.0             0.03               314.43    0.091110     -101.760160     -101.669050     -101.464925     -0.24     2166.91
       2097        524.2             0.03               317.31    0.091944     -101.760652     -101.668707     -101.464927     -0.24     2119.79
       2098        524.5             0.04               318.77    0.092366     -101.761150     -101.668784     -101.464929     -0.25     2065.35
       2099        524.8             0.03               321.24    0.093083     -101.761626     -101.668543     -101.464931     -0.25     2003.73
       2100        525.0             0.03               322.91    0.093567     -101.762049     -101.668481     -101.464933     -0.25     1935.01
       2101        525.2             0.03               323.68    0.093791     -101.762386     -101.668595     -101.464935     -0.26     1859.54
       2102        525.5             0.04               325.67    0.094367     -101.762610     -101.668243     -101.464936     -0.26     1777.85
       2103        525.8             0.03               324.45    0.094013     -101.762703     -101.668690     -101.464937     -0.26     1690.29
       2104        526.0             0.03               321.14    0.093055     -101.762657     -101.669601     -101.464936     -0.26     1597.93
       2105        526.2             0.04               320.64    0.092910     -101.762485     -101.669575     -101.464935     -0.26     1501.80
       2106        526.5             0.04               319.50    0.092578     -101.762212     -101.669633     -101.464932     -0.25     1402.29
       2107        526.8             0.04               318.03    0.092153     -101.761874     -101.669721     -101.464930     -0.25     1300.38
       2108        527.0             0.03               317.99    0.092143     -101.761513     -101.669370     -101.464927     -0.24     1197.07
       2109        527.2             0.04               319.06    0.092453     -101.761168     -101.668716     -101.464925     -0.24     1093.10
       2110        527.5             0.04               319.64    0.092620     -101.760871     -101.668251     -101.464924     -0.24      989.31
       2111        527.8             0.03               320.77    0.092949     -101.760641     -101.667693     -101.464923     -0.24      886.76
       2112        528.0             0.03               317.81    0.092088     -101.760483     -101.668394     -101.464924     -0.24      786.32
       2113        528.2             0.04               313.53    0.090851     -101.760389     -101.669538     -101.464925     -0.24      706.65
       2114        528.5             0.04               312.21    0.090466     -101.760344     -101.669878     -101.464927     -0.24      634.18
       2115        528.8             0.03               312.25    0.090478     -101.760327     -101.669849     -101.464928     -0.24      565.41
       2116        529.0             0.03               313.52    0.090846     -101.760313     -101.669467     -101.464929     -0.25      500.66
       2117        529.2             0.04               316.38    0.091677     -101.760281     -101.668604     -101.464930     -0.25      440.11
       2118        529.5             0.04               314.89    0.091242     -101.760211     -101.668969     -101.464931     -0.25      383.76
       2119        529.8             0.03               314.33    0.091081     -101.760097     -101.669015     -101.464931     -0.25      331.98
       2120        530.0             0.03               315.48    0.091415     -101.759936     -101.668521     -101.464931     -0.25      284.51
       2121        530.2             0.03               315.79    0.091505     -101.759733     -101.668228     -101.464930     -0.25      240.89
       2122        530.5             0.03               310.97    0.090106     -101.759495     -101.669389     -101.464929     -0.25      214.49
       2123        530.8             0.03               312.32    0.090499     -101.759236     -101.668737     -101.464928     -0.24      224.54
       2124        531.0             0.03               311.75    0.090334     -101.758965     -101.668632     -101.464928     -0.24      235.61
       2125        531.2             0.04               313.02    0.090702     -101.758693     -101.667991     -101.464927     -0.24      247.01
       2126        531.5             0.03               312.12    0.090440     -101.758430     -101.667990     -101.464927     -0.24      258.05
       2127        531.8             0.03               313.71    0.090901     -101.758188     -101.667287     -101.464926     -0.24      268.00
       2128        532.0             0.04               313.35    0.090798     -101.757976     -101.667177     -101.464926     -0.24      276.21
       2129        532.2             0.04               316.05    0.091579     -101.757807     -101.666228     -101.464925     -0.24      281.99
       2130        532.5             0.04               310.73    0.090039     -101.757694     -101.667654     -101.464925     -0.24      284.79
       2131        532.8             0.03               311.86    0.090365     -101.757651     -101.667286     -101.464924     -0.24      284.05
       2132        533.0             0.03               311.68    0.090312     -101.757690     -101.667378     -101.464924     -0.24      279.35
       2133        533.2             0.03               314.78    0.091212     -101.757816     -101.666604     -101.464924     -0.24      270.37
       2134        533.5             0.04               319.82    0.092672     -101.758027     -101.665355     -101.464925     -0.24      256.83
       2135        533.8             0.05               320.41    0.092842     -101.758315     -101.665474     -101.464926     -0.24      238.54
       2136        534.0             0.04               325.50    0.094318     -101.758659     -101.664341     -101.464928     -0.24      215.61
       2137        534.2             0.04               330.68    0.095820     -101.759035     -101.663215     -101.464930     -0.25      187.97
       2138        534.5             0.03               335.23    0.097138     -101.759410     -101.662272     -101.464933     -0.25      155.80
       2139        534.8             0.03               340.70    0.098723     -101.759748     -101.661025     -101.464935     -0.26      119.42
       2140        535.0             0.03               340.21    0.098581     -101.760017     -101.661437     -101.464936     -0.26       79.15
       2141        535.2             0.04               343.08    0.099411     -101.760195     -101.660784     -101.464937     -0.26       35.83
       2142        535.5             0.04               343.03    0.099397     -101.760275     -101.660878     -101.464936     -0.26        0.00
       2143        535.8             0.03               342.75    0.099318     -101.760262     -101.660944     -101.464935     -0.26        0.00
       2144        536.0             0.04               341.97    0.099090     -101.760177     -101.661086     -101.464933     -0.25        0.00
       2145        536.2             0.04               339.88    0.098484     -101.760049     -101.661565     -101.464931     -0.25        0.00
       2146        536.5             0.03               339.21    0.098291     -101.759910     -101.661619     -101.464929     -0.25        0.00
       2147        536.8             0.04               335.01    0.097073     -101.759786     -101.662713     -101.464928     -0.24        0.00
       2148        537.0             0.03               337.46    0.097782     -101.759697     -101.661915     -101.464928     -0.24        0.00
       2149        537.2             0.03               339.70    0.098431     -101.759649     -101.661218     -101.464929     -0.25        0.00
       2150        537.5             0.03               341.59    0.098981     -101.759635     -101.660654     -101.464930     -0.25        0.00
       2151        537.8             0.04               341.16    0.098856     -101.759638     -101.660782     -101.464932     -0.25        0.00
       2152        538.0             0.04               341.00    0.098810     -101.759638     -101.660828     -101.464933     -0.25        0.00
       2153        538.2             0.04               342.93    0.099368     -101.759617     -101.660248     -101.464934     -0.25        0.00
       2154        538.5             0.04               342.20    0.099156     -101.759558     -101.660402     -101.464934     -0.25        0.00
       2155        538.8             0.04               338.65    0.098127     -101.759452     -101.661325     -101.464935     -0.26       54.07
       2156        539.0             0.04               340.65    0.098709     -101.759299     -101.660590     -101.464935     -0.26      140.80
       2157        539.2             0.04               341.38    0.098918     -101.759101     -101.660182     -101.464935     -0.26      226.69
       2158        539.5             0.04               335.98    0.097354     -101.758863     -101.661509     -101.464934     -0.25      311.25
       2159        539.8             0.04               332.09    0.096227     -101.758596     -101.662369     -101.464934     -0.25      393.48
       2160        540.0             0.04               328.57    0.095209     -101.758311     -101.663103     -101.464933     -0.25      473.32
       2161        540.2             0.03               328.56    0.095205     -101.758019     -101.662814     -101.464933     -0.25      550.65
       2162        540.5             0.03               329.25    0.095404     -101.757722     -101.662319     -101.464933     -0.25      625.69
       2163        540.8             0.04               326.73    0.094674     -101.757425     -101.662751     -101.464933     -0.25      698.42
       2164        541.0             0.03               324.64    0.094069     -101.757133     -101.663064     -101.464932     -0.25      768.38
       2165        541.2             0.04               324.18    0.093936     -101.756851     -101.662915     -101.464932     -0.25      835.58
       2166        541.5             0.03               326.45    0.094594     -101.756586     -101.661992     -101.464932     -0.25      900.17
       2167        541.8             0.03               325.29    0.094258     -101.756345     -101.662086     -101.464931     -0.25      962.46
       2168        542.0             0.04               325.63    0.094355     -101.756139     -101.661783     -101.464930     -0.25     1022.16
       2169        542.2             0.03               321.94    0.093286     -101.755979     -101.662694     -101.464929     -0.25     1079.50
       2170        542.5             0.03               320.03    0.092733     -101.755884     -101.663151     -101.464929     -0.25     1134.20
       2171        542.8             0.03               318.95    0.092420     -101.755868     -101.663448     -101.464929     -0.24     1186.55
       2172        543.0             0.03               321.37    0.093122     -101.755940     -101.662819     -101.464929     -0.24     1236.73
       2173        543.2             0.03               323.04    0.093606     -101.756104     -101.662498     -101.464929     -0.25     1285.11
       2174        543.5             0.03               320.36    0.092829     -101.756347     -101.663518     -101.464931     -0.25     1331.75
       2175        543.8             0.03               319.66    0.092626     -101.756651     -101.664026     -101.464932     -0.25     1376.43
       2176        544.0             0.03               318.57    0.092310     -101.756992     -101.664681     -101.464934     -0.25     1419.36
       2177        544.2             0.03               320.95    0.093000     -101.757340     -101.664340     -101.464936     -0.26     1460.59
       2178        544.5             0.04               324.63    0.094064     -101.757668     -101.663604     -101.464938     -0.26     1500.37
       2179        544.8             0.03               324.60    0.094057     -101.757951     -101.663894     -101.464939     -0.26     1538.76
       2180        545.0             0.03               327.88    0.095008     -101.758173     -101.663164     -101.464939     -0.26     1575.51
       2181        545.2             0.03               329.34    0.095429     -101.758332     -101.662902     -101.464938     -0.26     1610.71
       2182        545.5             0.03               331.62    0.096091     -101.758437     -101.662346     -101.464937     -0.26     1644.14
       2183        545.8             0.03               331.21    0.095973     -101.758505     -101.662532     -101.464935     -0.26     1675.68
       2184        546.0             0.03               328.15    0.095085     -101.758558     -101.663473     -101.464934     -0.25     1705.01
       2185        546.2             0.03               324.51    0.094032     -101.758621     -101.664589     -101.464932     -0.25     1731.78
       2186        546.5             0.03               323.42    0.093715     -101.758714     -101.664999     -101.464932     -0.25     1755.74
       2187        546.8             0.03               321.89    0.093272     -101.758854     -101.665582     -101.464932     -0.25     1776.76
       2188        547.0             0.03               319.81    0.092669     -101.759045     -101.666376     -101.464932     -0.25     1794.57
       2189        547.2             0.03               319.86    0.092684     -101.759287     -101.666603     -101.464933     -0.25     1808.93
       2190        547.5             0.04               325.21    0.094234     -101.759575     -101.665340     -101.464933     -0.25     1819.68
       2191        547.8             0.03               326.49    0.094606     -101.759898     -101.665291     -101.464934     -0.25     1826.72
       2192        548.0             0.03               327.47    0.094888     -101.760239     -101.665351     -101.464935     -0.26     1829.83
       2193        548.2             0.03               326.47    0.094598     -101.760588     -101.665989     -101.464936     -0.26     1828.90
       2194        548.5             0.03               328.30    0.095129     -101.760932     -101.665803     -101.464937     -0.26     1823.89
       2195        548.8             0.03               331.44    0.096038     -101.761264     -101.665226     -101.464937     -0.26     1814.75
       2196        549.0             0.04               329.62    0.095512     -101.761573     -101.666061     -101.464938     -0.26     1801.51
       2197        549.2             0.03               329.12    0.095367     -101.761847     -101.666480     -101.464939     -0.26     1784.35
       2198        549.5             0.03               331.32    0.096003     -101.762078     -101.666075     -101.464940     -0.26     1763.40
       2199        549.8             0.03               328.30    0.095129     -101.762258     -101.667129     -101.464940     -0.26     1738.77
       2200        550.0             0.03               326.83    0.094704     -101.762378     -101.667674     -101.464941     -0.27     1710.89
       2201        550.2             0.03               329.58    0.095499     -101.762433     -101.666934     -101.464941     -0.27     1680.00
       2202        550.5             0.03               332.11    0.096233     -101.762419     -101.666185     -101.464942     -0.27     1646.21
       2203        550.8             0.03               333.39    0.096605     -101.762333     -101.665728     -101.464942     -0.27     1609.88
       2204        551.0             0.03               332.38    0.096313     -101.762178     -101.665866     -101.464941     -0.27     1571.45
       2205        551.2             0.03               328.52    0.095192     -101.761969     -101.666777     -101.464940     -0.26     1531.43
       2206        551.5             0.03               330.38    0.095732     -101.761726     -101.665994     -101.464939     -0.26     1490.41
       2207        551.8             0.03               334.78    0.097007     -101.761475     -101.664468     -101.464938     -0.26     1448.42
       2208        552.0             0.04               328.70    0.095246     -101.761237     -101.665992     -101.464936     -0.26     1405.71
       2209        552.2             0.03               330.07    0.095641     -101.761044     -101.665403     -101.464935     -0.26     1363.32
       2210        552.5             0.03               331.46    0.096045     -101.760916     -101.664871     -101.464935     -0.26     1321.11
       2211        552.8             0.04               330.68    0.095818     -101.760862     -101.665044     -101.464935     -0.26     1279.41
       2212        553.0             0.03               331.26    0.095987     -101.760881     -101.664894     -101.464937     -0.26     1238.62
       2213        553.2             0.04               332.67    0.096395     -101.760960     -101.664565     -101.464939     -0.26     1198.87
       2214        553.5             0.03               328.81    0.095276     -101.761076     -101.665799     -101.464941     -0.27     1160.26
       2215        553.8             0.03               332.85    0.096448     -101.761201     -101.664754     -101.464943     -0.27     1123.20
       2216        554.0             0.03               335.19    0.097125     -101.761314     -101.664189     -101.464944     -0.27     1087.26
       2217        554.2             0.03               334.44    0.096908     -101.761389     -101.664481     -101.464945     -0.27     1052.53
       2218        554.5             0.03               332.27    0.096280     -101.761415     -101.665135     -101.464945     -0.27     1019.09
       2219        554.8             0.03               333.99    0.096779     -101.761393     -101.664614     -101.464945     -0.27      986.88
       2220        555.0             0.04               335.80    0.097303     -101.761328     -101.664025     -101.464945     -0.27      955.59
       2221        555.2             0.04               338.34    0.098038     -101.761232     -101.663194     -101.464944     -0.27      925.02
       2222        555.5             0.04               337.64    0.097836     -101.761118     -101.663282     -101.464943     -0.27      894.96
       2223        555.8             0.03               338.07    0.097960     -101.761004     -101.663044     -101.464942     -0.27      865.36
       2224        556.0             0.04               339.25    0.098301     -101.760908     -101.662607     -101.464941     -0.27      835.97
       2225        556.2             0.03               337.13    0.097688     -101.760845     -101.663157     -101.464941     -0.27      806.57
       2226        556.5             0.04               339.49    0.098371     -101.760830     -101.662459     -101.464940     -0.26      777.15
       2227        556.8             0.03               340.16    0.098565     -101.760873     -101.662308     -101.464939     -0.26      747.34
       2228        557.0             0.04               344.68    0.099877     -101.760979     -101.661103     -101.464939     -0.26      717.12
       2229        557.2             0.03               347.21    0.100610     -101.761150     -101.660541     -101.464939     -0.26      686.20
       2230        557.5             0.03               349.42    0.101250     -101.761382     -101.660133     -101.464939     -0.26      654.64
       2231        557.8             0.04               350.06    0.101436     -101.761670     -101.660235     -101.464940     -0.26      622.42
       2232        558.0             0.03               351.72    0.101917     -101.762006     -101.660089     -101.464940     -0.27      589.63
       2233        558.2             0.03               354.37    0.102684     -101.762379     -101.659695     -101.464941     -0.27      556.28
       2234        558.5             0.03               357.96    0.103724     -101.762778     -101.659053     -101.464942     -0.27      522.39
       2235        558.8             0.04               360.05    0.104329     -101.763187     -101.658859     -101.464943     -0.27      488.04
       2236        559.0             0.03               362.87    0.105147     -101.763587     -101.658441     -101.464944     -0.27      453.44
       2237        559.2             0.03               362.93    0.105164     -101.763958     -101.658794     -101.464945     -0.27      418.72
       2238        559.5             0.04               362.71    0.105101     -101.764279     -101.659178     -101.464947     -0.28      384.19
       2239        559.8             0.03               357.80    0.103678     -101.764532     -101.660854     -101.464948     -0.28      350.04
       2240        560.0             0.04               359.82    0.104262     -101.764706     -101.660444     -101.464948     -0.28      316.71
       2241        560.2             0.04               365.94    0.106036     -101.764797     -101.658761     -101.464948     -0.28      284.05
       2242        560.5             0.03               364.21    0.105535     -101.764800     -101.659265     -101.464948     -0.28      252.06
       2243        560.8             0.04               363.41    0.105304     -101.764722     -101.659418     -101.464947     -0.28      221.27
       2244        561.0             0.04               366.22    0.106117     -101.764583     -101.658466     -101.464945     -0.27      191.79
       2245        561.2             0.03               366.31    0.106142     -101.764406     -101.658264     -101.464944     -0.27      163.58
       2246        561.5             0.04               363.12    0.105218     -101.764222     -101.659004     -101.464942     -0.27      136.86
       2247        561.8             0.03               361.03    0.104613     -101.764062     -101.659449     -101.464940     -0.27      111.78
       2248        562.0             0.04               361.64    0.104789     -101.763953     -101.659164     -101.464940     -0.26       88.32
       2249        562.2             0.04               359.14    0.104064     -101.763907     -101.659843     -101.464940     -0.26       66.37
       2250        562.5             0.04               359.63    0.104208     -101.763927     -101.659718     -101.464941     -0.27       45.94
       2251        562.8             0.03               360.05    0.104330     -101.763999     -101.659669     -101.464942     -0.27       26.83
       2252        563.0             0.04               357.90    0.103706     -101.764100     -101.660394     -101.464944     -0.27        8.85
       2253        563.2             0.04               356.77    0.103379     -101.764201     -101.660822     -101.464946     -0.27        0.00
       2254        563.5             0.04               358.45    0.103865     -101.764277     -101.660411     -101.464948     -0.28        0.00
       2255        563.8             0.03               358.02    0.103742     -101.764302     -101.660560     -101.464948     -0.28        0.00
       2256        564.0             0.03               356.93    0.103424     -101.764261     -101.660837     -101.464949     -0.28        0.00
       2257        564.2             0.04               352.97    0.102277     -101.764145     -101.661867     -101.464949     -0.28        0.00
       2258        564.5             0.04               347.31    0.100638     -101.763958     -101.663319     -101.464948     -0.28        0.00
       2259        564.8             0.03               343.55    0.099549     -101.763714     -101.664165     -101.464947     -0.28        0.00
       2260        565.0             0.03               338.36    0.098044     -101.763431     -101.665388     -101.464946     -0.28        0.00
       2261        565.2             0.03               337.39    0.097764     -101.763134     -101.665370     -101.464945     -0.27        0.00
       2262        565.5             0.03               337.50    0.097795     -101.762845     -101.665050     -101.464944     -0.27        0.00
       2263        565.8             0.03               337.30    0.097737     -101.762585     -101.664849     -101.464943     -0.27        0.00
       2264        566.0             0.04               337.85    0.097896     -101.762378     -101.664482     -101.464942     -0.27        0.00
       2265        566.2             0.03               339.52    0.098379     -101.762241     -101.663862     -101.464941     -0.27        0.00
       2266        566.5             0.03               338.63    0.098123     -101.762190     -101.664067     -101.464940     -0.26        0.00
       2267        566.8             0.04               338.91    0.098205     -101.762234     -101.664030     -101.464940     -0.26        0.00
       2268        567.0             0.03               342.69    0.099298     -101.762380     -101.663082     -101.464940     -0.26        0.00
       2269        567.2             0.03               341.75    0.099027     -101.762625     -101.663598     -101.464940     -0.26        0.00
       2270        567.5             0.03               341.65    0.098997     -101.762961     -101.663964     -101.464941     -0.27        0.00
       2271        567.8             0.03               341.22    0.098873     -101.763380     -101.664506     -101.464942     -0.27        0.00
       2272        568.0             0.03               342.63    0.099283     -101.763863     -101.664580     -101.464943     -0.27        0.00
       2273        568.2             0.03               342.88    0.099353     -101.764394     -101.665041     -101.464945     -0.27        0.00
       2274        568.5             0.04               341.56    0.098972     -101.764948     -101.665976     -101.464947     -0.28        0.00
       2275        568.8             0.04               346.39    0.100370     -101.765501     -101.665131     -101.464948     -0.28        0.00
       2276        569.0             0.03               346.96    0.100536     -101.766034     -101.665498     -101.464950     -0.28        0.00
       2277        569.2             0.03               351.19    0.101763     -101.766522     -101.664759     -101.464951     -0.28        0.00
       2278        569.5             0.03               353.70    0.102490     -101.766950     -101.664460     -101.464952     -0.29        0.00
       2279        569.8             0.04               351.32    0.101799     -101.767308     -101.665509     -101.464952     -0.29        0.00
       2280        570.0             0.04               351.81    0.101942     -101.767597     -101.665654     -101.464952     -0.28        0.00
       2281        570.2             0.04               351.82    0.101945     -101.767832     -101.665887     -101.464951     -0.28        0.00
       2282        570.5             0.03               355.29    0.102949     -101.768037     -101.665088     -101.464949     -0.28        0.00
       2283        570.8             0.04               359.10    0.104053     -101.768237     -101.664184     -101.464948     -0.28        0.00
       2284        571.0             0.03               359.37    0.104133     -101.768457     -101.664324     -101.464947     -0.28        0.00
       2285        571.2             0.03               364.73    0.105686     -101.768716     -101.663031     -101.464946     -0.28        0.00
       2286        571.5             0.04               370.50    0.107357     -101.769028     -101.661671     -101.464947     -0.28        0.00
       2287        571.8             0.03               364.42    0.105594     -101.769389     -101.663794     -101.464948     -0.28        0.00
       2288        572.0             0.03               368.36    0.106738     -101.769781     -101.663044     -101.464949     -0.28        0.00
       2289        572.2             0.03               370.24    0.107282     -101.770191     -101.662909     -101.464951     -0.28        0.00
       2290        572.5             0.03               371.10    0.107532     -101.770588     -101.663055     -101.464954     -0.29        0.00
       2291        572.8             0.03               376.52    0.109101     -101.770941     -101.661840     -101.464955     -0.29        0.00
       2292        573.0             0.03               374.56    0.108533     -101.771227     -101.662694     -101.464957     -0.29        0.00
       2293        573.2             0.03               376.38    0.109060     -101.771423     -101.662363     -101.464958     -0.30        0.00
       2294        573.5             0.04               374.80    0.108603     -101.771518     -101.662915     -101.464958     -0.30        0.00
       2295        573.8             0.03               373.96    0.108360     -101.771509     -101.663149     -101.464958     -0.30        4.04
       2296        574.0             0.04               371.93    0.107771     -101.771398     -101.663627     -101.464958     -0.30       19.47
       2297        574.2             0.04               371.66    0.107693     -101.771197     -101.663504     -101.464958     -0.29       34.64
       2298        574.5             0.03               374.40    0.108489     -101.770920     -101.662431     -101.464957     -0.29       49.57
       2299        574.8             0.03               370.97    0.107493     -101.770584     -101.663090     -101.464955     -0.29       64.30
       2300        575.0             0.03               365.66    0.105953     -101.770217     -101.664263     -101.464954     -0.29       78.73
       2301        575.2             0.04               364.06    0.105491     -101.769850     -101.664358     -101.464952     -0.29       92.82
       2302        575.5             0.04               366.31    0.106143     -101.769511     -101.663368     -101.464951     -0.28      106.66
       2303        575.8             0.04               362.53    0.105049     -101.769223     -101.664174     -101.464949     -0.28      120.33
       2304        576.0             0.04               362.65    0.105082     -101.769008     -101.663926     -101.464949     -0.28      133.74
       2305        576.2             0.03               363.71    0.105390     -101.768881     -101.663491     -101.464948     -0.28      146.98
       2306        576.5             0.03               366.97    0.106336     -101.768848     -101.662513     -101.464948     -0.28      160.05
       2307        576.8             0.03               363.80    0.105416     -101.768908     -101.663492     -101.464949     -0.28      173.01
       2308        577.0             0.03               363.30    0.105270     -101.769054     -101.663784     -101.464950     -0.28      185.74
       2309        577.2             0.03               364.25    0.105547     -101.769275     -101.663729     -101.464951     -0.28      198.27
       2310        577.5             0.03               361.96    0.104884     -101.769557     -101.664673     -101.464952     -0.28      210.59
       2311        577.8             0.03               362.85    0.105142     -101.769881     -101.664739     -101.464953     -0.29      222.60
       2312        578.0             0.03               364.88    0.105728     -101.770228     -101.664500     -101.464955     -0.29      234.32
       2313        578.2             0.03               365.80    0.105996     -101.770576     -101.664580     -101.464956     -0.29      245.70
       2314        578.5             0.03               364.46    0.105607     -101.770907     -101.665299     -101.464957     -0.29      256.64
       2315        578.8             0.03               362.98    0.105178     -101.771202     -101.666024     -101.464958     -0.30      267.03
       2316        579.0             0.03               366.87    0.106305     -101.771453     -101.665148     -101.464959     -0.30      276.76
       2317        579.2             0.03               363.43    0.105309     -101.771657     -101.666348     -101.464959     -0.30      285.82
       2318        579.5             0.03               360.58    0.104484     -101.771817     -101.667333     -101.464958     -0.30      294.00
       2319        579.8             0.04               358.37    0.103843     -101.771949     -101.668105     -101.464957     -0.29      301.20
       2320        580.0             0.03               356.08    0.103179     -101.772074     -101.668895     -101.464956     -0.29      307.32
       2321        580.2             0.03               353.16    0.102332     -101.772216     -101.669884     -101.464955     -0.29      312.26
       2322        580.5             0.03               350.94    0.101689     -101.772393     -101.670704     -101.464955     -0.29      315.91
       2323        580.8             0.04               353.06    0.102305     -101.772621     -101.670316     -101.464955     -0.29      318.20
       2324        581.0             0.03               351.50    0.101853     -101.772902     -101.671050     -101.464956     -0.29      319.06
       2325        581.2             0.03               354.27    0.102656     -101.773227     -101.670572     -101.464957     -0.29      318.42
       2326        581.5             0.03               354.71    0.102783     -101.773579     -101.670796     -101.464959     -0.30      316.23
       2327        581.8             0.04               355.66    0.103057     -101.773930     -101.670873     -101.464960     -0.30      312.45
       2328        582.0             0.04               357.07    0.103466     -101.774254     -101.670789     -101.464963     -0.30      362.58
       2329        582.2             0.04               353.25    0.102359     -101.774523     -101.672164     -101.464965     -0.31      451.16
       2330        582.5             0.03               349.88    0.101382     -101.774716     -101.673334     -101.464966     -0.31      537.46
       2331        582.8             0.04               353.56    0.102448     -101.774820     -101.672372     -101.464967     -0.31      621.45
       2332        583.0             0.03               354.01    0.102578     -101.774827     -101.672249     -101.464967     -0.31      703.84
       2333        583.2             0.03               353.17    0.102335     -101.774730     -101.672395     -101.464967     -0.31      784.17
       2334        583.5             0.03               353.45    0.102418     -101.774532     -101.672114     -101.464967     -0.31      862.15
       2335        583.8             0.03               347.35    0.100650     -101.774240     -101.673590     -101.464966     -0.31      937.81
       2336        584.0             0.03               343.33    0.099484     -101.773875     -101.674391     -101.464965     -0.31     1010.30
       2337        584.2             0.04               343.50    0.099535     -101.773459     -101.673924     -101.464963     -0.30     1079.70
       2338        584.5             0.03               341.35    0.098910     -101.773013     -101.674103     -101.464962     -0.30     1146.24
       2339        584.8             0.04               338.04    0.097951     -101.772562     -101.674610     -101.464960     -0.30     1209.48
       2340        585.0             0.03               336.69    0.097560     -101.772129     -101.674569     -101.464959     -0.30     1269.10
       2341        585.2             0.03               336.45    0.097490     -101.771732     -101.674242     -101.464958     -0.30     1325.02
       2342        585.5             0.03               338.72    0.098148     -101.771382     -101.673234     -101.464958     -0.30     1377.10
       2343        585.8             0.04               337.25    0.097723     -101.771085     -101.673362     -101.464958     -0.30     1425.28
       2344        586.0             0.03               334.61    0.096957     -101.770842     -101.673885     -101.464958     -0.30     1469.06
       2345        586.2             0.04               336.45    0.097490     -101.770647     -101.673158     -101.464959     -0.30     1508.17
       2346        586.5             0.03               337.12    0.097684     -101.770492     -101.672807     -101.464959     -0.30     1542.69
       2347        586.8             0.03               332.08    0.096224     -101.770361     -101.674137     -101.464960     -0.30     1580.62
       2348        587.0             0.04               330.04    0.095635     -101.770243     -101.674608     -101.464961     -0.30     1625.58
       2349        587.2             0.04               328.71    0.095249     -101.770126     -101.674877     -101.464962     -0.30     1665.16
       2350        587.5             0.04               329.22    0.095397     -101.769994     -101.674597     -101.464963     -0.30     1699.34
       2351        587.8             0.04               329.24    0.095402     -101.769835     -101.674433     -101.464964     -0.31     1728.23
       2352        588.0             0.03               326.30    0.094550     -101.769637     -101.675087     -101.464965     -0.31     1751.88
       2353        588.2             0.03               325.89    0.094430     -101.769396     -101.674966     -101.464965     -0.31     1770.32
       2354        588.5             0.04               326.20    0.094521     -101.769117     -101.674596     -101.464964     -0.31     1783.81
       2355        588.8             0.03               325.48    0.094313     -101.768807     -101.674494     -101.464964     -0.31     1792.62
       2356        589.0             0.03               322.52    0.093456     -101.768484     -101.675029     -101.464963     -0.30     1797.01
       2357        589.2             0.03               325.81    0.094408     -101.768172     -101.673764     -101.464961     -0.30     1797.32
       2358        589.5             0.03               325.61    0.094350     -101.767891     -101.673541     -101.464960     -0.30     1793.93
       2359        589.8             0.04               327.66    0.094944     -101.767664     -101.672720     -101.464960     -0.30     1787.27
       2360        590.0             0.03               324.01    0.093885     -101.767506     -101.673621     -101.464959     -0.30     1777.74
       2361        590.2             0.04               325.88    0.094429     -101.767426     -101.672997     -101.464960     -0.30     1765.90
       2362        590.5             0.03               327.27    0.094829     -101.767420     -101.672591     -101.464961     -0.30     1752.11
       2363        590.8             0.04               326.18    0.094516     -101.767475     -101.672959     -101.464963     -0.30     1736.83
       2364        591.0             0.03               328.45    0.095173     -101.767569     -101.672397     -101.464965     -0.31     1720.56
       2365        591.2             0.03               326.24    0.094533     -101.767679     -101.673145     -101.464967     -0.31     1703.63
       2366        591.5             0.04               325.32    0.094266     -101.767776     -101.673510     -101.464968     -0.31     1686.53
       2367        591.8             0.03               320.24    0.092794     -101.767841     -101.675048     -101.464970     -0.32     1669.55
       2368        592.0             0.03               323.35    0.093694     -101.767858     -101.674163     -101.464971     -0.32     1653.05
       2369        592.2             0.03               326.18    0.094516     -101.767811     -101.673295     -101.464972     -0.32     1637.05
       2370        592.5             0.03               321.27    0.093092     -101.767686     -101.674593     -101.464972     -0.32     1621.71
       2371        592.8             0.04               321.04    0.093024     -101.767479     -101.674455     -101.464973     -0.32     1607.29
       2372        593.0             0.04               320.41    0.092844     -101.767189     -101.674345     -101.464972     -0.32     1593.75
       2373        593.2             0.03               320.99    0.093012     -101.766820     -101.673808     -101.464972     -0.32     1581.08
       2374        593.5             0.03               321.39    0.093128     -101.766380     -101.673252     -101.464971     -0.32     1569.20
       2375        593.8             0.03               315.86    0.091524     -101.765883     -101.674359     -101.464969     -0.32     1558.04
       2376        594.0             0.04               314.09    0.091012     -101.765357     -101.674345     -101.464968     -0.31     1547.57
       2377        594.2             0.03               312.77    0.090629     -101.764823     -101.674194     -101.464966     -0.31     1537.60
       2378        594.5             0.03               312.55    0.090565     -101.764304     -101.673739     -101.464965     -0.31     1527.95
       2379        594.8             0.04               308.46    0.089380     -101.763816     -101.674437     -101.464964     -0.31     1518.46
       2380        595.0             0.04               308.38    0.089357     -101.763377     -101.674020     -101.464964     -0.31     1509.01
       2381        595.2             0.04               304.43    0.088214     -101.762990     -101.674776     -101.464964     -0.31     1499.38
       2382        595.5             0.04               302.33    0.087605     -101.762657     -101.675053     -101.464964     -0.31     1489.49
       2383        595.8             0.04               301.52    0.087368     -101.762375     -101.675007     -101.464965     -0.31     1479.16
       2384        596.0             0.04               301.83    0.087460     -101.762131     -101.674670     -101.464966     -0.31     1468.27
       2385        596.2             0.03               303.10    0.087828     -101.761909     -101.674081     -101.464967     -0.31     1456.69
       2386        596.5             0.03               300.17    0.086977     -101.761693     -101.674716     -101.464968     -0.31     1444.33
       2387        596.8             0.04               300.80    0.087159     -101.761468     -101.674308     -101.464969     -0.31     1431.24
       2388        597.0             0.03               300.08    0.086953     -101.761219     -101.674266     -101.464970     -0.32     1417.32
       2389        597.2             0.04               298.45    0.086480     -101.760936     -101.674456     -101.464970     -0.32     1402.60
       2390        597.5             0.04               297.23    0.086126     -101.760615     -101.674489     -101.464970     -0.32     1387.15
       2391        597.8             0.04               289.56    0.083903     -101.760256     -101.676353     -101.464970     -0.32     1371.00
       2392        598.0             0.04               282.74    0.081928     -101.759875     -101.677947     -101.464969     -0.31     1354.42
       2393        598.2             0.04               278.91    0.080817     -101.759491     -101.678674     -101.464968     -0.31     1337.51
       2394        598.5             0.03               279.99    0.081130     -101.759123     -101.677993     -101.464967     -0.31     1320.30
       2395        598.8             0.03               278.48    0.080695     -101.758787     -101.678092     -101.464966     -0.31     1302.78
       2396        599.0             0.03               277.04    0.080275     -101.758501     -101.678225     -101.464965     -0.31     1285.19
       2397        599.2             0.03               275.54    0.079841     -101.758276     -101.678435     -101.464965     -0.31     1267.67
       2398        599.5             0.03               274.72    0.079603     -101.758121     -101.678518     -101.464966     -0.31     1250.37
       2399        599.8             0.03               272.51    0.078963     -101.758034     -101.679070     -101.464966     -0.31     1233.42
       2400        600.0             0.03               271.37    0.078633     -101.758009     -101.679376     -101.464967     -0.31     1216.98
       2401        600.2             0.03               266.56    0.077239     -101.758037     -101.680798     -101.464968     -0.31     1201.10
       2402        600.5             0.03               262.86    0.076167     -101.758107     -101.681940     -101.464969     -0.32     1185.94
       2403        600.8             0.04               259.18    0.075102     -101.758210     -101.683108     -101.464970     -0.32     1171.50
       2404        601.0             0.03               264.67    0.076690     -101.758336     -101.681645     -101.464971     -0.32     1157.73
       2405        601.2             0.04               264.90    0.076759     -101.758473     -101.681714     -101.464972     -0.32     1144.32
       2406        601.5             0.04               262.27    0.075996     -101.758603     -101.682607     -101.464973     -0.32     1131.29
       2407        601.8             0.03               265.50    0.076932     -101.758715     -101.681783     -101.464975     -0.32     1118.52
       2408        602.0             0.04               266.44    0.077204     -101.758794     -101.681591     -101.464976     -0.33     1105.66
       2409        602.2             0.04               263.56    0.076370     -101.758828     -101.682458     -101.464976     -0.33     1092.50
       2410        602.5             0.04               265.79    0.077016     -101.758808     -101.681793     -101.464977     -0.33     1078.84
       2411        602.8             0.04               267.30    0.077455     -101.758732     -101.681277     -101.464977     -0.33     1064.22
       2412        603.0             0.04               265.09    0.076812     -101.758599     -101.681787     -101.464976     -0.33     1048.33
       2413        603.2             0.04               266.54    0.077232     -101.758420     -101.681188     -101.464975     -0.32     1030.92
       2414        603.5             0.03               265.57    0.076952     -101.758210     -101.681259     -101.464974     -0.32     1011.53
       2415        603.8             0.03               266.36    0.077181     -101.757988     -101.680807     -101.464973     -0.32      989.91
       2416        604.0             0.04               267.52    0.077517     -101.757772     -101.680255     -101.464972     -0.32      965.67
       2417        604.2             0.04               269.91    0.078210     -101.757576     -101.679365     -101.464971     -0.32      938.50
       2418        604.5             0.03               271.66    0.078716     -101.757407     -101.678691     -101.464971     -0.32      908.08
       2419        604.8             0.03               275.03    0.079694     -101.757270     -101.677577     -101.464971     -0.32      874.23
       2420        605.0             0.03               275.89    0.079943     -101.757161     -101.677218     -101.464972     -0.32      836.67
       2421        605.2             0.03               277.16    0.080312     -101.757072     -101.676761     -101.464972     -0.32      795.45
       2422        605.5             0.03               276.37    0.080083     -101.756995     -101.676912     -101.464973     -0.32      761.22
       2423        605.8             0.03               277.54    0.080420     -101.756917     -101.676497     -101.464974     -0.32      724.34
       2424        606.0             0.03               276.99    0.080263     -101.756827     -101.676564     -101.464975     -0.33      683.60
       2425        606.2             0.04               278.42    0.080675     -101.756715     -101.676040     -101.464976     -0.33      639.14
       2426        606.5             0.04               276.98    0.080257     -101.756571     -101.676314     -101.464976     -0.33      590.84
       2427        606.8             0.04               280.89    0.081391     -101.756392     -101.675000     -101.464977     -0.33      539.06
       2428        607.0             0.03               281.40    0.081540     -101.756174     -101.674634     -101.464977     -0.33      483.43
       2429        607.2             0.03               282.13    0.081750     -101.755922     -101.674172     -101.464976     -0.33      424.50
       2430        607.5             0.03               282.42    0.081835     -101.755648     -101.673813     -101.464975     -0.33      362.48
       2431        607.8             0.04               279.17    0.080894     -101.755368     -101.674474     -101.464974     -0.32      297.73
       2432        608.0             0.04               277.09    0.080289     -101.755107     -101.674818     -101.464973     -0.32      231.00
       2433        608.2             0.04               277.24    0.080333     -101.754888     -101.674555     -101.464972     -0.32      162.55
       2434        608.5             0.03               276.54    0.080131     -101.754730     -101.674599     -101.464970     -0.32      124.49
       2435        608.8             0.03               279.39    0.080957     -101.754647     -101.673690     -101.464970     -0.32      130.13
       2436        609.0             0.03               281.87    0.081675     -101.754646     -101.672972     -101.464970     -0.32      135.25
       2437        609.2             0.03               279.22    0.080908     -101.754727     -101.673819     -101.464970     -0.32      139.92
       2438        609.5             0.03               277.58    0.080433     -101.754886     -101.674452     -101.464971     -0.32      144.18
       2439        609.8             0.04               279.58    0.081013     -101.755116     -101.674102     -101.464972     -0.32      148.18
       2440        610.0             0.03               278.22    0.080619     -101.755408     -101.674789     -101.464973     -0.32      152.06
       2441        610.2             0.03               278.52    0.080704     -101.755752     -101.675047     -101.464973     -0.32      155.94
       2442        610.5             0.04               281.95    0.081698     -101.756138     -101.674439     -101.464974     -0.32      159.99
       2443        610.8             0.03               281.33    0.081520     -101.756555     -101.675035     -101.464975     -0.32      164.37
       2444        611.0             0.04               279.72    0.081052     -101.756987     -101.675935     -101.464976     -0.33      169.23
       2445        611.2             0.03               282.45    0.081843     -101.757424     -101.675581     -101.464977     -0.33      174.71
       2446        611.5             0.04               287.87    0.083414     -101.757856     -101.674443     -101.464978     -0.33      181.00
       2447        611.8             0.03               289.66    0.083933     -101.758273     -101.674340     -101.464978     -0.33      188.28
       2448        612.0             0.04               290.53    0.084186     -101.758661     -101.674475     -101.464979     -0.33      196.65
       2449        612.2             0.03               290.70    0.084235     -101.759015     -101.674780     -101.464978     -0.33      206.20
       2450        612.5             0.04               290.75    0.084249     -101.759341     -101.675092     -101.464978     -0.33      217.02
       2451        612.8             0.03               293.61    0.085077     -101.759648     -101.674571     -101.464977     -0.33      229.18
       2452        613.0             0.03               294.96    0.085468     -101.759953     -101.674484     -101.464976     -0.33      242.81
       2453        613.2             0.03               299.31    0.086730     -101.760268     -101.673538     -101.464975     -0.33      257.88
       2454        613.5             0.04               298.42    0.086471     -101.760608     -101.674137     -101.464975     -0.32      274.50
       2455        613.8             0.03               298.94    0.086621     -101.760979     -101.674358     -101.464975     -0.32      292.49
       2456        614.0             0.03               297.86    0.086308     -101.761387     -101.675079     -101.464975     -0.33      311.84
       2457        614.2             0.03               295.70    0.085682     -101.761827     -101.676145     -101.464976     -0.33      332.42
       2458        614.5             0.03               298.42    0.086472     -101.762293     -101.675821     -101.464977     -0.33      354.11
       2459        614.8             0.03               295.05    0.085495     -101.762772     -101.677278     -101.464979     -0.33      376.97
       2460        615.0             0.04               296.59    0.085940     -101.763245     -101.677305     -101.464980     -0.33      400.63
       2461        615.2             0.04               297.51    0.086207     -101.763697     -101.677491     -101.464982     -0.34      425.17
       2462        615.5             0.03               298.54    0.086506     -101.764112     -101.677606     -101.464983     -0.34      450.42
       2463        615.8             0.03               300.61    0.087107     -101.764475     -101.677368     -101.464984     -0.34      476.25
       2464        616.0             0.03               299.64    0.086826     -101.764777     -101.677951     -101.464984     -0.34      502.56
       2465        616.2             0.03               301.11    0.087252     -101.765013     -101.677762     -101.464984     -0.34      529.08
       2466        616.5             0.03               304.42    0.088209     -101.765191     -101.676983     -101.464984     -0.34      555.79
       2467        616.8             0.03               302.37    0.087615     -101.765320     -101.677705     -101.464983     -0.34      582.66
       2468        617.0             0.03               303.04    0.087809     -101.765412     -101.677603     -101.464982     -0.34      609.32
       2469        617.2             0.03               301.65    0.087407     -101.765487     -101.678080     -101.464981     -0.34      635.79
       2470        617.5             0.03               301.50    0.087364     -101.765563     -101.678199     -101.464980     -0.33      661.90
       2471        617.8             0.04               300.98    0.087213     -101.765653     -101.678439     -101.464980     -0.33      687.60
       2472        618.0             0.03               299.12    0.086673     -101.765766     -101.679093     -101.464980     -0.33      712.82
       2473        618.2             0.03               296.08    0.085792     -101.765906     -101.680114     -101.464980     -0.33      737.44
       2474        618.5             0.03               296.41    0.085890     -101.766068     -101.680178     -101.464981     -0.34      761.38
       2475        618.8             0.04               298.70    0.086553     -101.766245     -101.679692     -101.464982     -0.34      784.74
       2476        619.0             0.03               298.19    0.086405     -101.766425     -101.680020     -101.464983     -0.34      807.60
       2477        619.2             0.03               301.39    0.087332     -101.766594     -101.679262     -101.464984     -0.34      829.84
       2478        619.5             0.04               303.13    0.087835     -101.766744     -101.678910     -101.464984     -0.34      851.60
       2479        619.8             0.04               303.38    0.087909     -101.766869     -101.678960     -101.464984     -0.34      872.85
       2480        620.0             0.04               302.97    0.087791     -101.766969     -101.679178     -101.464984     -0.34      893.55
       2481        620.2             0.04               303.82    0.088035     -101.767049     -101.679014     -101.464984     -0.34      913.70
       2482        620.5             0.04               306.20    0.088724     -101.767117     -101.678392     -101.464984     -0.34      933.34
       2483        620.8             0.04               311.47    0.090254     -101.767180     -101.676926     -101.464984     -0.34      952.54
       2484        621.0             0.04               309.29    0.089621     -101.767243     -101.677621     -101.464983     -0.34      971.35
       2485        621.2             0.03               309.72    0.089746     -101.767313     -101.677567     -101.464983     -0.34      989.54
       2486        621.5             0.03               305.79    0.088607     -101.767400     -101.678793     -101.464983     -0.34     1007.15
       2487        621.8             0.03               306.76    0.088889     -101.767514     -101.678625     -101.464983     -0.34     1079.95
       2488        622.0             0.04               307.98    0.089240     -101.767667     -101.678427     -101.464982     -0.34     1154.03
       2489        622.2             0.03               309.91    0.089802     -101.767866     -101.678064     -101.464982     -0.34     1226.33
       2490        622.5             0.03               312.06    0.090423     -101.768119     -101.677695     -101.464982     -0.34     1296.69
       2491        622.8             0.03               312.23    0.090472     -101.768428     -101.677956     -101.464982     -0.34     1364.89
       2492        623.0             0.03               309.28    0.089617     -101.768793     -101.679176     -101.464983     -0.34     1430.46
       2493        623.2             0.03               309.70    0.089741     -101.769207     -101.679466     -101.464984     -0.34     1492.83
       2494        623.5             0.03               311.04    0.090128     -101.769664     -101.679537     -101.464985     -0.34     1552.11
       2495        623.8             0.03               312.33    0.090502     -101.770148     -101.679646     -101.464986     -0.34     1608.15
       2496        624.0             0.03               314.78    0.091212     -101.770637     -101.679425     -101.464987     -0.35     1660.71
       2497        624.2             0.03               314.53    0.091140     -101.771111     -101.679970     -101.464989     -0.35     1709.68
       2498        624.5             0.03               320.22    0.092787     -101.771547     -101.678760     -101.464990     -0.35     1754.65
       2499        624.8             0.03               321.74    0.093228     -101.771932     -101.678703     -101.464991     -0.35     1795.86
       2500        625.0             0.03               321.44    0.093141     -101.772247     -101.679106     -101.464991     -0.35     1832.87
       2501        625.2             0.03               322.94    0.093577     -101.772490     -101.678913     -101.464991     -0.35     1865.44
       2502        625.5             0.03               323.73    0.093804     -101.772663     -101.678859     -101.464991     -0.35     1893.55
       2503        625.8             0.03               323.59    0.093765     -101.772778     -101.679013     -101.464990     -0.35     1917.07
       2504        626.0             0.03               325.63    0.094356     -101.772850     -101.678494     -101.464989     -0.35     1935.91
       2505        626.2             0.03               326.01    0.094466     -101.772902     -101.678435     -101.464987     -0.35     1950.08
       2506        626.5             0.03               324.31    0.093972     -101.772953     -101.678981     -101.464986     -0.34     1959.53
       2507        626.8             0.03               324.25    0.093955     -101.773024     -101.679068     -101.464986     -0.34     2066.94
       2508        627.0             0.04               325.15    0.094217     -101.773129     -101.678913     -101.464986     -0.34     2172.27
       2509        627.2             0.04               321.31    0.093105     -101.773274     -101.680170     -101.464986     -0.34     2271.55
       2510        627.5             0.04               321.95    0.093288     -101.773453     -101.680165     -101.464987     -0.35     2363.89
       2511        627.8             0.03               324.44    0.094011     -101.773654     -101.679643     -101.464989     -0.35     2449.83
       2512        628.0             0.03               322.52    0.093453     -101.773851     -101.680398     -101.464991     -0.35     2529.58
       2513        628.2             0.04               320.43    0.092848     -101.774017     -101.681169     -101.464993     -0.36     2602.61
       2514        628.5             0.04               323.54    0.093751     -101.774125     -101.680374     -101.464995     -0.36     2669.05
       2515        628.8             0.04               320.76    0.092945     -101.774153     -101.681208     -101.464996     -0.36     2729.60
       2516        629.0             0.04               319.99    0.092720     -101.774083     -101.681363     -101.464996     -0.36     2783.93
       2517        629.2             0.03               318.38    0.092256     -101.773913     -101.681657     -101.464996     -0.36     2832.54
       2518        629.5             0.03               313.31    0.090785     -101.773647     -101.682863     -101.464995     -0.36     2875.71
       2519        629.8             0.03               308.18    0.089301     -101.773306     -101.684006     -101.464993     -0.36     2913.63
       2520        630.0             0.03               307.11    0.088989     -101.772916     -101.683928     -101.464992     -0.35     2946.74
       2521        630.2             0.03               307.23    0.089024     -101.772503     -101.683479     -101.464990     -0.35     2975.72
       2522        630.5             0.03               308.36    0.089350     -101.772094     -101.682744     -101.464988     -0.35     3001.08
       2523        630.8             0.04               307.72    0.089166     -101.771716     -101.682550     -101.464986     -0.34     3023.33
       2524        631.0             0.03               304.22    0.088152     -101.771395     -101.683243     -101.464985     -0.34     3042.85
       2525        631.2             0.03               303.11    0.087830     -101.771156     -101.683326     -101.464984     -0.34     3060.02
       2526        631.5             0.03               303.87    0.088051     -101.771015     -101.682965     -101.464983     -0.34     3075.34
       2527        631.8             0.03               306.95    0.088944     -101.770982     -101.682039     -101.464983     -0.34     3089.26
       2528        632.0             0.03               310.59    0.089998     -101.771056     -101.681058     -101.464984     -0.34     3102.22
       2529        632.2             0.03               310.71    0.090032     -101.771229     -101.681197     -101.464985     -0.34     3114.57
       2530        632.5             0.03               312.52    0.090557     -101.771482     -101.680925     -101.464987     -0.34     3126.55
       2531        632.8             0.03               314.65    0.091173     -101.771794     -101.680620     -101.464988     -0.35     3138.44
       2532        633.0             0.03               316.93    0.091835     -101.772137     -101.680303     -101.464990     -0.35     3150.46
       2533        633.2             0.03               315.22    0.091338     -101.772482     -101.681144     -101.464992     -0.35     3162.75
       2534        633.5             0.03               314.48    0.091124     -101.772800     -101.681676     -101.464994     -0.36     3175.33
       2535        633.8             0.03               315.06    0.091294     -101.773069     -101.681775     -101.464995     -0.36     3188.25
       2536        634.0             0.04               317.35    0.091955     -101.773274     -101.681318     -101.464996     -0.36     3201.52
       2537        634.2             0.03               318.23    0.092211     -101.773406     -101.681195     -101.464996     -0.36     3215.13
       2538        634.5             0.03               319.75    0.092651     -101.773464     -101.680813     -101.464996     -0.36     3228.93
       2539        634.8             0.03               320.08    0.092747     -101.773460     -101.680713     -101.464994     -0.36     3242.81
       2540        635.0             0.03               317.03    0.091865     -101.773413     -101.681548     -101.464993     -0.36     3256.57
       2541        635.2             0.03               317.32    0.091949     -101.773354     -101.681405     -101.464991     -0.35     3269.96
       2542        635.5             0.03               315.96    0.091555     -101.773315     -101.681760     -101.464989     -0.35     3282.87
       2543        635.8             0.04               314.86    0.091236     -101.773328     -101.682092     -101.464988     -0.35     3295.06
       2544        636.0             0.03               318.51    0.092294     -101.773419     -101.681125     -101.464987     -0.35     3306.36
       2545        636.2             0.03               317.80    0.092086     -101.773603     -101.681517     -101.464987     -0.35     3316.68
       2546        636.5             0.03               320.03    0.092732     -101.773880     -101.681148     -101.464988     -0.35     3325.80
       2547        636.8             0.03               324.17    0.093932     -101.774238     -101.680306     -101.464990     -0.35     3333.63
       2548        637.0             0.03               321.21    0.093075     -101.774650     -101.681575     -101.464992     -0.35     3340.11
       2549        637.2             0.03               322.61    0.093481     -101.775074     -101.681593     -101.464995     -0.36     3345.10
       2550        637.5             0.04               322.61    0.093481     -101.775472     -101.681990     -101.464998     -0.36     3348.62
       2551        637.8             0.04               319.04    0.092446     -101.775801     -101.683354     -101.465001     -0.37     3350.65
       2552        638.0             0.04               321.31    0.093105     -101.776025     -101.682920     -101.465003     -0.37     3351.22
       2553        638.2             0.04               321.87    0.093266     -101.776120     -101.682854     -101.465004     -0.37     3350.38
       2554        638.5             0.04               322.14    0.093344     -101.776070     -101.682726     -101.465004     -0.38     3348.20
       2555        638.8             0.04               323.40    0.093709     -101.775874     -101.682166     -101.465004     -0.37     3344.72
       2556        639.0             0.03               323.63    0.093777     -101.775545     -101.681768     -101.465002     -0.37     3340.03
       2557        639.2             0.04               321.79    0.093243     -101.775109     -101.681865     -101.465000     -0.37     3334.18
       2558        639.5             0.03               323.58    0.093762     -101.774603     -101.680841     -101.464997     -0.36     3327.23
       2559        639.8             0.03               320.79    0.092953     -101.774067     -101.681115     -101.464995     -0.36     3337.19
       2560        640.0             0.03               317.64    0.092042     -101.773547     -101.681506     -101.464993     -0.36     3363.59
       2561        640.2             0.03               311.99    0.090404     -101.773084     -101.682680     -101.464991     -0.35     3386.96
       2562        640.5             0.03               308.31    0.089336     -101.772709     -101.683373     -101.464990     -0.35     3407.02
       2563        640.8             0.03               303.63    0.087981     -101.772443     -101.684463     -101.464990     -0.35     3423.69
       2564        641.0             0.03               305.16    0.088423     -101.772295     -101.683872     -101.464990     -0.35     3436.79
       2565        641.2             0.03               303.88    0.088052     -101.772256     -101.684204     -101.464991     -0.35     3446.33
       2566        641.5             0.03               303.40    0.087914     -101.772309     -101.684395     -101.464993     -0.36     3452.14
       2567        641.8             0.03               300.96    0.087206     -101.772425     -101.685220     -101.464995     -0.36     3454.15
       2568        642.0             0.03               298.66    0.086541     -101.772573     -101.686031     -101.464998     -0.36     3452.26
       2569        642.2             0.03               298.33    0.086444     -101.772716     -101.686272     -101.465000     -0.37     3446.42
       2570        642.5             0.03               296.60    0.085943     -101.772821     -101.686878     -101.465002     -0.37     3436.57
       2571        642.8             0.04               299.46    0.086771     -101.772858     -101.686087     -101.465004     -0.38     3422.68
       2572        643.0             0.03               304.72    0.088296     -101.772804     -101.684507     -101.465005     -0.38     3404.60
       2573        643.2             0.03               304.33    0.088185     -101.772637     -101.684452     -101.465006     -0.38     3382.19
       2574        643.5             0.03               303.94    0.088071     -101.772352     -101.684282     -101.465005     -0.38     3355.58
       2575        643.8             0.03               302.41    0.087626     -101.771962     -101.684336     -101.465004     -0.37     3324.72
       2576        644.0             0.03               300.26    0.087005     -101.771490     -101.684486     -101.465002     -0.37     3289.62
       2577        644.2             0.04               297.87    0.086311     -101.770975     -101.684664     -101.464999     -0.37     3250.26
       2578        644.5             0.03               295.32    0.085574     -101.770460     -101.684886     -101.464996     -0.36     3206.59
       2579        644.8             0.03               296.31    0.085860     -101.769996     -101.684136     -101.464993     -0.36     3158.58
       2580        645.0             0.03               293.78    0.085128     -101.769628     -101.684500     -101.464991     -0.35     3105.88
       2581        645.2             0.03               291.36    0.084426     -101.769398     -101.684973     -101.464989     -0.35     3048.75
       2582        645.5             0.03               290.89    0.084290     -101.769338     -101.685049     -101.464988     -0.35     2987.17
       2583        645.8             0.03               289.52    0.083892     -101.769461     -101.685570     -101.464989     -0.35     2920.91
       2584        646.0             0.03               285.53    0.082737     -101.769761     -101.687025     -101.464990     -0.35     2887.48
       2585        646.2             0.03               286.20    0.082929     -101.770213     -101.687283     -101.464993     -0.36     2907.11
       2586        646.5             0.03               288.02    0.083458     -101.770778     -101.687319     -101.464996     -0.36     2923.05
       2587        646.8             0.03               287.59    0.083333     -101.771402     -101.688069     -101.465000     -0.37     2935.07
       2588        647.0             0.03               288.02    0.083457     -101.772022     -101.688564     -101.465005     -0.38     2942.89
       2589        647.2             0.03               287.86    0.083410     -101.772574     -101.689164     -101.465009     -0.38     2946.30
       2590        647.5             0.03               290.01    0.084034     -101.773001     -101.688966     -101.465012     -0.39     2945.12
       2591        647.8             0.03               288.01    0.083455     -101.773254     -101.689800     -101.465014     -0.39     2939.19
       2592        648.0             0.03               291.16    0.084368     -101.773302     -101.688934     -101.465016     -0.39     2928.40
       2593        648.2             0.03               291.88    0.084576     -101.773130     -101.688554     -101.465015     -0.39     2912.58
       2594        648.5             0.03               290.43    0.084156     -101.772741     -101.688585     -101.465014     -0.39     2891.72
       2595        648.8             0.03               289.76    0.083962     -101.772163     -101.688201     -101.465011     -0.39     2865.90
       2596        649.0             0.03               287.47    0.083298     -101.771439     -101.688141     -101.465008     -0.38     2835.12
       2597        649.2             0.03               287.66    0.083354     -101.770629     -101.687275     -101.465004     -0.37     2799.60
       2598        649.5             0.03               284.15    0.082337     -101.769792     -101.687455     -101.465000     -0.37     2759.34
       2599        649.8             0.03               282.07    0.081734     -101.768996     -101.687262     -101.464997     -0.36     2714.87
       2600        650.0             0.03               284.83    0.082535     -101.768296     -101.685761     -101.464994     -0.36     2666.40
       2601        650.2             0.03               282.45    0.081843     -101.767727     -101.685885     -101.464993     -0.36     2613.92
       2602        650.5             0.03               278.31    0.080644     -101.767318     -101.686674     -101.464993     -0.36     2558.37
       2603        650.8             0.03               277.00    0.080263     -101.767073     -101.686810     -101.464994     -0.36     2500.45
       2604        651.0             0.03               274.85    0.079641     -101.766977     -101.687336     -101.464996     -0.36     2440.48
       2605        651.2             0.03               275.39    0.079797     -101.766995     -101.687198     -101.465000     -0.37     2379.13
       2606        651.5             0.03               275.68    0.079882     -101.767080     -101.687199     -101.465003     -0.37     2316.73
       2607        651.8             0.03               273.28    0.079187     -101.767180     -101.687992     -101.465007     -0.38     2253.92
       2608        652.0             0.03               271.70    0.078729     -101.767239     -101.688510     -101.465010     -0.38     2214.08
       2609        652.2             0.03               271.58    0.078694     -101.767215     -101.688521     -101.465012     -0.39     2193.44
       2610        652.5             0.03               271.79    0.078755     -101.767071     -101.688316     -101.465014     -0.39     2172.31
       2611        652.8             0.03               269.94    0.078218     -101.766785     -101.688566     -101.465014     -0.39     2151.02
       2612        653.0             0.04               268.78    0.077884     -101.766354     -101.688470     -101.465014     -0.39     2129.98
       2613        653.2             0.03               262.82    0.076156     -101.765791     -101.689635     -101.465012     -0.39     2109.46
       2614        653.5             0.03               259.78    0.075275     -101.765134     -101.689859     -101.465009     -0.38     2089.87
       2615        653.8             0.03               257.61    0.074647     -101.764428     -101.689781     -101.465006     -0.38     2071.28
       2616        654.0             0.03               260.05    0.075353     -101.763727     -101.688374     -101.465002     -0.37     2053.81
       2617        654.2             0.03               257.07    0.074490     -101.763083     -101.688593     -101.464998     -0.36     2037.37
       2618        654.5             0.03               252.25    0.073092     -101.762561     -101.689469     -101.464995     -0.36     2022.17
       2619        654.8             0.03               251.82    0.072969     -101.762216     -101.689247     -101.464993     -0.36     2008.24
       2620        655.0             0.03               251.23    0.072796     -101.762085     -101.689289     -101.464991     -0.35     1995.38
       2621        655.2             0.03               249.99    0.072439     -101.762186     -101.689747     -101.464991     -0.35     1983.48
       2622        655.5             0.03               255.62    0.074069     -101.762518     -101.688449     -101.464993     -0.36     1972.40
       2623        655.8             0.03               259.63    0.075231     -101.763061     -101.687830     -101.464995     -0.36     1961.82
       2624        656.0             0.03               263.05    0.076222     -101.763771     -101.687549     -101.464999     -0.37     1951.55
       2625        656.2             0.03               266.25    0.077150     -101.764589     -101.687438     -101.465003     -0.37     1941.41
       2626        656.5             0.03               268.53    0.077811     -101.765450     -101.687639     -101.465007     -0.38     1931.15
       2627        656.8             0.03               271.04    0.078539     -101.766286     -101.687748     -101.465011     -0.39     1920.57
       2628        657.0             0.04               274.26    0.079471     -101.767038     -101.687567     -101.465015     -0.39     1909.44
       2629        657.2             0.04               278.42    0.080675     -101.767653     -101.686978     -101.465017     -0.40     1897.53
       2630        657.5             0.03               281.89    0.081683     -101.768097     -101.686414     -101.465018     -0.40     1884.64
       2631        657.8             0.04               289.43    0.083866     -101.768348     -101.684482     -101.465018     -0.40     1870.61
       2632        658.0             0.03               290.57    0.084198     -101.768404     -101.684207     -101.465017     -0.40     1855.18
       2633        658.2             0.03               291.70    0.084523     -101.768282     -101.683759     -101.465015     -0.39     1838.42
       2634        658.5             0.03               289.48    0.083881     -101.768020     -101.684139     -101.465012     -0.39     1820.24
       2635        658.8             0.03               287.27    0.083240     -101.767677     -101.684437     -101.465008     -0.38     1800.70
       2636        659.0             0.03               285.64    0.082769     -101.767314     -101.684545     -101.465004     -0.38     1779.81
       2637        659.2             0.03               285.95    0.082859     -101.766996     -101.684137     -101.465001     -0.37     1757.58
       2638        659.5             0.03               284.81    0.082526     -101.766777     -101.684251     -101.464999     -0.37     1734.02
       2639        659.8             0.03               284.59    0.082464     -101.766700     -101.684236     -101.464997     -0.36     1709.32
       2640        660.0             0.03               286.08    0.082895     -101.766791     -101.683896     -101.464997     -0.36     1683.57
       2641        660.2             0.03               287.46    0.083294     -101.767052     -101.683758     -101.464998     -0.37     1656.87
       2642        660.5             0.03               290.19    0.084087     -101.767465     -101.683379     -101.465001     -0.37     1629.41
       2643        660.8             0.04               291.89    0.084580     -101.767993     -101.683413     -101.465004     -0.38     1601.31
       2644        661.0             0.04               293.01    0.084904     -101.768581     -101.683678     -101.465008     -0.38     1572.80
       2645        661.2             0.03               288.66    0.083643     -101.769169     -101.685525     -101.465012     -0.39     1544.07
       2646        661.5             0.03               285.39    0.082695     -101.769691     -101.686996     -101.465016     -0.40     1515.51
       2647        661.8             0.03               290.64    0.084217     -101.770099     -101.685883     -101.465019     -0.40     1487.16
       2648        662.0             0.03               291.20    0.084378     -101.770355     -101.685977     -101.465021     -0.40     1458.66
       2649        662.2             0.03               295.20    0.085537     -101.770424     -101.684887     -101.465021     -0.40     1430.24
       2650        662.5             0.03               298.78    0.086576     -101.770294     -101.683718     -101.465021     -0.40     1407.32
       2651        662.8             0.03               297.22    0.086124     -101.769970     -101.683846     -101.465019     -0.40     1420.82
       2652        663.0             0.03               295.05    0.085494     -101.769484     -101.683990     -101.465016     -0.40     1434.41
       2653        663.2             0.03               293.98    0.085184     -101.768886     -101.683701     -101.465012     -0.39     1447.64
       2654        663.5             0.03               292.33    0.084706     -101.768236     -101.683530     -101.465008     -0.38     1460.10
       2655        663.8             0.03               287.66    0.083353     -101.767601     -101.684248     -101.465003     -0.37     1471.30
       2656        664.0             0.03               284.66    0.082484     -101.767052     -101.684568     -101.465000     -0.37     1480.71
       2657        664.2             0.03               286.73    0.083083     -101.766646     -101.683563     -101.464997     -0.36     1487.88
       2658        664.5             0.03               285.78    0.082807     -101.766421     -101.683613     -101.464996     -0.36     1492.42
       2659        664.8             0.03               289.92    0.084007     -101.766401     -101.682394     -101.464996     -0.36     1493.86
       2660        665.0             0.03               288.14    0.083493     -101.766591     -101.683098     -101.464996     -0.36     1491.82
       2661        665.2             0.04               287.75    0.083379     -101.766974     -101.683595     -101.464998     -0.37     1485.96
       2662        665.5             0.04               290.81    0.084267     -101.767524     -101.683257     -101.465001     -0.37     1476.00
       2663        665.8             0.03               293.21    0.084962     -101.768201     -101.683239     -101.465004     -0.37     1461.65
       2664        666.0             0.03               294.32    0.085283     -101.768955     -101.683672     -101.465007     -0.38     1442.73
       2665        666.2             0.03               296.59    0.085942     -101.769733     -101.683792     -101.465010     -0.39     1419.19
       2666        666.5             0.03               301.68    0.087415     -101.770488     -101.683073     -101.465013     -0.39     1390.91
       2667        666.8             0.03               304.68    0.088285     -101.771178     -101.682893     -101.465015     -0.39     1357.76
       2668        667.0             0.03               309.28    0.089617     -101.771769     -101.682152     -101.465016     -0.40     1319.88
       2669        667.2             0.03               308.54    0.089402     -101.772240     -101.682838     -101.465016     -0.40     1277.26
       2670        667.5             0.03               308.43    0.089371     -101.772585     -101.683215     -101.465016     -0.40     1230.40
       2671        667.8             0.03               311.15    0.090161     -101.772817     -101.682656     -101.465014     -0.39     1179.47
       2672        668.0             0.03               312.86    0.090656     -101.772961     -101.682306     -101.465012     -0.39     1124.44
       2673        668.2             0.04               313.85    0.090941     -101.773051     -101.682109     -101.465010     -0.39     1084.93
       2674        668.5             0.03               311.27    0.090196     -101.773122     -101.682926     -101.465008     -0.38     1068.97
       2675        668.8             0.03               310.81    0.090061     -101.773216     -101.683154     -101.465006     -0.38     1050.82
       2676        669.0             0.03               312.51    0.090553     -101.773368     -101.682816     -101.465004     -0.38     1030.47
       2677        669.2             0.03               313.56    0.090857     -101.773609     -101.682753     -101.465003     -0.37     1007.90
       2678        669.5             0.04               319.57    0.092601     -101.773956     -101.681355     -101.465003     -0.37      983.20
       2679        669.8             0.03               321.78    0.093240     -101.774415     -101.681175     -101.465004     -0.37      956.20
       2680        670.0             0.03               321.60    0.093188     -101.774974     -101.681786     -101.465005     -0.38      927.14
       2681        670.2             0.03               322.70    0.093506     -101.775609     -101.682103     -101.465008     -0.38      896.16
       2682        670.5             0.03               324.09    0.093910     -101.776285     -101.682375     -101.465011     -0.39      863.26
       2683        670.8             0.03               329.55    0.095491     -101.776961     -101.681470     -101.465014     -0.39      828.50
       2684        671.0             0.03               331.40    0.096027     -101.777591     -101.681564     -101.465017     -0.40      791.72
       2685        671.2             0.03               330.36    0.095726     -101.778124     -101.682398     -101.465020     -0.40      753.16
       2686        671.5             0.03               332.07    0.096221     -101.778517     -101.682296     -101.465023     -0.41      713.07
       2687        671.8             0.03               332.32    0.096294     -101.778743     -101.682450     -101.465024     -0.41      704.95
       2688        672.0             0.03               330.37    0.095728     -101.778786     -101.683058     -101.465024     -0.41      699.91
       2689        672.2             0.03               330.04    0.095633     -101.778649     -101.683016     -101.465023     -0.41      693.58
       2690        672.5             0.03               331.49    0.096052     -101.778352     -101.682299     -101.465021     -0.40      685.88
       2691        672.8             0.03               330.74    0.095836     -101.777927     -101.682092     -101.465019     -0.40      676.75
       2692        673.0             0.03               330.33    0.095716     -101.777421     -101.681705     -101.465016     -0.40      666.16
       2693        673.2             0.03               328.80    0.095273     -101.776882     -101.681609     -101.465013     -0.39      654.10
       2694        673.5             0.03               324.14    0.093924     -101.776361     -101.682437     -101.465010     -0.39      640.60
       2695        673.8             0.03               321.48    0.093152     -101.775906     -101.682755     -101.465008     -0.38      625.75
       2696        674.0             0.03               316.88    0.091820     -101.775551     -101.683731     -101.465007     -0.38      609.58
       2697        674.2             0.04               316.71    0.091771     -101.775317     -101.683546     -101.465007     -0.38      592.21
       2698        674.5             0.03               318.25    0.092219     -101.775210     -101.682992     -101.465007     -0.38      573.65
       2699        674.8             0.03               316.17    0.091616     -101.775219     -101.683603     -101.465009     -0.38      553.99
       2700        675.0             0.03               317.89    0.092113     -101.775322     -101.683208     -101.465010     -0.39      533.48
       2701        675.2             0.03               316.04    0.091576     -101.775492     -101.683915     -101.465013     -0.39      512.20
       2702        675.5             0.03               314.33    0.091080     -101.775697     -101.684617     -101.465015     -0.39      490.44
       2703        675.8             0.03               312.00    0.090405     -101.775907     -101.685501     -101.465017     -0.40      468.42
       2704        676.0             0.03               312.32    0.090499     -101.776095     -101.685596     -101.465018     -0.40      446.36
       2705        676.2             0.03               312.37    0.090513     -101.776241     -101.685727     -101.465020     -0.40      424.37
       2706        676.5             0.03               312.88    0.090661     -101.776330     -101.685669     -101.465020     -0.40      402.69
       2707        676.8             0.03               315.06    0.091291     -101.776360     -101.685069     -101.465020     -0.40      381.50
       2708        677.0             0.03               317.66    0.092045     -101.776335     -101.684290     -101.465019     -0.40      360.95
       2709        677.2             0.03               318.94    0.092416     -101.776269     -101.683854     -101.465018     -0.40      341.23
       2710        677.5             0.04               318.45    0.092275     -101.776183     -101.683909     -101.465016     -0.40      322.57
       2711        677.8             0.03               320.79    0.092954     -101.776106     -101.683152     -101.465015     -0.39      305.18
       2712        678.0             0.04               318.26    0.092220     -101.776067     -101.683847     -101.465013     -0.39      289.14
       2713        678.2             0.04               317.83    0.092094     -101.776095     -101.684001     -101.465012     -0.39      274.70
       2714        678.5             0.03               317.73    0.092067     -101.776211     -101.684144     -101.465011     -0.39      261.92
       2715        678.8             0.03               320.48    0.092863     -101.776430     -101.683567     -101.465012     -0.39      250.86
       2716        679.0             0.03               323.81    0.093827     -101.776751     -101.682924     -101.465013     -0.39      241.53
       2717        679.2             0.03               325.09    0.094200     -101.777162     -101.682963     -101.465014     -0.39      233.94
       2718        679.5             0.03               329.97    0.095614     -101.777640     -101.682026     -101.465016     -0.40      228.10
       2719        679.8             0.04               331.71    0.096116     -101.778154     -101.682038     -101.465019     -0.40      223.93
       2720        680.0             0.03               333.29    0.096576     -101.778666     -101.682091     -101.465022     -0.41      221.39
       2721        680.2             0.03               333.53    0.096646     -101.779137     -101.682491     -101.465024     -0.41      220.39
       2722        680.5             0.03               333.10    0.096520     -101.779533     -101.683013     -101.465026     -0.41      220.79
       2723        680.8             0.03               331.91    0.096176     -101.779829     -101.683654     -101.465027     -0.41      222.45
       2724        681.0             0.03               332.50    0.096348     -101.780012     -101.683664     -101.465028     -0.42      225.23
       2725        681.2             0.03               335.66    0.097262     -101.780079     -101.682817     -101.465027     -0.42      228.96
       2726        681.5             0.03               337.43    0.097776     -101.780034     -101.682258     -101.465026     -0.41      233.49
       2727        681.8             0.03               340.56    0.098682     -101.779893     -101.681211     -101.465025     -0.41      238.66
       2728        682.0             0.03               340.16    0.098566     -101.779677     -101.681111     -101.465023     -0.41      244.31
       2729        682.2             0.03               334.29    0.096865     -101.779416     -101.682551     -101.465021     -0.40      250.23
       2730        682.5             0.03               331.89    0.096171     -101.779144     -101.682974     -101.465020     -0.40      256.24
       2731        682.8             0.04               332.82    0.096439     -101.778891     -101.682452     -101.465018     -0.40      262.21
       2732        683.0             0.03               332.54    0.096358     -101.778675     -101.682317     -101.465018     -0.40      268.04
       2733        683.2             0.03               326.49    0.094606     -101.778507     -101.683901     -101.465018     -0.40      273.60
       2734        683.5             0.03               335.26    0.097147     -101.778395     -101.681248     -101.465018     -0.40      278.73
       2735        683.8             0.03               334.59    0.096953     -101.778328     -101.681376     -101.465019     -0.40      283.48
       2736        684.0             0.04               337.48    0.097790     -101.778294     -101.680504     -101.465020     -0.40      287.69
       2737        684.2             0.04               337.04    0.097662     -101.778275     -101.680613     -101.465021     -0.40      291.33
       2738        684.5             0.03               337.06    0.097668     -101.778252     -101.680585     -101.465022     -0.41      294.37
       2739        684.8             0.04               338.15    0.097984     -101.778208     -101.680224     -101.465023     -0.41      296.77
       2740        685.0             0.04               338.62    0.098119     -101.778125     -101.680005     -101.465024     -0.41      298.54
       2741        685.2             0.03               341.26    0.098885     -101.777990     -101.679104     -101.465024     -0.41      299.68
       2742        685.5             0.04               342.33    0.099194     -101.777794     -101.678600     -101.465024     -0.41      300.20
       2743        685.8             0.03               339.38    0.098339     -101.777538     -101.679199     -101.465024     -0.41      300.12
       2744        686.0             0.04               335.93    0.097340     -101.777233     -101.679893     -101.465022     -0.41      299.47
       2745        686.2             0.04               335.16    0.097118     -101.776897     -101.679779     -101.465021     -0.40      298.26
       2746        686.5             0.05               331.47    0.096048     -101.776553     -101.680505     -101.465019     -0.40      305.36
       2747        686.8             0.05               328.26    0.095118     -101.776233     -101.681115     -101.465018     -0.40      332.03
       2748        687.0             0.03               327.90    0.095013     -101.775968     -101.680956     -101.465016     -0.40      357.40
       2749        687.2             0.04               328.09    0.095068     -101.775789     -101.680721     -101.465015     -0.39      381.38
       2750        687.5             0.05               330.15    0.095665     -101.775720     -101.680056     -101.465013     -0.39      403.75
       2751        687.8             0.04               330.23    0.095689     -101.775781     -101.680092     -101.465013     -0.39      424.34
       2752        688.0             0.04               330.43    0.095745     -101.775978     -101.680232     -101.465014     -0.39      442.85
       2753        688.2             0.05               334.76    0.097002     -101.776308     -101.679306     -101.465015     -0.39      459.06
       2754        688.5             0.05               337.07    0.097670     -101.776757     -101.679087     -101.465017     -0.40      472.84
       2755        688.8             0.04               338.48    0.098080     -101.777293     -101.679213     -101.465019     -0.40      483.94
       2756        689.0             0.03               340.75    0.098737     -101.777881     -101.679144     -101.465022     -0.41      492.15
       2757        689.2             0.04               342.45    0.099229     -101.778481     -101.679252     -101.465025     -0.41      497.31
       2758        689.5             0.04               342.70    0.099303     -101.779055     -101.679752     -101.465027     -0.42      499.27
       2759        689.8             0.05               340.98    0.098803     -101.779570     -101.680767     -101.465029     -0.42      497.93
       2760        690.0             0.07               345.02    0.099973     -101.780005     -101.680031     -101.465030     -0.42      493.21
       2761        690.2             0.05               345.93    0.100238     -101.780352     -101.680114     -101.465031     -0.42      485.02
       2762        690.5             0.04               343.08    0.099413     -101.780610     -101.681197     -101.465030     -0.42      473.37
       2763        690.8             0.04               342.87    0.099350     -101.780791     -101.681441     -101.465029     -0.42      458.34
       2764        691.0             0.04               340.23    0.098587     -101.780921     -101.682334     -101.465028     -0.42      439.93
       2765        691.2             0.04               338.41    0.098058     -101.781026     -101.682968     -101.465027     -0.41      418.31
       2766        691.5             0.04               339.69    0.098429     -101.781133     -101.682704     -101.465026     -0.41      393.58
       2767        691.8             0.04               338.13    0.097978     -101.781263     -101.683285     -101.465026     -0.41      365.80
       2768        692.0             0.04               337.72    0.097859     -101.781429     -101.683570     -101.465026     -0.41      335.29
       2769        692.2             0.04               336.24    0.097429     -101.781637     -101.684208     -101.465026     -0.41      302.23
       2770        692.5             0.04               337.75    0.097869     -101.781883     -101.684015     -101.465027     -0.41      268.13
       2771        692.8             0.04               339.48    0.098369     -101.782156     -101.683787     -101.465028     -0.42      254.13
       2772        693.0             0.04               342.67    0.099293     -101.782435     -101.683142     -101.465030     -0.42      257.77
       2773        693.2             0.03               341.55    0.098969     -101.782696     -101.683726     -101.465032     -0.42      261.64
       2774        693.5             0.04               343.36    0.099493     -101.782912     -101.683418     -101.465033     -0.43      266.42
       2775        693.8             0.04               343.35    0.099490     -101.783062     -101.683572     -101.465034     -0.43      272.80
       2776        694.0             0.04               340.22    0.098583     -101.783125     -101.684542     -101.465035     -0.43      281.35
       2777        694.2             0.03               336.45    0.097492     -101.783089     -101.685596     -101.465036     -0.43      292.51
       2778        694.5             0.04               338.28    0.098022     -101.782948     -101.684926     -101.465036     -0.43      306.62
       2779        694.8             0.04               336.46    0.097495     -101.782702     -101.685207     -101.465036     -0.43      324.04
       2780        695.0             0.03               335.62    0.097251     -101.782356     -101.685105     -101.465035     -0.43      344.79
       2781        695.2             0.04               334.58    0.096950     -101.781925     -101.684975     -101.465034     -0.43      368.88
       2782        695.5             0.04               331.47    0.096048     -101.781427     -101.685379     -101.465032     -0.42      396.14
       2783        695.8             0.04               328.47    0.095178     -101.780890     -101.685712     -101.465030     -0.42      426.22
       2784        696.0             0.03               327.42    0.094874     -101.780344     -101.685470     -101.465029     -0.42      458.72
       2785        696.2             0.04               327.53    0.094906     -101.779818     -101.684912     -101.465027     -0.41      493.26
       2786        696.5             0.04               325.52    0.094325     -101.779339     -101.685014     -101.465025     -0.41      529.33
       2787        696.8             0.04               326.22    0.094526     -101.778931     -101.684405     -101.465024     -0.41      566.20
       2788        697.0             0.04               321.75    0.093232     -101.778612     -101.685379     -101.465023     -0.41      603.37
       2789        697.2             0.04               320.41    0.092842     -101.778393     -101.685551     -101.465023     -0.41      639.90
       2790        697.5             0.04               319.53    0.092588     -101.778276     -101.685688     -101.465024     -0.41      684.29
       2791        697.8             0.04               321.99    0.093302     -101.778251     -101.684949     -101.465025     -0.41      729.39
       2792        698.0             0.04               323.35    0.093695     -101.778299     -101.684604     -101.465027     -0.41      772.25
       2793        698.2             0.04               321.69    0.093215     -101.778394     -101.685179     -101.465028     -0.42      812.27
       2794        698.5             0.04               326.20    0.094521     -101.778507     -101.683986     -101.465030     -0.42      848.87
       2795        698.8             0.04               324.35    0.093986     -101.778610     -101.684624     -101.465032     -0.42      882.07
       2796        699.0             0.04               326.75    0.094681     -101.778679     -101.683998     -101.465033     -0.42      911.33
       2797        699.2             0.04               322.98    0.093589     -101.778698     -101.685109     -101.465033     -0.42      936.75
       2798        699.5             0.04               324.53    0.094036     -101.778662     -101.684627     -101.465032     -0.42      958.09
       2799        699.8             0.04               323.53    0.093748     -101.778580     -101.684832     -101.465031     -0.42      975.67
       2800        700.0             0.05               322.41    0.093422     -101.778469     -101.685048     -101.465030     -0.42      989.63
       2801        700.2             0.04               321.82    0.093251     -101.778356     -101.685106     -101.465028     -0.42     1000.30
       2802        700.5             0.05               325.23    0.094241     -101.778273     -101.684032     -101.465026     -0.41     1008.12
       2803        700.8             0.04               326.65    0.094651     -101.778249     -101.683598     -101.465024     -0.41     1013.64
       2804        701.0             0.05               325.54    0.094331     -101.778306     -101.683975     -101.465023     -0.41     1017.40
       2805        701.2             0.05               326.95    0.094737     -101.778461     -101.683724     -101.465023     -0.41     1020.03
       2806        701.5             0.04               330.91    0.095885     -101.778716     -101.682831     -101.465024     -0.41     1022.23
       2807        701.8             0.04               333.68    0.096688     -101.779059     -101.682372     -101.465026     -0.41     1024.69
       2808        702.0             0.04               336.22    0.097423     -101.779463     -101.682040     -101.465029     -0.42     1032.09
       2809        702.2             0.04               336.66    0.097552     -101.779893     -101.682341     -101.465031     -0.42     1126.34
       2810        702.5             0.04               336.23    0.097427     -101.780310     -101.682884     -101.465034     -0.43     1221.84
       2811        702.8             0.04               334.64    0.096966     -101.780680     -101.683713     -101.465036     -0.43     1318.63
       2812        703.0             0.03               335.69    0.097272     -101.780970     -101.683699     -101.465037     -0.43     1416.65
       2813        703.2             0.04               335.97    0.097350     -101.781159     -101.683809     -101.465039     -0.43     1516.30
       2814        703.5             0.04               339.42    0.098350     -101.781230     -101.682880     -101.465039     -0.44     1617.38
       2815        703.8             0.04               336.75    0.097578     -101.781174     -101.683596     -101.465039     -0.44     1720.19
       2816        704.0             0.04               336.16    0.097406     -101.780991     -101.683585     -101.465039     -0.43     1823.50
       2817        704.2             0.04               334.23    0.096847     -101.780695     -101.683848     -101.465038     -0.43     1927.24
       2818        704.5             0.04               332.63    0.096384     -101.780303     -101.683919     -101.465036     -0.43     2030.71
       2819        704.8             0.04               331.42    0.096035     -101.779843     -101.683809     -101.465035     -0.43     2152.36
       2820        705.0             0.04               324.47    0.094019     -101.779342     -101.685323     -101.465033     -0.42     2274.67
       2821        705.2             0.04               317.30    0.091943     -101.778837     -101.686895     -101.465031     -0.42     2394.49
       2822        705.5             0.05               310.80    0.090059     -101.778363     -101.688303     -101.465029     -0.42     2510.84
       2823        705.8             0.04               306.10    0.088697     -101.777947     -101.689250     -101.465028     -0.42     2622.92
       2824        706.0             0.04               303.14    0.087839     -101.777612     -101.689773     -101.465028     -0.42     2738.56
       2825        706.2             0.04               300.99    0.087215     -101.777369     -101.690153     -101.465027     -0.42     2855.89
       2826        706.5             0.04               297.78    0.086284     -101.777219     -101.690935     -101.465028     -0.42     2962.62
       2827        706.8             0.04               295.14    0.085522     -101.777157     -101.691636     -101.465029     -0.42     3058.22
       2828        707.0             0.04               295.15    0.085523     -101.777165     -101.691643     -101.465031     -0.42     3142.69
       2829        707.2             0.05               295.10    0.085510     -101.777216     -101.691705     -101.465033     -0.43     3216.53
       2830        707.5             0.04               291.84    0.084563     -101.777273     -101.692709     -101.465036     -0.43     3280.07
       2831        707.8             0.05               292.80    0.084842     -101.777299     -101.692457     -101.465038     -0.43     3333.58
       2832        708.0             0.05               291.69    0.084522     -101.777260     -101.692738     -101.465040     -0.44     3378.29
       2833        708.2             0.05               290.71    0.084236     -101.777121     -101.692885     -101.465042     -0.44     3415.03
       2834        708.5             0.04               289.79    0.083971     -101.776863     -101.692891     -101.465042     -0.44     3444.98
       2835        708.8             0.04               286.25    0.082944     -101.776479     -101.693535     -101.465042     -0.44     3469.45
       2836        709.0             0.04               284.39    0.082404     -101.775983     -101.693579     -101.465040     -0.44     3507.77
       2837        709.2             0.04               285.25    0.082656     -101.775405     -101.692748     -101.465037     -0.43     3559.82
       2838        709.5             0.04               279.95    0.081118     -101.774782     -101.693664     -101.465034     -0.43     3610.25
       2839        709.8             0.05               275.10    0.079715     -101.774174     -101.694459     -101.465031     -0.42     3659.63
       2840        710.0             0.04               272.44    0.078943     -101.773638     -101.694695     -101.465028     -0.42     3709.04
       2841        710.2             0.04               272.68    0.079013     -101.773228     -101.694215     -101.465025     -0.41     3770.38
       2842        710.5             0.05               268.99    0.077944     -101.772981     -101.695037     -101.465024     -0.41     3861.98
       2843        710.8             0.04               272.23    0.078883     -101.772923     -101.694040     -101.465024     -0.41     3956.56
       2844        711.0             0.04               270.38    0.078348     -101.773058     -101.694710     -101.465025     -0.41     4055.28
       2845        711.2             0.04               270.48    0.078376     -101.773368     -101.694992     -101.465027     -0.42     4156.92
       2846        711.5             0.04               270.42    0.078358     -101.773822     -101.695464     -101.465030     -0.42     4261.27
       2847        711.8             0.04               270.59    0.078407     -101.774373     -101.695966     -101.465034     -0.43     4367.52
       2848        712.0             0.04               268.74    0.077870     -101.774969     -101.697099     -101.465038     -0.43     4474.77
       2849        712.2             0.03               268.20    0.077714     -101.775557     -101.697843     -101.465041     -0.44     4581.53
       2850        712.5             0.04               268.64    0.077841     -101.776090     -101.698250     -101.465044     -0.44     4686.89
       2851        712.8             0.04               267.50    0.077512     -101.776533     -101.699021     -101.465046     -0.45     4789.78
       2852        713.0             0.04               268.42    0.077778     -101.776858     -101.699079     -101.465047     -0.45     4888.66
       2853        713.2             0.04               268.30    0.077742     -101.777053     -101.699311     -101.465047     -0.45     4982.63
       2854        713.5             0.04               267.17    0.077417     -101.777119     -101.699702     -101.465046     -0.45     5070.27
       2855        713.8             0.04               265.06    0.076805     -101.777072     -101.700267     -101.465045     -0.45     5150.24
       2856        714.0             0.05               264.24    0.076566     -101.776936     -101.700371     -101.465043     -0.44     5221.32
       2857        714.2             0.04               263.00    0.076207     -101.776747     -101.700540     -101.465041     -0.44     5282.71
       2858        714.5             0.05               259.98    0.075333     -101.776539     -101.701206     -101.465039     -0.43     5333.52
       2859        714.8             0.05               257.55    0.074627     -101.776351     -101.701724     -101.465037     -0.43     5372.94
       2860        715.0             0.05               259.36    0.075154     -101.776218     -101.701064     -101.465035     -0.43     5400.58
       2861        715.2             0.04               258.91    0.075021     -101.776163     -101.701141     -101.465034     -0.43     5416.38
       2862        715.5             0.05               257.94    0.074743     -101.776199     -101.701456     -101.465034     -0.43     5420.19
       2863        715.8             0.04               258.69    0.074960     -101.776330     -101.701370     -101.465035     -0.43     5412.20
       2864        716.0             0.04               258.99    0.075046     -101.776547     -101.701502     -101.465036     -0.43     5392.81
       2865        716.2             0.04               257.64    0.074654     -101.776827     -101.702173     -101.465039     -0.43     5362.64
       2866        716.5             0.04               258.35    0.074859     -101.777136     -101.702276     -101.465042     -0.44     5322.64
       2867        716.8             0.03               258.05    0.074775     -101.777432     -101.702658     -101.465045     -0.45     5273.66
       2868        717.0             0.03               256.67    0.074372     -101.777671     -101.703298     -101.465048     -0.45     5216.95
       2869        717.2             0.04               257.97    0.074749     -101.777805     -101.703056     -101.465051     -0.46     5156.04
       2870        717.5             0.03               255.33    0.073986     -101.777798     -101.703812     -101.465053     -0.46     5112.18
       2871        717.8             0.03               258.99    0.075047     -101.777622     -101.702576     -101.465054     -0.46     5065.14
       2872        718.0             0.04               256.73    0.074390     -101.777261     -101.702871     -101.465054     -0.46     5015.54
       2873        718.2             0.03               255.97    0.074172     -101.776722     -101.702550     -101.465053     -0.46     4965.14
       2874        718.5             0.03               255.19    0.073945     -101.776028     -101.702083     -101.465050     -0.45     4914.89
       2875        718.8             0.03               252.15    0.073065     -101.775219     -101.702154     -101.465047     -0.45     4865.78
       2876        719.0             0.04               253.11    0.073342     -101.774355     -101.701013     -101.465043     -0.44     4818.88
       2877        719.2             0.03               250.58    0.072609     -101.773488     -101.700880     -101.465039     -0.44     4774.46
       2878        719.5             0.04               249.00    0.072152     -101.772687     -101.700535     -101.465036     -0.43     4733.24
       2879        719.8             0.03               247.74    0.071786     -101.772002     -101.700216     -101.465033     -0.43     4695.33
       2880        720.0             0.04               245.14    0.071033     -101.771476     -101.700443     -101.465032     -0.42     4660.58
       2881        720.2             0.04               240.02    0.069550     -101.771132     -101.701582     -101.465032     -0.42     4628.73
       2882        720.5             0.04               236.32    0.068477     -101.770974     -101.702497     -101.465033     -0.42     4599.28
       2883        720.8             0.04               234.40    0.067921     -101.770986     -101.703065     -101.465035     -0.43     4571.26
       2884        721.0             0.04               234.87    0.068058     -101.771137     -101.703078     -101.465038     -0.43     4543.50
       2885        721.2             0.03               232.90    0.067485     -101.771380     -101.703895     -101.465041     -0.44     4514.65
       2886        721.5             0.04               236.92    0.068651     -101.771666     -101.703015     -101.465044     -0.44     4483.55
       2887        721.8             0.04               235.15    0.068138     -101.771946     -101.703808     -101.465047     -0.45     4448.43
       2888        722.0             0.04               236.82    0.068622     -101.772173     -101.703551     -101.465049     -0.45     4408.35
       2889        722.2             0.05               233.05    0.067530     -101.772316     -101.704786     -101.465050     -0.45     4361.68
       2890        722.5             0.03               235.65    0.068284     -101.772356     -101.704072     -101.465051     -0.46     4307.75
       2891        722.8             0.03               232.10    0.067253     -101.772291     -101.705038     -101.465050     -0.45     4244.71
       2892        723.0             0.04               231.91    0.067200     -101.772131     -101.704931     -101.465049     -0.45     4172.43
       2893        723.2             0.04               229.79    0.066584     -101.771901     -101.705316     -101.465047     -0.45     4089.62
       2894        723.5             0.04               231.52    0.067087     -101.771633     -101.704546     -101.465045     -0.45     4016.65
       2895        723.8             0.04               232.22    0.067288     -101.771362     -101.704074     -101.465043     -0.44     3954.06
       2896        724.0             0.03               228.92    0.066333     -101.771124     -101.704791     -101.465041     -0.44     3879.78
       2897        724.2             0.03               227.84    0.066020     -101.770954     -101.704934     -101.465040     -0.44     3794.40
       2898        724.5             0.03               227.40    0.065893     -101.770880     -101.704987     -101.465039     -0.44     3697.70
       2899        724.8             0.04               227.26    0.065852     -101.770920     -101.705068     -101.465039     -0.44     3589.93
       2900        725.0             0.04               228.27    0.066144     -101.771077     -101.704933     -101.465040     -0.44     3471.57
       2901        725.2             0.04               228.17    0.066116     -101.771346     -101.705230     -101.465041     -0.44     3343.05
       2902        725.5             0.04               231.94    0.067207     -101.771706     -101.704499     -101.465043     -0.44     3205.57
       2903        725.8             0.04               231.40    0.067050     -101.772129     -101.705079     -101.465046     -0.45     3058.94
       2904        726.0             0.04               232.63    0.067407     -101.772572     -101.705165     -101.465049     -0.45     2905.57
       2905        726.2             0.04               235.60    0.068267     -101.772994     -101.704727     -101.465052     -0.46     2745.98
       2906        726.5             0.04               237.30    0.068762     -101.773351     -101.704590     -101.465055     -0.46     2580.67
       2907        726.8             0.04               238.29    0.069049     -101.773598     -101.704549     -101.465058     -0.47     2411.15
       2908        727.0             0.05               242.66    0.070314     -101.773700     -101.703386     -101.465059     -0.47     2238.69
       2909        727.2             0.04               244.67    0.070896     -101.773630     -101.702735     -101.465059     -0.47     2113.84
       2910        727.5             0.04               246.06    0.071298     -101.773378     -101.702080     -101.465058     -0.47     2021.38
       2911        727.8             0.04               247.05    0.071586     -101.772949     -101.701363     -101.465057     -0.47     1937.32
       2912        728.0             0.03               241.56    0.069996     -101.772362     -101.702367     -101.465055     -0.46     1869.23
       2913        728.2             0.04               236.40    0.068500     -101.771666     -101.703166     -101.465052     -0.46     1801.40
       2914        728.5             0.04               232.84    0.067470     -101.770911     -101.703441     -101.465049     -0.45     1733.86
       2915        728.8             0.04               226.56    0.065649     -101.770146     -101.704496     -101.465046     -0.45     1666.41
       2916        729.0             0.04               223.55    0.064776     -101.769423     -101.704647     -101.465043     -0.44     1599.42
       2917        729.2             0.04               222.03    0.064335     -101.768778     -101.704443     -101.465042     -0.44     1554.15
       2918        729.5             0.04               221.46    0.064171     -101.768235     -101.704064     -101.465041     -0.44     1528.93
       2919        729.8             0.03               219.98    0.063743     -101.767806     -101.704064     -101.465041     -0.44     1499.94
       2920        730.0             0.04               218.96    0.063447     -101.767492     -101.704046     -101.465042     -0.44     1467.10
       2921        730.2             0.04               218.92    0.063434     -101.767282     -101.703848     -101.465043     -0.44     1430.29
       2922        730.5             0.04               220.93    0.064018     -101.767153     -101.703135     -101.465045     -0.45     1389.38
       2923        730.8             0.03               219.07    0.063477     -101.767078     -101.703600     -101.465047     -0.45     1344.17
       2924        731.0             0.04               218.86    0.063419     -101.767027     -101.703608     -101.465048     -0.45     1295.09
       2925        731.2             0.04               216.65    0.062777     -101.766974     -101.704198     -101.465050     -0.45     1242.01
       2926        731.5             0.04               214.92    0.062276     -101.766899     -101.704623     -101.465051     -0.46     1185.28
       2927        731.8             0.04               215.65    0.062487     -101.766790     -101.704303     -101.465051     -0.46     1124.96
       2928        732.0             0.04               214.71    0.062214     -101.766641     -101.704427     -101.465050     -0.46     1068.01
       2929        732.2             0.04               213.32    0.061813     -101.766458     -101.704645     -101.465050     -0.45     1081.88
       2930        732.5             0.04               209.25    0.060632     -101.766255     -101.705624     -101.465048     -0.45     1093.07
       2931        732.8             0.04               207.45    0.060112     -101.766057     -101.705945     -101.465047     -0.45     1101.41
       2932        733.0             0.04               205.32    0.059493     -101.765891     -101.706398     -101.465045     -0.45     1106.87
       2933        733.2             0.04               207.20    0.060040     -101.765785     -101.705745     -101.465043     -0.44     1109.34
       2934        733.5             0.03               207.41    0.060098     -101.765764     -101.705666     -101.465042     -0.44     1108.73
       2935        733.8             0.04               210.78    0.061078     -101.765849     -101.704771     -101.465041     -0.44     1104.93
       2936        734.0             0.04               212.39    0.061541     -101.766053     -101.704512     -101.465040     -0.44     1097.81
       2937        734.2             0.05               214.84    0.062252     -101.766383     -101.704131     -101.465040     -0.44     1087.28
       2938        734.5             0.04               217.84    0.063121     -101.766834     -101.703712     -101.465041     -0.44     1073.24
       2939        734.8             0.04               216.72    0.062796     -101.767393     -101.704596     -101.465043     -0.44     1055.60
       2940        735.0             0.04               221.61    0.064215     -101.768034     -101.703819     -101.465044     -0.44     1034.49
       2941        735.2             0.04               225.40    0.065313     -101.768736     -101.703423     -101.465047     -0.45     1009.61
       2942        735.5             0.04               231.98    0.067219     -101.769460     -101.702241     -101.465049     -0.45      980.99
       2943        735.8             0.04               233.35    0.067617     -101.770167     -101.702550     -101.465052     -0.46      948.47
       2944        736.0             0.04               236.10    0.068412     -101.770811     -101.702399     -101.465054     -0.46      912.43
       2945        736.2             0.04               239.65    0.069442     -101.771358     -101.701916     -101.465056     -0.46      872.83
       2946        736.5             0.05               241.90    0.070093     -101.771782     -101.701689     -101.465057     -0.47      829.69
       2947        736.8             0.04               242.41    0.070242     -101.772063     -101.701822     -101.465057     -0.47      783.21
       2948        737.0             0.04               244.74    0.070916     -101.772199     -101.701282     -101.465057     -0.47      733.71
       2949        737.2             0.04               244.77    0.070926     -101.772198     -101.701272     -101.465055     -0.46      681.15
       2950        737.5             0.04               245.69    0.071191     -101.772083     -101.700892     -101.465053     -0.46      625.99
       2951        737.8             0.04               241.63    0.070016     -101.771884     -101.701869     -101.465051     -0.46      568.34
       2952        738.0             0.04               240.93    0.069813     -101.771641     -101.701828     -101.465049     -0.45      509.08
       2953        738.2             0.03               242.31    0.070212     -101.771388     -101.701175     -101.465047     -0.45      448.12
       2954        738.5             0.04               243.45    0.070543     -101.771151     -101.700608     -101.465046     -0.45      401.91
       2955        738.8             0.04               247.86    0.071822     -101.770948     -101.699126     -101.465046     -0.45      377.91
       2956        739.0             0.04               246.70    0.071484     -101.770781     -101.699297     -101.465046     -0.45      353.59
       2957        739.2             0.04               249.04    0.072163     -101.770644     -101.698481     -101.465047     -0.45      329.41
       2958        739.5             0.04               247.86    0.071822     -101.770523     -101.698701     -101.465048     -0.45      305.38
       2959        739.8             0.04               250.48    0.072580     -101.770395     -101.697815     -101.465050     -0.45      281.82
       2960        740.0             0.04               250.84    0.072684     -101.770235     -101.697551     -101.465051     -0.46      258.67
       2961        740.2             0.04               245.57    0.071156     -101.770019     -101.698863     -101.465052     -0.46      236.14
       2962        740.5             0.04               244.97    0.070982     -101.769736     -101.698754     -101.465053     -0.46      214.57
       2963        740.8             0.04               246.24    0.071351     -101.769376     -101.698025     -101.465053     -0.46      193.80
       2964        741.0             0.04               241.86    0.070081     -101.768932     -101.698851     -101.465053     -0.46      173.77
       2965        741.2             0.05               238.24    0.069033     -101.768419     -101.699385     -101.465052     -0.46      154.75
       2966        741.5             0.04               237.46    0.068806     -101.767851     -101.699045     -101.465050     -0.45      136.68
       2967        741.8             0.04               237.08    0.068697     -101.767250     -101.698553     -101.465048     -0.45      119.46
       2968        742.0             0.04               233.60    0.067688     -101.766642     -101.698954     -101.465046     -0.45      103.05
       2969        742.2             0.04               231.19    0.066991     -101.766059     -101.699067     -101.465044     -0.44       87.53
       2970        742.5             0.04               229.85    0.066602     -101.765533     -101.698931     -101.465043     -0.44       72.84
       2971        742.8             0.04               227.31    0.065865     -101.765090     -101.699225     -101.465041     -0.44       58.93
       2972        743.0             0.04               224.49    0.065048     -101.764755     -101.699707     -101.465040     -0.44       45.81
       2973        743.2             0.04               223.55    0.064776     -101.764543     -101.699767     -101.465040     -0.44       33.48
       2974        743.5             0.04               220.61    0.063925     -101.764461     -101.700537     -101.465040     -0.44       21.88
       2975        743.8             0.04               221.17    0.064086     -101.764506     -101.700420     -101.465041     -0.44       11.06
       2976        744.0             0.04               221.98    0.064322     -101.764664     -101.700342     -101.465042     -0.44        0.96
       2977        744.2             0.04               219.47    0.063593     -101.764914     -101.701321     -101.465044     -0.44        0.00
       2978        744.5             0.04               220.61    0.063924     -101.765228     -101.701304     -101.465046     -0.45        0.00
       2979        744.8             0.04               222.30    0.064415     -101.765581     -101.701167     -101.465048     -0.45        0.00
       2980        745.0             0.03               222.55    0.064487     -101.765943     -101.701455     -101.465050     -0.45        0.00
       2981        745.2             0.04               220.31    0.063839     -101.766285     -101.702446     -101.465051     -0.46        0.00
       2982        745.5             0.03               219.18    0.063510     -101.766590     -101.703080     -101.465052     -0.46        0.00
       2983        745.8             0.04               220.53    0.063901     -101.766849     -101.702948     -101.465052     -0.46        0.00
       2984        746.0             0.04               220.02    0.063752     -101.767062     -101.703309     -101.465052     -0.46        0.00
       2985        746.2             0.04               220.42    0.063870     -101.767235     -101.703365     -101.465051     -0.46        0.00
       2986        746.5             0.03               221.28    0.064117     -101.767384     -101.703266     -101.465050     -0.45        0.00
       2987        746.8             0.03               220.80    0.063979     -101.767528     -101.703549     -101.465048     -0.45        0.00
       2988        747.0             0.04               219.91    0.063723     -101.767689     -101.703966     -101.465047     -0.45        0.00
       2989        747.2             0.03               220.56    0.063911     -101.767886     -101.703975     -101.465046     -0.45        0.00
       2990        747.5             0.04               223.96    0.064894     -101.768135     -101.703241     -101.465046     -0.45        0.00
       2991        747.8             0.04               226.64    0.065672     -101.768438     -101.702766     -101.465047     -0.45        0.00
       2992        748.0             0.04               231.17    0.066983     -101.768786     -101.701803     -101.465048     -0.45        0.00
       2993        748.2             0.04               234.62    0.067985     -101.769160     -101.701174     -101.465049     -0.45        0.00
       2994        748.5             0.04               235.15    0.068137     -101.769527     -101.701391     -101.465051     -0.46        0.00
       2995        748.8             0.04               233.16    0.067561     -101.769854     -101.702294     -101.465053     -0.46        0.00
       2996        749.0             0.04               230.75    0.066862     -101.770107     -101.703245     -101.465055     -0.46        9.23
       2997        749.2             0.04               229.87    0.066609     -101.770260     -101.703652     -101.465057     -0.47       22.86
       2998        749.5             0.04               232.71    0.067430     -101.770294     -101.702864     -101.465058     -0.47       37.49
       2999        749.8             0.04               230.82    0.066882     -101.770194     -101.703312     -101.465058     -0.47       53.08
       3000        750.0             0.04               229.78    0.066581     -101.769957     -101.703377     -101.465057     -0.47       69.30
       3001        750.2             0.04               224.58    0.065074     -101.769593     -101.704519     -101.465056     -0.46       85.98
       3002        750.5             0.03               225.05    0.065211     -101.769128     -101.703917     -101.465054     -0.46      102.78
       3003        750.8             0.03               227.32    0.065869     -101.768585     -101.702716     -101.465052     -0.46      119.69
       3004        751.0             0.04               226.59    0.065659     -101.767989     -101.702331     -101.465050     -0.45      144.15
       3005        751.2             0.04               220.51    0.063896     -101.767375     -101.703479     -101.465048     -0.45      183.00
       3006        751.5             0.04               219.84    0.063702     -101.766782     -101.703081     -101.465046     -0.45      220.56
       3007        751.8             0.04               215.39    0.062413     -101.766235     -101.703823     -101.465045     -0.45      257.04
       3008        752.0             0.05               210.12    0.060885     -101.765760     -101.704875     -101.465044     -0.44      291.88
       3009        752.2             0.04               208.57    0.060437     -101.765372     -101.704934     -101.465044     -0.44      324.80
       3010        752.5             0.04               204.71    0.059318     -101.765075     -101.705757     -101.465044     -0.44      355.91
       3011        752.8             0.04               200.57    0.058118     -101.764869     -101.706752     -101.465045     -0.44      384.88
       3012        753.0             0.04               200.14    0.057993     -101.764748     -101.706755     -101.465046     -0.45      411.57
       3013        753.2             0.05               195.76    0.056723     -101.764696     -101.707973     -101.465047     -0.45      436.15
       3014        753.5             0.04               196.30    0.056881     -101.764696     -101.707814     -101.465048     -0.45      458.34
       3015        753.8             0.04               195.46    0.056638     -101.764729     -101.708092     -101.465049     -0.45      478.42
       3016        754.0             0.04               195.84    0.056746     -101.764778     -101.708032     -101.465050     -0.45      496.35
       3017        754.2             0.04               200.62    0.058133     -101.764827     -101.706694     -101.465051     -0.46      512.25
       3018        754.5             0.04               199.91    0.057928     -101.764863     -101.706935     -101.465051     -0.46      526.39
       3019        754.8             0.04               200.16    0.057998     -101.764882     -101.706883     -101.465051     -0.46      538.69
       3020        755.0             0.04               205.23    0.059467     -101.764888     -101.705422     -101.465050     -0.45      549.33
       3021        755.2             0.04               207.59    0.060152     -101.764895     -101.704743     -101.465049     -0.45      558.60
       3022        755.5             0.04               209.01    0.060563     -101.764918     -101.704354     -101.465047     -0.45      566.60
       3023        755.8             0.04               209.18    0.060612     -101.764983     -101.704370     -101.465046     -0.45      573.50
       3024        756.0             0.04               209.96    0.060839     -101.765117     -101.704278     -101.465044     -0.44      579.45
       3025        756.2             0.04               210.90    0.061112     -101.765349     -101.704237     -101.465043     -0.44      584.63
       3026        756.5             0.04               212.68    0.061626     -101.765698     -101.704072     -101.465043     -0.44      589.21
       3027        756.8             0.04               213.45    0.061849     -101.766177     -101.704328     -101.465043     -0.44      593.33
       3028        757.0             0.04               213.23    0.061787     -101.766781     -101.704994     -101.465044     -0.44      597.10
       3029        757.2             0.04               214.28    0.062092     -101.767496     -101.705404     -101.465046     -0.45      600.60
       3030        757.5             0.03               216.91    0.062852     -101.768299     -101.705447     -101.465048     -0.45      603.89
       3031        757.8             0.04               219.16    0.063504     -101.769155     -101.705651     -101.465050     -0.46      607.02
       3032        758.0             0.04               219.36    0.063561     -101.770021     -101.706460     -101.465053     -0.46      609.99
       3033        758.2             0.04               221.27    0.064117     -101.770851     -101.706734     -101.465056     -0.46      612.77
       3034        758.5             0.03               228.15    0.066109     -101.771608     -101.705499     -101.465058     -0.47      615.33
       3035        758.8             0.03               231.69    0.067135     -101.772262     -101.705127     -101.465060     -0.47      617.64
       3036        759.0             0.04               235.21    0.068155     -101.772780     -101.704624     -101.465061     -0.47      626.84
       3037        759.2             0.04               236.28    0.068465     -101.773144     -101.704679     -101.465061     -0.47      645.88
       3038        759.5             0.04               236.86    0.068635     -101.773352     -101.704717     -101.465060     -0.47      664.51
       3039        759.8             0.04               234.24    0.067875     -101.773416     -101.705541     -101.465059     -0.47      682.68
       3040        760.0             0.03               235.40    0.068211     -101.773359     -101.705149     -101.465058     -0.47      700.22
       3041        760.2             0.04               236.71    0.068591     -101.773213     -101.704622     -101.465056     -0.46      717.26
       3042        760.5             0.03               238.97    0.069244     -101.773010     -101.703767     -101.465054     -0.46      733.78
       3043        760.8             0.04               236.88    0.068640     -101.772782     -101.704142     -101.465052     -0.46      749.78
       3044        761.0             0.04               234.96    0.068082     -101.772563     -101.704481     -101.465050     -0.45      765.10
       3045        761.2             0.04               232.04    0.067237     -101.772382     -101.705145     -101.465049     -0.45      779.76
       3046        761.5             0.04               232.74    0.067438     -101.772262     -101.704824     -101.465049     -0.45      793.71
       3047        761.8             0.04               230.32    0.066738     -101.772212     -101.705475     -101.465049     -0.45      807.08
       3048        762.0             0.04               229.56    0.066517     -101.772235     -101.705718     -101.465049     -0.45      819.78
       3049        762.2             0.04               227.78    0.066003     -101.772320     -101.706317     -101.465051     -0.46      831.90
       3050        762.5             0.05               228.46    0.066199     -101.772451     -101.706253     -101.465053     -0.46      843.44
       3051        762.8             0.04               230.52    0.066795     -101.772605     -101.705809     -101.465055     -0.46      854.51
       3052        763.0             0.04               231.47    0.067072     -101.772750     -101.705678     -101.465057     -0.47      865.20
       3053        763.2             0.04               233.37    0.067623     -101.772855     -101.705232     -101.465059     -0.47      875.53
       3054        763.5             0.04               234.33    0.067899     -101.772892     -101.704993     -101.465060     -0.47      885.61
       3055        763.8             0.04               232.17    0.067275     -101.772838     -101.705563     -101.465061     -0.47      895.50
       3056        764.0             0.04               234.12    0.067840     -101.772686     -101.704846     -101.465060     -0.47      905.21
       3057        764.2             0.04               235.66    0.068287     -101.772438     -101.704152     -101.465059     -0.47      914.91
       3058        764.5             0.05               232.65    0.067414     -101.772110     -101.704696     -101.465057     -0.47      924.69
       3059        764.8             0.04               229.17    0.066405     -101.771734     -101.705330     -101.465055     -0.46      934.53
       3060        765.0             0.04               228.13    0.066104     -101.771358     -101.705254     -101.465052     -0.46      944.49
       3061        765.2             0.04               228.68    0.066263     -101.771028     -101.704765     -101.465049     -0.45      954.69
       3062        765.5             0.04               226.58    0.065655     -101.770791     -101.705136     -101.465046     -0.45      965.21
       3063        765.8             0.04               227.60    0.065950     -101.770687     -101.704737     -101.465045     -0.44      976.01
       3064        766.0             0.03               226.81    0.065722     -101.770744     -101.705022     -101.465044     -0.44      987.19
       3065        766.2             0.04               226.53    0.065639     -101.770973     -101.705333     -101.465044     -0.44      998.67
       3066        766.5             0.04               225.89    0.065455     -101.771368     -101.705913     -101.465046     -0.45     1010.46
       3067        766.8             0.03               228.50    0.066210     -101.771908     -101.705698     -101.465048     -0.45     1022.50
       3068        767.0             0.04               232.67    0.067420     -101.772561     -101.705141     -101.465051     -0.46     1034.80
       3069        767.2             0.03               233.17    0.067564     -101.773283     -101.705719     -101.465054     -0.46     1047.37
       3070        767.5             0.04               236.31    0.068475     -101.774023     -101.705548     -101.465056     -0.47     1060.02
       3071        767.8             0.03               238.79    0.069193     -101.774741     -101.705548     -101.465059     -0.47     1072.76
       3072        768.0             0.04               241.29    0.069917     -101.775400     -101.705483     -101.465060     -0.47     1085.51
       3073        768.2             0.04               243.65    0.070601     -101.775976     -101.705375     -101.465061     -0.47     1098.20
       3074        768.5             0.04               244.77    0.070926     -101.776455     -101.705529     -101.465061     -0.47     1110.77
       3075        768.8             0.03               244.74    0.070918     -101.776836     -101.705918     -101.465060     -0.47     1123.13
       3076        769.0             0.04               249.09    0.072178     -101.777131     -101.704953     -101.465059     -0.47     1159.36
       3077        769.2             0.03               251.54    0.072886     -101.777361     -101.704475     -101.465058     -0.47     1236.47
       3078        769.5             0.04               252.00    0.073021     -101.777546     -101.704526     -101.465056     -0.46     1312.20
       3079        769.8             0.04               248.67    0.072057     -101.777714     -101.705658     -101.465054     -0.46     1386.05
       3080        770.0             0.04               251.33    0.072826     -101.777894     -101.705068     -101.465052     -0.46     1457.27
       3081        770.2             0.04               251.89    0.072987     -101.778111     -101.705124     -101.465051     -0.46     1526.51
       3082        770.5             0.04               253.74    0.073526     -101.778383     -101.704857     -101.465051     -0.46     1593.32
       3083        770.8             0.04               253.40    0.073427     -101.778719     -101.705292     -101.465051     -0.46     1657.71
       3084        771.0             0.04               255.09    0.073915     -101.779118     -101.705203     -101.465051     -0.46     1719.26
       3085        771.2             0.04               255.65    0.074077     -101.779573     -101.705496     -101.465052     -0.46     1778.13
       3086        771.5             0.03               259.16    0.075094     -101.780064     -101.704971     -101.465054     -0.46     1834.11
       3087        771.8             0.04               261.33    0.075723     -101.780568     -101.704845     -101.465056     -0.46     1887.51
       3088        772.0             0.03               262.89    0.076176     -101.781049     -101.704873     -101.465058     -0.47     1938.17
       3089        772.2             0.03               266.25    0.077151     -101.781469     -101.704318     -101.465060     -0.47     1986.10
       3090        772.5             0.04               265.15    0.076829     -101.781791     -101.704962     -101.465062     -0.48     2031.54
       3091        772.8             0.04               271.17    0.078576     -101.781980     -101.703405     -101.465064     -0.48     2074.22
       3092        773.0             0.04               273.95    0.079380     -101.782009     -101.702628     -101.465065     -0.48     2142.07
       3093        773.2             0.04               270.41    0.078355     -101.781856     -101.703501     -101.465065     -0.48     2233.64
       3094        773.5             0.04               269.63    0.078128     -101.781526     -101.703399     -101.465064     -0.48     2322.40
       3095        773.8             0.05               269.65    0.078134     -101.781038     -101.702905     -101.465062     -0.47     2408.70
       3096        774.0             0.04               265.71    0.076994     -101.780426     -101.703432     -101.465059     -0.47     2492.55
       3097        774.2             0.04               264.13    0.076535     -101.779745     -101.703210     -101.465055     -0.46     2573.20
       3098        774.5             0.03               258.80    0.074992     -101.779050     -101.704058     -101.465051     -0.46     2650.86
       3099        774.8             0.04               254.32    0.073692     -101.778409     -101.704717     -101.465048     -0.45     2724.82
       3100        775.0             0.03               254.17    0.073650     -101.777874     -101.704223     -101.465046     -0.45     2795.03
       3101        775.2             0.04               254.76    0.073821     -101.777479     -101.703658     -101.465045     -0.45     2861.89
       3102        775.5             0.04               253.21    0.073371     -101.777244     -101.703873     -101.465045     -0.45     2925.28
       3103        775.8             0.04               257.18    0.074522     -101.777167     -101.702646     -101.465047     -0.45     2984.74
       3104        776.0             0.04               260.16    0.075386     -101.777226     -101.701839     -101.465049     -0.45     3040.71
       3105        776.2             0.04               257.83    0.074709     -101.777380     -101.702671     -101.465052     -0.46     3092.92
       3106        776.5             0.03               256.29    0.074264     -101.777585     -101.703321     -101.465055     -0.46     3140.73
       3107        776.8             0.03               261.33    0.075724     -101.777799     -101.702075     -101.465058     -0.47     3184.17
       3108        777.0             0.03               262.96    0.076197     -101.777983     -101.701785     -101.465060     -0.47     3223.75
       3109        777.2             0.03               266.97    0.077359     -101.778107     -101.700748     -101.465061     -0.47     3259.22
       3110        777.5             0.04               265.51    0.076935     -101.778154     -101.701219     -101.465061     -0.47     3293.91
       3111        777.8             0.04               265.92    0.077053     -101.778126     -101.701073     -101.465061     -0.47     3335.12
       3112        778.0             0.04               267.98    0.077651     -101.778036     -101.700385     -101.465059     -0.47     3371.26
       3113        778.2             0.04               264.16    0.076545     -101.777910     -101.701364     -101.465057     -0.47     3402.38
       3114        778.5             0.04               263.99    0.076495     -101.777780     -101.701286     -101.465055     -0.46     3428.13
       3115        778.8             0.03               262.50    0.076063     -101.777684     -101.701621     -101.465054     -0.46     3448.71
       3116        779.0             0.04               260.58    0.075506     -101.777654     -101.702148     -101.465052     -0.46     3464.10
       3117        779.2             0.04               260.19    0.075394     -101.777722     -101.702328     -101.465051     -0.46     3474.37
       3118        779.5             0.04               258.39    0.074871     -101.777906     -101.703036     -101.465050     -0.46     3479.63
       3119        779.8             0.03               258.29    0.074843     -101.778220     -101.703377     -101.465051     -0.46     3480.00
       3120        780.0             0.04               259.96    0.075327     -101.778662     -101.703336     -101.465052     -0.46     3475.61
       3121        780.2             0.03               262.66    0.076109     -101.779223     -101.703114     -101.465053     -0.46     3466.60
       3122        780.5             0.03               262.25    0.075990     -101.779880     -101.703890     -101.465055     -0.46     3453.13
       3123        780.8             0.03               261.98    0.075912     -101.780600     -101.704688     -101.465058     -0.47     3435.46
       3124        781.0             0.03               265.97    0.077069     -101.781346     -101.704277     -101.465060     -0.47     3413.81
       3125        781.2             0.04               268.39    0.077770     -101.782084     -101.704314     -101.465063     -0.48     3388.20
       3126        781.5             0.04               272.77    0.079039     -101.782768     -101.703730     -101.465066     -0.48     3358.93
       3127        781.8             0.04               276.90    0.080236     -101.783362     -101.703126     -101.465068     -0.48     3326.09
       3128        782.0             0.04               286.17    0.082922     -101.783829     -101.700907     -101.465069     -0.49     3294.86
       3129        782.2             0.04               289.97    0.084021     -101.784143     -101.700122     -101.465070     -0.49     3271.29
       3130        782.5             0.04               292.64    0.084795     -101.784283     -101.699488     -101.465070     -0.49     3245.55
       3131        782.8             0.04               293.92    0.085167     -101.784246     -101.699079     -101.465070     -0.49     3217.64
       3132        783.0             0.04               293.11    0.084934     -101.784050     -101.699116     -101.465068     -0.49     3187.60
       3133        783.2             0.04               294.82    0.085429     -101.783728     -101.698299     -101.465065     -0.48     3155.50
       3134        783.5             0.03               290.84    0.084276     -101.783322     -101.699046     -101.465062     -0.48     3121.17
       3135        783.8             0.04               289.96    0.084019     -101.782887     -101.698869     -101.465059     -0.47     3084.92
       3136        784.0             0.04               283.79    0.082232     -101.782477     -101.700245     -101.465057     -0.47     3061.36
       3137        784.2             0.04               284.71    0.082499     -101.782141     -101.699642     -101.465055     -0.46     3049.88
       3138        784.5             0.03               283.51    0.082152     -101.781908     -101.699756     -101.465054     -0.46     3033.12
       3139        784.8             0.04               280.28    0.081216     -101.781790     -101.700574     -101.465055     -0.46     3045.74
       3140        785.0             0.03               279.52    0.080995     -101.781781     -101.700786     -101.465057     -0.47     3069.32
       3141        785.2             0.03               278.17    0.080603     -101.781856     -101.701253     -101.465060     -0.47     3087.68
       3142        785.5             0.03               279.81    0.081078     -101.781974     -101.700896     -101.465064     -0.48     3100.79
       3143        785.8             0.05               279.75    0.081060     -101.782084     -101.701024     -101.465067     -0.48     3108.80
       3144        786.0             0.04               280.09    0.081161     -101.782138     -101.700977     -101.465070     -0.49     3111.86
       3145        786.2             0.05               278.63    0.080737     -101.782093     -101.701356     -101.465072     -0.49     3110.20
       3146        786.5             0.05               276.45    0.080106     -101.781926     -101.701820     -101.465073     -0.49     3138.62
       3147        786.8             0.05               273.70    0.079307     -101.781630     -101.702323     -101.465072     -0.49     3186.55
       3148        787.0             0.05               270.59    0.078407     -101.781220     -101.702813     -101.465070     -0.49     3231.37
       3149        787.2             0.05               268.08    0.077680     -101.780722     -101.703043     -101.465068     -0.49     3273.40
       3150        787.5             0.05               265.06    0.076804     -101.780176     -101.703372     -101.465065     -0.48     3313.01
       3151        787.8             0.05               263.21    0.076269     -101.779626     -101.703357     -101.465062     -0.48     3350.44
       3152        788.0             0.06               267.11    0.077399     -101.779116     -101.701717     -101.465060     -0.47     3386.00
       3153        788.2             0.05               263.51    0.076356     -101.778681     -101.702325     -101.465057     -0.47     3420.23
       3154        788.5             0.04               263.71    0.076413     -101.778363     -101.701950     -101.465056     -0.46     3452.74
       3155        788.8             0.04               259.18    0.075100     -101.778190     -101.703090     -101.465054     -0.46     3483.81
       3156        789.0             0.04               258.16    0.074805     -101.778185     -101.703380     -101.465054     -0.46     3513.12
       3157        789.2             0.04               258.16    0.074804     -101.778360     -101.703556     -101.465054     -0.46     3540.77
       3158        789.5             0.04               255.31    0.073979     -101.778717     -101.704738     -101.465054     -0.46     3566.65
       3159        789.8             0.04               257.03    0.074478     -101.779244     -101.704766     -101.465056     -0.46     3590.42
       3160        790.0             0.04               256.69    0.074378     -101.779926     -101.705548     -101.465058     -0.47     3612.03
       3161        790.2             0.05               260.54    0.075494     -101.780728     -101.705234     -101.465060     -0.47     3631.13
       3162        790.5             0.04               262.38    0.076027     -101.781615     -101.705588     -101.465063     -0.48     3647.56
       3163        790.8             0.04               262.34    0.076016     -101.782536     -101.706520     -101.465066     -0.48     3660.98
       3164        791.0             0.04               263.57    0.076374     -101.783439     -101.707065     -101.465070     -0.49     3671.04
       3165        791.2             0.04               270.12    0.078270     -101.784278     -101.706008     -101.465072     -0.49     3694.70
       3166        791.5             0.10               273.36    0.079209     -101.785017     -101.705807     -101.465075     -0.50     3725.42
       3167        791.8             0.19               275.11    0.079717     -101.785612     -101.705895     -101.465076     -0.50     3753.76
       3168        792.0             0.05               277.18    0.080316     -101.786043     -101.705728     -101.465076     -0.50     3779.45
       3169        792.2             0.07               280.42    0.081255     -101.786309     -101.705054     -101.465075     -0.50     3802.33
       3170        792.5             0.04               278.35    0.080656     -101.786422     -101.705766     -101.465073     -0.49     3822.34
       3171        792.8             0.05               275.45    0.079816     -101.786416     -101.706599     -101.465070     -0.49     3882.04
       3172        793.0             0.04               279.22    0.080908     -101.786339     -101.705432     -101.465067     -0.48     3941.20
       3173        793.2             0.04               282.04    0.081725     -101.786244     -101.704519     -101.465064     -0.48     3997.32
       3174        793.5             0.04               281.26    0.081499     -101.786177     -101.704678     -101.465061     -0.47     4050.21
       3175        793.8             0.04               283.15    0.082048     -101.786181     -101.704133     -101.465060     -0.47     4099.42
       3176        794.0             0.03               286.33    0.082966     -101.786280     -101.703314     -101.465060     -0.47     4225.88
       3177        794.2             0.03               281.59    0.081593     -101.786478     -101.704885     -101.465061     -0.47     4353.02
       3178        794.5             0.04               281.74    0.081637     -101.786756     -101.705119     -101.465063     -0.48     4475.11
       3179        794.8             0.04               286.97    0.083154     -101.787081     -101.703927     -101.465066     -0.48     4593.06
       3180        795.0             0.04               285.40    0.082698     -101.787406     -101.704708     -101.465070     -0.49     4707.80
       3181        795.2             0.03               284.42    0.082414     -101.787676     -101.705262     -101.465072     -0.49     4817.84
       3182        795.5             0.04               282.56    0.081877     -101.787847     -101.705971     -101.465075     -0.50     4923.20
       3183        795.8             0.03               281.47    0.081559     -101.787888     -101.706329     -101.465076     -0.50     5023.58
       3184        796.0             0.03               280.69    0.081334     -101.787779     -101.706445     -101.465076     -0.50     5118.99
       3185        796.2             0.04               281.46    0.081557     -101.787517     -101.705961     -101.465075     -0.50     5209.27
       3186        796.5             0.04               278.24    0.080624     -101.787111     -101.706487     -101.465074     -0.50     5294.42
       3187        796.8             0.04               274.71    0.079600     -101.786586     -101.706986     -101.465071     -0.49     5373.54
       3188        797.0             0.04               270.03    0.078245     -101.785981     -101.707736     -101.465069     -0.49     5446.25
       3189        797.2             0.04               269.14    0.077988     -101.785338     -101.707350     -101.465066     -0.48     5512.04
       3190        797.5             0.04               266.48    0.077216     -101.784696     -101.707479     -101.465063     -0.48     5570.91
       3191        797.8             0.04               261.51    0.075776     -101.784098     -101.708323     -101.465061     -0.47     5622.20
       3192        798.0             0.04               257.68    0.074666     -101.783584     -101.708919     -101.465060     -0.47     5665.21
       3193        798.2             0.04               252.64    0.073206     -101.783183     -101.709977     -101.465058     -0.47     5699.55
       3194        798.5             0.03               248.89    0.072120     -101.782919     -101.710799     -101.465058     -0.47     5724.69
       3195        798.8             0.04               251.02    0.072737     -101.782805     -101.710068     -101.465058     -0.47     5740.28
       3196        799.0             0.03               250.43    0.072565     -101.782845     -101.710280     -101.465058     -0.47     5746.06
       3197        799.2             0.04               252.00    0.073019     -101.783032     -101.710013     -101.465059     -0.47     5741.61
       3198        799.5             0.04               253.87    0.073562     -101.783354     -101.709793     -101.465061     -0.47     5726.63
       3199        799.8             0.04               256.28    0.074260     -101.783787     -101.709527     -101.465063     -0.48     5700.87
       3200        800.0             0.04               260.08    0.075362     -101.784299     -101.708937     -101.465065     -0.48     5664.19
       3201        800.2             0.04               266.20    0.077134     -101.784853     -101.707719     -101.465068     -0.49     5616.46
       3202        800.5             0.04               265.07    0.076806     -101.785406     -101.708599     -101.465071     -0.49     5557.48
       3203        800.8             0.04               266.22    0.077142     -101.785913     -101.708771     -101.465074     -0.50     5488.24
       3204        801.0             0.05               263.56    0.076369     -101.786344     -101.709975     -101.465075     -0.50     5408.72
       3205        801.2             0.05               266.84    0.077321     -101.786676     -101.709355     -101.465076     -0.50     5319.87
       3206        801.5             0.04               268.27    0.077735     -101.786904     -101.709169     -101.465076     -0.50     5221.12
       3207        801.8             0.04               269.70    0.078150     -101.787030     -101.708880     -101.465075     -0.50     5113.24
       3208        802.0             0.04               270.94    0.078508     -101.787077     -101.708569     -101.465073     -0.49     4996.73
       3209        802.2             0.04               273.69    0.079306     -101.787080     -101.707774     -101.465070     -0.49     4872.19
       3210        802.5             0.04               269.76    0.078167     -101.787085     -101.708918     -101.465067     -0.48     4739.85
       3211        802.8             0.04               267.71    0.077574     -101.787141     -101.709568     -101.465064     -0.48     4601.95
       3212        803.0             0.03               272.79    0.079045     -101.787295     -101.708249     -101.465063     -0.48     4479.10
       3213        803.2             0.03               273.45    0.079235     -101.787576     -101.708340     -101.465063     -0.48     4364.19
       3214        803.5             0.04               274.59    0.079566     -101.787987     -101.708422     -101.465064     -0.48     4244.63
       3215        803.8             0.04               275.98    0.079969     -101.788516     -101.708548     -101.465066     -0.48     4120.99
       3216        804.0             0.04               277.92    0.080530     -101.789129     -101.708599     -101.465070     -0.49     4017.42
       3217        804.2             0.04               279.49    0.080986     -101.789777     -101.708791     -101.465073     -0.49     3942.67
       3218        804.5             0.04               281.67    0.081619     -101.790401     -101.708782     -101.465077     -0.50     3878.64
       3219        804.8             0.04               283.53    0.082157     -101.790948     -101.708792     -101.465080     -0.51     3812.46
       3220        805.0             0.04               285.63    0.082766     -101.791371     -101.708605     -101.465082     -0.51     3744.02
       3221        805.2             0.04               286.41    0.082991     -101.791636     -101.708645     -101.465083     -0.51     3673.04
       3222        805.5             0.04               288.05    0.083467     -101.791727     -101.708260     -101.465083     -0.51     3599.39
       3223        805.8             0.03               288.74    0.083666     -101.791645     -101.707979     -101.465081     -0.51     3522.60
       3224        806.0             0.04               285.84    0.082827     -101.791408     -101.708582     -101.465079     -0.50     3442.41
       3225        806.2             0.04               287.52    0.083313     -101.791051     -101.707739     -101.465077     -0.50     3358.93
       3226        806.5             0.03               284.74    0.082507     -101.790608     -101.708101     -101.465074     -0.50     3271.08
       3227        806.8             0.03               285.59    0.082755     -101.790119     -101.707364     -101.465072     -0.49     3179.14
       3228        807.0             0.04               285.02    0.082589     -101.789617     -101.707028     -101.465070     -0.49     3082.15
       3229        807.2             0.03               283.04    0.082014     -101.789133     -101.707119     -101.465069     -0.49     2980.00
       3230        807.5             0.03               281.31    0.081514     -101.788688     -101.707175     -101.465067     -0.48     2892.71
       3231        807.8             0.04               278.71    0.080761     -101.788297     -101.707537     -101.465067     -0.48     2828.98
       3232        808.0             0.04               281.50    0.081567     -101.787969     -101.706401     -101.465067     -0.48     2759.58
       3233        808.2             0.04               280.05    0.081149     -101.787698     -101.706549     -101.465067     -0.48     2683.49
       3234        808.5             0.04               283.32    0.082096     -101.787484     -101.705387     -101.465067     -0.48     2600.96
       3235        808.8             0.04               286.55    0.083032     -101.787314     -101.704283     -101.465068     -0.49     2511.08
       3236        809.0             0.05               288.26    0.083528     -101.787178     -101.703650     -101.465069     -0.49     2413.71
       3237        809.2             0.05               289.32    0.083834     -101.787062     -101.703228     -101.465069     -0.49     2309.07
       3238        809.5             0.05               289.90    0.084002     -101.786954     -101.702952     -101.465070     -0.49     2197.34
       3239        809.8             0.04               290.17    0.084081     -101.786840     -101.702760     -101.465071     -0.49     2078.84
       3240        810.0             0.05               290.17    0.084080     -101.786710     -101.702629     -101.465072     -0.49     1953.92
       3241        810.2             0.05               287.11    0.083195     -101.786551     -101.703356     -101.465072     -0.49     1823.08
       3242        810.5             0.04               287.28    0.083242     -101.786360     -101.703118     -101.465073     -0.49     1687.52
       3243        810.8             0.04               291.51    0.084470     -101.786134     -101.701664     -101.465072     -0.49     1547.09
       3244        811.0             0.04               288.37    0.083560     -101.785872     -101.702313     -101.465072     -0.49     1401.45
       3245        811.2             0.04               286.66    0.083064     -101.785593     -101.702529     -101.465070     -0.49     1253.18
       3246        811.5             0.04               283.58    0.082171     -101.785317     -101.703146     -101.465069     -0.49     1102.68
       3247        811.8             0.07               280.90    0.081395     -101.785073     -101.703678     -101.465067     -0.48     1013.00
       3248        812.0             0.04               282.84    0.081956     -101.784891     -101.702935     -101.465065     -0.48      928.50
       3249        812.2             0.04               285.28    0.082665     -101.784796     -101.702131     -101.465064     -0.48      841.23
       3250        812.5             0.04               288.44    0.083581     -101.784803     -101.701222     -101.465064     -0.48      761.86
       3251        812.8             0.04               286.79    0.083101     -101.784917     -101.701817     -101.465064     -0.48      726.19
       3252        813.0             0.04               289.79    0.083971     -101.785132     -101.701161     -101.465065     -0.48      688.44
       3253        813.2             0.05               292.48    0.084750     -101.785430     -101.700681     -101.465067     -0.48      648.87
       3254        813.5             0.04               296.03    0.085778     -101.785782     -101.700004     -101.465069     -0.49      608.08
       3255        813.8             0.04               303.95    0.088075     -101.786154     -101.698079     -101.465072     -0.49      566.62
       3256        814.0             0.04               305.00    0.088379     -101.786511     -101.698132     -101.465074     -0.49      524.78
       3257        814.2             0.04               304.55    0.088247     -101.786815     -101.698568     -101.465075     -0.50      483.62
       3258        814.5             0.04               307.30    0.089043     -101.787047     -101.698004     -101.465076     -0.50      443.77
       3259        814.8             0.04               308.06    0.089265     -101.787198     -101.697932     -101.465075     -0.50      405.49
       3260        815.0             0.04               308.56    0.089410     -101.787267     -101.697857     -101.465075     -0.50      369.32
       3261        815.2             0.04               311.18    0.090167     -101.787264     -101.697096     -101.465074     -0.50      335.60
       3262        815.5             0.04               309.10    0.089566     -101.787201     -101.697636     -101.465073     -0.49      304.43
       3263        815.8             0.04               311.97    0.090396     -101.787099     -101.696702     -101.465072     -0.49      276.18
       3264        816.0             0.04               310.31    0.089916     -101.786972     -101.697056     -101.465071     -0.49      250.64
       3265        816.2             0.03               309.35    0.089637     -101.786837     -101.697200     -101.465071     -0.49      227.91
       3266        816.5             0.04               308.35    0.089349     -101.786704     -101.697355     -101.465071     -0.49      207.76
       3267        816.8             0.04               309.88    0.089791     -101.786577     -101.696786     -101.465071     -0.49      189.93
       3268        817.0             0.04               306.85    0.088915     -101.786453     -101.697538     -101.465072     -0.49      173.97
       3269        817.2             0.03               308.34    0.089346     -101.786325     -101.696979     -101.465073     -0.49      159.59
       3270        817.5             0.04               310.74    0.090040     -101.786182     -101.696143     -101.465074     -0.50      146.22
       3271        817.8             0.04               312.85    0.090653     -101.786008     -101.695355     -101.465074     -0.50      133.33
       3272        818.0             0.03               312.48    0.090545     -101.785789     -101.695243     -101.465075     -0.50      120.44
       3273        818.2             0.04               311.02    0.090122     -101.785514     -101.695393     -101.465076     -0.50      107.08
       3274        818.5             0.03               310.80    0.090057     -101.785177     -101.695120     -101.465076     -0.50       92.81
       3275        818.8             0.04               308.56    0.089411     -101.784771     -101.695361     -101.465076     -0.50       77.14
       3276        819.0             0.03               306.15    0.088711     -101.784299     -101.695588     -101.465076     -0.50       59.73
       3277        819.2             0.04               304.01    0.088091     -101.783764     -101.695674     -101.465076     -0.50       40.24
       3278        819.5             0.04               298.43    0.086474     -101.783177     -101.696703     -101.465075     -0.50       18.40
       3279        819.8             0.04               296.93    0.086040     -101.782556     -101.696516     -101.465074     -0.50        0.00
       3280        820.0             0.04               295.72    0.085690     -101.781916     -101.696226     -101.465073     -0.49        0.00
       3281        820.2             0.04               292.86    0.084859     -101.781278     -101.696419     -101.465071     -0.49        0.00
       3282        820.5             0.04               293.36    0.085006     -101.780670     -101.695664     -101.465070     -0.49        0.00
       3283        820.8             0.03               298.33    0.086445     -101.780115     -101.693670     -101.465068     -0.49        0.00
       3284        821.0             0.04               295.85    0.085727     -101.779629     -101.693902     -101.465067     -0.48        0.00
       3285        821.2             0.04               297.80    0.086290     -101.779239     -101.692948     -101.465066     -0.48        0.00
       3286        821.5             0.04               297.88    0.086315     -101.778953     -101.692638     -101.465066     -0.48        0.00
       3287        821.8             0.04               294.96    0.085469     -101.778774     -101.693306     -101.465067     -0.48        0.00
       3288        822.0             0.04               295.74    0.085695     -101.778697     -101.693002     -101.465068     -0.48        0.00
       3289        822.2             0.04               297.61    0.086238     -101.778703     -101.692465     -101.465069     -0.49        0.00
       3290        822.5             0.04               296.62    0.085950     -101.778763     -101.692813     -101.465071     -0.49        0.00
       3291        822.8             0.04               294.32    0.085283     -101.778846     -101.693563     -101.465073     -0.49        0.00
       3292        823.0             0.04               293.70    0.085102     -101.778922     -101.693819     -101.465075     -0.50        0.00
       3293        823.2             0.04               297.17    0.086109     -101.778964     -101.692855     -101.465077     -0.50        0.00
       3294        823.5             0.04               301.74    0.087433     -101.778950     -101.691517     -101.465077     -0.50       29.75
       3295        823.8             0.04               304.42    0.088209     -101.778866     -101.690657     -101.465078     -0.50       78.00
       3296        824.0             0.04               301.97    0.087501     -101.778708     -101.691207     -101.465077     -0.50      124.32
       3297        824.2             0.04               299.27    0.086718     -101.778490     -101.691772     -101.465076     -0.50      168.18
       3298        824.5             0.04               297.55    0.086220     -101.778235     -101.692015     -101.465074     -0.50      209.44
       3299        824.8             0.04               298.17    0.086397     -101.777974     -101.691577     -101.465073     -0.49      248.12
       3300        825.0             0.04               295.63    0.085664     -101.777735     -101.692071     -101.465071     -0.49      284.35
       3301        825.2             0.04               294.27    0.085268     -101.777547     -101.692279     -101.465070     -0.49      317.97
       3302        825.5             0.04               293.86    0.085151     -101.777436     -101.692285     -101.465069     -0.49      349.14
       3303        825.8             0.04               293.80    0.085134     -101.777414     -101.692280     -101.465069     -0.49      378.02
       3304        826.0             0.04               297.12    0.086094     -101.777486     -101.691392     -101.465070     -0.49      404.82
       3305        826.2             0.03               298.41    0.086468     -101.777643     -101.691175     -101.465071     -0.49      429.91
       3306        826.5             0.03               302.75    0.087726     -101.777868     -101.690142     -101.465073     -0.49      453.45
       3307        826.8             0.03               304.05    0.088103     -101.778134     -101.690031     -101.465075     -0.50      475.86
       3308        827.0             0.03               304.24    0.088156     -101.778410     -101.690254     -101.465077     -0.50      497.33
       3309        827.2             0.04               305.90    0.088640     -101.778666     -101.690026     -101.465079     -0.50      518.17
       3310        827.5             0.03               304.98    0.088372     -101.778873     -101.690501     -101.465081     -0.51      538.77
       3311        827.8             0.03               302.70    0.087711     -101.779007     -101.691296     -101.465082     -0.51      559.36
       3312        828.0             0.03               304.45    0.088219     -101.779051     -101.690833     -101.465083     -0.51      580.23
       3313        828.2             0.03               303.30    0.087886     -101.778992     -101.691107     -101.465084     -0.51      601.79
       3314        828.5             0.03               298.39    0.086462     -101.778825     -101.692363     -101.465084     -0.51      624.17
       3315        828.8             0.03               299.88    0.086893     -101.778555     -101.691662     -101.465084     -0.51      647.41
       3316        829.0             0.03               301.04    0.087230     -101.778192     -101.690962     -101.465083     -0.51      671.89
       3317        829.2             0.03               300.30    0.087015     -101.777749     -101.690734     -101.465081     -0.51      697.65
       3318        829.5             0.04               295.90    0.085742     -101.777252     -101.691510     -101.465080     -0.51      724.59
       3319        829.8             0.04               292.57    0.084777     -101.776733     -101.691956     -101.465078     -0.50      752.45
       3320        830.0             0.04               290.87    0.084284     -101.776227     -101.691943     -101.465076     -0.50      781.12
       3321        830.2             0.04               291.46    0.084455     -101.775763     -101.691308     -101.465074     -0.50      810.43
       3322        830.5             0.04               295.52    0.085629     -101.775369     -101.689739     -101.465073     -0.49      840.23
       3323        830.8             0.03               293.41    0.085019     -101.775061     -101.690041     -101.465072     -0.49      870.33
       3324        831.0             0.04               292.82    0.084849     -101.774852     -101.690003     -101.465072     -0.49      900.07
       3325        831.2             0.03               293.77    0.085123     -101.774743     -101.689621     -101.465073     -0.49      929.10
       3326        831.5             0.03               293.12    0.084935     -101.774722     -101.689787     -101.465075     -0.50      957.11
       3327        831.8             0.03               289.75    0.083960     -101.774765     -101.690805     -101.465077     -0.50      983.61
       3328        832.0             0.03               289.44    0.083868     -101.774846     -101.690979     -101.465079     -0.50     1008.11
       3329        832.2             0.03               292.72    0.084821     -101.774936     -101.690115     -101.465081     -0.51     1030.42
       3330        832.5             0.03               296.74    0.085985     -101.775004     -101.689018     -101.465082     -0.51     1050.35
       3331        832.8             0.04               297.87    0.086312     -101.775024     -101.688712     -101.465083     -0.51     1067.67
       3332        833.0             0.03               298.73    0.086561     -101.774980     -101.688418     -101.465084     -0.51     1086.88
       3333        833.2             0.04               298.11    0.086381     -101.774869     -101.688488     -101.465083     -0.51     1144.78
       3334        833.5             0.03               299.77    0.086862     -101.774703     -101.687841     -101.465082     -0.51     1207.14
       3335        833.8             0.04               300.71    0.087134     -101.774502     -101.687368     -101.465081     -0.51     1304.00
       3336        834.0             0.03               300.78    0.087154     -101.774292     -101.687139     -101.465079     -0.50     1390.29
       3337        834.2             0.04               300.99    0.087217     -101.774106     -101.686889     -101.465077     -0.50     1465.04
       3338        834.5             0.03               299.66    0.086829     -101.773972     -101.687142     -101.465076     -0.50     1527.70
       3339        834.8             0.03               298.13    0.086388     -101.773916     -101.687528     -101.465075     -0.50     1577.89
       3340        835.0             0.04               297.25    0.086131     -101.773956     -101.687825     -101.465074     -0.50     1615.66
       3341        835.2             0.03               296.91    0.086034     -101.774098     -101.688064     -101.465075     -0.50     1641.45
       3342        835.5             0.03               297.69    0.086259     -101.774338     -101.688079     -101.465076     -0.50     1655.99
       3343        835.8             0.03               296.18    0.085823     -101.774663     -101.688839     -101.465078     -0.50     1660.25
       3344        836.0             0.03               295.71    0.085686     -101.775048     -101.689362     -101.465079     -0.50     1655.49
       3345        836.2             0.04               295.65    0.085667     -101.775470     -101.689802     -101.465081     -0.51     1643.17
       3346        836.5             0.03               297.95    0.086334     -101.775900     -101.689567     -101.465083     -0.51     1624.97
       3347        836.8             0.04               298.75    0.086566     -101.776313     -101.689746     -101.465085     -0.51     1602.62
       3348        837.0             0.04               297.01    0.086064     -101.776681     -101.690617     -101.465086     -0.52     1578.08
       3349        837.2             0.03               300.11    0.086961     -101.776985     -101.690024     -101.465088     -0.52     1553.43
       3350        837.5             0.03               300.85    0.087176     -101.777212     -101.690036     -101.465089     -0.52     1530.41
       3351        837.8             0.04               303.44    0.087925     -101.777349     -101.689425     -101.465089     -0.52     1521.06
       3352        838.0             0.04               307.08    0.088980     -101.777391     -101.688411     -101.465089     -0.52     1527.43
       3353        838.2             0.03               305.44    0.088505     -101.777336     -101.688831     -101.465089     -0.52     1549.24
       3354        838.5             0.03               302.53    0.087662     -101.777191     -101.689528     -101.465089     -0.52     1594.64
       3355        838.8             0.04               300.97    0.087210     -101.776972     -101.689761     -101.465088     -0.52     1637.81
       3356        839.0             0.03               297.05    0.086075     -101.776697     -101.690622     -101.465087     -0.52     1679.32
       3357        839.2             0.04               295.84    0.085723     -101.776389     -101.690667     -101.465086     -0.52     1719.40
       3358        839.5             0.03               295.01    0.085482     -101.776072     -101.690590     -101.465084     -0.51     1758.56
       3359        839.8             0.04               297.39    0.086173     -101.775766     -101.689592     -101.465083     -0.51     1808.55
       3360        840.0             0.04               298.60    0.086523     -101.775484     -101.688961     -101.465083     -0.51     1882.66
       3361        840.2             0.05               299.11    0.086670     -101.775236     -101.688566     -101.465082     -0.51     1962.84
       3362        840.5             0.05               294.68    0.085388     -101.775022     -101.689633     -101.465083     -0.51     2047.93
       3363        840.8             0.04               299.37    0.086745     -101.774837     -101.688092     -101.465084     -0.51     2135.88
       3364        841.0             0.04               299.89    0.086896     -101.774663     -101.687766     -101.465085     -0.51     2226.51
       3365        841.2             0.04               299.67    0.086835     -101.774476     -101.687641     -101.465086     -0.52     2317.52
       3366        841.5             0.04               296.30    0.085855     -101.774253     -101.688398     -101.465088     -0.52     2407.06
       3367        841.8             0.04               293.58    0.085067     -101.773976     -101.688909     -101.465088     -0.52     2492.88
       3368        842.0             0.04               293.21    0.084963     -101.773632     -101.688669     -101.465089     -0.52     2573.35
       3369        842.2             0.04               289.41    0.083860     -101.773216     -101.689355     -101.465088     -0.52     2647.14
       3370        842.5             0.04               287.71    0.083368     -101.772733     -101.689366     -101.465087     -0.52     2712.28
       3371        842.8             0.04               286.95    0.083147     -101.772199     -101.689052     -101.465086     -0.52     2767.63
       3372        843.0             0.04               284.72    0.082501     -101.771632     -101.689131     -101.465084     -0.51     2812.04
       3373        843.2             0.04               281.65    0.081613     -101.771061     -101.689448     -101.465082     -0.51     2844.39
       3374        843.5             0.04               280.22    0.081198     -101.770516     -101.689318     -101.465081     -0.51     2863.86
       3375        843.8             0.04               281.50    0.081569     -101.770022     -101.688453     -101.465079     -0.50     2870.00
       3376        844.0             0.04               280.92    0.081401     -101.769599     -101.688198     -101.465078     -0.50     2862.56
       3377        844.2             0.04               283.41    0.082121     -101.769260     -101.687139     -101.465078     -0.50     2841.62
       3378        844.5             0.03               285.29    0.082667     -101.769008     -101.686341     -101.465078     -0.50     2807.39
       3379        844.8             0.04               281.16    0.081470     -101.768838     -101.687368     -101.465079     -0.50     2760.56
       3380        845.0             0.03               280.90    0.081393     -101.768744     -101.687350     -101.465080     -0.51     2702.66
       3381        845.2             0.04               279.25    0.080915     -101.768713     -101.687798     -101.465081     -0.51     2634.61
       3382        845.5             0.03               281.41    0.081543     -101.768732     -101.687189     -101.465082     -0.51     2558.16
       3383        845.8             0.04               277.84    0.080509     -101.768789     -101.688280     -101.465083     -0.51     2474.57
       3384        846.0             0.04               277.83    0.080505     -101.768872     -101.688366     -101.465083     -0.51     2386.63
       3385        846.2             0.03               284.39    0.082405     -101.768979     -101.686574     -101.465083     -0.51     2295.85
       3386        846.5             0.04               284.44    0.082421     -101.769107     -101.686686     -101.465083     -0.51     2212.73
       3387        846.8             0.03               281.20    0.081482     -101.769250     -101.687769     -101.465083     -0.51     2162.89
       3388        847.0             0.04               282.52    0.081863     -101.769413     -101.687550     -101.465083     -0.51     2114.65
       3389        847.2             0.03               280.61    0.081311     -101.769598     -101.688287     -101.465083     -0.51     2069.44
       3390        847.5             0.04               280.58    0.081302     -101.769804     -101.688502     -101.465084     -0.51     2029.15
       3391        847.8             0.03               279.65    0.081032     -101.770028     -101.688996     -101.465084     -0.51     1995.03
       3392        848.0             0.04               280.38    0.081243     -101.770265     -101.689022     -101.465085     -0.51     1968.22
       3393        848.2             0.04               281.55    0.081582     -101.770508     -101.688927     -101.465085     -0.52     1949.39
       3394        848.5             0.03               283.22    0.082065     -101.770748     -101.688683     -101.465086     -0.52     1938.93
       3395        848.8             0.03               284.35    0.082394     -101.770977     -101.688583     -101.465086     -0.52     1936.85
       3396        849.0             0.04               286.93    0.083143     -101.771185     -101.688043     -101.465087     -0.52     1942.86
       3397        849.2             0.04               288.36    0.083555     -101.771368     -101.687813     -101.465087     -0.52     1956.35
       3398        849.5             0.04               293.78    0.085128     -101.771517     -101.686389     -101.465087     -0.52     1976.38
       3399        849.8             0.04               295.08    0.085503     -101.771627     -101.686123     -101.465087     -0.52     2001.95
       3400        850.0             0.04               295.26    0.085556     -101.771687     -101.686130     -101.465088     -0.52     2031.54
       3401        850.2             0.04               295.54    0.085638     -101.771690     -101.686052     -101.465088     -0.52     2063.59
       3402        850.5             0.04               294.97    0.085470     -101.771631     -101.686161     -101.465088     -0.52     2096.50
       3403        850.8             0.04               293.53    0.085055     -101.771503     -101.686448     -101.465088     -0.52     2128.57
       3404        851.0             0.04               293.39    0.085015     -101.771305     -101.686290     -101.465088     -0.52     2158.11
       3405        851.2             0.04               294.00    0.085190     -101.771037     -101.685847     -101.465088     -0.52     2183.57
       3406        851.5             0.04               295.06    0.085496     -101.770707     -101.685210     -101.465087     -0.52     2203.43
       3407        851.8             0.03               296.33    0.085866     -101.770323     -101.684456     -101.465086     -0.52     2216.27
       3408        852.0             0.03               294.80    0.085422     -101.769901     -101.684479     -101.465085     -0.51     2220.76
       3409        852.2             0.03               293.18    0.084953     -101.769464     -101.684511     -101.465084     -0.51     2217.31
       3410        852.5             0.03               295.01    0.085483     -101.769038     -101.683554     -101.465083     -0.51     2235.52
       3411        852.8             0.03               295.00    0.085480     -101.768642     -101.683162     -101.465082     -0.51     2245.93
       3412        853.0             0.03               290.65    0.084219     -101.768296     -101.684077     -101.465081     -0.51     2248.15
       3413        853.2             0.03               289.17    0.083790     -101.768018     -101.684228     -101.465081     -0.51     2242.03
       3414        853.5             0.03               287.14    0.083202     -101.767812     -101.684610     -101.465082     -0.51     2227.65
       3415        853.8             0.03               285.52    0.082732     -101.767675     -101.684943     -101.465083     -0.51     2205.35
       3416        854.0             0.03               284.19    0.082349     -101.767595     -101.685247     -101.465084     -0.51     2175.67
       3417        854.2             0.03               285.79    0.082813     -101.767551     -101.684738     -101.465086     -0.52     2139.34
       3418        854.5             0.03               288.89    0.083708     -101.767519     -101.683811     -101.465087     -0.52     2097.13
       3419        854.8             0.03               288.29    0.083535     -101.767475     -101.683940     -101.465089     -0.52     2049.99
       3420        855.0             0.03               293.04    0.084911     -101.767400     -101.682489     -101.465089     -0.52     1999.43
       3421        855.2             0.04               293.02    0.084907     -101.767286     -101.682379     -101.465089     -0.52     1946.28
       3422        855.5             0.03               294.65    0.085378     -101.767135     -101.681757     -101.465088     -0.52     1892.27
       3423        855.8             0.03               294.52    0.085341     -101.766962     -101.681621     -101.465087     -0.52     1838.54
       3424        856.0             0.03               295.97    0.085762     -101.766790     -101.681028     -101.465085     -0.52     1786.43
       3425        856.2             0.03               293.64    0.085085     -101.766644     -101.681559     -101.465084     -0.51     1736.85
       3426        856.5             0.03               293.78    0.085126     -101.766550     -101.681425     -101.465083     -0.51     1690.99
       3427        856.8             0.03               293.80    0.085132     -101.766530     -101.681398     -101.465082     -0.51     1649.28
       3428        857.0             0.03               291.52    0.084472     -101.766595     -101.682123     -101.465083     -0.51     1612.12
       3429        857.2             0.03               289.36    0.083845     -101.766746     -101.682901     -101.465083     -0.51     1579.79
       3430        857.5             0.03               290.05    0.084046     -101.766978     -101.682932     -101.465084     -0.51     1552.16
       3431        857.8             0.03               294.22    0.085255     -101.767280     -101.682025     -101.465086     -0.52     1528.74
       3432        858.0             0.03               299.21    0.086701     -101.767637     -101.680936     -101.465087     -0.52     1508.86
       3433        858.2             0.03               301.78    0.087444     -101.768029     -101.680584     -101.465088     -0.52     1491.83
       3434        858.5             0.03               301.82    0.087456     -101.768435     -101.680979     -101.465090     -0.52     1476.88
       3435        858.8             0.03               303.02    0.087804     -101.768841     -101.681036     -101.465091     -0.52     1463.15
       3436        859.0             0.03               302.89    0.087766     -101.769233     -101.681468     -101.465092     -0.53     1449.61
       3437        859.2             0.03               310.00    0.089828     -101.769599     -101.679772     -101.465093     -0.53     1435.26
       3438        859.5             0.04               314.57    0.091152     -101.769926     -101.678774     -101.465094     -0.53     1418.91
       3439        859.8             0.04               314.15    0.091029     -101.770191     -101.679162     -101.465095     -0.53     1399.59
       3440        860.0             0.04               313.41    0.090815     -101.770375     -101.679561     -101.465096     -0.53     1376.49
       3441        860.2             0.03               311.45    0.090248     -101.770469     -101.680221     -101.465097     -0.53     1348.74
       3442        860.5             0.04               314.29    0.091069     -101.770466     -101.679397     -101.465097     -0.54     1315.60
       3443        860.8             0.04               311.05    0.090131     -101.770368     -101.680236     -101.465097     -0.53     1276.13
       3444        861.0             0.04               310.14    0.089868     -101.770182     -101.680314     -101.465096     -0.53     1230.19
       3445        861.2             0.03               311.40    0.090233     -101.769926     -101.679693     -101.465095     -0.53     1177.24
       3446        861.5             0.03               306.82    0.088904     -101.769619     -101.680714     -101.465094     -0.53     1156.16
       3447        861.8             0.03               304.76    0.088309     -101.769291     -101.680982     -101.465092     -0.53     1128.44
       3448        862.0             0.03               305.12    0.088414     -101.768970     -101.680556     -101.465091     -0.52     1094.15
       3449        862.2             0.03               302.00    0.087509     -101.768680     -101.681171     -101.465090     -0.52     1053.98
       3450        862.5             0.03               303.75    0.088015     -101.768442     -101.680427     -101.465089     -0.52     1009.16
       3451        862.8             0.04               306.85    0.088914     -101.768268     -101.679354     -101.465089     -0.52      960.48
       3452        863.0             0.04               307.59    0.089130     -101.768156     -101.679026     -101.465090     -0.52      909.08
       3453        863.2             0.04               306.82    0.088906     -101.768097     -101.679191     -101.465092     -0.53      856.54
       3454        863.5             0.04               305.51    0.088527     -101.768076     -101.679549     -101.465093     -0.53      804.40
       3455        863.8             0.04               307.89    0.089216     -101.768071     -101.678855     -101.465095     -0.53      754.11
       3456        864.0             0.04               302.85    0.087755     -101.768057     -101.680302     -101.465097     -0.54      706.73
       3457        864.2             0.03               305.09    0.088402     -101.768012     -101.679609     -101.465098     -0.54      664.05
       3458        864.5             0.04               301.65    0.087407     -101.767919     -101.680512     -101.465099     -0.54      626.63
       3459        864.8             0.04               297.72    0.086269     -101.767769     -101.681500     -101.465100     -0.54      595.65
       3460        865.0             0.03               298.09    0.086377     -101.767564     -101.681187     -101.465099     -0.54      571.70
       3461        865.2             0.04               300.96    0.087206     -101.767307     -101.680101     -101.465099     -0.54      554.89
       3462        865.5             0.03               297.55    0.086220     -101.767004     -101.680784     -101.465098     -0.54      545.18
       3463        865.8             0.04               295.82    0.085717     -101.766670     -101.680953     -101.465097     -0.53      542.40
       3464        866.0             0.03               293.80    0.085133     -101.766320     -101.681188     -101.465096     -0.53      545.93
       3465        866.2             0.04               291.14    0.084362     -101.765972     -101.681610     -101.465095     -0.53      554.93
       3466        866.5             0.03               285.93    0.082853     -101.765639     -101.682786     -101.465094     -0.53      568.32
       3467        866.8             0.04               284.40    0.082408     -101.765339     -101.682931     -101.465093     -0.53      584.82
       3468        867.0             0.04               280.77    0.081356     -101.765081     -101.683725     -101.465093     -0.53      603.19
       3469        867.2             0.03               280.08    0.081157     -101.764875     -101.683718     -101.465092     -0.53      621.99
       3470        867.5             0.03               280.16    0.081180     -101.764727     -101.683547     -101.465092     -0.53      639.94
       3471        867.8             0.03               283.43    0.082126     -101.764640     -101.682514     -101.465092     -0.53      655.72
       3472        868.0             0.03               282.09    0.081739     -101.764611     -101.682872     -101.465092     -0.53      668.14
       3473        868.2             0.03               280.44    0.081263     -101.764633     -101.683370     -101.465093     -0.53      675.96
       3474        868.5             0.03               278.83    0.080795     -101.764697     -101.683903     -101.465094     -0.53      678.17
       3475        868.8             0.03               279.86    0.081092     -101.764790     -101.683698     -101.465095     -0.53      673.94
       3476        869.0             0.03               279.21    0.080904     -101.764893     -101.683989     -101.465096     -0.53      662.59
       3477        869.2             0.04               277.84    0.080507     -101.764981     -101.684474     -101.465098     -0.54      643.68
       3478        869.5             0.04               279.71    0.081050     -101.765036     -101.683986     -101.465099     -0.54      616.95
       3479        869.8             0.04               274.86    0.079645     -101.765037     -101.685392     -101.465100     -0.54      582.16
       3480        870.0             0.03               278.20    0.080611     -101.764969     -101.684358     -101.465101     -0.54      539.83
       3481        870.2             0.04               275.95    0.079962     -101.764825     -101.684863     -101.465101     -0.54      489.60
       3482        870.5             0.03               276.41    0.080095     -101.764602     -101.684507     -101.465101     -0.54      432.44
       3483        870.8             0.04               276.66    0.080166     -101.764306     -101.684140     -101.465100     -0.54      368.67
       3484        871.0             0.04               275.85    0.079930     -101.763948     -101.684018     -101.465099     -0.54      299.11
       3485        871.2             0.04               274.25    0.079469     -101.763546     -101.684078     -101.465098     -0.54      224.81
       3486        871.5             0.05               270.01    0.078240     -101.763121     -101.684880     -101.465097     -0.54      146.97
       3487        871.8             0.04               269.07    0.077966     -101.762698     -101.684732     -101.465096     -0.53       67.17
       3488        872.0             0.04               268.40    0.077771     -101.762298     -101.684527     -101.465094     -0.53        0.00
       3489        872.2             0.04               267.11    0.077397     -101.761941     -101.684544     -101.465093     -0.53        0.00
       3490        872.5             0.04               265.37    0.076895     -101.761640     -101.684745     -101.465093     -0.53        0.00
       3491        872.8             0.04               265.62    0.076968     -101.761400     -101.684432     -101.465094     -0.53        0.00
       3492        873.0             0.03               266.87    0.077329     -101.761216     -101.683887     -101.465095     -0.53        0.00
       3493        873.2             0.03               267.74    0.077581     -101.761075     -101.683495     -101.465096     -0.53        0.00
       3494        873.5             0.04               268.80    0.077889     -101.760961     -101.683072     -101.465097     -0.54        0.00
       3495        873.8             0.04               267.69    0.077566     -101.760850     -101.683284     -101.465099     -0.54        0.00
       3496        874.0             0.03               269.21    0.078008     -101.760724     -101.682716     -101.465100     -0.54        0.00
       3497        874.2             0.03               266.41    0.077195     -101.760563     -101.683368     -101.465101     -0.54        0.00
       3498        874.5             0.04               265.97    0.077068     -101.760356     -101.683289     -101.465102     -0.54        0.00
       3499        874.8             0.03               262.30    0.076004     -101.760098     -101.684095     -101.465102     -0.54        0.00
       3500        875.0             0.04               260.11    0.075370     -101.759793     -101.684424     -101.465101     -0.54        0.00
       3501        875.2             0.03               262.81    0.076152     -101.759450     -101.683298     -101.465101     -0.54        0.00
       3502        875.5             0.04               264.03    0.076505     -101.759076     -101.682572     -101.465100     -0.54        0.00
       3503        875.8             0.03               260.74    0.075554     -101.758687     -101.683133     -101.465099     -0.54        0.00
       3504        876.0             0.04               259.33    0.075145     -101.758305     -101.683160     -101.465097     -0.54        0.00
       3505        876.2             0.03               260.34    0.075437     -101.757955     -101.682518     -101.465096     -0.53        0.00
       3506        876.5             0.03               260.21    0.075399     -101.757658     -101.682258     -101.465095     -0.53        0.00
       3507        876.8             0.03               262.27    0.075996     -101.757437     -101.681440     -101.465094     -0.53        0.00
       3508        877.0             0.03               258.94    0.075032     -101.757309     -101.682277     -101.465093     -0.53        0.00
       3509        877.2             0.03               260.48    0.075479     -101.757291     -101.681812     -101.465092     -0.53        0.00
       3510        877.5             0.04               260.75    0.075556     -101.757389     -101.681833     -101.465093     -0.53        0.00
       3511        877.8             0.04               261.80    0.075860     -101.757598     -101.681739     -101.465094     -0.53        0.00
       3512        878.0             0.03               262.82    0.076154     -101.757904     -101.681750     -101.465095     -0.53        0.00
       3513        878.2             0.04               260.42    0.075460     -101.758283     -101.682823     -101.465097     -0.54        0.00
       3514        878.5             0.03               263.61    0.076383     -101.758703     -101.682319     -101.465099     -0.54        0.00
       3515        878.8             0.03               266.39    0.077189     -101.759134     -101.681945     -101.465101     -0.54        0.00
       3516        879.0             0.04               269.52    0.078096     -101.759544     -101.681448     -101.465103     -0.55        0.00
       3517        879.2             0.04               271.22    0.078589     -101.759903     -101.681314     -101.465104     -0.55        0.00
       3518        879.5             0.03               275.68    0.079883     -101.760192     -101.680309     -101.465105     -0.55        0.00
       3519        879.8             0.04               273.21    0.079166     -101.760403     -101.681237     -101.465104     -0.55        0.00
       3520        880.0             0.04               273.82    0.079342     -101.760538     -101.681196     -101.465103     -0.55        0.00
       3521        880.2             0.03               272.67    0.079010     -101.760614     -101.681604     -101.465102     -0.54        0.00
       3522        880.5             0.03               272.60    0.078988     -101.760653     -101.681665     -101.465100     -0.54        0.00
       3523        880.8             0.03               273.08    0.079127     -101.760682     -101.681554     -101.465099     -0.54        0.00
       3524        881.0             0.04               271.44    0.078653     -101.760727     -101.682073     -101.465097     -0.54        0.00
       3525        881.2             0.04               272.35    0.078916     -101.760813     -101.681897     -101.465096     -0.53        0.00
       3526        881.5             0.04               271.44    0.078654     -101.760961     -101.682307     -101.465095     -0.53        0.00
       3527        881.8             0.04               269.89    0.078204     -101.761182     -101.682979     -101.465095     -0.53        0.00
       3528        882.0             0.03               272.43    0.078941     -101.761480     -101.682539     -101.465096     -0.53        0.00
       3529        882.2             0.03               275.10    0.079715     -101.761851     -101.682136     -101.465096     -0.53        0.00
       3530        882.5             0.04               276.96    0.080253     -101.762280     -101.682027     -101.465098     -0.54        0.00
       3531        882.8             0.03               279.94    0.081115     -101.762745     -101.681630     -101.465099     -0.54        0.00
       3532        883.0             0.04               281.73    0.081634     -101.763222     -101.681587     -101.465101     -0.54        0.00
       3533        883.2             0.03               283.92    0.082268     -101.763681     -101.681413     -101.465102     -0.54        0.00
       3534        883.5             0.03               288.96    0.083730     -101.764101     -101.680370     -101.465103     -0.55        0.00
       3535        883.8             0.04               292.37    0.084718     -101.764458     -101.679741     -101.465104     -0.55        0.00
       3536        884.0             0.04               290.88    0.084285     -101.764735     -101.680449     -101.465104     -0.55        0.00
       3537        884.2             0.03               294.09    0.085217     -101.764921     -101.679704     -101.465104     -0.55        0.00
       3538        884.5             0.04               290.21    0.084091     -101.765018     -101.680928     -101.465104     -0.55        0.00
       3539        884.8             0.04               288.12    0.083486     -101.765032     -101.681546     -101.465103     -0.55        0.00
       3540        885.0             0.03               288.87    0.083704     -101.764976     -101.681271     -101.465103     -0.54        0.00
       3541        885.2             0.04               291.62    0.084499     -101.764863     -101.680364     -101.465101     -0.54        0.00
       3542        885.5             0.04               291.30    0.084409     -101.764709     -101.680300     -101.465100     -0.54        0.00
       3543        885.8             0.03               291.93    0.084590     -101.764531     -101.679941     -101.465099     -0.54        0.00
       3544        886.0             0.03               287.24    0.083230     -101.764349     -101.681118     -101.465098     -0.54        0.00
       3545        886.2             0.03               286.35    0.082975     -101.764185     -101.681209     -101.465097     -0.53        0.00
       3546        886.5             0.04               287.29    0.083246     -101.764058     -101.680812     -101.465096     -0.53        0.00
       3547        886.8             0.03               287.79    0.083390     -101.763979     -101.680589     -101.465096     -0.53        0.00
       3548        887.0             0.03               290.21    0.084092     -101.763954     -101.679863     -101.465096     -0.53        0.00
       3549        887.2             0.04               289.81    0.083976     -101.763977     -101.680001     -101.465097     -0.54        0.00
       3550        887.5             0.03               290.74    0.084245     -101.764035     -101.679790     -101.465098     -0.54        0.00
       3551        887.8             0.04               287.78    0.083388     -101.764109     -101.680721     -101.465100     -0.54        0.00
       3552        888.0             0.04               287.64    0.083347     -101.764177     -101.680830     -101.465102     -0.54        0.00
       3553        888.2             0.03               285.21    0.082642     -101.764216     -101.681573     -101.465103     -0.55        0.00
       3554        888.5             0.04               287.01    0.083165     -101.764206     -101.681041     -101.465104     -0.55        0.00
       3555        888.8             0.04               286.86    0.083121     -101.764132     -101.681012     -101.465105     -0.55        0.00
       3556        889.0             0.04               283.95    0.082277     -101.763983     -101.681706     -101.465106     -0.55        0.00
       3557        889.2             0.04               285.29    0.082667     -101.763758     -101.681091     -101.465106     -0.55        0.00
       3558        889.5             0.04               282.55    0.081872     -101.763464     -101.681593     -101.465105     -0.55        0.00
       3559        889.8             0.04               282.10    0.081743     -101.763118     -101.681375     -101.465104     -0.55        0.00
       3560        890.0             0.04               279.79    0.081074     -101.762739     -101.681665     -101.465103     -0.55        0.00
       3561        890.2             0.04               277.33    0.080360     -101.762351     -101.681991     -101.465101     -0.54        0.00
       3562        890.5             0.04               280.93    0.081404     -101.761983     -101.680579     -101.465100     -0.54        0.00
       3563        890.8             0.04               282.50    0.081858     -101.761654     -101.679796     -101.465098     -0.54        0.00
       3564        891.0             0.04               280.66    0.081324     -101.761384     -101.680060     -101.465097     -0.54        0.00
       3565        891.2             0.04               279.96    0.081123     -101.761195     -101.680072     -101.465096     -0.53        0.00
       3566        891.5             0.04               280.66    0.081325     -101.761098     -101.679772     -101.465096     -0.53        0.00
       3567        891.8             0.04               277.90    0.080525     -101.761098     -101.680572     -101.465096     -0.53        0.00
       3568        892.0             0.03               281.12    0.081457     -101.761194     -101.679736     -101.465097     -0.54        0.00
       3569        892.2             0.04               281.92    0.081691     -101.761374     -101.679683     -101.465098     -0.54        0.00
       3570        892.5             0.03               283.42    0.082125     -101.761617     -101.679492     -101.465100     -0.54        0.00
       3571        892.8             0.04               281.54    0.081580     -101.761896     -101.680315     -101.465102     -0.54        0.00
       3572        893.0             0.03               285.20    0.082641     -101.762178     -101.679537     -101.465104     -0.55        0.00
       3573        893.2             0.04               287.14    0.083204     -101.762433     -101.679229     -101.465106     -0.55        0.00
       3574        893.5             0.04               282.81    0.081949     -101.762624     -101.680675     -101.465108     -0.55        0.00
       3575        893.8             0.03               279.72    0.081052     -101.762724     -101.681672     -101.465109     -0.56        0.00
       3576        894.0             0.03               280.71    0.081341     -101.762719     -101.681378     -101.465110     -0.56        0.00
       3577        894.2             0.04               277.80    0.080498     -101.762598     -101.682101     -101.465110     -0.56        0.00
       3578        894.5             0.04               275.40    0.079799     -101.762364     -101.682565     -101.465109     -0.56        0.00
       3579        894.8             0.03               274.30    0.079483     -101.762031     -101.682549     -101.465107     -0.55        0.00
       3580        895.0             0.03               271.80    0.078757     -101.761624     -101.682867     -101.465105     -0.55        0.00
       3581        895.2             0.04               268.45    0.077786     -101.761176     -101.683390     -101.465103     -0.55        0.00
       3582        895.5             0.04               267.68    0.077563     -101.760731     -101.683168     -101.465100     -0.54        0.00
       3583        895.8             0.03               266.50    0.077221     -101.760326     -101.683105     -101.465098     -0.54        0.00
       3584        896.0             0.04               266.07    0.077098     -101.759997     -101.682899     -101.465096     -0.53        0.00
       3585        896.2             0.04               266.79    0.077307     -101.759773     -101.682466     -101.465095     -0.53        0.00
       3586        896.5             0.04               266.92    0.077345     -101.759668     -101.682323     -101.465095     -0.53        0.00
       3587        896.8             0.04               263.64    0.076393     -101.759685     -101.683292     -101.465096     -0.53        1.75
       3588        897.0             0.03               267.75    0.077585     -101.759813     -101.682228     -101.465097     -0.54       70.74
       3589        897.2             0.04               269.72    0.078155     -101.760029     -101.681874     -101.465100     -0.54      145.47
       3590        897.5             0.03               272.56    0.078977     -101.760299     -101.681321     -101.465102     -0.54      224.41
       3591        897.8             0.03               271.22    0.078589     -101.760587     -101.681998     -101.465105     -0.55      306.28
       3592        898.0             0.03               272.36    0.078919     -101.760859     -101.681940     -101.465106     -0.55      388.90
       3593        898.2             0.04               269.94    0.078219     -101.761091     -101.682872     -101.465108     -0.55      471.09
       3594        898.5             0.04               273.58    0.079272     -101.761264     -101.681992     -101.465109     -0.56      550.76
       3595        898.8             0.04               274.03    0.079402     -101.761372     -101.681970     -101.465109     -0.56      627.29
       3596        899.0             0.03               277.43    0.080390     -101.761412     -101.681022     -101.465109     -0.56      698.81
       3597        899.2             0.04               276.20    0.080032     -101.761393     -101.681361     -101.465108     -0.55      764.42
       3598        899.5             0.03               275.73    0.079898     -101.761330     -101.681432     -101.465106     -0.55      822.41
       3599        899.8             0.04               271.45    0.078658     -101.761247     -101.682589     -101.465105     -0.55      871.90
       3600        900.0             0.05               273.97    0.079386     -101.761170     -101.681785     -101.465103     -0.55      911.79
       3601        900.2             0.04               275.78    0.079912     -101.761126     -101.681214     -101.465102     -0.54      942.01
       3602        900.5             0.04               277.81    0.080498     -101.761134     -101.680636     -101.465101     -0.54      962.10
       3603        900.8             0.04               281.36    0.081529     -101.761208     -101.679680     -101.465100     -0.54      971.86
       3604        901.0             0.04               282.56    0.081876     -101.761358     -101.679482     -101.465100     -0.54      971.35
       3605        901.2             0.03               284.78    0.082518     -101.761585     -101.679067     -101.465100     -0.54      960.80
       3606        901.5             0.03               286.01    0.082875     -101.761887     -101.679012     -101.465101     -0.54      940.69
       3607        901.8             0.03               286.04    0.082885     -101.762253     -101.679368     -101.465102     -0.54      911.78
       3608        902.0             0.03               287.69    0.083363     -101.762665     -101.679302     -101.465104     -0.55      875.08
       3609        902.2             0.04               288.74    0.083666     -101.763104     -101.679438     -101.465106     -0.55      831.64
       3610        902.5             0.04               289.47    0.083879     -101.763545     -101.679666     -101.465108     -0.55      782.85
       3611        902.8             0.03               292.64    0.084796     -101.763963     -101.679167     -101.465109     -0.56      730.24
       3612        903.0             0.03               296.26    0.085846     -101.764335     -101.678489     -101.465111     -0.56      675.20
       3613        903.2             0.03               296.80    0.086001     -101.764639     -101.678638     -101.465112     -0.56      619.43
       3614        903.5             0.03               297.92    0.086327     -101.764857     -101.678529     -101.465112     -0.56      564.99
       3615        903.8             0.03               300.12    0.086963     -101.764985     -101.678022     -101.465112     -0.56      513.61
       3616        904.0             0.04               301.85    0.087466     -101.765025     -101.677559     -101.465112     -0.56      466.93
       3617        904.2             0.03               306.51    0.088815     -101.764987     -101.676172     -101.465110     -0.56      426.58
       3618        904.5             0.03               307.94    0.089229     -101.764887     -101.675658     -101.465108     -0.55      393.79
       3619        904.8             0.04               308.36    0.089351     -101.764752     -101.675401     -101.465106     -0.55      369.93
       3620        905.0             0.04               307.51    0.089106     -101.764613     -101.675507     -101.465104     -0.55      355.84
       3621        905.2             0.04               303.69    0.087999     -101.764501     -101.676501     -101.465102     -0.54      352.00
       3622        905.5             0.04               301.23    0.087285     -101.764445     -101.677160     -101.465101     -0.54      358.42
       3623        905.8             0.04               302.04    0.087520     -101.764470     -101.676950     -101.465100     -0.54      374.71
       3624        906.0             0.04               304.15    0.088133     -101.764588     -101.676455     -101.465100     -0.54      400.21
       3625        906.2             0.04               303.72    0.088008     -101.764798     -101.676790     -101.465101     -0.54      433.94
       3626        906.5             0.03               303.73    0.088009     -101.765093     -101.677084     -101.465102     -0.54      474.42
       3627        906.8             0.04               302.38    0.087617     -101.765458     -101.677840     -101.465103     -0.55      520.15
       3628        907.0             0.04               302.13    0.087547     -101.765872     -101.678324     -101.465104     -0.55      569.37
       3629        907.2             0.04               301.74    0.087432     -101.766314     -101.678882     -101.465106     -0.55      620.50
       3630        907.5             0.03               303.77    0.088020     -101.766762     -101.678743     -101.465107     -0.55      671.85
       3631        907.8             0.03               306.93    0.088937     -101.767198     -101.678261     -101.465108     -0.55      722.05
       3632        908.0             0.03               307.81    0.089193     -101.767604     -101.678411     -101.465109     -0.56      769.71
       3633        908.2             0.03               304.79    0.088317     -101.767967     -101.679651     -101.465109     -0.56      813.34
       3634        908.5             0.04               305.85    0.088623     -101.768283     -101.679660     -101.465109     -0.56      851.49
       3635        908.8             0.03               308.32    0.089339     -101.768557     -101.679218     -101.465108     -0.56      883.49
       3636        909.0             0.03               308.88    0.089501     -101.768796     -101.679296     -101.465108     -0.55      908.61
       3637        909.2             0.04               305.91    0.088641     -101.769011     -101.680370     -101.465107     -0.55      926.21
       3638        909.5             0.04               306.24    0.088737     -101.769215     -101.680478     -101.465106     -0.55      935.85
       3639        909.8             0.04               305.38    0.088487     -101.769429     -101.680943     -101.465105     -0.55      937.46
       3640        910.0             0.04               304.89    0.088346     -101.769667     -101.681322     -101.465104     -0.55      931.12
       3641        910.2             0.03               304.63    0.088270     -101.769942     -101.681672     -101.465104     -0.55      917.15
       3642        910.5             0.03               308.35    0.089350     -101.770261     -101.680911     -101.465104     -0.55      896.07
       3643        910.8             0.03               311.07    0.090135     -101.770628     -101.680493     -101.465105     -0.55      868.46
       3644        911.0             0.03               314.50    0.091131     -101.771036     -101.679905     -101.465106     -0.55      835.28
       3645        911.2             0.03               310.18    0.089880     -101.771476     -101.681597     -101.465107     -0.55      797.63
       3646        911.5             0.03               310.77    0.090050     -101.771931     -101.681881     -101.465108     -0.55      757.29
       3647        911.8             0.04               314.67    0.091181     -101.772395     -101.681214     -101.465109     -0.56      715.42
       3648        912.0             0.04               322.15    0.093347     -101.772855     -101.679508     -101.465110     -0.56      673.35
       3649        912.2             0.03               324.81    0.094118     -101.773297     -101.679179     -101.465111     -0.56      632.50
       3650        912.5             0.04               323.56    0.093755     -101.773703     -101.679949     -101.465112     -0.56      594.86
       3651        912.8             0.04               323.96    0.093870     -101.774064     -101.680194     -101.465113     -0.56      562.27
       3652        913.0             0.03               324.96    0.094161     -101.774375     -101.680214     -101.465114     -0.56      536.13
       3653        913.2             0.04               326.47    0.094600     -101.774630     -101.680030     -101.465114     -0.57      517.72
       3654        913.5             0.03               327.11    0.094783     -101.774825     -101.680042     -101.465115     -0.57      508.05
       3655        913.8             0.03               321.84    0.093257     -101.774956     -101.681699     -101.465115     -0.57      507.84
       3656        914.0             0.03               324.09    0.093909     -101.775021     -101.681112     -101.465116     -0.57      517.37
       3657        914.2             0.04               323.29    0.093678     -101.775022     -101.681344     -101.465116     -0.57      536.63
       3658        914.5             0.04               323.31    0.093683     -101.774963     -101.681280     -101.465115     -0.57      565.03
       3659        914.8             0.03               321.56    0.093175     -101.774852     -101.681676     -101.465114     -0.57      601.73
       3660        915.0             0.03               320.16    0.092771     -101.774702     -101.681931     -101.465113     -0.56      645.38
       3661        915.2             0.04               318.54    0.092301     -101.774533     -101.682232     -101.465112     -0.56      694.49
       3662        915.5             0.03               316.59    0.091737     -101.774361     -101.682624     -101.465111     -0.56      747.32
       3663        915.8             0.04               314.19    0.091040     -101.774207     -101.683167     -101.465110     -0.56      801.99
       3664        916.0             0.04               315.09    0.091302     -101.774089     -101.682787     -101.465109     -0.56      856.57
       3665        916.2             0.04               315.84    0.091518     -101.774019     -101.682501     -101.465108     -0.56      909.47
       3666        916.5             0.04               318.28    0.092227     -101.774001     -101.681774     -101.465108     -0.55      958.86
       3667        916.8             0.04               315.93    0.091546     -101.774036     -101.682490     -101.465109     -0.56     1003.18
       3668        917.0             0.03               314.82    0.091222     -101.774117     -101.682895     -101.465109     -0.56     1040.57
       3669        917.2             0.03               320.78    0.092949     -101.774235     -101.681286     -101.465110     -0.56     1069.79
       3670        917.5             0.03               321.23    0.093080     -101.774377     -101.681297     -101.465111     -0.56     1090.05
       3671        917.8             0.04               320.44    0.092853     -101.774522     -101.681669     -101.465112     -0.56     1100.23
       3672        918.0             0.03               323.07    0.093613     -101.774660     -101.681048     -101.465113     -0.56     1099.69
       3673        918.2             0.03               323.27    0.093671     -101.774780     -101.681109     -101.465114     -0.56     1088.01
       3674        918.5             0.03               321.09    0.093041     -101.774874     -101.681832     -101.465114     -0.56     1065.05
       3675        918.8             0.03               318.96    0.092423     -101.774940     -101.682517     -101.465114     -0.57     1030.98
       3676        919.0             0.04               320.75    0.092941     -101.774980     -101.682039     -101.465114     -0.57      986.15
       3677        919.2             0.04               317.94    0.092127     -101.774999     -101.682871     -101.465115     -0.57      930.84
       3678        919.5             0.03               316.99    0.091853     -101.775000     -101.683147     -101.465114     -0.57      866.22
       3679        919.8             0.03               315.51    0.091423     -101.774993     -101.683570     -101.465114     -0.57      793.09
       3680        920.0             0.04               317.04    0.091868     -101.774987     -101.683119     -101.465115     -0.57      743.61
       3681        920.2             0.03               319.48    0.092573     -101.774987     -101.682414     -101.465114     -0.57      714.27
       3682        920.5             0.03               319.13    0.092472     -101.775001     -101.682529     -101.465114     -0.56      679.55
       3683        920.8             0.04               319.54    0.092590     -101.775035     -101.682446     -101.465114     -0.56      640.91
       3684        921.0             0.03               317.74    0.092069     -101.775097     -101.683027     -101.465113     -0.56      599.68
       3685        921.2             0.03               318.31    0.092234     -101.775193     -101.682959     -101.465113     -0.56      557.46
       3686        921.5             0.04               318.86    0.092395     -101.775332     -101.682937     -101.465112     -0.56      515.52
       3687        921.8             0.04               320.75    0.092942     -101.775517     -101.682575     -101.465112     -0.56      475.22
       3688        922.0             0.04               321.35    0.093116     -101.775749     -101.682633     -101.465112     -0.56      452.25
       3689        922.2             0.04               326.92    0.094730     -101.776024     -101.681294     -101.465113     -0.56      495.43
       3690        922.5             0.04               327.72    0.094961     -101.776330     -101.681369     -101.465114     -0.56      536.07
       3691        922.8             0.03               322.45    0.093434     -101.776646     -101.683212     -101.465115     -0.57      573.71
       3692        923.0             0.04               325.77    0.094396     -101.776950     -101.682554     -101.465117     -0.57      607.95
       3693        923.2             0.04               324.57    0.094049     -101.777224     -101.683174     -101.465118     -0.57      639.21
       3694        923.5             0.03               323.39    0.093707     -101.777440     -101.683733     -101.465120     -0.57      667.27
       3695        923.8             0.04               323.79    0.093822     -101.777583     -101.683761     -101.465120     -0.58      692.21
       3696        924.0             0.04               322.95    0.093578     -101.777641     -101.684063     -101.465121     -0.58      714.17
       3697        924.2             0.03               322.76    0.093524     -101.777611     -101.684087     -101.465121     -0.58      733.25
       3698        924.5             0.04               324.32    0.093975     -101.777501     -101.683526     -101.465120     -0.57      749.61
       3699        924.8             0.04               321.96    0.093292     -101.777324     -101.684032     -101.465119     -0.57      763.49
       3700        925.0             0.04               322.11    0.093335     -101.777101     -101.683766     -101.465118     -0.57      774.98
       3701        925.2             0.03               323.51    0.093742     -101.776856     -101.683114     -101.465116     -0.57      784.34
       3702        925.5             0.04               324.01    0.093885     -101.776611     -101.682726     -101.465115     -0.57      791.78
       3703        925.8             0.03               328.35    0.095144     -101.776385     -101.681241     -101.465115     -0.57      797.49
       3704        926.0             0.03               327.22    0.094816     -101.776189     -101.681373     -101.465114     -0.57      801.68
       3705        926.2             0.03               325.53    0.094325     -101.776032     -101.681707     -101.465115     -0.57      804.50
       3706        926.5             0.03               328.35    0.095142     -101.775918     -101.680775     -101.465115     -0.57      806.09
       3707        926.8             0.03               331.12    0.095948     -101.775841     -101.679893     -101.465115     -0.57      806.58
       3708        927.0             0.03               332.71    0.096407     -101.775792     -101.679385     -101.465116     -0.57      806.07
       3709        927.2             0.03               330.93    0.095890     -101.775759     -101.679869     -101.465117     -0.57      804.61
       3710        927.5             0.04               334.34    0.096880     -101.775731     -101.678852     -101.465118     -0.57      802.24
       3711        927.8             0.04               335.91    0.097333     -101.775697     -101.678364     -101.465118     -0.57      798.91
       3712        928.0             0.03               335.40    0.097186     -101.775644     -101.678459     -101.465119     -0.57      819.86
       3713        928.2             0.03               335.34    0.097169     -101.775567     -101.678399     -101.465119     -0.57      839.72
       3714        928.5             0.03               333.05    0.096505     -101.775462     -101.678957     -101.465119     -0.57      850.34
       3715        928.8             0.04               331.86    0.096161     -101.775328     -101.679167     -101.465119     -0.57      851.03
       3716        929.0             0.04               332.78    0.096427     -101.775169     -101.678742     -101.465119     -0.57      841.34
       3717        929.2             0.03               328.01    0.095046     -101.774988     -101.679941     -101.465118     -0.57      820.98
       3718        929.5             0.03               327.65    0.094942     -101.774795     -101.679854     -101.465118     -0.57      790.10
       3719        929.8             0.04               328.18    0.095095     -101.774601     -101.679506     -101.465117     -0.57      748.72
       3720        930.0             0.04               329.57    0.095498     -101.774414     -101.678916     -101.465116     -0.57      714.61
       3721        930.2             0.03               330.25    0.095695     -101.774247     -101.678552     -101.465116     -0.57      697.34
       3722        930.5             0.03               330.59    0.095792     -101.774109     -101.678316     -101.465115     -0.57      678.20
       3723        930.8             0.03               328.66    0.095234     -101.774012     -101.678778     -101.465115     -0.57      657.23
       3724        931.0             0.03               328.96    0.095320     -101.773970     -101.678650     -101.465115     -0.57      634.53
       3725        931.2             0.03               326.87    0.094716     -101.773993     -101.679277     -101.465114     -0.57      610.12
       3726        931.5             0.03               327.06    0.094770     -101.774087     -101.679317     -101.465115     -0.57      584.22
       3727        931.8             0.03               326.95    0.094739     -101.774256     -101.679517     -101.465115     -0.57      556.92
       3728        932.0             0.03               331.55    0.096072     -101.774493     -101.678420     -101.465116     -0.57      528.43
       3729        932.2             0.03               331.55    0.096070     -101.774785     -101.678715     -101.465118     -0.57      498.80
       3730        932.5             0.04               330.20    0.095678     -101.775109     -101.679431     -101.465119     -0.57      468.49
       3731        932.8             0.04               334.54    0.096937     -101.775440     -101.678504     -101.465121     -0.58      437.88
       3732        933.0             0.04               336.74    0.097574     -101.775753     -101.678179     -101.465123     -0.58      407.01
       3733        933.2             0.05               340.27    0.098597     -101.776016     -101.677420     -101.465124     -0.58      376.31
       3734        933.5             0.04               340.62    0.098700     -101.776206     -101.677506     -101.465125     -0.58      346.05
       3735        933.8             0.04               344.18    0.099731     -101.776303     -101.676572     -101.465126     -0.59      316.72
       3736        934.0             0.04               339.53    0.098383     -101.776296     -101.677914     -101.465126     -0.59      288.50
       3737        934.2             0.04               343.02    0.099393     -101.776189     -101.676796     -101.465126     -0.58      262.06
       3738        934.5             0.04               344.05    0.099694     -101.775991     -101.676297     -101.465125     -0.58      237.36
       3739        934.8             0.04               340.83    0.098759     -101.775718     -101.676959     -101.465124     -0.58      214.79
       3740        935.0             0.04               340.34    0.098617     -101.775393     -101.676775     -101.465122     -0.58      194.73
       3741        935.2             0.04               338.36    0.098045     -101.775038     -101.676993     -101.465121     -0.58      177.31
       3742        935.5             0.05               336.75    0.097576     -101.774680     -101.677103     -101.465120     -0.58      163.30
       3743        935.8             0.05               338.47    0.098076     -101.774338     -101.676262     -101.465120     -0.57      157.62
       3744        936.0             0.04               337.55    0.097810     -101.774028     -101.676218     -101.465119     -0.57      154.35
       3745        936.2             0.04               341.16    0.098856     -101.773764     -101.674909     -101.465119     -0.57      153.59
       3746        936.5             0.05               339.88    0.098484     -101.773550     -101.675066     -101.465119     -0.57      155.44
       3747        936.8             0.04               341.12    0.098845     -101.773387     -101.674542     -101.465120     -0.57      159.92
       3748        937.0             0.04               338.06    0.097957     -101.773269     -101.675312     -101.465121     -0.58      167.06
       3749        937.2             0.04               335.11    0.097103     -101.773189     -101.676086     -101.465121     -0.58      176.78
       3750        937.5             0.04               335.27    0.097148     -101.773136     -101.675988     -101.465123     -0.58      189.00
       3751        937.8             0.04               336.19    0.097416     -101.773093     -101.675676     -101.465124     -0.58      203.68
       3752        938.0             0.04               337.27    0.097729     -101.773040     -101.675311     -101.465125     -0.58      220.71
       3753        938.2             0.04               333.27    0.096570     -101.772959     -101.676389     -101.465126     -0.59      239.94
       3754        938.5             0.05               335.22    0.097133     -101.772836     -101.675702     -101.465127     -0.59      261.03
       3755        938.8             0.04               331.52    0.096063     -101.772660     -101.676596     -101.465127     -0.59      283.97
       3756        939.0             0.04               331.55    0.096070     -101.772428     -101.676358     -101.465127     -0.59      308.33
       3757        939.2             0.04               331.63    0.096095     -101.772145     -101.676050     -101.465126     -0.59      334.00
       3758        939.5             0.04               329.43    0.095457     -101.771821     -101.676365     -101.465125     -0.58      360.73
       3759        939.8             0.04               326.04    0.094474     -101.771475     -101.677002     -101.465123     -0.58      388.15
       3760        940.0             0.04               326.47    0.094600     -101.771133     -101.676533     -101.465122     -0.58      415.94
       3761        940.2             0.04               326.26    0.094538     -101.770819     -101.676281     -101.465120     -0.57      443.99
       3762        940.5             0.04               324.67    0.094078     -101.770560     -101.676482     -101.465118     -0.57      471.98
       3763        940.8             0.04               323.97    0.093874     -101.770382     -101.676508     -101.465117     -0.57      499.59
       3764        941.0             0.04               325.15    0.094218     -101.770303     -101.676085     -101.465116     -0.57      526.59
       3765        941.2             0.04               322.84    0.093546     -101.770334     -101.676788     -101.465116     -0.57      552.82
       3766        941.5             0.04               320.40    0.092841     -101.770477     -101.677637     -101.465117     -0.57      577.90
       3767        941.8             0.04               320.03    0.092734     -101.770726     -101.677992     -101.465118     -0.57      601.63
       3768        942.0             0.04               316.50    0.091710     -101.771068     -101.679358     -101.465119     -0.57      623.93
       3769        942.2             0.04               315.46    0.091408     -101.771482     -101.680074     -101.465121     -0.58      644.55
       3770        942.5             0.05               317.82    0.092092     -101.771943     -101.679851     -101.465123     -0.58      663.47
       3771        942.8             0.04               320.31    0.092815     -101.772422     -101.679606     -101.465126     -0.58      680.71
       3772        943.0             0.04               322.83    0.093544     -101.772883     -101.679340     -101.465128     -0.59      696.23
       3773        943.2             0.04               321.90    0.093274     -101.773296     -101.680022     -101.465130     -0.59      710.01
       3774        943.5             0.04               319.00    0.092434     -101.773633     -101.681199     -101.465131     -0.59      721.96
       3775        943.8             0.04               320.73    0.092936     -101.773879     -101.680943     -101.465132     -0.60      732.09
       3776        944.0             0.04               323.30    0.093682     -101.774028     -101.680347     -101.465132     -0.60      740.52
       3777        944.2             0.04               320.68    0.092921     -101.774079     -101.681158     -101.465132     -0.60      747.31
       3778        944.5             0.04               319.84    0.092677     -101.774041     -101.681364     -101.465131     -0.59      752.46
       3779        944.8             0.03               319.15    0.092478     -101.773935     -101.681457     -101.465130     -0.59      756.06
       3780        945.0             0.04               321.42    0.093135     -101.773786     -101.680651     -101.465129     -0.59      758.18
       3781        945.2             0.04               320.48    0.092862     -101.773624     -101.680762     -101.465127     -0.59      758.89
       3782        945.5             0.04               325.49    0.094315     -101.773479     -101.679163     -101.465126     -0.58      758.23
       3783        945.8             0.04               323.91    0.093856     -101.773376     -101.679520     -101.465125     -0.58      756.26
       3784        946.0             0.04               322.59    0.093475     -101.773338     -101.679863     -101.465124     -0.58      753.03
       3785        946.2             0.04               322.82    0.093543     -101.773380     -101.679837     -101.465124     -0.58      748.57
       3786        946.5             0.04               321.06    0.093030     -101.773503     -101.680473     -101.465125     -0.58      742.89
       3787        946.8             0.04               321.58    0.093181     -101.773698     -101.680517     -101.465127     -0.59      736.02
       3788        947.0             0.04               326.88    0.094719     -101.773947     -101.679228     -101.465129     -0.59      727.94
       3789        947.2             0.04               325.69    0.094372     -101.774217     -101.679845     -101.465131     -0.59      718.59
       3790        947.5             0.04               326.60    0.094636     -101.774470     -101.679834     -101.465134     -0.60      708.04
       3791        947.8             0.05               327.36    0.094857     -101.774672     -101.679815     -101.465136     -0.60      696.23
       3792        948.0             0.04               330.47    0.095759     -101.774790     -101.679031     -101.465138     -0.61      683.15
       3793        948.2             0.04               331.51    0.096060     -101.774797     -101.678737     -101.465139     -0.61      668.71
       3794        948.5             0.05               331.14    0.095953     -101.774678     -101.678726     -101.465139     -0.61      652.92
       3795        948.8             0.04               332.99    0.096488     -101.774432     -101.677944     -101.465138     -0.61      635.78
       3796        949.0             0.04               335.58    0.097239     -101.774067     -101.676828     -101.465137     -0.60      617.20
       3797        949.2             0.04               339.11    0.098262     -101.773603     -101.675341     -101.465135     -0.60      597.15
       3798        949.5             0.04               336.36    0.097464     -101.773064     -101.675600     -101.465133     -0.60      575.56
       3799        949.8             0.04               335.95    0.097345     -101.772488     -101.675143     -101.465131     -0.59      552.66
       3800        950.0             0.04               337.00    0.097650     -101.771911     -101.674260     -101.465129     -0.59      528.39
       3801        950.2             0.04               332.81    0.096437     -101.771367     -101.674929     -101.465127     -0.59      502.75
       3802        950.5             0.04               332.91    0.096464     -101.770892     -101.674428     -101.465125     -0.58      476.02
       3803        950.8             0.04               330.35    0.095722     -101.770510     -101.674787     -101.465124     -0.58      461.36
       3804        951.0             0.04               330.32    0.095714     -101.770240     -101.674526     -101.465123     -0.58      475.53
       3805        951.2             0.04               330.44    0.095748     -101.770091     -101.674343     -101.465123     -0.58      489.73
       3806        951.5             0.04               330.65    0.095810     -101.770062     -101.674253     -101.465124     -0.58      503.80
       3807        951.8             0.04               329.88    0.095588     -101.770143     -101.674555     -101.465125     -0.58      517.56
       3808        952.0             0.03               333.12    0.096525     -101.770317     -101.673792     -101.465127     -0.59      530.85
       3809        952.2             0.04               333.48    0.096631     -101.770557     -101.673926     -101.465129     -0.59      543.61
       3810        952.5             0.04               335.89    0.097327     -101.770837     -101.673510     -101.465131     -0.59      555.67
       3811        952.8             0.04               334.78    0.097006     -101.771128     -101.674122     -101.465132     -0.60      566.98
       3812        953.0             0.04               337.00    0.097651     -101.771402     -101.673751     -101.465135     -0.60      646.92
       3813        953.2             0.04               339.13    0.098267     -101.771638     -101.673371     -101.465136     -0.60      745.20
       3814        953.5             0.04               339.03    0.098240     -101.771821     -101.673581     -101.465136     -0.60      841.02
       3815        953.8             0.04               337.73    0.097862     -101.771942     -101.674080     -101.465136     -0.60      933.67
       3816        954.0             0.04               337.45    0.097781     -101.772004     -101.674223     -101.465136     -0.60     1022.68
       3817        954.2             0.04               336.95    0.097637     -101.772017     -101.674381     -101.465135     -0.60     1107.96
       3818        954.5             0.04               338.98    0.098224     -101.772000     -101.673776     -101.465134     -0.60     1189.33
       3819        954.8             0.04               341.61    0.098985     -101.771972     -101.672987     -101.465133     -0.60     1267.02
       3820        955.0             0.03               344.08    0.099702     -101.771956     -101.672254     -101.465131     -0.59     1341.09
       3821        955.2             0.04               346.66    0.100450     -101.771972     -101.671522     -101.465130     -0.59     1411.59
       3822        955.5             0.04               345.82    0.100206     -101.772039     -101.671834     -101.465129     -0.59     1478.65
       3823        955.8             0.04               346.02    0.100264     -101.772173     -101.671910     -101.465129     -0.59     1542.15
       3824        956.0             0.05               345.81    0.100203     -101.772381     -101.672179     -101.465129     -0.59     1602.46
       3825        956.2             0.04               341.52    0.098960     -101.772661     -101.673700     -101.465130     -0.59     1659.84
       3826        956.5             0.04               343.06    0.099405     -101.772999     -101.673593     -101.465132     -0.60     1714.33
       3827        956.8             0.04               343.93    0.099658     -101.773378     -101.673719     -101.465134     -0.60     1766.74
       3828        957.0             0.04               342.44    0.099226     -101.773766     -101.674540     -101.465136     -0.60     1817.42
       3829        957.2             0.05               347.53    0.100701     -101.774131     -101.673430     -101.465138     -0.61     1866.58
       3830        957.5             0.04               347.47    0.100683     -101.774441     -101.673758     -101.465140     -0.61     1915.03
       3831        957.8             0.04               349.50    0.101273     -101.774664     -101.673391     -101.465141     -0.61     1962.75
       3832        958.0             0.04               348.45    0.100969     -101.774779     -101.673810     -101.465142     -0.61     2010.14
       3833        958.2             0.04               347.82    0.100784     -101.774774     -101.673990     -101.465143     -0.61     2057.19
       3834        958.5             0.04               348.61    0.101013     -101.774648     -101.673635     -101.465142     -0.61     2104.05
       3835        958.8             0.04               348.13    0.100876     -101.774409     -101.673533     -101.465141     -0.61     2150.83
       3836        959.0             0.04               345.12    0.100002     -101.774076     -101.674074     -101.465140     -0.61     2197.35
       3837        959.2             0.04               345.34    0.100066     -101.773672     -101.673606     -101.465138     -0.61     2243.24
       3838        959.5             0.04               344.42    0.099800     -101.773223     -101.673423     -101.465137     -0.60     2288.41
       3839        959.8             0.04               342.47    0.099235     -101.772757     -101.673523     -101.465135     -0.60     2332.39
       3840        960.0             0.05               340.05    0.098535     -101.772304     -101.673769     -101.465134     -0.60     2374.61
       3841        960.2             0.05               335.15    0.097114     -101.771891     -101.674777     -101.465133     -0.60     2414.49
       3842        960.5             0.05               334.45    0.096912     -101.771541     -101.674628     -101.465132     -0.60     2451.26
       3843        960.8             0.04               332.41    0.096319     -101.771269     -101.674950     -101.465131     -0.59     2484.54
       3844        961.0             0.04               332.70    0.096403     -101.771085     -101.674681     -101.465131     -0.59     2513.59
       3845        961.2             0.04               331.46    0.096044     -101.770991     -101.674947     -101.465132     -0.60     2537.89
       3846        961.5             0.05               332.91    0.096464     -101.770983     -101.674518     -101.465132     -0.60     2556.78
       3847        961.8             0.04               336.90    0.097620     -101.771048     -101.673428     -101.465134     -0.60     2569.78
       3848        962.0             0.05               336.71    0.097567     -101.771166     -101.673599     -101.465135     -0.60     2576.44
       3849        962.2             0.04               331.94    0.096183     -101.771315     -101.675132     -101.465137     -0.60     2576.31
       3850        962.5             0.04               332.58    0.096370     -101.771474     -101.675104     -101.465138     -0.61     2569.11
       3851        962.8             0.04               333.46    0.096624     -101.771628     -101.675004     -101.465140     -0.61     2554.60
       3852        963.0             0.04               335.53    0.097225     -101.771759     -101.674534     -101.465140     -0.61     2533.18
       3853        963.2             0.04               336.52    0.097510     -101.771858     -101.674348     -101.465141     -0.61     2523.54
       3854        963.5             0.04               335.42    0.097193     -101.771919     -101.674727     -101.465141     -0.61     2506.64
       3855        963.8             0.04               335.41    0.097188     -101.771946     -101.674758     -101.465140     -0.61     2482.67
       3856        964.0             0.05               331.35    0.096012     -101.771949     -101.675937     -101.465140     -0.61     2451.86
       3857        964.2             0.04               330.73    0.095833     -101.771945     -101.676112     -101.465139     -0.61     2414.80
       3858        964.5             0.04               332.14    0.096243     -101.771956     -101.675713     -101.465138     -0.61     2371.81
       3859        964.8             0.05               334.37    0.096888     -101.772007     -101.675119     -101.465137     -0.60     2323.35
       3860        965.0             0.05               335.84    0.097315     -101.772118     -101.674802     -101.465136     -0.60     2270.04
       3861        965.2             0.05               335.06    0.097088     -101.772307     -101.675220     -101.465135     -0.60     2212.66
       3862        965.5             0.04               340.85    0.098766     -101.772588     -101.673822     -101.465135     -0.60     2152.22
       3863        965.8             0.04               341.03    0.098817     -101.772965     -101.674147     -101.465136     -0.60     2088.92
       3864        966.0             0.05               342.93    0.099369     -101.773425     -101.674057     -101.465137     -0.60     2024.12
       3865        966.2             0.04               343.75    0.099606     -101.773952     -101.674346     -101.465139     -0.61     1958.45
       3866        966.5             0.04               352.85    0.102243     -101.774514     -101.672271     -101.465142     -0.61     1892.73
       3867        966.8             0.04               354.76    0.102797     -101.775080     -101.672283     -101.465144     -0.62     1826.86
       3868        967.0             0.04               357.82    0.103684     -101.775599     -101.671915     -101.465147     -0.62     1762.08
       3869        967.2             0.04               360.73    0.104526     -101.776034     -101.671508     -101.465149     -0.63     1698.74
       3870        967.5             0.04               362.22    0.104958     -101.776353     -101.671395     -101.465151     -0.63     1637.18
       3871        967.8             0.04               361.90    0.104864     -101.776533     -101.671669     -101.465151     -0.63     1577.74
       3872        968.0             0.04               359.82    0.104262     -101.776567     -101.672304     -101.465151     -0.63     1520.64
       3873        968.2             0.04               355.17    0.102915     -101.776461     -101.673546     -101.465150     -0.63     1465.97
       3874        968.5             0.04               361.11    0.104637     -101.776239     -101.671602     -101.465148     -0.62     1413.77
       3875        968.8             0.03               363.95    0.105459     -101.775921     -101.670463     -101.465147     -0.62     1363.06
       3876        969.0             0.04               362.48    0.105033     -101.775533     -101.670500     -101.465145     -0.62     1313.74
       3877        969.2             0.04               363.15    0.105228     -101.775105     -101.669878     -101.465144     -0.62     1299.01
       3878        969.5             0.04               360.22    0.104378     -101.774663     -101.670286     -101.465143     -0.61     1343.11
       3879        969.8             0.04               359.86    0.104275     -101.774231     -101.669956     -101.465142     -0.61     1387.86
       3880        970.0             0.04               357.71    0.103650     -101.773825     -101.670175     -101.465142     -0.61     1432.72
       3881        970.2             0.04               347.75    0.100764     -101.773457     -101.672692     -101.465141     -0.61     1476.90
       3882        970.5             0.05               347.81    0.100782     -101.773142     -101.672360     -101.465141     -0.61     1519.26
       3883        970.8             0.04               349.42    0.101250     -101.772881     -101.671631     -101.465140     -0.61     1596.90
       3884        971.0             0.04               347.56    0.100709     -101.772669     -101.671959     -101.465141     -0.61     1728.39
       3885        971.2             0.04               346.62    0.100439     -101.772499     -101.672061     -101.465141     -0.61     1856.27
       3886        971.5             0.04               342.16    0.099145     -101.772363     -101.673218     -101.465142     -0.61     1980.14
       3887        971.8             0.04               347.26    0.100624     -101.772250     -101.671626     -101.465143     -0.61     2098.90
       3888        972.0             0.04               344.45    0.099810     -101.772145     -101.672336     -101.465144     -0.62     2213.78
       3889        972.2             0.05               346.50    0.100403     -101.772037     -101.671634     -101.465145     -0.62     2323.12
       3890        972.5             0.04               342.86    0.099347     -101.771915     -101.672568     -101.465145     -0.62     2427.46
       3891        972.8             0.04               342.21    0.099160     -101.771775     -101.672615     -101.465146     -0.62     2525.76
       3892        973.0             0.04               339.33    0.098324     -101.771617     -101.673293     -101.465146     -0.62     2618.40
       3893        973.2             0.04               338.85    0.098188     -101.771445     -101.673257     -101.465145     -0.62     2705.07
       3894        973.5             0.04               334.43    0.096906     -101.771268     -101.674362     -101.465145     -0.62     2786.17
       3895        973.8             0.04               331.27    0.095989     -101.771102     -101.675113     -101.465144     -0.62     2861.38
       3896        974.0             0.04               327.74    0.094967     -101.770965     -101.675997     -101.465144     -0.62     2931.07
       3897        974.2             0.04               327.87    0.095005     -101.770876     -101.675871     -101.465143     -0.61     2995.46
       3898        974.5             0.04               326.76    0.094684     -101.770854     -101.676170     -101.465142     -0.61     3055.19
       3899        974.8             0.04               325.89    0.094432     -101.770911     -101.676479     -101.465142     -0.61     3110.41
       3900        975.0             0.04               327.30    0.094838     -101.771057     -101.676218     -101.465142     -0.61     3161.47
       3901        975.2             0.04               326.78    0.094688     -101.771291     -101.676603     -101.465143     -0.62     3208.81
       3902        975.5             0.04               323.85    0.093839     -101.771607     -101.677768     -101.465144     -0.62     3252.57
       3903        975.8             0.05               321.20    0.093071     -101.771988     -101.678917     -101.465146     -0.62     3292.85
       3904        976.0             0.04               318.43    0.092269     -101.772417     -101.680148     -101.465148     -0.62     3329.87
       3905        976.2             0.04               325.23    0.094239     -101.772872     -101.678633     -101.465149     -0.63     3363.79
       3906        976.5             0.04               328.17    0.095092     -101.773335     -101.678243     -101.465151     -0.63     3395.19
       3907        976.8             0.04               328.32    0.095134     -101.773777     -101.678643     -101.465152     -0.63     3423.88
       3908        977.0             0.04               326.84    0.094705     -101.774178     -101.679473     -101.465153     -0.63     3458.98
       3909        977.2             0.04               330.52    0.095774     -101.774530     -101.678756     -101.465153     -0.63     3498.68
       3910        977.5             0.04               331.48    0.096051     -101.774829     -101.678778     -101.465153     -0.63     3535.60
       3911        977.8             0.04               328.22    0.095105     -101.775074     -101.679969     -101.465153     -0.63     3569.06
       3912        978.0             0.04               325.03    0.094183     -101.775268     -101.681086     -101.465153     -0.63     3598.27
       3913        978.2             0.05               325.00    0.094174     -101.775420     -101.681246     -101.465154     -0.63     3622.64
       3914        978.5             0.04               326.60    0.094637     -101.775532     -101.680896     -101.465154     -0.63     3641.66
       3915        978.8             0.04               328.90    0.095302     -101.775602     -101.680300     -101.465155     -0.63     3654.76
       3916        979.0             0.05               328.95    0.095317     -101.775622     -101.680305     -101.465155     -0.64     3739.94
       3917        979.2             0.05               328.94    0.095314     -101.775586     -101.680272     -101.465156     -0.64     3818.68
       3918        979.5             0.04               327.55    0.094911     -101.775489     -101.680578     -101.465156     -0.64     3888.30
       3919        979.8             0.05               327.06    0.094769     -101.775329     -101.680560     -101.465156     -0.64     3947.91
       3920        980.0             0.05               326.95    0.094737     -101.775107     -101.680369     -101.465156     -0.64     3996.97
       3921        980.2             0.04               325.58    0.094343     -101.774826     -101.680483     -101.465156     -0.64     4034.93
       3922        980.5             0.04               324.87    0.094134     -101.774493     -101.680359     -101.465156     -0.64     4061.32
       3923        980.8             0.04               322.82    0.093542     -101.774116     -101.680574     -101.465155     -0.64     4075.87
       3924        981.0             0.04               321.09    0.093040     -101.773701     -101.680662     -101.465155     -0.64     4078.42
       3925        981.2             0.04               323.16    0.093639     -101.773256     -101.679616     -101.465155     -0.64     4069.00
       3926        981.5             0.04               322.25    0.093377     -101.772779     -101.679402     -101.465155     -0.63     4047.67
       3927        981.8             0.04               320.00    0.092724     -101.772273     -101.679549     -101.465155     -0.63     4014.80
       3928        982.0             0.04               318.22    0.092210     -101.771742     -101.679533     -101.465155     -0.63     3970.93
       3929        982.2             0.04               314.75    0.091202     -101.771189     -101.679987     -101.465154     -0.63     3916.59
       3930        982.5             0.05               312.49    0.090548     -101.770620     -101.680072     -101.465154     -0.63     3852.63
       3931        982.8             0.04               308.14    0.089288     -101.770043     -101.680756     -101.465153     -0.63     3779.76
       3932        983.0             0.04               303.18    0.087850     -101.769472     -101.681622     -101.465153     -0.63     3700.55
       3933        983.2             0.04               302.92    0.087775     -101.768925     -101.681150     -101.465152     -0.63     3648.86
       3934        983.5             0.04               299.54    0.086797     -101.768416     -101.681619     -101.465151     -0.63     3590.63
       3935        983.8             0.05               296.03    0.085779     -101.767967     -101.682188     -101.465149     -0.63     3527.20
       3936        984.0             0.05               296.98    0.086053     -101.767598     -101.681545     -101.465149     -0.62     3459.62
       3937        984.2             0.04               292.34    0.084710     -101.767322     -101.682613     -101.465148     -0.62     3388.40
       3938        984.5             0.04               290.43    0.084155     -101.767151     -101.682995     -101.465148     -0.62     3315.20
       3939        984.8             0.05               289.49    0.083884     -101.767086     -101.683201     -101.465149     -0.62     3240.61
       3940        985.0             0.04               291.34    0.084419     -101.767120     -101.682701     -101.465150     -0.63     3168.81
       3941        985.2             0.04               293.04    0.084914     -101.767238     -101.682324     -101.465152     -0.63     3109.12
       3942        985.5             0.04               297.36    0.086163     -101.767418     -101.681255     -101.465154     -0.63     3049.83
       3943        985.8             0.04               296.76    0.085991     -101.767634     -101.681643     -101.465156     -0.64     2991.17
       3944        986.0             0.03               298.24    0.086418     -101.767861     -101.681443     -101.465158     -0.64     2933.96
       3945        986.2             0.03               301.31    0.087309     -101.768081     -101.680772     -101.465159     -0.64     2878.25
       3946        986.5             0.04               296.67    0.085965     -101.768283     -101.682317     -101.465159     -0.64     2824.01
       3947        986.8             0.04               300.89    0.087186     -101.768462     -101.681277     -101.465159     -0.64     2771.94
       3948        987.0             0.04               301.35    0.087320     -101.768632     -101.681312     -101.465159     -0.64     2721.18
       3949        987.2             0.04               297.28    0.086142     -101.768800     -101.682659     -101.465158     -0.64     2671.90
       3950        987.5             0.04               298.70    0.086552     -101.768987     -101.682436     -101.465158     -0.64     2624.22
       3951        987.8             0.04               299.88    0.086893     -101.769213     -101.682320     -101.465157     -0.64     2577.44
       3952        988.0             0.04               304.46    0.088222     -101.769487     -101.681266     -101.465157     -0.64     2531.27
       3953        988.2             0.04               307.33    0.089053     -101.769817     -101.680764     -101.465157     -0.64     2533.39
       3954        988.5             0.05               308.65    0.089437     -101.770195     -101.680759     -101.465158     -0.64     2547.62
       3955        988.8             0.05               312.49    0.090548     -101.770609     -101.680061     -101.465159     -0.64     2559.14
       3956        989.0             0.05               311.48    0.090254     -101.771043     -101.680789     -101.465161     -0.64     2567.58
       3957        989.2             0.04               313.37    0.090804     -101.771474     -101.680670     -101.465162     -0.65     2572.54
       3958        989.5             0.05               316.19    0.091621     -101.771882     -101.680261     -101.465163     -0.65     2573.76
       3959        989.8             0.05               315.47    0.091410     -101.772249     -101.680838     -101.465164     -0.65     2571.03
       3960        990.0             0.05               313.37    0.090802     -101.772555     -101.681753     -101.465165     -0.65     2579.92
       3961        990.2             0.05               315.20    0.091333     -101.772792     -101.681459     -101.465166     -0.65     2593.52
       3962        990.5             0.04               316.50    0.091711     -101.772953     -101.681242     -101.465166     -0.66     2604.16
       3963        990.8             0.05               318.46    0.092277     -101.773032     -101.680756     -101.465166     -0.66     2612.40
       3964        991.0             0.04               319.73    0.092645     -101.773027     -101.680381     -101.465166     -0.66     2618.82
       3965        991.2             0.04               317.29    0.091940     -101.772936     -101.680997     -101.465166     -0.65     2623.99
       3966        991.5             0.04               315.05    0.091291     -101.772767     -101.681476     -101.465166     -0.65     2628.44
       3967        991.8             0.04               318.78    0.092370     -101.772530     -101.680160     -101.465165     -0.65     2632.71
       3968        992.0             0.05               313.35    0.090798     -101.772231     -101.681433     -101.465164     -0.65     2637.30
       3969        992.2             0.05               312.08    0.090429     -101.771891     -101.681462     -101.465163     -0.65     2642.54
       3970        992.5             0.04               310.03    0.089836     -101.771525     -101.681689     -101.465162     -0.65     2684.17
       3971        992.8             0.04               309.19    0.089592     -101.771154     -101.681562     -101.465161     -0.65     2738.53
       3972        993.0             0.04               307.92    0.089224     -101.770796     -101.681572     -101.465160     -0.64     2794.64
       3973        993.2             0.05               302.54    0.087665     -101.770469     -101.682804     -101.465159     -0.64     2852.24
       3974        993.5             0.04               304.17    0.088138     -101.770190     -101.682053     -101.465158     -0.64     2910.64
       3975        993.8             0.04               300.97    0.087209     -101.769964     -101.682754     -101.465158     -0.64     2970.12
       3976        994.0             0.05               299.90    0.086901     -101.769790     -101.682889     -101.465159     -0.64     3029.79
       3977        994.2             0.04               298.38    0.086461     -101.769664     -101.683203     -101.465160     -0.64     3089.40
       3978        994.5             0.04               299.29    0.086724     -101.769571     -101.682847     -101.465161     -0.65     3148.42
       3979        994.8             0.04               302.50    0.087653     -101.769494     -101.681841     -101.465162     -0.65     3206.60
       3980        995.0             0.04               301.69    0.087419     -101.769410     -101.681991     -101.465163     -0.65     3303.83
       3981        995.2             0.04               303.97    0.088078     -101.769303     -101.681224     -101.465164     -0.65     3413.31
       3982        995.5             0.05               302.50    0.087654     -101.769161     -101.681507     -101.465164     -0.65     3523.54
       3983        995.8             0.04               299.71    0.086844     -101.768982     -101.682138     -101.465164     -0.65     3633.10
       3984        996.0             0.04               297.57    0.086224     -101.768777     -101.682553     -101.465163     -0.65     3741.01
       3985        996.2             0.04               296.09    0.085796     -101.768566     -101.682770     -101.465161     -0.65     3846.72
       3986        996.5             0.05               294.79    0.085418     -101.768374     -101.682955     -101.465160     -0.64     3949.72
       3987        996.8             0.04               293.31    0.084991     -101.768228     -101.683237     -101.465158     -0.64     4049.47
       3988        997.0             0.04               290.09    0.084057     -101.768154     -101.684098     -101.465157     -0.64     4145.45
       3989        997.2             0.04               293.55    0.085059     -101.768177     -101.683118     -101.465156     -0.64     4236.98
       3990        997.5             0.05               297.10    0.086090     -101.768308     -101.682218     -101.465156     -0.64     4324.79
       3991        997.8             0.04               295.91    0.085744     -101.768548     -101.682804     -101.465156     -0.64     4408.64
       3992        998.0             0.04               299.32    0.086730     -101.768887     -101.682156     -101.465158     -0.64     4487.75
       3993        998.2             0.04               300.43    0.087052     -101.769307     -101.682254     -101.465159     -0.64     4562.72
       3994        998.5             0.04               301.43    0.087344     -101.769779     -101.682435     -101.465161     -0.65     4633.36
       3995        998.8             0.04               303.25    0.087872     -101.770275     -101.682404     -101.465163     -0.65     4699.85
       3996        999.0             0.04               307.87    0.089209     -101.770769     -101.681560     -101.465164     -0.65     4762.56
       3997        999.2             0.04               308.85    0.089494     -101.771237     -101.681743     -101.465165     -0.65     4822.09
       3998        999.5             0.03               312.20    0.090464     -101.771656     -101.681192     -101.465166     -0.65     4878.45
       3999        999.8             0.04               315.69    0.091476     -101.772015     -101.680539     -101.465166     -0.65     4932.22
       4000       1000.0             0.04               318.49    0.092285     -101.772307     -101.680022     -101.465166     -0.65     4983.78
------------|------------|------|---------|---------|----------|-----------|---------------|---------------|---------------|---------|-------------
       Step |  Sim. Time | Iter |  t_Ener |  t_Grad |     Temp |     E_Kin |         E_Pot |         E_Tot |      Cons.Qty | E.Drift | Av.Press.
            |       [fs] |      |     [s] |     [s] |      [K] | [Hartree] |     [Hartree] |     [Hartree] |     [Hartree] |     [K] |     [bar]


Finished MD run of 4000 steps.


The average temperature during this run was 363.62366 K.


Smallest interatomic distance from active region: 0.941629 Angstrom (atoms 25 - 26).


>>> Invariance Statistics >>>

    The maximal deviation of the gradient from translational invariance was 2.421e-11 kJ mol^-1 Angstrom^-1.
    This would introduce a center of mass drift of 0.000 Kelvin within 1.0 ps.

    The maximal deviation of the gradient from rotational invariance (torque) was 1.610e+01 kJ mol^-1 rad^-1.
    This would introduce an overall rotation of 0.015 Kelvin within 1.0 ps.

<<< Invariance Statistics <<<


### System Geometry ###

  * Region "All" = "Active" = "QM":
      Bounding box: from (   -5.695 |   -6.385 |   -5.742 )
                      to (    5.972 |    5.386 |    4.937 ) Angstrom
      System extent:     (   11.667 |   11.771 |   10.679 ) Angstrom
      Center of mass:    (    0.238 |   -0.943 |   -0.179 ) Angstrom

      Angular momentum:  (   0.37615341 |   0.00267391 |   0.48917655 ) a.m.u. Angstrom^2 fs^-1
      Angular velocity:  (   0.00006756 |   0.00000526 |   0.00008207 ) fs^-1
      Moment of inertia: (      5356.47 |      -329.32 |       194.69 )
                         (      -329.32 |      4891.24 |        -9.68 ) a.m.u. Angstrom^2
                         (       194.69 |        -9.68 |      5800.78 )
      Singular values:   (      4714.41 |      5441.64 |      5892.43 ) a.m.u. Angstrom^2



Thermostat Summary:
  (*) Region "All": Removed 555.42 kJ mol^-1 of energy from the system (equivalent to 730.08 K).


>>> Timing data >>>
    MD loop was running for 149.471 seconds (2m 29.471s)
    Performance: 0.037 seconds/step, 24084.993 fs/hour.
    Time spent within the MD module (overhead): 1.265 seconds (0.8462 % of total time).
<<< Timing data <<<


Finished MD loop.

-------------------------------------------------------------------------------------------

#######################################################################
########        Finished Executing Input Script (SAN-VM)       ########
#######################################################################

    Total execution time: 149.471 seconds (2m 29.471s)

            28 instructions executed
             8 function calls


Timings for individual modules during the MD run:

XTB module                        ...      147.191 sec (=   2.453 min)  98.8 %
ORCA initialization               ...        0.356 sec (=   0.006 min)   0.2 %
Self time inside of MD module     ...        1.499 sec (=   0.025 min)   1.0 %
------------------------------------------------------------------------------
Sum of individual times           ...      149.046 sec (=   2.484 min) 100.0 %

Total wall time of MD module      ...      149.827 sec (=   2.497 min)
             --> "dark time"      ...        0.781 sec (=   0.013 min)   0.5 %

( The "dark time" is spent in the ORCA-internal routines for energy and gradient calculation,
  but not inside of the sub-programs which do so. It contains operating system overhead for
  spawning new processes in each MD step and some file I/O time. )



    ###########################################################
    ####     ORCA ab initio Molecular Dynamics leaving     ####
    ####     Scriptable Nuclear Dynamics (SANdy) + ORCA    ####
    ####           (c) Martin Brehm, 2016 - 2025           ####
    ####           https://sanscript.org/orcamd            ####
    ###########################################################

