# Simulation Time; Colvar 1 Position / Angstrom; Colvar 1 Internal Force / kJ mol^-1 Angstrom^-1; Colvar 2 Position / Angstrom; Colvar 2 Internal Force / kJ mol^-1 Angstrom^-1; Colvar 3 Position / Angstrom; Colvar 3 Internal Force / kJ mol^-1 Angstrom^-1; Colvar 4 Position / Angstrom; Colvar 4 Internal Force / kJ mol^-1 Angstrom^-1; Colvar 5 Position / Angstrom; Colvar 5 Internal Force / kJ mol^-1 Angstrom^-1; Colvar 6 Position / Angstrom; Colvar 6 Internal Force / kJ mol^-1 Angstrom^-1; Colvar 7 Position / Angstrom; Colvar 7 Internal Force / kJ mol^-1 Angstrom^-1; Colvar 8 Position / Angstrom; Colvar 8 Internal Force / kJ mol^-1 Angstrom^-1; Colvar 9 Position / Angstrom; Colvar 9 Internal Force / kJ mol^-1 Angstrom^-1; Colvar 10 Position / Angstrom; Colvar 10 Internal Force / kJ mol^-1 Angstrom^-1; Colvar 11 Position / Angstrom; Colvar 11 Internal Force / kJ mol^-1 Angstrom^-1; Colvar 12 Position / Angstrom; Colvar 12 Internal Force / kJ mol^-1 Angstrom^-1
100.00; 2.1160723838; 1.7245712633; 2.0385162422; 1.1358933317; 1.9661055961; -20.9677929957; 2.0064325958; -15.2480159945; 2.2264638588; -59.0822214229; 2.0890211990; -28.4830652652; 4.8414202431; 8.9107576389; 4.4301799190; -79.4881691286; 4.2385019890; -52.9240063494; 3.6816104236; -9.7675125919; 4.5221912089; -115.2337902216; 4.0161030796; -20.9904865364
100.50; 2.1183329396; 0.8087718394; 2.0393429775; -2.6513342761; 1.9656148333; -3.6011953007; 2.0047514143; 7.6600683346; 2.2266170750; -70.9248217912; 2.0891846888; -28.0473417294; 4.8418883074; 9.1713376929; 4.4320321274; -60.6657526218; 4.2372939563; -42.3374508620; 3.6819194601; -17.2303732252; 4.5245306786; -103.7527462104; 4.0155375813; -5.9546928557
101.00; 2.1206822555; -1.8200202859; 2.0401894900; -4.9480741095; 1.9650581498; 17.3824324164; 2.0030665759; 31.5965600779; 2.2265793367; -78.3392715997; 2.0892284920; -24.1850547031; 4.8424237183; 8.9261343504; 4.4336518438; -32.7269455739; 4.2359087267; -25.1981337620; 3.6822115691; -24.6096783504; 4.5265361852; -78.1871130534; 4.0149084887; 10.8131306449
101.50; 2.1230834752; -6.1533756291; 2.0410382259; -5.8052997804; 1.9645075020; 37.2211567514; 2.0014712133; 52.8912959745; 2.2263277633; -79.4819291424; 2.0891649904; -17.3830229614; 4.8430188949; 8.4749740396; 4.4351089015; -2.5861594595; 4.2344161117; -4.3528631398; 3.6824596903; -30.9840820447; 4.5282659266; -45.1929966341; 4.0142747600; 26.3339037780
102.00; 2.1255157527; -12.1306419354; 2.0418849320; -5.5196660250; 1.9640262923; 53.2080843714; 2.0000329751; 69.6400427007; 2.2258604106; -74.0681184047; 2.0890168438; -8.6480862415; 4.8436703713; 8.0414810380; 4.4364975592; 24.7708003391; 4.2328845944; 17.2592420763; 3.6826428693; -35.5702727658; 4.5298230944; -11.0072245579; 4.0136859020; 38.7634544071
102.50; 2.1279910730; -19.8611629202; 2.0427431296; -4.3951292474; 1.9636590454; 64.7377558246; 1.9987830451; 81.4367641924; 2.2251873126; -63.1352677729; 2.0888098668; 0.9556739221; 4.8443854221; 7.9055289829; 4.4379257611; 47.3021199071; 4.2313604855; 37.5327936663; 3.6827480347; -37.8568845400; 4.5313389223; 20.4069807689; 4.0131731002; 47.4322454089
103.00; 2.1304809037; -29.2551875749; 2.0436178287; -2.6138187633; 1.9634444449; 72.1968619658; 1.9977587526; 88.2482579722; 2.2243406388; -48.5660770038; 2.0885741190; 10.3200326138; 4.8451634559; 8.3606676794; 4.4394674983; 64.2274065681; 4.2299077728; 54.7460553915; 3.6827657421; -37.5608931436; 4.5329139690; 46.3687844661; 4.0127650415; 52.1809789232
103.50; 2.1329269614; -39.9974279994; 2.0445085597; -0.2401888023; 1.9634103271; 76.5180987381; 1.9969905398; 90.3056686430; 2.2233723614; -32.4757160261; 2.0883412165; 18.5701597526; 4.8459978826; 9.6869648172; 4.4411648192; 75.6426184169; 4.2285947209; 67.6897051766; 3.6826943522; -34.7871830392; 4.5346173504; 65.2265632704; 4.0124818238; 53.2461710448
104.00; 2.1352615412; -51.5350102243; 2.0454152194; 2.6634027824; 1.9635714985; 78.7051720108; 1.9964905687; 87.9535396253; 2.2223431964; -16.6163276146; 2.0881396422; 25.1352643839; 4.8468815073; 12.0216745082; 4.4430358730; 81.9616908210; 4.2274767450; 75.7304874887; 3.6825414243; -30.0331228654; 4.5364900256; 76.0006452859; 4.0123301761; 51.1020890574
104.50; 2.1374546310; -63.1605066334; 2.0463549932; 5.9500893323; 1.9639358736; 79.4213881320; 1.9962447829; 81.4365290245; 2.2212964720; -1.9967324892; 2.0879887846; 29.8454297136; 4.8478238321; 15.3061966904; 4.4451111761; 83.5385509558; 4.2265728610; 78.7160171449; 3.6823190294; -23.9822438331; 4.5385764145; 78.1844288240; 4.0123020822; 46.2113058767
105.00; 2.1394863537; -73.9910757464; 2.0473526207; 9.2813668934; 1.9645111604; 78.7652556433; 1.9962277668; 70.8459811361; 2.2202653142; 10.7634792692; 2.0879021569; 32.6846446091; 4.8488428549; 19.2370199742; 4.4474199786; 80.3143687430; 4.2258845002; 76.6134219502; 3.6820409389; -17.3734237669; 4.5409082366; 71.3038384701; 4.0123819754; 38.8876908582
105.50; 2.1413226062; -82.8906107964; 2.0484275415; 12.1198698630; 1.9652999185; 76.2377520796; 1.9964050126; 56.2538930828; 2.2192845287; 21.0850032853; 2.0878893740; 33.6418357620; 4.8499522573; 23.3360445281; 4.4499635179; 71.8148260015; 4.2254062736; 69.4576864272; 3.6817235934; -10.9558701789; 4.5434764557; 55.0582659888; 4.0125473401; 29.3620570205
106.00; 2.1429172789; -88.7598489570; 2.0495869666; 13.8341743350; 1.9662903980; 70.9301426292; 1.9967273963; 38.0214594844; 2.2183914119; 28.3525761436; 2.0879546466; 32.7268225077; 4.8511545115; 26.8748778358; 4.4526999047; 57.4468738307; 4.2251225133; 57.5558608906; 3.6813860949; -5.4562012163; 4.5462164614; 29.7870589456; 4.0127663294; 18.0110557666
106.50; 2.1442512230; -91.0695760680; 2.0508432319; 13.8947042801; 1.9674676113; 61.7139823806; 1.9971350294; 16.8888278685; 2.2176053743; 32.0737164054; 2.0880963220; 30.0001870014; 4.8524591411; 29.2131853530; 4.4555889105; 36.7677900541; 4.2249984460; 41.5394693122; 3.6810422690; -1.3918346406; 4.5490561228; -3.5062028184; 4.0130016915; 5.4283079950
107.00; 2.1453100743; -89.9368689202; 2.0521944252; 11.9750983953; 1.9687956803; 47.6437993697; 1.9975560530; -5.2677812244; 2.2169397075; 31.7749471818; 2.0883062781; 25.6180158559; 4.8538630008; 29.8086119557; 4.4585507811; 10.3420685764; 4.2249872191; 22.7491462702; 3.6807039373; 0.8683485846; 4.5518793329; -42.2813089999; 4.0132100432; -7.0847361543
107.50; 2.1461142831; -86.0320755585; 2.0536590737; 7.9986552412; 1.9702497592; 28.0393485032; 1.9979235764; -26.0433874275; 2.2163813389; 27.1158512350; 2.0885755633; 19.8042560285; 4.8553862473; 28.4334225740; 4.4615474782; -20.0141224124; 4.2250326130; 2.9097898121; 3.6803706836; 1.1936690429; 4.5546097956; -82.9359570055; 4.0133517081; -17.6975120160
108.00; 2.1466671287; -80.3705792665; 2.0552068730; 2.2944496971; 1.9717466688; 3.9717661042; 1.9981638673; -41.4629743212; 2.2159215915; 18.1344784987; 2.0888839482; 13.1709377092; 4.8570001872; 25.2731478715; 4.4644413652; -49.0870319965; 4.2250747645; -14.9036102585; 3.6800462096; -0.4118860839; 4.5570841265; -118.5385844682; 4.0133875306; -23.7554980502
108.50; 2.1469901976; -73.8992246859; 2.0568158848; -4.5092903483; 1.9732044161; -21.6215013088; 1.9982257365; -48.1073940079; 2.2155310436; 5.5022378009; 2.0892111631; 6.5983535140; 4.8586865234; 20.8101489275; 4.4671327666; -70.0656702315; 4.2250602688; -27.5067286265; 3.6797247883; -3.7113277519; 4.5591873377; -141.6325998840; 4.0132951732; -23.1645722338
109.00; 2.1471088980; -67.3317051812; 2.0584573639; -11.5709673192; 1.9745353947; -43.7128305540; 1.9980874271; -44.4025949889; 2.2151693333; -9.2901177139; 2.0895367476; 1.1735469909; 4.8604209097; 15.7016599401; 4.4695461451; -76.8179617816; 4.2249524354; -32.3196762017; 3.6793961862; -8.2476455557; 4.5608439096; -146.5591807591; 4.0130744036; -15.4200579321
109.50; 2.1470507348; -61.0043661927; 2.0601338616; -18.1384870127; 1.9756898718; -57.0470413745; 1.9977573439; -31.4228930763; 2.2147824838; -24.0802146746; 2.0898503279; -2.1587922181; 4.8622122577; 10.4849411081; 4.4716987762; -67.3104792812; 4.2247365012; -28.4147973805; 3.6790400246; -13.4687799495; 4.5620675505; -132.2689666834; 4.0127434741; -1.8520229070
110.00; 2.1468379299; -55.1508833590; 2.0618309971; -23.5318296616; 1.9766286196; -57.9371293432; 1.9972725028; -12.3687417079; 2.2143206537; -35.8889190487; 2.0901442033; -2.7188662806; 4.8640507640; 5.5881340348; 4.4736281936; -44.5141250222; 4.2244245802; -16.7129516099; 3.6786373194; -18.6115622803; 4.5629069478; -102.5226064595; 4.0123406573; 14.7737712488
110.50; 2.1464927379; -49.9760448185; 2.0635165349; -27.3299919991; 1.9773395686; -46.7547957609; 1.9966953002; 8.6763401145; 2.2137491628; -41.8029650170; 2.0904154835; -0.4322544725; 4.8659048181; 1.3005389860; 4.4753890469; -15.0303565099; 4.2240567060; 0.0731127720; 3.6781743342; -22.7565623228; 4.5634474067; -64.4388408779; 4.0119196706; 31.2395669429
111.00; 2.1460347670; -45.6188349296; 2.0651706798; -29.5426794752; 1.9778553823; -27.8375185884; 1.9960937438; 28.5403885347; 2.2130510343; -40.3568287392; 2.0906715151; 4.0645647745; 4.8677525551; -2.2829511611; 4.4770673789; 14.7186983169; 4.2236879439; 18.5673459347; 3.6776392543; -25.0570139158; 4.5638068607; -24.9715287116; 4.0115332143; 45.1422000923
111.50; 2.1454794576; -42.2163632160; 2.0667837766; -30.4621213513; 1.9782362019; -6.7801464286; 1.9955307253; 45.3774650380; 2.2122313756; -32.0626689787; 2.0909271720; 9.6768587326; 4.8695796606; -5.0948128935; 4.4787555434; 40.6167304741; 4.2233774713; 35.7914958334; 3.6770248813; -24.8838087171; 4.5641094084; 11.0667339521; 4.0112254079; 55.2067781072
112.00; 2.1448332954; -39.8999109305; 2.0683644426; -30.4716446256; 1.9785524254; 12.2276733414; 1.9950549637; 58.5212858261; 2.2113095841; -18.9468043445; 2.0912028281; 15.2880859076; 4.8713899679; -7.1684399795; 4.4805487951; 60.9461596943; 4.2231779230; 49.7689466437; 3.6763261107; -21.9511177070; 4.5644709113; 41.2980263043; 4.0110265409; 61.1209101275
112.50; 2.1440891092; -38.7961822282; 2.0699423920; -29.8535377469; 1.9788713148; 27.2582214313; 1.9947002289; 68.0814414933; 2.2103077460; -3.3617001643; 2.0915224609; 19.9948213004; 4.8732103383; -8.4067203253; 4.4825490058; 75.4508640940; 4.2231322255; 59.4681379041; 3.6755364092; -16.2912740777; 4.5649954541; 65.0108544019; 4.0109545642; 63.0997938517
113.00; 2.1432772211; -39.0293634677; 2.0714583077; -28.7488923119; 1.9792291886; 37.4359494123; 1.9945102538; 73.8375625092; 2.2093124809; 11.7704636210; 2.0918888232; 22.9700194232; 4.8749649164; -8.6520831190; 4.4847259159; 83.6921114051; 4.2232737324; 63.9579808018; 3.6747022517; -8.6302314887; 4.5657375294; 80.7726975385; 4.0110205841; 61.4768449677
113.50; 2.1423728878; -40.5059422771; 2.0729571073; -27.1477780942; 1.9796696096; 43.8969646848; 1.9944971125; 76.1546768625; 2.2083440297; 25.2565358931; 2.0923212306; 24.0258191861; 4.8766988800; -7.8840855809; 4.4871652549; 86.2110755705; 4.2236207531; 63.2761995809; 3.6738237519; 0.4465743152; 4.5667668742; 88.7657377878; 4.0112225801; 56.7214059247
114.00; 2.1413650764; -42.8741915356; 2.0744488705; -25.1192426193; 1.9802170603; 47.7108778928; 1.9946694810; 75.0881809935; 2.2074418472; 36.1368245369; 2.0928251404; 23.0747706218; 4.8784176979; -6.2350775456; 4.4898865084; 83.0779219298; 4.2241755658; 57.4674330251; 3.6729247216; 10.0618801652; 4.5681158638; 88.6055695699; 4.0115493831; 49.1940901423
114.50; 2.1402481647; -45.3963037413; 2.0759328242; -22.9028363487; 1.9808831504; 49.7662357494; 1.9950239477; 70.5092874591; 2.2066451612; 43.7921357470; 2.0933955149; 20.1249332729; 4.8801148456; -4.0367686377; 4.4928684614; 74.1046846895; 4.2249199147; 46.7428220108; 3.6720384511; 19.2551249990; 4.5697805052; 79.8988057428; 4.0119780436; 39.2227982545
115.00; 2.1390146111; -47.0117393937; 2.0774128866; -20.8953800459; 1.9816741773; 50.5333216297; 1.9955448388; 62.2824388274; 2.2059801448; 47.8549503925; 2.0940218100; 15.3221860245; 4.8817898953; -1.7969294295; 4.4960758937; 58.8924376945; 4.2258199147; 31.4585516383; 3.6711948572; 27.2019242427; 4.5717309504; 62.4830778796; 4.0124772865; 27.1094091290
115.50; 2.1376599022; -46.5901205648; 2.0788940687; -19.5895216432; 1.9825921292; 49.9408252568; 1.9962044602; 50.3736818901; 2.2054601549; 48.0654776669; 2.0946881219; 8.8925645272; 4.8834445751; -0.0790634689; 4.4994557597; 37.0351451224; 4.2268273554; 12.1915598239; 3.6704190305; 33.2619617330; 4.5739104237; 36.6546332421; 4.0130085680; 13.3543073218
116.00; 2.1361888896; -43.3165982037; 2.0803779164; -19.4540420587; 1.9836330178; 47.3874833362; 1.9969624900; 35.1568825173; 2.2050861032; 44.1870479882; 2.0953729626; 1.0933340968; 4.8850780591; 0.7095889663; 4.5029306802; 8.6480792178; 4.2278803409; -10.0316932988; 3.6697306676; 36.9994405880; 4.5762331930; 3.6858942678; 4.0135270586; -1.0317481787
116.50; 2.1346034215; -36.9890948092; 2.0818758692; -20.8245436533; 1.9847959533; 41.9023142651; 1.9977754050; 17.6278403206; 2.2048423557; 35.9937077469; 2.0960571572; -7.7970181620; 4.8867024036; 0.3943418382; 4.5064351826; -25.0137356960; 4.2289174792; -33.7679219901; 3.6691359814; 38.2075344480; 4.5786127426; -34.0330606477; 4.0139902350; -14.3710251108
117.00; 2.1329236191; -28.1051714947; 2.0833864797; -23.8518877810; 1.9860658332; 32.4374494596; 1.9985891778; -0.0307828188; 2.2047023810; 23.4025796440; 2.0967147852; -17.3392672430; 4.8883183167; -0.8944861967; 4.5098695270; -60.3071654757; 4.2298670605; -56.7037768222; 3.6686377186; 36.8471810019; 4.5809359632; -72.0080729569; 4.0143554307; -24.1610649809
117.50; 2.1311908644; -17.6911999714; 2.0848916142; -28.4302135573; 1.9874058295; 18.4089089137; 1.9993440396; -14.5022142683; 2.2046268778; 6.7880563816; 2.0973133882; -26.8391676742; 4.8899126930; -2.7242239098; 4.5131046075; -90.6535635675; 4.2306529663; -75.6981458489; 3.6682345336; 33.0998904121; 4.5830723157; -103.6705660080; 4.0145881413; -27.7624667603
118.00; 2.1294345315; -6.7786654596; 2.0863829316; -34.2542561394; 1.9887780150; 0.1659199743; 1.9999986691; -22.4172346344; 2.2045627392; -12.9599115315; 2.0978271021; -35.4778783715; 4.8914880405; -4.4468063323; 4.5160609945; -108.6889771533; 4.2312198624; -87.7705087324; 3.6679133577; 27.3438822405; 4.5849333755; -122.6057431738; 4.0146761353; -23.6927279691
118.50; 2.1276923534; 3.7391425219; 2.0878413288; -40.7960089282; 1.9901260209; -20.1023939971; 2.0005294244; -21.5794135231; 2.2044473859; -33.9225604132; 2.0982299436; -42.2570574151; 4.8930416128; -5.3679884272; 4.5186838510; -109.2515242896; 4.2315295383; -90.7573686857; 3.6676571754; 20.1882981578; 4.5864603862; -124.6148607596; 4.0146298143; -12.4545070346
119.00; 2.1260188099; 13.1253300319; 2.0892292001; -47.3236697907; 1.9913729125; -37.8580112732; 2.0009352063; -12.2266177147; 2.2042158902; -52.9197633843; 2.0984975760; -46.1565221634; 4.8945573021; -4.9718125558; 4.5209458749; -92.6597951395; 4.2315689804; -84.2914518124; 3.6674475003; 12.5298382015; 4.5876314575; -109.9529905925; 4.0144831955; 3.4140893595
119.50; 2.1244288284; 21.0873059671; 2.0905376260; -53.2419220403; 1.9924760938; -47.9325848557; 2.0012516344; 3.2684777941; 2.2038052183; -66.7785718945; 2.0986209611; -46.6211791272; 4.8960554144; -3.0485874920; 4.5229236102; -64.2239021462; 4.2313572720; -69.9517239796; 3.6672596099; 5.2342521822; 4.5885036156; -82.8962337558; 4.0142835233; 20.7954513163
120.00; 2.1229667728; 27.3073705153; 2.0917302793; -57.9766633245; 1.9933920179; -46.4273302377; 2.0015260378; 21.3087179777; 2.2031750974; -72.7443008115; 2.0985971055; -43.6340865538; 4.8975290976; 0.2362375650; 4.5246848689; -31.5428719828; 4.2309390549; -50.8561292253; 3.6670743510; -0.6840796845; 4.5891497112; -49.9651291058; 4.0140871547; 36.6174804319
120.50; 2.1216591907; 31.6084003242; 2.0927836875; -61.2953600408; 1.9941224234; -33.5791993453; 2.0018165136; 38.8169575730; 2.2023094567; -70.0931457423; 2.0984357561; -37.8223690263; 4.8989854699; 4.4965258978; 4.5263257669; -0.5692148354; 4.2303744134; -30.3049668596; 3.6668755609; -4.4400276840; 4.5896686429; -16.8175900651; 4.0139453566; 48.9872335742
121.00; 2.1205095471; 33.8899634436; 2.0936917344; -63.2827069591; 1.9947141384; -13.4400874005; 2.0021833772; 53.9572387081; 2.2012090799; -60.3263088143; 2.0981534718; -30.1652765724; 4.9004522768; 9.2928705781; 4.5279576015; 25.6634997238; 4.2297214498; -10.7504544463; 3.6666512804; -5.6391623284; 4.5901666335; 13.2873266583; 4.0138978615; 57.2028593667
121.50; 2.1195208303; 34.0041476789; 2.0944467949; -64.1645488644; 1.9952331194; 8.5025280536; 2.0026795812; 65.8287687802; 2.1998982740; -46.1087214163; 2.0977717874; -21.7312781547; 4.9019530961; 14.2559808908; 4.5296707570; 46.0058998986; 4.2290368075; 6.1196033491; 3.6663978924; -4.2551401077; 4.5907385203; 38.6678276622; 4.0139739522; 61.1925543277
122.00; 2.1187090141; 31.8141006019; 2.0950290295; -64.1229099493; 1.9957402883; 27.4642592030; 2.0033368562; 73.9570723630; 2.1984441448; -30.2736623799; 2.0973229137; -13.6248095108; 4.9034792713; 18.9016056184; 4.5315003317; 60.0512406763; 4.2283837308; 19.0502329647; 3.6661251266; -0.7131880526; 4.5914521049; 58.1935639952; 4.0141883791; 61.2097117318
122.50; 2.1180606901; 27.2540436139; 2.0954381208; -63.2000454704; 1.9962984398; 41.4089507235; 2.0041847442; 78.4678322577; 2.1968928506; -14.9076682868; 2.0968304340; -6.4941872503; 4.9050515491; 22.9671780138; 4.5334968208; 68.1773691541; 4.2277993917; 27.6733136691; 3.6658440801; 4.2691755724; 4.5923686793; 71.5928947243; 4.0145448143; 57.7519378630
123.00; 2.1175582703; 20.4380415683; 2.0956743010; -61.2820737624; 1.9969513997; 50.0781064252; 2.0052368856; 79.5025669649; 2.1952974651; -1.4819859205; 2.0963173546; -0.7615183424; 4.9066795961; 26.1372249292; 4.5356811678; 70.5997778907; 4.2273111303; 31.8197358819; 3.6655716052; 9.8081988582; 4.5935258365; 78.2851387151; 4.0150345244; 51.2740050025
123.50; 2.1171809850; 11.8918192165; 2.0957408216; -58.2492467266; 1.9977168301; 54.2846762307; 2.0064801548; 77.1481527941; 2.1937248297; 9.2703893426; 2.0958087228; 3.2841836572; 4.9083489157; 28.0224017776; 4.5380269325; 67.2535392864; 4.2269372815; 31.4087311084; 3.6653291386; 14.9737519782; 4.5949230810; 77.2783245998; 4.0156315732; 42.2276492900
124.00; 2.1168896093; 2.3294683687; 2.0956501465; -54.0188078236; 1.9986177932; 55.4007142226; 2.0079223294; 71.3589848025; 2.1921884484; 17.2151202894; 2.0953099159; 5.6097815048; 4.9100869729; 28.3425726340; 4.5405528900; 57.7940326839; 4.2266697302; 26.4788973949; 3.6651293354; 19.1106743348; 4.5965715116; 67.4254716852; 4.0163166793; 30.7615276267
124.50; 2.1166481838; -7.0000074842; 2.0954179591; -48.7676909177; 1.9996559706; 54.6223120796; 2.0095418974; 62.0422820128; 2.1907166422; 22.0983850814; 2.0948287490; 6.1863522740; 4.9118907083; 26.8781025805; 4.5432234078; 41.7748544990; 4.2264926267; 17.1954926505; 3.6649851448; 21.6669746306; 4.5984344171; 47.7525063628; 4.0170540051; 17.2172392077
125.00; 2.1164194865; -14.7016131051; 2.0950612851; -42.8322295851; 2.0008387090; 52.7754806240; 2.0113246682; 49.0352144927; 2.1893113014; 23.6758665581; 2.0943623166; 5.0311357320; 4.9137717903; 23.4867914237; 4.5460125796; 18.7254553367; 4.2263748598; 3.9175702957; 3.6649029264; 22.2981930791; 4.6004659986; 17.8787530248; 4.0178091070; 2.1426034258
125.50; 2.1161761166; -19.3690253745; 2.0946032269; -36.7662574419; 2.0021553470; 50.1648814550; 2.0132226704; 32.5932808691; 2.1879835117; 21.6024135835; 2.0939090127; 2.2294323466; 4.9157111856; 18.2767787701; 4.5488361461; -10.6752703264; 4.2262754674; -12.2621953302; 3.6648848639; 20.8011400601; 4.6025635132; -20.5811222508; 4.0185323695; -13.0123107929
126.00; 2.1158992593; -20.2503624112; 2.0940624272; -31.0829060125; 2.0036076188; 46.4694265081; 2.0151990623; 13.4295493264; 2.1867168809; 15.5553658174; 2.0934569132; -2.0346360391; 4.9177067903; 11.6030108497; 4.5516226530; -44.1362069554; 4.2261431806; -29.5767196719; 3.6649262346; 17.1582893639; 4.6046216491; -63.9330408113; 4.0191818619; -26.0614765698
126.50; 2.1155830844; -17.4071980085; 2.0934536714; -26.2209835787; 2.0051989708; 40.7894311514; 2.0172140956; -6.9158318936; 2.1854804412; 5.3411465821; 2.0929886473; -7.3863428182; 4.9197573471; 4.0968498070; 4.5542929005; -76.7331420762; 4.2259221592; -45.3745129485; 3.6650168492; 11.4862353055; 4.6065230949; -105.8145066338; 4.0197219594; -34.1784289568
127.00; 2.1152461047; -11.7950552746; 2.0928087082; -22.6307407784; 2.0068728563; 32.1753313936; 2.0191565794; -25.1791362890; 2.1842721817; -8.3600830495; 2.0924994662; -12.9400361771; 4.9217899687; -3.1110380108; 4.5566798139; -100.0247502231; 4.2255686337; -55.8595530469; 3.6651376205; 4.2723643571; 4.6080906946; -136.5847435699; 4.0201136299; -34.7231811850
127.50; 2.1149051852; -4.6634690640; 2.0921312275; -20.3812082365; 2.0086231053; 19.6642447404; 2.0209962351; -38.4802860277; 2.1830330462; -24.3725804341; 2.0919663017; -17.6764735405; 4.9238091385; -9.0682398816; 4.5587419225; -107.2042417064; 4.2250456472; -58.1677433723; 3.6652684734; -4.0172521134; 4.6092492309; -149.3518043218; 4.0203602431; -27.0340715579
128.00; 2.1145861680; 2.6949008987; 2.0914257911; -19.3718037147; 2.0104147389; 3.1729295657; 2.0226978150; -44.6119447154; 2.1817091543; -40.3031225697; 2.0913732765; -20.3256420007; 4.9258025331; -12.9175936857; 4.5604601759; -95.5824024874; 4.2243435983; -50.8442427033; 3.6653852869; -12.6432697300; 4.6099592670; -141.5560062692; 4.0204855355; -12.6579810131
128.50; 2.1143201736; 9.1574445815; 2.0907020319; -19.2919579713; 2.0121741690; -15.4005997195; 2.0242243159; -43.2339273614; 2.1802666163; -52.6468153347; 2.0907196973; -19.7458246689; 4.9277358110; -14.1165011112; 4.5618496202; -68.6797688202; 4.2234930969; -34.8193021481; 3.6654616041; -20.6117118875; 4.6102355768; -116.6128144013; 4.0205326504; 5.0559639791
129.00; 2.1141286472; 14.1098703439; 2.0899504915; -19.6551420207; 2.0138588260; -32.3991428501; 2.0255970827; -36.0000169684; 2.1786537701; -58.2872073101; 2.0900017243; -15.3967072798; 4.9296249702; -12.7165948595; 4.5630070095; -33.3997416205; 4.2225356471; -12.7163576098; 3.6654752827; -27.0959038837; 4.6101578677; -81.3257460349; 4.0205577380; 22.8568222028
129.50; 2.1140322343; 17.1081313346; 2.0891776872; -19.9395054057; 2.0153904241; -42.8606641409; 2.0268213704; -25.5367237959; 2.1768783021; -55.3951123361; 2.0892439807; -7.6392639266; 4.9314482552; -9.2673393064; 4.5640248090; 2.7027036554; 4.2215533545; 11.5275620935; 3.6654083363; -31.2326728410; 4.6098365098; -43.4259723781; 4.0206163566; 37.9249052727
130.00; 2.1140398025; 18.0289714423; 2.0883650478; -19.7502026609; 2.0167638295; -43.3882733229; 2.0279548929; -13.9534169581; 2.1749183502; -44.4415356760; 2.0884571570; 2.6469222497; 4.9332514447; -4.4694790311; 4.5650341772; 35.5682795747; 4.2206031044; 35.0572621668; 3.6652488063; -32.6271329951; 4.6093831123; -7.4115598629; 4.0207576421; 49.1465093372
130.50; 2.1141546892; 16.7836222344; 2.0875145086; -18.9031340955; 2.0179686372; -33.7466646644; 2.0290288871; -2.8843510782; 2.1728201077; -27.8756762457; 2.0876777584; 13.9779386460; 4.9350404389; 0.7497528797; 4.5661312128; 62.6204594806; 4.2197627605; 55.3055830496; 3.6649947453; -31.1216067422; 4.6089105020; 23.6609038546; 4.0210173968; 55.9963503481
131.00; 2.1143716734; 13.3565710257; 2.0866269531; -17.4157913079; 2.0190340444; -17.2920089293; 2.0300783480; 6.8395920899; 2.1706386287; -8.8391770138; 2.0869415947; 24.9204732041; 4.9368310527; 5.7430361449; 4.5673988618; 83.0249199454; 4.2190950546; 70.8114304465; 3.6646525613; -27.0042035305; 4.6085145096; 48.6268364458; 4.0214182246; 58.6151776301
131.50; 2.1146786083; 7.7501517226; 2.0857014687; -15.3681445247; 2.0200165509; 1.1243344437; 2.0311391455; 14.8670020025; 2.1684252888; 10.0131520610; 2.0862792694; 34.3792428837; 4.9386475637; 9.6848653606; 4.5689064461; 96.7048744620; 4.2186446697; 80.9663873903; 3.6642345774; -20.8710278558; 4.6082703436; 67.1949482519; 4.0219718315; 57.4099888975
132.00; 2.1150551821; 0.0236474821; 2.0847418978; -12.7564020082; 2.0209761373; 17.3686565568; 2.0322388625; 21.0073143808; 2.1662362382; 26.8511485286; 2.0857187988; 41.5832275397; 4.9405063557; 12.0436614429; 4.5707005766; 103.7197072503; 4.2184424526; 85.5385855294; 3.6637595026; -13.4747765763; 4.6082354377; 79.0563842270; 4.0226777047; 52.8039578412
132.50; 2.1154685764; -9.5445421341; 2.0837668001; -9.4398032970; 2.0219542171; 29.0281225177; 2.0333849182; 25.0297812993; 2.1641482297; 40.5580822002; 2.0852876561; 46.0074311156; 4.9423953884; 12.3742485048; 4.5727841600; 103.9852207947; 4.2185037733; 84.4639260553; 3.6632555562; -5.7162838704; 4.6084465214; 83.5164481078; 4.0235154230; 45.2067100797
133.00; 2.1158869224; -20.6131041005; 2.0827792479; -5.1175892673; 2.0229968243; 35.7096516188; 2.0345994843; 26.8514793075; 2.1621864632; 50.7923747324; 2.0849947404; 47.4909450788; 4.9443324041; 10.4429319813; 4.5751763083; 97.2604534140; 4.2188246910; 77.8026719253; 3.6627423194; 1.7243940072; 4.6089189340; 79.7369631492; 4.0244696510; 34.7946863910
133.50; 2.1162692939; -32.4223635294; 2.0817958703; 0.4086915655; 2.0241250933; 37.9689163247; 2.0358867449; 26.1911407170; 2.1603853485; 57.2790721330; 2.0848443028; 45.9835036492; 4.9463099437; 6.1340865709; 4.5778554267; 83.0789083958; 4.2193842889; 65.7005949401; 3.6622427917; 8.2419044112; 4.6096414088; 66.8457775591; 4.0255083420; 21.7890720811
134.00; 2.1165752326; -43.9063308026; 2.0808301694; 7.1728932752; 2.0253558458; 36.8525712073; 2.0372537359; 22.7375105644; 2.1587529366; 59.8163538144; 2.0848304335; 41.5010317768; 4.9483294420; -0.5100410813; 4.5807994638; 60.7851678355; 4.2201499827; 48.3900414650; 3.6617728513; 13.3773016216; 4.6105810088; 44.3937237625; 4.0265995605; 6.6642407219
134.50; 2.1167605667; -53.5339628120; 2.0799149659; 14.7628354494; 2.0266778139; 33.5537024657; 2.0386789876; 16.2582157720; 2.1573101153; 58.0800097388; 2.0849393171; 34.2242200311; 4.9503553996; -9.1099651969; 4.5839194850; 30.4878350235; 4.2210633631; 26.7661260478; 3.6613511059; 16.7552796154; 4.6116628904; 13.3748249144; 4.0276884792; -9.6142253839
135.00; 2.1167907546; -59.8541056968; 2.0790775800; 22.5492344912; 2.0280839381; 29.0507781242; 2.0401439061; 6.6726023492; 2.1560491169; 51.7411491733; 2.0851482849; 24.4300929556; 4.9523645777; -19.0164717639; 4.5871278981; -6.4355001078; 4.2220593134; 2.2987910070; 3.6609864035; 18.1976470123; 4.6127936480; -23.3700051632; 4.0287258208; -25.0954283522
135.50; 2.1166435812; -61.8127961287; 2.0783582200; 29.6374718251; 2.0295419828; 23.9579152304; 2.0415983000; -5.4117869582; 2.1549659089; 40.6800610140; 2.0854236401; 12.7713998494; 4.9542998495; -29.1075907931; 4.5902684394; -45.4062125879; 4.2230490645; -22.1692442240; 3.6606868906; 17.6563453675; 4.6138453695; -59.9392592713; 4.0296491165; -36.7381002808
136.00; 2.1163100257; -59.3306543369; 2.0777713135; 35.3747856986; 2.0310617557; 18.1287329046; 2.0430288167; -18.9234122316; 2.1540063390; 24.8278092180; 2.0857335401; -0.1668580936; 4.9561635096; -38.2903377634; 4.5932744193; -80.0995983790; 4.2239737858; -43.7209941317; 3.6604448845; 15.2832768152; 4.6147228762; -89.7356735197; 4.0304367945; -41.8189318873
136.50; 2.1158002172; -53.1871250918; 2.0773424293; 39.1014269075; 2.0326180117; 10.8939410552; 2.0443853591; -31.5889914733; 2.1531258683; 5.0435393248; 2.0860362126; -13.1158685632; 4.9579173441; -45.1416192168; 4.5960217767; -101.9933786134; 4.2247615414; -58.6758968505; 3.6602541348; 11.4054218731; 4.6153282297; -105.6923989568; 4.0310668058; -38.5384728325
137.00; 2.1151414866; -44.7944996889; 2.0770892746; 40.4370191129; 2.0341744202; 1.1952757832; 2.0456163517; -40.5537334626; 2.1522701742; -16.6181364272; 2.0862886996; -24.4822753054; 4.9595249635; -48.4144097825; 4.5984180016; -105.0295738690; 4.2253590494; -64.3072938712; 3.6601042435; 6.5489523777; 4.6156067111; -104.1135460913; 4.0315424597; -27.4642154164
137.50; 2.1143636547; -35.5778699647; 2.0770154265; 39.3782288329; 2.0357040630; -11.9921758780; 2.0466974331; -43.6996355177; 2.1513693302; -37.1392266078; 2.0864563053; -32.8170544321; 4.9609809749; -47.4461730541; 4.6004598503; -89.3476160699; 4.2257506342; -60.0927932896; 3.6599800219; 1.4141014444; 4.6155646862; -86.4733154667; 4.0318987681; -11.2283671143
138.00; 2.1134939001; -26.6386741842; 2.0771161275; 36.2377514291; 2.0371777645; -28.8723089960; 2.0476282683; -40.4919616009; 2.1503514324; -53.0313932792; 2.0865140523; -37.0640874842; 4.9623009883; -42.2152677242; 4.6022118798; -60.5446055152; 4.2259518494; -47.7015524771; 3.6598652549; -3.2586999544; 4.6152555930; -57.9937171255; 4.0321886214; 6.7574803996
138.50; 2.1125606200; -18.7447150814; 2.0773805849; 31.6316108266; 2.0385475932; -47.7199534275; 2.0484229139; -32.0508754897; 2.1491615593; -61.2075436244; 2.0864477357; -36.8700657499; 4.9635068908; -33.3747633302; 4.6037686053; -26.3148776881; 4.2260000871; -30.2962222504; 3.6597460372; -6.7171730713; 4.6147640996; -25.0859198759; 4.0324690695; 23.3937932357
139.00; 2.1115966004; -12.3953732920; 2.0777903809; 26.4370372002; 2.0397463493; -64.1491432742; 2.0491044810; -20.3902771622; 2.1477789676; -60.4165525130; 2.0862569603; -32.7688090919; 4.9646209236; -22.1478500840; 4.6052274359; 6.7665430109; 4.2259473978; -11.4904787784; 3.6596134309; -8.3233119659; 4.6141927218; 6.7801726034; 4.0327913351; 36.5647600737
139.50; 2.1106298485; -7.8408867856; 2.0783229325; 21.5499431396; 2.0407151864; -72.3230756975; 2.0497070523; -7.4087447842; 2.1462136629; -51.9105531171; 2.0859547080; -26.0246755280; 4.9656734007; -10.0282786864; 4.6066832023; 34.9067000873; 4.2258513386; 5.7640615734; 3.6594644738; -7.7435922114; 4.6136422681; 34.3266506546; 4.0331960770; 45.3663123659
140.00; 2.1096842522; -5.1821782791; 2.0789539349; 17.6268075156; 2.0414215189; -67.9879378310; 2.0502680116; 5.6221786882; 2.1445059942; -38.7017450655; 2.0855640887; -18.1603683373; 4.9666954918; 1.5095961857; 4.6082119059; 56.5573352842; 4.2257652474; 19.5897686504; 3.6593034832; -5.0192294656; 4.6132012399; 56.1189158394; 4.0337087482; 49.7298591249
140.50; 2.1087646233; -4.4170078263; 2.0796698455; 14.8164531759; 2.0418836296; -51.2668733915; 2.0508320739; 18.1335761836; 2.1426908044; -23.9218369664; 2.0851073854; -10.4345171326; 4.9677296933; 11.3546610964; 4.6098881825; 71.6368282423; 4.2257305230; 29.2184066281; 3.6591393333; -0.5001407216; 4.6129336960; 72.0283444518; 4.0343467043; 50.0706780725
141.00; 2.1078626500; -5.5377396379; 2.0804678678; 12.8856497523; 2.0421592653; -26.3545367239; 2.0514461981; 29.7924933274; 2.1407934336; -9.8464006576; 2.0846020715; -3.7130039719; 4.9688208031; 18.7530663740; 4.6117805411; 80.4057899300; 4.2257759449; 34.4671691130; 3.6589850266; 5.2731291377; 4.6128859849; 82.3158324739; 4.0351211758; 46.8365334140
141.50; 2.1069843689; -8.5148151098; 2.0813313747; 11.4432921155; 2.0423233156; 0.4296561150; 2.0521406854; 39.9796654625; 2.1388799570; 1.9193586714; 2.0840733382; 1.3362625655; 4.9699812128; 23.0413914487; 4.6138967614; 82.8259348726; 4.2259165763; 35.2246179687; 3.6588608506; 11.5315962273; 4.6130909713; 86.7661129170; 4.0360160490; 40.4416922053
142.00; 2.1061097481; -13.3072501665; 2.0822639732; 10.1097063026; 2.0424623329; 24.4361286452; 2.0529554554; 48.2666881042; 2.1369682135; 10.8434633965; 2.0835299187; 4.4916518306; 4.9712380801; 24.0224772208; 4.6162686106; 78.7500644191; 4.2261556140; 31.5054613277; 3.6587854490; 17.6252435300; 4.6135654152; 84.9663076523; 4.0370232390; 31.0563700817
142.50; 2.1052207706; -19.7211288447; 2.0832622127; 8.7095289099; 2.0426528297; 42.9374135734; 2.0539184418; 54.0452212384; 2.1350858460; 16.6773554830; 2.0829795723; 5.5379533744; 4.9725975088; 21.7275177120; 4.6188888372; 67.7073849704; 4.2264816497; 23.2809987913; 3.6587783098; 22.9117200382; 4.6143066406; 76.0202079219; 4.0381171491; 18.7965400023
143.00; 2.1042940751; -27.3124563304; 2.0843221016; 7.2561179967; 2.0429546371; 55.1778089913; 2.0550492182; 56.6612344600; 2.1332525668; 19.2962520935; 2.0824238977; 4.3991582814; 4.9740542990; 16.3932422325; 4.6217265465; 49.0266260913; 4.2268690319; 10.5752245602; 3.6588564830; 26.8569562309; 4.6152895480; 58.8838783363; 4.0392618853; 3.8354325749
143.50; 2.1033118706; -35.2410898229; 2.0854281947; 5.8504870152; 2.0434043806; 61.4982150849; 2.0563445249; 55.4641971978; 2.1314973290; 18.5297901400; 2.0818636688; 1.0813772102; 4.9755775720; 8.6105165227; 4.6246954086; 22.4971355472; 4.2272736869; -6.1567598502; 3.6590315270; 29.0225012494; 4.6164517966; 33.1594345250; 4.0404000430; -12.9508980584
144.00; 2.1022410779; -42.4409811174; 2.0865811449; 4.4717710363; 2.0440248189; 62.9637445134; 2.0578060021; 49.9478512254; 2.1298114435; 14.1577953685; 2.0812847575; -4.3597074860; 4.9771500893; -0.8546469947; 4.6277259249; -11.3854724653; 4.2276445422; -26.0406496240; 3.6593107562; 29.1854375018; 4.6177185714; -0.3577745644; 4.0414845080; -30.0411897320
144.50; 2.1010661750; -47.5666661807; 2.0877656663; 2.9442593318; 2.0448147394; 60.7068403565; 2.0594013651; 40.0213100373; 2.1281987232; 5.9680531224; 2.0806748348; -11.6259079155; 4.9787271403; -10.8252927563; 4.6306828837; -49.5039714699; 4.2279157101; -46.9207307248; 3.6596914803; 27.2620815724; 4.6189732573; -37.9771508328; 4.0424513636; -44.5791624565
145.00; 2.0997581086; -49.5743110355; 2.0889877762; 0.9094236661; 2.0457740052; 55.7103391069; 2.0611128494; 26.0751524807; 2.1266198540; -6.2603229379; 2.0800050156; -20.2768533889; 4.9802916062; -20.0925020144; 4.6334730454; -86.3562055695; 4.2280241840; -65.9075546527; 3.6601706626; 23.3151661199; 4.6201094815; -73.9304891693; 4.0432631965; -53.3784639097
145.50; 2.0983126164; -47.9334691414; 2.0902380623; -2.0193232602; 2.0468846859; 48.6073286831; 2.0628920178; 9.6179708087; 2.1250411931; -22.2758413195; 2.0792494195; -29.4223863578; 4.9818104853; -27.2555865322; 4.6359730691; -113.5558051793; 4.2279099557; -79.1734889874; 3.6607348340; 17.6035346472; 4.6210117703; -100.4917349247; 4.0438890540; -53.7249753058
146.00; 2.0967100838; -42.8375133111; 2.0915280945; -6.2383188734; 2.0481441410; 39.3157589088; 2.0647171760; -7.0071002951; 2.1233857485; -41.3901171047; 2.0783655290; -37.9328868920; 4.9832864851; -31.1585093399; 4.6381358893; -123.8067777584; 4.2275272806; -83.4889728405; 3.6613764642; 10.4557533950; 4.6216093849; -111.7896780682; 4.0443354462; -44.9220871404
146.50; 2.0949816433; -35.1867544099; 2.0928320862; -11.9103456916; 2.0495132662; 27.2505643852; 2.0665201580; -20.3037803962; 2.1216073123; -61.3025745506; 2.0773330417; -44.1371955885; 4.9846936749; -30.8953903176; 4.6399043976; -113.9668222205; 4.2268626130; -77.0541233948; 3.6620688327; 2.5432234322; 4.6218571739; -105.7405312302; 4.0446223514; -28.9002340277
147.00; 2.0931850433; -26.2719307088; 2.0941072000; -18.8824614349; 2.0509300693; 11.5293805470; 2.0682285647; -27.3125030321; 2.1196744818; -78.2012114405; 2.0761509352; -46.3320658229; 4.9860087564; -26.3226642223; 4.6412773900; -87.7961794511; 4.2259474559; -60.8843212873; 3.6627760667; -5.2369560296; 4.6217690596; -85.8044722648; 4.0447935127; -9.5432741239
147.50; 2.0913212304; -17.0040974053; 2.0953503224; -26.9397429617; 2.0523694738; -9.1067726933; 2.0698512921; -27.4742949725; 2.1174997615; -88.4463854479; 2.0747919979; -43.5092572370; 4.9872697306; -17.9383881570; 4.6423600724; -52.2492450931; 4.2248162399; -37.7320705910; 3.6634872364; -12.2223166184; 4.6214051364; -57.8864210875; 4.0449119641; 9.7703629177
148.00; 2.0894256898; -8.2060492475; 2.0965297168; -35.4501465204; 2.0537646339; -34.4352023087; 2.0713865755; -22.3522837411; 2.1150512289; -89.0773155808; 2.0732658270; -35.5472110619; 4.9885016423; -6.8624205538; 4.6432593384; -14.5048681893; 4.2235408503; -11.5057250278; 3.6641808575; -17.6789895390; 4.6208499389; -28.1973719695; 4.0450375840; 26.2481682211
148.50; 2.0875282945; -0.3992765736; 2.0976137756; -43.5261729637; 2.0550365181; -61.5841073921; 2.0728530082; -14.6456042724; 2.1123222014; -79.5644487288; 2.0715952700; -23.3543253745; 4.9897409730; 5.4630637673; 4.6440923316; 20.7516823509; 4.2222008164; 14.3122792159; 3.6648416268; -21.0876626549; 4.6201931548; -1.0154732467; 4.0452228162; 38.4056244603
149.00; 2.0856626323; 6.0734763717; 2.0985675142; -50.1743232663; 2.0560950703; -84.2331890657; 2.0742718910; -6.7540603277; 2.1093487889; -62.0374479590; 2.0698232196; -8.5446857904; 4.9910235048; 17.5368971665; 4.6449662847; 51.0646214241; 4.2208801485; 37.1669299463; 3.6654579027; -22.1928126079; 4.6195197065; 21.4021434791; 4.0455069006; 45.7621093358
149.50; 2.0838673840; 10.9577418883; 2.0993564349; -54.5486684663; 2.0568602541; -94.5073993634; 2.0756575380; -0.0317177791; 2.1062115566; -40.1996799573; 2.0680118003; 6.9599937555; 4.9923765557; 27.9993052865; 4.6459684042; 75.2759693864; 4.2196611603; 55.4697923755; 3.6660218704; -21.0773535032; 4.6189039104; 38.1894022301; 4.0459123438; 48.4750195917
150.00; 2.0821598811; 14.1117772810; 2.0999625792; -56.3437657269; 2.0573011007; -87.6066530464; 2.0770318625; 5.2513685721; 2.1029822282; -17.5267532578; 2.0662115121; 21.6210372996; 4.9938319489; 35.8749100083; 4.6471735634; 93.0336134396; 4.2186010992; 68.6043132052; 3.6665374359; -18.1018153555; 4.6183971464; 49.3567556222; 4.0464492290; 47.0597387579
150.50; 2.0805404654; 15.4247218454; 2.1003809391; -55.8255600598; 2.0574432957; -64.8732135057; 2.0784203394; 9.2102420842; 2.0997153585; 3.7085412796; 2.0644591122; 34.4051921040; 4.9954220809; 40.5258314174; 4.6486444410; 104.1795565924; 4.2177349193; 76.4182293314; 3.6670169305; -13.7844028044; 4.6180305794; 55.0303575270; 4.0471184873; 41.9950147787
151.00; 2.0790027815; 14.7714813042; 2.1006133825; -53.6834050091; 2.0573597205; -32.8168798635; 2.0798446542; 12.1062823088; 2.0964593874; 22.2510880352; 2.0627852434; 44.6583451637; 4.9971709617; 41.5458380714; 4.6504268903; 108.3774193006; 4.2170829159; 78.8314449129; 3.6674761792; -8.7037696556; 4.6178199999; 55.0145561563; 4.0479114341; 33.5919400193
151.50; 2.0775593951; 12.0546008447; 2.1006635408; -50.7576202339; 2.0571534966; 0.3011694579; 2.0812985838; 13.7787668746; 2.0933095791; 37.2713016532; 2.0612411713; 51.8278964898; 4.9990615038; 38.7558993444; 4.6525158606; 105.0344611549; 4.2166604171; 75.7352272162; 3.6679249350; -3.5292965095; 4.6177679366; 48.7796628958; 4.0487957656; 22.1489278840
152.00; 2.0762000987; 7.2828718304; 2.1005420504; -47.6935424107; 2.0569315646; 28.7699524302; 2.0827845391; 13.8798738929; 2.0903189426; 48.4969013350; 2.0598518251; 55.6952213974; 5.0010792782; 32.2782181767; 4.6548967646; 93.5201403689; 4.2164577654; 67.1268264286; 3.6683770765; 1.1902882971; 4.6178547025; 35.6767323732; 4.0497359093; 7.9286653879
152.50; 2.0748903689; 0.5769261762; 2.1002587696; -44.7637487224; 2.0567833761; 50.2282539528; 2.0843182468; 11.8801359829; 2.0874910489; 55.8405254876; 2.0586145849; 56.1630565970; 5.0032235955; 22.4208774933; 4.6575601021; 73.0922864214; 4.2164462754; 53.0761438772; 3.6688502955; 5.0493141806; 4.6180410313; 15.1927685234; 4.0506991041; -8.7438258382
153.00; 2.0736039834; -7.5906541484; 2.0998243008; -41.9863179159; 2.0567787832; 64.1590967430; 2.0858923050; 7.1461927625; 2.0848504016; 58.9939867018; 2.0575320755; 53.1604907339; 5.0054614402; 9.8800065465; 4.6604438443; 43.6030036051; 4.2165837132; 34.1875950023; 3.6693543574; 7.6895096326; 4.6182646536; -11.9839918384; 4.0516342345; -26.7008631561
153.50; 2.0723083320; -16.3429526523; 2.0992489997; -39.2468677378; 2.0569638471; 71.1926177043; 2.0874917047; -0.9050497049; 2.0824055452; 57.5494364254; 2.0565950619; 46.7428796618; 5.0077531494; -4.3050665816; 4.6634599702; 6.3611520273; 4.2168129423; 11.9270986275; 3.6698954829; 8.8832932174; 4.6184427705; -43.0130204522; 4.0524861497; -43.6922621409
154.00; 2.0709765539; -24.3264524145; 2.0985472679; -36.4774568317; 2.0573611905; 72.2970167476; 2.0890812350; -12.5229893912; 2.0801642122; 51.1005595318; 2.0557889915; 37.2436833730; 5.0100402930; -18.6435483602; 4.6664781989; -34.4093213288; 4.2170650356; -10.9122367927; 3.6704720652; 8.5318855706; 4.6184798874; -72.2626606823; 4.0531970739; -56.3354234752
154.50; 2.0695874858; -29.9803319199; 2.0977365280; -33.7532400615; 2.0579713690; 68.4812901334; 2.0906119169; -27.2955466238; 2.0781194178; 39.5375079131; 2.0550897509; 25.4224238327; 5.0122605139; -31.3600714186; 4.6693525675; -71.1915949365; 4.2172689780; -30.4530450255; 3.6710764500; 6.7138996946; 4.6182880051; -92.4048477927; 4.0537226360; -61.1777178117
155.00; 2.0680990036; -32.1059839218; 2.0968171773; -31.2333263086; 2.0587915946; 60.4567404595; 2.0920578769; -43.8010579459; 2.0762030572; 23.0587571975; 2.0544506823; 12.2687510526; 5.0144046830; -40.9323081849; 4.6720115990; -95.8860860753; 4.2173686131; -43.0542578420; 3.6717095795; 3.6482283913; 4.6178040029; -97.8577186477; 4.0540542096; -56.3931003537
155.50; 2.0665187705; -30.0668784527; 2.0958106383; -29.2191330045; 2.0597881579; 48.7470710738; 2.0933497038; -58.8505051964; 2.0743829361; 3.2431132042; 2.0538388137; -0.3918810123; 5.0164176914; -45.8651185989; 4.6743502911; -102.0354190888; 4.2173255474; -45.7747024270; 3.6723531223; -0.2073931616; 4.6170183190; -86.9251279821; 4.0542012390; -42.7936381647
156.00; 2.0648490293; -24.1181617122; 2.0947235495; -27.9580618025; 2.0609269065; 33.3738931379; 2.0944429808; -68.6654150698; 2.0725892723; -17.1418403485; 2.0532138276; -10.6210453996; 5.0182891607; -45.4632133725; 4.6763585348; -89.4336119815; 4.2171335087; -38.1786891229; 3.6729954964; -4.2769236431; 4.6159655971; -63.0238234702; 4.0542054014; -23.5087924948
156.50; 2.0631202747; -15.2516504245; 2.0935685114; -27.5993800113; 2.0621530446; 14.0696155503; 2.0953006315; -70.2427871090; 2.0707661182; -33.9292211399; 2.0525486025; -16.5853142237; 5.0200094773; -39.9135326781; 4.6780667559; -63.4983141643; 4.2168194931; -22.4296587022; 3.6736194677; -7.8654002979; 4.6147285845; -32.5727680019; 4.0541256728; -2.7070285821
157.00; 2.0613485878; -4.6461654490; 2.0923378049; -28.0969074770; 2.0634171417; -9.9466916335; 2.0959252762; -63.1597372270; 2.0688423099; -43.1268401234; 2.0518198199; -17.3083650860; 5.0216110248; -30.1746601882; 4.6795729502; -31.2609999499; 4.2164315787; -2.0732310322; 3.6742188300; -10.3394908230; 4.6133926379; -1.4013817169; 4.0540253013; 16.3330375825
157.50; 2.0595745849; 6.4939398045; 2.0910323987; -29.1802113980; 2.0646423478; -38.9120866722; 2.0963374705; -49.7066459075; 2.0667900805; -42.1560690218; 2.0510275824; -12.9605811188; 5.0231206843; -17.8081046532; 4.6809757537; 1.2960838087; 4.2160350433; 18.9895597197; 3.6747843826; -11.1593168162; 4.6120577231; 26.2817872937; 4.0539631729; 31.3746237818
158.00; 2.0578230591; 17.2822378586; 2.0896375574; -30.3638347801; 2.0657482768; -71.7941863215; 2.0965820875; -33.3219996350; 2.0645929192; -31.2515163570; 2.0501798099; -4.7456004229; 5.0245887773; -4.4689136876; 4.6823893555; 30.8051437405; 4.2156935827; 37.8601746618; 3.6753177552; -10.0008878401; 4.6107998400; 48.6266279513; 4.0539860605; 41.5609787332
158.50; 2.0561239196; 27.0958095091; 2.0881414878; -30.9822470750; 2.0666362176; -104.6229121338; 2.0967104538; -17.1415071791; 2.0622714353; -13.1757492056; 2.0492987442; 5.5484603541; 5.0260631957; 8.2274116703; 4.6839146546; 55.4560659321; 4.2154664327; 52.6891079193; 3.6758243386; -6.7988721089; 4.6096843748; 65.0563460357; 4.0541277326; 46.7922550806
159.00; 2.0545197585; 35.4026551416; 2.0865479605; -30.3379429006; 2.0671976084; -129.8264848549; 2.0967720649; -3.0144278585; 2.0598908491; 7.9868569032; 2.0484214897; 16.0107461566; 5.0275760796; 18.8360491872; 4.6856246893; 74.1333330473; 4.2154034116; 62.4466679741; 3.6763107510; -1.7745306661; 4.6087702455; 75.5154148043; 4.0544066737; 47.3457519252
159.50; 2.0530433414; 41.7458042374; 2.0848627441; -27.9329600221; 2.0673511772; -139.0993013723; 2.0968111605; 8.2701397480; 2.0575225445; 28.5993350703; 2.0475840360; 25.1250693610; 5.0291559757; 26.2996174214; 4.6875771081; 86.2463709979; 4.2155374998; 66.8260447841; 3.6767901661; 4.6343254493; 4.6080949322; 80.2175799463; 4.0548269835; 43.6888886229
160.00; 2.0517085974; 45.8357725423; 2.0830855190; -23.6790030495; 2.0670674043; -128.1867356044; 2.0968637228; 16.8505984121; 2.0552191474; 46.4075061459; 2.0468119189; 31.9658317062; 5.0308334579; 29.9645789255; 4.6898245812; 91.4857673419; 4.2158859662; 65.8709169967; 3.6772833873; 11.9096653548; 4.6076730992; 79.3087975165; 4.0553831280; 36.2263179203
160.50; 2.0505444869; 47.3539825676; 2.0812540984; -17.9949110099; 2.0663851660; -100.0861312220; 2.0969563069; 22.9663007264; 2.0530656733; 60.0456165297; 2.0461372085; 35.9391436449; 5.0325973791; 29.5022896378; 4.6923594478; 89.4312580863; 4.2164436452; 59.7045794662; 3.6778047102; 19.3468283205; 4.6075100372; 72.7091842005; 4.0560483786; 25.3640296145
161.00; 2.0495521592; 46.0716299665; 2.0793893343; -11.5174045312; 2.0653968802; -62.9579174315; 2.0971081393; 26.9093702408; 2.0511042380; 69.2003124944; 2.0455725233; 36.8648078327; 5.0344442330; 25.0179237166; 4.6951784493; 79.6776398590; 4.2171923010; 48.4700748688; 3.6783746390; 26.3433681795; 4.6075865821; 60.2289856011; 4.0567918745; 11.3437650559
161.50; 2.0487102887; 41.7966899174; 2.0774903699; -4.8041849902; 2.0642091769; -24.9615793842; 2.0973339805; 28.6933159065; 2.0493382865; 73.9717720361; 2.0451140368; 34.7240179538; 5.0363827784; 16.8996717560; 4.6982937724; 61.5802682036; 4.2181090248; 32.1405457760; 3.6790199179; 32.4297492361; 4.6078678803; 41.5808663459; 4.0575832041; -5.7234519234
162.00; 2.0480219177; 34.6818430074; 2.0756342842; 1.5584153447; 2.0629779134; 7.1511606017; 2.0976328232; 27.9003254457; 2.0478306973; 74.2862141662; 2.0447676349; 29.6390737254; 5.0383318647; 6.2058070443; 4.7015665611; 35.3513556273; 4.2191190556; 11.5906255559; 3.6797380988; 36.9762651483; 4.6082902034; 17.8037956988; 4.0583507127; -24.5403675164
162.50; 2.0474422631; 24.9651771548; 2.0738076356; 7.6027551324; 2.0617842472; 31.7287621844; 2.0980073353; 23.8358366208; 2.0465507538; 70.1390952476; 2.0445098825; 21.6313115172; 5.0402941962; -6.0896115740; 4.7049821277; 0.9019862613; 4.2201790137; -12.6802218600; 3.6805537414; 39.7311454280; 4.6087889289; -9.7259118070; 4.0590536865; -43.7318953438
163.00; 2.0469342897; 13.5148022718; 2.0720390982; 13.3972184791; 2.0607133098; 48.4132830358; 2.0984432901; 15.6779150963; 2.0454898436; 61.4082653995; 2.0443168178; 10.9615508707; 5.0422226722; -18.4316560813; 4.7084252314; -39.6493925134; 4.2212112519; -38.9087898644; 3.6814696020; 40.4770061691; 4.6092788704; -37.3554379854; 4.0596321923; -60.3375311631
163.50; 2.0464516243; 1.7036552494; 2.0703454150; 19.0649253986; 2.0598181747; 57.9580861202; 2.0989159046; 2.9725435110; 2.0446175909; 47.9200928546; 2.0441547174; -1.9592022635; 5.0440820110; -29.0677959727; 4.7117817682; -81.7708967673; 4.2221381906; -64.3353854661; 3.6824876461; 39.1890972290; 4.6096771891; -59.9788950273; 4.0600376691; -70.8076602541
164.00; 2.0459483094; -8.6278077502; 2.0687472629; 24.5607315899; 2.0591318898; 61.2558277574; 2.0993850123; -14.0223028344; 2.0438915187; 29.7691346236; 2.0439834113; -16.3395314165; 5.0458375993; -36.1885208920; 4.7149234807; -118.1106067183; 4.2228818972; -85.2458248226; 3.6836017973; 36.0441307976; 4.6099150196; -72.3280617051; 4.0602384229; -72.1954150967
164.50; 2.0453898508; -15.5115590132; 2.0672813538; 29.5379006919; 2.0586737521; 59.0979607793; 2.0997919639; -32.9503972098; 2.0432618398; 7.8710476031; 2.0437603626; -30.7508238444; 5.0474473767; -38.2699517901; 4.7177064932; -140.3753799703; 4.2233713415; -97.7292138517; 3.6847879921; 31.4919981405; 4.6099535183; -71.4052132941; 4.0602294232; -63.7784163145
165.00; 2.0447403564; -17.7946971172; 2.0659428374; 33.5813180784; 2.0584314183; 51.9985891659; 2.1000830032; -49.9813362888; 2.0426492780; -16.2037159053; 2.0434374477; -43.7191276994; 5.0489287042; -34.6299997272; 4.7201059108; -144.3127608634; 4.2235763799; -99.6520544349; 3.6860487445; 26.0772230181; 4.6097975405; -58.2371350293; 4.0600375581; -47.4822588710
165.50; 2.0439838072; -15.2406639487; 2.0647375392; 36.1253610230; 2.0583842177; 40.1569937626; 2.1002049161; -59.9995707457; 2.0419727060; -39.2739621967; 2.0429709570; -53.3912934700; 5.0503019839; -25.4205165362; 4.7221243667; -130.9383609115; 4.2234904623; -91.0197847111; 3.6873763341; 20.5115643899; 4.6094860425; -37.1566004125; 4.0597110649; -27.0552183246
166.00; 2.0431405305; -8.7299555958; 2.0636959046; 36.6089413558; 2.0584979207; 23.8995190738; 2.1001230579; -58.7898796062; 2.0411706391; -56.7412280560; 2.0423388113; -58.0032413312; 5.0515706887; -11.9550098183; 4.7237666619; -105.9327657647; 4.2231411423; -74.4237523450; 3.6887299507; 15.6853799213; 4.6090897114; -14.0137822229; 4.0593190136; -6.8485972725
166.50; 2.0422254293; 0.3138675498; 2.0628098243; 34.7609854015; 2.0587233059; 3.0786573045; 2.0998403818; -45.9712747941; 2.0401802746; -64.8839439218; 2.0415216975; -56.8092891865; 5.0527875643; 4.1013047088; 4.7251252405; -75.4108816174; 4.2225775983; -53.4545210662; 3.6901060339; 12.2361360741; 4.6086774626; 7.1303810131; 4.0589217773; 10.3754357013
167.00; 2.0412691917; 10.3584120115; 2.0620716356; 30.6385883967; 2.0589964023; -22.3659472524; 2.0993963115; -24.9952006302; 2.0389734416; -61.8797702060; 2.0405225063; -50.1384445435; 5.0540035017; 20.8020030993; 4.7262953498; -44.1481636320; 4.2218641954; -31.6981331607; 3.6914950326; 10.6062677055; 4.6083147735; 23.8883633081; 4.0585738188; 23.0399819046
167.50; 2.0403034777; 20.2137743079; 2.0614633677; 24.6979134154; 2.0592392758; -52.1395728783; 2.0988547831; -1.0222795790; 2.0375526297; -48.9527063144; 2.0393576759; -39.2613107619; 5.0552757805; 36.4471998516; 4.7273784196; -15.0118750375; 4.2210654343; -11.7435297887; 3.6928975513; 10.9185741076; 4.6080526375; 35.4793809979; 4.0583151000; 30.8229489416
168.00; 2.0393819341; 28.9067401415; 2.0609740822; 17.9349744845; 2.0593552635; -83.6098136834; 2.0983023835; 21.0158578202; 2.0359858212; -30.0060644003; 2.0380846982; -26.1726216121; 5.0566281920; 49.4223840143; 4.7284441258; 9.7439598367; 4.2202591043; 4.4960861495; 3.6942871731; 12.9744341387; 4.6079315057; 41.7833730837; 4.0581763892; 33.6507277649
168.50; 2.0385312556; 36.0617962876; 2.0605750992; 11.4195253992; 2.0592487779; -112.0935160569; 2.0978073709; 38.6647597215; 2.0343277740; -9.1344495879; 2.0367412813; -12.4875826361; 5.0581054341; 58.9665498377; 4.7295741924; 29.2674239298; 4.2194929350; 16.4539092304; 3.6956753928; 16.3341701614; 4.6079687058; 43.2557081245; 4.0581668336; 32.0627782497
169.00; 2.0377623832; 41.5706402058; 2.0602351706; 6.0440721182; 2.0588296849; -130.9081866531; 2.0974185458; 51.2724974589; 2.0326168321; 10.7845810203; 2.0353485081; 0.7286934332; 5.0597620784; 64.7910165859; 4.7308498260; 43.1821496994; 4.2187919006; 24.1080884775; 3.6970954232; 20.4743662777; 4.6081692029; 40.2479908905; 4.0582837313; 26.5437111493
169.50; 2.0370932155; 45.2826152631; 2.0599340543; 2.4082927593; 2.0580365944; -133.2191930936; 2.0971771694; 58.8129718917; 2.0309118064; 27.8975867607; 2.0339446340; 12.5997993209; 5.0616217048; 66.7168471700; 4.7323207479; 50.8936921755; 4.2181794076; 27.3705539203; 3.6985629835; 24.8329021777; 4.6085255191; 32.8395469835; 4.0585139986; 17.4350305945
170.00; 2.0365440081; 47.0173884987; 2.0596621434; 0.5902676760; 2.0568726083; -116.7148833516; 2.0971116614; 61.5605118395; 2.0292874886; 41.2439012757; 2.0325839045; 22.4252239276; 5.0636681957; 64.7780048052; 4.7339963227; 51.7479904430; 4.2176739332; 26.1467953394; 3.7000728349; 28.7781485623; 4.6090111776; 21.0684884072; 4.0588299297; 5.0958736785
170.50; 2.0361205236; 46.6528372098; 2.0594136804; 0.1113981622; 2.0553985260; -85.8423678353; 2.0972312258; 60.0166639510; 2.0277925680; 50.6801733657; 2.0313025335; 29.8383736824; 5.0658854476; 59.2758684880; 4.7358741017; 45.1742277907; 4.2172739958; 20.4293213482; 3.7016290839; 31.7874715370; 4.6095876032; 4.9650798308; 4.0591945699; -10.1649797649
171.00; 2.0358165117; 44.0803322985; 2.0591857554; 0.2746789350; 2.0537099879; -48.7715829305; 2.0975315883; 54.5284374026; 2.0264507088; 56.3610850058; 2.0301183389; 34.6656832080; 5.0682631874; 50.6358309990; 4.7379430657; 30.5610701582; 4.2169605455; 10.2980298099; 3.7032449178; 33.4481591163; 4.6102073273; -15.1986240860; 4.0595646945; -27.8570796040
171.50; 2.0356177244; 39.2223226567; 2.0589774085; 0.5090752998; 2.0519156752; -13.1077602292; 2.0979984918; 45.1331145184; 2.0252713242; 58.3699386987; 2.0290385101; 36.7775110269; 5.0707893741; 39.5165737130; 4.7401748273; 7.4545417667; 4.2167007471; -3.8977907365; 3.7049341737; 33.4705060748; 4.6108125620; -38.3730858473; 4.0598905629; -46.7819566618
172.00; 2.0355056545; 32.2676612391; 2.0587917771; 0.5651303082; 2.0501538230; 15.9029234148; 2.0985970603; 31.7928327653; 2.0242757082; 56.6154215595; 2.0280830165; 36.0435074095; 5.0733958652; 27.1011572030; 4.7424720300; -23.1856219239; 4.2164545532; -20.8842466832; 3.7066729734; 31.7115373354; 4.6113247649; -61.5153845760; 4.0601121669; -64.3057890577
172.50; 2.0354510962; 23.6729667328; 2.0586283567; 0.5275056088; 2.0485209017; 36.5611643495; 2.0992842810; 14.3105153328; 2.0234584892; 50.9722305811; 2.0272497485; 32.5015575370; 5.0760384197; 14.7876200304; 4.7447382971; -58.3658584643; 4.2161702501; -38.5427137143; 3.7084506373; 28.1588121725; 4.6116732332; -80.2898587038; 4.0601781264; -76.9968592384
173.00; 2.0354190658; 14.2105946728; 2.0584852989; 0.6190583879; 2.0470790513; 49.0561499503; 2.1000073513; -7.2519353685; 2.0227985323; 41.3131887292; 2.0265243111; 26.4203140384; 5.0786847712; 4.1233503522; 4.7468729031; -92.6389207055; 4.2157931366; -53.8920916005; 3.7102587883; 22.9818349786; 4.6118028325; -90.0307645607; 4.0600523956; -81.5077684487
173.50; 2.0353722018; 5.0281591937; 2.0583608795; 0.9698543029; 2.0458624490; 54.1998522379; 2.1007025085; -31.9598887819; 2.0222620368; 27.7500068065; 2.0258839962; 18.4097365667; 5.0813129340; -3.4569092921; 4.7487807675; -118.9847659038; 4.2152746193; -63.5382030277; 3.7120878905; 16.5556164350; 4.6116855062; -87.7705641490; 4.0597226690; -76.1466450583
174.00; 2.0352744039; -2.5015989267; 2.0582536815; 1.4576064473; 2.0448770923; 52.7818027372; 2.1012996641; -57.4465693814; 2.0218012621; 10.9060662074; 2.0252975623; 9.4957323558; 5.0839255768; -7.0159197296; 4.7503989463; -131.0231121971; 4.2145791359; -64.6960962585; 3.7139357016; 9.4455271717; 4.6113268631; -73.9821697094; 4.0592027509; -61.8523256100
174.50; 2.0350961240; -7.0009543916; 2.0581637415; 1.6682619795; 2.0441187725; 45.3228193002; 2.1017197920; -79.1587349193; 2.0213626383; -7.4609526839; 2.0247363347; 1.2197107289; 5.0865181364; -6.1347740916; 4.7516911829; -126.0531560021; 4.2136997598; -56.2353820738; 3.7157846875; 2.4276485682; 4.6107670388; -52.5480564676; 4.0585348499; -41.8245558115
175.00; 2.0348241294; -7.5735673241; 2.0580918415; 1.0012238807; 2.0435800628; 32.4659440257; 2.1018868767; -91.1974405740; 2.0208981776; -23.8475840092; 2.0241870612; -4.4654372848; 5.0890382614; -1.5481223345; 4.7526446238; -106.5660680855; 4.2126814559; -39.5894724755; 3.7175740440; -3.4874130405; 4.6100841322; -29.1889311504; 4.0577954107; -20.6317882307
175.50; 2.0344529964; -4.3145063526; 2.0580324999; -1.1388235222; 2.0432112439; 14.5850793380; 2.1017671455; -90.1678695559; 2.0203502101; -34.6943537608; 2.0236251212; -6.1610247738; 5.0915350191; 5.5528801644; 4.7533329965; -77.6376682231; 4.2115627591; -17.5858199800; 3.7193106846; -7.6071792903; 4.6093415384; -7.8342241304; 4.0570406047; -1.4561786799
176.00; 2.0339939890; 1.9462730981; 2.0579758664; -5.1647374100; 2.0429538024; -7.6606516190; 2.1013632895; -76.5026644443; 2.0196826470; -36.9739184749; 2.0230441280; -3.2066969334; 5.0940389089; 13.6349814134; 4.7538458826; -44.6251223277; 4.2104081043; 6.2516151156; 3.7209884348; -9.4370061796; 4.6086021485; 9.2982360806; 4.0563273935; 13.6699442953
176.50; 2.0334762815; 9.9154172767; 2.0579060822; -11.0824812095; 2.0427385898; -32.9585589990; 2.1007235573; -54.6812940546; 2.0188955917; -29.8950729717; 2.0224601229; 3.9431573331; 5.0965494697; 21.1453876631; 4.7542781421; -11.9662935857; 4.2093030140; 28.5724788347; 3.7225859047; -8.8140449789; 4.6079252105; 21.4209932005; 4.0557095132; 23.7265670507
177.00; 2.0329314212; 18.4131910168; 2.0578000602; -18.4951653586; 2.0424838658; -59.8349738962; 2.0999192793; -30.3660508022; 2.0180125212; -15.4351239198; 2.0218962103; 13.9924140505; 5.0990899871; 26.9058609180; 4.7547289232; 17.4669336791; 4.2083159289; 47.3100072449; 3.7241072120; -5.9574456002; 4.6073460893; 28.8652078112; 4.0552169661; 28.7383018493
177.50; 2.0323870151; 26.6435048903; 2.0576281873; -26.6942830648; 2.0421000454; -86.6597304742; 2.0990200308; -7.8171583029; 2.0170699651; 2.9685956461; 2.0213781668; 25.4162446998; 5.1017068749; 30.2019319645; 4.7552922807; 42.1194003172; 4.2074933136; 61.5240957660; 3.7255802838; -1.3486281090; 4.6068792480; 32.2513877540; 4.0548590766; 29.1687264716
178.00; 2.0318656147; 34.1593089372; 2.0573549669; -34.7690300084; 2.0414907867; -111.1340167379; 2.0980805624; 10.6822591447; 2.0161080952; 22.0097760357; 2.0209330028; 36.8812743689; 5.1044628146; 30.6275695452; 4.7560556734; 61.1403564888; 4.2068650079; 70.9047542414; 3.7270497671; 4.4552572901; 4.6065254252; 32.0338245161; 4.0546314989; 25.4875323664
178.50; 2.0314077352; 40.4660614279; 2.0569542491; -41.4422063648; 2.0405867848; -128.3712904286; 2.0971788750; 23.7529285443; 2.0152063690; 38.6960229182; 2.0206063358; 46.9662224497; 5.1073070080; 27.9932393405; 4.7570634897; 73.2539818961; 4.2064737604; 75.0440972658; 3.7285068002; 10.6545469411; 4.6062900077; 28.3867720776; 4.0545285457; 18.2180776406
179.00; 2.0310412070; 45.3241848145; 2.0564039587; -45.8474102233; 2.0393394345; -133.0584211031; 2.0963635988; 31.3707128113; 2.0144239308; 51.6703783832; 2.0204314571; 54.8501999714; 5.1102122499; 22.3590031223; 4.7583443033; 77.8752496628; 4.2063334813; 73.9347321132; 3.7299624908; 16.5515462765; 4.6061610594; 21.4468354241; 4.0545281233; 7.8278041676
179.50; 2.0307849060; 48.5750480102; 2.0556892398; -47.7492558853; 2.0377373469; -122.0593677192; 2.0956606719; 33.9702544433; 2.0138026592; 60.6237408027; 2.0204319303; 60.1107632001; 5.1131564806; 13.9430853640; 4.7599075920; 74.6186982397; 4.2064383511; 67.6961492585; 3.7314341534; 21.5676420703; 4.6061149949; 11.1935355774; 4.0545976479; -5.3008423719
180.00; 2.0306511423; 50.0590363660; 2.0548067635; -47.5278910939; 2.0358237383; -97.0336223992; 2.0950809102; 32.0632617470; 2.0133721040; 65.7088219185; 2.0206221411; 62.5415304425; 5.1161024421; 3.1752959451; 4.7617343156; 63.1695318695; 4.2067656521; 56.5677656931; 3.7329324411; 25.2394127796; 4.6061183696; -2.0741131677; 4.0546960905; -20.6136700780
180.50; 2.0306416363; 49.6121921502; 2.0537237518; -45.9089446205; 2.0336067038; -62.9913691513; 2.0945989012; 25.7251148919; 2.0131348247; 67.2919542716; 2.0210176721; 62.0905254028; 5.1191231482; -9.7747257622; 4.7638566148; 42.8457780393; 4.2072932344; 40.4729916188; 3.7345237993; 27.3535683472; 4.6061291680; -18.0907105870; 4.0547797111; -37.8317832832
181.00; 2.0307566479; 46.9737238742; 2.0524664015; -43.7258607128; 2.0312376918; -27.8718518772; 2.0942072238; 15.1792371421; 2.0131043245; 65.4468479946; 2.0216111499; 58.6988936336; 5.1221136350; -23.7628363571; 4.7661697173; 13.9501050076; 4.2079620077; 20.4850434594; 3.7361815281; 27.6077379726; 4.6060970135; -34.7933158428; 4.0547936313; -54.8569404623
181.50; 2.0309860929; 41.9850418800; 2.0510448538; -41.5323947283; 2.0288334533; 2.8684020541; 2.0938745494; 0.5830368699; 2.0132759172; 60.1815757211; 2.0223906799; 52.4380226423; 5.1250224664; -37.5423800231; 4.7685786181; -22.1204140603; 4.2087081673; -1.8816831849; 3.7379019986; 25.8923313028; 4.6059698015; -49.1253106090; 4.0546852903; -68.7480185771
182.00; 2.0313118109; 34.6648070058; 2.0494643645; -39.4756590490; 2.0264884922; 26.6585575132; 2.0935553955; -17.7428326818; 2.0136341547; 51.4040721565; 2.0233377632; 43.4891770226; 5.1278097368; -49.5573750249; 4.7709740729; -61.5138749978; 4.2094628642; -24.3636819226; 3.7396815569; 22.2723574644; 4.6057025617; -57.3836696535; 4.0544115376; -76.1053640728
182.50; 2.0317031865; 25.5035022845; 2.0477488509; -37.3743713534; 2.0243028106; 42.7293048786; 2.0931967614; -38.6955745593; 2.0141476729; 39.1709750417; 2.0244137614; 32.3587171336; 5.1304083512; -58.0417507175; 4.7732078190; -97.3959665845; 4.2101479864; -43.7277402133; 3.7414893186; 17.0832819810; 4.6052729203; -56.4875455929; 4.0539532738; -74.4287926866
183.00; 2.0321288883; 15.3985600924; 2.0458955824; -34.8496846002; 2.0223135610; 51.6374974218; 2.0927323468; -60.2591804309; 2.0147806011; 23.6629943429; 2.0255893265; 19.7322767744; 5.1328078027; -61.8875696668; 4.7751808908; -122.3775074133; 4.2107071662; -57.0441681399; 3.7433193380; 10.8442097143; 4.6046818055; -45.9053854961; 4.0533142067; -63.7109758810
183.50; 2.0325587655; 5.6938086960; 2.0438860695; -31.5720611950; 2.0205218136; 54.0522999445; 2.0920889111; -79.3617159423; 2.0154935779; 5.4318537368; 2.0268414341; 6.5585481049; 5.1350286696; -60.6454044252; 4.7768395671; -131.2594987473; 4.2111052244; -62.2834695035; 3.7451780152; 4.2301760243; 4.6039528195; -27.8924204659; 4.0525183235; -46.3045371001
184.00; 2.0329546311; -1.7002184991; 2.0417496694; -27.5374646482; 2.0189532817; 50.3358999218; 2.0912140922; -91.0697081864; 2.0162228427; -13.6039617643; 2.0281167909; -5.6181835601; 5.1370521326; -54.6617770923; 4.7781353859; -123.2283581720; 4.2113199533; -58.9505475529; 3.7470274395; -1.7867606882; 4.6031473636; -6.8891227442; 4.0516268337; -26.3163703089
184.50; 2.0332898738; -5.1296077832; 2.0395085033; -23.0600803513; 2.0176011430; 40.7669790378; 2.0900781855; -91.0733406606; 2.0169054530; -30.5316695771; 2.0293718119; -15.2659536039; 5.1388892437; -45.1440540017; 4.7790853579; -102.2940536979; 4.2113598734; -48.5800493939; 3.7488426403; -6.2943524690; 4.6023325223; 12.8352221245; 4.0507056892; -7.5277892988
185.00; 2.0335545786; -3.8168896156; 2.0371784297; -18.6919281791; 2.0164330013; 25.6159866894; 2.0886863942; -78.0043844313; 2.0174879191; -42.1295565180; 2.0305757971; -21.3160987576; 5.1405706113; -33.7172876713; 4.7797521748; -74.2755145263; 4.2112565685; -34.0165236472; 3.7506110855; -8.6364457384; 4.6015676132; 28.5484386914; 4.0498135568; 7.5964391710
185.50; 2.0337569478; 1.8619335302; 2.0347727142; -15.0482450872; 2.0153973347; 5.4085555728; 2.0870843519; -54.5782800586; 2.0179342676; -46.0342154400; 2.0317106645; -23.4436594487; 5.1421346808; -21.9872332923; 4.7802208544; -44.2886919943; 4.2110544244; -18.2945126723; 3.7523292852; -8.5354045994; 4.6008978374; 39.2083233821; 4.0489963774; 17.9512486352
186.00; 2.0339239106; 10.7194639261; 2.0322693718; -12.5663261335; 2.0144133952; -19.1141489767; 2.0853279060; -25.8959576014; 2.0182378201; -41.9351194101; 2.0327854210; -22.1449794726; 5.1436412182; -11.0899153982; 4.7805873519; -15.5584467163; 4.2107980261; -3.6722079613; 3.7540244445; -6.1336080897; 4.6003438612; 45.0205814508; 4.0482746242; 23.4978091428
186.50; 2.0340907529; 21.0578928403; 2.0296842587; -11.4182606224; 2.0134049861; -46.1169670208; 2.0835174452; 2.4778208290; 2.0184092926; -31.6951449851; 2.0338000148; -18.4391332234; 5.1451200847; -1.9734457853; 4.7809351665; 9.4749039211; 4.2105318927; 8.1719738186; 3.7557011818; -1.9407318013; 4.5999226186; 46.5374376036; 4.0476679021; 24.5476016141
187.00; 2.0342971853; 31.2367120277; 2.0270447551; -11.3071201662; 2.0122945444; -72.6899546685; 2.0817636505; 26.5618283852; 2.0184791014; -18.4901134066; 2.0347565490; -13.5237849906; 5.1465870927; 4.8301229003; 4.7813344328; 29.2505091667; 4.2102935859; 16.2959569760; 3.7573599531; 3.2578673980; 4.5996386283; 44.4633067670; 4.0471840847; 21.7249320091
187.50; 2.0345853244; 40.1811373565; 2.0243293797; -11.4796700322; 2.0109879965; -95.5346930121; 2.0801323556; 44.8034013914; 2.0184894323; -5.0782514975; 2.0356782035; -8.3317866288; 5.1480763654; 9.3052645632; 4.7818455904; 43.1913717111; 4.2101047559; 20.4475700990; 3.7590331879; 8.6950724317; 4.5994788891; 39.2951754487; 4.0468092258; 15.6540446924
188.00; 2.0349914057; 47.1632541604; 2.0215320961; -10.9168026545; 2.0094097725; -110.4483208297; 2.0786819988; 56.7673719541; 2.0184822413; 6.6286023851; 2.0365827349; -3.5352152607; 5.1496053102; 11.5701284066; 4.7825092067; 50.8555344474; 4.2099765508; 20.5987650174; 3.7607431940; 13.6367251981; 4.5994236093; 31.2603489841; 4.0465231147; 6.8833575459
188.50; 2.0355462049; 51.7834219212; 2.0186380102; -8.6449712072; 2.0075020561; -113.1212096384; 2.0774456918; 62.6653200257; 2.0184940777; 15.7823614851; 2.0374903243; 0.4725243662; 5.1511905523; 11.8199528569; 4.7833503162; 51.8887673460; 4.2099076844; 16.8181004709; 3.7625173414; 17.4888160883; 4.5994447507; 20.2977009448; 4.0462965483; -4.1977680800
189.00; 2.0362609876; 53.7522860302; 2.0156924087; -4.1597428551; 2.0052811917; -100.7875165355; 2.0764601257; 62.7714866290; 2.0185530439; 22.0702861409; 2.0384017626; 3.3998044739; 5.1528125696; 10.3248317383; 4.7843584908; 45.8805686928; 4.2098863824; 9.2162318243; 3.7643458894; 19.7341891104; 4.5995056075; 6.5311875394; 4.0460978086; -17.0437017562
189.50; 2.0371499818; 52.9658281443; 2.0126848041; 2.4457533992; 2.0027671232; -74.3897320793; 2.0757176392; 57.4169354130; 2.0186787529; 25.7511169323; 2.0393345920; 5.1325325323; 5.1544811295; 7.3902962934; 4.7855216746; 32.3617895181; 4.2098881396; -2.0284439462; 3.7662528158; 20.0697215435; 4.5995620347; -9.9005325003; 4.0458849871; -31.1558291978
190.00; 2.0382116960; 49.3334476536; 2.0096371322; 10.4312650997; 2.0000414964; -38.9295789590; 2.0752024333; 46.8547956483; 2.0188822959; 26.9776177743; 2.0402951421; 5.5700755745; 5.1561877056; 3.4648247743; 4.7867974486; 11.0559403731; 4.2098779321; -16.4530622301; 3.7682404336; 18.2985156594; 4.5995618632; -27.9987245691; 4.0456141502; -45.3317263392
190.50; 2.0394277030; 42.8166317617; 2.0065934191; 18.6977737239; 1.9972299448; -1.3294302129; 2.0748844613; 31.4638996198; 2.0191656587; 25.8026059295; 2.0412804462; 4.6285026799; 5.1579108325; -0.8202942652; 4.7881124915; -17.3770952320; 4.2098113915; -33.0388319259; 3.7702927692; 14.3744029632; 4.5994485114; -45.3173130840; 4.0452428737; -57.4097704551
191.00; 2.0407852772; 33.3530901674; 2.0035566508; 26.3312299869; 1.9944264319; 33.1329321366; 2.0747130952; 11.6650192834; 2.0195269019; 22.1510787086; 2.0422969546; 2.2440764770; 5.1596515226; -4.6165919454; 4.7893895492; -51.0229362645; 4.2096368790; -50.3314321051; 3.7724150122; 8.3752519002; 4.5991669348; -58.4735577798; 4.0447302818; -64.7279335953
191.50; 2.0422615171; 20.9879215985; 2.0005320745; 32.7365038670; 1.9917193879; 61.3940383548; 2.0746262526; -11.7181366732; 2.0199570851; 15.8173850532; 2.0433458132; -1.5882585402; 5.1614100216; -6.9287759963; 4.7905324713; -85.5186735215; 4.2092990250; -66.0413586079; 3.7746038494; 0.5567188750; 4.5986728038; -63.4701300585; 4.0440485021; -64.8211386726
192.00; 2.0437836133; 6.4109273616; 1.9976018420; 37.6456045363; 1.9892504552; 81.7876464598; 2.0745532574; -36.3180809892; 2.0204272915; 6.8008674995; 2.0443955234; -6.6112002450; 5.1631437783; -6.8397408410; 4.7914115694; -113.0939603899; 4.2087564686; -76.8870817641; 3.7767914397; -8.3703348768; 4.5979603997; -57.4956428568; 4.0432100787; -56.8157678500
192.50; 2.0453157308; -9.5909724408; 1.9947515518; 41.4349888278; 1.9870562305; 94.6920073170; 2.0744167229; -59.5330381944; 2.0209132158; -4.8139396973; 2.0454426045; -12.4513400794; 5.1648708679; -3.8895525109; 4.7919507202; -126.8003112341; 4.2079711762; -80.1977680042; 3.7789728220; -17.6956054996; 4.5970417967; -40.8675996534; 4.0422309819; -42.1126235062
193.00; 2.0467994130; -25.4913713148; 1.9919977406; 44.6813787166; 1.9851795510; 100.5654658756; 2.0741448310; -77.6983523934; 2.0213768839; -18.2214620329; 2.0464685651; -18.3670544370; 5.1665977055; 1.7335470510; 4.7921053880; -122.7335339588; 4.2069343481; -74.3493599933; 3.7811161133; -26.4334149589; 4.5959698486; -17.0724943627; 4.0411573514; -23.9286506131
193.50; 2.0481591673; -39.1041267725; 1.9893879513; 47.9669107187; 1.9836611396; 99.7874300418; 2.0736868312; -86.9875396492; 2.0217691698; -31.4301987622; 2.0474421906; -23.2624591778; 5.1683176035; 9.0974356812; 4.7918873970; -102.4299455422; 4.2056806368; -59.7947903399; 3.7831655279; -33.4604268191; 4.5948336894; 8.5450398772; 4.0400598920; -6.0381881685
194.00; 2.0493547230; -48.5441160900; 1.9869205748; 51.7072382069; 1.9824867015; 92.6128241717; 2.0730157869; -85.4523354815; 2.0220499190; -41.7257906198; 2.0483537199; -26.1041854177; 5.1700599181; 16.9898187413; 4.7913617309; -71.2009623033; 4.2042534717; -38.7351448382; 3.7851092474; -38.0028312970; 4.5937084550; 31.5502197741; 4.0389890648; 8.9839762140
194.50; 2.0503755134; -52.6754523934; 1.9845639269; 55.9864758356; 1.9816102928; 78.9115906300; 2.0721272993; -73.7890224697; 2.0221905689; -46.2930274493; 2.0492114006; -26.1528121397; 5.1718797293; 24.2623919085; 4.7906155158; -34.6931503012; 4.2026946191; -14.0012264695; 3.7869687152; -39.6982380993; 4.5926452337; 49.3350587875; 4.0379719424; 19.9188764489
195.00; 2.0511948517; -51.2965198216; 1.9823656527; 60.3857932061; 1.9809989390; 58.9187166929; 2.0710736189; -55.5775497110; 2.0221737106; -43.1199499918; 2.0500037487; -23.1727130305; 5.1737730159; 29.7634530172; 4.7897709417; 1.3255487033; 4.2011042593; 10.8467860655; 3.7887135631; -38.5525588456; 4.5917130413; 60.2990654852; 4.0370560198; 26.1549951843
195.50; 2.0518364271; -45.4037809402; 1.9802982689; 64.3801916564; 1.9805751514; 32.6524421283; 2.0698953522; -35.0198775783; 2.0220078617; -32.2503036092; 2.0507561719; -17.5377693484; 5.1757926646; 32.9691393452; 4.7889223735; 34.3071120353; 4.1995307970; 33.7628832821; 3.7903825013; -35.0205433915; 4.5909266681; 64.6456025163; 4.0362422787; 28.0440520673
196.00; 2.0523180471; -36.7650856903; 1.9783957147; 67.3389984784; 1.9802583453; 1.5753409504; 2.0686718697; -16.1886593622; 2.0217272775; -15.9203727927; 2.0514796072; -10.1781689398; 5.1779283736; 33.6504238075; 4.7881784357; 62.0146799992; 4.1980622546; 52.8385029856; 3.7919717574; -29.9089769392; 4.5903058893; 63.1066664773; 4.0355438316; 26.1560695724
196.50; 2.0526765126; -27.1524112940; 1.9766608210; 68.9816039638; 1.9799466411; -31.9226109990; 2.0674618681; -1.2836170869; 2.0213815532; 2.8681023895; 2.0522004526; -2.1044817653; 5.1801883753; 32.0096791519; 4.7876202407; 83.1989310747; 4.1967539902; 67.1805425311; 3.7935047919; -24.0900590812; 4.5898414270; 56.7639304972; 4.0349509681; 21.2590068012
197.00; 2.0529482940; -18.0747105492; 1.9751100020; 69.4772925975; 1.9795345073; -63.7238522173; 2.0663236864; 8.7981935864; 2.0210313153; 21.2547411347; 2.0529397047; 5.6770472451; 5.1825499826; 28.4297940212; 4.7873139962; 97.1333174358; 4.1956599178; 76.2139226759; 3.7949910913; -18.4431059772; 4.5895140481; 46.6302249820; 4.0344507118; 14.1524656715
197.50; 2.0531741338; -10.3632432960; 1.9737216508; 69.4518770502; 1.9789133995; -89.1324548858; 2.0652750311; 14.2662343076; 2.0207284931; 37.6999908324; 2.0537334390; 12.5828811809; 5.1850348260; 23.2714803797; 4.7872958176; 103.5491360791; 4.1947928300; 79.8349302044; 3.7964716547; -13.5708622872; 4.5892852492; 33.2144681278; 4.0340118339; 5.3944769927
198.00; 2.0533834213; -4.6276502139; 1.9725069182; 69.7326842641; 1.9780063129; -102.4049359661; 2.0643432479; 15.4650196832; 2.0205260854; 51.1323333850; 2.0545979815; 18.0997666628; 5.1876056275; 16.9178912452; 4.7875838010; 101.9674663163; 4.1941719433; 77.9254683182; 3.7979510076; -10.0221257166; 4.5891138695; 17.0490844046; 4.0336089690; -4.4142647135
198.50; 2.0536000467; -1.1139860233; 1.9714652733; 70.9865010700; 1.9767694341; -99.4854349903; 2.0635311507; 12.8424810397; 2.0204644085; 61.3003542371; 2.0555528118; 21.9462070220; 5.1902444905; 9.5960295363; 4.7881708261; 91.8358371259; 4.1937906618; 70.5766460325; 3.7994429135; -8.1271320637; 4.5889485558; -1.4115358685; 4.0332091497; -14.7989357667
199.00; 2.0538404962; 0.0964863323; 1.9705955263; 73.3872603175; 1.9752013195; -79.9747194599; 2.0628245376; 6.7509385018; 2.0205738249; 68.2628187006; 2.0566183919; 23.9549628034; 5.1929459348; 1.4591065259; 4.7890288843; 72.4752447186; 4.1936248535; 58.0801230706; 3.8009638971; -8.0723254602; 4.5887307008; -21.2711385506; 4.0327752888; -25.1219451487
199.50; 2.0541104635; -1.0422505468; 1.9699106249; 76.4549784769; 1.9733628957; -48.0411725363; 2.0622044389; -2.5632493786; 2.0208753578; 72.0236065900; 2.0578018096; 23.9783069952; 5.1956795526; -7.1736940094; 4.7900975288; 43.7799268285; 4.1936383527; 41.2467005705; 3.8025113952; -9.9231111801; 4.5883995005; -40.5001480291; 4.0322737330; -34.1599336183
200.00; 2.0544046370; -4.5327225927; 1.9694300069; 79.2537363693; 1.9713674702; -10.7462755353; 2.0616444952; -14.7305887262; 2.0213769913; 72.5233698790; 2.0590959662; 21.9154843079; 5.1983956031; -15.6959044629; 4.7912800834; 7.2754317804; 4.1937808462; 21.7357367242; 3.8040661764; -13.5841535728; 4.5878996094; -55.8034759906; 4.0316782511; -39.9656658124
200.50; 2.0547139018; -10.3973954690; 1.9691628557; 80.8015154646; 1.9693105259; 25.7824306037; 2.0610980800; -29.3605584259; 2.0220845747; 69.6004537011; 2.0605103329; 17.6873933583; 5.2010939921; -23.4698966810; 4.7924765242; -33.6747058783; 4.1939955972; 1.6988991265; 3.8056310111; -18.8349199643; 4.5871801756; -63.8061601284; 4.0309621661; -40.5866658654
201.00; 2.0550155876; -18.5101622294; 1.9691213626; 80.3180953315; 1.9673169687; 57.0723731574; 2.0605193289; -45.5095002422; 2.0229849563; 63.0385593802; 2.0620269373; 11.3671072310; 5.2037338503; -29.5946706603; 4.7935546938; -72.0131064199; 4.1942221173; -15.6845173818; 3.8071786377; -25.1757177282; 4.5862220533; -61.9555252456; 4.0301246220; -34.8372245626
201.50; 2.0552837274; -28.6860602194; 1.9693094955; 77.4686247316; 1.9654623125; 81.5619021151; 2.0598470632; -61.9937513308; 2.0240686630; 52.6184463772; 2.0636468655; 3.1278553503; 5.2063243552; -33.4319326702; 4.7944079904; -99.3656168416; 4.1944115209; -27.2936812701; 3.8087044739; -31.9833539876; 4.5850210118; -50.0711980202; 4.0291705610; -23.1714026700
202.00; 2.0554766151; -40.1013793958; 1.9697187448; 72.4796236405; 1.9638581007; 98.5150813065; 2.0590386661; -76.4865895527; 2.0252829517; 38.8322745601; 2.0653168967; -6.2999365793; 5.2088028713; -34.6021324626; 4.7949360989; -108.0965772498; 4.1945267446; -30.4197003634; 3.8101561193; -38.2330318114; 4.5836383290; -30.8741320184; 4.0281511921; -8.0784879063
202.50; 2.0555525753; -51.5262738142; 1.9703293609; 66.0022306926; 1.9625680712; 108.3675328892; 2.0580539646; -86.3963325023; 2.0265726227; 23.0113014204; 2.0669951656; -15.8435028043; 5.2111438880; -33.3692167999; 4.7951115163; -96.6926507522; 4.1945601274; -24.4230360968; 3.8115003328; -42.9084833105; 4.5821493588; -8.3922858701; 4.0271200770; 7.3056656482
203.00; 2.0554727073; -61.5216204731; 1.9711265999; 58.7492097352; 1.9616051144; 111.8204225753; 2.0568488597; -89.5521466601; 2.0279018785; 7.2914373445; 2.0686732603; -24.3429585415; 5.2133780945; -30.5022413922; 4.7949748838; -69.6797139627; 4.1945332632; -10.7662956331; 3.8127373935; -45.2411235525; 4.5806095172; 13.9900765730; 4.0261108209; 20.5626966077
203.50; 2.0552025254; -68.2931058873; 1.9720844388; 51.4810278093; 1.9609804240; 109.1410190594; 2.0554141431; -84.7707199362; 2.0292178582; -5.0775122852; 2.0703228015; -30.5145864642; 5.2155088468; -26.9883056474; 4.7946112042; -34.7371350914; 4.1944903964; 7.4578576943; 3.8138567384; -44.7366649008; 4.5790932438; 33.5316797638; 4.0251644872; 30.0314186800
204.00; 2.0547219331; -70.3299934554; 1.9731712340; 44.7588566599; 1.9606861451; 100.2901072083; 2.0537731688; -72.7886553555; 2.0304730270; -10.8096147846; 2.0719160934; -33.4719648117; 5.2175338984; -23.7377689970; 4.7941319389; 0.9746296511; 4.1944896065; 26.6262402435; 3.8148535871; -41.3894389854; 4.5776711546; 48.5412746429; 4.0243136876; 35.0485739653
204.50; 2.0540243066; -67.0091412935; 1.9743680196; 38.7124270107; 1.9606893659; 84.8898108501; 2.0519552754; -55.9503058117; 2.0316552069; -8.2090959709; 2.0734537209; -33.1239842129; 5.2194740296; -21.3331783339; 4.7936454740; 33.0840815490; 4.1945911077; 43.8778186970; 3.8157447315; -35.6447769482; 4.5763823468; 58.4219070717; 4.0235669872; 35.7991117372
205.00; 2.0531355340; -58.8477486958; 1.9756353864; 33.2563929300; 1.9609372083; 62.8669800509; 2.0500391832; -37.5816175662; 2.0327558649; 1.9456732784; 2.0749173908; -30.1339188928; 5.2213108037; -20.0169679157; 4.7932564591; 58.7795842001; 4.1948463162; 57.0186806146; 3.8165378492; -28.3866042584; 4.5752734675; 62.9636566459; 4.0229339215; 32.9016921894
205.50; 2.0520718270; -47.0161231525; 1.9769768054; 27.9196072911; 1.9613614897; 33.8736206655; 2.0480464854; -19.9479674439; 2.0338275861; 17.0864967932; 2.0763463634; -25.5585278193; 5.2230845667; -19.6285472950; 4.7930353296; 77.6095103377; 4.1953003483; 65.2635285988; 3.8172730565; -20.4193130707; 4.5743354265; 62.5593865517; 4.0223906269; 27.1545626691
206.00; 2.0508805355; -33.2181459045; 1.9783691528; 22.3551715944; 1.9618686578; -0.9739075473; 2.0460372816; -4.7666336106; 2.0349144116; 33.7200388190; 2.0777529357; -20.5789091811; 5.2247926463; -19.8450299176; 4.7930399387; 89.1754359575; 4.1959783826; 68.1338011838; 3.8179750823; -12.6594157652; 4.5735685445; 57.6349431107; 4.0219189777; 19.4875296059
206.50; 2.0496201946; -19.1064546504; 1.9797838685; 16.4525037009; 1.9623452509; -38.4971550127; 2.0440702759; 7.1527613191; 2.0360614721; 48.8632026776; 2.0791464077; -16.1658562872; 5.2264255127; -20.2725376592; 4.7933042879; 93.3088940805; 4.1968854440; 65.5870073451; 3.8186658569; -5.8818347839; 4.5729604638; 48.6471215460; 4.0214961977; 10.8386358113
207.00; 2.0483378952; -5.8293092063; 1.9812052368; 10.3777825849; 1.9626748611; -73.4266768816; 2.0421741384; 15.7523140042; 2.0373201364; 60.8492067521; 2.0805481448; -12.9283563050; 5.2279892809; -20.5917107007; 4.7938407620; 89.8704184308; 4.1980174975; 57.8044489868; 3.8193706836; -0.5801622403; 4.5724795262; 35.8704069294; 4.0210923258; 1.9347583046
207.50; 2.0470643231; 5.9648489076; 1.9826313958; 4.5317211685; 1.9627506103; -98.8862357128; 2.0403492475; 21.2976906252; 2.0387459930; 69.0962225806; 2.0819899241; -11.1772696503; 5.2295044435; -20.6394648447; 4.7946478065; 78.4208868043; 4.1993687032; 44.9863485637; 3.8201167692; 2.9767297426; 4.5720796332; 19.3635121683; 4.0206731430; -6.8008873462
208.00; 2.0458670687; 15.5291337350; 1.9840137746; -0.3526036509; 1.9624907466; -107.2741120566; 2.0386485388; 23.8779887556; 2.0403363087; 73.3660765262; 2.0834504881; -11.1166209479; 5.2309398903; -20.3425802763; 4.7956755618; 58.7136551070; 4.2008748462; 27.8933688776; 3.8209001416; 4.5392206816; 4.5717183477; -0.0508182299; 4.0202192995; -14.7225376908
208.50; 2.0447793213; 22.5907222399; 1.9853362363; -3.8284424292; 1.9618719705; -95.4293382267; 2.0370783473; 23.6270651718; 2.0421020206; 73.9712319060; 2.0849311937; -12.8021846461; 5.2322952824; -19.6369476185; 4.7968627361; 30.5567596299; 4.2024835714; 7.3869015851; 3.8217238405; 4.0829612501; 4.5713365130; -21.1328632356; 4.0197061282; -21.2054739666
209.00; 2.0438223443; 27.0040459787; 1.9865910943; -5.8716232864; 1.9609335010; -66.1447403446; 2.0356327250; 20.6146885683; 2.0440459333; 71.2279474911; 2.0864307169; -16.2633523518; 5.2335733489; -18.3202906974; 4.7981252115; -5.3602209267; 4.2041357386; -15.2832993989; 3.8225851397; 1.7121836309; 4.5708701371; -41.5964941753; 4.0191126388; -25.3230055661
209.50; 2.0430045633; 28.6767572228; 1.9877806283; -6.9186822722; 1.9597647784; -26.6083341907; 2.0342922735; 14.7956709834; 2.0461679049; 65.3799379602; 2.0879473693; -21.5157082303; 5.2347820275; -16.0046305219; 4.7993602660; -46.6606057011; 4.2057718787; -38.4002919238; 3.8234775071; -2.3452991474; 4.5702560425; -58.1932088819; 4.0184228731; -25.9272823191
210.00; 2.0423282776; 27.5229032366; 1.9889064121; -7.6978162897; 1.9584902800; 15.0420656033; 2.0330343052; 6.1244310706; 2.0484515406; 56.5077532379; 2.0894681938; -28.5326682761; 5.2359266739; -12.1877850038; 4.8004440767; -88.0607981959; 4.2073251460; -59.6372566185; 3.8243852176; -7.6853053924; 4.5694449227; -67.4171920594; 4.0176336912; -22.0917754436
210.50; 2.0417836253; 23.5054749404; 1.9899750510; -8.9710295214; 1.9572372654; 52.8756661791; 2.0318228716; -5.3071139794; 2.0508793091; 44.6070231764; 2.0909796663; -37.2025661843; 5.2370205856; -6.4294501962; 4.8012552957; -121.8011554683; 4.2087392979; -76.4226450848; 3.8252910278; -13.7228114443; 4.5684072460; -67.0829515745; 4.0167528086; -13.8675627138
211.00; 2.0413535090; 16.7298198379; 1.9909867525; -11.2906691700; 1.9561273255; 83.7071752589; 2.0306184443; -18.8872086317; 2.0534149116; 29.7799587523; 2.0924564055; -47.1481918184; 5.2380780818; 1.3908683041; 4.8016906524; -139.7185968717; 4.2099647272; -86.3447657057; 3.8261713196; -19.6565082207; 4.5671462820; -57.3780779979; 4.0158048817; -2.5900600848
211.50; 2.0410120710; 7.5885537879; 1.9919349150; -14.8565219317; 1.9552641110; 106.5059450114; 2.0293781052; -33.2005999168; 2.0560049658; 12.5303707583; 2.0938642528; -57.5815311344; 5.2391169713; 10.9109288341; 4.8016945579; -137.3643169195; 4.2109692152; -87.9420539407; 3.8270001043; -24.5530768479; 4.5656985559; -40.8223850567; 4.0148272673; 9.4936555815
212.00; 2.0407288255; -2.9450297308; 1.9927958523; -19.4304059197; 1.9547348584; 121.2515331438; 2.0280743640; -45.6835465221; 2.0585522138; -5.4771862678; 2.0951487303; -67.1044307113; 5.2401465538; 21.1990357168; 4.8012792285; -116.7482636893; 4.2117348804; -81.4038538411; 3.8277442657; -27.4637330609; 4.5641436496; -21.2563777903; 4.0138736479; 19.9814894080
212.50; 2.0404563287; -13.8278783973; 1.9935771527; -24.6435704211; 1.9545762652; 128.9288474038; 2.0266339679; -53.8137246856; 2.0610593436; -22.2524870390; 2.0963108941; -74.4128327263; 5.2412207552; 31.4760994105; 4.8005025127; -83.9529774032; 4.2123026774; -68.3261293150; 3.8284084063; -27.8426617564; 4.5625095123; -1.3611039266; 4.0129545749; 27.5487756023
213.00; 2.0401555516; -23.2846075731; 1.9942561989; -29.7911444422; 1.9548190645; 129.8711286047; 2.0250391753; -55.0956815581; 2.0634526585; -34.4279115801; 2.0973181535; -77.9670005576; 5.2423613890; 40.6432620260; 4.7994727559; -46.7228318426; 4.2127093065; -51.4625946508; 3.8289823307; -25.4743966839; 4.5608734872; 16.4289985742; 4.0121016274; 31.3545403800
213.50; 2.0397901017; -29.5593510488; 1.9948173519; -34.1609717636; 1.9554707019; 124.0989047138; 2.0232802027; -48.7351656566; 2.0656968889; -38.9315373679; 2.0981607874; -76.8643703848; 5.2435980740; 47.9453195735; 4.7983052715; -10.7785724815; 4.2130089342; -33.5241902557; 3.8294718078; -20.6364407445; 4.5592903575; 30.7459323825; 4.0113258754; 31.3574654185
214.00; 2.0393366407; -31.3343946568; 1.9952446282; -37.1309421185; 1.9565155736; 111.2023238887; 2.0213779336; -36.0879873697; 2.0677722580; -34.2864705568; 2.0988401433; -71.1299877356; 5.2449509860; 52.9904130131; 4.7971153006; 20.4247477197; 4.2132576106; -16.7511865973; 3.8298892270; -14.0316445557; 4.5578095453; 40.6546008276; 4.0106295750; 28.0435744742
214.50; 2.0387869990; -28.2685316710; 1.9955280000; -38.3704580453; 1.9579181372; 90.4211332480; 2.0193673459; -19.9147611134; 2.0696952743; -21.5342545339; 2.0993747255; -61.7160920493; 5.2464383939; 55.8042900050; 4.7959993462; 45.3922459176; 4.2135086938; -2.5732089589; 3.8302549075; -6.5762209918; 4.5564610831; 45.5520796512; 4.0100020669; 22.1891427940
215.00; 2.0381548310; -21.1096335759; 1.9956609821; -37.9054134903; 1.9596073664; 61.2151764345; 2.0173098191; -3.2798034002; 2.0714939520; -3.8354674249; 2.0997906776; -50.1284361788; 5.2480611148; 56.6958185507; 4.7950424570; 63.4462902555; 4.2138054708; 8.1169929505; 3.8305897804; 0.7379866432; 4.5552688666; 44.9502622955; 4.0094293282; 14.7921713362
215.50; 2.0374668595; -11.3311410653; 1.9956446575; -36.0943828808; 1.9614898379; 23.7969508176; 2.0152606026; 11.6379168421; 2.0732205571; 15.1822754898; 2.1001237892; -37.8824530360; 5.2498197176; 56.1352326541; 4.7943026705; 74.4200324339; 4.2141811176; 14.9310924322; 3.8309164180; 7.0979965311; 4.5542330528; 38.5431260099; 4.0088896127; 6.8591345004
216.00; 2.0367642451; -0.6409835319; 1.9954857112; -33.4367356593; 1.9634322423; -19.3399743765; 2.0132840570; 23.6018707464; 2.0749194643; 32.5324373856; 2.1004098885; -26.2986431577; 5.2516969646; 54.5687098039; 4.7938195708; 78.0875518722; 4.2146534104; 17.6912383973; 3.8312521526; 11.8852776706; 4.5533419991; 26.2852811543; 4.0083632204; -0.6670725992
216.50; 2.0360745797; 9.7455145631; 1.9951908043; -30.2571581826; 1.9653293073; -63.7435221051; 2.0113876907; 32.4334082580; 2.0766708903; 46.8856281357; 2.1006900069; -16.0365475412; 5.2537167105; 52.2537191798; 4.7935972200; 74.1202861203; 4.2152384203; 16.4412782012; 3.8316172576; 14.8430947253; 4.5525437092; 8.1067292505; 4.0078190495; -7.3419887841
217.00; 2.0354353772; 18.8255596385; 1.9947703658; -26.6138097200; 1.9670405588; -101.2015349374; 2.0096014954; 38.1002527050; 2.0785184419; 57.6291015853; 2.1009964295; -7.6514393260; 5.2558707240; 49.2945238675; 4.7936256616; 61.8321205229; 4.2159329939; 11.2979534195; 3.8320205615; 15.8272965462; 4.5517830671; -15.4635885352; 4.0072372195; -12.8100183516
217.50; 2.0348760163; 26.0110686048; 1.9942348415; -22.1958278672; 1.9684548527; -122.5771072539; 2.0079368146; 40.7520222723; 2.0805037987; 64.7704078712; 2.1013574148; -1.4766221198; 5.2581588969; 45.7086080366; 4.7938696448; 40.3931116761; 4.2167255715; 2.5645151371; 3.8324661008; 14.8467635665; 4.5509843286; -43.1483908653; 4.0065986386; -16.9061231140
218.00; 2.0344308137; 30.8254651251; 1.9936108054; -16.5970632776; 1.9694801852; -121.5734091286; 2.0064331641; 40.4142306589; 2.0826108455; 68.4367299397; 2.1017857585; 2.1147903885; 5.2605253162; 41.6819604069; 4.7942597723; 10.0246201764; 4.2175751744; -8.8780222413; 3.8329405276; 12.0695291508; 4.5500781124; -71.4787831543; 4.0059033554; -19.2604175045
218.50; 2.0341079053; 33.1536138868; 1.9929115186; -9.3881785826; 1.9701367503; -99.2585318273; 2.0050675771; 37.0044122192; 2.0848788678; 69.0077505406; 2.1022988358; 2.9841829797; 5.2629876800; 37.4731243935; 4.7947084155; -28.3881309015; 4.2184590445; -21.9537438046; 3.8334388620; 7.7369976068; 4.5489656494; -96.1849589805; 4.0051351951; -19.1685850393
219.00; 2.0339133872; 32.8617931311; 1.9921666148; -0.6472863117; 1.9704943174; -62.9352133126; 2.0038314723; 30.2639320034; 2.0873042778; 66.6731527467; 2.1028989198; 0.9580297583; 5.2655250381; 33.6332181849; 4.7950976771; -70.8012508822; 4.2193362944; -34.8024315124; 3.8339429603; 2.2925369641; 4.5475742817; -111.7395868128; 4.0042965445; -16.0116917286
219.50; 2.0338421116; 29.8119221449; 1.9914082849; 9.0730974259; 1.9706698887; -21.7807088156; 2.0026982888; 19.8518639846; 2.0898872251; 61.4623739831; 2.1035822324; -4.0067656289; 5.2681306422; 30.7680004691; 4.7952992665; -109.8638356435; 4.2201715453; -45.1155781149; 3.8344331361; -3.7029086783; 4.5458532419; -114.0503204233; 4.0033949809; -9.3783071901
220.00; 2.0338795823; 23.9168748355; 1.9906817486; 18.7576894044; 1.9707936446; 16.4750468665; 2.0016427293; 5.6596538584; 2.0925888222; 53.4137274278; 2.1043277190; -11.6534808736; 5.2707701084; 29.3656409112; 4.7951933097; -135.6494548495; 4.2209276830; -50.2829426016; 3.8348817998; -9.4544644070; 4.5438135517; -102.5113839049; 4.0024594037; 0.0575858580
220.50; 2.0340007220; 15.0691949352; 1.9900197027; 27.5061910836; 1.9709900293; 48.1593844611; 2.0006078962; -12.2084566488; 2.0954076363; 42.5497407425; 2.1051181971; -21.3995671648; 5.2734594596; 29.4978603431; 4.7947016967; -140.8557426414; 4.2215974189; -48.4088983185; 3.8352700704; -14.1804403494; 4.5414768387; -80.2411725740; 4.0015115247; 10.7924721198
221.00; 2.0341703369; 3.3507989481; 1.9894576283; 34.5326734079; 1.9713624228; 71.9323243871; 1.9995332386; -32.5754280604; 2.0983135883; 29.3475860316; 2.1059242781; -32.0236276324; 5.2761997199; 30.7898377064; 4.7938089409; -124.1821816891; 4.2221890204; -38.8703613755; 3.8355785686; -17.0745973969; 4.5389122878; -52.3624541427; 4.0005843243; 20.8300076456
221.50; 2.0343426369; -10.7916295878; 1.9890268836; 39.3710929014; 1.9719882985; 87.8617449071; 1.9983538203; -52.7431976745; 2.1012587344; 15.1864950761; 2.1067105248; -41.6574527602; 5.2789859371; 32.4883826871; 4.7925705918; -91.2041444863; 4.2227322819; -22.7541845418; 3.8357928258; -17.5107001790; 4.5362159452; -23.8188656196; 3.9997121307; 28.4106943281
222.00; 2.0344644318; -26.4731803791; 1.9887479358; 41.9739637531; 1.9729235950; 96.6652138320; 1.9969984154; -68.7445927958; 2.1042087034; 2.4809862835; 2.1074486740; -48.1997858871; 5.2818307557; 33.7255758143; 4.7910867260; -50.5194174239; 4.2232806180; -2.4731333215; 3.8359081111; -15.2531389959; 4.5334709796; 2.1865123619; 3.9989166757; 32.5619066316
222.50; 2.0344762730; -42.0023354808; 1.9886356981; 42.5948488462; 1.9741920251; 98.8928051224; 1.9954229950; -76.2271080643; 2.1071027333; -5.4296946962; 2.1081120212; -49.8623550107; 5.2847162021; 33.7447812527; 4.7894962680; -10.1238172800; 4.2238943100; 18.8456498510; 3.8359276437; -10.5363781072; 4.5307809345; 23.7660874509; 3.9982174355; 33.0604653876
223.00; 2.0343203780; -55.4210443605; 1.9886942937; 41.7534872880; 1.9758160284; 94.8010440067; 1.9935846913; -72.7659698780; 2.1099449694; -5.7853868325; 2.1087006894; -45.9853871695; 5.2876704583; 32.1131174250; 4.7879109026; 25.4935070337; 4.2246470637; 38.7925752370; 3.8358643066; -3.9442773925; 4.5281889520; 40.4240175304; 3.9976099603; 30.1685616347
223.50; 2.0339468891; -64.4924731763; 1.9889232598; 40.0812427474; 1.9777812906; 84.0997398559; 1.9914959823; -58.9421826112; 2.1127259202; 2.3128864306; 2.1092234667; -37.2671010411; 5.2906798444; 28.7707000190; 4.7864476293; 53.8795182456; 4.2256000948; 55.2703016366; 3.8357376250; 3.6109310992; 4.5257571332; 51.8300088950; 3.9970882967; 24.6037485411
224.00; 2.0333233994; -67.6390350538; 1.9893171584; 38.1801681051; 1.9800490489; 66.1993878670; 1.9892052316; -37.9768647559; 2.1154618294; 17.0872178674; 2.1097044576; -25.4802611707; 5.2937241863; 23.9932350539; 4.7852007470; 74.2641562167; 4.2268019739; 67.0716864395; 3.8355716446; 11.1431806641; 4.5235308654; 57.8080625591; 3.9966377632; 17.3310254134
224.50; 2.0324404691; -64.5595953538; 1.9898681664; 36.4645515219; 1.9825566327; 40.4609468825; 1.9867841340; -13.9343972219; 2.1181918720; 35.0026766047; 2.1101779623; -12.7647045999; 5.2967808085; 18.2320360963; 4.7842370966; 86.6521413616; 4.2282854447; 73.6434808702; 3.8353913645; 17.7990864903; 4.5215354168; 58.1535051653; 3.9962375237; 9.4904372137
225.00; 2.0313167631; -56.2814697438; 1.9905653041; 35.0830607480; 1.9852049305; 6.8985045964; 1.9843249742; 9.5451801560; 2.1209542962; 52.2861273729; 2.1106792978; -1.0364667311; 5.2998123152; 12.0170808485; 4.7835996011; 91.1555223215; 4.2300586240; 74.8351742241; 3.8352203751; 22.9350064147; 4.5197839733; 52.6179915451; 3.9958660937; 2.1420703460
225.50; 2.0299677680; -44.4501695187; 1.9914123148; 33.9216887418; 1.9879234106; -33.6699022948; 1.9818688066; 30.6706053788; 2.1238419783; 66.5364369713; 2.1112510769; 8.5977508751; 5.3028420967; 5.6501704832; 4.7832921610; 87.7710084998; 4.2321479790; 70.7729846778; 3.8350743442; 26.2871255303; 4.5182343556; 40.8187886115; 3.9954957078; -4.0158685419
226.00; 2.0284570203; -31.0931674495; 1.9923915668; 32.8484655695; 1.9905437483; -76.6064945038; 1.9795190847; 48.1298945946; 2.1268570724; 76.2474171459; 2.1119137882; 15.2654569433; 5.3058067291; -0.5454783953; 4.7833069866; 76.1769060002; 4.2345080945; 61.8807121375; 3.8349677521; 27.7012349438; 4.5168717196; 22.8319753684; 3.9951129126; -8.6359963529
226.50; 2.0268132731; -17.5274545458; 1.9935116875; 31.8440332146; 1.9929654006; -115.2095838135; 1.9772997763; 61.7250546391; 2.1300711215; 81.3329188192; 2.1126962613; 18.7092234024; 5.3087280804; -6.5300946210; 4.7836060262; 55.6011774111; 4.2371412069; 48.4710064229; 3.8349051247; 27.2729967538; 4.5156201226; -1.0183266933; 3.9946981354; -11.7498859563
227.00; 2.0251037896; -4.9267183615; 1.9947565214; 31.1811760354; 1.9950401445; -140.1503864139; 1.9752786308; 71.2518901850; 2.1334647501; 82.0402719332; 2.1135997460; 18.7549975409; 5.3115559386; -12.0731445396; 4.7841206623; 25.7911141611; 4.2399751893; 31.5402134368; 3.8348868542; 25.1971351666; 4.5144184221; -28.5471099239; 3.9942461764; -13.3728338455
227.50; 2.0233608212; 6.1788491145; 1.9961333664; 31.3283508545; 1.9967059071; -144.9311301976; 1.9734700004; 76.6219647917; 2.1370660050; 78.9910440274; 2.1146303256; 15.3758985244; 5.3142950743; -16.8862368076; 4.7847605538; -13.0431649935; 4.2429775832; 12.2748585001; 3.8349065376; 21.7708798976; 4.5131709294; -56.0900223708; 3.9937483147; -13.3650951293
228.00; 2.0216407443; 15.3076976120; 1.9976296444; 32.7142358738; 1.9979326132; -128.8038601732; 1.9719077640; 77.4597256840; 2.1408291710; 72.9383949708; 2.1157661666; 8.6508415239; 5.3169034267; -20.3644945240; 4.7853981176; -57.9144842589; 4.2460577124; -7.3451639583; 3.8349527246; 17.4170085197; 4.5118045992; -77.7933213690; 3.9932093105; -11.2075752392
228.50; 2.0199535005; 22.3045929282; 1.9992702875; 35.4385458895; 1.9987876346; -96.9385944678; 1.9705740044; 73.2454996079; 2.1447821099; 64.4168894456; 2.1169994990; -1.3792433587; 5.3194022854; -21.8622726870; 4.7859014763; -103.5352819725; 4.2491923504; -25.4334208591; 3.8350110811; 12.5718805503; 4.5102352975; -88.3614828688; 3.9926289935; -6.3580033646
229.00; 2.0183403610; 26.8359295972; 2.0010490361; 39.0358889034; 1.9993626861; -57.7621313987; 1.9694688040; 63.3512988845; 2.1488555095; 53.7177463914; 2.1182848657; -14.2884862251; 5.3217591063; -20.7379323478; 4.7861245350; -140.3958417054; 4.2522912980; -39.5335616651; 3.8350640172; 7.8825348834; 4.5084484572; -84.6998630481; 3.9920287473; 1.0493114174
229.50; 2.0168123379; 28.6535433797; 2.0029826501; 42.6454623903; 1.9997840612; -18.4145262491; 1.9685570934; 47.2853959927; 2.1530214543; 41.1135736202; 2.1195826064; -29.4281480648; 5.3239804699; -16.7414180305; 4.7859561374; -159.3332402165; 4.2553154403; -47.9000774306; 3.8350947339; 3.9851046924; 4.5064556466; -68.0614196327; 3.9914311554; 10.0034727098
230.00; 2.0153562849; 27.5185025896; 2.0051079299; 45.2773900073; 2.0001817633; 16.8096668527; 1.9677770168; 24.9963820406; 2.1572872865; 26.9137327740; 2.1208586013; -45.8095802379; 5.3261023904; -10.0776779593; 4.7853370228; -155.9008377989; 4.2582722933; -49.8336624917; 3.8350888712; 1.4701910871; 4.5042885016; -42.8712106089; 3.9908583392; 18.9141070998
230.50; 2.0139958058; 23.3312543119; 2.0073905211; 45.9932313564; 2.0006588596; 45.0723228804; 1.9670737520; -1.3625611962; 2.1615188926; 12.1441297936; 2.1220337785; -61.3257877196; 5.3281001246; -1.6471921872; 4.7842952790; -132.9789768212; 4.2610936166; -45.8611119989; 3.8350365008; 0.8846231159; 4.5020734962; -15.2359451633; 3.9903509653; 25.8737460862
231.00; 2.0126893939; 16.1785035441; 2.0098726037; 44.2559269446; 2.0013133289; 66.2545987802; 1.9663508118; -28.3800916732; 2.1657430679; -2.1990349044; 2.1230786728; -74.0895628073; 5.3300341862; 7.6668287172; 4.7828898935; -98.2666766656; 4.2638405045; -37.6497010231; 3.8349330987; 2.4093957387; 4.4998611950; 10.9152190789; 3.9899230062; 29.8551549703
231.50; 2.0114036680; 6.6285276892; 2.0125607128; 39.8502624357; 2.0022167723; 80.6090573019; 1.9655191324; -50.3735373797; 2.1699336743; -14.3371844550; 2.1239554990; -82.1029855483; 5.3319413890; 16.8607398455; 4.7812241738; -60.2717404478; 4.2665494697; -27.4494910310; 3.8347812036; 5.9079088655; 4.4977254442; 33.0599648900; 3.9895869690; 30.4168282812
232.00; 2.0101065298; -3.9864949563; 2.0154326732; 32.9357962674; 2.0034137214; 88.4838317019; 1.9645110709; -61.0672842541; 2.1740406930; -22.1304242499; 2.1246338864; -84.0962521221; 5.3338445938; 25.0769606633; 4.7794224102; -25.2819420219; 4.2692429235; -17.4840731786; 3.8345910376; 10.8691961432; 4.4957432757; 50.0084573477; 3.9893476702; 27.7239862231
232.50; 2.0087527337; -13.6438429477; 2.0184776706; 23.9287251510; 2.0049363285; 90.1811981057; 1.9632873422; -56.6529963089; 2.1780584216; -24.0842608691; 2.1251076466; -80.1314132817; 5.3357784214; 31.8431117142; 4.7775865741; 3.7327567763; 4.2719624399; -9.3103385575; 3.8343768484; 16.5724342932; 4.4939602233; 61.5761761291; 3.9891977148; 22.4116084262
233.00; 2.0073109942; -19.7847220266; 2.0216545197; 13.5345081748; 2.0067868599; 85.6417564434; 1.9618646433; -37.8021746836; 2.1819684660; -20.2241959710; 2.1253846165; -71.5090542673; 5.3377588906; 36.9803390855; 4.7758134737; 25.6707009205; 4.2747231020; -3.8885387217; 3.8341574698; 22.1938699676; 4.4924191708; 67.6341751997; 3.9891229875; 15.4377993544
233.50; 2.0057611205; -20.1648422139; 2.0249213274; 2.5854478606; 2.0089488216; 74.4855854504; 1.9603040332; -9.0539491484; 2.1857781061; -12.3066521633; 2.1254888852; -60.1967956715; 5.3398005978; 40.5592732141; 4.7741741052; 40.5496234074; 4.2775357302; -1.5912061700; 3.8339518538; 26.9635520259; 4.4911413520; 67.8856801064; 3.9891033865; 7.9068727933
234.00; 2.0041046782; -13.7483330060; 2.0282332582; -8.0819402882; 2.0113832280; 56.1736484374; 1.9586986415; 23.6113521201; 2.1895072883; -2.9393284305; 2.1254536063; -48.1358550645; 5.3419132260; 42.7638919055; 4.7727166793; 48.6581878658; 4.2804007131; -2.4217327243; 3.8337768571; 30.3010507083; 4.4901287384; 61.7216848852; 3.9891166444; 0.8590852147
234.50; 2.0023537525; -1.0916275456; 2.0315750604; -17.8757799580; 2.0140494801; 30.1876056531; 1.9571406454; 55.4672204763; 2.1932129531; 5.6715988937; 2.1253141170; -36.7068525953; 5.3441208798; 43.7933260950; 4.7714553959; 50.1903154473; 4.2833335044; -6.1997745750; 3.8336438522; 31.8812077399; 4.4893543305; 48.1924061057; 3.9891418480; -4.9897614043
235.00; 2.0005763985; 15.7100885008; 2.0348704577; -26.2861570452; 2.0168325964; -2.5990663481; 1.9557497755; 82.9422983060; 2.1968780493; 11.9561758925; 2.1251060238; -26.9623356382; 5.3464020223; 43.7256194921; 4.7704086561; 44.8889182658; 4.2862842340; -12.5799884474; 3.8335616741; 31.6380784321; 4.4887839428; 26.6583845629; 3.9891611236; -9.1584480257
235.50; 1.9988181583; 34.3723285816; 2.0381195837; -33.3077114998; 2.0196540448; -40.0143073773; 1.9546003347; 104.7548844449; 2.2005576250; 15.4784821158; 2.1248564627; -19.3052700469; 5.3487797131; 42.6147164048; 4.7695478616; 32.1394590420; 4.2892582380; -21.1531407478; 3.8335309940; 29.6428135867; 4.4883429961; -3.2294532753; 3.9891619040; -11.6880019665
236.00; 1.9971570913; 52.6344975090; 2.0412796076; -39.0137658448; 2.0223802992; -76.8460452779; 1.9537680573; 120.2458163977; 2.2042439548; 16.3821886209; 2.1245893484; -14.0211472814; 5.3512396485; 40.5661287775; 4.7688360234; 11.2864568123; 4.2922109686; -31.2887776689; 3.8335477858; 26.1306625178; 4.4879391865; -40.0435357189; 3.9891362082; -12.7966441589
236.50; 1.9956787018; 68.7996966461; 2.0442932580; -43.5015500078; 2.0248641076; -105.6631417979; 1.9533091948; 129.2413541007; 2.2078967599; 15.1234474255; 2.1243232591; -11.2968728770; 5.3537470107; 37.8762229810; 4.7682140291; -17.6304199329; 4.2950746756; -42.1439548157; 3.8336020258; 21.5088359283; 4.4874615614; -79.7094374111; 3.9890805022; -12.6001477756
237.00; 1.9944320122; 82.1323958320; 2.0471620812; -46.8735449270; 2.0270306645; -120.5666537514; 1.9532453443; 131.8975382859; 2.2115321771; 12.2479666024; 2.1240643437; -11.1950495731; 5.3563068300; 35.0532537345; 4.7675864259; -53.6000361260; 4.2978307274; -52.8498799141; 3.8336799073; 16.1696194140; 4.4867842956; -116.2806482170; 3.9889944104; -10.8433824749
237.50; 1.9934584153; 92.2917529691; 2.0498880732; -49.1337488018; 2.0288446225; -119.1492749181; 1.9535815885; 128.1630808579; 2.2151575894; 8.2650125000; 2.1238110610; -13.7702465270; 5.3589212087; 32.8112269872; 4.7668377523; -93.0749571813; 4.3004581399; -62.2111430007; 3.8337648373; 10.5683704444; 4.4857916456; -142.4617599563; 3.9888820002; -7.0152720210
238.00; 1.9927798634; 99.2548661870; 2.0525080428; -50.2837423933; 2.0303387110; -103.3699556302; 1.9543122591; 117.6194050783; 2.2188195685; 3.5128771920; 2.1235507640; -19.0516947348; 5.3616250875; 31.9013053471; 4.7658314007; -129.7674302854; 4.3029698496; -69.0748768210; 3.8338396027; 5.1587049873; 4.4843847908; -152.4978471213; 3.9887521745; -0.7580461811
238.50; 1.9924319378; 102.8382910207; 2.0549809005; -50.3909255113; 2.0315395608; -78.2587353875; 1.9553940363; 99.9735984637; 2.2224502420; -1.6964064359; 2.1232703451; -26.7000049730; 5.3643752998; 32.9271219426; 4.7644671780; -153.9329494872; 4.3053079027; -72.1765291011; 3.8338843274; 0.5720219283; 4.4825526109; -144.3437464271; 3.9886251917; 7.4025637938
239.00; 1.9924231525; 103.0475548563; 2.0573382164; -49.7299771538; 2.0325408105; -48.7625550502; 1.9567838929; 74.7668425354; 2.2260779054; -7.2008746057; 2.1229418577; -36.0930972329; 5.3672072123; 36.0541303732; 4.7626527197; -158.2222063805; 4.3074916058; -70.8120863505; 3.8338824887; -2.6941072688; 4.4802990005; -121.1541232894; 3.9885243324; 16.3016934736
239.50; 1.9927530373; 99.8599162601; 2.0595462361; -48.7298356333; 2.0334191698; -19.6145652588; 1.9583786331; 43.0071763831; 2.2296266282; -12.7586951809; 2.1225407863; -45.7110375308; 5.3700825594; 40.8396037687; 4.7604056263; -141.0131603948; 4.3094905784; -64.9409924883; 3.8338208154; -4.1662576810; 4.4777350085; -89.6764618300; 3.9884786384; 24.1225761023
240.00; 1.9934063235; 93.3326231879; 2.0616147182; -47.8410844726; 2.0342690139; 6.3563825153; 1.9600773323; 6.9699116140; 2.2330844716; -18.1221040408; 2.1220363172; -53.5719962674; 5.3730176447; 46.4624976219; 4.7577816665; -107.7501972013; 4.3113279359; -55.3088383467; 3.8336917067; -3.6547732071; 4.4749602351; -56.2082982623; 3.9885121774; 29.4822914649
240.50; 1.9943572826; 83.6410179075; 2.0635543808; -47.4438410097; 2.0351752059; 27.5306692225; 1.9617681463; -28.9141892886; 2.2364431066; -22.8218630433; 2.1214023262; -57.4863491390; 5.3760342569; 51.9192987046; 4.7548830814; -67.0837862768; 4.3130394325; -43.2563607415; 3.8334935083; -1.2409116551; 4.4720769087; -25.0500769040; 3.9886419851; 31.6185320448
241.00; 1.9955723804; 71.1870950196; 2.0653769921; -47.7822745256; 2.0362095217; 43.2204758722; 1.9633434444; -58.4854755279; 2.2397023535; -26.1163177108; 2.1206230150; -55.7440333737; 5.3791601212; 56.2921827745; 4.7518279576; -26.5653020636; 4.3146706486; -30.3168241122; 3.8332300443; 2.7033225921; 4.4691735487; 1.5995342148; 3.9888761714; 30.3929682482
241.50; 1.9970117200; 56.7506799974; 2.0670918930; -48.9515732698; 2.0374285266; 53.3118031135; 1.9647160149; -75.7393675540; 2.2428685128; -27.2219100048; 2.1196982541; -47.7822096524; 5.3824235770; 58.9314221230; 4.7487299080; 9.1559719162; 4.3162703181; -17.8633289567; 3.8329096266; 7.5973001044; 4.4663217397; 22.8882683087; 3.9892137546; 26.2462700190
242.00; 1.9986192520; 41.7527523104; 2.0686914523; -50.8805129460; 2.0388630490; 57.8582301347; 1.9658259001; -77.4289708779; 2.2459305380; -25.7029988927; 2.1186533523; -34.5036616762; 5.3858243259; 59.4843842910; 4.7457104192; 37.7891864664; 4.3178730755; -7.0032297081; 3.8325462293; 12.7061323369; 4.4635977895; 38.2873729270; 3.9896428841; 20.0397003099
242.50; 2.0003530506; 27.9472925778; 2.0701806152; -53.3702448225; 2.0405403948; 56.9745656188; 1.9666730648; -64.8492745841; 2.2489160113; -21.8302060458; 2.1175201948; -17.7566038987; 5.3893895522; 57.8967414500; 4.7428392914; 59.0105447036; 4.3195242043; 1.6530290906; 3.8321517598; 17.3593935006; 4.4610326883; 47.3828773997; 3.9901493997; 12.7294716131
243.00; 2.0021431946; 17.4857724791; 2.0715323670; -56.0460143255; 2.0424387824; 50.6009321554; 1.9672845835; -42.9003218542; 2.2518015066; -16.6138746499; 2.1163631337; -0.0220487558; 5.3930715898; 54.3336430251; 4.7402191462; 72.7085266468; 4.3212297709; 7.6287371526; 3.8317449918; 20.9325113096; 4.4586879095; 49.2925066544; 3.9907060124; 5.5140719826
243.50; 2.0039564025; 11.7824575183; 2.0727397925; -58.5179553932; 2.0445409823; 38.4905654906; 1.9677297183; -17.0704979326; 2.2546096544; -11.2500290856; 2.1152342168; 16.7557657993; 5.3968660452; 49.0194938181; 4.7378878950; 79.2133522588; 4.3230099548; 10.7738205911; 3.8313366869; 23.0784898138; 4.4565656618; 43.1551398427; 3.9912920667; -0.6533930102
244.00; 2.0057693289; 11.1315129611; 2.0737909175; -60.4293559487; 2.0468017296; 20.4170573045; 1.9680875161; 8.2647347447; 2.2573505272; -6.7377803765; 2.1141875860; 31.1454155821; 5.4007461716; 42.1876933841; 4.7358710645; 78.5156224535; 4.3248677702; 11.0436310824; 3.8309356213; 23.6524737617; 4.4546525149; 28.3517591137; 3.9918870494; -5.1359158101
244.50; 2.0075738348; 14.5334152447; 2.0746747116; -61.5617926344; 2.0491508481; -3.3636451940; 1.9684348476; 30.4311115638; 2.2600261073; -3.6310047131; 2.1132713725; 42.2775993419; 5.4046721088; 34.0799383202; 4.7341729879; 70.2828873536; 4.3267927829; 8.5109927951; 3.8305468775; 22.7125874379; 4.4529103202; 5.0713135289; 3.9924737495; -7.7116507558
245.00; 2.0093919357; 20.2104999969; 2.0753915276; -61.8955368034; 2.0515190816; -31.6690642180; 1.9688411024; 48.3537414672; 2.2626564548; -2.0516974726; 2.1125150642; 49.8006702323; 5.4086325311; 24.9146348988; 4.7327579754; 53.8638794231; 4.3287815790; 3.3847816151; 3.8301677079; 20.4701666665; 4.4512590306; -25.1259710191; 3.9930451128; -8.6408167945
245.50; 2.0112581211; 26.3258457066; 2.0759452802; -61.5471943032; 2.0538282646; -61.6861244807; 1.9693632035; 61.7025905795; 2.2652620417; -1.8782152864; 2.1119364871; 53.5575971304; 5.4126215529; 15.0421442023; 4.7315636854; 28.5713109487; 4.3308277590; -3.9963923357; 3.8297905174; 17.2295189453; 4.4495944955; -59.0712692383; 3.9935996517; -8.2514881756
246.00; 2.0132010971; 31.4241542772; 2.0763391008; -60.6310904200; 2.0559848765; -88.6259508176; 1.9700421595; 70.3686379927; 2.2678478177; -2.8801933471; 2.1115458147; 53.4417292255; 5.4166145186; 5.0781024506; 4.7305069587; -5.5199362270; 4.3329103533; -13.0030775140; 3.8294058951; 13.3672410261; 4.4478080309; -91.4388671329; 3.9941368556; -6.6191997186
246.50; 2.0152458204; 34.6372583340; 2.0765782731; -59.0978166381; 2.0579046716; -107.2594910980; 1.9709043452; 74.2888858140; 2.2704149100; -4.8080513153; 2.1113418304; 49.3946759148; 5.4205860045; -4.0914617520; 4.7294774843; -46.4586889994; 4.3350038684; -22.6930040671; 3.8290019558; 9.3183861789; 4.4457957379; -115.2758485819; 3.9946594392; -3.4636858088
247.00; 2.0173940500; 35.5933332236; 2.0766691283; -56.6536687040; 2.0595153714; -114.2505432720; 1.9719539927; 73.2726368788; 2.2729418571; -7.4257911807; 2.1113125870; 41.4897199306; 5.4244822317; -11.3803157360; 4.7283518471; -88.7459690821; 4.3370651791; -31.7315650074; 3.8285687203; 5.5828969742; 4.4434964505; -124.3393974444; 3.9951704312; 1.6480425460
247.50; 2.0196281344; 34.3027542424; 2.0766233783; -52.8457575882; 2.0607795259; -109.9089256192; 1.9731724230; 67.0457844877; 2.2753952554; -10.5303433740; 2.1114319076; 30.0967103646; 5.4282400781; -15.8375498791; 4.7270096023; -123.3344433017; 4.3390457958; -38.6188489561; 3.8280987602; 2.6748896441; 4.4409091886; -116.2184444515; 3.9956767764; 8.6733411885
248.00; 2.0219672769; 30.9184581416; 2.0764583649; -47.2180773833; 2.0617256036; -97.1129472837; 1.9745482218; 55.1911765010; 2.2777921797; -14.0405019154; 2.1116638613; 15.7465811162; 5.4318848685; -17.0087197319; 4.7253295368; -141.3084264376; 4.3409465707; -42.1936747537; 3.8275771946; 1.0088825131; 4.4380360309; -93.3804268390; 3.9962022589; 16.9049098818
248.50; 2.0244092974; 25.5913876337; 2.0761970333; -39.6359426666; 2.0623970587; -79.1110276262; 1.9760465299; 37.4503564304; 2.2801320061; -17.9228936576; 2.1119640762; -0.4522322401; 5.4354264674; -14.9589427933; 4.7232484764; -137.4787809773; 4.3427653567; -41.7499968170; 3.8269950114; 0.9520703551; 4.4349387419; -61.5387252729; 3.9967718836; 24.9315578660
249.00; 2.0269456599; 18.4089165356; 2.0758685732; -30.4010617046; 2.0628519260; -58.3695086427; 1.9776155564; 14.2013381427; 2.2824129493; -22.1641228212; 2.1122829073; -16.7589572510; 5.4388845841; -10.3160076129; 4.7207682972; -113.7982144028; 4.3445123235; -37.3598907262; 3.8263472576; 2.7023996359; 4.4317051012; -26.9500549664; 3.9974112834; 31.2044852851
249.50; 2.0295188092; 9.5145236638; 2.0755131763; -20.3746576732; 2.0631493640; -36.9165557897; 1.9791610660; -12.3666741538; 2.2845946151; -26.6051374877; 2.1125650847; -30.6562719496; 5.4422301503; -4.1436584204; 4.7179937745; -78.3827227031; 4.3461810283; -29.9963211522; 3.8256451069; 6.1852464492; 4.4284842599; 5.1186271787; 3.9981308628; 34.5090241108
250.00; 2.0321117635; -1.1241023262; 2.0751672791; -10.4500198616; 2.0633591547; -16.1024447277; 1.9806080115; -38.5801853398; 2.2866780771; -30.9566460360; 2.1127683254; -39.9557148848; 5.4455031652; 2.5009293421; 4.7150196194; -39.9798180970; 4.3478063080; -21.0755207581; 3.8248930346; 11.1032445994; 4.4253573592; 32.2109882334; 3.9989448386; 34.4665248980
250.50; 2.0346906945; -13.4648525082; 2.0748677190; -1.5505948530; 2.0635474698; 2.7291336081; 1.9818765972; -59.1615974866; 2.2886551570; -34.6681832321; 2.1128629968; -43.1908880139; 5.4487313126; 8.6876883115; 4.7119597828; -5.0453921517; 4.3494203058; -12.1275919729; 3.8241028822; 16.9329168120; 4.4224031647; 53.3728998666; 3.9998555024; 31.1736849978
251.00; 2.0372446040; -27.4489108193; 2.0746441539; 5.6582519420; 2.0637769612; 18.6227322451; 1.9829179071; -69.2478925329; 2.2905411388; -37.0859790698; 2.1128382043; -40.2692031468; 5.4519779889; 13.8510994231; 4.7088823542; 23.4695594216; 4.3510733453; -4.3322652834; 3.8232806042; 23.0926804481; 4.4196499240; 68.6832533713; 4.0008671581; 25.1944172951
251.50; 2.0396923207; -42.3044428755; 2.0745260610; 10.5584846979; 2.0640962602; 30.5230807038; 1.9836872747; -66.1668081839; 2.2923069291; -37.6113864924; 2.1127010800; -32.5145449872; 5.4552232176; 17.5574505235; 4.7059121582; 44.1824441522; 4.3527709914; 1.3277227569; 3.8224540149; 28.8124847687; 4.4171788849; 77.9454279465; 4.0019525323; 17.5680947556
252.00; 2.0419654889; -56.7462382392; 2.0745311278; 12.9266555449; 2.0645418190; 37.8399571717; 1.9841912605; -51.1705285881; 2.2939418569; -36.1257551871; 2.1124752743; -22.1467532167; 5.4584618343; 19.6776917363; 4.7031308595; 57.2653082086; 4.3545206345; 4.3462187592; 3.8216458414; 33.4573732439; 4.4150322978; 80.9408368116; 4.0030841916; 9.5151813574
252.50; 2.0440333494; -69.1477005375; 2.0746668708; 12.8777850416; 2.0651421260; 40.2294463287; 1.9844831855; -27.9130539226; 2.2954674838; -33.0597751694; 2.1121896384; -11.2778103611; 5.4617347295; 20.2730440986; 4.7005522845; 63.4253656196; 4.3563480334; 4.5438332618; 3.8208638153; 36.6270523023; 4.4131977876; 77.1074908175; 4.0042508214; 2.0829522912
253.00; 2.0458396880; -77.4581377850; 2.0749310749; 10.7875210582; 2.0659026925; 37.2145645822; 1.9846356394; -0.7866979279; 2.2968862387; -29.2222428172; 2.1118782232; -1.6952610505; 5.4650300846; 19.4466093591; 4.6982090915; 63.0133092604; 4.3582433669; 1.8695934058; 3.8201239501; 38.0564919922; 4.4116722455; 65.5639797135; 4.0054259296; -3.8578856326
253.50; 2.0473579507; -80.1646647755; 2.0753147992; 7.2406982490; 2.0668157931; 28.2564896187; 1.9847358891; 26.9328357429; 2.2982137872; -25.4103879630; 2.1115693048; 5.5597075540; 5.4683552547; 17.3412382936; 4.6960946877; 56.0255798448; 4.3602004700; -3.6098219286; 3.8194321602; 37.6931814948; 4.4104149500; 45.4254116177; 4.0065953855; -7.9369641245
254.00; 2.0485630388; -76.8686758920; 2.0757983467; 2.9617715343; 2.0678419467; 13.1311959780; 1.9848716187; 52.7634904907; 2.2994483286; -22.2251022071; 2.1112880117; 9.9186827091; 5.4716698188; 14.2238180010; 4.6942086703; 42.1540543506; 4.3621782036; -11.6330019405; 3.8187984183; 35.6752856488; 4.4093739396; 16.7996340781; 4.0077347010; -10.2085678100
254.50; 2.0494585687; -68.5955721725; 2.0763572295; -1.3654207985; 2.0689192616; -7.4259243554; 1.9851229142; 75.0817565078; 2.3005878020; -20.0021946700; 2.1110498584; 11.2274868262; 5.4749299135; 10.4795354384; 4.6925240260; 21.0656444402; 4.3641267893; -21.6948243644; 3.8182267256; 32.2907389709; 4.4084663897; -18.3916590029; 4.0088244925; -11.0090518553
255.00; 2.0501007029; -56.9276610056; 2.0769871894; -5.3907545183; 2.0700071492; -31.8743519413; 1.9855674373; 93.5076835302; 2.3016689198; -18.7829022539; 2.1108521294; 9.5377721302; 5.4782084198; 6.5331739635; 4.6909283515; -8.1039082234; 4.3660612684; -33.4035704492; 3.8176957742; 27.8129391482; 4.4075551488; -57.2386218126; 4.0098890472; -10.5417640554
255.50; 2.0505335220; -43.7387259874; 2.0776737053; -8.8335598793; 2.0710276596; -56.1820906165; 1.9862674234; 107.2866669066; 2.3026975797; -18.5801318508; 2.1106891124; 4.8729023375; 5.4815015152; 3.1567455501; 4.6893244567; -44.8331562895; 4.3679462413; -45.8767680105; 3.8171947476; 22.6701731226; 4.4065132926; -93.7709272893; 4.0109300943; -8.8101343589
256.00; 2.0508032270; -30.6532386158; 2.0783984055; -11.4881509798; 2.0718935496; -74.4787097801; 1.9872638383; 115.6605299911; 2.3036670392; -19.3639407985; 2.1105473871; -2.6645535113; 5.4847767688; 1.3049976182; 4.6876053964; -85.8439361762; 4.3697269980; -57.8022904045; 3.8167149095; 17.3896435872; 4.4052303220; -120.5078416989; 4.0119430118; -5.4645824955
256.50; 2.0509603002; -18.6010679972; 2.0791532091; -13.0618820119; 2.0725464276; -81.9825467495; 1.9885881661; 118.0422341236; 2.3045778506; -21.1045488324; 2.1104029454; -12.9569037475; 5.4880400557; 1.6682562093; 4.6856332071; -124.6875565461; 4.3713700819; -67.8245397565; 3.8162413146; 12.5138531003; 4.4036148960; -131.7333633656; 4.0129384006; -0.0159235528
257.00; 2.0510491794; -8.1842797456; 2.0799238075; -13.1069585184; 2.0729531682; -77.5212900636; 1.9902343484; 113.8247212650; 2.3054148981; -23.7754787261; 2.1102253532; -25.5001080052; 5.4912588308; 4.6974243477; 4.6833043143; -151.4162985651; 4.3728259505; -74.4789331601; 3.8157661915; 8.6488629071; 4.4016470139; -125.7761157361; 4.0139194335; 7.3545896425
257.50; 2.0511100797; 0.4099517926; 2.0807091827; -11.2584394555; 2.0731264992; -64.1616837466; 1.9921871114; 102.5134150459; 2.3061697446; -27.3969319463; 2.1099759322; -39.4851408524; 5.4944421245; 10.2954285498; 4.6805351236; -157.5452611300; 4.3740738648; -76.7580040185; 3.8152793974; 6.2787140405; 4.3993462030; -105.8122558731; 4.0149056188; 15.6796218518
258.00; 2.0511768784; 7.1973976067; 2.0815250373; -7.4729865547; 2.0731083470; -46.4502183613; 1.9944344066; 83.7196973230; 2.3068395744; -32.0657843064; 2.1096080839; -53.7320438426; 5.4976453295; 17.9410810772; 4.6772709305; -140.7575579653; 4.3751212231; -74.2886064061; 3.8147688363; 5.7285076694; 4.3967465472; -77.5441228058; 4.0159320289; 23.5504014596
258.50; 2.0512757338; 12.0504013553; 2.0823843074; -2.2460001635; 2.0729515503; -28.0504987483; 1.9969172243; 57.9729088569; 2.3074081366; -37.7670496548; 2.1090769989; -66.2817753552; 5.5008894081; 26.6417156569; 4.6735626192; -106.3600687389; 4.3759736576; -67.4152139800; 3.8142337080; 7.1276530297; 4.3939366491; -47.1808875934; 4.0170205641; 29.3713988627
259.00; 2.0514258549; 14.7727185362; 2.0833086612; 3.5001752163; 2.0727111977; -10.5163326218; 1.9995642839; 27.2704473277; 2.3078579866; -44.2395274242; 2.1083405852; -74.8317377916; 5.5042114591; 35.3009873965; 4.6695027230; -63.7505126702; 4.3766540803; -57.1731714189; 3.8136768190; 10.3373105373; 4.3910015746; -18.8700765934; 4.0181919200; 32.1408924022
259.50; 2.0516393183; 15.0706774640; 2.0843256059; 8.6789915625; 2.0724391401; 6.0230120641; 2.0022988628; -4.4301131261; 2.3081697044; -50.7375582602; 2.1073645863; -77.3747026677; 5.5076610151; 42.9631094378; 4.6651943866; -21.3262559217; 4.3771972576; -44.9543544993; 3.8131043729; 14.9492854897; 4.3880098308; 5.3690761774; 4.0194629799; 31.5471252007
260.00; 2.0519129247; 12.6437805434; 2.0854321404; 12.2151279031; 2.0721921436; 21.2570268621; 2.0049653668; -30.6217423622; 2.3083153157; -55.6484524415; 2.1061605333; -72.9038769476; 5.5111888456; 48.7402403725; 4.6608606157; 14.8271443974; 4.3776290828; -32.5339999715; 3.8125427663; 20.2266121437; 4.3851004034; 24.2539847193; 4.0208055519; 27.8944194740
260.50; 2.0522393133; 7.3616513373; 2.0866485959; 13.5318884781; 2.0720159085; 34.9648392141; 2.0075037170; -46.1854241511; 2.3082806380; -57.1414192478; 2.1047333942; -62.0075947178; 5.5148396982; 52.3113916136; 4.6565821374; 43.0838189002; 4.3779917373; -21.0384836413; 3.8120041778; 25.4830727958; 4.3823098945; 37.8876565546; 4.0222192480; 21.9416117491
261.00; 2.0526016321; -0.5684884717; 2.0879902111; 12.3848224081; 2.0719528321; 46.4277013658; 2.0098885884; -49.0996311219; 2.3080595058; -53.7639901725; 2.1031032303; -46.4187299991; 5.5186578118; 53.6202315971; 4.6524114304; 63.5497158507; 4.3783236440; -11.1050945118; 3.8115007253; 30.0834881726; 4.3796570528; 46.1975085850; 4.0236999329; 14.6956964288
261.50; 2.0529679303; -10.1389599411; 2.0894436087; 8.8603419534; 2.0720407706; 54.4852416154; 2.0120963553; -41.2846478955; 2.3076627985; -45.3299766063; 2.1013280128; -28.6199800350; 5.5226236489; 52.7299607252; 4.6484420735; 76.6035104605; 4.3786527338; -3.4216480072; 3.8110509111; 33.4251848713; 4.3771858592; 48.4145424958; 4.0252178422; 7.3349911979
262.00; 2.0532982679; -19.3265072754; 2.0909774391; 3.3600272590; 2.0723042947; 58.0230641961; 2.0141284838; -27.0959994023; 2.3071220555; -33.1818045372; 2.0994837687; -10.9890127296; 5.5266892255; 49.8203267216; 4.6447610177; 82.6979079797; 4.3789980711; 1.4813370836; 3.8106711090; 35.1018338381; 4.3749302961; 43.2785605905; 4.0267349776; 0.8978916593
262.50; 2.0535625057; -25.6423342208; 2.0925894050; -3.5818151000; 2.0727583198; 56.1252774242; 2.0160580055; -10.3872154290; 2.3064690623; -19.1794353394; 2.0976020679; 5.1347001742; 5.5308987277; 45.0315487492; 4.6413402797; 82.1248461264; 4.3793780864; 3.4652234108; 3.8103629424; 34.9663097789; 4.3728434588; 29.2608577487; 4.0282533221; -4.1730339451
263.00; 2.0537373675; -26.5232192272; 2.0942582669; -11.2296138228; 2.0734001362; 47.7818162632; 2.0179456018; 6.2769148016; 2.3057452846; -5.2581996207; 2.0957268581; 18.8223306168; 5.5352540370; 38.5227973187; 4.6381683440; 74.5502787572; 4.3797989558; 2.4711778958; 3.8101272691; 33.0189503602; 4.3708734000; 5.3104380218; 4.0297648489; -7.8132980059
263.50; 2.0538175650; -20.4594463481; 2.0959427276; -18.6558799068; 2.0742000382; 32.1693808120; 2.0198320693; 21.4034536759; 2.3049994518; 7.0162734458; 2.0939142030; 29.4580971282; 5.5397068070; 30.5928983949; 4.6352446675; 59.2477846980; 4.3802530615; -1.3753278245; 3.8099623126; 29.4435006147; 4.3689572549; -27.7146945921; 4.0312498335; -10.4421338679
264.00; 2.0538250033; -7.7826697951; 2.0976173833; -25.0468193162; 2.0751107253; 8.9063351830; 2.0217707306; 34.2409229394; 2.3042687050; 16.8353157522; 2.0921937351; 36.8069649387; 5.5442441097; 21.6449583826; 4.6325147379; 35.2627300221; 4.3807275988; -7.7410978174; 3.8098593546; 24.5593350267; 4.3669850004; -66.3587433467; 4.0327048169; -12.5130384868
264.50; 2.0538058435; 9.5541704313; 2.0992672996; -29.8343096650; 2.0760644209; -21.1943082816; 2.0238159158; 44.1718041094; 2.3035798115; 23.9076548988; 2.0905787581; 40.7472338759; 5.5488682697; 12.2547983520; 4.6298864043; 2.0123532269; 4.3812038509; -15.9720635646; 3.8098057265; 18.7641764533; 4.3648201476; -104.1904673805; 4.0341328773; -13.9834928026
265.00; 2.0538238599; 28.6867707717; 2.1008697081; -32.7828106012; 2.0769635953; -54.4947272352; 2.0259968687; 50.5014763909; 2.3029570353; 28.1218521722; 2.0890862357; 41.1356934707; 5.5535425565; 3.2825507437; 4.6272601127; -39.0893689446; 4.3816533811; -24.9500575290; 3.8097867446; 12.6024938577; 4.3623444540; -132.3251079953; 4.0355260459; -14.0755753949
265.50; 2.0539499521; 46.9423025153; 2.1024063955; -34.0490990430; 2.0776987830; -84.0205651536; 2.0283273933; 52.5739712366; 2.3024163617; 29.4704800334; 2.0877237695; 37.8867785014; 5.5582238056; -4.1423061340; 4.6245146672; -82.9522208067; 4.3820449493; -33.0783328138; 3.8097861959; 6.7000374177; 4.3594747575; -142.8061751530; 4.0368777068; -11.5237223222
266.00; 2.0542518085; 62.4392601211; 2.1038669109; -34.1017039129; 2.0781735671; -101.4125536238; 2.0308081696; 49.8060313620; 2.3019638285; 28.0347545278; 2.0864857671; 31.0850113809; 5.5628764432; -9.1267889344; 4.6215184360; -120.1111251964; 4.3823508825; -38.3661517021; 3.8097881546; 1.7290137612; 4.3561838085; -132.5601579677; 4.0381898676; -5.4132979894
266.50; 2.0547856046; 74.1513717700; 2.1052431082; -33.5270150650; 2.0783304492; -101.4295509040; 2.0334184277; 41.6831482537; 2.3015969499; 23.8720076005; 2.0853570838; 21.1365829261; 5.5674633302; -11.2385766446; 4.6181681486; -139.0595761635; 4.3825527920; -39.0517278686; 3.8097790817; -1.6576617611; 4.3525186761; -104.9271304331; 4.0394727425; 3.9306621034
267.00; 2.0555964299; 81.8014802125; 2.1065400071; -32.8897488032; 2.0781695325; -85.5667638621; 2.0361383609; 27.6945019880; 2.3013014351; 17.0278455651; 2.0843038543; 8.9265291150; 5.5719896249; -10.5983428470; 4.6143953252; -132.5920575607; 4.3826492379; -33.9591994345; 3.8097497554; -2.9739417720; 4.3485568562; -67.2426079797; 4.0407558395; 14.9070259165
267.50; 2.0567080075; 85.3978793865; 2.1077525394; -32.6531844330; 2.0777415924; -60.8596544290; 2.0389072558; 7.8005750536; 2.3010571354; 7.6442340057; 2.0832939805; -3.9000802141; 5.5764313527; -7.9710086248; 4.6102419169; -102.5931800554; 4.3826563537; -23.0170964694; 3.8096969687; -1.9466568592; 4.3444395805; -27.4509058514; 4.0420630057; 25.2672067417
268.00; 2.0581535945; 85.1832825162; 2.1089015788; -33.1907583313; 2.0771162037; -34.7426898326; 2.0417063337; -17.6576386872; 2.3008304327; -4.0742391182; 2.0822709122; -15.3895321604; 5.5808682274; -4.3052499646; 4.6057329885; -58.1427976176; 4.3826092880; -7.1023389971; 3.8096229946; 1.3998423988; 4.3402251637; 9.5019075583; 4.0434453467; 33.2343632476
268.50; 2.0599279727; 81.3480492617; 2.1099793545; -34.7957257327; 2.0763766517; -12.5100563811; 2.0444389527; -46.3650405706; 2.3005858358; -17.1391731882; 2.0812042215; -23.0924278555; 5.5852859686; -0.6380938415; 4.6010298561; -10.8402498810; 4.3825588108; 11.5657031524; 3.8095378674; 6.6775638126; 4.3360531909; 40.4364826349; 4.0449183884; 37.5326783026
269.00; 2.0620102463; 74.0980074470; 2.1109760628; -37.6382067538; 2.0755950017; 4.1597587383; 2.0470009679; -73.7575184808; 2.3002836018; -29.4810609469; 2.0800744427; -25.1482539626; 5.5896740801; 2.1981499337; 4.5963018830; 30.9523552408; 4.3825645400; 30.3633150658; 3.8094572061; 13.2070653676; 4.3320412905; 64.2279975848; 4.0464871910; 37.8786274979
269.50; 2.0643690566; 63.6544729325; 2.1118805319; -41.7508650234; 2.0748246013; 16.0436079768; 2.0493001724; -94.0446772423; 2.2998861539; -38.0610710505; 2.0788772378; -21.0428615285; 5.5940303366; 3.6643054789; 4.5916905064; 63.4289155042; 4.3826859459; 46.9974384005; 3.8093999484; 20.1674158465; 4.3282739700; 80.9080447366; 4.0481483311; 34.7847943970
270.00; 2.0669889753; 50.2065057335; 2.1126874209; -47.0804792232; 2.0740953080; 24.8409285402; 2.0512937474; -102.6431534263; 2.2993630300; -39.8820382378; 2.0776131744; -11.7272758214; 5.5983997254; 3.5444978056; 4.5872545689; 86.2448831447; 4.3829772129; 60.0020104714; 3.8093856332; 26.8139248676; 4.3247695555; 90.8848949141; 4.0499083380; 29.0679700520
270.50; 2.0698111827; 34.2975052856; 2.1133746668; -53.4137686510; 2.0734381828; 31.8177862734; 2.0529455422; -98.4818285514; 2.2987106860; -33.3144257904; 2.0763151323; 0.7021729437; 5.6027640410; 1.8341595631; 4.5830848036; 100.0383285845; 4.3834789682; 68.3461266407; 3.8094335452; 32.4224044630; 4.3215755108; 94.1460776296; 4.0517441615; 21.8853372327
271.00; 2.0727832277; 16.7544139006; 2.1139206847; -60.4935215517; 2.0728750041; 37.5147280312; 2.0542712116; -84.5861435255; 2.2979488073; -19.2199996238; 2.0750181535; 13.9493473892; 5.6071267518; -1.3573873351; 4.5792180269; 105.8753633460; 4.3842190330; 71.5841779546; 3.8095600050; 36.4700650389; 4.3186973990; 90.3973651913; 4.0536396729; 14.3113854692
271.50; 2.0757974347; -0.7297140471; 2.1142923684; -67.8824176251; 2.0724327761; 41.4979120231; 2.0552962592; -66.1090530630; 2.2971335941; -0.8977601999; 2.0737808431; 25.9172818449; 5.6114157062; -5.8085405678; 4.5757284076; 104.4545248512; 4.3851956745; 69.5581774521; 3.8097743765; 38.5712472600; 4.3161643613; 79.2050979692; 4.0555469296; 7.1919823629
272.00; 2.0788409254; -16.4980709552; 2.1144688940; -75.3055475184; 2.0721179572; 42.8518537056; 2.0560972073; -46.7368999349; 2.2963098825; 18.2267084340; 2.0726180749; 35.5658929142; 5.6156919264; -11.3905732354; 4.5725520957; 95.9734889545; 4.3864180846; 62.3882080937; 3.8100861357; 38.6382130520; 4.3138969673; 59.9713987399; 4.0574799624; 0.6020442131
272.50; 2.0818387810; -28.3283958505; 2.1144205292; -82.2335403490; 2.0719389798; 40.2121552241; 2.0567297645; -28.4936462871; 2.2955436074; 34.8869167940; 2.0715655990; 42.1785703358; 5.6199154001; -17.8211273923; 4.5696828595; 80.0616943376; 4.3878566949; 50.4662186090; 3.8104940777; 36.7121691284; 4.3118482423; 33.0432035485; 4.0594112166; -5.6811150219
273.00; 2.0847477852; -34.6072886550; 2.1141205523; -88.0692723935; 2.0718895237; 32.0797251846; 2.0572512796; -11.7428195907; 2.2948886203; 47.1742017126; 2.0706428890; 45.5200223021; 5.6240680657; -24.6943002922; 4.5670720411; 55.8474231721; 4.3894728694; 34.4786028409; 3.8109928470; 33.0000395826; 4.3099330159; 0.2914168715; 4.0613247035; -12.1988945336
273.50; 2.0875408716; -34.9978268859; 2.1135466847; -92.1368002205; 2.0719457855; 17.1079299410; 2.0577138498; 3.5784022978; 2.2943862155; 54.2408569699; 2.0698604604; 45.5762066258; 5.6281245411; -31.3854333959; 4.5646483621; 22.5366231081; 4.3912123086; 15.6044840273; 3.8115712360; 27.8601527114; 4.3080502585; -34.0362719587; 4.0632003180; -18.9305759151
274.00; 2.0902249651; -30.6310782616; 2.1126807367; -93.8225830442; 2.0720622790; -5.4860904181; 2.0581674604; 17.3544656310; 2.2940592657; 55.9722609736; 2.0692149511; 42.4194094191; 5.6320780146; -37.1212553496; 4.5623006956; -19.8460211584; 4.3930187821; -4.5210323494; 3.8122164853; 21.7679053784; 4.3060852157; -63.6295890179; 4.0650248196; -24.9286901734
274.50; 2.0928127690; -23.6266348141; 2.1115158379; -92.7188583696; 2.0721689935; -34.8832742241; 2.0586555480; 28.9331639569; 2.2939161320; 52.7289093948; 2.0686960404; 36.1412777504; 5.6359077738; -40.9708664620; 4.5598991469; -68.5650642798; 4.3948245061; -23.7354628809; 3.8129107370; 15.3499944130; 4.3039456315; -81.4208836895; 4.0667786508; -28.2944489827
275.00; 2.0953205196; -16.2333289512; 2.1100594207; -88.8097994813; 2.0721741520; -67.3061203345; 2.0592134383; 37.2763358969; 2.2939493818; 44.9579787654; 2.0682842657; 26.9653558818; 5.6395900941; -42.1125441042; 4.5572996733; -116.3915182527; 4.3965599200; -39.6314945059; 3.8136334211; 9.3475593112; 4.3015819363; -82.7047086973; 4.0684456838; -27.0324142441
275.50; 2.0977962255; -10.0697387077; 2.1083123744; -82.4401294568; 2.0719762882; -95.9960822317; 2.0598730380; 41.2303300754; 2.2941375447; 33.1082960572; 2.0679457398; 15.0937156534; 5.6431541388; -40.0867679052; 4.5543292080; -152.4764388074; 4.3981866013; -50.2665492235; 3.8143738820; 4.4668774773; 4.2989681392; -67.6262372193; 4.0700439220; -20.3325582829
276.00; 2.1002714187; -6.0845237102; 2.1062890916; -74.2272770241; 2.0714835161; -112.3672550137; 2.0606507936; 39.5058474488; 2.2944476023; 17.6133943833; 2.0676405161; 1.0285862220; 5.6466204155; -34.9606718763; 4.5508596005; -165.5764411531; 4.3996733901; -54.3198064998; 3.8151215802; 1.3931553246; 4.2961386329; -40.8764848756; 4.0715997031; -9.2466873526
276.50; 2.1027710788; -4.6290701689; 2.1040082725; -64.8154037563; 2.0706397473; -110.5132921749; 2.0615464007; 30.8543492836; 2.2948357700; -1.1950693865; 2.0673213327; -14.3092238206; 5.6500200823; -27.3669292776; 4.5468284178; -150.9774476093; 4.4010094647; -51.6106017576; 3.8158716920; 0.6262760368; 4.2931623008; -9.1921789475; 4.0731537148; 3.7139864979
277.00; 2.1052593758; -5.6637803481; 2.1015406769; -54.8617892213; 2.0694639294; -91.4203130803; 2.0625188700; 14.7997842473; 2.2952395700; -22.5559693186; 2.0669431628; -29.1462743141; 5.6533222388; -18.4899676695; 4.5423433591; -114.4911320927; 4.4021783106; -43.3192894896; 3.8166107735; 2.3592666334; 4.2901853789; 20.8575455006; 4.0747206668; 15.4989618489
277.50; 2.1077273196; -8.9018576094; 2.0989283886; -44.6560471156; 2.0680202846; -62.4181125699; 2.0635157083; -7.7989448911; 2.2955936444; -45.5114048758; 2.0664581493; -41.4990718261; 5.6565501270; -9.4701884723; 4.5375271717; -68.0699531415; 4.4032024218; -31.5947644236; 3.8173436520; 6.3662002477; 4.2873066627; 45.5624735848; 4.0763342137; 23.9863416976
278.00; 2.1101802579; -14.0641887786; 2.0961906097; -34.2963113938; 2.0663906117; -32.0396461538; 2.0644729010; -33.9401632328; 2.2958307822; -68.4743409356; 2.0658216142; -49.5034891281; 5.6597566732; -1.2190768071; 4.5324894763; -22.4032226108; 4.4041246572; -18.7900772922; 3.8180884940; 12.1185232004; 4.2845822790; 63.6003372241; 4.0780329039; 28.3752324192
278.50; 2.1126084904; -20.9370864409; 2.0933541504; -23.9791179620; 2.0646636976; -6.3235668304; 2.0653117756; -57.8566339198; 2.2958813883; -88.5855228076; 2.0650024009; -51.9247115032; 5.6629820858; 5.7210911413; 4.5273506143; 16.0681936490; 4.4049873635; -6.9601059205; 3.8188664025; 18.8725117366; 4.2820582513; 74.8316236842; 4.0798389475; 28.5213363962
279.00; 2.1149829707; -29.3363993865; 2.0904597633; -14.0765788331; 2.0629223383; 12.3031521335; 2.0659554695; -72.1694138610; 2.2956831347; -101.8609591405; 2.0639897992; -48.6724577942; 5.6662461278; 10.9593071742; 4.5222350479; 45.0145475069; 4.4058253055; 2.3787660212; 3.8196976029; 25.7706781920; 4.2797737820; 79.6229765808; 4.0817534539; 24.9990864105
279.50; 2.1172530200; -39.0780218111; 2.0875660197; -5.1325347262; 2.0612389357; 24.2971167533; 2.0663539337; -71.4954633781; 2.2951974510; -104.7361146991; 2.0627984646; -40.8542406818; 5.6695415490; 14.3490887363; 4.5172719487; 64.5081180118; 4.4066600724; 8.3140708102; 3.8205968634; 31.9569308841; 4.2777619896; 78.3762426078; 4.0837536227; 18.8663912681
280.00; 2.1194239197; -50.2308525670; 2.0846498653; 2.5399637179; 2.0596202398; 31.9038491527; 2.0665154847; -55.8082575116; 2.2944054006; -96.1512592575; 2.0614256717; -30.0720455421; 5.6729448095; 16.0789787399; 4.5124276280; 76.0291333519; 4.4075253471; 10.6123997531; 3.8216012024; 36.8689257881; 4.2759821683; 71.2650802549; 4.0858632377; 11.0933221188
280.50; 2.1214104054; -62.3259741030; 2.0817945648; 8.3652270744; 2.0581227933; 37.2407859021; 2.0664848915; -30.6204143601; 2.2933482744; -78.3908395043; 2.0599271030; -18.2966384830; 5.6763990590; 16.3049959818; 4.5078318256; 80.4457221607; 4.4084106355; 9.1788262371; 3.8227073144; 39.8959620601; 4.2744478535; 58.1259699219; 4.0880229990; 2.6963187803
281.00; 2.1231612409; -74.7253123272; 2.0790277687; 12.0425758540; 2.0567681627; 42.0097839259; 2.0663422580; -3.0827218999; 2.2920866823; -55.9164245502; 2.0583410871; -6.9053408159; 5.6798980866; 15.2741045237; 4.5035100033; 78.4145761215; 4.4093074650; 4.2014958689; 3.8239214819; 40.7288245371; 4.2731209211; 38.5435380639; 4.0902056715; -5.8964557910
281.50; 2.1246397976; -86.4071844460; 2.0763446142; 13.4698097676; 2.0555642747; 46.7932414035; 2.0661742135; 21.6325294766; 2.2906850648; -33.0613964682; 2.0566910924; 3.3457549137; 5.6834627790; 13.1388677560; 4.4994293652; 69.8874440830; 4.4102038931; -3.9897101526; 3.8252541862; 39.2606048062; 4.2719308490; 11.9927324815; 4.0924027172; -14.8936892672
282.00; 2.1258069719; -95.8145257125; 2.0737369426; 12.7283695727; 2.0545227453; 50.9886461121; 2.0660589809; 41.1491370376; 2.2892096930; -13.0791923190; 2.0549990245; 12.0640429073; 5.6871062221; 10.0180664669; 4.4955456596; 54.0258633155; 4.4110762477; -14.8610903953; 3.8267086243; 35.5512605546; 4.2707881029; -21.2600362136; 4.0946010130; -24.7553866404
282.50; 2.1266196489; -101.0693483410; 2.0712140938; 10.1416336515; 2.0536639764; 53.0586859933; 2.0660602995; 55.1358088336; 2.2877319576; 2.1294442207; 2.0532983823; 19.0001673746; 5.6908038335; 6.1441061705; 4.4918297024; 29.6117745627; 4.4118836075; -27.4298146817; 3.8282680460; 29.8751787494; 4.2695927425; -58.7466036098; 4.0967628966; -35.4696627918
283.00; 2.1270498395; -100.7468017588; 2.0687930406; 6.3366337757; 2.0530042425; 51.0277502780; 2.0662232290; 64.3265080337; 2.2863175054; 11.8182402321; 2.0516278600; 23.9607976062; 5.6945052638; 2.0301334200; 4.4882459967; -4.0767560389; 4.4125753966; -40.1941288456; 3.8298990698; 22.7566173454; 4.2682393426; -94.8765348982; 4.0988341483; -45.9672422434
283.50; 2.1271027376; -94.5963735885; 2.0664456401; 2.0884429242; 2.0525329483; 42.8813876811; 2.0665782940; 69.6728729460; 2.2849908748; 16.1786289344; 2.0499925601; 26.8646576562; 5.6982194819; -1.7095359773; 4.4846695121; -46.5409258234; 4.4131131617; -51.5100968164; 3.8315896960; 14.7935339998; 4.2666066866; -122.4563489004; 4.1007950358; -53.9137520570
284.00; 2.1268016983; -83.5841960823; 2.0641489261; -1.7573609261; 2.0522227289; 27.0397064558; 2.0671448609; 71.4670345092; 2.2837639245; 15.6354801819; 2.0483955466; 27.6082601422; 5.7019475896; -4.3754827704; 4.4809566452; -93.6762963524; 4.4134603560; -59.5226124108; 3.8333221006; 6.7386634996; 4.2646020800; -134.5379567522; 4.1026271492; -56.3601744859
284.50; 2.1261858461; -69.4264355934; 2.0618795910; -4.4538739489; 2.0520222264; 2.9165941513; 2.0679330484; 69.2213759964; 2.2826325581; 10.6683387613; 2.0468317889; 26.0972550456; 5.7056977998; -5.4148390762; 4.4769441785; -136.2858498813; 4.4135899531; -62.4751618057; 3.8350804291; -0.5679547029; 4.2621770646; -127.9374061833; 4.1043295718; -51.2763950510
285.00; 2.1253087956; -54.0105111080; 2.0596334257; -5.4333016815; 2.0518555439; -27.6904158968; 2.0689361020; 61.8236634457; 2.2815866421; 1.7603162094; 2.0452995403; 22.3717331521; 5.7094589317; -4.6197460917; 4.4725076475; -161.2105467396; 4.4134889939; -58.9909915606; 3.8368399828; -6.2270588524; 4.2593557090; -105.0221377872; 4.1059126845; -38.9731281674
285.50; 2.1242342907; -38.8838661657; 2.0574209109; -4.3317147867; 2.0516269315; -59.3090505145; 2.0701254631; 47.9214705836; 2.2806072424; -10.5802227834; 2.0437959774; 16.8204840186; 5.7132103236; -2.3037789015; 4.4675986004; -158.0548820837; 4.4131668255; -48.5009772416; 3.8385742593; -9.4674677589; 4.2562272645; -72.3623192401; 4.1074035442; -22.2101155259
286.00; 2.1230017549; -24.7261840645; 2.0552100803; -0.8957179278; 2.0512322068; -84.1184617943; 2.0714782143; 25.9802234332; 2.2796422238; -26.1292463797; 2.0422785991; 10.1562088018; 5.7170203653; 0.8639115987; 4.4621471251; -126.2779617734; 4.4126483502; -31.2770070699; 3.8403033143; -9.8855738230; 4.2528424822; -36.4595917801; 4.1088770975; -4.4423787993
286.50; 2.1216691503; -12.1109372989; 2.0530227783; 5.0005705900; 2.0505937340; -93.9579444266; 2.0729217509; -4.3987340384; 2.2786494849; -44.2234679358; 2.0407323928; 3.7858484706; 5.7208827573; 3.9268182443; 4.4562738522; -75.7162151232; 4.4119863479; -8.9527785595; 3.8420202482; -7.3853503573; 4.2493266135; -2.9196451989; 4.1103807747; 11.0574936172
287.00; 2.1202759733; -1.2029952201; 2.0508669944; 13.3385183291; 2.0496753425; -86.1810855212; 2.0743705440; -41.8959782420; 2.2775682428; -63.6413236052; 2.0391273327; -0.5004631285; 5.7248302014; 6.0252669977; 4.4501010324; -19.5025713816; 4.4112442657; 16.1803665734; 3.8437447760; -2.2624106012; 4.2457631843; 25.4811897975; 4.1119708372; 22.2986813946
287.50; 2.1188680384; 7.7810160939; 2.0487795782; 23.6276737082; 2.0485032582; -65.6042342160; 2.0757027565; -81.6223640137; 2.2763425741; -81.6600683412; 2.0374543449; -0.8849201066; 5.7288562399; 6.4979888770; 4.4438247681; 31.7972823188; 4.4105013532; 41.3144940800; 3.8454886497; 4.6633624676; 4.2422529572; 47.5156641313; 4.1136765303; 28.5193741574
288.00; 2.1174947831; 14.5934543031; 2.0468192865; 34.8062758273; 2.0471556685; -41.2917274287; 2.0767804400; -114.7482569081; 2.2749316528; -94.0358361975; 2.0357300412; 3.6743155783; 5.7329175872; 5.0565462052; 4.4376752789; 72.6600916802; 4.4098428892; 63.8092334520; 3.8472553288; 12.3457903305; 4.2389033121; 62.8767411368; 4.1154975248; 29.9181018731
288.50; 2.1161691058; 19.0805113889; 2.0450068169; 45.7377932034; 2.0456975868; -20.4922828724; 2.0775109109; -132.3982452125; 2.2732856676; -96.3967379841; 2.0339521558; 13.0342230347; 5.7370469398; 1.7349336008; 4.4317243853; 102.4881036601; 4.4093319362; 82.1625041001; 3.8490859291; 19.9351119666; 4.2357310830; 71.8909964973; 4.1174545542; 27.3521299570
289.00; 2.1149199079; 20.9218129263; 2.0433968104; 54.9641063314; 2.0442085275; -6.8230688702; 2.0778338870; -129.4827211762; 2.2714147525; -86.1653426944; 2.0321658554; 25.7891803881; 5.7411950632; -3.1420520811; 4.4261210682; 121.8217156656; 4.4090290608; 95.1776063283; 3.8509873176; 26.5760938046; 4.2327935772; 74.5334925921; 4.1195214206; 21.8756996041
289.50; 2.1137509160; 19.8751248839; 2.0420168982; 61.4454713074; 2.0427289137; 0.0032672140; 2.0777625088; -108.6944615306; 2.2693501566; -64.4379007266; 2.0304067391; 40.1281165295; 5.7453546443; -9.1874096666; 4.4209134366; 132.0444108767; 4.4089719215; 102.4054679670; 3.8529836475; 31.6263979171; 4.2300918479; 70.6443082852; 4.1216853185; 14.3944125882
290.00; 2.1126501489; 15.8147667571; 2.0408798961; 64.5525103769; 2.0412705852; 2.2600462728; 2.0773631925; -78.1891948570; 2.2671481822; -35.5609822303; 2.0287071464; 54.2979416206; 5.7495344508; -16.0576326009; 4.4160989403; 134.2133557333; 4.4091811687; 103.7388557853; 3.8551038271; 34.6400691509; 4.2275952585; 59.8316967152; 4.1239384506; 5.3752432465
290.50; 2.1115998289; 8.9874234649; 2.0399938702; 63.9575174731; 2.0398369378; 2.7159350486; 2.0767307115; -46.8324451736; 2.2648947480; -5.1503356323; 2.0271062476; 66.9615459306; 5.7537244351; -23.5232709247; 4.4116732847; 128.6664921260; 4.4096610572; 99.2639815825; 3.8573633149; 35.3318674148; 4.2252636711; 41.8272793624; 4.1262605623; -5.2129667634
291.00; 2.1105694606; 0.2806233983; 2.0393527450; 59.6029932261; 2.0384214628; 3.6653944474; 2.0759595373; -20.4968484679; 2.2626740327; 22.1474036917; 2.0256345571; 77.3024375515; 5.7579253341; -31.4031204632; 4.4075972334; 114.9650060002; 4.4104007735; 89.2974639963; 3.8597781356; 33.6202421086; 4.2230282271; 17.0177549150; 4.1286337949; -17.7914492553
291.50; 2.1095417471; -8.3259115429; 2.0389495299; 51.7506829387; 2.0370458571; 6.2267326155; 2.0751427832; -1.9194886860; 2.2606027574; 43.0998931340; 2.0243434809; 84.7261450072; 5.7620569197; -39.2491901107; 4.4038838886; 92.3338255772; 4.4113585701; 74.7463939220; 3.8623113294; 29.6232877950; 4.2208413582; -12.0710769952; 4.1309887192; -32.3095016359
292.00; 2.1084838016; -14.2103999574; 2.0387536864; 40.8160689675; 2.0357140329; 10.1297745593; 2.0743374570; 9.1053316215; 2.2587424869; 56.6451208875; 2.0232515426; 89.0828078311; 5.7661058406; -46.8628152120; 4.4004522764; 59.6702484159; 4.4124891193; 56.9248015679; 3.8649568574; 23.6294382458; 4.2186061454; -41.0058246050; 4.1332867182; -47.8278449253
292.50; 2.1073778543; -14.7320664145; 2.0387251928; 27.4519026454; 2.0344397832; 13.9145619221; 2.0735803154; 13.8271263276; 2.2571401015; 62.7012379978; 2.0223728939; 90.3068060785; 5.7700416955; -53.8208221320; 4.3972058462; 16.8845154719; 4.4137323959; 37.8245442733; 3.8676914543; 16.2262000943; 4.2162360708; -63.1756539164; 4.1354753204; -61.7381135882
293.00; 2.1062210741; -8.3993652085; 2.0388150073; 12.4509412062; 2.0332301670; 15.4826018523; 2.0728848146; 13.6976929599; 2.2558110745; 61.8381015398; 2.0217073690; 88.3989256769; 5.7738548523; -59.4859892763; 4.3940007410; -33.6512854977; 4.4150299046; 19.8702575220; 3.8705003925; 8.1561194243; 4.2136549269; -71.9144672566; 4.1375168404; -70.2680364054
293.50; 2.1050304450; 4.4400962233; 2.0389695698; -3.3148547902; 2.0320799081; 12.6012626292; 2.0722466641; 9.7840505239; 2.2547451950; 54.7607853070; 2.0212434789; 83.3772141363; 5.7775563755; -63.3115177899; 4.3906539881; -85.2762542782; 4.4163328635; 5.6145052305; 3.8733805923; 0.2047922027; 4.2108150184; -63.4129374636; 4.1393980501; -70.0021599612
294.00; 2.1038653569; 21.6551560546; 2.0391307095; -18.6494732802; 2.0309878021; 3.5028906074; 2.0716603606; 2.5333909067; 2.2539312839; 42.3625526511; 2.0209684703; 75.4085846559; 5.7811045432; -64.9365735560; 4.3870307237; -125.5460856204; 4.4175835593; -2.4256560142; 3.8762850604; -6.6407460255; 4.2077651795; -38.9674771781; 4.1411021513; -59.8536468324
294.50; 2.1027921262; 40.3950014576; 2.0392428273; -32.5394101072; 2.0299236548; -12.3740692151; 2.0711050403; -8.3862479742; 2.2533319766; 25.5734207650; 2.0208556073; 64.8269162971; 5.7844938959; -64.4706335129; 4.3830068960; -141.5701654539; 4.4187537163; -2.7698343478; 3.8791924895; -11.5178926275; 4.2045831826; -4.3121017122; 4.1426581318; -42.0016659835
295.00; 2.1018673435; 58.3700644235; 2.0392568062; -44.3617892203; 2.0288194299; -33.7686589939; 2.0705401381; -24.1478569880; 2.2528880802; 4.8806271680; 2.0208689567; 52.0923165767; 5.7877767627; -62.4167742258; 4.3784698530; -127.4216414205; 4.4198565456; 4.6568652601; 3.8821326411; -13.8893493237; 4.2013293540; 33.8605102256; 4.1441421005; -20.4719090453
295.50; 2.1011742331; 73.5424395069; 2.0391292416; -53.3191754788; 2.0276222919; -55.7098239468; 2.0699269756; -45.5496787138; 2.2525438439; -18.5464601913; 2.0209672586; 38.5019185703; 5.7909115129; -59.5802247382; 4.3735286931; -88.4330945964; 4.4208957456; 18.2062841225; 3.8850564800; -13.5075653570; 4.1981699226; 69.0156754497; 4.1455961560; 0.0386107670
296.00; 2.1007662583; 85.1074907023; 2.0388264542; -59.0668227450; 2.0262527949; -71.1009984114; 2.0691963261; -72.6758229847; 2.2522249773; -43.7352755958; 2.0211067854; 25.5201174725; 5.7939315033; -56.7319324432; 4.3682685265; -37.1146260890; 4.4219186547; 35.1978625016; 3.8879888289; -10.5849333798; 4.1951901974; 97.8919207826; 4.1470924524; 16.5717392231
296.50; 2.1006878562; 92.7772346873; 2.0383239964; -61.4283583576; 2.0246512155; -73.5558775276; 2.0682597941; -103.2148487513; 2.2518520828; -68.8800560591; 2.0212461839; 14.8967759649; 5.7968664968; -54.4775132128; 4.3628125822; 14.2312141059; 4.4229827288; 52.5336646045; 3.8909605980; -5.7080698951; 4.1924602684; 119.1759794073; 4.1486905251; 27.7155498148
297.00; 2.1009715755; 96.4467261257; 2.0376169942; -60.4567816130; 2.0228251098; -61.7701461342; 2.0670333007; -130.7060540830; 2.2513519577; -90.5268251529; 2.0213492198; 8.3624684710; 5.7996943778; -53.1728191133; 4.3573754923; 57.2919693501; 4.4241288307; 67.2639122287; 3.8939585827; 0.2151657381; 4.1900735204; 132.3518975862; 4.1504068046; 33.1347452726
297.50; 2.1016382982; 96.2707049293; 2.0366976905; -56.6021739762; 2.0207867703; -40.6092960631; 2.0654154266; -146.7034981000; 2.2506511026; -104.8129698079; 2.0213951255; 6.5754796881; 5.8024573271; -52.7469550926; 4.3520197980; 89.7405455863; 4.4254164112; 77.7049516944; 3.8970427989; 6.3430385272; 4.1880392417; 137.8528483216; 4.1522797159; 33.4969168202
298.00; 2.1026881114; 92.3537232097; 2.0355822875; -50.7220036494; 2.0186130197; -17.8952529377; 2.0633645428; -143.6743403043; 2.2497088231; -108.0400054376; 2.0213763803; 9.1332145307; 5.8051419739; -52.8410721396; 4.3468766381; 111.3699789455; 4.4268699364; 82.7976916015; 3.9002173731; 11.7802784427; 4.1863865823; 135.9468241692; 4.1543001365; 29.6994600825
298.50; 2.1041034984; 84.8088482152; 2.0342952584; -43.8967396645; 2.0163853257; 0.3462983077; 2.0609010888; -120.4776330322; 2.2485205494; -99.2254969250; 2.0212998432; 14.6546104466; 5.8077366696; -53.1047687145; 4.3420368909; 123.2836924109; 4.4284969835; 82.2390566387; 3.9034860085; 15.7952759349; 4.1851159730; 126.8695184453; 4.1564470246; 22.7499291800
299.00; 2.1058698872; 73.6682019395; 2.0328486969; -37.1000027054; 2.0141432792; 11.8901201363; 2.0580787132; -82.9743768612; 2.2471050972; -80.8739839573; 2.0211810229; 21.4982172754; 5.8102625517; -53.2126124059; 4.3374990828; 126.8013407177; 4.4303077997; 76.1632052290; 3.9068890817; 17.9244358579; 4.1841881030; 110.6572682285; 4.1587171659; 13.2111333115
299.50; 2.1079399863; 59.1339173635; 2.0312715524; -31.1953929033; 2.0119338975; 17.2432202247; 2.0550283561; -40.6894214945; 2.2455270561; -58.0172652305; 2.0210407239; 28.1593169529; 5.8127083491; -52.9837984257; 4.3332966531; 122.6613853518; 4.4322741132; 64.9814247397; 3.9104186833; 17.8578667894; 4.1835566542; 87.5431253682; 4.1610721221; 1.2539592847
300.00; 2.1102511478; 41.7441777973; 2.0295907305; -26.7626661634; 2.0097841318; 18.6989865972; 2.0518977861; -1.6604500725; 2.2438665557; -35.8172965631; 2.0208994018; 33.6370608911; 5.8150648443; -52.2256015163; 4.3294358027; 111.0720462639; 4.4343504622; 49.3657013501; 3.9140590206; 15.4655061022; 4.1831509942; 58.2090347050; 4.1634656628; -13.2567316275
300.50; 2.1127414219; 22.4460729925; 2.0278194499; -24.1092959506; 2.0076963620; 19.0693478985; 2.0488077205; 29.8715830871; 2.2421930493; -17.7970518024; 2.0207730316; 37.4603834348; 5.8173379766; -50.9595686967; 4.3258761941; 91.5950354636; 4.4364882709; 30.2180329212; 3.9178061674; 10.8015087093; 4.1828775492; 24.1418339482; 4.1658565436; -30.4323013934
301.00; 2.1153402069; 2.7808068787; 2.0259662485; -23.3725854888; 2.0056713888; 20.6974894331; 2.0458578066; 52.6108208664; 2.2405642098; -5.6224811287; 2.0206725053; 39.4851317875; 5.8195330623; -49.2535915514; 4.3225565994; 63.4165277841; 4.4386262383; 8.8544419398; 3.9216457876; 4.1067330579; 4.1826287574; -11.6755555665; 4.1681929028; -49.4983136718
301.50; 2.1179584244; -15.0956434321; 2.0240457780; -24.5613895966; 2.0037270619; 24.7796295126; 2.0431388495; 66.8024576193; 2.2390298771; 0.3120957498; 2.0206036379; 39.7183399016; 5.8216422668; -47.0190969485; 4.3194103326; 26.1370050849; 4.4406821998; -12.7598482470; 3.9255312242; -4.1745198335; 4.1822938897; -44.2180699258; 4.1704012749; -67.9860793381
302.00; 2.1205555563; -29.2685238828; 2.0220359500; -27.5848972785; 2.0018572638; 31.1561300000; 2.0406700376; 73.5926671931; 2.2375952830; 0.4770856044; 2.0205653853; 38.2443898214; 5.8236934251; -43.9759983978; 4.3162910146; -19.7753913398; 4.4426065501; -32.6408726934; 3.9294725604; -13.5281513781; 4.1817678034; -67.8873393040; 4.1724452844; -82.0987251883
302.50; 2.1230741836; -38.2578295476; 2.0199313833; -32.2192938785; 2.0000859023; 38.3718961265; 2.0384794886; 74.0053338155; 2.2362657737; -4.4168925625; 2.0205522355; 35.1438614192; 5.8256916552; -39.8426320626; 4.3130631400; -70.1599435611; 4.4443310210; -48.4359692659; 3.9334305429; -23.1757351777; 4.1809776082; -77.5945122129; 4.1742754577; -87.4832415731
303.00; 2.1254947706; -41.9442973876; 2.0177060861; -38.1171694737; 1.9984260017; 44.2577006473; 2.0365586306; 68.9508815979; 2.2350208399; -13.5851340947; 2.0205534746; 30.4697415049; 5.8276601757; -34.4428524856; 4.3095531843; -116.2930984959; 4.4458131436; -58.1888264879; 3.9373940752; -32.3110925474; 4.1798887646; -71.7385004729; 4.1758826669; -81.5885042266
303.50; 2.1278157471; -41.4968123538; 2.0153297297; -44.7481568068; 1.9968876754; 46.3938893166; 2.0348847709; 59.0673140919; 2.2338277174; -26.2711314735; 2.0205536155; 24.2923461148; 5.8296250840; -27.8905692997; 4.3055991067; -145.7584483118; 4.4470266532; -60.5501703969; 3.9413522623; -40.1262131692; 4.1785132749; -52.9694765885; 4.1772898480; -65.1743282011
304.00; 2.1300455694; -38.8037516458; 2.0127734558; -51.3857511904; 1.9954729223; 42.6133809558; 2.0334251206; 44.6998107189; 2.2326452241; -41.7668881493; 2.0205324254; 16.8025559582; 5.8316119971; -20.7203664874; 4.3010949394; -147.9288476513; 4.4479639805; -55.0668544823; 3.9452901531; -45.9203595673; 4.1769045455; -26.8752284201; 4.1785480874; -42.0874288932
304.50; 2.1321883911; -35.6691307426; 2.0100230965; -57.0883633246; 1.9941730444; 31.7176565025; 2.0321412701; 26.1525346988; 2.2314299027; -59.3234905708; 2.0204656127; 8.4997218747; 5.8336370020; -13.7906146023; 4.2960445959; -121.1127036228; 4.4486364894; -42.4278838700; 3.9491763927; -49.2433348360; 4.1751482453; 0.5137780112; 4.1797216671; -17.4752794288
305.00; 2.1342386518; -33.2872945364; 2.0070861112; -60.7495425706; 1.9929631852; 14.5219734736; 2.0309873274; 4.0291753792; 2.2301391343; -77.9528546819; 2.0203272420; 0.3641822055; 5.8357029909; -8.0564800810; 4.2905772774; -74.3482870325; 4.4490768654; -24.5453896918; 3.9529650817; -50.0256490692; 4.1733460564; 24.6729270608; 4.1808732938; 4.2722609546
305.50; 2.1361972055; -32.1482868508; 2.0039697654; -61.2801615109; 1.9917929608; -5.2253908408; 2.0298998922; -20.3595939801; 2.2287235174; -96.2148233617; 2.0200928441; -6.1619282277; 5.8378156391; -4.2617499712; 4.2848710223; -20.9389702937; 4.4493398642; -4.0071963741; 3.9566337007; -48.6156937279; 4.1715836126; 43.3323966754; 4.1820609140; 20.7866049007
306.00; 2.1380935897; -32.2826211399; 2.0006404365; -57.7316582821; 1.9905845990; -21.4561267843; 2.0287899494; -44.3660384248; 2.2271112074; -112.0073106374; 2.0197396430; -9.6187300743; 5.8400097205; -2.7236235999; 4.2790289244; 29.3137463027; 4.4494937935; 16.8759045500; 3.9602287323; -45.6351078954; 4.1698994156; 56.0503200532; 4.1833459372; 31.3953195311
306.50; 2.1399209181; -33.5200471310; 1.9971294494; -49.4901470989; 1.9892913926; -27.6189944350; 2.0275877113; -62.8435979516; 2.2252614138; -121.7904358313; 2.0192589069; -8.7123507726; 5.8422783778; -3.4112511139; 4.2732353888; 70.6621076134; 4.4496038552; 35.8479961728; 3.9637423035; -41.8298779729; 4.1683413700; 62.8159238407; 4.1847518904; 36.2765894188
307.00; 2.1416918960; -35.6525251443; 1.9934391217; -36.4452255106; 1.9878823666; -21.0090147076; 2.0262250135; -70.2111961649; 2.2231282767; -121.8870965769; 2.0186500364; -2.9446382015; 5.8446369958; -5.9442862648; 4.2675714088; 101.8398146269; 4.4497312897; 51.6104138688; 3.9672151627; -37.9016762705; 4.1669181208; 63.9259875581; 4.1863029533; 36.1859721480
307.50; 2.1433800562; -38.4813657950; 1.9896594509; -19.4477052293; 1.9863943653; -4.6926367665; 2.0246943200; -63.0529869500; 2.2207359675; -110.1732222253; 2.0179390397; 7.0387397304; 5.8470492296; -9.6542585533; 4.2621980100; 122.8435058421; 4.4499248234; 63.1227737726; 3.9706194841; -34.5147910310; 4.1656495940; 59.5170817792; 4.1879789308; 31.9552824812
308.00; 2.1450088627; -41.9672922545; 1.9857766291; 0.5297192290; 1.9848498113; 15.1047365289; 2.0229868964; -42.7116636129; 2.2180723723; -87.4055010156; 2.0171441093; 20.0308430287; 5.8495499840; -13.9020002235; 4.2570750767; 134.9562059866; 4.4502259632; 70.1726191292; 3.9740325928; -32.0747283662; 4.1644977102; 49.4297009846; 4.1897991267; 24.1559732546
308.50; 2.1465478680; -46.0738151917; 1.9819011254; 21.6494742618; 1.9833276793; 32.0874606203; 2.0211823118; -15.1132896581; 2.2152330320; -57.7481090155; 2.0163148891; 34.1755041361; 5.8520992528; -18.0363953473; 4.2522956782; 138.7105931949; 4.4506558555; 72.5376987130; 3.9774258196; -30.9232443344; 4.1634444387; 33.5826690701; 4.1917214322; 13.1898066186
309.00; 2.1479918240; -50.8878791130; 1.9780782235; 42.4353392284; 1.9818716508; 43.1630203671; 2.0193524286; 13.1057070969; 2.2122866969; -26.1047910931; 2.0154908239; 48.0326525349; 5.8547022430; -21.7034629501; 4.2478382950; 134.3885898865; 4.4512274879; 70.3052017476; 3.9808271215; -31.2080896563; 4.1624335150; 11.8631692027; 4.1937276682; -1.0549740821
309.50; 2.1492944989; -56.3623229973; 1.9744506463; 61.1384149086; 1.9805448710; 47.9152378984; 2.0176181122; 36.4931074217; 2.2093838387; 2.6174081469; 2.0147318718; 60.2178393301; 5.8572981736; -24.7015540378; 4.2437733215; 121.8872593092; 4.4519250807; 63.8261715734; 3.9841714138; -32.9422884828; 4.1614170552; -14.4872284284; 4.1957383069; -18.2311092810
310.00; 2.1504493571; -62.4952617739; 1.9710393722; 76.9666373758; 1.9793476644; 48.0812835676; 2.0160307563; 53.1103981691; 2.2065768845; 26.1449386998; 2.0140687045; 70.1949222140; 5.8599073461; -27.1070403040; 4.2400138735; 100.5232592240; 4.4527381357; 53.6367506004; 3.9874918278; -36.0416176674; 4.1603015721; -43.4120303682; 4.1977256547; -37.9575161276
310.50; 2.1514292039; -68.9922861792; 1.9679049846; 89.1596457549; 1.9782842585; 46.0180730963; 2.0146443058; 62.6304455490; 2.2039412279; 43.2633854618; 2.0135358045; 77.5547708740; 5.8625166828; -28.9822224153; 4.2365021503; 69.7499623544; 4.4536357915; 40.7860911868; 3.9907716748; -40.2904293571; 4.1589993640; -70.4766992282; 4.1996266921; -58.2183049360
311.00; 2.1522059546; -75.2246336692; 1.9650956967; 97.1884486051; 1.9773513744; 44.0107589559; 2.0134902414; 65.7156816691; 2.2015325438; 53.7467105546; 2.0131594991; 82.1347415930; 5.8651136836; -30.3082184682; 4.2331512982; 29.8839469816; 4.4545784779; 26.7268444976; 3.9939896012; -45.3209087692; 4.1574295743; -89.5559487636; 4.2013756091; -75.2316601754
311.50; 2.1527605689; -80.3019705916; 1.9626176095; 100.7841592650; 1.9765359642; 43.5562307167; 2.0125683919; 63.3559507575; 2.1993618124; 57.9889204217; 2.0129541063; 83.8083852034; 5.8677135466; -31.0202129527; 4.2298115910; -16.9682729235; 4.4555325077; 13.2011759081; 3.9971541766; -50.7062599682; 4.1555199233; -94.9307434075; 4.2029329666; -84.4002815980
312.00; 2.1530700188; -83.1251890948; 1.9604954426; 99.7790379962; 1.9758401679; 45.0393005341; 2.0118748804; 56.4416217735; 2.1974494542; 56.5030785948; 2.0129293116; 82.4720203577; 5.8703013477; -31.0303944860; 4.2263516565; -64.3814963943; 4.4564545395; 2.4162048129; 4.0002336308; -55.8564483746; 4.1532609691; -83.7025704995; 4.2042615490; -81.9483848972
312.50; 2.1531216234; -82.8419777449; 1.9587450188; 94.3218099620; 1.9752733314; 47.6575680355; 2.0113922283; 45.7468552222; 2.1958047073; 50.0006668357; 2.0130837510; 78.0932796405; 5.8728514260; -30.4555535787; 4.2226557248; -101.3939408778; 4.4573057665; -3.3909629590; 4.0031827133; -60.1114370636; 4.1507099979; -57.8999566850; 4.2053548236; -67.4083357828
313.00; 2.1529188639; -79.2413816456; 1.9573394475; 84.9052153891; 1.9748383046; 49.7439409932; 2.0110819282; 31.9587794131; 2.1943961721; 39.2407441509; 2.0134066139; 70.7101839302; 5.8753741011; -29.7038662345; 4.2185928753; -116.7250641179; 4.4580752670; -2.5717976844; 4.0059998826; -62.9302459548; 4.1479393701; -23.0408164905; 4.2062599759; -43.9010871884
313.50; 2.1524752184; -72.7866429307; 1.9562368218; 72.4090607597; 1.9745350883; 49.1449679063; 2.0108961484; 15.6816558231; 2.1931764894; 24.9383517006; 2.0138805891; 60.5033944431; 5.8778887708; -29.3765587199; 4.2140809484; -104.3370605137; 4.4587750626; 5.5654282748; 4.0086969940; -63.9312029948; 4.1450378779; 14.5543187818; 4.2070524813; -16.4261953162
314.00; 2.1518262769; -64.5589303315; 1.9554141284; 58.5452299546; 1.9743625534; 43.7321493484; 2.0107845275; -1.9093777084; 2.1921193997; 8.2501603965; 2.0144679304; 48.3759312474; 5.8803485228; -30.1619824335; 4.2092384255; -68.2359158205; 4.4594218948; 20.0496730168; 4.0112220203; -62.9464271049; 4.1421765862; 49.0223590397; 4.2077980000; 9.5755763982
314.50; 2.1510036636; -55.4994094748; 1.9548165723; 45.1049676760; 1.9742965191; 31.8968994063; 2.0106880376; -19.7473079372; 2.1911611352; -9.7541614036; 2.0151366849; 35.5362226628; 5.8827651237; -32.5458058997; 4.2041450430; -19.2643295491; 4.4600697089; 38.6739140198; 4.0135959579; -60.1189624045; 4.1394450603; 77.6591969707; 4.2085766360; 31.0016848322
315.00; 2.1500368081; -46.2928970902; 1.9543922867; 33.9166819769; 1.9742937309; 13.0812892239; 2.0105471050; -36.4997051677; 2.1902320495; -27.5534524723; 2.0158563878; 23.6146953372; 5.8851533376; -36.7222817726; 4.1988982354; 31.3572967932; 4.4607877251; 58.5524294099; 4.0158519383; -55.7929769185; 4.1369064257; 99.4752503304; 4.2094569512; 46.4660347690
315.50; 2.1489743573; -37.5051914028; 1.9541080045; 26.7572499970; 1.9742900007; -10.5150528375; 2.0103085611; -49.9784857944; 2.1892830807; -42.2551354039; 2.0165850941; 14.7147633638; 5.8874721862; -42.4821964102; 4.1937079745; 75.1793282769; 4.4616345235; 76.4659583436; 4.0179794666; -50.5393257784; 4.1346570289; 113.9024930958; 4.2104713123; 55.5185515403
316.00; 2.1478423515; -29.2659931350; 1.9539368107; 24.4797262681; 1.9742061716; -33.8055410981; 2.0099256820; -58.0651309395; 2.1882550895; -50.4736793802; 2.0173051357; 10.3524996267; 5.8897244743; -49.2675647257; 4.1886560534; 109.1645173765; 4.4626789453; 90.3282343739; 4.0200164667; -44.8715736373; 4.1327206044; 121.1445741238; 4.2116522836; 58.7861289366
316.50; 2.1466869576; -21.8562919400; 1.9538734580; 27.0436747901; 1.9739662529; -48.8522375483; 2.0093757457; -58.8365339358; 2.1871300185; -48.9705987050; 2.0179981003; 11.1190199034; 5.8918623080; -56.0769460887; 4.1839003107; 132.3640501560; 4.4639569503; 98.6342921866; 4.0219585511; -39.3819552166; 4.1311416253; 121.1651359523; 4.2129920425; 57.0324847669
317.00; 2.1455415889; -15.4716153100; 1.9539269977; 33.3920417337; 1.9735221091; -49.4374240311; 2.0086578019; -51.9450788046; 2.1859128787; -36.8078986005; 2.0186676411; 16.2171136713; 5.8938567449; -61.8478058226; 4.1795227773; 145.4921721517; 4.4654930370; 100.8437338122; 4.0238175759; -34.5197224732; 4.1299231954; 113.9419281498; 4.2144760120; 51.0949076299
317.50; 2.1444220110; -10.2907757301; 1.9541200933; 41.9124364170; 1.9728674300; -35.2058858331; 2.0077873161; -39.0830905639; 2.1846284691; -16.0395802684; 2.0193385475; 23.9513794215; 5.8957044476; -65.7306158551; 4.1755259861; 149.5581988432; 4.4673095587; 96.9603828267; 4.0256238248; -30.5626736976; 4.1290321499; 99.3624835270; 4.2160942676; 41.4765185100
318.00; 2.1433447002; -6.6136684031; 1.9544837038; 50.8085542666; 1.9720440647; -11.7596580011; 2.0068011871; -23.3261367146; 2.1833342503; 8.9841975292; 2.0200404971; 32.3494836750; 5.8973963493; -67.1475147998; 4.1719112814; 145.1136191901; 4.4694041639; 87.2446551418; 4.0273942063; -27.7161645871; 4.1284216439; 77.5431388517; 4.2178199919; 28.3652816931
318.50; 2.1423312383; -4.8516767330; 1.9550460202; 58.4311748420; 1.9711321449; 13.0662909046; 2.0057559380; -8.0118383478; 2.1821147789; 33.2868867580; 2.0207978103; 39.6733644258; 5.8989128127; -65.9695756925; 4.1686935159; 132.3252653008; 4.4717340031; 72.3024495119; 4.0291227816; -26.1195836267; 4.1280291725; 49.5741763492; 4.2195980970; 11.9094905507
319.00; 2.1413879807; -5.3955414426; 1.9558317846; 63.6635518596; 1.9702116136; 33.7399866036; 2.0047005247; 4.7507057749; 2.1810435083; 53.2974566378; 2.0216358091; 44.8400466529; 5.9002544057; -62.4849764917; 4.1658364331; 111.1542343672; 4.4742523214; 53.0267739376; 4.0308113199; -25.7877328014; 4.1277679310; 17.7322927866; 4.2213749482; -7.5350766114
319.50; 2.1405097016; -8.5134330702; 1.9568589623; 65.8742520927; 1.9693468510; 48.1701268463; 2.0036728546; 14.1794181979; 2.1801773511; 67.1861799421; 2.0225752308; 47.3694602400; 5.9014327424; -57.1856891443; 4.1632703251; 81.5795440536; 4.4769055587; 30.6141090388; 4.0324620998; -26.6396108846; 4.1275384979; -14.1250057719; 4.2230931068; -28.6083798621
320.00; 2.1396816220; -14.1671154077; 1.9581356421; 64.7853569999; 1.9685824763; 56.8368074897; 2.0027001140; 20.3485716485; 2.1795546006; 74.4262043863; 2.0236290341; 47.0285020674; 5.9024648102; -50.5310043784; 4.1609003124; 43.7622597420; 4.4796313125; 6.6618943706; 4.0340738104; -28.4859724995; 4.1272416957; -40.6540634600; 4.2246904912; -48.2488600779
320.50; 2.1388867846; -21.6993057995; 1.9596471933; 60.3609726414; 1.9679509901; 61.4862436088; 2.0018072423; 23.6634855928; 2.1791978875; 75.2503694643; 2.0247921600; 43.8447579602; 5.9033631333; -42.9104224276; 4.1586263306; -0.6060152036; 4.4823394185; -16.6074345064; 4.0356284469; -31.0191014911; 4.1267979140; -55.9813903794; 4.2260961533; -61.8531452923
321.00; 2.1380895181; -29.7984923705; 1.9613884942; 52.6576191866; 1.9674615742; 64.2595047240; 2.0009962597; 24.6274097468; 2.1791029867; 70.3440845197; 2.0260674137; 37.9244098624; 5.9041575993; -34.4591059049; 4.1562928480; -47.5671871818; 4.4849824333; -37.1779645746; 4.0371296528; -33.8564958020; 4.1261566602; -56.4982276037; 4.2272797843; -65.2443639432
321.50; 2.1372601044; -36.3915016838; 1.9633293679; 41.8676861348; 1.9671232022; 66.8517021020; 2.0002703034; 23.6469844174; 2.1792518759; 60.5529057680; 2.0274383839; 29.4187126465; 5.9048719651; -25.4062399876; 4.1537573831; -89.6542806267; 4.4874959095; -52.9308847805; 4.0385656141; -36.5227261883; 4.1253174765; -42.3263474812; 4.2282287564; -56.4923310820
322.00; 2.1363770410; -39.1834227002; 1.9654232870; 28.3476649514; 1.9669439312; 70.1082703205; 1.9996278575; 21.0214771528; 2.1796101691; 46.8610190370; 2.0288766924; 18.5368992628; 5.9055303117; -16.1397239592; 4.1508991544; -117.0492709147; 4.4898244498; -62.2783908548; 4.0399218632; -38.5222937219; 4.1243284952; -17.6479469895; 4.2289659768; -37.3508151526
322.50; 2.1354239667; -36.6234957098; 1.9676361270; 12.5010226436; 1.9669310188; 73.8609198045; 1.9990551554; 16.9158195466; 2.1801346874; 30.1540906051; 2.0303614886; 5.4783786291; 5.9061645615; -7.1206083293; 4.1476124907; -121.9628214082; 4.4919576752; -64.6809405001; 4.0412008342; -39.4475737688; 4.1232606063; 11.5798122179; 4.2295544110; -12.1777938621
323.00; 2.1344168825; -28.6241169496; 1.9698971448; -4.8027996966; 1.9670939813; 76.9240371705; 1.9985419214; 11.5625749123; 2.1807672380; 11.5120554722; 2.0318455069; -9.1823252065; 5.9067970976; 0.9574392067; 4.1439021651; -103.0265190268; 4.4938769772; -60.6201369355; 4.0423909046; -39.0242158686; 4.1222124205; 39.5247066604; 4.2300659672; 13.7140392717
323.50; 2.1333846227; -16.6189079452; 1.9721482197; -22.5376683029; 1.9674393929; 77.4395933373; 1.9980692750; 5.2527007745; 2.1814477105; -8.1236170909; 2.0332880251; -24.6111353973; 5.9074524480; 7.4370947115; 4.1398208086; -66.7387694319; 4.4956011240; -51.6603886339; 4.0434951783; -37.2098797137; 4.1212701675; 62.4952954262; 4.2305790317; 36.3669549293
324.00; 2.1323758930; -2.9281197801; 1.9743195824; -39.3751836044; 1.9679639804; 73.2613155736; 1.9976176506; -1.5441750004; 2.1821100759; -27.5869855634; 2.0346389558; -39.4356605580; 5.9081470368; 11.8612943019; 4.1354933180; -23.4440351911; 4.4971558400; -40.1335309203; 4.0445160497; -34.1817526939; 4.1205088143; 78.6854427008; 4.2311587752; 53.4589829702
324.50; 2.1314479874; 10.1547911635; 1.9763405573; -53.8812318506; 1.9686470875; 62.5404004146; 1.9971670456; -8.1268465603; 2.1826878835; -45.2217538309; 2.0358473810; -51.8360768769; 5.9088889039; 14.1285518217; 4.1310777247; 17.8944092275; 4.4985720856; -28.4114639713; 4.0454579933; -30.2977893139; 4.1199823441; 87.6650441306; 4.2318506487; 64.2084294857
325.00; 2.1306490100; 21.0559540496; 1.9781642786; -64.9711207789; 1.9694513400; 44.4272550148; 1.9966952726; -13.5447399304; 2.1831255892; -58.7161463617; 2.0368791429; -60.0363386264; 5.9096841756; 14.5428135985; 4.1266955359; 52.3844591082; 4.4998917281; -18.2834044691; 4.0463352622; -25.9815627804; 4.1197165485; 89.7221553151; 4.2326840923; 68.9149962680
325.50; 2.1300120180; 29.0476425068; 1.9797732706; -72.1118944508; 1.9703257533; 19.9024806046; 1.9961791128; -16.8419756114; 2.1833844207; -65.4103768947; 2.0377219868; -62.8450512396; 5.9105418051; 13.7377076262; 4.1224027856; 78.5489262468; 4.5011637562; -10.7451405220; 4.0471718058; -21.6084479079; 4.1197147461; 85.2417427580; 4.2336794852; 68.3267659371
326.00; 2.1295736139; 33.7421324319; 1.9811301543; -75.2159987134; 1.9711842005; -6.3655556027; 1.9956117900; -17.1265755973; 2.1834400150; -63.0601233105; 2.0383612991; -59.9821401554; 5.9114511366; 12.6263641419; 4.1183146256; 96.0324178850; 4.5024029355; -6.4015086521; 4.0479746517; -17.6202090010; 4.1199632678; 74.5305360157; 4.2348239126; 63.2293805556
326.50; 2.1293529138; 35.1421592634; 1.9822219615; -74.7871354479; 1.9719406603; -26.6238664917; 1.9949941284; -14.3453656096; 2.1832996796; -51.4715675456; 2.0388057287; -52.3708564399; 5.9124043018; 12.0841190936; 4.1144973505; 105.3578901747; 4.5036199577; -5.3165897749; 4.0487536555; -14.3603443764; 4.1204267495; 57.8222273110; 4.2360946784; 54.3421492965
327.00; 2.1293549082; 33.3987844323; 1.9830477490; -71.7212980808; 1.9725288244; -33.1480117265; 1.9943385805; -9.0008748651; 2.1830016278; -32.9472659614; 2.0390788482; -41.7232016920; 5.9133926821; 12.7035356621; 4.1109992943; 107.0710731340; 4.5048120919; -7.3725948197; 4.0495142878; -12.1014652087; 4.1210486752; 35.4845102936; 4.2374543779; 42.1857091791
327.50; 2.1295727333; 28.6136246413; 1.9836378915; -66.9218607207; 1.9729426213; -23.2250697517; 1.9936479879; -1.8972096318; 2.1825977992; -10.8075843945; 2.0392207376; -29.5867581808; 5.9144383183; 14.7118398514; 4.1077513073; 101.4762918746; 4.5059987714; -12.3828956651; 4.0502791752; -10.9719083119; 4.1217721044; 7.5482543642; 4.2388934632; 26.7010083014
328.00; 2.1299944448; 20.7898341908; 1.9840154402; -61.1585101166; 1.9732194231; -0.5727729519; 1.9929347116; 6.0077176317; 2.1821508880; 11.4368585025; 2.0392700759; -17.2863934932; 5.9155622449; 17.9443196469; 4.1046957792; 88.3291485745; 4.5071809036; -19.9778718706; 4.0510615954; -11.0847385577; 4.1225208940; -25.2323952669; 4.2403851753; 7.8299210155
328.50; 2.1305810857; 10.2273689970; 1.9841899969; -55.1926518842; 1.9734252921; 26.2429615922; 1.9922415395; 13.6698928762; 2.1817414398; 30.3863435526; 2.0392633372; -6.1623557529; 5.9167456632; 21.8938859971; 4.1018741695; 67.7291420890; 4.5083044595; -29.1785712011; 4.0518399204; -12.4586983963; 4.1231744575; -59.3781307901; 4.2418345416; -13.0267375378
329.00; 2.1313011463; -3.0638770436; 1.9841850475; -49.3449970428; 1.9736515124; 50.3596120273; 1.9915821141; 20.5064758549; 2.1814231112; 44.8077408303; 2.0392352352; 3.3555241025; 5.9180184535; 26.1882208867; 4.0991828298; 39.3968116236; 4.5093571035; -39.2179927519; 4.0526200385; -15.0206784771; 4.1236357768; -90.9050065086; 4.2432001890; -33.7567923538
329.50; 2.1320942423; -18.4539066157; 1.9840204790; -43.9490483434; 1.9739745315; 67.5584478868; 1.9909868045; 26.0469638370; 2.1812458453; 53.9667030230; 2.0392157095; 10.7993839765; 5.9193765656; 30.4464770791; 4.0965738389; 4.6091989874; 4.5102925070; -48.7160246151; 4.0533817082; -18.5116255446; 4.1238002248; -113.5362817673; 4.2444014331; -50.0964034618
330.00; 2.1329078957; -35.1673139437; 1.9837132763; -39.1462665791; 1.9744550254; 77.4160648798; 1.9904678389; 30.2245810070; 2.1812373076; 58.0446605939; 2.0392277794; 16.0389567842; 5.9208447478; 34.5262422570; 4.0939194356; -34.2095686147; 4.5110882218; -56.3581423166; 4.0541188590; -22.6285731171; 4.1235987240; -122.0778666109; 4.2454003763; -57.7040527543
330.50; 2.1336712868; -51.6709354531; 1.9832819210; -35.1615918178; 1.9751234513; 81.2741458878; 1.9900425378; 32.9345149432; 2.1814108667; 57.3762525964; 2.0392875336; 18.8794854188; 5.9224235837; 38.2541714646; 4.0911237033; -71.3251742674; 4.5117130076; -60.6666700907; 4.0548109978; -26.9132190041; 4.1230065813; -114.1294342023; 4.2461681267; -53.6939011212
331.00; 2.1343205054; -65.9255880810; 1.9827401782; -32.2019538202; 1.9759935758; 81.4807001856; 1.9897193085; 34.1642179081; 2.1817640908; 52.5102794985; 2.0394034048; 19.1947024190; 5.9241230935; 41.3536323940; 4.0880764207; -98.5874635260; 4.5121528001; -60.4253833335; 4.0554430077; -30.9157768687; 4.1220509955; -91.8683041710; 4.2467206321; -38.6211245647
331.50; 2.1348037045; -75.7954509538; 1.9820946765; -30.4580531462; 1.9770728010; 80.3268827732; 1.9895001953; 33.8452945455; 2.1822838853; 44.0562151176; 2.0395767209; 16.9089890387; 5.9259619645; 43.3553455808; 4.0846788201; -107.8303383061; 4.5124101628; -54.8598173073; 4.0560046339; -34.2329351466; 4.1207974155; -60.6784381243; 4.2471112196; -16.1480387822
332.00; 2.1350828507; -79.6811178563; 1.9813476236; -30.0854736116; 1.9783644491; 79.4410479080; 1.9893838115; 31.8397513845; 2.1829469450; 32.6699997827; 2.0398010265; 12.0471596385; 5.9279545367; 43.6279048158; 4.0808888764; -94.8802985220; 4.5125022087; -43.9074995823; 4.0564865601; -36.5508288625; 4.1193378356; -26.6689403220; 4.2474139259; 8.6728595050
332.50; 2.1351395390; -77.2633104316; 1.9804987274; -31.1205040735; 1.9798685990; 79.4455092793; 1.9893646104; 27.9542518482; 2.1837191267; 19.0736877575; 2.0400612276; 4.9208174887; 5.9301032636; 41.5345688901; 4.0767452336; -62.5872265932; 4.5124616747; -28.4127425796; 4.0568805061; -37.6942537522; 4.1177775200; 5.2784049208; 4.2477082141; 31.4137569654
333.00; 2.1349785909; -69.7792324408; 1.9795432435; -33.3660396534; 1.9815870614; 79.8652834157; 1.9894311736; 21.9777290512; 2.1845589596; 4.0967680570; 2.0403348928; -3.6539255385; 5.9324024464; 36.6684102718; 4.0723482730; -19.3230297670; 4.5123357402; -10.0987818827; 4.0571819086; -37.6345206217; 4.1162163154; 32.3322241839; 4.2480667733; 49.2627783896
333.50; 2.1346263145; -59.5073666058; 1.9784815280; -36.2277230548; 1.9835059949; 79.2965434313; 1.9895644936; 13.8363830563; 2.1854128103; -10.9816582370; 2.0405923775; -12.1389563532; 5.9348164238; 29.0398897228; 4.0678727847; 25.3015152574; 4.5121819872; 8.7001647000; 4.0573879525; -36.5106299715; 4.1147528238; 53.1118057028; 4.2485430230; 60.9220344259
334.00; 2.1341183061; -48.6727690844; 1.9773011510; -38.7288382414; 1.9856277061; 75.8333045669; 1.9897393791; 3.6020300359; 2.1862363769; -24.3941158311; 2.0408072061; -18.5499514652; 5.9373273806; 19.0796722999; 4.0634469447; 64.9259692058; 4.5120581724; 26.0142347145; 4.0575029819; -34.5678264403; 4.1134480450; 67.4964041601; 4.2491747451; 66.4586892523
334.50; 2.1334957998; -38.9499556019; 1.9759986068; -39.5609234010; 1.9879321550; 67.5220690062; 1.9899230859; -8.2074760769; 2.1869856208; -33.4980774148; 2.0409577675; -20.8987974598; 5.9398947566; 7.7135146902; 4.0592104682; 96.2491070184; 4.5120178836; 40.2537917833; 4.0575332562; -32.1200954074; 4.1123512043; 75.5515393640; 4.2499764817; 66.4668671032
335.00; 2.1327958671; -31.2013646994; 1.9745745286; -37.3852123260; 1.9903880861; 52.9622447476; 1.9900783476; -20.3851894991; 2.1876324441; -35.4109519956; 2.0410356217; -17.9511145300; 5.9424792535; -3.8781800742; 4.0552658132; 118.4068092711; 4.5121040550; 50.5756430896; 4.0574874373; -29.4962637118; 4.1114877104; 77.3394798878; 4.2509461058; 61.7786702699
335.50; 2.1320447846; -25.6464878232; 1.9730324861; -31.2012194645; 1.9929587391; 31.8939378544; 1.9901677755; -31.1127580298; 2.1881752972; -28.3057951785; 2.0410490400; -9.7076930256; 5.9450557475; -14.5090214649; 4.0516641201; 131.6574160188; 4.5123473360; 56.6237843911; 4.0573746655; -26.9881647059; 4.1108582276; 72.7643318898; 4.2520724223; 53.1360347348
336.00; 2.1312635871; -22.2021455968; 1.9713959206; -20.6779199299; 1.9955778678; 6.2329557275; 1.9901580534; -38.1810657143; 2.1886383656; -12.6619907109; 2.0410220335; 2.5682371578; 5.9475919492; -23.1881974468; 4.0484453236; 136.3800351418; 4.5127644561; 58.3109070949; 4.0572038518; -24.8722886519; 4.1104473668; 61.6296204933; 4.2533287438; 41.0428132023
336.50; 2.1304509437; -20.6167167682; 1.9696730058; -6.1020493623; 1.9982135944; -19.9281010050; 1.9900264419; -39.6045499095; 2.1890811276; 8.9627835743; 2.0409903487; 17.0862623001; 5.9501079573; -29.3770849060; 4.0455675463; 132.8961150580; 4.5133673070; 55.7324015052; 4.0569791369; -23.3224838141; 4.1102132454; 43.6194087802; 4.2547022520; 25.4491687581
337.00; 2.1296156074; -20.7249686652; 1.9679224829; 11.2927540624; 2.0007750249; -39.9429446759; 1.9897681362; -34.4178614487; 2.1895721570; 32.3487788731; 2.0409972855; 31.6957840119; 5.9525753867; -32.9790398497; 4.0430363265; 121.1673098941; 4.5141452428; 49.1472174901; 4.0567065227; -22.5181543034; 4.1101017505; 19.3649999604; 4.2561422107; 6.4567669451
337.50; 2.1287701150; -22.4026851233; 1.9662351956; 29.6261863679; 2.0031603087; -47.9390936466; 1.9894043730; -23.3815840301; 2.1901792844; 53.2825020911; 2.0410857932; 44.5298462027; 5.9549438682; -34.2850676800; 4.0408586596; 101.4045081688; 4.5150624760; 39.1846445073; 4.0563936756; -22.5652568342; 4.1100385572; -8.5896676345; 4.2575689366; -15.0156611019
338.00; 2.1278906865; -25.6390685841; 1.9646449495; 47.6509351609; 2.0053930323; -43.1875766507; 1.9889641442; -8.1969419281; 2.1909833460; 69.5732913545; 2.0412956162; 54.7949849076; 5.9572555534; -33.9200690755; 4.0389340405; 73.4073904228; 4.5161023673; 26.5142920004; 4.0560349941; -23.4795813955; 4.1099337468; -36.5726806296; 4.2589456850; -37.5654236709
338.50; 2.1269798789; -30.3694010170; 1.9632458887; 63.7222728188; 2.0074498485; -30.2194254639; 1.9885047550; 8.4849080584; 2.1920233686; 79.6283981155; 2.0416525425; 61.7861257027; 5.9594688562; -32.5172125099; 4.0372152501; 38.5915914293; 4.5172025255; 12.6224076326; 4.0556347644; -25.1500047884; 4.1097010636; -57.9624438250; 4.2601801057; -57.2709374498
339.00; 2.1260065603; -36.6121125036; 1.9620778950; 77.1259160949; 2.0094011177; -15.5772496711; 1.9880750460; 24.8577050623; 2.1933457177; 83.2661756074; 2.0421800647; 65.4348292733; 5.9616157756; -30.5490327729; 4.0355758066; -1.1470005621; 4.5183287252; -1.0480295890; 4.0551832999; -27.4083058350; 4.1092699874; -66.6586247734; 4.2612298617; -69.7898370874
339.50; 2.1249568300; -44.0895061141; 1.9612018711; 87.1529572796; 2.0112729817; -4.5259084807; 1.9877333914; 39.3283915227; 2.1949469199; 80.6933428345; 2.0428801467; 65.7036008823; 5.9636765090; -28.3933791747; 4.0339161503; -40.9231218196; 4.5194203555; -12.5042770565; 4.0546794716; -29.9412954044; 4.1086185479; -58.8004093951; 4.2620479461; -71.2583973902
340.00; 2.1237826925; -52.4011155459; 1.9606383166; 93.6849221170; 2.0131345206; 1.1483925596; 1.9875216445; 51.2690416641; 2.1968462701; 72.4409594429; 2.0437623515; 62.6700842253; 5.9656916396; -26.3381817047; 4.0320887958; -74.6999927256; 4.5204551479; -20.3096028021; 4.0541073609; -32.4424886793; 4.1077606598; -35.1846757327; 4.2626479589; -60.9236620660
340.50; 2.1224552278; -60.5197475482; 1.9604133717; 96.5529002626; 2.0149978596; 2.0073933106; 1.9874806105; 60.1194416171; 2.1990112806; 59.2812374712; 2.0448113200; 56.4456223946; 5.9676580209; -24.7407663724; 4.0300002962; -94.5823015939; 4.5213996189; -23.2941617825; 4.0534617581; -34.5288418438; 4.1067733373; -1.1193540617; 4.2630632360; -41.5879736767
341.00; 2.1209362368; -66.9817167053; 1.9605361222; 95.7256818850; 2.0168743715; 0.1817478187; 1.9876399542; 65.5194443014; 2.2014094874; 42.1149007829; 2.0460092501; 47.1853629809; 5.9695873463; -23.9642848439; 4.0275844966; -94.9799079102; 4.5222437970; -21.1228570092; 4.0527339762; -35.8766568043; 4.1057596315; 36.5217465900; 4.2633597725; -18.1330573844
341.50; 2.1191988835; -70.0747181771; 1.9610033169; 91.2379235445; 2.0187588992; -1.8566232008; 1.9880185151; 67.0572888560; 2.2039870740; 22.0708100902; 2.0473249189; 35.2377262449; 5.9714810622; -24.3528281242; 4.0248437853; -75.7931337343; 4.5229905500; -14.4070114653; 4.0519202455; -36.2519913921; 4.1048378366; 71.7235730845; 4.2636144574; 4.5363544713
342.00; 2.1172207853; -68.4774883877; 1.9618008924; 83.2328046526; 2.0206534631; -2.0716413554; 1.9886247471; 64.2320068706; 2.2066926578; 0.2858700426; 2.0487248791; 21.2022469969; 5.9733456791; -26.0859096975; 4.0218286619; -42.9278099868; 4.5236608607; -4.6001249198; 4.0510162003; -35.5661946285; 4.1041148585; 100.8597559608; 4.2639025564; 23.1058701883
342.50; 2.1150012595; -61.8306779224; 1.9629018721; 72.0969216672; 2.0225598345; 0.4959027719; 1.9894529870; 56.4813506617; 2.2094621454; -21.9372954031; 2.0501657806; 6.1655780393; 5.9751781337; -29.0750008901; 4.0186390374; -5.0751832014; 4.5242835860; 6.3609756350; 4.0500230041; -33.8801674162; 4.1036820980; 122.2596726381; 4.2642854392; 35.9177165051
343.00; 2.1125902121; -51.1044324612; 1.9642514506; 58.7770635979; 2.0244615633; 5.5579767953; 1.9904696221; 43.4014116833; 2.2121915051; -42.7882891370; 2.0515812815; -8.0594458437; 5.9769464719; -32.8670926674; 4.0154344206; 29.9607368886; 4.5248831969; 16.4677984800; 4.0489592873; -31.4237109277; 4.1036110519; 135.3965905898; 4.2648000246; 42.5523707328
343.50; 2.1100269888; -38.0097425233; 1.9657988221; 44.5332996105; 2.0263730337; 11.7704401630; 1.9916332969; 24.9563149840; 2.2148152959; -60.2526173431; 2.0529256203; -19.5773874791; 5.9786394238; -36.7342245662; 4.0123255809; 58.1662633785; 4.5254895956; 24.3271823312; 4.0478346130; -28.5029586667; 4.1039392595; 140.6258201030; 4.2654670982; 43.5558007292
344.00; 2.1073305879; -24.2356019219; 1.9675083395; 30.8030090168; 2.0283336356; 17.2620630385; 1.9928999167; 1.7828197885; 2.2173080059; -72.0955850822; 2.0541765953; -26.8574266975; 5.9802645648; -39.8211003889; 4.0093664135; 78.4197453795; 4.5261326398; 29.1892491902; 4.0466472734; -25.4200706297; 4.1046847671; 138.3897461977; 4.2662976015; 39.7851233162
344.50; 2.1045377745; -11.2021260549; 1.9693383240; 19.2527672326; 2.0303689430; 19.9090421340; 1.9942046696; -23.8637351315; 2.2196437178; -76.0733178310; 2.0553157478; -29.0788505055; 5.9818207458; -41.2074646364; 4.0066068651; 90.7029706298; 4.5268294217; 30.7032592393; 4.0454027103; -22.5092373194; 4.1058450050; 128.8554565309; 4.2672850891; 32.0385725217
345.00; 2.1017170888; 0.0553703407; 1.9712326657; 11.4176721397; 2.0324710173; 17.7780924600; 1.9954592086; -47.3857465989; 2.2217921602; -71.2056518268; 2.0563260465; -26.5539470372; 5.9832932154; -40.1719438269; 4.0041060537; 95.3347860115; 4.5275781159; 28.8087268733; 4.0441211778; -20.0977911835; 4.1073814050; 112.1267525168; 4.2683990599; 20.9880478450
345.50; 2.0989050444; 9.0727542556; 1.9731653356; 8.0125917394; 2.0346361736; 9.6508738384; 1.9965938251; -63.0830618915; 2.2237730282; -58.7757025620; 2.0572159276; -20.6329793931; 5.9846897381; -36.4620333631; 4.0018730456; 92.7478001022; 4.5283725244; 23.6468278893; 4.0428099957; -18.4355935686; 4.1092429892; 88.2490127438; 4.2696078282; 6.9473500252
346.00; 2.0961476899; 15.6217631278; 1.9751141158; 8.8142949092; 2.0368288550; -4.3232297348; 1.9975562580; -65.8888214142; 2.2256175132; -42.0439540142; 2.0579986120; -13.1002316893; 5.9860178869; -30.3620169459; 3.9999084745; 83.2235824369; 4.5291910988; 15.5225872600; 4.0414823883; -17.7167026757; 4.1113449224; 57.8103872330; 4.2708631774; -9.8984275989
346.50; 2.0934600197; 19.6694631767; 1.9770872888; 12.7236581276; 2.0390128884; -21.9651378198; 1.9983429806; -54.1064040032; 2.2273859504; -24.7060072400; 2.0586988977; -5.4936181198; 5.9873036875; -22.5442376574; 3.9981746350; 66.9199258571; 4.5300091663; 4.8544409304; 4.0401381440; -18.0515793184; 4.1135971653; 22.1810373028; 4.2721180668; -29.3163206467
347.00; 2.0908716713; 21.1711055179; 1.9790869880; 18.1286201852; 2.0411220659; -38.5537318416; 1.9989885074; -30.3812755207; 2.2291247795; -9.8608553896; 2.0593351218; 1.0829469444; 5.9885669065; -13.8899038343; 3.9966291307; 44.2347022077; 4.5307868216; -7.6262036466; 4.0387854093; -19.4453492311; 4.1158743017; -15.3544211123; 4.2733067561; -49.9673611039
347.50; 2.0883471012; 20.0304008704; 1.9811641409; 23.5083222710; 2.0431393660; -48.7637747015; 1.9995789338; 0.3422165305; 2.2309105419; 0.9325253986; 2.0599361737; 6.1580153267; 5.9898571317; -5.0385306996; 3.9951764480; 15.5742994857; 4.5314949637; -21.1368844652; 4.0373995148; -21.8360371605; 4.1180934275; -50.3206283284; 4.2743850597; -69.4913540637
348.00; 2.0859306420; 16.1073464870; 1.9832976412; 27.4912491649; 2.0449963652; -49.0246478246; 2.0001998444; 31.8360976170; 2.2327446043; 6.7548082717; 2.0605044244; 9.4075066706; 5.9911790238; 3.2615242921; 3.9937558913; -16.8288398601; 4.5320756190; -34.1052164473; 4.0360006258; -24.9719352508; 4.1201015792; -75.6936293080; 4.2752732114; -83.4064023817
348.50; 2.0835919688; 9.2450035416; 1.9855143426; 29.3408125445; 2.0467074394; -40.6626247067; 2.0009542975; 60.0891157011; 2.2346580231; 7.6914425036; 2.0610519113; 10.8623498813; 5.9925679364; 10.7153139523; 3.9922581310; -50.0983513088; 4.5324904475; -45.0776056835; 4.0345709079; -28.5556703634; 4.1218318824; -86.2465501630; 4.2759360710; -87.6936450378
349.00; 2.0813150723; -0.5116351161; 1.9878107643; 28.7336832067; 2.0482950959; -28.6473701439; 2.0019272399; 82.6036553175; 2.2366465893; 4.1331204905; 2.0615792963; 10.5857489086; 5.9940417843; 17.0597175518; 3.9905873666; -79.4391614588; 4.5327022908; -52.4928084041; 4.0331055795; -32.1659483580; 4.1232443399; -80.2215655364; 4.2763602035; -80.3796008903
349.50; 2.0790707199; -12.7234505426; 1.9901760176; 25.6814778290; 2.0497953228; -18.1127127333; 2.0031839364; 98.4275208175; 2.2386927916; -3.3057885800; 2.0620826845; 8.6724887441; 5.9956149877; 22.0267249464; 3.9886606699; -98.8758163248; 4.5326873996; -55.1060695877; 4.0315984514; -35.3506564071; 4.1243549525; -60.7035546353; 4.2765706712; -63.0608978416
350.00; 2.0767620850; -26.6893239213; 1.9926526050; 20.2876097874; 2.0512779041; -11.6680429958; 2.0048030881; 107.7015625968; 2.2408202563; -14.0952598642; 2.0625663961; 5.1542959202; 5.9973389315; 25.3808493625; 3.9863743285; -103.3186599072; 4.5324356645; -52.2631390062; 4.0300047292; -37.7598433577; 4.1252498222; -33.3230434679; 4.2766283269; -39.6521747905
350.50; 2.0743860841; -40.2947500785; 1.9951684965; 12.9111646256; 2.0527334299; -9.6160922304; 2.0067794643; 110.2175793426; 2.2429503977; -27.1687350728; 2.0630084453; 0.2155972272; 5.9991871515; 26.6044770012; 3.9837640825; -90.2836978122; 4.5319600398; -44.0362746690; 4.0283499249; -39.0245112238; 4.1259950301; -4.9435911926; 4.2766063742; -15.6952820536
351.00; 2.0718476725; -51.1622951647; 1.9977428896; 3.6911817448; 2.0541963958; -10.2661158111; 2.0091566333; 106.0429315205; 2.2450809083; -41.7740454423; 2.0634010495; -6.0061626396; 6.0011964956; 25.4270067134; 3.9808246252; -62.2211224545; 4.5312772424; -31.1198865707; 4.0265988688; -39.0103377074; 4.1266939139; 20.4757632077; 4.2765813074; 5.2862113584
351.50; 2.0691406817; -56.2827585407; 2.0003065252; -6.9835492583; 2.0556450942; -11.3234350796; 2.0118883155; 95.0814202216; 2.2471357905; -56.6913877426; 2.0637192192; -12.9567975779; 6.0033342979; 21.8030085667; 3.9776857370; -26.2073748115; 4.5304367593; -15.2369990166; 4.0247749997; -37.7378908994; 4.1274166066; 40.3119109035; 4.2766202688; 20.7755038500
352.00; 2.0662123093; -53.6818110845; 2.0028507646; -18.9569194500; 2.0570934914; -10.7501817114; 2.0149715199; 76.9297020447; 2.2490914138; -70.8774836940; 2.0639451811; -19.8458098050; 6.0056129646; 15.9227896061; 3.9744252188; 10.8496042958; 4.5294788864; 1.9094366357; 4.0228598861; -35.3810843301; 4.1282346628; 54.1872946484; 4.2767733342; 30.2503702844
352.50; 2.0630746821; -43.1089924240; 2.0053269435; -31.8562911575; 2.0585403424; -7.4509924025; 2.0183437994; 51.4050051998; 2.2508975520; -82.5729720983; 2.0640570617; -25.3895899957; 6.0080084855; 8.4272433641; 3.9711672473; 43.5925171834; 4.5284595032; 18.4966444257; 4.0208634780; -32.2670331884; 4.1291912422; 62.2119172251; 4.2770710839; 33.9216698672
353.00; 2.0597568359; -26.2103342398; 2.0076930352; -45.1940633263; 2.0599986064; -1.5008647600; 2.0219320621; 18.8006185559; 2.2525188933; -89.8000749940; 2.0640380264; -28.0801432514; 6.0105009407; 0.2760105129; 3.9680100387; 69.3924417242; 4.5274293299; 33.1204505850; 4.0187903210; -28.7777786038; 4.1303149703; 64.7574699898; 4.2775266216; 32.5227282648
353.50; 2.0563251131; -5.8580792362; 2.0098949849; -58.1541923849; 2.0614832710; 5.9138060714; 2.0256255167; -19.1116783240; 2.2539265289; -90.3878672798; 2.0638801610; -26.5865404464; 6.0130576209; -7.3608991677; 3.9650441922; 87.4318420653; 4.5264376834; 44.7680649952; 4.0166550572; -25.3209217179; 4.1316127905; 62.0390101642; 4.2781352794; 26.9410552076
354.00; 2.0528546531; 15.0167844763; 2.0118836973; -69.6051487651; 2.0630159855; 12.9025153551; 2.0293008962; -58.4527455816; 2.2551150265; -82.6951835098; 2.0635890579; -20.3659418320; 6.0156505826; -13.3959395211; 3.9623314175; 97.8228487835; 4.5255232439; 52.8110564082; 4.0144696808; -22.2751795543; 4.1330761848; 54.0272905449; 4.2788793808; 17.9718537139
354.50; 2.0494044506; 34.2642500678; 2.0136259580; -78.2326107257; 2.0646256450; 17.4006539242; 2.0328496615; -93.1851047835; 2.2561113348; -66.8576440791; 2.0631835253; -9.9164157169; 6.0182708752; -17.1080090675; 3.9598952458; 100.9102308036; 4.5247086001; 56.9976317731; 4.0122332330; -19.9579431084; 4.1346878763; 40.4481427222; 4.2797346805; 6.0717869742
355.00; 2.0460630249; 50.4003629461; 2.0150800970; -82.6612521461; 2.0663175733; 17.4360990677; 2.0361411025; -115.8956674255; 2.2569574025; -45.3522782646; 2.0626992085; 3.3129419224; 6.0208904306; -18.3472975349; 3.9577621519; 96.8934893501; 4.5240127736; 57.2224709340; 4.0099650833; -18.6153136288; 4.1363971927; 21.1536842301; 4.2806596137; -8.5319263053
355.50; 2.0429024599; 62.7313294446; 2.0162243643; -82.0309159980; 2.0680846643; 11.6435076223; 2.0390889160; -121.3802929148; 2.2577160038; -21.9493072035; 2.0621804468; 17.5262083741; 6.0234923179; -17.5077497581; 3.9559304987; 85.9147388241; 4.5234400434; 53.5178372701; 4.0076791554; -18.4165040455; 4.1381365027; -3.2828549730; 4.2816047559; -25.6296846001
356.00; 2.0399316970; 71.1847078466; 2.0170734167; -76.3055546420; 2.0699293242; -0.4954250250; 2.0417073180; -109.3330735104; 2.2584684862; 0.0630661158; 2.0616665042; 31.3114299780; 6.0261069702; -15.2690614045; 3.9543478945; 67.9894352275; 4.5229730048; 46.1468952787; 4.0053501510; -19.4016164385; 4.1398488655; -31.4307510610; 4.2825277084; -44.8561355480
356.50; 2.0372167027; 75.6248017787; 2.0176371627; -66.4124774214; 2.0717922935; -17.6167496485; 2.0440008766; -84.6468086006; 2.2592742098; 17.9794137950; 2.0612068369; 43.3983505757; 6.0287083630; -12.5081826180; 3.9529801527; 43.8574864164; 4.5225946621; 35.8443567825; 4.0030029795; -21.4541375685; 4.1414258729; -58.9954607511; 4.2833581659; -64.1277640964
357.00; 2.0347476777; 76.0973894207; 2.0179564946; -53.7462719767; 2.0736381162; -36.3684726000; 2.0460672061; -54.0546764512; 2.2601966432; 30.8579226077; 2.0608350099; 53.2119278190; 6.0313275340; -9.9277033671; 3.9517415159; 14.6297174115; 4.5222692979; 23.6333169200; 4.0006095430; -24.3368364526; 4.1427959675; -80.1955684214; 4.2840444973; -80.1583949519
357.50; 2.0325219462; 72.5539199111; 2.0180765574; -39.9327026288; 2.0754128285; -51.5771267701; 2.0480039231; -23.5311080184; 2.2612784343; 38.2740441502; 2.0605813207; 60.4011428095; 6.0339758050; -8.0664524104; 3.9505415021; -17.3004726542; 4.5219583317; 11.0969326403; 3.9981559042; -27.6470942047; 4.1438948478; -88.7679514932; 4.2845383254; -88.6156455278
358.00; 2.0305468085; 64.9996239003; 2.0180458786; -26.5793540625; 2.0770539596; -58.4858682184; 2.0498862075; 2.9371744094; 2.2625323775; 40.2830683423; 2.0604703162; 64.7243334401; 6.0366316248; -7.3388834231; 3.9492949967; -47.7535266361; 4.5216257952; 0.3624299002; 3.9956546978; -30.7906682632; 4.1446862322; -81.1903909578; 4.2848098781; -86.2061112492
358.50; 2.0287869592; 53.5307107498; 2.0179133923; -14.7132780571; 2.0785474499; -56.1509385870; 2.0518001473; 23.8075632979; 2.2639674325; 37.3266987942; 2.0605142773; 66.1440940664; 6.0393021905; -8.0413394847; 3.9479066434; -71.7193163004; 4.5212376913; -6.5371069134; 3.9930884796; -33.1671745534; 4.1451987197; -58.9505869491; 4.2848696749; -72.8348214501
359.00; 2.0271845083; 38.5041102931; 2.0177216672; -4.9079759675; 2.0799158336; -47.7603125001; 2.0538247971; 38.8693903482; 2.2655862924; 29.9824994395; 2.0607179792; 64.6653542895; 6.0420049061; -10.4837726839; 3.9462925814; -84.0151169105; 4.5207697256; -7.9645251879; 3.9904268754; -34.1977931013; 4.1455081868; -27.3564102422; 4.2847612806; -51.6425002061
359.50; 2.0256959645; 21.1649604488; 2.0175089586; 2.4196677927; 2.0811772776; -38.2925606164; 2.0559881265; 48.1494192051; 2.2673527942; 19.0645565809; 2.0610752125; 60.3415012058; 6.0447074130; -14.9000728849; 3.9444301187; -80.8828606319; 4.5202220817; -3.0771975785; 3.9876860358; -33.4385393883; 4.1457133633; 6.6478763498; 4.2845529098; -27.8234427530
360.00; 2.0242415661; 3.4111395656; 2.0173016910; 7.1837235854; 2.0823764867; -31.3267790949; 2.0583370124; 51.9121010853; 2.2692493748; 5.4422814549; 2.0615761532; 53.2814097656; 6.0474185976; -21.3718604513; 3.9423136440; -62.5181707959; 4.5196059604; 7.7354368510; 3.9848393926; -30.6653669078; 4.1459259452; 38.0991458624; 4.2843183398; -5.7911937270
360.50; 2.0227568428; -11.7436234875; 2.0171199794; 9.2925454261; 2.0835354615; -28.1684104090; 2.0608762348; 50.0937480041; 2.2712297385; -9.7202393934; 2.0621988016; 43.8360521432; 6.0501096168; -29.6900997276; 3.9400063193; -33.6394010272; 4.5189576085; 22.8271049806; 3.9818976181; -25.9573035880; 4.1462476264; 63.9351403889; 4.2841279451; 11.3940365104
361.00; 2.0211830701; -20.9475339770; 2.0169743669; 8.7060488315; 2.0846664711; -28.1193595447; 2.0635974684; 42.3702722124; 2.2732460769; -25.1234262565; 2.0629147026; 32.6926918128; 6.0527510144; -39.3110157173; 3.9376005445; -1.3044122511; 4.5183259027; 39.6886510204; 3.9788715704; -19.6382626453; 4.1467634798; 83.0441752368; 4.2840365184; 22.4269426706
361.50; 2.0195066519; -21.5794213299; 2.0168678353; 5.4506632464; 2.0857551151; -29.5021072720; 2.0664321482; 28.3952789447; 2.2752195339; -39.1711149894; 2.0636790709; 21.2046905283; 6.0552704082; -49.1811290444; 3.9352356097; 27.8446306153; 4.5177745085; 55.6032956579; 3.9758224725; -12.3548198650; 4.1475282651; 95.1913954205; 4.2840799102; 27.1896068674
362.00; 2.0176973582; -13.2080692235; 2.0167901169; -0.3883170765; 2.0868146242; -30.6036364013; 2.0693731147; 7.6043814776; 2.2771333045; -50.5663277012; 2.0644677176; 10.8350679538; 6.0576699015; -58.2440008475; 3.9329715923; 50.6382864568; 4.5173471273; 68.7183396602; 3.9727260509; -4.6601891511; 4.1485935441; 100.9681793026; 4.2842734398; 26.4677502040
362.50; 2.0157792261; 2.4089383391; 2.0167233297; -8.4600629411; 2.0878439881; -30.2544699664; 2.0723548631; -19.7586667142; 2.2789516311; -57.7029466490; 2.0652502680; 3.3448721454; 6.0599192631; -65.2056154550; 3.9308812233; 65.7447931392; 4.5170870795; 77.6057410462; 3.9696002130; 2.8002090137; 4.1499827798; 100.6790127496; 4.2846156862; 21.2558076768
363.00; 2.0138312686; 21.7819551482; 2.0166423962; -17.8585380932; 2.0888315616; -28.1354489853; 2.0752477036; -51.3246717231; 2.2806256245; -59.0835598046; 2.0659940154; 0.1941127529; 6.0619627696; -68.8576972742; 3.9290427480; 73.0679540503; 4.5170272268; 81.3866440997; 3.9665085660; 9.3140965436; 4.1516778023; 94.4378316271; 4.2850852418; 12.6832761040
363.50; 2.0118983772; 41.7365650010; 2.0165152027; -27.3686988820; 2.0897964444; -24.7268972558; 2.0779827850; -82.9451629682; 2.2821683399; -54.2339172910; 2.0666990680; 1.6827246838; 6.0638096290; -68.5631342787; 3.9274601153; 73.3007237440; 4.5171797793; 79.9006179269; 3.9634343742; 14.4581694418; 4.1536789936; 82.0604873331; 4.2856598670; 1.4865103780
364.00; 2.0100515916; 59.7237410975; 2.0163096872; -35.2006359968; 2.0907494828; -21.1301994051; 2.0804564115; -107.7038347694; 2.2835914682; -44.1623388397; 2.0673709772; 6.9541520080; 6.0654562358; -64.2760332241; 3.9261382272; 66.9809726934; 4.5175417478; 73.1854790028; 3.9603947598; 17.8743685864; 4.1559476334; 63.3750968982; 4.2863039581; -11.8924426990
364.50; 2.0083601322; 74.2332498041; 2.0160000723; -39.3727244842; 2.0916993358; -18.7230275389; 2.0825811936; -118.2005655416; 2.2849195840; -31.2722942521; 2.0680252519; 14.3023576685; 6.0669080865; -56.6701450810; 3.9250640275; 54.5400144693; 4.5180917790; 61.5505700464; 3.9574102836; 19.3174729164; 4.1584174872; 38.6535683845; 4.2869731734; -27.2499337135
365.00; 2.0068696990; 84.7351930909; 2.0155715643; -38.3208024175; 2.0926568169; -18.8731683117; 2.0843302185; -110.3096763049; 2.2861951586; -18.3492591720; 2.0686879513; 21.9206782231; 6.0681917150; -46.8279727051; 3.9241971428; 36.3485622128; 4.5187954807; 45.4895411829; 3.9544766157; 18.7303211403; 4.1610177113; 9.0344702500; 4.2876212518; -44.3835984536
365.50; 2.0056280975; 91.1225650502; 2.0150322806; -31.4244212794; 2.0936139235; -22.7698607654; 2.0857154710; -85.5398815681; 2.2874466653; -7.7432017154; 2.0693781957; 28.2791625520; 6.0693268619; -36.0993485440; 3.9234887992; 13.2461036643; 4.5195967729; 26.0725853677; 3.9516159655; 16.2433316150; 4.1636334423; -22.3041636095; 4.2881896613; -62.0699161418
366.00; 2.0046418617; 93.6478755825; 2.0144006510; -19.1877823425; 2.0945700783; -31.3222694347; 2.0868328426; -49.5970861226; 2.2887210937; -0.6291737323; 2.0701246983; 32.5450370618; 6.0703605360; -25.5026534906; 3.9228592203; -13.7351865822; 4.5204443735; 4.4078794501; 3.9487865498; 12.1800346906; 4.1661969624; -50.8031776964; 4.2886302630; -78.0473029045
366.50; 2.0039198020; 92.5350233007; 2.0137194028; -3.1905889203; 2.0954989658; -44.7482035788; 2.0877955603; -9.7534498265; 2.2900403622; 2.5210747258; 2.0709418035; 34.2810090754; 6.0713258787; -15.9146022063; 3.9222253501; -42.4270473019; 4.5212711824; -17.6547471355; 3.9459750028; 7.0540278208; 4.1686193718; -70.5850943535; 4.2888932012; -88.6471014170
367.00; 2.0034612283; 87.9727764254; 2.0130482081; 14.3693155533; 2.0963539821; -61.9020011426; 2.0887240046; 27.9789406372; 2.2914070091; 1.8161130132; 2.0718311953; 33.3823630319; 6.0722480169; -7.8858625859; 3.9215020975; -69.5212172329; 4.5220044941; -37.7861700614; 3.9431797669; 1.5694279579; 4.1708264311; -76.8803969273; 4.2889444120; -90.2627299021
367.50; 2.0032457309; 80.0890040052; 2.0124426432; 31.5741309069; 2.0970893920; -80.0960733081; 2.0897459565; 60.5236008249; 2.2928316557; -2.3471184825; 2.0727991427; 29.9140706075; 6.0731610536; -1.6064416068; 3.9205985144; -91.5394027132; 4.5225885260; -53.8462881685; 3.9403567984; -3.4909435987; 4.1728192909; -68.8038350175; 4.2887791882; -81.4664230939
368.00; 2.0032474297; 69.1443185932; 2.0119682031; 46.6341608900; 2.0976424002; -94.6729823793; 2.0909555582; 86.1240416033; 2.2942901030; -9.3627392374; 2.0738279640; 24.0483779811; 6.0740775074; 2.8028235540; 3.9194532887; -104.6847688729; 4.5229688124; -63.9688599338; 3.9375118169; -7.2126899606; 4.1746075436; -49.7662992610; 4.2884258468; -64.1113430591
368.50; 2.0034268772; 55.4772935252; 2.0116777596; 58.4603900452; 2.0979682162; -101.2562522340; 2.0924328665; 104.4723776875; 2.2957608460; -18.5430356300; 2.0749003476; 15.9668761987; 6.0750113466; 5.3646866288; 3.9180255895; -106.4607934514; 4.5231149416; -67.1753465118; 3.9346309982; -8.9208199364; 4.1762525423; -25.5294054549; 4.2879385666; -42.3804676908
369.00; 2.0037358848; 39.6415900087; 2.0116125197; 66.5047371196; 2.0980478849; -98.1446331341; 2.0942411526; 115.7722010895; 2.2972209647; -29.1222292176; 2.0759963904; 5.8499497820; 6.0759739010; 6.1623888578; 3.9163038159; -96.3903707703; 4.5230182245; -63.4873918512; 3.9316955145; -8.2266884490; 4.1778380688; -1.4600872453; 4.2873828689; -20.8181207555
369.50; 2.0041157938; 22.7874544350; 2.0118020161; 70.4889281038; 2.0978913529; -87.3968628143; 2.0964050592; 120.0790446431; 2.2986289245; -40.0722538886; 2.0770797147; -5.9474396732; 6.0769613768; 5.3734471737; 3.9143286942; -76.7441761677; 4.5226918054; -54.0813878939; 3.9287215124; -5.1406798499; 4.1794322260; 18.6955851945; 4.2868285165; -3.0175110625
370.00; 2.0045032198; 6.6095339017; 2.0122589545; 70.4148176572; 2.0975349681; -73.3140440560; 2.0989234033; 117.2689373418; 2.2999424437; -50.4244693166; 2.0781092337; -18.8674269387; 6.0779643533; 3.3396211318; 3.9121732753; -52.0377299590; 4.5221692895; -41.0945146273; 3.9257322940; -0.0730436027; 4.1810911594; 33.2740110460; 4.2863331909; 9.0941977923
370.50; 2.0048386684; -6.9196005464; 2.0129816275; 66.4429315791; 2.0970253413; -59.7206563548; 2.1017808336; 106.9867957287; 2.3011275629; -59.3451548389; 2.0790458373; -32.1049300494; 6.0789734619; 0.5959151726; 3.9099182178; -27.1405007462; 4.5214948276; -26.8229205211; 3.9227437629; 6.2701440577; 4.1828604536; 42.0722183787; 4.2859337810; 15.1403901408
371.00; 2.0050756971; -16.0678418017; 2.0139642677; 58.7573648969; 2.0964006375; -48.4954021905; 2.1049739540; 88.5784994016; 2.3021680563; -66.2537372833; 2.0798605478; -44.6248153426; 6.0799888240; -2.1777481495; 3.9076179069; -5.4859111484; 4.5207080877; -13.0586302125; 3.9197401590; 13.1424069938; 4.1847891590; 45.5387210903; 4.2856437305; 15.6903892647
371.50; 2.0051783119; -19.6222467933; 2.0151755326; 47.7229737883; 2.0956998458; -40.0250364984; 2.1084267768; 61.7965508801; 2.3030347794; -70.4621110636; 2.0805121440; -54.8209477053; 6.0809938233; -4.0873362484; 3.9053535588; 10.8219997753; 4.5198583882; -1.4660385745; 3.9167560550; 19.6928479721; 4.1868803224; 44.0838114882; 4.2854654761; 11.7344722548
372.00; 2.0051320768; -17.6340132273; 2.0165784608; 33.8234682753; 2.0949490436; -33.6290113768; 2.1120586835; 27.2500971637; 2.3037137671; -71.4699107597; 2.0809724326; -61.0387688367; 6.0819813195; -4.3693485920; 3.9031745154; 21.1952659115; 4.5189831253; 6.9758928551; 3.9138048751; 25.2102351644; 4.1891344176; 37.9932949628; 4.2853854004; 4.4755381753
372.50; 2.0049422859; -11.2974473789; 2.0181246792; 17.8026879530; 2.0941682874; -28.3789246394; 2.1157620449; -12.4806545100; 2.3041997111; -68.9728174455; 2.0812250010; -62.0673135760; 6.0829483411; -2.5092438194; 3.9011141128; 25.7745920309; 4.5181106180; 11.7490266692; 3.9109000994; 29.1378962240; 4.1915352613; 27.2889399482; 4.2853799593; -4.9614359896
373.00; 2.0046290809; -2.4059234803; 2.0197641630; 0.6777142639; 2.0933708417; -23.5669358591; 2.1194279323; -52.2082301362; 2.3044995012; -63.0975333107; 2.0812702477; -57.6413864254; 6.0839025730; 1.5188432591; 3.8991800649; 24.9615972706; 4.5172542735; 12.6615639411; 3.9080395071; 31.0773046375; 4.1940614779; 11.7351808646; 4.2854190245; -15.8041793842
373.50; 2.0042250687; 7.1905491596; 2.0214257218; -15.9994297155; 2.0925767380; -18.9596604383; 2.1229097351; -83.9488518568; 2.3046267992; -54.6925807414; 2.0811245069; -48.5917192437; 6.0848487862; 7.2632304730; 3.8973838975; 19.1305300876; 4.5164242850; 9.7232801963; 3.9052452094; 30.8054424835; 4.1966500146; -8.6759394937; 4.2854679313; -27.5798134044
374.00; 2.0037598363; 16.2897327389; 2.0230665485; -30.7293106779; 2.0917920700; -14.6617699063; 2.1261445279; -100.4464050094; 2.3046062386; -44.9622888488; 2.0808170328; -36.3806496813; 6.0858134222; 14.0118991441; 3.8956908970; 8.5719341961; 4.5156046612; 3.0969178732; 3.9024861809; 28.2968774698; 4.1992645112; -33.7393696479; 4.2854896978; -40.2264036313
374.50; 2.0032659225; 24.0467000230; 2.0246327098; -41.8678538246; 2.0910302164; -11.1554022451; 2.1290796736; -98.0082717277; 2.3044647463; -35.3315033833; 2.0803876963; -22.7677620920; 6.0868167132; 20.8375900488; 3.8940708631; -6.2593897010; 4.5147764001; -6.7517738801; 3.8997545290; 23.6957179852; 4.2018261352; -61.8220379393; 4.2854438287; -53.2767940057
375.00; 2.0027779302; 29.9360348418; 2.0260641609; -48.1174765004; 2.0903109241; -9.1627597226; 2.1316883581; -79.0024713568; 2.3042316292; -27.0495827551; 2.0798864193; -9.4139418031; 6.0878672370; 26.8286043341; 3.8924990349; -24.3162133665; 4.5139202308; -18.7904877877; 3.8970691364; 17.4043895357; 4.2042152988; -88.9670380556; 4.2852893700; -65.1118440777
375.50; 2.0023170914; 33.7886191164; 2.0273417354; -49.1645166133; 2.0896374101; -9.4804106952; 2.1340405976; -50.0624225038; 2.3039303086; -20.7360746149; 2.0793557000; 2.6734837531; 6.0889864707; 31.4023496116; 3.8909155732; -44.1507466093; 4.5129972639; -31.5980449104; 3.8944027755; 9.9557413858; 4.2063534775; -109.8711145548; 4.2849883780; -73.0798412171
376.00; 2.0019011952; 35.4984755154; 2.0284554780; -45.5763189334; 2.0890101453; -12.9987282955; 2.1362202264; -18.6321375148; 2.3035800989; -16.6552177609; 2.0788371243; 12.7844922681; 6.0901841136; 34.2255858559; 3.8892659658; -63.5626522931; 4.5119724259; -43.2099264548; 3.8917436894; 2.1606671500; 4.2081662259; -119.0092614032; 4.2845167195; -74.1107643865
376.50; 2.0015374007; 35.0078926285; 2.0294215354; -38.5996499796; 2.0884140351; -20.6211769092; 2.1383369915; 10.0686775703; 2.3031909020; -14.6990311857; 2.0783614630; 20.5867329278; 6.0914740008; 35.2104754099; 3.8874835830; -80.1129118577; 4.5108063638; -51.5255768974; 3.8890578507; -5.1124142431; 4.2096317224; -113.5730813973; 4.2838686768; -66.4651148751
377.00; 2.0012291395; 32.2520825099; 2.0302580234; -29.8305765589; 2.0878268967; -32.9856385979; 2.1404704276; 33.0016214726; 2.3027698098; -14.7750700280; 2.0779565896; 25.8058955148; 6.0928520219; 34.3583010973; 3.8855275286; -91.2050405376; 4.5094810028; -54.4802757936; 3.8863393691; -10.9121746570; 4.2107582176; -95.0201263990; 4.2830712079; -51.0647800022
377.50; 2.0009683313; 27.1611681644; 2.0309992237; -20.6939523599; 2.0872051048; -50.1874438576; 2.1427046335; 49.3530937995; 2.3023133765; -16.7143683769; 2.0776372358; 28.3132983980; 6.0943227579; 31.6500843855; 3.8833533262; -94.7475854813; 4.5079815509; -50.6214555588; 3.8835578221; -14.5077683950; 4.2116092175; -68.0683464964; 4.2821676210; -31.1480428610
378.00; 2.0007389129; 19.6977079922; 2.0316806356; -12.2948047209; 2.0864886497; -70.9542245109; 2.1451064218; 59.1714855791; 2.3018115645; -20.2363684818; 2.0774100822; 27.9834440214; 6.0958876613; 27.0451439049; 3.8809348985; -89.1706063857; 4.5063108972; -39.3739199167; 3.8806857873; -15.4648331288; 4.2122726509; -38.2107862948; 4.2812130515; -10.8303282313
378.50; 2.0005184203; 10.0194022489; 2.0323288331; -5.4304138536; 2.0856115832; -91.7489881425; 2.1477028105; 62.6659612084; 2.3012533774; -24.8699332595; 2.0772755964; 24.7261689153; 6.0975295874; 20.6019950908; 3.8782929362; -73.9465987426; 4.5045078662; -21.4543440282; 3.8777277390; -13.7041903170; 4.2128385351; -9.9316277924; 4.2802715787; 6.2656684925
379.00; 2.0002781272; -1.2835389030; 2.0329583900; -0.5823765583; 2.0845185200; -107.0314421379; 2.1504726473; 60.0155289869; 2.3006305955; -29.9273269987; 2.0772255821; 18.6704072898; 6.0992082213; 12.6235816421; 3.8755066213; -50.6416598894; 4.5026514299; 0.9537699068; 3.8747271807; -9.6336605807; 4.2133870749; 13.9678366956; 4.2794064834; 17.8699413174
379.50; 1.9999770015; -13.4204241328; 2.0335926960; 2.1638913339; 2.0831466425; -112.2282359324; 2.1534428901; 51.1683946038; 2.2999187793; -34.7636153714; 2.0772408446; 10.1398270249; 6.1009199834; 3.4814549417; 3.8726124150; -22.4283452594; 4.5007887816; 25.3945349346; 3.8716597986; -3.8752273843; 4.2139991560; 32.8243628824; 4.2786413791; 23.4810638380
380.00; 1.9995745939; -24.8394456217; 2.0342371053; 2.7913831393; 2.0814832797; -105.9565954015; 2.1565754072; 35.8393164578; 2.2991044959; -38.6337531054; 2.0772955956; 0.0517309950; 6.1026299016; -6.0761654551; 3.8697081883; 6.1016066591; 4.4990038606; 48.9283464745; 3.8685559672; 2.7252757621; 4.2147306084; 46.4355206014; 4.2779954680; 23.4058894749
380.50; 1.9990306189; -33.5540618821; 2.0348925088; 1.3678786308; 2.0795450774; -91.2672834121; 2.1598269009; 13.6204164835; 2.2981736109; -40.9797391702; 2.0773593533; -10.0594672050; 6.1043102932; -15.1368186861; 3.8668785766; 31.0476993970; 4.4973684065; 69.2110804329; 3.8654329195; 9.3550259130; 4.2156241713; 54.9300773628; 4.2774664876; 18.6309169245
381.00; 1.9983175534; -37.4456336352; 2.0355479019; -1.9962799651; 2.0773886341; -73.2822556744; 2.1631107076; -15.4613943338; 2.2971231184; -41.3808411393; 2.0774013328; -18.0402818298; 6.1059237337; -22.7378959729; 3.8642162827; 49.8402097322; 4.4959546997; 84.5008437112; 3.8623289211; 15.2406460078; 4.2167003716; 58.2986995552; 4.2770412924; 10.5382983887
381.50; 1.9974171950; -35.0973667955; 2.0361927125; -7.1860690719; 2.0750577280; -56.0317564455; 2.1663561791; -50.6075064179; 2.2959447242; -39.4957809050; 2.0773980664; -21.8010017385; 6.1074561836; -28.1972116019; 3.8617639718; 61.5712474779; 4.4948020037; 93.9708521899; 3.8592442670; 19.8534156783; 4.2179750496; 56.3895977290; 4.2766913417; 0.5189235675
382.00; 1.9963464195; -26.3256093141; 2.0367996782; -13.9435610686; 2.0726294103; -41.6342723067; 2.1694238168; -88.4234790034; 2.2946552250; -35.1211934269; 2.0773392623; -19.8937107286; 6.1088762975; -31.1597794777; 3.8595814938; 66.0162140776; 4.4939500151; 97.1289454423; 3.8562234162; 22.7545145909; 4.2194283370; 48.8350887972; 4.2763885237; -10.0933040177
382.50; 1.9951263473; -12.1831152759; 2.0373474810; -21.9973263544; 2.0701274595; -30.1076465355; 2.1722254649; -123.6149578495; 2.2932562807; -28.1944090028; 2.0772317491; -12.2344210153; 6.1101885431; -31.8287879438; 3.8576626393; 63.5449624142; 4.4933994386; 93.9723871707; 3.8532482115; 23.8161897788; 4.2210480002; 35.2358654139; 4.2760972125; -20.6176618151
383.00; 1.9938126567; 5.2740938511; 2.0378016091; -30.7914317990; 2.0676014968; -20.8731453411; 2.1746395673; -148.6422392620; 2.2917764082; -19.1774937467; 2.0771011504; -0.1877189795; 6.1113850048; -30.7800069450; 3.8560101934; 54.7067542287; 4.4931421112; 84.7537065375; 3.8503378289; 23.0096443045; 4.2227815604; 15.7750596719; 4.2757870770; -30.7163259960
383.50; 1.9924651012; 23.8968236392; 2.0381281204; -39.5812906184; 2.0650784280; -13.1492815190; 2.1765950068; -157.1743370978; 2.2902421657; -8.9945774282; 2.0769858941; 14.0710370615; 6.1124718501; -28.8158417816; 3.8545950194; 40.1956392987; 4.4931469237; 70.0884992127; 3.8474871165; 20.3802962904; 4.2245680035; -8.3205140816; 4.2754278026; -40.3175750012
384.00; 1.9911457980; 41.8855119603; 2.0382928675; -47.4310642403; 2.0625774833; -6.4213779509; 2.1780740737; -147.4180446635; 2.2886819587; 1.1649570863; 2.0769308894; 28.2954215040; 6.1134594870; -26.7153206061; 3.8533695324; 20.9412968150; 4.4933662978; 51.0467879796; 3.8446823403; 16.2141980814; 4.2263339081; -34.0432474985; 4.2749904950; -48.9570840450
384.50; 1.9899015195; 58.1244136144; 2.0382647929; -53.3663741482; 2.0600887556; -0.4995119590; 2.1791278995; -122.6359175261; 2.2871078154; 10.2628450977; 2.0769809243; 40.8311493269; 6.1143686384; -25.0628621927; 3.8522602362; -1.9356838205; 4.4937429039; 29.0544590202; 3.8418762095; 10.8880824283; 4.2280184813; -56.6614549763; 4.2744440018; -55.4529677157
385.00; 1.9888016333; 71.5715684816; 2.0380171926; -56.3013803228; 2.0576546742; 4.3945937487; 2.1798256526; -89.5449870091; 2.2855631314; 17.2899935451; 2.0771756718; 50.3476543991; 6.1151978894; -24.2246530836; 3.8512083574; -26.3504981438; 4.4942039499; 6.6310377612; 3.8390799726; 5.1098689277; 4.2295319658; -69.8600253109; 4.2737743754; -57.7173576016
385.50; 1.9879058172; 81.5421649398; 2.0375387201; -55.4479503588; 2.0553191183; 7.7770256668; 2.1802677541; -54.7763381594; 2.2840882646; 21.5548225075; 2.0775417336; 56.1468423673; 6.1159431366; -24.2955378774; 3.8501512394; -49.6786260900; 4.4946723006; -13.2356835732; 3.8363104908; -0.2660525568; 4.2308131187; -68.8481138725; 4.2729847532; -54.0499477033
386.00; 1.9872317871; 87.9086863473; 2.0368179062; -50.4747126184; 2.0530447987; 9.0948612590; 2.1805766321; -21.9039234378; 2.2826671188; 22.8456207094; 2.0781045409; 58.1411519780; 6.1166223620; -25.1717406435; 3.8489946641; -70.0394887910; 4.4950934128; -28.3116493682; 3.8334964750; -4.6216583110; 4.2318880086; -52.8377656175; 4.2720719923; -44.2488530409
386.50; 1.9868100144; 90.3675319781; 2.0358721164; -41.6339658445; 2.0508535067; 7.5730024164; 2.1808558540; 6.3660297073; 2.2813161413; 20.9972365841; 2.0788667242; 56.2952588209; 6.1172301925; -26.6832193629; 3.8476834427; -85.1320070265; 4.4954147197; -36.4999020922; 3.8306486044; -7.2352374138; 4.2327935983; -25.4566320270; 4.2710742715; -30.2824804592
387.00; 1.9866503950; 88.7522988234; 2.0347240884; -29.6317842962; 2.0487311947; 2.3283059940; 2.1811986251; 29.1813459075; 2.2800256271; 16.0260871085; 2.0798257169; 50.7039707251; 6.1177671035; -28.7060268995; 3.8461635085; -92.9200274151; 4.4956095155; -36.9930962867; 3.8277499921; -7.7233399725; 4.2336151721; 7.4225725176; 4.2700317798; -15.3038216613
387.50; 1.9867513084; 83.0201280567; 2.0334273149; -15.7213001146; 2.0466869600; -7.3828717080; 2.1816748158; 45.9350387065; 2.2787976548; 8.2389210002; 2.0809510625; 41.6344621947; 6.1182230373; -31.1460769658; 3.8444278406; -91.2953500012; 4.4956718814; -30.3347874180; 3.8248385836; -6.0587434767; 4.2344415150; 39.6706056675; 4.2690046620; -2.6506211915
388.00; 1.9870949310; 73.2549359230; 2.0320179271; -1.0026669012; 2.0446716049; -22.0071097769; 2.1823431243; 56.6414486334; 2.2775989270; -1.9052540689; 2.0822221808; 29.3191702575; 6.1185971987; -33.7814119197; 3.8424647893; -79.1886956066; 4.4956215138; -18.2842641725; 3.8218984199; -2.5777143603; 4.2353773182; 67.6512499441; 4.2680239275; 5.6279833294
388.50; 1.9876481345; 59.9265566332; 2.0305496298; 13.3849909638; 2.0426429921; -40.8626162270; 2.1832375113; 61.0283681318; 2.2764025108; -13.5583176589; 2.0835958629; 14.2790528129; 6.1188830337; -36.3677709725; 3.8403141359; -57.8900297702; 4.4954942031; -3.4676785387; 3.8189513287; 2.0901880326; 4.2365047836; 89.3039463723; 4.2671178800; 8.5669648730
389.00; 1.9883643352; 44.0124570101; 2.0290743613; 26.5753439771; 2.0405438940; -61.5586645633; 2.1843714947; 58.6761470642; 2.2751756866; -25.6094380983; 2.0850209261; -2.6450610268; 6.1190746833; -38.4764797518; 3.8380431578; -31.2921823411; 4.4953346460; 11.3883197693; 3.8160201685; 7.1825802103; 4.2378866575; 103.9801637988; 4.2662968633; 6.2934270945
389.50; 1.9891957093; 26.9620604051; 2.0276233969; 38.0915728880; 2.0382870182; -79.8522936547; 2.1857507180; 48.9116460232; 2.2738702872; -37.0255212387; 2.0864564515; -20.3755371723; 6.1191696344; -39.6214080326; 3.8357099994; -4.1074521477; 4.4951859450; 24.1607028272; 3.8130955551; 12.0389953827; 4.2395806356; 111.8521038403; 4.2655457403; -0.3514953364
390.00; 1.9900781188; 11.1842480168; 2.0262452904; 47.4604485878; 2.0358265926; -90.5991691488; 2.1873385787; 31.1852276892; 2.2724597357; -46.6986794568; 2.0878365661; -37.0719337013; 6.1191656768; -39.3189922750; 3.8334109748; 19.3363013597; 4.4950871346; 33.2191716261; 3.8102131982; 16.0349802590; 4.2416002529; 113.0439780334; 4.2648484919; -9.8989982503
390.50; 1.9909501532; -0.4999785379; 2.0249807788; 54.3675001236; 2.0331444740; -90.7995089371; 2.1890701584; 5.6503818357; 2.2709246197; -53.6975042083; 2.0890986394; -50.6046654710; 6.1190661491; -37.2743702416; 3.8312318562; 36.4512219705; 4.4950651653; 37.7022388783; 3.8074066249; 18.7265193211; 4.2439334637; 107.6545091918; 4.2641799711; -20.6389266473
391.00; 1.9917726612; -5.7704752471; 2.0238488978; 58.6662653687; 2.0302327066; -81.5180727394; 2.1908712702; -26.1705066701; 2.2692402787; -57.2509259134; 2.0902030078; -59.2250337228; 6.1188794860; -33.5198083962; 3.8292176688; 46.3376723006; 4.4951319030; 37.3558173633; 3.8046777930; 19.8770782528; 4.2465672763; 95.6042879746; 4.2635051716; -30.9867188319
391.50; 1.9925335943; -3.5748349151; 2.0228532746; 60.2783168720; 2.0270933025; -66.6499318917; 2.1926600399; -61.2008281765; 2.2673807547; -56.6907688587; 2.0911312471; -62.0007759836; 6.1186173595; -28.3794439019; 3.8273803634; 49.0296570075; 4.4952853752; 32.2301363420; 3.8020068880; 19.4031699474; 4.2494874070; 76.6087810979; 4.2627864406; -39.8742582592
392.00; 1.9932382162; 5.3958545930; 2.0220000372; 59.1466301242; 2.0237765500; -50.4399178532; 2.1943254557; -93.2239108662; 2.2653502274; -51.6627708558; 2.0918713745; -59.1299368563; 6.1182974196; -22.5591980527; 3.8257319092; 44.8467682675; 4.4955082210; 22.5905549437; 3.7993976060; 17.3346790394; 4.2526308783; 50.7209454241; 4.2619981487; -46.8054747498
392.50; 1.9939128053; 18.8366431124; 2.0212882767; 55.3837843625; 2.0203525278; -35.6035688676; 2.1957590876; -114.3112500436; 2.2631763032; -42.6029244881; 2.0924269444; -51.9831938646; 6.1179409563; -16.8580048234; 3.8242696146; 34.4264199155; 4.4957677191; 9.0030059399; 3.7968592171; 13.8479835123; 4.2558985084; 18.9610912844; 4.2611247984; -51.9118777393
393.00; 1.9946064422; 33.9168014673; 2.0206994763; 49.3069514391; 2.0168539116; -22.8304470786; 2.1969021466; -118.8307244051; 2.2608784384; -30.7300132718; 2.0928218245; -42.4210143127; 6.1175654658; -11.8998285861; 3.8229560135; 18.5486968331; 4.4960211376; -7.7041384201; 3.7943704521; 9.2186188223; 4.2592042799; -16.3594643887; 4.2601485402; -55.6206145758
393.50; 1.9953672005; 47.9764235770; 2.0202130480; 41.5929595871; 2.0133410601; -11.9936149292; 2.1977353747; -106.0218824688; 2.2585069420; -17.9142593197; 2.0930830336; -32.3354540136; 6.1171895710; -8.1164505957; 3.8217505382; -1.5770015262; 4.4962136885; -26.0672124961; 3.7919309677; 3.8554245578; 4.2624187926; -50.4915939675; 4.2590651341; -57.8572456531
394.00; 1.9962414558; 59.2408820349; 2.0198001106; 33.1705791559; 2.0098571743; -2.6637330223; 2.1982991316; -80.3232890888; 2.2561081316; -5.9897633927; 2.0932413414; -23.0674147607; 6.1168268895; -5.5880521748; 3.8205946854; -24.4157594896; 4.4962867747; -44.1472971778; 3.7895298253; -1.7562129026; 4.2654273435; -77.1624419366; 4.2578723020; -57.7831047616
394.50; 1.9972605198; 66.7654493750; 2.0194311821; 25.1784554926; 2.0064575470; 5.3821121715; 2.1986726389; -48.6445441513; 2.2537373401; 3.5534521249; 2.0933247015; -15.4268281793; 6.1164886493; -3.9999680257; 3.8194272302; -48.0585010027; 4.4961836992; -59.5350185566; 3.7871671278; -7.0364808696; 4.2681254290; -90.3836806963; 4.2565813758; -54.1102719335
395.00; 1.9984708611; 70.4373088924; 2.0190683575; 18.5174019042; 2.0030994066; 12.3157569990; 2.1989645258; -16.3128274766; 2.2513770487; 9.9830402951; 2.0933584685; -9.6149646529; 6.1161737285; -2.9132198571; 3.8181519702; -71.2379482261; 4.4958535824; -70.2074316514; 3.7847788407; -11.5524519884; 4.2705252814; -87.7365402719; 4.2551790666; -46.0351355260
395.50; 1.9998859358; 70.3045796607; 2.0186867812; 14.1322487163; 1.9998080844; 17.9197449833; 2.1992766356; 12.5823454487; 2.2490499049; 12.7484277204; 2.0933600951; -5.7611442507; 6.1158867133; -1.9499397538; 3.8166976683; -92.2162988410; 4.4952607369; -74.2001327710; 3.7823529853; -14.8205484573; 4.2726296112; -71.0055196209; 4.2536916386; -34.1761781811
396.00; 2.0015000174; 66.6014679728; 2.0182716650; 12.7631648251; 1.9966172765; 21.8022943436; 2.1996991367; 35.8226610938; 2.2467761753; 11.6382624551; 2.0933410451; -3.8551287335; 6.1156327517; -0.9338739804; 3.8150051593; -108.7460622982; 4.4943935789; -70.3286884452; 3.7798912276; -16.5316880328; 4.2744780272; -45.5904902396; 4.2521630425; -20.7791231030
396.50; 2.0032944125; 59.6473631035; 2.0178195742; 14.7639890582; 1.9935521881; 23.4650619530; 2.2003037426; 52.5605530366; 2.2445621019; 6.6939124380; 2.0933068246; -3.8245804558; 6.1154165575; 0.0937263123; 3.8130291475; -117.5349253968; 4.4932671898; -58.5138587966; 3.7773990257; -16.6564979672; 4.2761410103; -17.6802788297; 4.2506411263; -8.5082858001
397.00; 2.0052384116; 49.7744190872; 2.0173399150; 19.9776001846; 1.9906289369; 22.3561674538; 2.2011400426; 62.6771900586; 2.2424008266; -1.7445370420; 2.0932571067; -5.5333718401; 6.1152423170; 0.9366972478; 3.8107493329; -114.7515923944; 4.4919234105; -39.9054009392; 3.7748864488; -15.4341629795; 4.2776989390; 8.0117951135; 4.2491692432; 0.4751623416
397.50; 2.0073126874; 37.2118461298; 2.0168489671; 27.7652775221; 1.9878217019; 17.8363952779; 2.2022452729; 66.4075029547; 2.2402502683; -13.0903154861; 2.0931855338; -8.8171866674; 6.1151114086; 1.2780981463; 3.8081561244; -98.1731632786; 4.4904110551; -16.4823796301; 3.7723397755; -13.2684216674; 4.2792433091; 29.1258239360; 4.2477634777; 4.9675527515
398.00; 2.0094397736; 22.5683443876; 2.0163843052; 36.9056618576; 1.9851611978; 9.3432520487; 2.2036102387; 63.8712750696; 2.2381109780; -26.0983402992; 2.0930824331; -13.3645804578; 6.1150266577; 0.9837333618; 3.8053432434; -69.7512833227; 4.4888292221; 8.5646339026; 3.7698089282; -10.7239331101; 4.2808140202; 44.4004406965; 4.2464590850; 4.6482773886
398.50; 2.0115978361; 6.2275429492; 2.0159744541; 46.2605715351; 1.9825827951; -3.6868844500; 2.2052418943; 55.0794084357; 2.2359138019; -39.5802611077; 2.0929315486; -18.7620979333; 6.1149853173; 0.1598178457; 3.8023607017; -34.4151155950; 4.4872360113; 32.9532617645; 3.7672685544; -8.2440431982; 4.2824798394; 54.0038564654; 4.2452349620; 0.1227010706
399.00; 2.0137508409; -11.0618966380; 2.0156521815; 54.7403525689; 1.9800203885; -21.2690203107; 2.2071269597; 39.7845846106; 2.2335961784; -52.1971038323; 2.0927134289; -24.3841736457; 6.1149841098; -1.0433871406; 3.7992884665; 1.7635338922; 4.4856937433; 54.7497036510; 3.7647033825; -6.1981097100; 4.2842873472; 58.1583144292; 4.2440638106; -7.5022710696
399.50; 2.0158270322; -27.8418014588; 2.0154532839; 61.3509099412; 1.9774317462; -41.8409023179; 2.2092060588; 18.0127863709; 2.2311315575; -62.4206886743; 2.0924103487; -29.1514343565; 6.1150188925; -2.3278600581; 3.7962541201; 33.5460929592; 4.4842802646; 72.3000671982; 3.7621345721; -4.8249282007; 4.2862410038; 56.8977453501; 4.2429266409; -16.6229042875
400.00; 2.0177862772; -42.4580703740; 2.0154039547; 65.4980327298; 1.9747267513; -62.1736253136; 2.2114283358; -9.9671777311; 2.2284651193; -68.9125197346; 2.0920029858; -31.8296778994; 6.1150854751; -3.5883112512; 3.7933281447; 58.3530316057; 4.4830395309; 84.8010532415; 3.7595434087; -4.2126921511; 4.2883566561; 50.0789034776; 4.2417828687; -25.6210638780
400.50; 2.0195719591; -52.9153370834; 2.0155241406; 66.7804928327; 1.9718446575; -77.0763216458; 2.2136995911; -42.4873075215; 2.2255811552; -70.1917835968; 2.0914818800; -31.1520541718; 6.1151792547; -4.9033950823; 3.7905942741; 75.0297409728; 4.4820160349; 91.6942909019; 3.7569374301; -4.3568576845; 4.2906111002; 37.4084931668; 4.2406051564; -33.0431181880
401.00; 2.0211184189; -57.5322891191; 2.0158197917; 65.0399386563; 1.9687844698; -81.5352186079; 2.2158783894; -75.3068083081; 2.2225233988; -64.9707466780; 2.0908568123; -26.3547317718; 6.1152936845; -6.5458025780; 3.7881477178; 83.3326082343; 4.4812488013; 92.6931466595; 3.7543585632; -5.1889933844; 4.2929294467; 18.9793788987; 4.2393883514; -38.0189179435
401.50; 2.0224211451; -55.9103829965; 2.0162888498; 60.3459901513; 1.9655109453; -74.2221953257; 2.2178743509; -103.2312800285; 2.2192886490; -52.8275053611; 2.0901384244; -17.5054410914; 6.1154233159; -8.8910639744; 3.7859953702; 83.8525100205; 4.4807353202; 87.9332478477; 3.7517860433; -6.5828395830; 4.2952709913; -4.8224772982; 4.2381077966; -40.7022833338
402.00; 2.0234845213; -48.9897460371; 2.0169160201; 52.9765225643; 1.9620513267; -58.0358428911; 2.2195948695; -120.3827873294; 2.2159202506; -34.8397500701; 2.0893553606; -5.5973331988; 6.1155595880; -12.2201263230; 3.7841409265; 77.1693120881; 4.4804617974; 77.8772448604; 3.7492185826; -8.3318132350; 4.2975593128; -32.1957798617; 4.2367563502; -41.7903927778
402.50; 2.0243244818; -38.8060482657; 2.0176698260; 43.5402643627; 1.9584902840; -38.0132902937; 2.2209696202; -123.3903906167; 2.2125077111; -13.6180891268; 2.0885527290; 7.7100828572; 6.1156897889; -16.5438865181; 3.7825791821; 64.0551784892; 4.4803986695; 63.5895832679; 3.7466746586; -10.2111806753; 4.2996888631; -59.1520522165; 4.2353435646; -41.9133976489
403.00; 2.0249863424; -27.4195225633; 2.0185237091; 32.7625240189; 1.9548592784; -18.0867783030; 2.2220022353; -113.4586948228; 2.2090871609; 8.0611037421; 2.0877654210; 20.9279285493; 6.1158007107; -21.6479647880; 3.7812533463; 45.2635525632; 4.4805000033; 46.4863850224; 3.7441247520; -12.0001800773; 4.3015966530; -80.4678016505; 4.2338563907; -41.0254853209
403.50; 2.0255141712; -16.5491308808; 2.0194443021; 21.6171125348; 1.9512023035; -0.4763530607; 2.2227280512; -95.1105958856; 2.2057089207; 27.6474421233; 2.0870314088; 32.8204299489; 6.1158761910; -27.0275524396; 3.7800985025; 21.6989837207; 4.4807135729; 28.5988454527; 3.7415496542; -13.4635700880; 4.3032265054; -90.4357715110; 4.2322895729; -38.2755751899
404.00; 2.0259497741; -7.2807744355; 2.0203984387; 11.1316069000; 1.9475510614; 14.0925262187; 2.2232071791; -73.5281700909; 2.2024127852; 43.3594912433; 2.0863843877; 42.5725131725; 6.1158990633; -32.0282769490; 3.7790351977; -5.6878731871; 4.4809860719; 12.3393767806; 3.7389276745; -14.3574137939; 4.3045565501; -85.2991972460; 4.2306407012; -32.5299587249
404.50; 2.0263233886; -0.2347000891; 2.0213426583; 2.3575942268; 1.9439759984; 25.5311738634; 2.2235025621; -52.8611708758; 2.1992705529; 54.0337815867; 2.0858605553; 49.5995690873; 6.1158528755; -35.9762881262; 3.7779864342; -35.2400056691; 4.4812659172; 0.4172582788; 3.7362735448; -14.4399297279; 4.3055923612; -65.2553908483; 4.2289379017; -23.4277385355
405.00; 2.0266619966; 4.4516339909; 2.0222480164; -4.0376016985; 1.9405046992; 34.2268538515; 2.2236793373; -35.1619856726; 2.1963085846; 59.2242938563; 2.0854818513; 53.7093356801; 6.1157247433; -38.5064620172; 3.7768579057; -64.5873533020; 4.4815172108; -5.0550620237; 3.7335809989; -13.6125825878; 4.3063981172; -34.2732633618; 4.2272047704; -11.8945804865
405.50; 2.0269800262; 6.7894158053; 2.0230814731; -7.6150417360; 1.9372047302; 40.3909294451; 2.2237910903; -21.3350112698; 2.1935775020; 58.8166591108; 2.0852659310; 54.8237649979; 6.1155083705; -39.5728176118; 3.7755717786; -89.0972434546; 4.4817206884; -2.8758411655; 3.7308850906; -11.9400235858; 4.3070608843; 1.4447485786; 4.2254967565; -0.1357962285
406.00; 2.0272923069; 6.9225398566; 2.0238415177; -8.3360590672; 1.9340523493; 44.3300830264; 2.2238829795; -11.2173139608; 2.1910405446; 53.0221371998; 2.0852138097; 53.0418245119; 6.1151977755; -39.4756727013; 3.7740344900; -102.9865639525; 4.4818865075; 6.7160047240; 3.7281574014; -9.5936726498; 4.3077009615; 36.9729014179; 4.2238275416; 9.6869847402
406.50; 2.0275994811; 4.9256815812; 2.0245194044; -6.3129766347; 1.9310879352; 46.1443356932; 2.2239858214; -4.6668493046; 2.1887027958; 42.3928530515; 2.0853208193; 48.5488548854; 6.1147961212; -38.6597943894; 3.7722156205; -100.4595038331; 4.4820437003; 21.8997862552; 3.7254313043; -6.9010984712; 4.3084230448; 68.2338236980; 4.2222414713; 15.7241376526
407.00; 2.0278978287; 0.8265325093; 2.0251232926; -1.9332782837; 1.9283175508; 45.8364789041; 2.2241196447; -1.3813796764; 2.1865319594; 27.8143568731; 2.0855722126; 41.6126219680; 6.1143067529; -37.5641509511; 3.7701241363; -80.0558937119; 4.4822401271; 39.8705875707; 3.7227187137; -4.2205387261; 4.3093233953; 93.1847654970; 4.2207563045; 17.1880107692
407.50; 2.0281805122; -5.4418206373; 2.0256777633; 4.1828526373; 1.9257052428; 43.2309093852; 2.2242958004; -1.2061645920; 2.1844560072; 10.3815663277; 2.0859493296; 32.5515712273; 6.1137271317; -36.4202922771; 3.7677962631; -45.8547412205; 4.4825351832; 57.7747475249; 3.7199964840; -1.8362160363; 4.3104912376; 111.2269483144; 4.2193562888; 14.1849857700
408.00; 2.0284310160; -13.9032450007; 2.0262091299; 11.1418540788; 1.9232300962; 37.9532182433; 2.2245150935; -4.1248937441; 2.1824112739; -8.3633512887; 2.0864263893; 21.9028600234; 6.1130573258; -35.3174567271; 3.7653238561; -5.6266548788; 4.4829880579; 73.0125634433; 3.7172606180; 0.0272676977; 4.3119912612; 122.0889157788; 4.2180233798; 7.4994145626
408.50; 2.0286215751; -24.2578392121; 2.0267396902; 17.8730906584; 1.9208979407; 29.5215865112; 2.2247650956; -10.1616853060; 2.1803591051; -26.3292239677; 2.0869656721; 10.6088519060; 6.1123066009; -34.2678422880; 3.7628524433; 32.5842127590; 4.4836436635; 83.6035743797; 3.7145445414; 1.1967799360; 4.3138453125; 125.5532054486; 4.2167467765; -1.4187825727
409.00; 2.0287201253; -35.8289680625; 2.0272963469; 23.4883249193; 1.9186807865; 17.4199732036; 2.2250248578; -19.2962469098; 2.1782444279; -41.5274683355; 2.0875309983; -0.2114281787; 6.1114783413; -33.2668146861; 3.7604988809; 63.8972819572; 4.4845356344; 88.6130771043; 3.7118544267; 1.6177312096; 4.3160641129; 121.4916129665; 4.2154958641; -10.8589209862
409.50; 2.0286904648; -47.3589725948; 2.0279067375; 27.3820376226; 1.9165222017; 1.3664506507; 2.2252652279; -31.2334413421; 2.1760046270; -52.1453453754; 2.0880917637; -9.3640268181; 6.1105692771; -32.3632547844; 3.7583411633; 86.4194361945; 4.4856876458; 87.7809181798; 3.7091737626; 1.3225237938; 4.3186527573; 109.6061398677; 4.2142287985; -19.2937666403
410.00; 2.0284962072; -56.6008219850; 2.0285810250; 29.1327268383; 1.9143946230; -17.3797743662; 2.2254432651; -44.7831321808; 2.1736338662; -56.4061770620; 2.0886118279; -15.5867561597; 6.1095927827; -31.7341127041; 3.7564716440; 99.5684266385; 4.4870842876; 81.2403527323; 3.7065349910; 0.4136431515; 4.3215442176; 89.8662635680; 4.2129311112; -25.6070945834
410.50; 2.0281045798; -61.1604093015; 2.0293398462; 28.6263899061; 1.9122016810; -35.9734146308; 2.2255159995; -58.2687281251; 2.1710813733; -53.3663560338; 2.0890790189; -18.3744545437; 6.1085348430; -31.5639802342; 3.7548989405; 104.0321217349; 4.4887286527; 69.2559589808; 3.7038945233; -0.9828415886; 4.3247239941; 62.2010439405; 4.2115590759; -29.7444134069
411.00; 2.0275103812; -58.8167748173; 2.0301694978; 25.9077952598; 1.9099250166; -48.7681627436; 2.2254368562; -68.6875002062; 2.1684076981; -43.3996102396; 2.0894748490; -17.8534864733; 6.1074165568; -31.9702327025; 3.7536648260; 100.3763492514; 4.4905518861; 52.6743078255; 3.7013012542; -2.6638591393; 4.3280439038; 28.5687178848; 4.2101239796; -32.2569787205
411.50; 2.0267144366; -48.7701277703; 2.0310773565; 21.1520275452; 1.9074803400; -50.5110144578; 2.2251689275; -73.6148923129; 2.1655973066; -28.1491111001; 2.0898078806; -14.9053384791; 6.1062164817; -32.8625840522; 3.7527328635; 89.1788254500; 4.4925351468; 32.1162159801; 3.6987046894; -4.4714610510; 4.3314577907; -8.3193595729; 4.2085897984; -34.0818509050
412.00; 2.0257586372; -32.0874737694; 2.0320434051; 14.8065708093; 1.9048718633; -39.0693825943; 2.2246950546; -71.8619637242; 2.1627134633; -10.5241252314; 2.0900855449; -10.8039562612; 6.1049378297; -33.8887874843; 3.7520728714; 71.0618473440; 4.4946048718; 9.0793326544; 3.6961145797; -6.1875303245; 4.3348318896; -42.7587601889; 4.2069565202; -35.6229507457
412.50; 2.0246977866; -11.0225281967; 2.0330525416; 7.4998657635; 1.9021145804; -17.2424470471; 2.2240149657; -64.3405532484; 2.1597919221; 6.6796830383; 2.0903231987; -6.7270206295; 6.1035680604; -34.4467958988; 3.7516239735; 46.4602761565; 4.4967043477; -14.5905472530; 3.6935089842; -7.6366325336; 4.3380806356; -68.1437059866; 4.2052056250; -36.2711729374
413.00; 2.0236131968; 11.5020503827; 2.0340746466; 0.1523614988; 1.8992859971; 8.9865328461; 2.2231533225; -53.3737829140; 2.1568987630; 21.1657737473; 2.0905337237; -3.5879551891; 6.1021104645; -33.7922078333; 3.7513122069; 16.2824280871; 4.4987519684; -36.6652117740; 3.6908952507; -8.6401403643; 4.3411096051; -78.5796090472; 4.2033399337; -34.5211915190
413.50; 2.0225868301; 33.0323474281; 2.0350833255; -6.2683635159; 1.8964659071; 34.1261342923; 2.2221438339; -41.2578872035; 2.1540780684; 31.6519333976; 2.0907286293; -1.8970123847; 6.1005660065; -31.3010963412; 3.7510440465; -18.2311291108; 4.5006804999; -54.8482050633; 3.6882701019; -9.0699407481; 4.3438857892; -72.1836068581; 4.2013621767; -28.9084295653
414.00; 2.0216959099; 51.9236041691; 2.0360564933; -10.9814789283; 1.8937276108; 55.1017560506; 2.2210231317; -29.5085941826; 2.1513574734; 37.6447256178; 2.0909154404; -1.8605730320; 6.0989391719; -26.6712312789; 3.7507121767; -54.9003728898; 4.5024372199; -67.3612449641; 3.6856283158; -8.8737499412; 4.3464322444; -51.9397852683; 4.1992846003; -19.1372942747
414.50; 2.0210171597; 67.0394519593; 2.0369680656; -13.5801997477; 1.8911602624; 70.7795169172; 2.2198391000; -18.9748558461; 2.1487786808; 39.0765699976; 2.0910946719; -3.4958800173; 6.0972582884; -20.1170736164; 3.7502064083; -89.4548513034; 4.5039690637; -72.8352613400; 3.6829943062; -8.0922954001; 4.3487889306; -24.2549981773; 4.1971546466; -6.6869040425
415.00; 2.0205988428; 78.0832855396; 2.0378185980; -14.2154254347; 1.8887841792; 81.6396340044; 2.2186129428; -9.8184868904; 2.1463163120; 36.1920426839; 2.0912652990; -6.7249693281; 6.0955244422; -12.1556204893; 3.7494137916; -115.8633287740; 4.5052773614; -71.1494116935; 3.6803414154; -6.8417353250; 4.3510683734; 4.6166498936; 4.1949862155; 6.1387687235
415.50; 2.0204862084; 84.7398654973; 2.0385981343; -13.3222732458; 1.8866557163; 88.3937816892; 2.2173860478; -2.2331043375; 2.1439835544; 29.4164728101; 2.0914177160; -11.3702309695; 6.0937779540; -3.7026411487; 3.7482600035; -126.5134641555; 4.5063564145; -63.2432228010; 3.6776988080; -5.3256304052; 4.3533388783; 29.5864034931; 4.1928384551; 16.7851973194
416.00; 2.0207034819; 86.9026902122; 2.0393113472; -11.3780687019; 1.8847948942; 91.9209908066; 2.2161830408; 3.7235257914; 2.1417577189; 19.3139712307; 2.0915394514; -17.2401929160; 6.0920443392; 4.4656842843; 3.7467139254; -116.9602459254; 4.5072335292; -51.0053430334; 3.6750716249; -3.7795091504; 4.3556782944; 48.1623220512; 4.1907432633; 23.6417719681
416.50; 2.0212587190; 84.4843095014; 2.0399678072; -8.7202548898; 1.8832109230; 92.9219682286; 2.2150225838; 7.9524759002; 2.1396054283; 6.6705361534; 2.0916141978; -24.0897695175; 6.0903475752; 11.7269666888; 3.7448073133; -89.0799758115; 4.5079499539; -36.7691433395; 3.6724646106; -2.4357099129; 4.3581449130; 59.4924844225; 4.1887199458; 26.1412673615
417.00; 2.0221545510; 77.3307437610; 2.0405903773; -5.5278433557; 1.8818826917; 91.9672228695; 2.2139000745; 10.3925842848; 2.1374531198; -7.6106451552; 2.0916232732; -31.7012605249; 6.0886830572; 17.8305950487; 3.7425978857; -49.7885042010; 4.5085634337; -22.5192206905; 3.6698423068; -1.4728094892; 4.3608132986; 63.8218423760; 4.1867435380; 24.6706626040
417.50; 2.0233638566; 65.4531437373; 2.0411907657; -2.0633116903; 1.8808162217; 89.3272871963; 2.2128297189; 10.8314061338; 2.1352689411; -22.0488858744; 2.0915441129; -39.6066222161; 6.0870789835; 22.5793456232; 3.7402209804; -8.1774686131; 4.5091167921; -10.0540032566; 3.6672246147; -1.0276047304; 4.3636823527; 61.3343695993; 4.1848199603; 20.2452618397
418.00; 2.0248306489; 49.2802396844; 2.0417793519; 1.2642176733; 1.8800136307; 85.0683151835; 2.2118238381; 9.0784574702; 2.1330337306; -34.8643755045; 2.0913549335; -47.1189675778; 6.0855673039; 25.9162756339; 3.7378351373; 28.7606469862; 4.5096452893; -0.5460204489; 3.6646448286; -1.1563998531; 4.3667100537; 52.3631176760; 4.1829557486; 14.3929952695
418.50; 2.0265051674; 29.5538405649; 2.0423770551; 3.9881347590; 1.8794531749; 78.8986033544; 2.2108684338; 4.9917724952; 2.1306953977; -44.5157447717; 2.0910335326; -53.5194253887; 6.0841473959; 27.8924262543; 3.7355420847; 58.0803950890; 4.5101846546; 5.5948401774; 3.6620886681; -1.8296662848; 4.3698846578; 37.0213815008; 4.1811191165; 8.5585917660
419.00; 2.0283210977; 7.8271860424; 2.0430007878; 5.5947294475; 1.8791109306; 70.2257851819; 2.2099455082; -1.3637054811; 2.1282199589; -49.6201823619; 2.0905613531; -57.9073201288; 6.0828200852; 28.5221270970; 3.7334275704; 78.9428692421; 4.5107580587; 8.2622909789; 3.6595495200; -2.9542569302; 4.3731646576; 15.3357661344; 4.1792851545; 3.7386459925
419.50; 2.0302153598; -13.5154221569; 2.0436668974; 5.6608652750; 1.8789543422; 58.1316424205; 2.2090247969; -9.6488112559; 2.1255744665; -49.1951655645; 2.0899228908; -59.3754700215; 6.0815755052; 27.7729332143; 3.7315403090; 91.6349959202; 4.5113809064; 7.5319544270; 3.6570061802; -4.3874254666; 4.3765065812; -12.5173078159; 4.1774225643; 0.1550242645
420.00; 2.0321144646; -31.1434954295; 2.0443819660; 3.9121803281; 1.8789429163; 41.7836031036; 2.2080756907; -18.8596428012; 2.1227596949; -42.9418426121; 2.0891144995; -57.1885421280; 6.0804086132; 25.6551362031; 3.7299180415; 96.5248543946; 4.5120542208; 3.5712642009; 3.6544534315; -5.9418850147; 4.3798261121; -45.3193272268; 4.1755161630; -2.7560831948
420.50; 2.0339380278; -41.4750324870; 2.0451376344; 0.3008566642; 1.8790221868; 21.1594642182; 2.2070744835; -27.2852282667; 2.1198257950; -31.6519458719; 2.0881536112; -51.1674833618; 6.0793221760; 22.3699596349; 3.7285899171; 93.9502660266; 4.5127614038; -3.2506798354; 3.6519130026; -7.3919856252; 4.3829884821; -80.1138169367; 4.1735736193; -5.8282567591
421.00; 2.0356748794; -42.5044347345; 2.0459353830; -5.0843351642; 1.8791250903; -2.5870636385; 2.2059768838; -33.2638387580; 2.1167714730; -16.8810724264; 2.0870489731; -41.6878508856; 6.0782891689; 18.2763824923; 3.7275280694; 84.0760520896; 4.5134929864; -12.4723417884; 3.6493474017; -8.5513590377; 4.3859279337; -112.5210144700; 4.1715572558; -9.4833359404
421.50; 2.0373243275; -34.3832626819; 2.0467607129; -11.9300406442; 1.8791742541; -25.5550255044; 2.2047583049; -35.6198865135; 2.1136410363; -0.7647075708; 2.0858310988; -29.7463755898; 6.0772937467; 14.0118176184; 3.7267003536; 67.0510109554; 4.5142236105; -23.2608462065; 3.6467507245; -9.2408829780; 4.3885465660; -136.2864869667; 4.1694509708; -12.9793516891
422.00; 2.0389095492; -19.6283576518; 2.0475886081; -19.6622330319; 1.8790945570; -41.4342899329; 2.2034127593; -34.2812720677; 2.1104993816; 14.6509144925; 2.0845451377; -16.7058326309; 6.0763247715; 10.3680034383; 3.7260568561; 43.3693813871; 4.5149191637; -34.3412826778; 3.6441322259; -9.3214753910; 4.3907600637; -145.5847533220; 4.1672506602; -14.2373192610
422.50; 2.0404804778; -1.9704847681; 2.0483915189; -27.4956381756; 1.8788342472; -44.4528104012; 2.2019454197; -30.1439286739; 2.1074030123; 27.9399228865; 2.0832381207; -3.8849595752; 6.0753711203; 8.0596129060; 3.7255248496; 14.0589363361; 4.5155462377; -44.1155534334; 3.6414983614; -8.7048648354; 4.3925367234; -138.0570996308; 4.1649562535; -10.8284953513
423.00; 2.0420960006; 15.0742586460; 2.0491406426; -34.5177344441; 1.8783836116; -33.1220776193; 2.2003727826; -24.3329075531; 2.1044021879; 38.3381588824; 2.0819571119; 7.6410747495; 6.0744263537; 7.4920882226; 3.7250147332; -18.8407593271; 4.5160757554; -50.8980396736; 3.6388590150; -7.3609564972; 4.3938989809; -116.0631049669; 4.1625842344; -1.4998644631
423.50; 2.0438520042; 29.3396685917; 2.0498273204; -40.0566853743; 1.8777668214; -11.1194084279; 2.1986791884; -17.5904355351; 2.1014654966; 45.7742005136; 2.0807144282; 17.3730070980; 6.0734667225; 8.6548094490; 3.7244137926; -52.6429683954; 4.5165002607; -53.3452788765; 3.6361621600; -5.2769173201; 4.3949456024; -84.7675838980; 4.1601121498; 13.0685578484
424.00; 2.0457802448; 39.2861270734; 2.0504240617; -43.5216322279; 1.8770577436; 14.7098075148; 2.1969046631; -10.5348491627; 2.0986487143; 50.1081265681; 2.0795579915; 24.7202606168; 6.0725047314; 11.1046198612; 3.7236246872; -81.2871703850; 4.5168094256; -50.4967977697; 3.6334439840; -2.5470360808; 4.3957620023; -50.7980041078; 4.1576118439; 29.9979102359
424.50; 2.0478873381; 44.3648761124; 2.0509111987; -44.7982161590; 1.8763466424; 38.4740805650; 2.1950971389; -3.6427230695; 2.0960018664; 51.3652980851; 2.0785290513; 29.3252073564; 6.0715594264; 14.1171649816; 3.7225729270; -96.8158313823; 4.5170111605; -42.4422737446; 3.6307500435; 0.6479241413; 4.3964450612; -19.3730233538; 4.1551698557; 45.7877022780
425.00; 2.0502076842; 44.7326253751; 2.0512900561; -44.2107187698; 1.8757011231; 57.5408365399; 2.1932629763; 2.8423904920; 2.0935012549; 49.6853967237; 2.0776340808; 31.1043012926; 6.0706295101; 17.0277428234; 3.7212052230; -93.2556400906; 4.5171357789; -30.1931380020; 3.6280645260; 4.1427601520; 4.3971014131; 7.2303830842; 4.1528118766; 58.0407599727
425.50; 2.0527192173; 40.6820204386; 2.0515611629; -42.2024376061; 1.8751854445; 71.1336818663; 2.1914391891; 8.5239870964; 2.0911598406; 45.2217200483; 2.0768873648; 30.0156947601; 6.0697299163; 19.2527684890; 3.7195493667; -69.9163478882; 4.5172230467; -15.7050464396; 3.6254200153; 7.6764673323; 4.3978094883; 27.6628959206; 4.1505946950; 65.3623106287
426.00; 2.0554441394; 32.4849673844; 2.0517377006; -39.0702821393; 1.8748334373; 80.0261674600; 2.1896155083; 13.1402620813; 2.0889242293; 38.1043862736; 2.0762748396; 26.1070423518; 6.0688513704; 20.4766612727; 3.7176558535; -32.1696276943; 4.5173217135; -0.8261177400; 3.6227844489; 11.0642739058; 4.3986453405; 42.0112247065; 4.1485048715; 67.7096085881
426.50; 2.0583489171; 20.4485950239; 2.0518321516; -34.9718059771; 1.8746736016; 85.1290081950; 2.1878086851; 16.2961599206; 2.0867733911; 28.7216263175; 2.0757866703; 19.5483482165; 6.0679968045; 20.5688197636; 3.7156457628; 11.0207743109; 4.5174797743; 12.5832536558; 3.6201699183; 14.0804338068; 4.3996545228; 50.1589433666; 4.1465514614; 65.7377522330
427.00; 2.0613716199; 4.9967893243; 2.0518608302; -30.0151367187; 1.8747222766; 87.3052694874; 2.1860389800; 17.5382044543; 2.0846896145; 17.8534451045; 2.0754061197; 10.7750596273; 6.0671697511; 19.5171366173; 3.7136665217; 51.4714957237; 4.5177392263; 23.1559185030; 3.6176000351; 16.5185566292; 4.4008574996; 52.0457324955; 4.1447388260; 60.6597596862
427.50; 2.0644830024; -13.5080440972; 2.0518443163; -24.3599901784; 1.8749862313; 87.2702937081; 2.1842935267; 16.3856270149; 2.0826194246; 6.4893276808; 2.0751028365; 0.4090329837; 6.0663578558; 17.3711958513; 3.7118267631; 84.8470343917; 4.5181363913; 30.2546849201; 3.6150581684; 18.2653856699; 4.4022722827; 47.5254275430; 4.1430338036; 53.7706758911
428.00; 2.0676397467; -34.4303451326; 2.0518053316; -18.3927613827; 1.8754683445; 85.4539711068; 2.1825548010; 12.3092612573; 2.0805117550; -4.0125081217; 2.0748427737; -10.5271334128; 6.0655471425; 14.1545088373; 3.7102178265; 109.4788290627; 4.5186982012; 33.5899670544; 3.6125303069; 19.2612228485; 4.4038981076; 36.3591308051; 4.1414020563; 46.0852600002
428.50; 2.0707158619; -56.2242911298; 2.0517686517; -12.8295998101; 1.8761548907; 82.0812515572; 2.1808367601; 5.0355379162; 2.0783684716; -11.8754901544; 2.0745959817; -20.3340889092; 6.0647398525; 9.9599784900; 3.7089416739; 124.8528665715; 4.5194266643; 33.0516141373; 3.6100603374; 19.4909345722; 4.4056754135; 18.6167887583; 4.1398456510; 38.2426426275
429.00; 2.0736581886; -77.2564286956; 2.0517565999; -8.2963077035; 1.8770393806; 77.0889407124; 2.1791009507; -5.2638199656; 2.0761489115; -15.8423074919; 2.0743292181; -27.3570632836; 6.0639160031; 4.8090223575; 3.7080335186; 131.6313375007; 4.5203255241; 28.7620113470; 3.6076293937; 19.0115392782; 4.4075633031; -5.1758350675; 4.1383269729; 30.0440812999
429.50; 2.0763926588; -95.2528874833; 2.0517876725; -5.3663434399; 1.8781056486; 70.1862907745; 2.1773126981; -17.3755208387; 2.0738414159; -15.2126686257; 2.0740195546; -30.1251622159; 6.0630593715; -1.1275539958; 3.7075125976; 130.3109012843; 4.5213814969; 20.9677486551; 3.6052361195; 17.9278288547; 4.4094884209; -33.0615850918; 4.1368196809; 21.0029043067
430.00; 2.0788752796; -107.9864355143; 2.0518743560; -4.4056232548; 1.8793398320; 60.7450718702; 2.1754184733; -28.9120124367; 2.0714320053; -10.2423408006; 2.0736546637; -27.9870289168; 6.0621454314; -7.4664140346; 3.7073703809; 121.1768467868; 4.5225781572; 10.0323536603; 3.6028604944; 16.3956368510; 4.4113778970; -61.4584224941; 4.1352839109; 10.8675731297
430.50; 2.0810573744; -113.7633391745; 2.0520210555; -5.5585504150; 1.8807112668; 48.1171048641; 2.1733818243; -36.6444829630; 2.0689399902; -2.0832439029; 2.0732399104; -21.3880780949; 6.0611560750; -13.6346413700; 3.7075790420; 104.4445901654; 4.5238801180; -3.3246276213; 3.6005018874; 14.6310304790; 4.4131400057; -84.7289847846; 4.1336891381; 0.4899503258
431.00; 2.0828957966; -112.2681528032; 2.0522217373; -8.6623738722; 1.8821646190; 32.1337705820; 2.1711999098; -37.9348321878; 2.0664199335; 7.5498610838; 2.0727989179; -11.8320422454; 6.0600845621; -18.7880356184; 3.7080826170; 80.7620577955; 4.5252304166; -17.8454265497; 3.5981825754; 12.9027369923; 4.4146816897; -96.6552772207; 4.1320203460; -7.8012644357
431.50; 2.0843970334; -104.8788913566; 2.0524633839; -13.2515612269; 1.8836465665; 13.4989166787; 2.1688723271; -32.2304561807; 2.0639070293; 17.1025029226; 2.0723606535; -1.1939193904; 6.0589188367; -22.2237571124; 3.7088036252; 51.2075089284; 4.5265803659; -32.0352328361; 3.5959022174; 11.4871479396; 4.4159632048; -93.5187231109; 4.1302543130; -11.1106922968
432.00; 2.0856205905; -93.7163771721; 2.0527325287; -18.7045942451; 1.8851297974; -5.9096249114; 2.1663667034; -20.7489364546; 2.0613781746; 25.6044556510; 2.0719475287; 8.9972627811; 6.0576247107; -23.5551757403; 3.7096649713; 16.7522999484; 4.5279131558; -44.5326741648; 3.5936091284; 10.6252463315; 4.4170188809; -75.5349627163; 4.1283418156; -7.4475362751
432.50; 2.0865887496; -81.3311891301; 2.0530029032; -24.0305633527; 1.8865322900; -21.4021016292; 2.1637538746; -5.8442614021; 2.0588958116; 32.2016045438; 2.0715957658; 17.2724277243; 6.0562173641; -22.6636404553; 3.7105481894; -19.5275066041; 4.5291695581; -53.5571753301; 3.5913342798; 10.5672190054; 4.4178856920; -47.0923288807; 4.1263195990; 3.0453422167
433.00; 2.0873496704; -69.4447456178; 2.0532523901; -28.2892882711; 1.8878095499; -27.7831556342; 2.1610732325; 10.5203700004; 2.0564724879; 36.6387427196; 2.0713287370; 22.8448324878; 6.0546966774; -19.8569466753; 3.7113433339; -53.5515670533; 4.5303237923; -58.0133663982; 3.5890713223; 11.4596369191; 4.4186519264; -14.0563428476; 4.1242131011; 17.9810682082
433.50; 2.0879404169; -59.1947529024; 2.0534593488; -30.7391740890; 1.8889316452; -21.9265295220; 2.1583985626; 26.7914598386; 2.0541404741; 38.7388572496; 2.0711645913; 25.2870998959; 6.0530848915; -15.7535247859; 3.7119388877; -79.1215468919; 4.5313512776; -57.4851675025; 3.5868415372; 13.3262449887; 4.4194113342; 17.9147438918; 4.1220848322; 33.6747386142
434.00; 2.0883942622; -51.0010010957; 2.0536089946; -31.1279948468; 1.8899102620; -5.2671261917; 2.1558018603; 41.8719037537; 2.0519218038; 38.4328482378; 2.0711103088; 24.5326954693; 6.0514083534; -11.1392224301; 3.7122529637; -89.5355675755; 4.5322451831; -52.5291836537; 3.5846671118; 16.0269338396; 4.4202547886; 45.0314722108; 4.1199989434; 46.7890663576
434.50; 2.0887379549; -44.9290800071; 2.0536945892; -29.7226873853; 1.8907931256; 17.0290866890; 2.1533501921; 54.8964457625; 2.0498294758; 35.7022196670; 2.0711615957; 20.7124991669; 6.0496955234; -6.6974066425; 3.7122548918; -81.0744172439; 4.5330139652; -44.4842842662; 3.5825717928; 19.2768702665; 4.4212564911; 65.3156392640; 4.1180111619; 55.2652379474
435.00; 2.0889967773; -40.8042506055; 2.0537177684; -27.0660267964; 1.8916634582; 39.6379237417; 2.1510566249; 65.3632935636; 2.0478285572; 30.4660601152; 2.0713052990; 13.9955804576; 6.0479413482; -2.8513242166; 3.7119743130; -55.7402092837; 4.5336907146; -34.9000820741; 3.5805402575; 22.7556506420; 4.4224880487; 78.4310612428; 4.1161246995; 58.5502338605
435.50; 2.0891832423; -38.5423395968; 2.0536833120; -23.6964285453; 1.8925941417; 58.6013416190; 2.1489588103; 72.5947384720; 2.0459043911; 22.6636184499; 2.0715191895; 4.6308471875; 6.0461606866; 0.1458634060; 3.7114918929; -20.7162990424; 4.5343024909; -25.3845951920; 3.5785851672; 26.0656196651; 4.4239870316; 84.2950175928; 4.1143534263; 56.9433131173
436.00; 2.0893028881; -38.0446122565; 2.0535987822; -19.8838747869; 1.8936486693; 72.2778750413; 2.1470809348; 75.9151417042; 2.0440315497; 12.2979169464; 2.0717730167; -7.0797427028; 6.0443628668; 2.2115992399; 3.7109179998; 15.5226105579; 4.5348769628; -17.1556956486; 3.5767154171; 28.8376649859; 4.4257711080; 82.9327800989; 4.1126937757; 51.3798656661
436.50; 2.0893533857; -39.2915592714; 2.0534748046; -15.6603861394; 1.8948619437; 80.4251524550; 2.1454547684; 74.5564258940; 2.0421976120; -0.3307628676; 2.0720262555; -20.5539211850; 6.0425743061; 3.3514395758; 3.7103730472; 46.4339883312; 4.5354312776; -11.0608588166; 3.5749586207; 30.7172345995; 4.4278148659; 74.4130306192; 4.1111485216; 43.1630059591
437.00; 2.0893274631; -42.1501417269; 2.0533242221; -10.9502378353; 1.8962531368; 83.8561479897; 2.1440861020; 67.8110633502; 2.0403757457; -14.3708070833; 2.0722339520; -34.9908390164; 6.0408114917; 3.6353430810; 3.7099574596; 69.0412866207; 4.5359782292; -7.4892870672; 3.5733307860; 31.4495404051; 4.4300739585; 58.8417472148; 4.1097046463; 33.5463553635
437.50; 2.0892112305; -46.4224231843; 2.0531578527; -5.6878625906; 1.8978673409; 83.6420656906; 2.1429240146; 54.8740403773; 2.0384818704; -28.8646941132; 2.0723539854; -49.6940694986; 6.0390368632; 3.1366513865; 3.7097335682; 83.3138155531; 4.5365386580; -6.4834608370; 3.5717970776; 30.9128443225; 4.4325484408; 35.9264949652; 4.1083029374; 23.0899922341
438.00; 2.0889858238; -51.6444102484; 2.0529925874; -0.1911123457; 1.8997056237; 80.7512327300; 2.1419334295; 35.5632829993; 2.0364751744; -41.8806796234; 2.0723375836; -63.2164045067; 6.0372537410; 1.9137834284; 3.7097489695; 89.6510378561; 4.5371119965; -8.0578054858; 3.5703596352; 29.0642564229; 4.4351620189; 6.2147785872; 4.1069175797; 12.0139931297
438.50; 2.0886298607; -56.9906391704; 2.0528468682; 4.9733912435; 1.9017576054; 76.1434599486; 2.1410587104; 11.0616851169; 2.0343216635; -51.3509878051; 2.0721398389; -73.7597657032; 6.0354649813; 0.0570099875; 3.7100253430; 88.7759084933; 4.5376890511; -12.1203216515; 3.5690176554; 25.9785503285; 4.4378136746; -28.5595475042; 4.1055216901; 0.1583243071
439.00; 2.0881157463; -61.4472296308; 2.0527361567; 9.2334491317; 1.9040401939; 70.6369291830; 2.1402131730; -15.7385537857; 2.0319635049; -55.5187793061; 2.0717210890; -79.6695382901; 6.0336429995; -2.2922074987; 3.7105666392; 81.2772567233; 4.5382620151; -18.5232021810; 3.5677454927; 21.7941924143; 4.4404277680; -65.2826111940; 4.1040629340; -12.7460393773
439.50; 2.0874267226; -63.6984117983; 2.0526755185; 11.9898067603; 1.9065268154; 65.0291148090; 2.1393189241; -39.1918044001; 2.0294013955; -53.3814893992; 2.0710603981; -79.6026359494; 6.0317932991; -4.8430946510; 3.7113497378; 67.6261990177; 4.5388046399; -26.8291390193; 3.5665399788; 16.8271415105; 4.4428707993; -97.9597584690; 4.1025120193; -25.8906269473
440.00; 2.0865613493; -62.5355957703; 2.0526741187; 12.8793997158; 1.9091711521; 59.8325131783; 2.1383140081; -52.8938371212; 2.0266747198; -45.3858240353; 2.0701633039; -73.3232324322; 6.0299328974; -7.1295912606; 3.7123232853; 48.5252007024; 4.5392817696; -36.2083989079; 3.5654023615; 11.5403842653; 4.4450080791; -119.1798852403; 4.1008491768; -37.0101746795
440.50; 2.0855282759; -57.2836341805; 2.0527328191; 11.8734865012; 1.9119438055; 55.0573592722; 2.1371617189; -53.3302207485; 2.0238242095; -33.0960541699; 2.0690532331; -61.8443272296; 6.0280662144; -8.7076293727; 3.7134219488; 24.9206183250; 4.5396599564; -45.5034184265; 3.5643234032; 6.4411516791; 4.4467623380; -123.5752590126; 4.0990503039; -42.9812806363
441.00; 2.0843385644; -47.9863553720; 2.0528458131; 9.2251834382; 1.9148518951; 50.1973856993; 2.1358530023; -41.6463225154; 2.0208671495; -18.3700384004; 2.0677563996; -46.8620043752; 6.0261757300; -9.2732801934; 3.7145802810; -2.1395151015; 4.5399115222; -53.3563042584; 3.5632805358; 1.9959529504; 4.4481328310; -110.4458170225; 4.0970839612; -41.2337062963
441.50; 2.0830209213; -35.4534706057; 2.0530012685; 5.4255902251; 1.9178920989; 44.5993182270; 2.1344207469; -22.3655535819; 2.0178386908; -3.1111341673; 2.0663128073; -30.3124916287; 6.0242545202; -8.6898921519; 3.7157184384; -30.9736204835; 4.5400107354; -58.2474668199; 3.5622582432; -1.3419257415; 4.4491624728; -83.9053484886; 4.0949481567; -31.0914271012
442.00; 2.0816372182; -21.1790989756; 2.0531802824; 1.2015274351; 1.9210092450; 37.4131178127; 2.1329453011; -0.9303691384; 2.0148242690; 10.9925882190; 2.0647908181; -14.1561895584; 6.0223304061; -7.1574705280; 3.7167329926; -58.6050997713; 4.5399397305; -58.8017733049; 3.5612612089; -3.1655767303; 4.4499187551; -51.2365263461; 4.0927013838; -14.5880244833
442.50; 2.0802358433; -6.5211726191; 2.0533644420; -2.7766198465; 1.9241888940; 28.3967394328; 2.1314926430; 19.0662655311; 2.0118595061; 23.0309507782; 2.0632360617; 0.3936956787; 6.0204049832; -5.1022381847; 3.7175417680; -81.2927366161; 4.5396961107; -54.2920257593; 3.5602832849; -3.3126191364; 4.4505040913; -19.0211734985; 4.0903896565; 4.7342176675
443.00; 2.0788671663; 7.3936894184; 2.0535361564; -6.0283811239; 1.9274088459; 18.5736480045; 2.1301255574; 35.7233044653; 2.0089756834; 32.4642164068; 2.0616901319; 12.5605922209; 6.0184827341; -3.0312465014; 3.7180767796; -93.8893153476; 4.5392926874; -44.8279525515; 3.5593242471; -1.8164657410; 4.4510175900; 8.4062957786; 4.0880689229; 23.1973566559
443.50; 2.0775786045; 19.7571049151; 2.0536806147; -8.4176081349; 1.9306446970; 10.4997048330; 2.1288967610; 48.2984211689; 2.0061959981; 39.0049091605; 2.0601873343; 21.8942679363; 6.0165678833; -1.3900847708; 3.7183006179; -91.5747374108; 4.5387571976; -31.3870217863; 3.5583887357; 1.0697226728; 4.4515430744; 29.0359441015; 4.0857923052; 38.1569984661
444.00; 2.0764250334; 29.9198039005; 2.0537850034; -10.1332061000; 1.9338432560; 7.2756218164; 2.1278587984; 56.4921483779; 2.0035638907; 42.3515328194; 2.0587692457; 28.0334608950; 6.0146833359; -0.4746035842; 3.7182204612; -72.8850782337; 4.5381356614; -15.7240499494; 3.5574951664; 4.9076717129; 4.4521375399; 42.3135589787; 4.0836260936; 48.1687325021
444.50; 2.0754216893; 37.7134080349; 2.0538424490; -11.5954833840; 1.9370527247; 10.4530052886; 2.1270218801; 60.3579331347; 2.0010416588; 42.2990435834; 2.0574295547; 30.9335083454; 6.0127986532; -0.3885695537; 3.7178942065; -41.0310899068; 4.5374652257; 0.5825927222; 3.5566402659; 9.2773885038; 4.4528515089; 48.8618561087; 4.0815629805; 53.1604376520
445.00; 2.0746198564; 42.7545363057; 2.0538445112; -13.0445777242; 1.9402036992; 18.6797272108; 2.1264209389; 59.6143313980; 1.9986910817; 38.6065760341; 2.0562108950; 30.4527940015; 6.0109614828; -1.0793910172; 3.7174305920; -3.9506170194; 4.5368129124; 15.5196180483; 3.5558589856; 13.5690015647; 4.4536858386; 49.0836933751; 4.0796703406; 53.5481355826
445.50; 2.0740202623; 45.0514520470; 2.0537851252; -14.4329095827; 1.9433805742; 28.6863889614; 2.1260432439; 53.9012461990; 1.9964562842; 31.0686963446; 2.0550897589; 26.6068870150; 6.0091360464; -2.3820713130; 3.7169395953; 31.8496284478; 4.5362134578; 28.1865650593; 3.5551496466; 17.4122143051; 4.4546549347; 43.3410089213; 4.0779151118; 50.2828978987
446.00; 2.0736324879; 44.5515380605; 2.0536592005; -15.3061437015; 1.9465971243; 36.6954162188; 2.1258745622; 42.6750293898; 1.9943264807; 19.8413019921; 2.0540619823; 19.6299436410; 6.0073287698; -4.1091667488; 3.7165377598; 61.3508240100; 4.5357101608; 37.7405277113; 3.5545272913; 20.4108900090; 4.4557350685; 31.7122290071; 4.0762990589; 44.3284739190
446.50; 2.0734509612; 41.3051670549; 2.0534638006; -14.9986694456; 1.9498833463; 40.2635383524; 2.1258796446; 25.2659837244; 1.9922634947; 5.5913517574; 2.0531058228; 10.0342008691; 6.0055315492; -6.1144986396; 3.7163186505; 82.4585009697; 4.5353324427; 43.7860427188; 3.5539985804; 22.2898471358; 4.4568913308; 14.2010685467; 4.0748033525; 36.3946357620
447.00; 2.0734590546; 35.4203309139; 2.0531977586; -12.9278767831; 1.9532984710; 38.5737548546; 2.1260046436; 0.9343953381; 1.9901935075; -10.4008950321; 2.0521796236; -1.3565085300; 6.0037120048; -8.3723676436; 3.7163487244; 94.9827855877; 4.5350951095; 46.1612530401; 3.5535601331; 22.8993210135; 4.4580862377; -9.1214559523; 4.0733848998; 26.6480631656
447.50; 2.0736327069; 27.3254885060; 2.0528729832; -8.9095780218; 1.9567925113; 32.0274609005; 2.1261717616; -29.5855474935; 1.9880945807; -25.5120162773; 2.0512623387; -12.8273204419; 6.0018868315; -10.8578070287; 3.7166701014; 99.1529429745; 4.5350100221; 44.7382496426; 3.5532175775; 22.1639809874; 4.4592321733; -36.5720205310; 4.0720355037; 15.1193274454
448.00; 2.0739424560; 17.5087114936; 2.0524998452; -3.1676733933; 1.9604021138; 21.7014465855; 2.1262867283; -64.4324900856; 1.9858854014; -36.9145548103; 2.0503051091; -22.4641294489; 6.0000180452; -13.6184519689; 3.7173047219; 95.6954498129; 4.5350727223; 39.5235229368; 3.5529608058; 20.1399374062; 4.4602624236; -65.4751930140; 4.0707002948; 1.5522085506
448.50; 2.0743492940; 6.9399206592; 2.0521014682; 3.5727842106; 1.9640813946; 9.2824121738; 2.1262378795; -98.2945933883; 1.9835384677; -41.6659027347; 2.0492832915; -27.9651202312; 5.9981035951; -16.5877110626; 3.7182443358; 85.2688262666; 4.5352687474; 30.7780874489; 3.5527826725; 17.0478118226; 4.4610824879; -90.5137078497; 4.0693450296; -13.4019034076
449.00; 2.0748080098; -2.9684252589; 2.0517069762; 10.3162060978; 1.9677538959; -3.1102370906; 2.1259181710; -123.2164283688; 1.9810629355; -38.0573294358; 2.0481921746; -27.5718988878; 5.9961532023; -19.5641574630; 3.7194491514; 68.8017690726; 4.5355697786; 19.2557229880; 3.5526730136; 13.3047310820; 4.4616070579; -105.1123770177; 4.0679391364; -27.6271604765
449.50; 2.0752850286; -10.7985268066; 2.0513370025; 16.2508584784; 1.9714186682; -13.5903956645; 2.1252444949; -132.5261469802; 1.9784441397; -26.2727921012; 2.0470236801; -20.8308107250; 5.9941366951; -22.2899787121; 3.7208819842; 47.1901260324; 4.5359437782; 6.0488297737; 3.5526168894; 9.3917573074; 4.4617970993; -104.4020840933; 4.0664249293; -38.0421019175
450.00; 2.0757527944; -15.1532179523; 2.0510112770; 20.7203642953; 1.9750613503; -20.5266087088; 2.1241805171; -123.9311635807; 1.9757039203; -7.8932627038; 2.0457943973; -8.7105741058; 5.9920340313; -24.4391224739; 3.7224857795; 21.8873985687; 4.5363527869; -7.1602094187; 3.5526004638; 5.8993206514; 4.4616545608; -87.2132292580; 4.0647618308; -41.1962943592
450.50; 2.0761880550; -15.1263701697; 2.0507499047; 23.2643855454; 1.9786085762; -22.9315987640; 2.1227666759; -101.2404247917; 1.9729368786; 13.7516883715; 2.0445612501; 6.4885266897; 5.9898673334; -25.7931529535; 3.7241610120; -4.6314053172; 4.5367511120; -18.0707860491; 3.5526119980; 3.4981992602; 4.4612351504; -57.4119347216; 4.0629629972; -35.0413692467
451.00; 2.0765954041; -10.8902410237; 2.0505581326; 23.8033571414; 1.9820905828; -21.0406570768; 2.1210589637; -71.1100553174; 1.9701796573; 36.0316363454; 2.0433604380; 22.4525091875; 5.9876083957; -26.3211223234; 3.7258440083; -30.0692135033; 4.5371101046; -24.7815102094; 3.5526434071; 2.6828047780; 4.4606281633; -21.0710339549; 4.0610274670; -20.2648938246
451.50; 2.0769918103; -3.6424499598; 2.0504364277; 22.4754241936; 1.9855234702; -16.1062680162; 2.1191453829; -39.7866551318; 1.9674919214; 56.5262844629; 2.0422401943; 37.0713445825; 5.9852471510; -26.1792190566; 3.7274615038; -51.5384022972; 4.5374108631; -25.9496621064; 3.5526921246; 3.7753714588; 4.4599445657; 15.6301514955; 4.0589931321; -0.0126924853
452.00; 2.0774027294; 4.7651014026; 2.0503794315; 19.6165265788; 1.9889066655; -10.1485896687; 2.1171325694; -11.3265947982; 1.9649485604; 73.4515448494; 2.0412533224; 48.7627506710; 5.9827932869; -25.6754371102; 3.7289394735; -65.3971555579; 4.5376492959; -21.3223361799; 3.5527615640; 6.8178013295; 4.4593017127; 48.0626259638; 4.0569300401; 21.4643459523
452.50; 2.0778609646; 12.5717889184; 2.0503754928; 15.6411912383; 1.9922648996; -5.3261951859; 2.1151067080; 12.6806513810; 1.9625966131; 85.8011666581; 2.0404365195; 56.6898146878; 5.9802423099; -25.1370535913; 3.7302370880; -67.8858345999; 4.5378412707; -11.8595479563; 3.5528618332; 11.5731354859; 4.4587999289; 74.0642800907; 4.0548991918; 40.5978675714
453.00; 2.0783889745; 18.4301901666; 2.0504089674; 10.9933341487; 1.9955601491; -3.3975726218; 2.1131755406; 31.5039194470; 1.9605094394; 92.8769063431; 2.0398281002; 60.3957973615; 5.9776351531; -24.8106959575; 3.7313264888; -56.6203852596; 4.5380144029; 0.3933273279; 3.5530065030; 17.4924643264; 4.4585274951; 92.6147658523; 4.0529897120; 54.9204724502
453.50; 2.0790049473; 21.6616866069; 2.0504615121; 5.9483423780; 1.9987764360; -4.8203885373; 2.1114101347; 45.1960973243; 1.9587183497; 94.4930150466; 2.0394420233; 59.8836138818; 5.9749900874; -24.7603298692; 3.7322374182; -33.0934895307; 4.5382067672; 13.1378919934; 3.5532127060; 23.9403363569; 4.4585408826; 103.7932074045; 4.0512553434; 63.6441212607
454.00; 2.0797264554; 22.1600631963; 2.0505148209; 0.5650955741; 2.0019384390; -8.5481428709; 2.1098360658; 53.9596003983; 1.9572079282; 90.6106828615; 2.0392716461; 55.3101084974; 5.9722828630; -24.8976056279; 3.7330528193; -2.3390065803; 4.5384605441; 24.5623785568; 3.5535017597; 30.3774272504; 4.4588722455; 107.9552867840; 4.0497041410; 67.0409060392
454.50; 2.0805688385; 20.0174719762; 2.0505505589; -5.1598619877; 2.0050878162; -12.3593440089; 2.1084549218; 57.6748819913; 1.9559399545; 81.1450451602; 2.0393010043; 46.8221085708; 5.9694654873; -24.9969349983; 3.7338827944; 29.4484451099; 4.5388170652; 33.4073559295; 3.5538987001; 36.3757884549; 4.4595418930; 105.1310857108; 4.0483196316; 65.7855141813
455.00; 2.0815170322; 15.4423374767; 2.0505485263; -10.8726854821; 2.0081808112; -13.7918784728; 2.1072934146; 55.6866969712; 1.9548982707; 66.3355558118; 2.0395052836; 34.8286877094; 5.9665639059; -24.7907022675; 3.7348185689; 56.3954555800; 4.5393020117; 38.6755013515; 3.5544181009; 41.4261300755; 4.4605376567; 95.0381648794; 4.0471122838; 60.6258405588
455.50; 2.0825574104; 8.6490115570; 2.0504894394; -15.9326693449; 2.0112227619; -11.9092975786; 2.1063417530; 47.0568147145; 1.9540331676; 46.7415631465; 2.0398488768; 19.8096629528; 5.9635680233; -24.0516705503; 3.7359481391; 75.5286598036; 4.5399347532; 39.9409403502; 3.5550762240; 45.2048308711; 4.4618337135; 77.2536365408; 4.0460627762; 52.1727764931
456.00; 2.0836672381; -0.1424154993; 2.0503564968; -19.3769832070; 2.0142275402; -8.0125549704; 2.1055707245; 30.6973655576; 1.9532813872; 23.6834305513; 2.0402871609; 2.5295503398; 5.9604709335; -22.6772503308; 3.7373360571; 85.8252676726; 4.5407226075; 37.0708948543; 3.5558850243; 47.4794389768; 4.4633812310; 51.5557816590; 4.0451437349; 40.7072319487
456.50; 2.0848124664; -10.6700883529; 2.0501391567; -20.1484961275; 2.0172069439; -4.7348222365; 2.1049290673; 5.9864747499; 1.9525710160; -0.3526225659; 2.0407672220; -15.8126757765; 5.9572765761; -20.7109252210; 3.7390165689; 87.3522437302; 4.5416580689; 30.1130638011; 3.5568491248; 48.0980779927; 4.4651027664; 18.6917591190; 4.0443219797; 26.1859345121
457.00; 2.0859416635; -22.4978769913; 2.0498389820; -17.5031336626; 2.0201455465; -4.3448125461; 2.1043435726; -25.8401642850; 1.9518328462; -21.6820234239; 2.0412283522; -33.4450042161; 5.9540191369; -18.2864561436; 3.7409806201; 80.6990606051; 4.5427117542; 19.3628848697; 3.5579579974; 47.0142729764; 4.4668825213; -18.7363963513; 4.0435618536; 8.7213487249
457.50; 2.0870105901; -35.1736625046; 2.0494675150; -11.3417076220; 2.0230523610; -7.6575045340; 2.1037109734; -60.8008966748; 1.9509981316; -36.7445728871; 2.0416173576; -48.5104380609; 5.9506990558; -15.5561966242; 3.7432119033; 66.7006048201; 4.5438523341; 5.2309125352; 3.5592056118; 44.3092361594; 4.4686092008; -56.0642456391; 4.0428095588; -11.1186883103
458.00; 2.0879824385; -48.1655237057; 2.0490441595; -2.2210261537; 2.0259563731; -14.1299989324; 2.1029106362; -91.7520577391; 1.9500076934; -43.2527499073; 2.0418926461; -59.3788658843; 5.9472811708; -12.5130974989; 3.7456979228; 46.2072788425; 4.5450507826; -11.7091646894; 3.5605953206; 40.1809862022; 4.4701897786; -86.8856926278; 4.0419958289; -31.7448083470
458.50; 2.0887977448; -60.3217823005; 2.0486064212; 8.5834517842; 2.0288176578; -22.0597555509; 2.1018485579; -109.0051905937; 1.9488469967; -40.8316087439; 2.0420186586; -64.7138194662; 5.9437995377; -9.1071664672; 3.7483593142; 20.8403675366; 4.5462456620; -30.0999624607; 3.5620996910; 35.0689035519; 4.4715172367; -103.9106118788; 4.0410647032; -49.5975657496
459.00; 2.0894031424; -70.1697340823; 2.0481970193; 19.5466210375; 2.0315957131; -29.1723935545; 2.1004762344; -105.8788923226; 1.9475304479; -31.3590757516; 2.0419796148; -64.3134407642; 5.9402863263; -5.1854956647; 3.7511020255; -7.0496588955; 4.5473723133; -48.0577460470; 3.5636883132; 29.5941573602; 4.4725325888; -103.0235334200; 4.0399692114; -60.3107637973
459.50; 2.0897587676; -76.1072286896; 2.0478564828; 29.3093218511; 2.0342648102; -33.3228398481; 2.0988073180; -82.9551378248; 1.9460906598; -17.7870474038; 2.0417795461; -59.1797780999; 5.9367613906; -0.5989998918; 3.7538347511; -34.6367290429; 4.5483730352; -63.4596126221; 3.5653355911; 24.4720308322; 4.4732402375; -85.4999495514; 4.0386818150; -60.5970230669
460.00; 2.0898458239; -76.9343138106; 2.0476136052; 37.0265747629; 2.0368660087; -33.1838343031; 2.0968804240; -46.7769132583; 1.9445408770; -2.6277016539; 2.0414322197; -50.9427959656; 5.9331696240; 4.7759064063; 3.7565266652; -59.4773085954; 4.5492193322; -74.5606553292; 3.5670539316; 20.3163107682; 4.4737103908; -56.6548299597; 4.0371779810; -49.8639019066
460.50; 2.0896557950; -72.2052697357; 2.0474985761; 41.9620172919; 2.0393782332; -28.4671809837; 2.0948243751; -6.6008454977; 1.9429402105; 11.9744017896; 2.0409673694; -41.5753666628; 5.9295584298; 10.7114654595; 3.7590784771; -78.7821254111; 4.5498687783; -79.7821818315; 3.5688125620; 17.7669816531; 4.4740291044; -24.1092543286; 4.0355044072; -30.6709073829
461.00; 2.0892057877; -62.8145466556; 2.0475289756; 43.8927489580; 2.0417962917; -20.1384627018; 2.0927827900; 30.4731610082; 1.9413466115; 24.7118847937; 2.0404202346; -32.7099772673; 5.9259766510; 16.7281096200; 3.7614104458; -90.5323314326; 4.5503009366; -78.5826254691; 3.5705859820; 17.1964171113; 4.4742964393; 5.8983417417; 4.0337361872; -7.5134600031
461.50; 2.0885285637; -50.5571096094; 2.0477100984; 43.0731596868; 2.0441543141; -10.0297255570; 2.0908661070; 61.1943892647; 1.9397939508; 34.9681373077; 2.0398189849; -25.3351906288; 5.9224322566; 22.3583956273; 3.7634948532; -93.4603671221; 4.5505229719; -71.5426019855; 3.5723756191; 18.6269846470; 4.4746076547; 29.9263929231; 4.0319409546; 15.3993060102
462.00; 2.0876674230; -37.4655428205; 2.0480380995; 40.0980497193; 2.0464891051; -0.3601393644; 2.0891664759; 84.6780814009; 1.9383097166; 42.2970102036; 2.0391869294; -19.9202158737; 5.9189349211; 27.1669576599; 3.7653279730; -86.7523413299; 4.5505590747; -60.0898338040; 3.5741885040; 21.7683944772; 4.4750386016; 46.4708385535; 4.0301858572; 35.0646085045
462.50; 2.0866749833; -25.2544857479; 2.0484995774; 35.7919279069; 2.0488193865; 6.5546006154; 2.0877643887; 101.0177455959; 1.9369224422; 46.2347809859; 2.0385451128; -16.6337601132; 5.9155155215; 30.8536608678; 3.7669226597; -70.9101127804; 4.5504466952; -46.1924493595; 3.5760251773; 26.0763397509; 4.4756383591; 55.1554987647; 4.0285389414; 49.8354207617
463.00; 2.0855781127; -14.6609429425; 2.0490878394; 30.8811276890; 2.0512092784; 8.8381289412; 2.0866858320; 110.9137920509; 1.9356181191; 46.4045612312; 2.0378926305; -15.3810283125; 5.9121217447; 33.4284804666; 3.7683567200; -48.1914398101; 4.5502281785; -31.5146602222; 3.5779332768; 30.9897891612; 4.4764458929; 56.3452693052; 4.0270145260; 59.4924769311
463.50; 2.0844148143; -6.0961772207; 2.0497878140; 25.9527769057; 2.0536674607; 4.9273768860; 2.0859646298; 114.5304264420; 1.9343965237; 42.3522476969; 2.0372331351; -16.0405317993; 5.9087584364; 35.0392478744; 3.7696994386; -22.8127861138; 4.5499492522; -17.6798580696; 3.5799309841; 35.8653472411; 4.4774684326; 50.2716793852; 4.0256411858; 64.1191727170
464.00; 2.0832342279; 0.3177692074; 2.0505734878; 21.3626868878; 2.0561448336; -5.5771446486; 2.0856235630; 111.6855367757; 1.9332626864; 33.8896207949; 2.0365742244; -18.4258793418; 5.9054787598; 35.9715474717; 3.7710083788; 0.5140080978; 4.5496577613; -6.0777570136; 3.5820053585; 40.0640397910; 4.4786738107; 37.1566224548; 4.0244520865; 64.0400076116
464.50; 2.0820512170; 4.8231650727; 2.0514368873; 17.1344717082; 2.0586274135; -21.3656969782; 2.0856504154; 101.8462803860; 1.9321804807; 21.1185659602; 2.0359028647; -22.3176290107; 5.9022575255; 36.6056874601; 3.7723657618; 18.9595918198; 4.5493884428; 2.6175729073; 3.5841872984; 43.1822495745; 4.4800321696; 16.8826499999; 4.0234357204; 59.6472809601
465.00; 2.0808888190; 7.5835946144; 2.0523614052; 13.3424579817; 2.0610523915; -38.6294993133; 2.0860141544; 84.2331370032; 1.9311150225; 4.9881154984; 2.0352098682; -27.3866618609; 5.8991111081; 37.2238236357; 3.7738214843; 30.9568611307; 4.5491706354; 7.8901457092; 3.5864766776; 44.8983807203; 4.4814754594; -10.4598728388; 4.0225825261; 51.1483691884
465.50; 2.0797420418; 8.7356909454; 2.0533492974; 10.1683199586; 2.0633967232; -52.2210508004; 2.0866653117; 57.6919866044; 1.9300007574; -12.7838117650; 2.0344694884; -33.2766340448; 5.8959977291; 37.9383491917; 3.7754329098; 36.2136275667; 4.5490192052; 9.5501761751; 3.5889107898; 45.0474646119; 4.4829396277; -44.7014240817; 4.0218546284; 38.3699464369
466.00; 2.0786178748; 8.2858369719; 2.0543910498; 8.0623587780; 2.0656107915; -57.5946037028; 2.0875210887; 21.9307495545; 1.9287829536; -29.0197542791; 2.0336641007; -39.3763416563; 5.8929251005; 38.6706737262; 3.7772147892; 34.7237129107; 4.5489415477; 7.4293791342; 3.5914862195; 43.5466583940; 4.4843161426; -83.6871890469; 4.0212148163; 21.2298921939
466.50; 2.0775417094; 6.2311058282; 2.0554568355; 7.5200876383; 2.0676235086; -53.9231926092; 2.0884469799; -20.2977067494; 1.9274402389; -39.4380940587; 2.0327946853; -44.6921824951; 5.8899690008; 39.1717459528; 3.7791189228; 26.8771560507; 4.5489340611; 1.6445350359; 3.5941338730; 40.4884694378; 4.4854522680; -121.7429218645; 4.0206254888; 0.6646435312
467.00; 2.0764820070; 2.5769491798; 2.0565704565; 8.7314055148; 2.0694901700; -44.3933254885; 2.0893271698; -64.5627186182; 1.9259105492; -40.9878868845; 2.0318266885; -48.3423846574; 5.8870659763; 39.4079164034; 3.7811616943; 13.1211634531; 4.5489795437; -7.5328237242; 3.5968983670; 35.9939942127; 4.4862552905; -152.3932178534; 4.0200096099; -22.0122314989
467.50; 2.0754297744; -2.4668489867; 2.0577335612; 11.4955580714; 2.0712309831; -33.5697691957; 2.0900151685; -101.6707584154; 1.9241948616; -32.4184467047; 2.0307541807; -49.3401163934; 5.8842305765; 39.4430004293; 3.7832913406; -5.4364914928; 4.5490507615; -19.2521305459; 3.5997489476; 30.4083672208; 4.4866251623; -167.5815043887; 4.0192996076; -43.2475551953
468.00; 2.0743812598; -8.2413708995; 2.0589401283; 15.1178154669; 2.0728546042; -24.6842055558; 2.0903827436; -121.1459038311; 1.9223460447; -15.4037572466; 2.0295926172; -47.0169691529; 5.8815047217; 39.4340934271; 3.7854184501; -26.5993790788; 4.5491116242; -31.9035324936; 3.6026202288; 24.3114392459; 4.4865131150; -162.2837555609; 4.0184411503; -57.9302056782
468.50; 2.0733201422; -13.6026070399; 2.0601964553; 18.6257577229; 2.0743816903; -18.1802746285; 2.0903693491; -117.7862093744; 1.9204292476; 6.4466894904; 2.0283598153; -41.3541148983; 5.8789020534; 39.7169189331; 3.7874660504; -47.4666059124; 4.5491243635; -43.4091973603; 3.6054710471; 18.3642583401; 4.4859459802; -137.8160801227; 4.0173964946; -61.6569396648
469.00; 2.0722047152; -17.0900639973; 2.0615398438; 21.1654251831; 2.0758642072; -12.8823582073; 2.0899867908; -94.5378903250; 1.9184753578; 29.6999571548; 2.0270529289; -32.8461512882; 5.8763707702; 40.3857447295; 3.7894110876; -65.3642685534; 4.5490554884; -51.8006757678; 3.6083335682; 13.1328097613; 4.4849960362; -100.1253102890; 4.0161357117; -52.7658340615
469.50; 2.0710198505; -16.9393254826; 2.0629807671; 22.0035310111; 2.0773208670; -7.7324663591; 2.0893065211; -60.2174433438; 1.9165544242; 51.3514896335; 2.0257005539; -22.6005025614; 5.8739099897; 41.4390784491; 3.7912011290; -77.6892852647; 4.5488806357; -55.0743580496; 3.6111891605; 9.2633437015; 4.4837828897; -57.4278082682; 4.0146857597; -32.9742887802
470.00; 2.0697657707; -11.8485982065; 2.0645206493; 20.6907322146; 2.0787673315; -1.8471832541; 2.0884365697; -24.2464110127; 1.9147343174; 69.6327508553; 2.0243390366; -11.9605188411; 5.8715241137; 42.5816429019; 3.7927982459; -82.9923163792; 4.5485917812; -51.9786006282; 3.6140192690; 7.2504755819; 4.4824434334; -16.6788180153; 4.0131097426; -6.7143784639
470.50; 2.0684638155; -1.6659254224; 2.0661490510; 17.1349659940; 2.0802182005; 4.9250639170; 2.0874931197; 7.1916932887; 1.9130755865; 83.9196243156; 2.0230087321; -2.1684169844; 5.8692227647; 43.4064184937; 3.7941834289; -80.9356549005; 4.5482017429; -42.3514262398; 3.6168059158; 7.3403117808; 4.4811110253; 17.7783728503; 4.0114942630; 20.8335058322
471.00; 2.0671536988; 12.3670368959; 2.0678474846; 11.6387733451; 2.0816911437; 11.9175914881; 2.0865781700; 31.6271034572; 1.9116241347; 94.2989801311; 2.0217460453; 5.8882550441; 5.8670129570; 43.4631519629; 3.7953621095; -71.6837988694; 4.5477439447; -27.2897859170; 3.6195402862; 9.4497644991; 4.4798976111; 44.0825093272; 4.0099285725; 45.6383854065
471.50; 2.0658623054; 28.4014406897; 2.0696265666; 4.7434046377; 2.0832352475; 18.0174003410; 2.0857532009; 49.3009310183; 1.9103843437; 101.2587011209; 2.0205554274; 11.8237196418; 5.8648534825; 42.4398476746; 3.7963853991; -55.3877055240; 4.5472588851; -8.6465975098; 3.6222780512; 13.2507687647; 4.4788644904; 62.3306561327; 4.0084605113; 65.9196151711
472.00; 2.0646442565; 44.2403674868; 2.0714682980; -2.6805679020; 2.0848757426; 21.6866161652; 2.0850735754; 60.8415830127; 1.9093746332; 104.9534812489; 2.0194539489; 15.4050422986; 5.8627332007; 40.2123803871; 3.7973063607; -33.0367624597; 4.5468047282; 11.1772966046; 3.6250409031; 18.2112328026; 4.4780680568; 72.7449518522; 4.0071480648; 80.5249927162
472.50; 2.0635758446; 57.8782168727; 2.0733202694; -9.5516390132; 2.0866006646; 21.1948867644; 2.0845873437; 66.8014719177; 1.9086211911; 105.1660086092; 2.0184702654; 16.5741609833; 5.8606747596; 36.9655895727; 3.7981803380; -7.3683852781; 4.5464514770; 29.5094026953; 3.6278061437; 23.6037077167; 4.4775540014; 75.5253444022; 4.0060544145; 89.0482129795
473.00; 2.0627007737; 68.4355585257; 2.0751725369; -15.1857121424; 2.0884208013; 14.8707790938; 2.0843111709; 67.6582775022; 1.9081191261; 101.5670008402; 2.0176015933; 15.4774157439; 5.8586517127; 33.0350928020; 3.7990930611; 18.3649374778; 4.5462555763; 44.6741570716; 3.6306136050; 28.8176329254; 4.4773283385; 70.9513253555; 4.0051964088; 91.8226166108
473.50; 2.0620762912; 75.3544618694; 2.0769695994; -19.2356483160; 2.0902786149; 1.5155818338; 2.0842531711; 63.3715980852; 1.9078665417; 93.8894416599; 2.0168615922; 12.3691822131; 5.8566912024; 28.9492224275; 3.8001045450; 40.3932888698; 4.5462688504; 55.1646283294; 3.6334261048; 33.1915334574; 4.4773809962; 59.1205658907; 4.0045968796; 89.1871545407
474.00; 2.0617184230; 78.7994442320; 2.0787313061; -22.0443124964; 2.0921633711; -19.6606603594; 2.0843981100; 53.3878706630; 1.9078346478; 82.0108547502; 2.0162265350; 7.4957104764; 5.8547446064; 25.0264917969; 3.8012996268; 56.8979733968; 4.5465249533; 60.5729984054; 3.6363103303; 36.3812987028; 4.4776755373; 39.7101866850; 4.0042341254; 81.3100686110
474.50; 2.0616455527; 78.9435927729; 2.0804418082; -24.1375565640; 2.0939973613; -47.2558695514; 2.0847141340; 36.8726840034; 1.9079883767; 66.7893853665; 2.0156839263; 1.2470454662; 5.8528088266; 21.5005827911; 3.8027226392; 66.5141849755; 4.5470416059; 60.5545706321; 3.6392650838; 38.0815048632; 4.4781515052; 12.9108594449; 4.0040847271; 68.1690259703
475.00; 2.0618616781; 76.0239766131; 2.0820944891; -25.9822728803; 2.0956887842; -76.5198527178; 2.0851477793; 13.0659591288; 1.9082815130; 49.9816497400; 2.0152140683; -5.9051623275; 5.8508755420; 18.4092362984; 3.8043994670; 68.7550279039; 4.5478192073; 55.0349953417; 3.6422934558; 38.1348641353; 4.4787254600; -20.0238298475; 4.0041070412; 49.6872678427
475.50; 2.0623584732; 70.2638994103; 2.0836838842; -27.7199503054; 2.0971406393; -99.4771748081; 2.0856215276; -17.8648488481; 1.9086625379; 34.4942167953; 2.0147940891; -13.4381623264; 5.8489382292; 15.6555875005; 3.8063319748; 63.4826201452; 4.5488398539; 44.1790267377; 3.6453919165; 36.5180409047; 4.4792944045; -55.8483817501; 4.0042426502; 26.2150991671
476.00; 2.0631191999; 61.8403960967; 2.0852137593; -29.1548763431; 2.0982838647; -108.2728466979; 2.0860372501; -53.6965290281; 1.9090859259; 23.6172354453; 2.0143974945; -20.8051606510; 5.8469809489; 13.1263086878; 3.8085090428; 50.8227679373; 4.5500740202; 28.3732590561; 3.6485675963; 33.3294090804; 4.4797491728; -89.0529017405; 4.0044184257; -0.9648463814
476.50; 2.0641083720; 51.0667895151; 2.0866710340; -29.9117426431; 2.0990807702; -99.9469151036; 2.0862763602; -88.1664643468; 1.9095156357; 20.1451534277; 2.0140030445; -27.3712513498; 5.8450111249; 10.9093748353; 3.8108720268; 31.5627217068; 4.5514625583; 8.6726957474; 3.6517851327; 28.8453304850; 4.4799835835; -112.1460973282; 4.0045481059; -28.5165170858
477.00; 2.0652900542; 38.2989244224; 2.0880619872; -29.7178716157; 2.0995607087; -78.7327359109; 2.0862287822; -112.2081842216; 1.9099432843; 24.7639935250; 2.0135876445; -32.5870528999; 5.8430148121; 9.3388130714; 3.8133670630; 7.2467728286; 4.5529480428; -13.3796802540; 3.6550404297; 23.4508039286; 4.4799278657; -119.0565083991; 4.0045462498; -51.6457155891
477.50; 2.0666235977; 24.1121776573; 2.0893974984; -28.5723989389; 2.0997926538; -52.2579697662; 2.0858152566; -117.2912381703; 1.9103861680; 35.9116529046; 2.0131319489; -35.9662209364; 5.8409767548; 8.9113905839; 3.8159299286; -19.4131070746; 4.5544685604; -35.6567191320; 3.6583311562; 17.6500287957; 4.4795607859; -107.8710701131; 4.0043404621; -65.0694522711
478.00; 2.0680579607; 9.5486135311; 2.0906851071; -26.7821883153; 2.0998599095; -27.0778784073; 2.0850154857; -100.5980024582; 1.9108799266; 50.4364386037; 2.0126243624; -37.1766132921; 5.8388936163; 10.1380487331; 3.8184791098; -44.4614514794; 4.5559550717; -55.4464624439; 3.6616393391; 12.0566091197; 4.4789171053; -81.9044837521; 4.0038880843; -65.0963818931
478.50; 2.0695332567; -3.7722644711; 2.0919277322; -24.9084611662; 2.0998420390; -6.4268961001; 2.0838824332; -67.3087352618; 1.9114680052; 64.8744409529; 2.0120629407; -36.1897526590; 5.8367771800; 13.3358843916; 3.8209263511; -63.5535298747; 4.5573391426; -70.0025282928; 3.6649314944; 7.3179297623; 4.4780813661; -47.9996030489; 4.0031907785; -51.6612466222
479.00; 2.0709946153; -13.8207581531; 2.0931288378; -23.6083736065; 2.0998051250; 9.3168525301; 2.0825236968; -26.8859075561; 1.9121928244; 76.5810481172; 2.0114530411; -33.3977728960; 5.8346441388; 18.3241743970; 3.8232048403; -73.6236060103; 4.5585705530; -77.4056195642; 3.6681791777; 3.9541894076; 4.4771638509; -13.1392632220; 4.0022936743; -28.4793528668
479.50; 2.0724104732; -18.8036744167; 2.0942984279; -23.4242710115; 2.0997994649; 21.2291555974; 2.0810601451; 12.6010297349; 1.9130931104; 84.1463984929; 2.0108014481; -29.5249743189; 5.8325002643; 24.6681941934; 3.8252943777; -73.9627426599; 4.5596316743; -77.3023735956; 3.6713838378; 2.2443721995; 4.4762708303; 17.9672984807; 4.0012659635; -0.8944872048
480.00; 2.0737533259; -17.7682531962; 2.0954295580; -24.6765850181; 2.0998629908; 30.3446171276; 2.0796243014; 46.3181307886; 1.9141856255; 87.0943240650; 2.0101250777; -25.4935763683; 5.8303774428; 31.7041507628; 3.8271830446; -65.6032804172; 4.5605171227; -70.7248843743; 3.6745195566; 2.2163548216; 4.4755053332; 42.6621324678; 4.0002001154; 25.9264753041
480.50; 2.0750282780; -11.2973091937; 2.0965179723; -27.3402652619; 2.1000243155; 37.3252846157; 2.0783199831; 72.8870654245; 1.9154789815; 85.6820171583; 2.0094367096; -22.1147127611; 5.8282940261; 38.7107667703; 3.8289011326; -50.4735035779; 4.5612498051; -59.7207982207; 3.6775897252; 3.6274430263; 4.4749432193; 60.1019992149; 3.9991782860; 48.6866859740
481.00; 2.0762646699; -1.2794140396; 2.0975574554; -31.0165734451; 2.1003058424; 42.2167691210; 2.0772246565; 92.6410719311; 1.9169735077; 80.4812898459; 2.0087446547; -19.9629558024; 5.8262614220; 45.1900265790; 3.8305046370; -30.6069844490; 4.5618683621; -46.7030731084; 3.6806130023; 6.0713702287; 4.4746361598; 70.1708715106; 3.9982661583; 65.8384723432
481.50; 2.0774854880; 9.6970132192; 2.0985213776; -34.8630054610; 2.1007185922; 44.4018599674; 2.0764115875; 106.0614152047; 1.9186347896; 72.3208519030; 2.0080640871; -19.3705916768; 5.8243215798; 50.7035497549; 3.8320378429; -8.4765408468; 4.5624075341; -34.0896713382; 3.6835640435; 9.0146919722; 4.4746175153; 72.6199317124; 3.9975257425; 76.7655004334
482.00; 2.0787420180; 19.5532663032; 2.0994023011; -37.9042817468; 2.1012711248; 42.8986185111; 2.0759146753; 113.8949540042; 1.9204501786; 61.9446125401; 2.0073914988; -20.3910331964; 5.8224744387; 55.2982759031; 3.8335825129; 13.3464960525; 4.5629123092; -23.4733695477; 3.6864784919; 11.9713067952; 4.4748927470; 67.1941763990; 3.9969827244; 81.7005579128
482.50; 2.0800791786; 26.9154412210; 2.1001923968; -39.2781611971; 2.1019606371; 36.3399542760; 2.0757564481; 116.4333689709; 1.9223981436; 50.0373681582; 2.0067199054; -22.9009861277; 5.8207239016; 59.1842353954; 3.8352147627; 32.2566659978; 4.5634192862; -15.8423349076; 3.6893839393; 14.4942013259; 4.4754464607; 53.4245886979; 3.9966484842; 80.9856829549
483.00; 2.0815136085; 31.0683378139; 2.1008780405; -38.5676994216; 2.1027582865; 23.2915933852; 2.0759463560; 113.5343678867; 1.9244242810; 37.3150567304; 2.0060472931; -26.5920912551; 5.8190987616; 62.5166888624; 3.8369766882; 46.0252155709; 4.5639478348; -11.8973137023; 3.6922632243; 16.1744201131; 4.4762300561; 31.1229910392; 3.9965226407; 74.8557431809
483.50; 2.0830804781; 31.9908425183; 2.1014691595; -35.9885298873; 2.1036303543; 2.3569092098; 2.0764776993; 104.7081419435; 1.9265142234; 24.1240384564; 2.0053530887; -31.1039498206; 5.8175912215; 65.4297497120; 3.8389302865; 53.6374644749; 4.5645166147; -11.8130857353; 3.6951579511; 16.7278588069; 4.4771826053; 0.1082798999; 3.9965836631; 63.2758396701
484.00; 2.0847764200; 29.8865402397; 2.1019710261; -32.2569051902; 2.1045032065; -26.3491665561; 2.0773198554; 89.4130640332; 1.9286150422; 11.0800456579; 2.0046260527; -35.9225464000; 5.8162221542; 67.8413807043; 3.8410843121; 54.5173765690; 4.5651218629; -15.6395703585; 3.6980530248; 15.9310559073; 4.4782008148; -38.3971484012; 3.9967948681; 46.2509268334
484.50; 2.0865962529; 25.1006764088; 2.1023979681; -28.1402316933; 2.1052839501; -59.9521117302; 2.0784232704; 67.3873924299; 1.9306874390; -0.9282108104; 2.0038491165; -40.5254313260; 5.8150013886; 69.5394330252; 3.8434372884; 48.5030258751; 4.5657504738; -23.2257778861; 3.7009470126; 13.6751973432; 4.4791630854; -81.5299164940; 3.9971025016; 24.0402430183
485.00; 2.0885063998; 18.0391347559; 2.1027626490; -24.0661126048; 2.1058580072; -91.1079054390; 2.0797047751; 39.6981916001; 1.9326758251; -10.6040903741; 2.0030132333; -44.3798934426; 5.8139477628; 70.3304903769; 3.8459418332; 35.7661165109; 4.5663709276; -34.1473867378; 3.7038056408; 10.0092530727; 4.4799247775; -123.4397645181; 3.9974336982; -2.0047627745
485.50; 2.0904896049; 9.0050298113; 2.1030838789; -19.8587056648; 2.1061300049; -110.2644348302; 2.0810784851; 9.1286118804; 1.9345606517; -16.6329489460; 2.0021006387; -47.1178257249; 5.8130606364; 70.2105093710; 3.8485619372; 16.8035294129; 4.5669495507; -47.7848615998; 3.7066298235; 5.0964582736; 4.4803585507; -156.6604057480; 3.9977084462; -29.3263412847
486.00; 2.0925041545; -1.6459087586; 2.1033780368; -14.9916376774; 2.1060405524; -110.2020072010; 2.0824386616; -18.6617389501; 1.9363174654; -17.9279910910; 2.0011046654; -48.4758673726; 5.8123446929; 69.4666545300; 3.8512204676; -6.9221238291; 4.5674390956; -62.8913074898; 3.7093919007; -0.6945503946; 4.4803607443; -173.5151343674; 3.9978414535; -53.4383106689
486.50; 2.0945417592; -13.7094198070; 2.1036695525; -8.8401220723; 2.1055898827; -91.3760430150; 2.0837155111; -37.1116388277; 1.9379714651; -14.3307349307; 2.0000033163; -48.3261453426; 5.8117883872; 68.6480783026; 3.8538785729; -33.1759110340; 4.5677973046; -77.9775686487; 3.7121159484; -6.9520983767; 4.4798793674; -170.1928741231; 3.9977606843; -69.5175925160
487.00; 2.0965622649; -26.6919741073; 2.1039831575; -1.2206082254; 2.1048355656; -61.3583604626; 2.0848505484; -41.0072640575; 1.9395389634; -6.7028591460; 1.9987916095; -46.5150253330; 5.8113908472; 68.4407606942; 3.8564554071; -58.0938247945; 4.5679743737; -90.8672591822; 3.7147876795; -13.0717068322; 4.4789212408; -148.1923931118; 3.9974160982; -73.2729353377
487.50; 2.0985225976; -39.8383055990; 2.1043486356; 7.4752932885; 2.1038696071; -29.5270658000; 2.0858314865; -30.1619886139; 1.9410493940; 3.2769236524; 1.9974689724; -42.8031098207; 5.8111532877; 69.3845853655; 3.8588758616; -77.0833581913; 4.5679267053; -99.2034259167; 3.7173943108; -18.4091202204; 4.4775497512; -113.6612095656; 3.9967952444; -63.3881718054
488.00; 2.1003697819; -51.9184028908; 2.1047974902; 16.3049855477; 2.1027940214; -2.3666070332; 2.0866882728; -9.6109724013; 1.9425326235; 13.7046374870; 1.9960467597; -36.9043718771; 5.8110817485; 71.6835209806; 3.8610727983; -86.2691147825; 4.5676247063; -100.9327251032; 3.7199136878; -22.3822394192; 4.4758730672; -74.2547324419; 3.9959306908; -42.2942248315
488.50; 2.1020645034; -61.3847053124; 2.1053633913; 24.1408161781; 2.1016909394; 17.8854886267; 2.0874871290; 13.8600040469; 1.9440279723; 23.0951531375; 1.9945360627; -28.6100425319; 5.8111857138; 75.0215033216; 3.8630224325; -84.2145781388; 4.5670583672; -94.9528054230; 3.7223417325; -24.6283115273; 4.4740066979; -35.9196847997; 3.9948861372; -14.8384406210
489.00; 2.1035432321; -66.3176696121; 2.1060635946; 29.8143752359; 2.1006426814; 31.4160816371; 2.0882877165; 34.6829455502; 1.9455407908; 30.3516122376; 1.9929866582; -18.2197226495; 5.8114749747; 78.6616145643; 3.8646977024; -72.3200576795; 4.5662543674; -81.5086648057; 3.7246310556; -25.0067505458; 4.4721007458; -2.8412887570; 3.9937665290; 13.2577160058
489.50; 2.1047953901; -65.4065829557; 2.1069186510; 32.7134115357; 2.0996865364; 39.9583672219; 2.0891587877; 50.6379644854; 1.9471012238; 35.0952232938; 1.9914232119; -6.3327981672; 5.8119619427; 81.7750239661; 3.8661442081; -53.4905335393; 4.5652514066; -61.9818910691; 3.7267921399; -23.7025449406; 4.4702491947; 23.5860930077; 3.9926565152; 38.1884672155
490.00; 2.1058328327; -58.3681791754; 2.1079423967; 32.6929096084; 2.0988420550; 45.1370885703; 2.0901567049; 61.4650701538; 1.9487356556; 37.2121948350; 1.9898711155; 6.2041306219; 5.8126604578; 83.6516829822; 3.8674304313; -30.4389664241; 4.5641027598; -38.5630223027; 3.7288451614; -21.0825303403; 4.4685203961; 42.8561864234; 3.9916273888; 57.8947580737
490.50; 2.1066727682; -46.3623613734; 2.1091235592; 30.1230924657; 2.0981312065; 47.9441821399; 2.0913073043; 67.6036807522; 1.9504378007; 36.6834727502; 1.9883812797; 18.2042239209; 5.8135711461; 83.8663540932; 3.8686169117; -5.5573904445; 4.5628900928; -14.0932859217; 3.7307828321; -17.6552130917; 4.4669866436; 54.3051266861; 3.9907493586; 71.3568514885
491.00; 2.1073633099; -31.4522728372; 2.1104551623; 25.8436810407; 2.0975578642; 48.7487963707; 2.0926347603; 69.8099380983; 1.9522139628; 33.5817015366; 1.9869834807; 28.7408257553; 5.8146988087; 82.2954778520; 3.8697856185; 19.2829284318; 4.5616837174; 9.1360008078; 3.7326262610; -13.9228896145; 4.4656743053; 57.4533326140; 3.9900601110; 78.5887622073
491.50; 2.1079620120; -15.9082266368; 2.1119258326; 20.9737141061; 2.0971205995; 47.2507777904; 2.0941524756; 68.6555775782; 1.9540632743; 28.0360110549; 1.9857035117; 37.1901362814; 5.8160447256; 79.0959105802; 3.8710179465; 42.0893049867; 4.5605499088; 29.3341941204; 3.7343969298; -10.3445451886; 4.4645855954; 51.8364049530; 3.9895791919; 79.8889930623
492.00; 2.1085264308; -1.6041104717; 2.1135187537; 16.6490215560; 2.0968130348; 42.6127206136; 2.0958596859; 64.4663993227; 1.9559720324; 20.2982856497; 1.9845654503; 43.2106413373; 5.8176024732; 74.5661441726; 3.8723852241; 60.8476834148; 4.5595496106; 45.2596649898; 3.7361097963; -7.3333215176; 4.4637004699; 37.2868056806; 3.9893106272; 75.6154477715
492.50; 2.1091095582; 10.2734207495; 2.1152186283; 13.6417992897; 2.0966193384; 33.6618704173; 2.0977450784; 57.4101248785; 1.9579187908; 10.8260241917; 1.9835866032; 46.7728086144; 5.8193609850; 68.9536334376; 3.8739453029; 74.0733923308; 4.5587313588; 56.1698180460; 3.7377769873; -5.2335625433; 4.4629719012; 14.3025895076; 3.9892417442; 66.1002093634
493.00; 2.1097548618; 19.1088699756; 2.1170123092; 12.0772317728; 2.0965104642; 19.2291216629; 2.0997846634; 47.5509394788; 1.9598736366; 0.3752783424; 1.9827779127; 48.1185401231; 5.8213028972; 62.3797074600; 3.8757356739; 80.8974131278; 4.5581292755; 61.6530677730; 3.7394050966; -4.3146873703; 4.4623275784; -15.5643200047; 3.9893438139; 51.6810046587
493.50; 2.1104866765; 24.6566932193; 2.1188705315; 11.4996017238; 2.0964410221; -1.0619659261; 2.1019202882; 35.0951595281; 1.9617813733; -9.9027255303; 1.9821507806; 47.7023144939; 5.8233839382; 54.9037583856; 3.8777503673; 80.8709914650; 4.5577652062; 61.5326609175; 3.7409786148; -4.7542664173; 4.4616807076; -48.7388074709; 3.9895706259; 33.0306301808
494.00; 2.1113301387; 27.0613995035; 2.1208029288; 11.1071003191; 2.0963455789; -26.3893086078; 2.1041252240; 20.3429333766; 1.9636257828; -18.8735712462; 1.9816952737; 46.0941011978; 5.8255954504; 46.4045593048; 3.8799969670; 73.9179804521; 4.5576319377; 55.9211508003; 3.7425095185; -6.5984834980; 4.4609215752; -80.3945253157; 3.9898655775; 10.9569930987
494.50; 2.1122952353; 26.4956614593; 2.1228102194; 10.1017896240; 2.0961440417; -53.4627270788; 2.1063541996; 4.1574191225; 1.9653848694; -25.3382880412; 1.9814012741; 43.8355153659; 5.8279153456; 36.9390795616; 3.8824511910; 60.2237003348; 4.5577075347; 45.2136827104; 3.7439969191; -9.7520727285; 4.4599487615; -104.1086787333; 3.9901613927; -12.7466425728
495.00; 2.1133848419; 23.1697953130; 2.1248984764; 8.0499433747; 2.0957504198; -75.9598545929; 2.1085654515; -11.9327365698; 1.9670511227; -28.3279884229; 1.9812555230; 41.3452074310; 5.8303276856; 26.7669786057; 3.8850771626; 40.4676222671; 4.5579545492; 30.2169659024; 3.7454413169; -13.9669416932; 4.4586813562; -113.8967133981; 3.9903874317; -35.1282806137
495.50; 2.1145846241; 17.2881968963; 2.1270558021; 5.0049261890; 2.0950956337; -86.8216389294; 2.1107020632; -25.4281617737; 1.9686162376; -27.2686548039; 1.9812453746; 38.8441091057; 5.8327984213; 16.5742090203; 3.8878028798; 16.4437622279; 4.5583209010; 12.4904422983; 3.7468298094; -18.7933193504; 4.4570891280; -106.6737249427; 3.9904759199; -52.0727502950
496.00; 2.1158822505; 9.0502918730; 2.1292874381; 1.3056895258; 2.0941413330; -82.9994729500; 2.1127360251; -33.9121683355; 1.9701000789; -22.1983274597; 1.9813576745; 36.3685879902; 5.8353176334; 7.1692172558; 3.8905695828; -8.8929337840; 4.5587489566; -5.8047982892; 3.7481611541; -23.6778277631; 4.4551793932; -83.9777514469; 3.9903772333; -59.6892493241
496.50; 2.1172348896; -1.0271104771; 2.1315581306; -2.6312858867; 2.0929103936; -67.1746402924; 2.1146199171; -35.8408544518; 1.9715091497; -13.9187851685; 1.9815779972; 33.9857444307; 5.8378351518; -0.4784780001; 3.8932678319; -30.9478588890; 4.5591722560; -21.5976995882; 3.7494107727; -27.9129748116; 4.4530383661; -51.4509967798; 3.9900719387; -55.8473706529
497.00; 2.1186073891; -12.2517542281; 2.1338568951; -6.6594957321; 2.0914533633; -46.0501628235; 2.1163509240; -31.9681255266; 1.9728770752; -3.7339040265; 1.9818932148; 31.9079119789; 5.8403351127; -5.8215296813; 3.8958306846; -45.2711329474; 4.5595369409; -31.9827099357; 3.7505714178; -30.9051227209; 4.4507616356; -15.5724479651; 3.9895759605; -41.6088781312
497.50; 2.1199598623; -23.6279989593; 2.1361714881; -10.9659003178; 2.0898370550; -26.0104157947; 2.1179438090; -24.6237875181; 1.9742425268; 6.8959179535; 1.9822915373; 30.6110110136; 5.8428079103; -8.7966806625; 3.8982147744; -49.0300758396; 4.5598060136; -34.8112406569; 3.7516388872; -32.2461500404; 4.4484552611; 18.4399166300; 3.9889373944; -20.6471338080
498.00; 2.1212502941; -33.7619986503; 2.1384861270; -15.9940900949; 2.0881258368; -10.5015159036; 2.1194225620; -16.2808898155; 1.9756437440; 16.6658328744; 1.9827636635; 30.7435859008; 5.8452485563; -9.8216926866; 3.9004073204; -42.1387169157; 4.5599659005; -29.3685875602; 3.7526126127; -31.8058218466; 4.4462215554; 47.4626819563; 3.9882256332; 2.3562260548
498.50; 2.1224473039; -41.0890261791; 2.1407939318; -22.3043654456; 2.0863606615; -0.0420180199; 2.1208215630; -8.4351444888; 1.9771230606; 24.6629284105; 1.9833077307; 32.8465448340; 5.8476700728; -9.6064296958; 3.9024394692; -26.9103717149; 4.5600297094; -16.6023923696; 3.7535019600; -29.7392402154; 4.4441363504; 70.2766142473; 3.9875126230; 23.4733170580
499.00; 2.1235228941; -43.9666090869; 2.1430718014; -30.3097367567; 2.0845746566; 6.5182300894; 2.1221660387; -1.6656427501; 1.9787101105; 30.2853155939; 1.9839263596; 36.9953302108; 5.8500768281; -8.9135326454; 3.9043570392; -6.6053627304; 4.5600327882; 1.1173024584; 3.7543160248; -26.4335542659; 4.4422678170; 86.5290873883; 3.9868677861; 40.0436774732
499.50; 2.1244635332; -41.3252973354; 2.1452870797; -40.1047630158; 2.0827911395; 10.6280081011; 2.1234757806; 4.0137013260; 1.9804242649; 33.1864942404; 1.9846281477; 42.6167119381; 5.8524706669; -8.3374079797; 3.9062188272; 15.8137970463; 4.5600265458; 20.7077264217; 3.7550663079; -22.4080392344; 4.4406667437; 96.2217471970; 3.9863471018; 50.8005630457
500.00; 2.1252753470; -33.2415256904; 2.1473991186; -51.3740638023; 2.0810269304; 13.7258969067; 2.1247660942; 8.7104515183; 1.9822741352; 33.2062291067; 1.9854260621; 48.6091235918; 5.8548507158; -8.1991474554; 3.9080888741; 37.9197277215; 4.5600688677; 39.1875928449; 3.7557658517; -18.2090922312; 4.4393642715; 99.3435844842; 3.9859880723; 55.4887377214
500.50; 2.1259861684; -21.0646218039; 2.1493662797; -63.4402582313; 2.0792922183; 16.6840260765; 2.1260514991; 12.5040335064; 1.9842617310; 30.2630265476; 1.9863359398; 53.6990822690; 5.8572186371; -8.4916133967; 3.9100336917; 57.5696779449; 4.5602146668; 54.3048935260; 3.7564293789; -14.3163472818; 4.4383679938; 95.7210115321; 3.9858075798; 54.4763280990
501.00; 2.1266333542; -7.0545151575; 2.1511294198; -75.2421984706; 2.0776102720; 19.6618936662; 2.1273332703; 15.3583142553; 1.9863628489; 24.3654594303; 1.9873634676; 56.7734403313; 5.8595554590; -9.0305290873; 3.9120961017; 72.7087853942; 4.5605070115; 64.5631502600; 3.7570651642; -11.1512824236; 4.4376713693; 85.0792678273; 3.9858048162; 48.4550982232
501.50; 2.1272740655; 6.7347752120; 2.1526661977; -85.8414889224; 2.0759713735; 22.3750534911; 2.1286345277; 17.2787587020; 1.9885835912; 15.5158031763; 1.9885275663; 57.2001471791; 5.8618865887; -9.6139934297; 3.9143442436; 82.1600197658; 4.5609789243; 69.4326535505; 3.7576914759; -8.9763810676; 4.4372306572; 67.0703778478; 3.9859615781; 38.1441340244
502.00; 2.1279630954; 18.7176235090; 2.1539503376; -94.4277172621; 2.0743699775; 23.8245052012; 2.1299725378; 18.2633687559; 1.9909175113; 3.8315443939; 1.9898390758; 54.7516954191; 5.8642310830; -10.1427650788; 3.9168269161; 85.2328518915; 4.5616494763; 68.7310852614; 3.7583215415; -7.9971486465; 4.4369857514; 41.7445600356; 3.9862488503; 24.2036282943
502.50; 2.1287425944; 27.8138373539; 2.1549468478; -100.5188660746; 2.0728133251; 22.5963048463; 2.1313484265; 18.3091672777; 1.9933267190; -10.2201025489; 1.9912884141; 49.6139907718; 5.8665843924; -10.6644213179; 3.9195508270; 81.6464491633; 4.5625161410; 62.5102005779; 3.7589584228; -8.3677483435; 4.4368584009; 10.4806335204; 3.9866245862; 7.3227526125
503.00; 2.1296488193; 33.5877713271; 2.1556350938; -104.2663358166; 2.0712920207; 17.3133479209; 2.1327676107; 17.4819618507; 1.9957783371; -25.8717246179; 1.9928651095; 42.3100012695; 5.8689545030; -11.3259557189; 3.9225163773; 71.3639191580; 4.5635636095; 50.9931019989; 3.7596043388; -10.1589223295; 4.4367502537; -23.6736663388; 3.9870389925; -11.8185245048
503.50; 2.1306964551; 35.9278717804; 2.1559947092; -106.2254454310; 2.0698008274; 7.2320763895; 2.1342171599; 15.9227796844; 1.9982074921; -41.7170166684; 1.9945345964; 33.6849854326; 5.8713230700; -12.2358593330; 3.9256709378; 54.6445038538; 4.5647486119; 34.7567459584; 3.7602500128; -13.3016525095; 4.4365545627; -55.2261724294; 3.9874305115; -31.9741155425
504.00; 2.1318807657; 34.9825067258; 2.1560155144; -107.1000520013; 2.0683258202; -6.9320569566; 2.1356748094; 13.8677503100; 2.0005382983; -55.8993002041; 1.9962489649; 24.7637025176; 5.8736606836; -13.2690655898; 3.9289247189; 32.3198750289; 4.5660052963; 14.8888623800; 3.7608791421; -17.5483382395; 4.4361746995; -77.5262894928; 3.9877330981; -51.0036668428
504.50; 2.1332035038; 31.0071900689; 2.1556963873; -107.4170478557; 2.0668148425; -22.6785788198; 2.1371417658; 11.6211998563; 2.0027418972; -66.7091488013; 1.9979880570; 16.3593806210; 5.8759786652; -14.0314211941; 3.9322253146; 5.7217423315; 4.5672767280; -7.3136286016; 3.7614831731; -22.5467517838; 4.4355387580; -85.7921470772; 3.9878909212; -66.1405072801
505.00; 2.1346636913; 24.2332264139; 2.1550317794; -107.3113889626; 2.0652032671; -35.6450731119; 2.1386260139; 9.5622393932; 2.0048093399; -72.7224624681; 1.9997419482; 9.0325124258; 5.8783006130; -13.8928776144; 3.9355240022; -22.8008239071; 4.5685046774; -30.0930813318; 3.7620539416; -27.8134545229; 4.4346119370; -78.8524999571; 3.9878594592; -74.2739775163
505.50; 2.1362222351; 15.0497568075; 2.1540269306; -106.5091210450; 2.0634671256; -40.8638958525; 2.1401065823; 8.0959145725; 2.0067037569; -73.0333904165; 2.0014687555; 3.1938001259; 5.8806065279; -12.1755153323; 3.9387000133; -48.8974012255; 4.5696036174; -50.6747049769; 3.7625706916; -32.6594401960; 4.4334221530; -59.7998472567; 3.9876149916; -72.9444005651
506.00; 2.1378090641; 4.1231041467; 2.1527106549; -104.5309118545; 2.0616326116; -36.4347108294; 2.1415457440; 7.4559417676; 2.0083860917; -67.8784218672; 2.0031098401; -1.0046786636; 5.8828523182; -8.5101709797; 3.9416033218; -67.1650080222; 4.5704842298; -65.8513401260; 3.7630087818; -36.3598497400; 4.4320562942; -34.6856263362; 3.9871719202; -62.2496653247
506.50; 2.1394309921; -8.2974265875; 2.1510521051; -100.8787096632; 2.0596614611; -24.8308851378; 2.1429855530; 7.6235492606; 2.0099273488; -58.2847297608; 2.0047000686; -3.8274339379; 5.8851199198; -2.8289497621; 3.9442671153; -74.3890558393; 4.5711245273; -73.8870664591; 3.7633716803; -38.5585998623; 4.4305514594; -8.2281057071; 3.9865545135; -44.4408957350
507.00; 2.1410279745; -21.3603539944; 2.1490768931; -95.4475162026; 2.0576091887; -11.2210372696; 2.1444147194; 8.4615902053; 2.0113461458; -46.0834000877; 2.0062146619; -5.3437359014; 5.8874097037; 4.2980131792; 3.9466460604; -69.3897991304; 4.5714904849; -73.5229302319; 3.7636502927; -39.0048250915; 4.4290009764; 15.4859262079; 3.9858258913; -23.6695214902
507.50; 2.1425506943; -34.0315605564; 2.1468050459; -88.5075970651; 2.0555219254; 0.0960053464; 2.1458359062; 9.7895100005; 2.0126821479; -33.0958224049; 2.0076463079; -5.4388848995; 5.8897446225; 11.9333539112; 3.9487557922; -54.2904447684; 4.5715808715; -65.0336256349; 3.7638441058; -37.7691972360; 4.4274779458; 34.5007173182; 3.9850541172; -3.8798182892
508.00; 2.1439708796; -45.2508090429; 2.1442300275; -80.5506637340; 2.0534103427; 7.3013302734; 2.1472723210; 11.4365257813; 2.0139947698; -20.6546517883; 2.0090111001; -3.7816002128; 5.8921804993; 19.2632833735; 3.9506703187; -33.0932086510; 4.5714199081; -49.8310005621; 3.7639597609; -35.1396107820; 4.4260210537; 48.4042090252; 3.9842938124; 12.3072256879
508.50; 2.1452087717; -53.2429971037; 2.1414491119; -72.5337311148; 2.0513552388; 10.4824814788; 2.1486910468; 13.1694235454; 2.0152885771; -10.1270598857; 2.0102763964; -0.0357859306; 5.8946753369; 25.3208760189; 3.9524046082; -10.7152887798; 4.5710577690; -30.7132900323; 3.7640028366; -31.6498357388; 4.4247111455; 56.8479029666; 3.9836178615; 22.9922756639
509.00; 2.1462532416; -56.7393512097; 2.1384518861; -65.0089495092; 2.0493376763; 11.2530585425; 2.1501184823; 14.8065579563; 2.0166157471; -1.9276134663; 2.0114722230; 5.9646942777; 5.8972837281; 29.7595329711; 3.9540549396; 9.9418503434; 4.5705494332; -10.0357756012; 3.7639855116; -27.7452680897; 4.4235536119; 60.1470541834; 3.9830510142; 28.0013481262
509.50; 2.1470935370; -54.9344906993; 2.1352544579; -58.3853275783; 2.0473541808; 11.3755900077; 2.1515648989; 16.1387134838; 2.0180062992; 3.6711086340; 2.0126212646; 13.8755230281; 5.9000280217; 32.5134255081; 3.9556914047; 27.0162744814; 4.5699573344; 9.9521834259; 3.7639196951; -23.8614227304; 4.4225544781; 58.1907690352; 3.9826083487; 27.6509506555
510.00; 2.1477344852; -48.0732128692; 2.1318792342; -52.7928088790; 2.0454056088; 12.2668473089; 2.1530349222; 16.9572877908; 2.0194772126; 6.4773505748; 2.0137488607; 22.8473724983; 5.9029163768; 33.7831750164; 3.9573676052; 39.5802710807; 4.5693440229; 27.4651180376; 3.7638169126; -20.3725898248; 4.4217078420; 50.5629782559; 3.9822896093; 22.7015446256
510.50; 2.1481921682; -37.6325782458; 2.1283906182; -48.1361868622; 2.0435204389; 14.7053442816; 2.1545119512; 17.1116010388; 2.0210160595; 6.3203109153; 2.0148693919; 31.6624853800; 5.9059126181; 33.8184120489; 3.9591006394; 47.2273108619; 4.5687729811; 41.0898516400; 3.7636886947; -17.6112968909; 4.4210008565; 36.8194309105; 3.9820829718; 14.3122340528
511.00; 2.1485117871; -25.4281532682; 2.1247480760; -43.9246954027; 2.0416752692; 18.6174767511; 2.1560208753; 16.5014861486; 2.0226453465; 3.0421440749; 2.0160305485; 39.3910787400; 5.9090636029; 32.8538203325; 3.9609431141; 50.1036447927; 4.5682789238; 50.3862137080; 3.7635406020; -15.7465688512; 4.4203793687; 16.4934046919; 3.9819577336; 3.5796253177
511.50; 2.1487411100; -13.1948515295; 2.1209037162; -39.6054275980; 2.0398519715; 23.1921617592; 2.1575856811; 15.0944982737; 2.0243808809; -3.5964982022; 2.0172787923; 45.3546585668; 5.9124187680; 30.9140221344; 3.9629370933; 48.2580397783; 4.5678860591; 55.0848580074; 3.7633745631; -14.9133162989; 4.4197713430; -10.1208830274; 3.9818778276; -8.5459389349
512.00; 2.1489205345; -2.5238952179; 2.1169143296; -34.8804113195; 2.0380859222; 26.8446268286; 2.1591850060; 12.9334437192; 2.0261809564; -13.6064562569; 2.0186221405; 49.0473410061; 5.9159340963; 27.9069905470; 3.9650570013; 41.6283795342; 4.5676177251; 54.9009747092; 3.7631934567; -15.2193245512; 4.4191023042; -40.1649098328; 3.9818052600; -20.9643719042
512.50; 2.1490871663; 5.6550611539; 2.1128300428; -29.7664627128; 2.0364032720; 27.7728012984; 2.1607988994; 10.1200755778; 2.0279967867; -26.6095119070; 2.0200636680; 50.4450047310; 5.9195689040; 23.7570465319; 3.9672657549; 30.2659507398; 4.5674789216; 49.8811963070; 3.7629962717; -16.6698160384; 4.4182858303; -68.3732387143; 3.9817000238; -32.7042288614
513.00; 2.1492720880; 11.0916146230; 2.1086458987; -24.4797155795; 2.0347969949; 24.2821634387; 2.1624278808; 6.7574642153; 2.0297955865; -41.8060159874; 2.0216186718; 49.9485600155; 5.9233292366; 18.5003891784; 3.9695416747; 14.2955653149; 4.5674562507; 40.3460131129; 3.7627757583; -19.1613958578; 4.4172305404; -88.3363788423; 3.9815226424; -42.7121056571
513.50; 2.1494940093; 13.7318052873; 2.1044175451; -19.3898285494; 2.0332696513; 15.3679436747; 2.1640471902; 3.0041105946; 2.0315120107; -57.4074663108; 2.0232743717; 48.1972890452; 5.9271643294; 12.5482831017; 3.9718162362; -5.3440520526; 4.5675228523; 27.2087105936; 3.7625245699; -22.4015848182; 4.4158849843; -94.3355737653; 3.9812413421; -49.4448290633
514.00; 2.1497630428; 13.7287545809; 2.1001643946; -14.6759158445; 2.0317927216; 1.4955464568; 2.1656445918; -1.0229423450; 2.0330954180; -70.9593596144; 2.0250265653; 45.9180376366; 5.9310533831; 6.5946509541; 3.9740288286; -26.7785322460; 4.5676395894; 11.9677040430; 3.7622313977; -25.9377905142; 4.4142331970; -84.6378259322; 3.9808336115; -51.0344403396
514.50; 2.1500806942; 11.2591754524; 2.0958896843; -10.1226318285; 2.0303172442; -14.6759480277; 2.1672123196; -5.2060118296; 2.0345072576; -79.6988429710; 2.0268751954; 43.7555814394; 5.9349894847; 1.4233177672; 3.9761208587; -46.9817537921; 4.5677607795; -3.2368808118; 3.7618831747; -29.1970720486; 4.4123017587; -62.0943959953; 3.9802917643; -45.8447107078
515.00; 2.1504394821; 6.4684268820; 2.0915991578; -5.0958448998; 2.0287884532; -28.3207212326; 2.1687406144; -9.3412927262; 2.0357221605; -81.2746954822; 2.0288193000; 42.1007172559; 5.9389656099; -2.2679196188; 3.9780352249; -62.0415462974; 4.5678402547; -15.7579481290; 3.7614679017; -31.5494463923; 4.4101568506; -32.3913399156; 3.9796293723; -33.5969592125
515.50; 2.1508182718; -0.4322823746; 2.0873606676; 1.2266946635; 2.0271818364; -34.4217080211; 2.1701984627; -12.9879134516; 2.0367205624; -74.7075465308; 2.0308314470; 41.0482619121; 5.9429231689; -4.1148923421; 3.9797043994; -68.1943519950; 4.5678388339; -22.7703908361; 3.7609826988; -32.4165648648; 4.4079170863; -1.6811858125; 3.9788920240; -16.1313641141
516.00; 2.1511945544; -9.2977725905; 2.0831704142; 9.6324747250; 2.0254696839; -31.3958438797; 2.1715836377; -15.6939408911; 2.0375293022; -60.8127840564; 2.0329205080; 40.3955893756; 5.9468798215; -4.3254890846; 3.9811219222; -63.9152015662; 4.5677352704; -22.3559971612; 3.7604219819; -31.4821871508; 4.4056655834; 26.1637508314; 3.9781301121; 3.4628288557
516.50; 2.1515376694; -19.8955028874; 2.0790428454; 20.3839981535; 2.0236568189; -21.9540514124; 2.1728932131; -17.1210240159; 2.0381940126; -41.8472926321; 2.0350919191; 39.8681468254; 5.9508481629; -3.5383210390; 3.9823078727; -50.4533800472; 4.5675305719; -13.8332653844; 3.7597867079; -28.7182584003; 4.4034815223; 49.1247071115; 3.9774025936; 21.7836942393
517.00; 2.1518079766; -31.7413712356; 2.0750314608; 32.9383965029; 2.0217818477; -10.9519783045; 2.1741189565; -17.2476670226; 2.0387705007; -20.7491575328; 2.0373353999; 39.3646532697; 5.9548139757; -2.5910020414; 3.9833014290; -31.3271672433; 4.5672521922; 1.8842308821; 3.7590882753; -24.4160267413; 4.4014449824; 66.3672222566; 3.9767700966; 36.0468199380
517.50; 2.1519653052; -44.2320835116; 2.0711335045; 46.2928245308; 2.0198594711; -2.0688569495; 2.1752765211; -16.3648780768; 2.0393303318; 0.1058757041; 2.0396756623; 39.0871548454; 5.9588250311; -2.2451401068; 3.9841753837; -10.1900498549; 4.5669460784; 22.7873305724; 3.7583322725; -19.0003727858; 4.3995864940; 78.0245435126; 3.9762709392; 44.8065566094
518.00; 2.1519635194; -56.1513196009; 2.0673867717; 58.9812582986; 2.0179146408; 3.2544957678; 2.1763734301; -14.8965836851; 2.0399387142; 18.8407292437; 2.0421185269; 39.5251466297; 5.9628908286; -3.0321390093; 3.9849989332; 10.1382021303; 4.5666771876; 45.9652582642; 3.7575338341; -13.0292766315; 4.3979394723; 84.2095026154; 3.9759331614; 47.5087042119
518.50; 2.1517577831; -65.7064639615; 2.0638367747; 69.5212614113; 2.0159660541; 5.4820977252; 2.1774164968; -13.2611003347; 2.0406528030; 34.2956441239; 2.0446664380; 41.1807810667; 5.9670066907; -5.0711949249; 3.9858370792; 28.2274770050; 4.5665193288; 68.3804966291; 3.7567118519; -7.0485571731; 4.3965253287; 84.9319979959; 3.9757669864; 44.4037339473
519.00; 2.1513143057; -70.7275633569; 2.0605477532; 76.7107298073; 2.0140374867; 6.0560604604; 2.1784055235; -11.8410033499; 2.0415131441; 45.7843790338; 2.0473060123; 44.1702177717; 5.9711316690; -8.2449029844; 3.9867416761; 43.3538637741; 4.5665454327; 87.3208394219; 3.7558915846; -1.5740022574; 4.3953584275; 80.0446381523; 3.9757644155; 36.4283183307
519.50; 2.1506079489; -69.7101637075; 2.0575027976; 80.0631629340; 2.0121072817; 6.6075778732; 2.1793604846; -10.8164124463; 2.0425645618; 53.2213171978; 2.0500826472; 48.0437140309; 5.9753058989; -12.3375874938; 3.9877743050; 55.2081965266; 4.5668182651; 101.2547008469; 3.7550796792; 3.0971396478; 4.3944102542; 69.2351827566; 3.9759003385; 24.8952235244
520.00; 2.1496454256; -62.4436144661; 2.0547340460; 79.5435383883; 2.0101906371; 8.2924299912; 2.1802810702; -10.3346276035; 2.0438212169; 56.4633182221; 2.0529935785; 51.7440496649; 5.9794862849; -17.0601429319; 3.9889685932; 63.0044528599; 4.5673842036; 109.0149761676; 3.7542957951; 6.6623003367; 4.3936557984; 52.4756055322; 3.9761371895; 11.6332363820
520.50; 2.1484624973; -50.4016156177; 2.0522627140; 75.7250921730; 2.0083102838; 11.4476071007; 2.1811633802; -10.5303097608; 2.0452776147; 55.4334679488; 2.0560272133; 53.9799667526; 5.9836172865; -22.1979051498; 3.9903404637; 65.9499400987; 4.5682654747; 110.0691150261; 3.7535572254; 8.8965564495; 4.3930508070; 30.5222667075; 3.9764290602; -1.3729701199
521.00; 2.1470838958; -35.7272566135; 2.0500336601; 69.4591503536; 2.0064449012; 15.5608893770; 2.1820239376; -11.5844621333; 2.0469506775; 50.0402296520; 2.0592449783; 53.6866810555; 5.9877478016; -27.7941832717; 3.9919249607; 63.4645874310; 4.5694848696; 104.3226021455; 3.7528576746; 9.7025351337; 4.3925184594; 4.7159854089; 3.9767370275; -12.7666209651
521.50; 2.1455790768; -20.9619274456; 2.0480504240; 61.8055996179; 2.0046282127; 19.2839800259; 2.1828518272; -13.7016443225; 2.0488006881; 40.3355923393; 2.0626143158; 50.2015126561; 5.9918097350; -33.7391486945; 3.9936998233; 55.1339440224; 4.5710167552; 91.9891223675; 3.7522063709; 9.0179100768; 4.3919867781; -21.2292472353; 3.9770184138; -21.4698791679
522.00; 2.1439989409; -7.7972785903; 2.0462795620; 53.5264634153; 2.0028655712; 20.8191371256; 2.1836448799; -17.1674606298; 2.0507979493; 26.5579806052; 2.0661390057; 43.4094245592; 5.9957932354; -39.8500334073; 3.9956468940; 40.7641471871; 4.5728322572; 73.5153676203; 3.7515975374; 6.9057233636; 4.3913754697; -42.5038200092; 3.9772426745; -27.1663007159
522.50; 2.1423904770; 2.8669442159; 2.0446889817; 44.9943030778; 2.0011575291; 18.1094913796; 2.1843952796; -22.4118935457; 2.0528983987; 9.4447343864; 2.0698092341; 33.7076913730; 5.9996829347; -45.6485702728; 3.9977276085; 20.6187316540; 4.5748827800; 49.7867306951; 3.7510217903; 3.5761230623; 4.3906191656; -54.2821325242; 3.9773877384; -29.7089493319
523.00; 2.1407923429; 10.6383791368; 2.0432468329; 36.2157592473; 1.9994916122; 9.2724695748; 2.1850889848; -29.9342243595; 2.0550473084; -9.4811758773; 2.0736055556; 21.8846636692; 6.0034633336; -50.3285314353; 3.9998850168; -4.1434966753; 4.5771033503; 22.3415702684; 3.7504661885; -0.5649097149; 4.3896816497; -53.8693453450; 3.9774408415; -28.7108831028
523.50; 2.1392598868; 15.3626606385; 2.0419441300; 27.2407178110; 1.9978639587; -6.3930738487; 2.1856931045; -39.8081051113; 2.0571478930; -27.4222475884; 2.0774366644; 9.2155749305; 6.0070591640; -52.8328642785; 4.0020108271; -30.5007825426; 4.5793787307; -5.9848743469; 3.7499246937; -4.8470962924; 4.3885814071; -42.2519053685; 3.9773998001; -23.5795788045
524.00; 2.1378100502; 17.1523063498; 2.0407457608; 18.1510913758; 1.9962207506; -27.2780543445; 2.1861793797; -51.2971534988; 2.0591434180; -41.4131528027; 2.0812723135; -3.1801887876; 6.0104672860; -52.3495487458; 4.0040284246; -54.3974616867; 4.5816277586; -32.1977299904; 3.7493815437; -8.5676318675; 4.3873564554; -23.4191224980; 3.9772769231; -14.1134293216
524.50; 2.1364451818; 16.0684424572; 2.0396129397; 9.3307364722; 1.9944873442; -48.3808125961; 2.1865154952; -62.2029624408; 2.0609954940; -48.8582783155; 2.0850939296; -14.4320766537; 6.0137032904; -48.4983262509; 4.0058747229; -71.3234707282; 4.5837821380; -53.3046324533; 3.7488215598; -11.0622590272; 4.3860625517; -2.1753319548; 3.9770977181; -1.1317001261
525.00; 2.1351722681; 12.0998084215; 2.0385200358; 1.5167364575; 1.9926078468; -61.8540424205; 2.1866672151; -68.8124529109; 2.0626661073; -48.3943769110; 2.0888445440; -23.9129292888; 6.0167576198; -41.5799004228; 4.0074882542; -77.7972674994; 4.5857656088; -66.7245129657; 3.7482398296; -11.8352877655; 4.3847758575; 17.4348348485; 3.9769007291; 13.2180567975
525.50; 2.1339658049; 5.1518528362; 2.0374257161; -4.6988489360; 1.9905199292; -61.4712789696; 2.1866176441; -67.7074659796; 2.0641713383; -40.5203113252; 2.0925358423; -31.6259107752; 6.0196828884; -32.3811457718; 4.0088686850; -73.3920706093; 4.5875596066; -71.5258831723; 3.7476274370; -10.7176984387; 4.3835451515; 33.3828847088; 3.9767261227; 26.4787939955
526.00; 2.1328010069; -4.8948289943; 2.0363032784; -8.9578732851; 1.9882205251; -46.7256398889; 2.1863720083; -57.6595202645; 2.0655349050; -27.2777055722; 2.0961515672; -37.8143422867; 6.0225113571; -22.0301092452; 4.0100341052; -60.6085054778; 4.5891534176; -68.2057979327; 3.7469865509; -7.9019201658; 4.3824187236; 44.7699879404; 3.9766129767; 36.3374852011
526.50; 2.1316400975; -18.0572147213; 2.0351305326; -11.3484571552; 1.9857483160; -22.6887202867; 2.1859633060; -40.5681794081; 2.0667990775; -11.3801041176; 2.0996848490; -42.8481132182; 6.0252829071; -11.6868164693; 4.0110298244; -43.4489362157; 4.5905628580; -58.6112717364; 3.7463238832; -3.8612864870; 4.3814290237; 51.5735753475; 3.9765903832; 41.2872708739
527.00; 2.1304412499; -33.8872168664; 2.0338986987; -12.4029189868; 1.9831870666; 3.3139279215; 2.1854495596; -20.1925127826; 2.0680063345; 4.5531202161; 2.1031094188; -46.9298014401; 6.0280197695; -2.3450900585; 4.0119080256; -25.4913228600; 4.5918135572; -45.3942032806; 3.7456543688; 0.7508531233; 4.3806004836; 54.0587538529; 3.9766729049; 40.7149857719
527.50; 2.1291515060; -51.1573346267; 2.0326021041; -12.9662638351; 1.9806243326; 25.9644104398; 2.1848997105; -0.1319893994; 2.0692013970; 18.6622831050; 2.1064069463; -49.9964022333; 6.0307449956; 5.3871525886; 4.0127252044; -8.6741801175; 4.5929449014; -31.2536096752; 3.7449940846; 5.2713742776; 4.3799416305; 52.5415691075; 3.9768575861; 34.8743173266
528.00; 2.1277160389; -67.5111180680; 2.0312397341; -13.9341622446; 1.9781424319; 43.6287718084; 2.1843832425; 17.2862319688; 2.0704207768; 29.8991735098; 2.1095559863; -51.7652893837; 6.0334709181; 11.2243257205; 4.0135326536; 6.2641304304; 4.5939972226; -18.4782409875; 3.7443602373; 9.1331358334; 4.3794487224; 47.2099919157; 3.9771242229; 24.7844281396
528.50; 2.1260632512; -79.8980984777; 2.0297899827; -16.0261018121; 1.9757727221; 56.9562231658; 2.1839541944; 31.1673218198; 2.0717092192; 37.9975242486; 2.1125840286; -52.0101000089; 6.0362425253; 15.2818735949; 4.0143873054; 18.9812295788; 4.5950217352; -8.4996068726; 3.7437590574; 11.9739866124; 4.3790987374; 38.0223786272; 3.9774428969; 11.9346479210
529.00; 2.1241434645; -85.0935932952; 2.0282355827; -19.6745593953; 1.9735502173; 67.2183479358; 2.1836597827; 41.1934227914; 2.0730940866; 42.9352861602; 2.1155015325; -50.7719494007; 6.0390815345; 17.7189294099; 4.0153343633; 28.5897458066; 4.5960539243; -2.2452530942; 3.7431981432; 13.5525859683; 4.3788612669; 24.8739313454; 3.9777735777; -1.7005000254
529.50; 2.1219377549; -81.2304000700; 2.0265583470; -24.9075316529; 1.9715078227; 75.5590155057; 2.1835367740; 47.3443907934; 2.0745888379; 44.8251440780; 2.1183142599; -48.5039552747; 6.0419958865; 18.6731887826; 4.0164070247; 33.9220740691; 4.5971149434; -0.2194928422; 3.7426830850; 13.7346743277; 4.3786948279; 7.7834814226; 3.9780722494; -13.9275623524
530.00; 2.1194843972; -69.0017609200; 2.0247529575; -31.2707346387; 1.9696923257; 82.5018542585; 2.1836099735; 49.6473826916; 2.0761810718; 43.8040180888; 2.1210028653; -45.9761490619; 6.0449579946; 18.2213909137; 4.0176133466; 33.9349430661; 4.5982020589; -2.6176788083; 3.7422200914; 12.4841983085; 4.3785472887; -12.3808832188; 3.9782958187; -22.7301603319
530.50; 2.1168376143; -51.3291109944; 2.0227992327; -37.9881971338; 1.9681281021; 87.8944599608; 2.1838889748; 48.0580844042; 2.0778594707; 40.0116668093; 2.1235715153; -43.9892543395; 6.0479572283; 16.4396245570; 4.0189514852; 28.0333247516; 4.5993069875; -9.3553653093; 3.7418063488; 9.8385421995; 4.3783559462; -33.7601537951; 3.9784142891; -27.0307978433
531.00; 2.1140497240; -31.7745636498; 2.0206605360; -44.1420423438; 1.9668208522; 90.9454370416; 2.1843727079; 42.3276659059; 2.0796177273; 33.5298078747; 2.1260442832; -43.1312264106; 6.0510034348; 13.4932266868; 4.0204117725; 15.9038997791; 4.6004174816; -20.2390977188; 3.7414310900; 5.9102654182; 4.3780534089; -53.3195896152; 3.9784124348; -26.8234660406
531.50; 2.1111469490; -13.1192793873; 2.0182759250; -48.9285164206; 1.9657582580; 90.2368544837; 2.1850554005; 31.8115243535; 2.0814619406; 24.3884267347; 2.1284677971; -43.6749524966; 6.0541374817; 9.7623598717; 4.0219829476; -2.5471336340; 4.6015210565; -34.9315188562; 3.7410759268; 0.8849754806; 4.3775729473; -67.4197374885; 3.9782867195; -22.7757786175
532.00; 2.1082357865; 2.4625229805; 2.0156555640; -51.6940079763; 1.9649515896; 83.8397981975; 2.1858994244; 15.9301346836; 2.0833372220; 13.0390173610; 2.1308120926; -45.5254095585; 6.0573071943; 5.9941767702; 4.0235895470; -26.1767850055; 4.6025610012; -52.2639958259; 3.7407298170; -4.7683784193; 4.3768760864; -72.5811925919; 3.9780465563; -15.7735278823
532.50; 2.1054023427; 14.0774842080; 2.0128139051; -52.3127702932; 1.9643851626; 69.9316458174; 2.1868487869; -5.5520330575; 2.0851874252; 0.3497968619; 2.1330528213; -48.2290411214; 6.0604702228; 3.1362549973; 4.0251441097; -52.4135942206; 4.6034772920; -70.3738723308; 3.7403782039; -10.4233872880; 4.3759549701; -67.9665102489; 3.9777120953; -6.3672175653
533.00; 2.1026850173; 21.7342188680; 2.0097438412; -51.0958246538; 1.9640101271; 47.2987405827; 2.1878390122; -32.0173655029; 2.0869739622; -12.5159596183; 2.1351895587; -51.1102623360; 6.0636233910; 2.0381383758; 4.0265693373; -77.3639945420; 4.6042194177; -86.9551319929; 3.7400026057; -15.4208174738; 4.3748246488; -55.6732522553; 3.9773083052; 5.2442551131
533.50; 2.1000774360; 25.7720351132; 2.0064071134; -48.4934997618; 1.9637477843; 16.2536257466; 2.1888013704; -61.1551602696; 2.0886781052; -24.0960546695; 2.1372446692; -53.4630133679; 6.0668057368; 3.2414914439; 4.0278070501; -96.4628377611; 4.6047481553; -99.5142816131; 3.7395821044; -19.1434094859; 4.3735089659; -39.2391335684; 3.9768620269; 18.7661811070
534.00; 2.0976045015; 26.4233708255; 2.0028195869; -44.8710510919; 1.9634995806; -18.7965416465; 2.1896421144; -87.4149463435; 2.0902561707; -32.5806672354; 2.1392067644; -54.6746167704; 6.0700124897; 6.7798548525; 4.0287935901; -105.3635083803; 4.6050237072; -105.4419530069; 3.7391058368; -21.0116527106; 4.3720624025; -22.2772278497; 3.9764130472; 33.0085415779
534.50; 2.0952760807; 23.8421024853; 1.9989990336; -40.3319189983; 1.9631538060; -48.6412908525; 2.1902768634; -103.4172650480; 2.0916761114; -36.4960362184; 2.1410696010; -54.4468985028; 6.0732487829; 12.1060494407; 4.0294987896; -102.4239539332; 4.6050276549; -103.0196246855; 3.7385685654; -20.7230930466; 4.3705406232; -7.2345659950; 3.9760039620; 46.1264692263
535.00; 2.0930899869; 18.0657842613; 1.9949680854; -34.7383361084; 1.9626155995; -62.2778606438; 2.1906535560; -103.5991232960; 2.0929206693; -35.2019073512; 2.1428310210; -52.8930425224; 6.0765246335; 18.2401481237; 4.0299302694; -89.6105400487; 4.6047680496; -91.9607802816; 3.7379721156; -18.3380983422; 4.3689938423; 4.7431086825; 3.9756747381; 56.1983171421
535.50; 2.0910409156; 9.1221282119; 1.9907722016; -27.8618138461; 1.9618451101; -53.8654521158; 2.1907696518; -88.0949709902; 2.0939847416; -29.0693075517; 2.1444854932; -50.4702186540; 6.0798377735; 24.0572917843; 4.0301261901; -71.3150866986; 4.6042821390; -73.5952019955; 3.7373278480; -14.2754000806; 4.3674694703; 13.3868401061; 3.9754575914; 61.7002064315
536.00; 2.0890900959; -2.9358554399; 1.9864207552; -19.5026263331; 1.9608665393; -27.2628893846; 2.1906753419; -62.5972622409; 2.0948907550; -19.1763826351; 2.1460472840; -47.7225840659; 6.0832176905; 28.6356660263; 4.0301457036; -51.5272485632; 4.6036265085; -50.3075386396; 3.7366463313; -9.1450724212; 4.3659888736; 18.9522975648; 3.9753682092; 61.8799824302
536.50; 2.0871822795; -17.8128899163; 1.9819147496; -9.6983052008; 1.9597575859; 7.4695997311; 2.1904507356; -34.5155529470; 2.0956745155; -6.9539004145; 2.1475350656; -44.9900820564; 6.0867000724; 31.3692939516; 4.0300513854; -32.1223315260; 4.6028695380; -24.8017328855; 3.7359393184; -3.6145246303; 4.3645597207; 21.7275106106; 3.9754071994; 56.6587568780
537.00; 2.0852572528; -34.5961257848; 1.9772715231; 1.1871871464; 1.9586242273; 40.6867391321; 2.1901841136; -9.6266483560; 2.0963759789; 6.1551753650; 2.1489622295; -42.2198019313; 6.0903060358; 31.9641532054; 4.0299040838; -12.9702818179; 4.6020875562; 0.3005681888; 3.7352216792; 1.7106669528; 4.3631853976; 21.8567072034; 3.9755602167; 46.6825964544
537.50; 2.0832539019; -51.4056226653; 1.9725284951; 12.4961552819; 1.9575728011; 67.0111898395; 2.1899555168; 9.1141929139; 2.0970354441; 18.8942408937; 2.1503367689; -38.9423842864; 6.0940375732; 30.3788454024; 4.0297648586; 6.3317188221; 4.6013585872; 22.7518457925; 3.7345103030; 6.3248567324; 4.3618660767; 19.3104786137; 3.9757984585; 33.2635064243
538.00; 2.0811449484; -65.1118010803; 1.9678050037; 23.2557828338; 1.9567051603; 84.8834369491; 2.1898295790; 20.8116780821; 2.0976814712; 30.1294195205; 2.1516456291; -34.5609912659; 6.0978259867; 26.7507697458; 4.0296978185; 24.7428772447; 4.6007639579; 40.6105303111; 3.7338316419; 9.8112853450; 4.3606151515; 14.0176231772; 3.9760779693; 18.6903779902
538.50; 2.0788568605; -72.7265110391; 1.9630859784; 32.8895458498; 1.9560689939; 95.6268443629; 2.1898436634; 26.1829832730; 2.0983564642; 39.4485805547; 2.1529173238; -28.6377981450; 6.1017009116; 21.2083494837; 4.0297615717; 40.5030586569; 4.6003515636; 53.1408639672; 3.7331889196; 12.0104888718; 4.3594010128; 5.8331907485; 3.9763581080; 5.2493468500
539.00; 2.0763619012; -72.0556733317; 1.9584070688; 40.9091251970; 1.9557003587; 100.9711100033; 2.1900172522; 26.0393413354; 2.0990892098; 46.6275380871; 2.1541699610; -21.4032530138; 6.1056423063; 13.8958681899; 4.0300078103; 51.2872363394; 4.6001602207; 59.7760849442; 3.7325892452; 12.8308812565; 4.3581979217; -4.9643399972; 3.9765987198; -4.7501141165
539.50; 2.0736531549; -63.0177125225; 1.9537814061; 47.2015536293; 1.9556169479; 102.3527622075; 2.1903531779; 21.0697274166; 2.0999043541; 51.4606590565; 2.1554305684; -13.6754023442; 6.1096386910; 4.9570264409; 4.0304738119; 55.3490591928; 4.6002100068; 60.2479658469; 3.7320331547; 12.2655211531; 4.3569677872; -17.4222864551; 3.9767709466; -9.7776482994
540.00; 2.0707609593; -47.8443238177; 1.9492296197; 52.0639259679; 1.9558251949; 100.6596784557; 2.1908387209; 11.6262457185; 2.1008170566; 53.7907152851; 2.1567244270; -6.6541119783; 6.1136621531; -5.2652651534; 4.0311754266; 51.6873990818; 4.6005029803; 54.4853038353; 3.7315185269; 10.4023655142; 4.3556709598; -29.5399915429; 3.9768602335; -9.4911699499
540.50; 2.0677544828; -30.0959544870; 1.9447923130; 56.1978865952; 1.9563195991; 96.0720555858; 2.1914438383; -2.2621095950; 2.1018291827; 53.4471102942; 2.1580675869; -1.5110170851; 6.1176584948; -16.1091288707; 4.0320996915; 40.0738728266; 4.6010198363; 42.7592035598; 3.7310418078; 7.4373309570; 4.3542764682; -38.4865476555; 3.9768677343; -4.7321774437
541.00; 2.0646888329; -12.9864194951; 1.9404708002; 60.6020285921; 1.9570873037; 88.1371936747; 2.1921283149; -20.9223431408; 2.1029417188; 50.3031887474; 2.1594809711; 0.9984542127; 6.1216043824; -26.7235482524; 4.0332144977; 21.0818600811; 4.6017256372; 25.7976472680; 3.7305917861; 3.6680198049; 4.3527527582; -41.7574809296; 3.9768085541; 3.1169281824
541.50; 2.0616236734; 1.3537303364; 1.9362779296; 66.1926682699; 1.9581041464; 75.8165044145; 2.1928354490; -44.8444013624; 2.1041448352; 44.2393104795; 2.1609743549; 0.6308209612; 6.1254683006; -36.0230471740; 4.0344626986; -3.5533794727; 4.6025686261; 5.0543810856; 3.7301558886; -0.4709860843; 4.3510891083; -38.2942626802; 3.9767067065; 12.7927496163
542.00; 2.0586145273; 11.9144531013; 1.9322389459; 73.4319887437; 1.9593302007; 57.7553612786; 2.1934903277; -74.1013216109; 2.1054174727; 35.3128333815; 2.1625456256; -2.3431056313; 6.1292159145; -42.8784822537; 4.0357669115; -30.4779249599; 4.6034838351; -17.0942811407; 3.7297212380; -4.4408090562; 4.3492989674; -29.1421035638; 3.9765916371; 23.5005670320
542.50; 2.0557019540; 18.5810523543; 1.9283832900; 82.1343961509; 1.9607075460; 32.8056908650; 2.1940012813; -107.3364297929; 2.1067302070; 23.9251901199; 2.1641847529; -7.2723070123; 6.1328226374; -46.4859257526; 4.0370427498; -54.9090386920; 4.6044020919; -37.5087070567; 3.7292753724; -7.6073966051; 4.3474130136; -16.7900675530; 3.9764957796; 34.7007530588
543.00; 2.0528971396; 21.7083785992; 1.9247257948; 91.6058762216; 1.9621640908; 0.7666025259; 2.1942661385; -140.6862765642; 2.1080531388; 10.9278673453; 2.1658839725; -13.3279216807; 6.1362932203; -46.5736444825; 4.0382200216; -71.9704460326; 4.6052641758; -52.9195464699; 3.7288060626; -9.4510153402; 4.3454617073; -3.8238688843; 3.9764528015; 45.6539050954
543.50; 2.0501953381; 21.7564994803; 1.9212810426; 100.9582963868; 1.9636082448; -36.0158388437; 2.1941795832; -167.1797600341; 2.1093535329; -2.2858122407; 2.1676345850; -19.7385847763; 6.1396473704; -43.4982341507; 4.0392520096; -78.5391358836; 4.6060266105; -60.7109134788; 3.7283044023; -9.5787442226; 4.3434738555; 7.8924909266; 3.9764966627; 55.1203905436
544.00; 2.0476179048; 19.1393343341; 1.9181115516; 109.3528580095; 1.9649138774; -70.4866029486; 2.1936567665; -178.3595283504; 2.1105802624; -13.7099160546; 2.1694025786; -25.8944463495; 6.1428682746; -38.0966471625; 4.0401097268; -74.8208392936; 4.6066581016; -59.6003559162; 3.7277736045; -7.8933892483; 4.3415012079; 17.2969200675; 3.9766572533; 61.4448726936
544.50; 2.0451489281; 14.1797823149; 1.9152417514; 116.4790885550; 1.9659765476; -92.6682282857; 2.1926597511; -169.7599852324; 2.1117009232; -21.4736440536; 2.1711717274; -31.6316340805; 6.1459802064; -31.4701703939; 4.0408066299; -64.2098132057; 4.6071620952; -50.2867495259; 3.7272175561; -4.7236794737; 4.3395682872; 24.1406185005; 3.9769560126; 63.2552786950
545.00; 2.0427626983; 7.1309645762; 1.9126912896; 122.4536674492; 1.9667302493; -94.7149365697; 2.1912102329; -143.9585324814; 2.1126948861; -24.2667542231; 2.1729275246; -37.1386226698; 6.1490124240; -24.7186869682; 4.0413774275; -50.9290495323; 4.6075667289; -35.0283781517; 3.7266444596; -0.5872796386; 4.3376906681; 28.5178172268; 3.9774020422; 59.6527188962
545.50; 2.0404136727; -1.8884689166; 1.9104650294; 127.6633564377; 1.9671742587; -76.6820115167; 2.1893740175; -108.6706697873; 2.1135614594; -21.7066577766; 2.1746644289; -42.7527270556; 6.1520096056; -18.6938232989; 4.0418674681; -37.4315030802; 4.6079196719; -16.7975948766; 3.7260626703; 3.9176554049; 4.3358669829; 30.5950031143; 3.9779918861; 50.3446201616
546.00; 2.0381092589; -12.4162637404; 1.9086226875; 132.3215611968; 1.9673592839; -47.1579347133; 2.1872937079; -72.8817531652; 2.1142944616; -14.3906403306; 2.1763312195; -48.4678945854; 6.1549367836; -13.9992399292; 4.0423099034; -23.8546069657; 4.6082679573; 1.0685668269; 3.7254967491; 8.0964256351; 4.3341356192; 30.3972234086; 3.9786902509; 36.0139692828
546.50; 2.0357925585; -23.9468700347; 1.9071667562; 136.4674410708; 1.9673838184; -16.1025733436; 2.1850692467; -41.6304143754; 2.1149244988; -3.6059150661; 2.1779186906; -53.9760378009; 6.1578291245; -11.0241503446; 4.0427504984; -8.8183797022; 4.6086660089; 16.4083805536; 3.7249560504; 11.4849868464; 4.3324826006; 27.8497923165; 3.9794612939; 17.9216062729
547.00; 2.0334024822; -35.5748914854; 1.9061026810; 139.7435237252; 1.9673494505; 10.0374138918; 2.1827849894; -16.8407660937; 2.1154923154; 8.9306948788; 2.1794168425; -58.5545842034; 6.1607161364; -9.9084082991; 4.0432397791; 7.8318527866; 4.6091605639; 27.8586435159; 3.7244479685; 13.7717925194; 4.3308873819; 22.7170888718; 3.9802589507; -1.9446966012
547.50; 2.0309376213; -45.5177229889; 1.9054593098; 141.4138860145; 1.9673426057; 28.6063410886; 2.1805621537; 0.9907163736; 2.1160301001; 21.3370365335; 2.1807806864; -61.2407737475; 6.1635491009; -10.6300639724; 4.0438208373; 23.7935187120; 4.6097732832; 34.4105441008; 3.7239893030; 14.7311394766; 4.3293613562; 14.8826994543; 3.9810122282; -20.4589880316
548.00; 2.0283672714; -51.7855223058; 1.9052372598; 140.7498426218; 1.9674243896; 40.2254220436; 2.1784639859; 12.6266561698; 2.1165788663; 32.2560939581; 2.1819959393; -61.4727663587; 6.1663186772; -13.0274777089; 4.0445405884; 36.0054675477; 4.6105162885; 35.8655907500; 3.7235842700; 14.3482620938; 4.3278821098; 4.4385104728; 3.9816673476; -34.7546668308
548.50; 2.0256434187; -52.6797521492; 1.9054260803; 137.2081797997; 1.9676340701; 46.5712770273; 2.1765080123; 18.9867042883; 2.1171814119; 40.8786856306; 2.1830710053; -59.3852483272; 6.1690441359; -16.8417941348; 4.0454424389; 42.0261720539; 4.6113947837; 32.2591593233; 3.7232280098; 12.6815852567; 4.3264013501; -8.1142848916; 3.9821920257; -42.9171034036
549.00; 2.0227384049; -47.4785161750; 1.9060123781; 130.5725852988; 1.9679955920; 49.1738670320; 2.1746992029; 20.5763497526; 2.1178734031; 46.6668131116; 2.1840181337; -55.7650572381; 6.1717367195; -21.7033553602; 4.0465521802; 40.3749969073; 4.6123998174; 23.7344591871; 3.7229129864; 9.8403516297; 4.3248661005; -21.4708070536; 3.9825703600; -44.2979178705
549.50; 2.0196869253; -37.0337827993; 1.9069672517; 121.2205662271; 1.9685166667; 49.1624270527; 2.1730541676; 17.4696240393; 2.1186722951; 49.2237957887; 2.1848398684; -51.8271017002; 6.1743657708; -27.0007339520; 4.0478572477; 30.5783374091; 4.6134942889; 10.7386702825; 3.7226329347; 6.0278310062; 4.3232427018; -33.1863096630; 3.9828005264; -39.7210121330
550.00; 2.0165187735; -23.3264273088; 1.9082573846; 110.0307755236; 1.9691992436; 47.2382886565; 2.1715592344; 9.3794390582; 2.1195909916; 48.3492249217; 2.1855478246; -48.7022673789; 6.1769217690; -31.9975604475; 4.0493285572; 13.0332723342; 4.6146359844; -5.9955025688; 3.7223759660; 1.5022560609; 4.3214900456; -40.5747695864; 3.9829017264; -31.0577800743
550.50; 2.0133027301; -8.9107324096; 1.9098325455; 98.3964684587; 1.9700329198; 43.6262560396; 2.1701976195; -4.1583630056; 2.1206234940; 43.8646996586; 2.1861450519; -47.1614551236; 6.1793743241; -35.8157339791; 4.0509001588; -10.7848691437; 4.6157620205; -25.2696806591; 3.7221303050; -3.3529597546; 4.3195960294; -41.6186265554; 3.9829040609; -20.3885902816
551.00; 2.0100455132; 4.4180829234; 1.9116725616; 87.5626692515; 1.9710180118; 37.9701398864; 2.1689070816; -23.8252944294; 2.1217728443; 35.5305162158; 2.1866421040; -47.4225098466; 6.1817466861; -37.6644224654; 4.0525176593; -38.5512529380; 4.6168248016; -45.6376201441; 3.7218782142; -8.1479033168; 4.3175307027; -36.1742046008; 3.9828435244; -9.1220660971
551.50; 2.0068329233; 15.3363334954; 1.9137175341; 78.7156022925; 1.9721250944; 29.4901000840; 2.1676405523; -49.0932655737; 2.1230021191; 23.3697092619; 2.1870295619; -49.1998899566; 6.1840060656; -36.9110658272; 4.0540737773; -65.7947540701; 4.6177458539; -64.4574877559; 3.7216087535; -12.3153447634; 4.3153352098; -25.9766822645; 3.9827576855; 1.6645903753
552.00; 2.0036381020; 23.5377884831; 1.9159795462; 72.0389763627; 1.9733504150; 17.1276969978; 2.1662913073; -78.2867714018; 2.1243011988; 7.3049957859; 2.1873065244; -51.8743074822; 6.1862018654; -33.4737554507; 4.0555128671; -87.9719465933; 4.6184821375; -79.2866905345; 3.7213043179; -15.4431358892; 4.3129958432; -13.4856821438; 3.9826799763; 11.5648435378
552.50; 2.0005158307; 28.9763922832; 1.9184201828; 67.1942874118; 1.9746462562; 0.7033902143; 2.1647764992; -105.8766319005; 2.1256125585; -11.8461885315; 2.1874583135; -54.5854339807; 6.1883275976; -27.7280402799; 4.0567510785; -100.5251558059; 4.6189773352; -87.4092310940; 3.7209583930; -17.1212183878; 4.3105690137; -1.1184472301; 3.9826434339; 19.7710940439
553.00; 1.9975349152; 31.8491229632; 1.9209836703; 63.3841358180; 1.9759402461; -19.2227605530; 2.1630339344; -123.2936591509; 2.1268577817; -32.2170558786; 2.1874712593; -56.5025493321; 6.1903676743; -20.5511200656; 4.0577281300; -101.7166771440; 4.6191965876; -87.2398482960; 3.7205725561; -17.1752309949; 4.3081326752; 9.4566246987; 3.9826753461; 25.2360542905
553.50; 1.9946610202; 32.5258395891; 1.9236938584; 59.6674830601; 1.9771888080; -39.7612020077; 2.1609838170; -123.4221026533; 2.1279935763; -51.7062595282; 2.1873369304; -57.1756535001; 6.1923747193; -12.8165614473; 4.0584535856; -93.7683084656; 4.6191422684; -78.8737134265; 3.7201422224; -15.7294488362; 4.3056851524; 17.7665599599; 3.9827946903; 27.0590707313
554.00; 1.9918578960; 31.2779764212; 1.9265755968; 55.4498194554; 1.9783442464; -55.2136056746; 2.1585949307; -104.2948170733; 2.1289751208; -67.7104746158; 2.1870468342; -56.5428562148; 6.1943997109; -5.3938043350; 4.0589580113; -80.9679623099; 4.6188348048; -63.6747895639; 3.7196666970; -13.1134825900; 4.3032204233; 23.7126461530; 3.9830120571; 24.4561980971
554.50; 1.9891705806; 28.3501743393; 1.9295625918; 50.7612118009; 1.9793384723; -59.1293731706; 2.1559681171; -71.4760525424; 2.1297363298; -77.3007595576; 2.1866040512; -54.9203725476; 6.1964290216; 0.8013067037; 4.0592688754; -67.4153987177; 4.6183227253; -44.3430345684; 3.7191632386; -9.8733435615; 4.3008024175; 27.1879839604; 3.9833190509; 17.1367052857
555.00; 1.9865595950; 23.9598926074; 1.9326671767; 45.8915182051; 1.9801716883; -49.3458284907; 2.1531800436; -33.5920829379; 2.1302573629; -79.0806541349; 2.1860058832; -52.7113427547; 6.1985019665; 5.2997522673; 4.0594294036; -54.3580669115; 4.6176580507; -23.2982270708; 3.7186375463; -6.5020354626; 4.2984187832; 28.2183571199; 3.9836995891; 5.3090407682
555.50; 1.9840025488; 18.4382080006; 1.9358764542; 41.2406177562; 1.9808787878; -29.6327288765; 2.1503444336; 1.6331748748; 2.1305354110; -73.1134392172; 2.1852541122; -50.1277100898; 6.2006360044; 7.8496120925; 4.0594777956; -40.9259611875; 4.6169011844; -2.7321609724; 3.7180997236; -3.4364694097; 4.2960697224; 26.6503160850; 3.9841221101; -10.0827005415
556.00; 1.9814954384; 12.2590950371; 1.9391487343; 37.0658437944; 1.9815202709; -7.1670501713; 2.1475925546; 29.6374488484; 2.1305903389; -60.9731154538; 2.1843587486; -46.9458557888; 6.2028232760; 8.3971495740; 4.0594533815; -26.0190974069; 4.6161178096; 15.5791899274; 3.7175637524; -0.9986453445; 4.2937681849; 22.2187358146; 3.9845405753; -27.1378995046
556.50; 1.9789945079; 6.1367644928; 1.9424909836; 33.2435663691; 1.9821756246; 12.3079887497; 2.1449926768; 49.3796243302; 2.1304645395; -44.9291646229; 2.1833198280; -42.4345947895; 6.2050812887; 7.0578865418; 4.0594008179; -9.8786268904; 4.6153553941; 30.7919673058; 3.7170338499; 0.6805051480; 4.2914839232; 14.5632940157; 3.9849101420; -43.4791299261
557.00; 1.9764947611; 1.1840142459; 1.9458604096; 29.4363789176; 1.9829044078; 25.8909409195; 2.1426277677; 61.1281004971; 2.1302136509; -27.6163078365; 2.1821567142; -35.7622745619; 6.2073873565; 4.0409307791; 4.0593693847; 5.2983789370; 4.6146632613; 42.1914186551; 3.7165200368; 1.5564807705; 4.2892118479; 3.6322992925; 3.9851827203; -56.1993619726
557.50; 1.9739917027; -1.1866733758; 1.9492192441; 25.1836107717; 1.9837468221; 33.2919839528; 2.1405478972; 65.8973921060; 2.1298988277; -11.2624664347; 2.1808958426; -26.4700597537; 6.2097163332; -0.3830677911; 4.0594049716; 16.9245244817; 4.6140765059; 49.4166931645; 3.7160287123; 1.6746928480; 4.2869330715; -10.0254187419; 3.9853236375; -62.9525599462
558.00; 1.9714139844; 0.3284138732; 1.9526309396; 19.9805808663; 1.9847489967; 35.6134210860; 2.1387178919; 64.8137186357; 2.1295686857; 3.0239839649; 2.1795336144; -14.5760978566; 6.2121096454; -6.0336564781; 4.0595437251; 23.1091866389; 4.6135996038; 52.4394389672; 3.7155489430; 1.1445942972; 4.2845506115; -25.3931621224; 3.9853209925; -62.8822395269
558.50; 1.9688094925; 6.5439683923; 1.9560161116; 13.7289381848; 1.9859030089; 34.0897436894; 2.1371662493; 58.6669158324; 2.1292780259; 14.0448328383; 2.1781283244; -1.3324086435; 6.2145073457; -12.4342240579; 4.0598013806; 22.7419187294; 4.6132466264; 51.1108142458; 3.7150879170; 0.0925132081; 4.2820588879; -39.6568640971; 3.9851804185; -56.6147479184
559.00; 1.9661901771; 17.2734428205; 1.9593627908; 6.5408005440; 1.9872082450; 30.0703991984; 2.1358660236; 47.9819362322; 2.1290642269; 21.2957238772; 2.1767148472; 11.7519652470; 6.2168963826; -19.0936049554; 4.0601754241; 15.7108008031; 4.6130080093; 45.5738405479; 3.7146410539; -1.3366620894; 4.2794071903; -49.3719225943; 3.9849268035; -46.0745964605
559.50; 1.9635910529; 31.2221070430; 1.9626477430; -1.1241727930; 1.9886531512; 24.7299881087; 2.1347802824; 33.0242508625; 2.1289531421; 24.4680483649; 2.1753310376; 23.1333734561; 6.2192567599; -25.3908056852; 4.0606419387; 2.6794639920; 4.6128626511; 36.3447747920; 3.7142037496; -2.9535089976; 4.2765656580; -51.4363346046; 3.9845976545; -33.5900297425
560.00; 1.9610559569; 46.4575751829; 1.9658504570; -8.5206121752; 1.9902234872; 19.0186324127; 2.1338576029; 13.9052927646; 2.1289573344; 23.3131652327; 2.1740077998; 31.7229549882; 6.2215722617; -30.6477713799; 4.0611588438; -14.6418488821; 4.6127784067; 24.4531470925; 3.7137702942; -4.5170780096; 4.2735252735; -44.4386514896; 3.9842351087; -21.0022776909
560.50; 1.9586243673; 61.1135652677; 1.9689637136; -14.8124139763; 1.9919100742; 13.5059846111; 2.1330307114; -9.2525074001; 2.1290759776; 17.5494637190; 2.1727625471; 37.0636939381; 6.2238384505; -34.3007504458; 4.0616727672; -33.5350543881; 4.6127152464; 11.6022728759; 3.7133335552; -5.7256531211; 4.2702931692; -29.2469926722; 3.9838792595; -9.2290592969
561.00; 1.9563562696; 73.6801588769; 1.9719563328; -19.2076305878; 1.9936897147; 8.3733147571; 2.1322277628; -35.5561642392; 2.1292931512; 6.9361203500; 2.1716140477; 39.2712964324; 6.2260353512; -36.0001548106; 4.0621208840; -50.1580305062; 4.6126312874; 0.2434031662; 3.7128914831; -6.2436127225; 4.2669299166; -8.5845817365; 3.9835700708; 1.3662574044
561.50; 1.9542928112; 83.3453149671; 1.9748190652; -21.3241792977; 1.9955482039; 3.2925256404; 2.1313631039; -62.8185062030; 2.1295780571; -8.6006635323; 2.1705652478; 39.0243614099; 6.2281599727; -35.7802491114; 4.0624499141; -60.7561688339; 4.6124892514; -7.0048343560; 3.7124422032; -5.7863330582; 4.2634977754; 14.3170458599; 3.9833415777; 10.6100989997
562.00; 1.9524557346; 89.8455467249; 1.9775644666; -21.3146543042; 1.9974809043; -2.4050656759; 2.1303435377; -87.0454365240; 2.1298859950; -28.7994727509; 2.1696066309; 37.2940480876; 6.2302255966; -33.9931933133; 4.0626265475; -63.2943553732; 4.6122638728; -8.0407782565; 3.7119847870; -4.1918736596; 4.2600487028; 36.8765486444; 3.9832226333; 17.9938801729
562.50; 1.9508757630; 93.1643469835; 1.9801838499; -19.7843643179; 1.9994620806; -9.2726726181; 2.1290949319; -102.5720360151; 2.1301546702; -52.3525939993; 2.1687343725; 35.0934432984; 6.2322290850; -31.2537228223; 4.0626399300; -58.5998027080; 4.6119510586; -1.9663074452; 3.7115265662; -1.5016315015; 4.2566683294; 57.1330519792; 3.9832382042; 22.4776176957
563.00; 1.9495760446; 93.4739954076; 1.9826639756; -17.5368041647; 2.0014537184; -17.0548388963; 2.1275783119; -104.8050129875; 2.1303107336; -76.5837521952; 2.1679459144; 33.1832681737; 6.2341626359; -28.2631886830; 4.0625034167; -49.9253628589; 4.6115709838; 10.4465645407; 3.7110802001; 2.0082049026; 4.2534480915; 73.7896740266; 3.9834027999; 22.9287411237
563.50; 1.9485447273; 91.0500873203; 1.9850361300; -15.2046665947; 2.0034482301; -24.4689298359; 2.1257737726; -93.5309922446; 2.1302823331; -98.0691582895; 2.1672258245; 31.8122567287; 6.2360520673; -25.6046598910; 4.0622418408; -40.5848107119; 4.6111577268; 27.2852540944; 3.7106533530; 5.9642494869; 4.2504129982; 86.3647243196; 3.9837201213; 18.5554688549
564.00; 1.9477528372; 86.1149625219; 1.9873589741; -13.0575580013; 2.0054646771; -29.2574511595; 2.1236752721; -72.8900945665; 2.1300014619; -113.2118479376; 2.1665528623; 30.7513384734; 6.2379451001; -23.6741204907; 4.0618762625; -32.2753917079; 4.6107533929; 46.2937697217; 3.7102502252; 9.9962490284; 4.2475412898; 94.6995877611; 3.9841867663; 8.9502372655
564.50; 1.9472009234; 79.1145065237; 1.9895884119; -11.0694306584; 2.0074441245; -29.2294600594; 2.1213913792; -49.7377878903; 2.1294274587; -118.4707104346; 2.1659368195; 29.5923140802; 6.2398053158; -22.7978242542; 4.0614382331; -24.7727108839; 4.6104241518; 64.5318630512; 3.7098930345; 13.5931564613; 4.2449252652; 98.2269264832; 3.9847662947; -5.2137421767
565.00; 1.9468578170; 70.4486190269; 1.9917480694; -8.8764106448; 2.0094029886; -24.5282389772; 2.1189774709; -28.9946510825; 2.1285421367; -112.8463359274; 2.1653672170; 28.0391379434; 6.2416490536; -23.0684777104; 4.0609463158; -15.8799821355; 4.6102221731; 80.2263680531; 3.7095906535; 16.4920631584; 4.2425572483; 96.5591020195; 3.9854218206; -22.6512469803
565.50; 1.9466899704; 60.6785673838; 1.9938502084; -6.1069415254; 2.0113628548; -17.7983037022; 2.1164923327; -13.1668671973; 2.1273625274; -97.7852311221; 2.1648358178; 26.2067106005; 6.2434794161; -24.4278368436; 4.0604255837; -4.2664534123; 4.6101940332; 92.1910171053; 3.7093518167; 18.5414956275; 4.2404282352; 89.2235997412; 3.9861042326; -41.1602848184
566.00; 1.9466611426; 50.6713017237; 1.9958809617; -2.6406429443; 2.0133257620; -12.4810647272; 2.1140127572; -2.8749494747; 2.1259518928; -76.7327605627; 2.1643406081; 24.7115466531; 6.2452714432; -26.7294985964; 4.0599169106; 9.0958975919; 4.6103743810; 99.6749015585; 3.7091853994; 19.6939683558; 4.2385395326; 76.0006013717; 3.9867522427; -57.6661752498
566.50; 1.9467313879; 41.1599897242; 1.9978845581; 1.3922223227; 2.0153424215; -10.7098964877; 2.1115315085; 2.6325876548; 2.1243569827; -53.1366766814; 2.1638670349; 24.3369548621; 6.2470456150; -29.8245294258; 4.0594534473; 21.8371761983; 4.6107869279; 102.5311275535; 3.7090921131; 20.0178015533; 4.2368207848; 56.8255926823; 3.9873284979; -69.6136399708
567.00; 1.9468613260; 33.2783541138; 1.9998378864; 5.4080255188; 2.0173831990; -13.1143812988; 2.1091116652; 4.1395254610; 2.1226845521; -30.6681181419; 2.1634209094; 25.6195936822; 6.2487582159; -33.3955625315; 4.0590829582; 31.0237619267; 4.6114297790; 100.6372522338; 3.7090740073; 19.6089494630; 4.2352453529; 33.1939627608; 3.9877893948; -74.9338935701
567.50; 1.9470192962; 27.8822837201; 2.0017745662; 8.7874846120; 2.0194619540; -19.1470503739; 2.1067338655; 2.5851506038; 2.1209926817; -11.2801371111; 2.1630002445; 28.4543611048; 6.2504134992; -37.1542264296; 4.0588296930; 34.8861587441; 4.6122990409; 94.0500814809; 3.7091282439; 18.5880618895; 4.2337248134; 7.5132679468; 3.9881273969; -73.5151314304
568.00; 1.9471827017; 25.6371656883; 2.0037205004; 10.9386315909; 2.0215753124; -27.7954854927; 2.1043766400; -1.3127490837; 2.1193339644; 3.8076253087; 2.1626098895; 32.0198485701; 6.2520090614; -40.7225660370; 4.0587038878; 32.6520954677; 4.6133777710; 82.9145403274; 3.7092509594; 17.0720414852; 4.2321702143; -16.3400310936; 3.9883527751; -66.7847489738
568.50; 1.9473393270; 26.8108012051; 2.0056830178; 11.4846956668; 2.0236954299; -37.7455347751; 2.1020291060; -7.0153161772; 2.1177601430; 14.0453692004; 2.1622605370; 35.0242434481; 6.2535301096; -43.6156893484; 4.0586986851; 24.4201810926; 4.6146287909; 67.6860289867; 3.7094362167; 15.2152733350; 4.2305101544; -33.6668200922; 3.9884891524; -57.0874499438
569.00; 1.9474886600; 31.0218093949; 2.0076497710; 10.4215438486; 2.0257744089; -47.4157130771; 2.0996916391; -14.1325371358; 2.1163183091; 19.1390499842; 2.1619636843; 36.1683867455; 6.2549530403; -45.3325458108; 4.0587876610; 11.1706979684; 4.6159924125; 49.4180669961; 3.7096750838; 13.2206617162; 4.2287067853; -40.7090736402; 3.9885680063; -46.6738734946
569.50; 1.9476450519; 37.3516819856; 2.0096431314; 8.1552201465; 2.0278072839; -55.4880670818; 2.0973122908; -22.6498313763; 2.1150087354; 19.0797009446; 2.1617188669; 34.5818748301; 6.2562873528; -45.4620925577; 4.0589295314; -5.5420625115; 4.6174267015; 29.4596571584; 3.7099625866; 11.2998144335; 4.2267189116; -36.5747986869; 3.9886242455; -36.7208547290
570.00; 1.9478289975; 44.4667190095; 2.0116504980; 5.4490249039; 2.0297609344; -60.7397016950; 2.0948716209; -32.5788234388; 2.1138377340; 13.7862312174; 2.1615219602; 29.9475572755; 6.2575248978; -43.8044850534; 4.0590707174; -23.0116075902; 4.6188635390; 10.1039329942; 3.7102902153; 9.7144601810; 4.2245691987; -23.1209290142; 3.9886890828; -27.6130355607
570.50; 1.9480671851; 51.1505495624; 2.0136832208; 3.1990231155; 2.0316353179; -62.5551939283; 2.0923148165; -43.8831984495; 2.1127796169; 3.0905693806; 2.1613568568; 22.5333105857; 6.2586787883; -40.3565378952; 4.0591565796; -38.1538655738; 4.6202548564; -6.2107473615; 3.7106545666; 8.7169276492; 4.2222831239; -3.8136827877; 3.9887911993; -19.2037975898
571.00; 1.9483788313; 56.3249924491; 2.0156967221; 2.1982700083; 2.0333873496; -61.0197938732; 2.0896552037; -55.3397332699; 2.1118218051; -12.7730760274; 2.1612038305; 13.3289582839; 6.2597345934; -35.5130498926; 4.0591373894; -47.9354139276; 4.6215231257; -16.8220011026; 3.7110438541; 8.5046481807; 4.2199688905; 17.0383499413; 3.9889532877; -11.8313215398
571.50; 1.9487855561; 59.5142443291; 2.0177091725; 2.7034979706; 2.0350376526; -57.0462244482; 2.0868316325; -64.5154868399; 2.1109048280; -33.5242868325; 2.1610329795; 3.3963544880; 6.2607151604; -29.8923139157; 4.0589822295; -51.5589686689; 4.6226484736; -20.5885869477; 3.7114593418; 9.1042616890; 4.2176738932; 36.4711318807; 3.9891973894; -6.1807276627
572.00; 1.9492966670; 60.5150699422; 2.0197121833; 4.3971099779; 2.0365871887; -52.1287948728; 2.0838334068; -67.4541454321; 2.1099688736; -57.8834175084; 2.1608152119; -6.0393374610; 6.2616294648; -24.1462940263; 4.0586809209; -50.5679985720; 4.6236138851; -17.7571323498; 3.7118986336; 10.3870130032; 4.2154767137; 52.2953070780; 3.9895366543; -3.4602114280
572.50; 1.9499207098; 59.3678897623; 2.0217308996; 6.5501939542; 2.0380632568; -47.8168093527; 2.0806263987; -60.7349732794; 2.1089288183; -83.7453293063; 2.1605204089; -14.1790738992; 6.2625008438; -18.8066663984; 4.0582343535; -47.7898461510; 4.6244385653; -9.9220477817; 3.7123678527; 12.0140045783; 4.2134113137; 63.4774138214; 3.9899793822; -4.7701373628
573.00; 1.9506526812; 56.2128805052; 2.0237690717; 8.3789771524; 2.0394737345; -45.2464165721; 2.0772408619; -43.8708120705; 2.1077055869; -107.5466345830; 2.1601255007; -20.6240397198; 6.2633410780; -14.2293432611; 4.0576525884; -45.5690591650; 4.6251467746; 0.6250173247; 3.7128692159; 13.6084516364; 4.2115212356; 69.5009020363; 3.9905174676; -10.7777064627
573.50; 1.9514843033; 51.2250971738; 2.0258410414; 9.4409028718; 2.0408298292; -44.4207305148; 2.0737190069; -19.9721091923; 2.1062194831; -125.2360754611; 2.1596109166; -25.5213006704; 6.2641648359; -10.6161149533; 4.0569408827; -44.2644805831; 4.6257760373; 11.7228800278; 3.7134077307; 14.8177344975; 4.2098215760; 70.1479509288; 3.9911313346; -21.4423719586
574.00; 1.9523967362; 44.6002586628; 2.0279477518; 9.8023802468; 2.0421305814; -43.9685600462; 2.0701417901; 5.9582937951; 2.1044162853; -133.2606252408; 2.1589642718; -29.3046392117; 6.2649797104; -8.0249044027; 4.0561046986; -42.2733048817; 4.6263621384; 21.6840786903; 3.7139846106; 15.3809993212; 4.2083193803; 65.2652474037; 3.9917845562; -35.7845095359
574.50; 1.9533753583; 36.4540244829; 2.0301111657; 9.9932880433; 2.0433889649; -41.8989915766; 2.0665560159; 29.8169826411; 2.1022506423; -130.1515950335; 2.1581691354; -32.4019575837; 6.2657994583; -6.3243007284; 4.0551420742; -37.4767387190; 4.6269439355; 29.5584788957; 3.7146056350; 15.2125037251; 4.2069874682; 54.6007970215; 3.9924370448; -52.0645165102
575.00; 1.9543815605; 27.0490778083; 2.0323111200; 10.7523954076; 2.0445990044; -37.2307324382; 2.0630706493; 48.9061459055; 2.0997501628; -116.9770719719; 2.1572252249; -34.8105093130; 6.2666193554; -5.3238633039; 4.0540773910; -29.2059040462; 4.6275423595; 34.7191111131; 3.7152626612; 14.3936020947; 4.2058077624; 38.0825213462; 3.9930306289; -67.4321172760
575.50; 1.9553914814; 16.4880616610; 2.0345729206; 12.6815212303; 2.0457882270; -30.8139092207; 2.0597094899; 62.6509306562; 2.0969271673; -96.6086636644; 2.1561169283; -36.0882853836; 6.2674489130; -4.7817287949; 4.0529260420; -18.7142694800; 4.6281817302; 36.9790297123; 3.7159581913; 13.0785835137; 4.2047185113; 15.6072620325; 3.9935224094; -79.0713941253
576.00; 1.9563498603; 5.2217306866; 2.0368656042; 15.8668533906; 2.0469578164; -24.7684680308; 2.0565705593; 71.0236109686; 2.0938897436; -73.0478201449; 2.1548609335; -35.4158724404; 6.2682738798; -4.4871109527; 4.0517408664; -8.6901511074; 4.6288602754; 36.2121263223; 3.7166745920; 11.5002347165; 4.2036697106; -11.6707416865; 3.9938675981; -84.4610482560
576.50; 1.9572110634; -6.2402448077; 2.0391878442; 19.8217373399; 2.0481215781; -20.8476926113; 2.0536933565; 74.6852560184; 2.0907272878; -49.5738111242; 2.1534699892; -32.1043167693; 6.2690885485; -4.2378967315; 4.0505608787; -1.4584289888; 4.6295733492; 32.4232076749; 3.7174007167; 9.8872478551; 4.2025838275; -41.5369955002; 3.9940487637; -82.8548941293
577.00; 1.9579502884; -17.3656978611; 2.0416000312; 23.7260117102; 2.0493157957; -19.6788632538; 2.0510304939; 74.4695527636; 2.0874490224; -27.9295370120; 2.1519299878; -25.9516715931; 6.2699074216; -3.9096355111; 4.0493866111; 1.7277426960; 4.6303249525; 25.5632355150; 3.7181435712; 8.3735102756; 4.2013481147; -70.9046414652; 3.9940747014; -75.3016377435
577.50; 1.9585277071; -26.9414939752; 2.0441242912; 26.5361067452; 2.0505482731; -21.0677301198; 2.0485746054; 71.0526324055; 2.0841108965; -9.4415882660; 2.1502577201; -17.5484706641; 6.2707310987; -3.2613042474; 4.0482260579; 0.2865099243; 4.6310980247; 15.7352411993; 3.7188982270; 7.0691131668; 4.1998684983; -94.9962627203; 3.9939674263; -64.0931196185
578.00; 1.9589016947; -33.1105740273; 2.0467451986; 27.3405276031; 2.0518017999; -24.2117457921; 2.0463409333; 65.0632954963; 2.0808040958; 5.0425354767; 2.1484999715; -8.1998705083; 6.2715497752; -2.2086188182; 4.0470882057; -5.6059312643; 4.6318560564; 3.4938256359; 3.7196500471; 6.0978697288; 4.1980879072; -108.7355220158; 3.9937613724; -51.8209029142
578.50; 1.9590539968; -34.1522108716; 2.0495030312; 25.6717133751; 2.0530832893; -27.8830616536; 2.0442802974; 56.8429297458; 2.0775275691; 15.4561625937; 2.1466653368; 0.7894810775; 6.2723744528; -0.6523567807; 4.0459400844; -15.2303720193; 4.6325734746; -10.3758580773; 3.7204034943; 5.5835156579; 4.1959414120; -109.3054367976; 3.9934898970; -39.9225162017
579.00; 1.9589784522; -29.0055081030; 2.0523629322; 21.5818642063; 2.0543661741; -30.7356186541; 2.0423900924; 46.6932897257; 2.0743492902; 21.5834216503; 2.1448059545; 8.0944041649; 6.2731969858; 1.4752153318; 4.0447652890; -26.8656902823; 4.6332016791; -24.1139593077; 3.7211456822; 5.6648587181; 4.1934540047; -96.6876070337; 3.9931901458; -28.8739347619
579.50; 1.9586943479; -18.0299938266; 2.0553205049; 15.5993457628; 2.0556441887; -31.7689166046; 2.0406318117; 34.6532906965; 2.0712772355; 23.3737971180; 2.1429429964; 13.0251140309; 6.2740225032; 4.1230628000; 4.0435245503; -38.1831454308; 4.6337029572; -35.5283624300; 3.7218762197; 6.4790087827; 4.1906625528; -73.6713070309; 3.9928921566; -18.1047035460
580.00; 1.9582457876; -3.0077504247; 2.0583308197; 8.6294938062; 2.0569017786; -30.6068716169; 2.0389811397; 21.0338912614; 2.0683408338; 20.7624564042; 2.1411115551; 15.4016796575; 6.2748481113; 7.0737681303; 4.0421939306; -46.5260518835; 4.6340417055; -42.1984257651; 3.7225886573; 8.1213521878; 4.1876686491; -44.7833166877; 3.9926276761; -7.2466592628
580.50; 1.9576908842; 13.7548499006; 2.0613665516; 1.5545739403; 2.0581392955; -27.7921600862; 2.0373953978; 6.8146101173; 2.0655324978; 13.7379119077; 2.1393250047; 15.6170296944; 6.2756777554; 10.0161938872; 4.0407505269; -50.2843322691; 4.6342022761; -42.4464498697; 3.7232846142; 10.5793907928; 4.1845732692; -14.2772493911; 3.9924256970; 3.3450638810
581.00; 1.9570907983; 30.2718110647; 2.0644187239; -5.0725097056; 2.0593695352; -24.7216057990; 2.0358204780; -5.7804362710; 2.0628135915; 2.4090217149; 2.1375789605; 14.4208031108; 6.2765204301; 12.6056964966; 4.0391770988; -49.7789578962; 4.6341904628; -35.8976694720; 3.7239726994; 13.7197821585; 4.1814629364; 14.5666130069; 3.9923126999; 12.4786663318
581.50; 1.9565006945; 45.3594296022; 2.0675051773; -11.1829358397; 2.0606158413; -23.4731110664; 2.0341946255; -13.3673650390; 2.0601108382; -12.8817034657; 2.1358508811; 12.6379509089; 6.2773911632; 14.5582199767; 4.0374552172; -47.0474040028; 4.6340312781; -23.5106760293; 3.7246694488; 17.3144320651; 4.1783931062; 39.7064831331; 3.9923107639; 18.5959109720
582.00; 1.9559815229; 58.1460401111; 2.0705912086; -16.9540519531; 2.0618736010; -26.3329782479; 2.0324999831; -12.5038411192; 2.0573868908; -30.8037638925; 2.1341475092; 10.9693515719; 6.2782880024; 15.6491511202; 4.0356015309; -44.4897099808; 4.6337685635; -7.4256569139; 3.7253807250; 20.9982186520; 4.1754626516; 59.5328676097; 3.9924343305; 20.2316937854
582.50; 1.9555885189; 68.1814962690; 2.0736229823; -22.6388583145; 2.0631165468; -34.6486230286; 2.0307572426; -2.3765207495; 2.0546142397; -48.9570355274; 2.1324867494; 9.7585018476; 6.2792001865; 15.7591654517; 4.0336458161; -43.1457069167; 4.6334607176; 9.7700508582; 3.7261078639; 24.3795807855; 4.1727708324; 73.0047246950; 3.9926814096; 16.6766346254
583.00; 1.9553587488; 75.4379457519; 2.0765954934; -28.3944279723; 2.0643209388; -47.5625202311; 2.0289895259; 14.2527368237; 2.0517216529; -64.4350645281; 2.1308609446; 8.8733757909; 6.2801282938; 15.0233751529; 4.0315845266; -41.8783381070; 4.6331651217; 26.0430904521; 3.7268625862; 27.2026976948; 4.1703503008; 79.7694018347; 3.9930361541; 8.2227084764
583.50; 1.9553208261; 79.9003537537; 2.0794908519; -33.9900111818; 2.0654436469; -60.9942619729; 2.0272473957; 32.5774060918; 2.0486576948; -74.1142716501; 2.1292701642; 7.9370031348; 6.2810669191; 13.6568225409; 4.0294215067; -38.1705373143; 4.6329367988; 39.8603124678; 3.7276520462; 29.3228126043; 4.1682234846; 79.4965994322; 3.9934673546; -3.8071071929
584.00; 1.9554937856; 81.5610942058; 2.0823222333; -38.9344921344; 2.0664517519; -68.7381920665; 2.0255683801; 48.4314437136; 2.0453550353; -75.7895807496; 2.1276971500; 6.6204877712; 6.2820192634; 12.0454674001; 4.0271444129; -29.9608291147; 4.6328206001; 50.5157948283; 3.7284900927; 30.7499132516; 4.1663688752; 71.8327603891; 3.9939383963; -17.2918402205
584.50; 1.9558849977; 80.3155665071; 2.0850435735; -42.4780275287; 2.0673078742; -65.8364913601; 2.0240188949; 59.1547245910; 2.0418392588; -68.8093317769; 2.1261571257; 5.0434228077; 6.2829679547; 10.5115067978; 4.0248025171; -17.4708578856; 4.6328546703; 57.3665793815; 3.7293711333; 31.5677014846; 4.1647841465; 56.6542769152; 3.9943993428; -29.2678139777
585.00; 1.9564909812; 76.0917116348; 2.0876388367; -44.1039586552; 2.0680183893; -52.6214643821; 2.0226340101; 64.0904446979; 2.0381356513; -54.4267626458; 2.1246503930; 3.9183562065; 6.2839045184; 9.2893042623; 4.0224393983; -3.0236145987; 4.6330627649; 60.1349079455; 3.7302947045; 31.9513692032; 4.1634249803; 34.3596923680; 3.9948096699; -37.1177883545
585.50; 1.9573037508; 68.8520704022; 2.0901240766; -43.7276629673; 2.0686294916; -34.0352580744; 2.0214174108; 63.6767936262; 2.0342555970; -34.9393113077; 2.1231636395; 4.2823203859; 6.2848310377; 8.5575757801; 4.0200815074; 10.3982736455; 4.6334578999; 58.6675896570; 3.7312683403; 32.0960154229; 4.1622114661; 6.1923394895; 3.9951463378; -39.4778289410
586.00; 1.9582944251; 58.8886429839; 2.0924850638; -41.7951151223; 2.0691946693; -16.0171885339; 2.0203754847; 58.8362743116; 2.0302811673; -13.2262622763; 2.1217099748; 7.0261341918; 6.2857377460; 8.3943548533; 4.0177864745; 20.1683880878; 4.6340355786; 52.8594827145; 3.7322851553; 32.1608317031; 4.1610646178; -24.5896300140; 3.9953983025; -36.6324670249
586.50; 1.9594303659; 46.9195138336; 2.0947328873; -39.1981936765; 2.0697708382; -1.7632753986; 2.0194910817; 50.6580703962; 2.0262707613; 8.3035356490; 2.1202980235; 12.4137047650; 6.2866241247; 8.7847087058; 4.0155818133; 24.8486812938; 4.6347805759; 42.7101900867; 3.7333457231; 32.2562623006; 4.1598875541; -53.1839190637; 3.9955735993; -30.3447716625
587.00; 1.9606840763; 34.2531312269; 2.0969027219; -36.9987460744; 2.0704091723; 7.5189968536; 2.0187289251; 40.1236005136; 2.0222423050; 28.0587740171; 2.1189309188; 19.8712615976; 6.2875001148; 9.6137424101; 4.0134577401; 23.9445897074; 4.6356727431; 28.3536690525; 3.7344617725; 32.4640781972; 4.1585780287; -74.2159793918; 3.9956922208; -22.7855424304
587.50; 1.9619944661; 23.3342070131; 2.0989719515; -36.2227528230; 2.0711292810; 12.1726278668; 2.0180671420; 28.4000007455; 2.0183115719; 44.5897792850; 2.1176537561; 27.8539265484; 6.2883543026; 10.7926228802; 4.0114422454; 17.7374050632; 4.6366574810; 10.7927475339; 3.7356172509; 32.8549663761; 4.1570901681; -82.7105190356; 3.9957740448; -15.6093603438
588.00; 1.9633232792; 16.8146495192; 2.1009440809; -37.5146587067; 2.0719443833; 13.6329087740; 2.0174684629; 16.3530303395; 2.0145279614; 57.3295463632; 2.1164936143; 34.6199093038; 6.2891885085; 12.1983835026; 4.0095162390; 7.3864337516; 4.6376818072; -8.3509883664; 3.7368117843; 33.5201525394; 4.1554004924; -77.0221954497; 3.9958390746; -8.9992762100
588.50; 1.9646623959; 16.6769573520; 2.1028360631; -41.0781052547; 2.0728664457; 13.2681744303; 2.0168881866; 4.3870180381; 2.0108899098; 66.1625134222; 2.1154620286; 38.7515736207; 6.2900137805; 13.7074639757; 4.0076273840; -5.1734988841; 4.6386989597; -26.8560446789; 3.7380587177; 34.5647666164; 4.1535115047; -58.9513958657; 3.9959056230; -2.0015616037
589.00; 1.9660138779; 23.3646794835; 2.1046371398; -46.6152996676; 2.0738938377; 12.0408263847; 2.0162874966; -7.3899583907; 2.0074221895; 71.0000329033; 2.1145745720; 39.2920517998; 6.2908328748; 15.1508139784; 4.0057355131; -17.1950473107; 4.6396542218; -41.8351444986; 3.7393610250; 36.0625814837; 4.1514806528; -32.8515034980; 3.9959920094; 6.3776037278
589.50; 1.9673896352; 35.2620770056; 2.1063106753; -53.2893480579; 2.0750100261; 10.2234977257; 2.0156344213; -18.9671391810; 2.0041741825; 71.7586783973; 2.1138446224; 35.9328617008; 6.2916391159; 16.3095006938; 4.0038227017; -25.9181437499; 4.6404940018; -50.5487289780; 3.7407084881; 37.9911480601; 4.1494137927; -4.1594635605; 3.9961191309; 16.1620839945
590.00; 1.9688565391; 49.7763973268; 2.1078606424; -60.1810572731; 2.0762243555; 7.1591342355; 2.0148804953; -30.4106031046; 2.0010964684; 68.4248403865; 2.1132531193; 28.9434883925; 6.2924457580; 17.0110983586; 4.0018316174; -30.2787416549; 4.6412071408; -51.8163540750; 3.7421268620; 40.2597592388; 4.1473726273; 23.1095128411; 3.9963149651; 26.2946815968
590.50; 1.9704562318; 63.9110424650; 2.1092496245; -66.2156597989; 2.0775132032; 1.3112280572; 2.0139945745; -40.4804807360; 1.9982067173; 61.0214402994; 2.1127870440; 19.1359541651; 6.2932442931; 17.1080957617; 3.9997670034; -31.1977409633; 4.6417861310; -46.1117279858; 3.7436088244; 42.6023642059; 4.1454658893; 45.6000115762; 3.9966044268; 34.6886824618
591.00; 1.9722506363; 75.6511615791; 2.1104648912; -70.7351975232; 2.0788609490; -9.6034375584; 2.0129386234; -46.5942797197; 1.9954663368; 49.6176800053; 2.1124163419; 7.4785971602; 6.2940356456; 16.5625343294; 3.9976159859; -31.0940790379; 4.6422554794; -35.3459650850; 3.7451675568; 44.6995064618; 4.1437593230; 61.7140085423; 3.9970097577; 39.3474066796
591.50; 1.9742819961; 83.8682661951; 2.1114897725; -73.5190632591; 2.0802266666; -27.8520943455; 2.0116935658; -45.4942348072; 1.9928436892; 34.6878028240; 2.1121083832; -4.9623452548; 6.2948132464; 15.4735369400; 3.9953832325; -31.9984572828; 4.6426519993; -22.4107107507; 3.7468052420; 46.2117876019; 4.1423114422; 70.6878788040; 3.9975391581; 38.8790248267
592.00; 1.9765913032; 88.2772826327; 2.1123198112; -74.7841503141; 2.0815537405; -54.4627833156; 2.0102565594; -35.4088467824; 1.9902803584; 17.1538483779; 2.1118262304; -17.4301568442; 6.2955734033; 14.0648460878; 3.9930575401; -33.9505406662; 4.6430220558; -9.8553435781; 3.7485316187; 46.8904692158; 4.1411494265; 72.3802185230; 3.9981875814; 32.8735192560
592.50; 1.9791858988; 88.9614125987; 2.1129477487; -74.8980823104; 2.0827473340; -86.7981551828; 2.0086657782; -17.7727453700; 1.9877323831; -1.1731127765; 2.1115356385; -29.4213791120; 6.2963047906; 12.6930508318; 3.9906448569; -34.6510070623; 4.6434075341; 0.2734462128; 3.7503387885; 46.6057292281; 4.1402882384; 66.7945507699; 3.9989273697; 22.0778646977
593.00; 1.9820646889; 86.2083609876; 2.1133736140; -74.1679966949; 2.0836996116; -116.8312407166; 2.0069801519; 3.4774862208; 1.9851451481; -17.8147071261; 2.1112032184; -40.7704565310; 6.2969988851; 11.7881181118; 3.9881486351; -31.0063783386; 4.6438436761; 6.9695670680; 3.7522206210; 45.3842711132; 4.1397142483; 54.0718671863; 3.9997176984; 8.3260125518
593.50; 1.9852399642; 80.2686286938; 2.1136036461; -72.6811551741; 2.0843189453; -133.1700404476; 2.0052551329; 24.2971190297; 1.9824457140; -30.1049222521; 2.1107947320; -51.4431572814; 6.2976551429; 11.7570512781; 3.9855636382; -21.5342391205; 4.6443587557; 9.7958055958; 3.7541851356; 43.3703894078; 4.1393858383; 34.2746789483; 4.0005162453; -5.8611602903
594.00; 1.9887055494; 71.3727512954; 2.1136430502; -70.3095760818; 2.0845512858; -127.3628174792; 2.0035502414; 41.8585550046; 1.9795820516; -35.8025423364; 2.1102785845; -61.0969410995; 6.2982733856; 12.9063370320; 3.9829106247; -7.6138193220; 4.6449680198; 8.5892699125; 3.7562325297; 40.8070328457; 4.1392428773; 7.7090202547; 4.0012774917; -17.6797824216
594.50; 1.9923997523; 59.5896038942; 2.1134989219; -66.9152427620; 2.0844093377; -100.6834634334; 2.0019369547; 54.7293624105; 1.9765594824; -33.7705984922; 2.1096330059; -68.8494660129; 6.2988492885; 15.3109112172; 3.9802588582; 7.1400895434; 4.6456660430; 3.3490898224; 3.7583348355; 37.9960478256; 4.1392058687; -24.1375714499; 4.0019540596; -24.8395989056
595.00; 1.9962851976; 44.9177358818; 2.1131825532; -62.4865144617; 2.0839755014; -62.7595057881; 2.0004543442; 62.8580879256; 1.9733782833; -24.6334067602; 2.1088370751; -73.7000152535; 6.2993891788; 18.8077569151; 3.9776531686; 19.0864452069; 4.6464404431; -5.8737484723; 3.7604842266; 35.1958107071; 4.1391766244; -58.8412041692; 4.0025217248; -26.6962638213
595.50; 2.0003377378; 27.3419274707; 2.1127060184; -57.2715677686; 2.0833641987; -24.0146279848; 1.9991185860; 66.8197801324; 1.9700415714; -10.2520934276; 2.1078733102; -74.8930140635; 6.2999060561; 23.1140262466; 3.9751146266; 25.6534901173; 4.6472709052; -19.0549060319; 3.7626858832; 32.5863410620; 4.1390475561; -93.0255285051; 4.0029762211; -24.3432045865
596.00; 2.0044766703; 7.3260104253; 2.1120884563; -51.9027995613; 2.0826984781; 8.6531975025; 1.9979495908; 67.3842471718; 1.9666067321; 6.8095674593; 2.1067453167; -72.3309231307; 6.3004094636; 27.7677134849; 3.9726776373; 25.5206909712; 4.6481150806; -35.8700298278; 3.7649203658; 30.3418892605; 4.1387132572; -121.5173808504; 4.0033205729; -19.8642167201
596.50; 2.0086260182; -14.1495723039; 2.1113486918; -47.2311623195; 2.0820809437; 33.0576954418; 1.9969512944; 65.4262234739; 1.9631286379; 24.2032293908; 2.1054654178; -66.8049049606; 6.3009121551; 32.3595457716; 3.9703463096; 18.4779428828; 4.6489215531; -55.6257334094; 3.7671769517; 28.5313398005; 4.1380860638; -139.4232918968; 4.0035665891; -15.0180780314
597.00; 2.0126923928; -35.1476605764; 2.1105060331; -44.1505243718; 2.0815898205; 49.7503564899; 1.9961219578; 61.7458454503; 1.9596738725; 40.1195040243; 2.1040591928; -59.7469181423; 6.3014253735; 36.6008261947; 3.9681094589; 5.3689547300; 4.6496272203; -76.8683640477; 3.7694395925; 27.2183777893; 4.1371143809; -144.0510503617; 4.0037267313; -10.3375242953
597.50; 2.0166361460; -53.1495145275; 2.1095640819; -43.3229825216; 2.0812725837; 60.3641087246; 1.9954433573; 56.8006132381; 1.9562608347; 53.6086153781; 2.1025391139; -52.6923787235; 6.3019659219; 40.3226825934; 3.9659078905; -11.8427702747; 4.6501732080; -97.5474235304; 3.7717227130; 26.4688212662; 4.1357764459; -135.6412689798; 4.0038149699; -4.9502992068
598.00; 2.0204116022; -65.3024076405; 2.1085210928; -45.0507989844; 2.0811612349; 66.5342761517; 1.9948979197; 50.5964639644; 1.9529146068; 64.1557552416; 2.1009216602; -46.9863699751; 6.3025473475; 43.4054802790; 3.9636781975; -30.1452672010; 4.6504977779; -114.8074183563; 3.7740341401; 26.3444671030; 4.1340911883; -117.2041532388; 4.0038458346; 2.5352546078
598.50; 2.0239474989; -69.5449316148; 2.1073793053; -49.0206979897; 2.0812755157; 69.2350919139; 1.9944708618; 42.7265366145; 1.9496926809; 71.4400492640; 2.0992385452; -43.5704203613; 6.3031741208; 45.7198235209; 3.9613805135; -45.4188247176; 4.6505452250; -125.4546284758; 3.7763553812; 26.8686751320; 4.1321288696; -93.2594787043; 4.0038394832; 12.7553636172
599.00; 2.0272537399; -65.9517377924; 2.1061179832; -54.2627669221; 2.0816237158; 68.7413458595; 1.9941345354; 32.4473077043; 1.9465956010; 75.4398870525; 2.0974908342; -42.7839247293; 6.3038568001; 47.1936599640; 3.9589515911; -54.6334199541; 4.6502834538; -127.4136910701; 3.7787031085; 27.9827933320; 4.1299520663; -67.8713630558; 4.0038246543; 25.0104674533
599.50; 2.0303051134; -56.6487131133; 2.1047359750; -59.1223430295; 2.0821978425; 64.3482848549; 1.9938601175; 19.7862419821; 1.9436728601; 76.0738386119; 2.0957042886; -44.4746827791; 6.3045903311; 47.7758903471; 3.9563927177; -57.1735683806; 4.6497118253; -120.3073570735; 3.7810513561; 29.4912271573; 4.1276686051; -44.5178781732; 4.0038362258; 37.1269932410
600.00; 2.0331740150; -44.5705616801; 2.1032021622; -61.8629968449; 2.0829880514; 54.3506522019; 1.9936033424; 6.1489340337; 1.9408908418; 73.2960665098; 2.0938545298; -48.0838207258; 6.3053836613; 47.4650313960; 3.9536659644; -55.4213749273; 4.6488488273; -105.5880929530; 3.7834319078; 31.1437443701; 4.1253272207; -24.8810542918; 4.0039084970; 46.8530329888
