#     Step;    Sim. Time;   Iter;    t_Ener;    t_Grad;       Temp;       E_Kin;           E_Pot;           E_Tot;        Cons.Qty;   E.Drift;   Av.Press.;   Cell Dens.
       200;        100.0;       ;      0.06;          ;     167.02;    0.034115;      -65.114181;      -65.080066;                ;          ;            ;             
       201;        100.5;       ;      0.03;          ;     181.42;    0.037056;      -65.116827;      -65.079772;      -65.080157;      0.00;        0.00;       0.5609
       202;        101.0;       ;      0.03;          ;     197.16;    0.040271;      -65.120642;      -65.080371;      -65.080271;     -0.28;        0.00;       0.5609
       203;        101.5;       ;      0.03;          ;     209.05;    0.042700;      -65.123780;      -65.081080;      -65.080349;     -0.47;        0.00;       0.5609
       204;        102.0;       ;      0.03;          ;     217.94;    0.044516;      -65.124970;      -65.080454;      -65.080371;     -0.52;        0.00;       0.5609
       205;        102.5;       ;      0.03;          ;     215.69;    0.044056;      -65.123783;      -65.079727;      -65.080338;     -0.44;        0.00;       0.5609
       206;        103.0;       ;      0.03;          ;     199.91;    0.040834;      -65.120565;      -65.079731;      -65.080269;     -0.27;        0.00;       0.5609
       207;        103.5;       ;      0.03;          ;     175.31;    0.035808;      -65.116331;      -65.080523;      -65.080187;     -0.08;        0.00;       0.5609
       208;        104.0;       ;      0.03;          ;     154.30;    0.031518;      -65.112396;      -65.080878;      -65.080118;      0.09;        0.00;       0.5609
       209;        104.5;       ;      0.03;          ;     143.12;    0.029234;      -65.109840;      -65.080605;      -65.080079;      0.19;        0.00;       0.5609
       210;        105.0;       ;      0.03;          ;     142.38;    0.029082;      -65.109259;      -65.080177;      -65.080078;      0.19;        0.00;       0.5609
       211;        105.5;       ;      0.03;          ;     149.17;    0.030469;      -65.110665;      -65.080196;      -65.080118;      0.09;        0.00;       0.5609
       212;        106.0;       ;      0.03;          ;     162.85;    0.033264;      -65.113434;      -65.080169;      -65.080191;     -0.08;        0.00;       0.5609
       213;        106.5;       ;      0.02;          ;     175.87;    0.035922;      -65.116464;      -65.080541;      -65.080273;     -0.29;        0.00;       0.5609
       214;        107.0;       ;      0.03;          ;     189.84;    0.038776;      -65.118539;      -65.079763;      -65.080328;     -0.42;        0.00;       0.5609
       215;        107.5;       ;      0.03;          ;     190.28;    0.038867;      -65.118902;      -65.080035;      -65.080324;     -0.41;        0.00;       0.5609
       216;        108.0;       ;      0.03;          ;     182.21;    0.037218;      -65.117695;      -65.080477;      -65.080255;     -0.24;        0.00;       0.5609
       217;        108.5;       ;      0.03;          ;     170.88;    0.034905;      -65.116087;      -65.081182;      -65.080168;     -0.03;        0.00;       0.5609
       218;        109.0;       ;      0.03;          ;     169.77;    0.034677;      -65.115516;      -65.080838;      -65.080124;      0.08;        0.00;       0.5609
       219;        109.5;       ;      0.03;          ;     178.47;    0.036454;      -65.116690;      -65.080236;      -65.080152;      0.01;        0.00;       0.5609
       220;        110.0;       ;      0.03;          ;     190.63;    0.038937;      -65.119207;      -65.080270;      -65.080224;     -0.17;        0.00;       0.5609
       221;        110.5;       ;      0.03;          ;     202.30;    0.041322;      -65.121941;      -65.080619;      -65.080288;     -0.32;        0.00;       0.5609
       222;        111.0;       ;      0.03;          ;     209.60;    0.042813;      -65.123852;      -65.081039;      -65.080315;     -0.39;        0.00;       0.5609
       223;        111.5;       ;      0.03;          ;     213.88;    0.043688;      -65.124463;      -65.080776;      -65.080304;     -0.36;        0.00;       0.5609
       224;        112.0;       ;      0.03;          ;     220.43;    0.045026;      -65.123848;      -65.078822;      -65.080274;     -0.29;        0.00;       0.5609
       225;        112.5;       ;      0.03;          ;     205.78;    0.042032;      -65.122309;      -65.080278;      -65.080235;     -0.19;        0.00;       0.5609
       226;        113.0;       ;      0.03;          ;     200.46;    0.040945;      -65.120442;      -65.079497;      -65.080197;     -0.10;        0.00;       0.5609
       227;        113.5;       ;      0.03;          ;     197.10;    0.040259;      -65.118787;      -65.078528;      -65.080165;     -0.02;        0.00;       0.5609
       228;        114.0;       ;      0.02;          ;     194.50;    0.039729;      -65.117774;      -65.078045;      -65.080146;      0.03;        0.00;       0.5609
       229;        114.5;       ;      0.03;          ;     194.88;    0.039807;      -65.117656;      -65.077849;      -65.080148;      0.02;        0.00;       0.5609
       230;        115.0;       ;      0.03;          ;     198.30;    0.040504;      -65.118365;      -65.077860;      -65.080178;     -0.05;        0.00;       0.5609
       231;        115.5;       ;      0.02;          ;     202.16;    0.041292;      -65.119428;      -65.078135;      -65.080230;     -0.18;        0.00;       0.5609
       232;        116.0;       ;      0.02;          ;     206.63;    0.042205;      -65.120064;      -65.077859;      -65.080285;     -0.31;        0.00;       0.5609
       233;        116.5;       ;      0.02;          ;     206.02;    0.042081;      -65.119496;      -65.077415;      -65.080310;     -0.38;        0.00;       0.5609
       234;        117.0;       ;      0.03;          ;     196.07;    0.040049;      -65.117399;      -65.077350;      -65.080279;     -0.30;        0.00;       0.5609
       235;        117.5;       ;      0.03;          ;     183.56;    0.037494;      -65.114332;      -65.076839;      -65.080201;     -0.11;        0.00;       0.5609
       236;        118.0;       ;      0.03;          ;     172.76;    0.035289;      -65.111523;      -65.076235;      -65.080123;      0.08;        0.00;       0.5609
       237;        118.5;       ;      0.03;          ;     165.93;    0.033893;      -65.110183;      -65.076291;      -65.080092;      0.16;        0.00;       0.5609
       238;        119.0;       ;      0.03;          ;     172.73;    0.035282;      -65.110841;      -65.075560;      -65.080114;      0.10;        0.00;       0.5609
       239;        119.5;       ;      0.03;          ;     184.45;    0.037675;      -65.113173;      -65.075499;      -65.080168;     -0.03;        0.00;       0.5609
       240;        120.0;       ;      0.03;          ;     198.70;    0.040587;      -65.116273;      -65.075686;      -65.080234;     -0.19;        0.00;       0.5609
       241;        120.5;       ;      0.03;          ;     215.11;    0.043938;      -65.119038;      -65.075100;      -65.080296;     -0.34;        0.00;       0.5609
       242;        121.0;       ;      0.03;          ;     227.36;    0.046441;      -65.120458;      -65.074017;      -65.080326;     -0.42;        0.00;       0.5609
       243;        121.5;       ;      0.02;          ;     222.81;    0.045510;      -65.119958;      -65.074448;      -65.080300;     -0.35;        0.00;       0.5609
       244;        122.0;       ;      0.03;          ;     212.26;    0.043357;      -65.117874;      -65.074518;      -65.080227;     -0.17;        0.00;       0.5609
       245;        122.5;       ;      0.03;          ;     198.54;    0.040554;      -65.115324;      -65.074770;      -65.080141;      0.04;        0.00;       0.5609
       246;        123.0;       ;      0.03;          ;     183.27;    0.037435;      -65.113624;      -65.076189;      -65.080084;      0.18;        0.00;       0.5609
       247;        123.5;       ;      0.03;          ;     181.26;    0.037024;      -65.113683;      -65.076659;      -65.080081;      0.18;        0.00;       0.5609
       248;        124.0;       ;      0.03;          ;     187.04;    0.038205;      -65.115574;      -65.077369;      -65.080129;      0.07;        0.00;       0.5609
       249;        124.5;       ;      0.03;          ;     201.61;    0.041181;      -65.118585;      -65.077405;      -65.080204;     -0.12;        0.00;       0.5609
       250;        125.0;       ;      0.03;          ;     214.31;    0.043776;      -65.121603;      -65.077828;      -65.080279;     -0.30;        0.00;       0.5609
       251;        125.5;       ;      0.03;          ;     224.81;    0.045920;      -65.123485;      -65.077565;      -65.080327;     -0.42;        0.00;       0.5609
       252;        126.0;       ;      0.03;          ;     231.06;    0.047197;      -65.123551;      -65.076354;      -65.080324;     -0.41;        0.00;       0.5609
       253;        126.5;       ;      0.03;          ;     217.81;    0.044489;      -65.121815;      -65.077326;      -65.080268;     -0.27;        0.00;       0.5609
       254;        127.0;       ;      0.03;          ;     206.14;    0.042107;      -65.119219;      -65.077112;      -65.080191;     -0.08;        0.00;       0.5609
       255;        127.5;       ;      0.03;          ;     197.04;    0.040248;      -65.116961;      -65.076713;      -65.080148;      0.02;        0.00;       0.5609
       256;        128.0;       ;      0.03;          ;     188.04;    0.038409;      -65.115704;      -65.077295;      -65.080163;     -0.02;        0.00;       0.5609
       257;        128.5;       ;      0.02;          ;     186.71;    0.038138;      -65.115308;      -65.077170;      -65.080201;     -0.11;        0.00;       0.5609
       258;        129.0;       ;      0.03;          ;     181.61;    0.037095;      -65.115234;      -65.078139;      -65.080218;     -0.15;        0.00;       0.5609
       259;        129.5;       ;      0.03;          ;     183.45;    0.037472;      -65.115196;      -65.077724;      -65.080211;     -0.13;        0.00;       0.5609
       260;        130.0;       ;      0.03;          ;     183.49;    0.037480;      -65.115224;      -65.077745;      -65.080204;     -0.12;        0.00;       0.5609
       261;        130.5;       ;      0.03;          ;     183.49;    0.037479;      -65.115336;      -65.077857;      -65.080210;     -0.13;        0.00;       0.5609
       262;        131.0;       ;      0.03;          ;     184.79;    0.037744;      -65.115404;      -65.077660;      -65.080222;     -0.16;        0.00;       0.5609
       263;        131.5;       ;      0.02;          ;     185.56;    0.037902;      -65.115229;      -65.077327;      -65.080225;     -0.17;        0.00;       0.5609
       264;        132.0;       ;      0.03;          ;     180.86;    0.036943;      -65.114730;      -65.077787;      -65.080215;     -0.14;        0.00;       0.5609
       265;        132.5;       ;      0.03;          ;     178.54;    0.036468;      -65.114063;      -65.077596;      -65.080198;     -0.10;        0.00;       0.5609
       266;        133.0;       ;      0.02;          ;     176.47;    0.036046;      -65.113511;      -65.077465;      -65.080181;     -0.06;        0.00;       0.5609
       267;        133.5;       ;      0.02;          ;     178.85;    0.036532;      -65.113332;      -65.076800;      -65.080175;     -0.05;        0.00;       0.5609
       268;        134.0;       ;      0.03;          ;     180.89;    0.036949;      -65.113619;      -65.076670;      -65.080187;     -0.07;        0.00;       0.5609
       269;        134.5;       ;      0.03;          ;     185.13;    0.037815;      -65.114212;      -65.076397;      -65.080213;     -0.14;        0.00;       0.5609
       270;        135.0;       ;      0.03;          ;     184.34;    0.037653;      -65.114751;      -65.077098;      -65.080238;     -0.20;        0.00;       0.5609
       271;        135.5;       ;      0.03;          ;     188.67;    0.038539;      -65.114959;      -65.076420;      -65.080236;     -0.20;        0.00;       0.5609
       272;        136.0;       ;      0.03;          ;     190.28;    0.038866;      -65.114930;      -65.076064;      -65.080207;     -0.12;        0.00;       0.5609
       273;        136.5;       ;      0.03;          ;     189.57;    0.038722;      -65.115096;      -65.076374;      -65.080179;     -0.06;        0.00;       0.5609
       274;        137.0;       ;      0.03;          ;     192.51;    0.039322;      -65.115849;      -65.076527;      -65.080192;     -0.09;        0.00;       0.5609
       275;        137.5;       ;      0.03;          ;     200.45;    0.040943;      -65.116984;      -65.076041;      -65.080247;     -0.22;        0.00;       0.5609
       276;        138.0;       ;      0.03;          ;     208.01;    0.042488;      -65.117664;      -65.075175;      -65.080299;     -0.35;        0.00;       0.5609
       277;        138.5;       ;      0.03;          ;     207.37;    0.042358;      -65.117019;      -65.074661;      -65.080303;     -0.36;        0.00;       0.5609
       278;        139.0;       ;      0.03;          ;     197.43;    0.040326;      -65.114866;      -65.074540;      -65.080254;     -0.24;        0.00;       0.5609
       279;        139.5;       ;      0.03;          ;     180.53;    0.036876;      -65.111863;      -65.074987;      -65.080185;     -0.07;        0.00;       0.5609
       280;        140.0;       ;      0.03;          ;     166.26;    0.033959;      -65.109040;      -65.075081;      -65.080135;      0.05;        0.00;       0.5609
       281;        140.5;       ;      0.03;          ;     160.28;    0.032738;      -65.107155;      -65.074417;      -65.080115;      0.10;        0.00;       0.5609
       282;        141.0;       ;      0.04;          ;     156.66;    0.031998;      -65.106490;      -65.074492;      -65.080112;      0.11;        0.00;       0.5609
       283;        141.5;       ;      0.03;          ;     162.47;    0.033185;      -65.107064;      -65.073879;      -65.080120;      0.09;        0.00;       0.5609
       284;        142.0;       ;      0.03;          ;     174.02;    0.035546;      -65.108718;      -65.073171;      -65.080143;      0.03;        0.00;       0.5609
       285;        142.5;       ;      0.03;          ;     189.02;    0.038609;      -65.111019;      -65.072410;      -65.080188;     -0.08;        0.00;       0.5609
       286;        143.0;       ;      0.03;          ;     199.42;    0.040733;      -65.113198;      -65.072464;      -65.080251;     -0.23;        0.00;       0.5609
       287;        143.5;       ;      0.03;          ;     206.30;    0.042138;      -65.114280;      -65.072142;      -65.080303;     -0.36;        0.00;       0.5609
       288;        144.0;       ;      0.03;          ;     200.48;    0.040949;      -65.113540;      -65.072591;      -65.080311;     -0.38;        0.00;       0.5609
       289;        144.5;       ;      0.03;          ;     189.64;    0.038736;      -65.110997;      -65.072261;      -65.080252;     -0.23;        0.00;       0.5609
       290;        145.0;       ;      0.03;          ;     174.18;    0.035578;      -65.107663;      -65.072085;      -65.080143;      0.03;        0.00;       0.5609
       291;        145.5;       ;      0.03;          ;     168.81;    0.034480;      -65.105270;      -65.070790;      -65.080046;      0.27;        0.00;       0.5609
       292;        146.0;       ;      0.02;          ;     171.87;    0.035107;      -65.105271;      -65.070165;      -65.080028;      0.31;        0.00;       0.5609
       293;        146.5;       ;      0.03;          ;     181.37;    0.037046;      -65.107938;      -65.070892;      -65.080106;      0.12;        0.00;       0.5609
       294;        147.0;       ;      0.02;          ;     204.53;    0.041776;      -65.112058;      -65.070282;      -65.080229;     -0.18;        0.00;       0.5609
       295;        147.5;       ;      0.02;          ;     225.68;    0.046097;      -65.115777;      -65.069679;      -65.080331;     -0.43;        0.00;       0.5609
       296;        148.0;       ;      0.03;          ;     237.46;    0.048504;      -65.117387;      -65.068884;      -65.080364;     -0.51;        0.00;       0.5609
       297;        148.5;       ;      0.03;          ;     234.57;    0.047913;      -65.116219;      -65.068306;      -65.080315;     -0.39;        0.00;       0.5609
       298;        149.0;       ;      0.03;          ;     217.19;    0.044363;      -65.112856;      -65.068493;      -65.080212;     -0.14;        0.00;       0.5609
       299;        149.5;       ;      0.03;          ;     196.22;    0.040081;      -65.108808;      -65.068727;      -65.080109;      0.12;        0.00;       0.5609
       300;        150.0;       ;      0.02;          ;     181.28;    0.037029;      -65.105629;      -65.068600;      -65.080053;      0.25;        0.00;       0.5609
       301;        150.5;       ;      0.03;          ;     176.44;    0.036039;      -65.104174;      -65.068135;      -65.080050;      0.26;        0.00;       0.5609
       302;        151.0;       ;      0.03;          ;     175.93;    0.035936;      -65.104466;      -65.068530;      -65.080080;      0.19;        0.00;       0.5609
       303;        151.5;       ;      0.03;          ;     180.72;    0.036914;      -65.106027;      -65.069113;      -65.080120;      0.09;        0.00;       0.5609
       304;        152.0;       ;      0.02;          ;     192.31;    0.039281;      -65.108200;      -65.068919;      -65.080166;     -0.02;        0.00;       0.5609
       305;        152.5;       ;      0.03;          ;     203.21;    0.041508;      -65.110263;      -65.068754;      -65.080215;     -0.14;        0.00;       0.5609
       306;        153.0;       ;      0.03;          ;     210.18;    0.042931;      -65.111460;      -65.068529;      -65.080252;     -0.23;        0.00;       0.5609
       307;        153.5;       ;      0.03;          ;     208.31;    0.042549;      -65.111273;      -65.068724;      -65.080255;     -0.24;        0.00;       0.5609
       308;        154.0;       ;      0.03;          ;     197.44;    0.040329;      -65.109754;      -65.069425;      -65.080214;     -0.14;        0.00;       0.5609
       309;        154.5;       ;      0.03;          ;     189.81;    0.038770;      -65.107696;      -65.068926;      -65.080148;      0.02;        0.00;       0.5609
       310;        155.0;       ;      0.03;          ;     180.69;    0.036908;      -65.106174;      -65.069267;      -65.080101;      0.14;        0.00;       0.5609
       311;        155.5;       ;      0.03;          ;     179.04;    0.036571;      -65.105987;      -65.069415;      -65.080103;      0.13;        0.00;       0.5609
       312;        156.0;       ;      0.03;          ;     182.04;    0.037182;      -65.107185;      -65.070002;      -65.080143;      0.03;        0.00;       0.5609
       313;        156.5;       ;      0.03;          ;     192.35;    0.039289;      -65.109187;      -65.069898;      -65.080194;     -0.09;        0.00;       0.5609
       314;        157.0;       ;      0.02;          ;     202.22;    0.041305;      -65.111201;      -65.069896;      -65.080238;     -0.20;        0.00;       0.5609
       315;        157.5;       ;      0.03;          ;     212.12;    0.043328;      -65.112475;      -65.069148;      -65.080264;     -0.26;        0.00;       0.5609
       316;        158.0;       ;      0.03;          ;     218.38;    0.044607;      -65.112527;      -65.067920;      -65.080259;     -0.25;        0.00;       0.5609
       317;        158.5;       ;      0.02;          ;     216.55;    0.044232;      -65.111298;      -65.067066;      -65.080212;     -0.14;        0.00;       0.5609
       318;        159.0;       ;      0.03;          ;     210.33;    0.042962;      -65.109392;      -65.066430;      -65.080134;      0.06;        0.00;       0.5609
       319;        159.5;       ;      0.03;          ;     208.07;    0.042499;      -65.107906;      -65.065406;      -65.080067;      0.22;        0.00;       0.5609
       320;        160.0;       ;      0.03;          ;     206.85;    0.042250;      -65.107768;      -65.065518;      -65.080048;      0.26;        0.00;       0.5609
       321;        160.5;       ;      0.03;          ;     212.99;    0.043506;      -65.109205;      -65.065699;      -65.080082;      0.18;        0.00;       0.5609
       322;        161.0;       ;      0.03;          ;     229.95;    0.046969;      -65.111671;      -65.064702;      -65.080143;      0.03;        0.00;       0.5609
       323;        161.5;       ;      0.03;          ;     234.06;    0.047809;      -65.114188;      -65.066379;      -65.080207;     -0.12;        0.00;       0.5609
       324;        162.0;       ;      0.03;          ;     242.67;    0.049567;      -65.115697;      -65.066130;      -65.080254;     -0.24;        0.00;       0.5609
       325;        162.5;       ;      0.03;          ;     241.72;    0.049373;      -65.115561;      -65.066188;      -65.080267;     -0.27;        0.00;       0.5609
       326;        163.0;       ;      0.02;          ;     233.45;    0.047683;      -65.113622;      -65.065939;      -65.080231;     -0.18;        0.00;       0.5609
       327;        163.5;       ;      0.03;          ;     219.74;    0.044885;      -65.110518;      -65.065633;      -65.080150;      0.02;        0.00;       0.5609
       328;        164.0;       ;      0.03;          ;     202.30;    0.041322;      -65.107555;      -65.066233;      -65.080064;      0.23;        0.00;       0.5609
       329;        164.5;       ;      0.03;          ;     198.43;    0.040530;      -65.106145;      -65.065614;      -65.080027;      0.32;        0.00;       0.5609
       330;        165.0;       ;      0.03;          ;     207.84;    0.042453;      -65.106871;      -65.064418;      -65.080065;      0.23;        0.00;       0.5609
       331;        165.5;       ;      0.03;          ;     217.51;    0.044429;      -65.109182;      -65.064753;      -65.080148;      0.02;        0.00;       0.5609
       332;        166.0;       ;      0.03;          ;     232.31;    0.047452;      -65.111747;      -65.064295;      -65.080233;     -0.19;        0.00;       0.5609
       333;        166.5;       ;      0.03;          ;     242.39;    0.049511;      -65.113232;      -65.063721;      -65.080290;     -0.33;       28.20;       0.5609
       334;        167.0;       ;      0.03;          ;     244.49;    0.049940;      -65.112671;      -65.062731;      -65.080298;     -0.35;       61.15;       0.5609
       335;        167.5;       ;      0.03;          ;     226.26;    0.046217;      -65.109820;      -65.063603;      -65.080248;     -0.22;       93.28;       0.5609
       336;        168.0;       ;      0.03;          ;     202.92;    0.041448;      -65.105497;      -65.064049;      -65.080149;      0.02;      121.63;       0.5609
       337;        168.5;       ;      0.04;          ;     186.45;    0.038085;      -65.101289;      -65.063204;      -65.080035;      0.30;      144.42;       0.5609
       338;        169.0;       ;      0.04;          ;     179.17;    0.036597;      -65.098879;      -65.062282;      -65.079954;      0.49;      160.69;       0.5609
       339;        169.5;       ;      0.03;          ;     181.75;    0.037124;      -65.099457;      -65.062333;      -65.079950;      0.50;      169.68;       0.5609
       340;        170.0;       ;      0.03;          ;     196.90;    0.040219;      -65.103045;      -65.062826;      -65.080027;      0.32;      171.24;       0.5609
       341;        170.5;       ;      0.03;          ;     222.01;    0.045348;      -65.108422;      -65.063074;      -65.080146;      0.03;      166.01;       0.5609
       342;        171.0;       ;      0.03;          ;     250.15;    0.051096;      -65.113754;      -65.062658;      -65.080254;     -0.24;      155.26;       0.5609
       343;        171.5;       ;      0.03;          ;     263.36;    0.053795;      -65.117351;      -65.063556;      -65.080314;     -0.38;      140.71;       0.5609
       344;        172.0;       ;      0.03;          ;     262.85;    0.053689;      -65.118245;      -65.064556;      -65.080307;     -0.37;      124.71;       0.5609
       345;        172.5;       ;      0.03;          ;     252.08;    0.051489;      -65.116661;      -65.065171;      -65.080239;     -0.20;      109.60;       0.5609
       346;        173.0;       ;      0.03;          ;     237.37;    0.048486;      -65.113767;      -65.065282;      -65.080143;      0.03;       97.51;       0.5609
       347;        173.5;       ;      0.03;          ;     228.42;    0.046658;      -65.111124;      -65.064466;      -65.080066;      0.22;       90.07;       0.5609
       348;        174.0;       ;      0.03;          ;     227.39;    0.046446;      -65.109927;      -65.063481;      -65.080044;      0.28;       88.22;       0.5609
       349;        174.5;       ;      0.03;          ;     225.24;    0.046008;      -65.110550;      -65.064541;      -65.080071;      0.21;       92.09;       0.5609
       350;        175.0;       ;      0.03;          ;     236.09;    0.048224;      -65.112606;      -65.064382;      -65.080120;      0.09;      100.77;       0.5609
       351;        175.5;       ;      0.03;          ;     251.70;    0.051412;      -65.115343;      -65.063930;      -65.080178;     -0.05;      112.74;       0.5609
       352;        176.0;       ;      0.03;          ;     260.17;    0.053142;      -65.117765;      -65.064623;      -65.080239;     -0.20;      125.94;       0.5609
       353;        176.5;       ;      0.03;          ;     261.77;    0.053468;      -65.118851;      -65.065383;      -65.080286;     -0.32;      137.94;       0.5609
       354;        177.0;       ;      0.03;          ;     259.03;    0.052909;      -65.117901;      -65.064992;      -65.080299;     -0.35;      146.61;       0.5609
       355;        177.5;       ;      0.03;          ;     254.86;    0.052059;      -65.114724;      -65.062665;      -65.080262;     -0.26;      150.23;       0.5609
       356;        178.0;       ;      0.03;          ;     231.86;    0.047359;      -65.109717;      -65.062358;      -65.080176;     -0.05;      147.52;       0.5609
       357;        178.5;       ;      0.03;          ;     203.59;    0.041585;      -65.104232;      -65.062647;      -65.080063;      0.23;      137.81;       0.5609
       358;        179.0;       ;      0.03;          ;     181.19;    0.037010;      -65.100062;      -65.063052;      -65.079976;      0.44;      121.15;       0.5609
       359;        179.5;       ;      0.03;          ;     170.33;    0.034790;      -65.098571;      -65.063781;      -65.079964;      0.47;       98.28;       0.5609
       360;        180.0;       ;      0.03;          ;     185.89;    0.037971;      -65.099958;      -65.061987;      -65.080036;      0.29;       70.65;       0.5609
       361;        180.5;       ;      0.03;          ;     202.36;    0.041333;      -65.103151;      -65.061818;      -65.080152;      0.01;       39.08;       0.5609
       362;        181.0;       ;      0.03;          ;     217.60;    0.044446;      -65.106279;      -65.061832;      -65.080246;     -0.22;        6.58;       0.5609
       363;        181.5;       ;      0.03;          ;     226.27;    0.046218;      -65.107891;      -65.061673;      -65.080274;     -0.29;        0.00;       0.5609
       364;        182.0;       ;      0.03;          ;     220.82;    0.045105;      -65.107544;      -65.062438;      -65.080234;     -0.19;        0.00;       0.5609
       365;        182.5;       ;      0.03;          ;     211.68;    0.043238;      -65.105886;      -65.062648;      -65.080162;     -0.01;        0.00;       0.5609
       366;        183.0;       ;      0.03;          ;     207.36;    0.042356;      -65.104082;      -65.061727;      -65.080104;      0.13;        0.00;       0.5609
       367;        183.5;       ;      0.03;          ;     202.27;    0.041317;      -65.103025;      -65.061708;      -65.080080;      0.19;        0.00;       0.5609
       368;        184.0;       ;      0.03;          ;     200.65;    0.040986;      -65.103098;      -65.062113;      -65.080083;      0.18;        0.00;       0.5609
       369;        184.5;       ;      0.03;          ;     203.85;    0.041638;      -65.104272;      -65.062634;      -65.080100;      0.14;        0.00;       0.5609
       370;        185.0;       ;      0.03;          ;     210.72;    0.043042;      -65.106255;      -65.063213;      -65.080131;      0.06;        0.00;       0.5609
       371;        185.5;       ;      0.03;          ;     224.59;    0.045874;      -65.108522;      -65.062647;      -65.080174;     -0.04;        0.00;       0.5609
       372;        186.0;       ;      0.03;          ;     234.61;    0.047921;      -65.110393;      -65.062472;      -65.080208;     -0.13;        0.00;       0.5609
       373;        186.5;       ;      0.03;          ;     234.89;    0.047979;      -65.111254;      -65.063275;      -65.080215;     -0.14;        0.00;       0.5609
       374;        187.0;       ;      0.04;          ;     233.13;    0.047618;      -65.110983;      -65.063365;      -65.080190;     -0.08;        0.46;       0.5609
       375;        187.5;       ;      0.03;          ;     228.30;    0.046633;      -65.109988;      -65.063355;      -65.080144;      0.03;        6.60;       0.5609
       376;        188.0;       ;      0.03;          ;     225.69;    0.046099;      -65.108989;      -65.062890;      -65.080099;      0.14;        7.44;       0.5609
       377;        188.5;       ;      0.03;          ;     220.23;    0.044984;      -65.108680;      -65.063696;      -65.080083;      0.18;        3.05;       0.5609
       378;        189.0;       ;      0.03;          ;     223.02;    0.045553;      -65.109335;      -65.063782;      -65.080118;      0.10;        0.00;       0.5609
       379;        189.5;       ;      0.03;          ;     228.13;    0.046597;      -65.110484;      -65.063887;      -65.080190;     -0.08;        0.00;       0.5609
       380;        190.0;       ;      0.03;          ;     228.23;    0.046617;      -65.111094;      -65.064476;      -65.080252;     -0.23;        0.00;       0.5609
       381;        190.5;       ;      0.03;          ;     225.83;    0.046129;      -65.110333;      -65.064204;      -65.080257;     -0.25;        0.00;       0.5609
       382;        191.0;       ;      0.03;          ;     220.07;    0.044952;      -65.108185;      -65.063233;      -65.080202;     -0.11;        0.00;       0.5609
       383;        191.5;       ;      0.03;          ;     203.11;    0.041487;      -65.105441;      -65.063955;      -65.080127;      0.07;        0.00;       0.5609
       384;        192.0;       ;      0.03;          ;     193.27;    0.039477;      -65.103307;      -65.063830;      -65.080086;      0.17;        0.00;       0.5609
       385;        192.5;       ;      0.03;          ;     188.89;    0.038583;      -65.102453;      -65.063871;      -65.080100;      0.14;        0.00;       0.5609
       386;        193.0;       ;      0.03;          ;     184.61;    0.037708;      -65.102723;      -65.065014;      -65.080141;      0.04;        0.00;       0.5609
       387;        193.5;       ;      0.03;          ;     184.47;    0.037680;      -65.103551;      -65.065872;      -65.080168;     -0.03;        0.00;       0.5609
       388;        194.0;       ;      0.03;          ;     191.60;    0.039135;      -65.104544;      -65.065409;      -65.080176;     -0.05;        0.00;       0.5609
       389;        194.5;       ;      0.03;          ;     192.67;    0.039355;      -65.105506;      -65.066151;      -65.080184;     -0.07;        0.00;       0.5609
       390;        195.0;       ;      0.03;          ;     199.44;    0.040737;      -65.106203;      -65.065465;      -65.080205;     -0.12;        0.00;       0.5609
       391;        195.5;       ;      0.03;          ;     198.75;    0.040596;      -65.106267;      -65.065671;      -65.080223;     -0.16;        0.00;       0.5609
       392;        196.0;       ;      0.03;          ;     194.33;    0.039694;      -65.105362;      -65.065668;      -65.080215;     -0.14;        0.00;       0.5609
       393;        196.5;       ;      0.03;          ;     182.95;    0.037369;      -65.103615;      -65.066246;      -65.080171;     -0.03;        0.00;       0.5609
       394;        197.0;       ;      0.03;          ;     175.87;    0.035923;      -65.101726;      -65.065802;      -65.080107;      0.12;        0.00;       0.5609
       395;        197.5;       ;      0.03;          ;     169.76;    0.034676;      -65.100660;      -65.065984;      -65.080050;      0.26;        0.00;       0.5609
       396;        198.0;       ;      0.03;          ;     172.09;    0.035151;      -65.101290;      -65.066139;      -65.080032;      0.31;        0.00;       0.5609
       397;        198.5;       ;      0.03;          ;     186.32;    0.038057;      -65.103898;      -65.065840;      -65.080074;      0.20;        0.00;       0.5609
       398;        199.0;       ;      0.03;          ;     206.63;    0.042206;      -65.107868;      -65.065662;      -65.080166;     -0.02;        0.00;       0.5609
       399;        199.5;       ;      0.03;          ;     223.53;    0.045658;      -65.111809;      -65.066150;      -65.080262;     -0.26;        0.00;       0.5626
       400;        200.0;       ;      0.04;          ;     238.44;    0.048703;      -65.114269;      -65.065566;      -65.080314;     -0.39;        0.00;       0.5643
       401;        200.5;       ;      0.03;          ;     240.46;    0.049116;      -65.114511;      -65.065395;      -65.080304;     -0.36;        0.00;       0.5660
       402;        201.0;       ;      0.03;          ;     238.19;    0.048653;      -65.112675;      -65.064021;      -65.080251;     -0.23;        0.00;       0.5677
       403;        201.5;       ;      0.03;          ;     221.04;    0.045149;      -65.109518;      -65.064369;      -65.080188;     -0.08;        0.00;       0.5694
       404;        202.0;       ;      0.03;          ;     199.42;    0.040732;      -65.106094;      -65.065362;      -65.080135;      0.05;        0.00;       0.5711
       405;        202.5;       ;      0.03;          ;     186.00;    0.037993;      -65.103362;      -65.065369;      -65.080097;      0.15;        0.00;       0.5728
       406;        203.0;       ;      0.03;          ;     178.33;    0.036426;      -65.101945;      -65.065520;      -65.080073;      0.20;        0.00;       0.5745
       407;        203.5;       ;      0.03;          ;     176.58;    0.036069;      -65.102195;      -65.066127;      -65.080075;      0.20;        0.00;       0.5763
       408;        204.0;       ;      0.03;          ;     184.22;    0.037629;      -65.104025;      -65.066396;      -65.080116;      0.10;        0.00;       0.5780
       409;        204.5;       ;      0.03;          ;     190.76;    0.038964;      -65.106762;      -65.067797;      -65.080186;     -0.07;        0.00;       0.5797
       410;        205.0;       ;      0.04;          ;     203.80;    0.041627;      -65.109285;      -65.067658;      -65.080254;     -0.24;        0.00;       0.5815
       411;        205.5;       ;      0.03;          ;     210.10;    0.042915;      -65.110587;      -65.067672;      -65.080290;     -0.33;        0.00;       0.5832
       412;        206.0;       ;      0.03;          ;     205.40;    0.041954;      -65.110046;      -65.068092;      -65.080279;     -0.30;        0.00;       0.5850
       413;        206.5;       ;      0.03;          ;     194.58;    0.039744;      -65.107829;      -65.068085;      -65.080226;     -0.17;        0.00;       0.5867
       414;        207.0;       ;      0.04;          ;     185.03;    0.037794;      -65.104782;      -65.066988;      -65.080149;      0.02;        2.55;       0.5857
       415;        207.5;       ;      0.03;          ;     169.81;    0.034686;      -65.102022;      -65.067336;      -65.080080;      0.19;        0.00;       0.5874
       416;        208.0;       ;      0.03;          ;     161.32;    0.032951;      -65.100657;      -65.067707;      -65.080054;      0.25;        4.11;       0.5861
       417;        208.5;       ;      0.03;          ;     162.23;    0.033137;      -65.101145;      -65.068008;      -65.080081;      0.19;        0.00;       0.5878
       418;        209.0;       ;      0.03;          ;     172.18;    0.035169;      -65.103151;      -65.067982;      -65.080134;      0.05;        6.84;       0.5863
       419;        209.5;       ;      0.03;          ;     186.47;    0.038089;      -65.105919;      -65.067831;      -65.080179;     -0.05;        0.00;       0.5881
       420;        210.0;       ;      0.04;          ;     203.27;    0.041520;      -65.108768;      -65.067248;      -65.080201;     -0.11;       22.78;       0.5864
       421;        210.5;       ;      0.03;          ;     218.94;    0.044720;      -65.111287;      -65.066567;      -65.080220;     -0.16;       15.96;       0.5848
       422;        211.0;       ;      0.03;          ;     230.09;    0.046999;      -65.113092;      -65.066094;      -65.080253;     -0.24;       15.37;       0.5831
       423;        211.5;       ;      0.03;          ;     227.51;    0.046471;      -65.113624;      -65.067154;      -65.080288;     -0.32;       19.95;       0.5815
       424;        212.0;       ;      0.03;          ;     227.35;    0.046437;      -65.112418;      -65.065981;      -65.080287;     -0.32;       27.56;       0.5798
       425;        212.5;       ;      0.03;          ;     215.44;    0.044005;      -65.109491;      -65.065486;      -65.080229;     -0.18;       37.15;       0.5781
       426;        213.0;       ;      0.03;          ;     200.00;    0.040853;      -65.105681;      -65.064828;      -65.080134;      0.06;       46.58;       0.5764
       427;        213.5;       ;      0.03;          ;     186.13;    0.038019;      -65.102370;      -65.064351;      -65.080052;      0.26;       53.96;       0.5747
       428;        214.0;       ;      0.03;          ;     180.90;    0.036950;      -65.100758;      -65.063808;      -65.080024;      0.33;       57.47;       0.5730
       429;        214.5;       ;      0.03;          ;     183.68;    0.037519;      -65.101248;      -65.063729;      -65.080054;      0.25;       55.71;       0.5713
       430;        215.0;       ;      0.03;          ;     193.61;    0.039548;      -65.103342;      -65.063794;      -65.080123;      0.08;       47.58;       0.5697
       431;        215.5;       ;      0.03;          ;     202.57;    0.041376;      -65.105953;      -65.064577;      -65.080197;     -0.10;       32.64;       0.5680
       432;        216.0;       ;      0.03;          ;     214.98;    0.043912;      -65.107936;      -65.064024;      -65.080245;     -0.22;       11.05;       0.5665
       433;        216.5;       ;      0.03;          ;     220.88;    0.045118;      -65.108598;      -65.063480;      -65.080247;     -0.22;        0.00;       0.5682
       434;        217.0;       ;      0.03;          ;     221.83;    0.045311;      -65.107842;      -65.062531;      -65.080210;     -0.13;        0.00;       0.5699
       435;        217.5;       ;      0.03;          ;     210.05;    0.042904;      -65.106162;      -65.063258;      -65.080162;     -0.01;        0.85;       0.5701
       436;        218.0;       ;      0.03;          ;     203.22;    0.041509;      -65.104348;      -65.062838;      -65.080128;      0.07;        0.00;       0.5718
       437;        218.5;       ;      0.03;          ;     197.49;    0.040339;      -65.102971;      -65.062631;      -65.080109;      0.12;        0.00;       0.5736
       438;        219.0;       ;      0.03;          ;     196.83;    0.040205;      -65.102387;      -65.062182;      -65.080091;      0.16;        0.00;       0.5753
       439;        219.5;       ;      0.03;          ;     198.01;    0.040446;      -65.102881;      -65.062435;      -65.080080;      0.19;        0.45;       0.5762
       440;        220.0;       ;      0.03;          ;     208.60;    0.042608;      -65.104585;      -65.061978;      -65.080099;      0.14;        1.00;       0.5762
       441;        220.5;       ;      0.02;          ;     224.00;    0.045754;      -65.107168;      -65.061414;      -65.080157;     -0.00;        0.00;       0.5780
       442;        221.0;       ;      0.03;          ;     238.11;    0.048637;      -65.109688;      -65.061050;      -65.080220;     -0.16;       11.10;       0.5764
       443;        221.5;       ;      0.03;          ;     248.78;    0.050816;      -65.111110;      -65.060294;      -65.080241;     -0.21;        0.00;       0.5781
       444;        222.0;       ;      0.04;          ;     248.86;    0.050832;      -65.111038;      -65.060206;      -65.080200;     -0.11;       11.68;       0.5765
       445;        222.5;       ;      0.03;          ;     249.10;    0.050882;      -65.109976;      -65.059094;      -65.080134;      0.06;        0.00;       0.5783
       446;        223.0;       ;      0.03;          ;     247.34;    0.050522;      -65.108837;      -65.058316;      -65.080087;      0.17;       13.49;       0.5767
       447;        223.5;       ;      0.03;          ;     246.29;    0.050308;      -65.108241;      -65.057933;      -65.080086;      0.17;        0.00;       0.5784
       448;        224.0;       ;      0.05;          ;     246.42;    0.050334;      -65.108207;      -65.057873;      -65.080112;      0.11;        7.38;       0.5769
       449;        224.5;       ;      0.06;          ;     243.96;    0.049832;      -65.108336;      -65.058504;      -65.080141;      0.04;        0.00;       0.5786
       450;        225.0;       ;      0.06;          ;     247.00;    0.050453;      -65.108217;      -65.057764;      -65.080154;      0.01;        0.00;       0.5804
       451;        225.5;       ;      0.03;          ;     240.57;    0.049138;      -65.107638;      -65.058501;      -65.080149;      0.02;        0.00;       0.5821
       452;        226.0;       ;      0.04;          ;     238.84;    0.048786;      -65.106699;      -65.057913;      -65.080131;      0.06;        7.47;       0.5806
       453;        226.5;       ;      0.04;          ;     231.56;    0.047299;      -65.105698;      -65.058399;      -65.080110;      0.11;        0.00;       0.5824
       454;        227.0;       ;      0.04;          ;     229.27;    0.046831;      -65.105010;      -65.058179;      -65.080097;      0.15;        0.00;       0.5841
       455;        227.5;       ;      0.03;          ;     225.18;    0.045994;      -65.104901;      -65.058906;      -65.080097;      0.15;        0.00;       0.5859
       456;        228.0;       ;      0.03;          ;     229.88;    0.046955;      -65.105444;      -65.058489;      -65.080103;      0.13;       14.25;       0.5842
       457;        228.5;       ;      0.03;          ;     232.37;    0.047464;      -65.106571;      -65.059107;      -65.080111;      0.11;        0.00;       0.5860
       458;        229.0;       ;      0.03;          ;     237.58;    0.048529;      -65.108140;      -65.059611;      -65.080124;      0.08;       28.56;       0.5843
       459;        229.5;       ;      0.02;          ;     248.97;    0.050854;      -65.109896;      -65.059042;      -65.080162;     -0.01;       24.66;       0.5826
       460;        230.0;       ;      0.02;          ;     247.49;    0.050553;      -65.111225;      -65.060673;      -65.080214;     -0.14;       28.08;       0.5809
       461;        230.5;       ;      0.03;          ;     248.64;    0.050787;      -65.111328;      -65.060541;      -65.080241;     -0.21;       36.75;       0.5792
       462;        231.0;       ;      0.02;          ;     244.31;    0.049902;      -65.109844;      -65.059942;      -65.080210;     -0.13;       49.31;       0.5775
       463;        231.5;       ;      0.03;          ;     232.89;    0.047570;      -65.107186;      -65.059616;      -65.080125;      0.08;       63.91;       0.5758
       464;        232.0;       ;      0.03;          ;     223.57;    0.045667;      -65.104577;      -65.058911;      -65.080035;      0.30;       78.42;       0.5741
       465;        232.5;       ;      0.03;          ;     219.19;    0.044771;      -65.103331;      -65.058560;      -65.079988;      0.41;       91.15;       0.5724
       466;        233.0;       ;      0.03;          ;     223.92;    0.045737;      -65.104147;      -65.058410;      -65.080000;      0.38;      100.42;       0.5707
       467;        233.5;       ;      0.03;          ;     236.77;    0.048363;      -65.106826;      -65.058462;      -65.080057;      0.24;      105.05;       0.5690
       468;        234.0;       ;      0.03;          ;     257.76;    0.052650;      -65.110457;      -65.057807;      -65.080135;      0.05;      104.35;       0.5674
       469;        234.5;       ;      0.03;          ;     270.88;    0.055330;      -65.113806;      -65.058476;      -65.080213;     -0.14;       98.35;       0.5657
       470;        235.0;       ;      0.03;          ;     281.65;    0.057529;      -65.115609;      -65.058080;      -65.080269;     -0.27;       87.21;       0.5640
       471;        235.5;       ;      0.02;          ;     278.05;    0.056795;      -65.115053;      -65.058259;      -65.080279;     -0.30;       71.91;       0.5623
       472;        236.0;       ;      0.03;          ;     256.54;    0.052402;      -65.112041;      -65.059640;      -65.080230;     -0.18;       53.64;       0.5607
       473;        236.5;       ;      0.03;          ;     231.18;    0.047220;      -65.107546;      -65.060326;      -65.080134;      0.05;       33.92;       0.5591
       474;        237.0;       ;      0.03;          ;     208.78;    0.042645;      -65.103201;      -65.060556;      -65.080035;      0.30;       14.47;       0.5575
       475;        237.5;       ;      0.03;          ;     201.42;    0.041141;      -65.100640;      -65.059499;      -65.079975;      0.44;        0.00;       0.5592
       476;        238.0;       ;      0.04;          ;     201.23;    0.041103;      -65.100803;      -65.059700;      -65.079977;      0.44;       25.31;       0.5576
       477;        238.5;       ;      0.03;          ;     219.05;    0.044743;      -65.103645;      -65.058902;      -65.080047;      0.27;       13.16;       0.5560
       478;        239.0;       ;      0.03;          ;     237.02;    0.048414;      -65.108075;      -65.059660;      -65.080166;     -0.02;        5.00;       0.5547
       479;        239.5;       ;      0.03;          ;     253.65;    0.051811;      -65.112139;      -65.060329;      -65.080286;     -0.32;        1.96;       0.5539
       480;        240.0;       ;      0.03;          ;     260.89;    0.053290;      -65.114009;      -65.060719;      -65.080346;     -0.46;        7.00;       0.5525
       481;        240.5;       ;      0.03;          ;     255.38;    0.052163;      -65.112746;      -65.060582;      -65.080315;     -0.39;        3.87;       0.5512
       482;        241.0;       ;      0.02;          ;     239.20;    0.048859;      -65.108760;      -65.059901;      -65.080211;     -0.13;        1.72;       0.5505
       483;        241.5;       ;      0.02;          ;     215.67;    0.044053;      -65.103539;      -65.059486;      -65.080088;      0.17;        3.71;       0.5493
       484;        242.0;       ;      0.03;          ;     197.73;    0.040388;      -65.098940;      -65.058552;      -65.079996;      0.39;        0.00;       0.5510
       485;        242.5;       ;      0.02;          ;     184.52;    0.037690;      -65.096339;      -65.058649;      -65.079956;      0.49;       18.68;       0.5494
       486;        243.0;       ;      0.03;          ;     184.59;    0.037705;      -65.096378;      -65.058673;      -65.079967;      0.46;        0.00;       0.5511
       487;        243.5;       ;      0.03;          ;     195.34;    0.039901;      -65.098880;      -65.058979;      -65.080021;      0.33;        7.64;       0.5496
       488;        244.0;       ;      0.03;          ;     211.42;    0.043184;      -65.102966;      -65.059782;      -65.080108;      0.12;        0.00;       0.5513
       489;        244.5;       ;      0.03;          ;     229.63;    0.046904;      -65.107251;      -65.060347;      -65.080207;     -0.12;        0.00;       0.5529
       490;        245.0;       ;      0.03;          ;     244.32;    0.049905;      -65.110272;      -65.060367;      -65.080279;     -0.30;        0.00;       0.5546
       491;        245.5;       ;      0.03;          ;     248.65;    0.050789;      -65.110979;      -65.060190;      -65.080293;     -0.33;        0.00;       0.5563
       492;        246.0;       ;      0.03;          ;     241.82;    0.049393;      -65.109209;      -65.059816;      -65.080239;     -0.20;        0.00;       0.5579
       493;        246.5;       ;      0.03;          ;     224.40;    0.045836;      -65.105836;      -65.060000;      -65.080145;      0.03;        0.00;       0.5596
       494;        247.0;       ;      0.03;          ;     202.48;    0.041359;      -65.102396;      -65.061037;      -65.080058;      0.24;        0.00;       0.5613
       495;        247.5;       ;      0.03;          ;     191.82;    0.039181;      -65.100398;      -65.061217;      -65.080009;      0.36;       13.82;       0.5597
       496;        248.0;       ;      0.03;          ;     193.40;    0.039503;      -65.100632;      -65.061129;      -65.080020;      0.34;        0.00;       0.5614
       497;        248.5;       ;      0.03;          ;     206.72;    0.042224;      -65.102951;      -65.060727;      -65.080085;      0.17;       19.59;       0.5598
       498;        249.0;       ;      0.03;          ;     219.72;    0.044881;      -65.106295;      -65.061415;      -65.080180;     -0.06;        8.89;       0.5583
       499;        249.5;       ;      0.03;          ;     233.38;    0.047670;      -65.109161;      -65.061491;      -65.080250;     -0.23;        3.34;       0.5572
       500;        250.0;       ;      0.03;          ;     240.93;    0.049212;      -65.110485;      -65.061273;      -65.080261;     -0.26;        4.21;       0.5559
       501;        250.5;       ;      0.03;          ;     246.63;    0.050377;      -65.110016;      -65.059639;      -65.080220;     -0.16;        4.46;       0.5546
       502;        251.0;       ;      0.03;          ;     240.42;    0.049108;      -65.108221;      -65.059113;      -65.080161;     -0.01;        3.92;       0.5534
       503;        251.5;       ;      0.03;          ;     228.93;    0.046761;      -65.105894;      -65.059133;      -65.080115;      0.10;        2.17;       0.5525
       504;        252.0;       ;      0.03;          ;     222.63;    0.045474;      -65.103741;      -65.058267;      -65.080086;      0.17;        2.12;       0.5516
       505;        252.5;       ;      0.04;          ;     216.95;    0.044313;      -65.102176;      -65.057863;      -65.080064;      0.23;        0.00;       0.5532
       506;        253.0;       ;      0.03;          ;     216.39;    0.044199;      -65.101485;      -65.057286;      -65.080051;      0.26;       26.47;       0.5517
       507;        253.5;       ;      0.03;          ;     215.62;    0.044042;      -65.101759;      -65.057717;      -65.080068;      0.22;        7.90;       0.5502
       508;        254.0;       ;      0.03;          ;     213.09;    0.043525;      -65.102711;      -65.059186;      -65.080115;      0.10;        0.00;       0.5519
       509;        254.5;       ;      0.04;          ;     221.47;    0.045238;      -65.103688;      -65.058451;      -65.080168;     -0.03;       10.80;       0.5504
       510;        255.0;       ;      0.04;          ;     227.42;    0.046453;      -65.103960;      -65.057507;      -65.080193;     -0.09;        0.00;       0.5520
       511;        255.5;       ;      0.03;          ;     224.99;    0.045957;      -65.103141;      -65.057184;      -65.080163;     -0.02;       14.44;       0.5505
       512;        256.0;       ;      0.03;          ;     220.93;    0.045128;      -65.101682;      -65.056554;      -65.080098;      0.14;        0.00;       0.5521
       513;        256.5;       ;      0.05;          ;     213.97;    0.043706;      -65.100589;      -65.056883;      -65.080041;      0.28;       28.57;       0.5505
       514;        257.0;       ;      0.03;          ;     212.67;    0.043441;      -65.100733;      -65.057292;      -65.080040;      0.28;       19.33;       0.5490
       515;        257.5;       ;      0.04;          ;     222.61;    0.045469;      -65.102176;      -65.056707;      -65.080100;      0.14;       13.96;       0.5474
       516;        258.0;       ;      0.04;          ;     234.20;    0.047837;      -65.104033;      -65.056195;      -65.080185;     -0.07;       11.85;       0.5459
       517;        258.5;       ;      0.03;          ;     243.10;    0.049656;      -65.104983;      -65.055327;      -65.080232;     -0.18;       11.57;       0.5444
       518;        259.0;       ;      0.03;          ;     247.25;    0.050502;      -65.104229;      -65.053727;      -65.080202;     -0.11;       11.42;       0.5430
       519;        259.5;       ;      0.03;          ;     234.48;    0.047895;      -65.102064;      -65.054168;      -65.080106;      0.12;        9.92;       0.5415
       520;        260.0;       ;      0.03;          ;     225.16;    0.045991;      -65.099875;      -65.053884;      -65.080007;      0.37;        5.48;       0.5402
       521;        260.5;       ;      0.03;          ;     226.48;    0.046261;      -65.099125;      -65.052864;      -65.079968;      0.46;        0.00;       0.5418
       522;        261.0;       ;      0.03;          ;     234.34;    0.047866;      -65.100381;      -65.052515;      -65.080000;      0.38;       26.14;       0.5402
       523;        261.5;       ;      0.02;          ;     243.60;    0.049758;      -65.103107;      -65.053349;      -65.080068;      0.22;        5.42;       0.5389
       524;        262.0;       ;      0.04;          ;     261.44;    0.053402;      -65.106263;      -65.052860;      -65.080118;      0.09;        0.00;       0.5405
       525;        262.5;       ;      0.03;          ;     279.67;    0.057126;      -65.109059;      -65.051933;      -65.080140;      0.04;        0.00;       0.5422
       526;        263.0;       ;      0.03;          ;     289.93;    0.059221;      -65.111017;      -65.051796;      -65.080153;      0.01;        0.63;       0.5428
       527;        263.5;       ;      0.03;          ;     295.65;    0.060390;      -65.111805;      -65.051415;      -65.080176;     -0.05;        0.00;       0.5444
       528;        264.0;       ;      0.02;          ;     297.50;    0.060767;      -65.111072;      -65.050305;      -65.080196;     -0.10;        0.00;       0.5460
       529;        264.5;       ;      0.03;          ;     289.33;    0.059098;      -65.108543;      -65.049444;      -65.080178;     -0.05;        0.00;       0.5477
       530;        265.0;       ;      0.03;          ;     272.09;    0.055577;      -65.104556;      -65.048979;      -65.080098;      0.14;        0.00;       0.5493
       531;        265.5;       ;      0.03;          ;     252.63;    0.051602;      -65.100411;      -65.048809;      -65.079981;      0.43;        5.60;       0.5480
       532;        266.0;       ;      0.03;          ;     238.87;    0.048791;      -65.097943;      -65.049152;      -65.079899;      0.63;        0.00;       0.5496
       533;        266.5;       ;      0.05;          ;     240.20;    0.049063;      -65.098422;      -65.049359;      -65.079920;      0.58;        0.00;       0.5513
       534;        267.0;       ;      0.04;          ;     250.87;    0.051243;      -65.101518;      -65.050275;      -65.080045;      0.27;       11.99;       0.5497
       535;        267.5;       ;      0.04;          ;     273.30;    0.055825;      -65.105304;      -65.049479;      -65.080199;     -0.10;        0.00;       0.5514
       536;        268.0;       ;      0.03;          ;     285.04;    0.058222;      -65.107436;      -65.049213;      -65.080288;     -0.32;       19.52;       0.5498
       537;        268.5;       ;      0.03;          ;     279.11;    0.057012;      -65.106386;      -65.049374;      -65.080268;     -0.27;        3.99;       0.5486
       538;        269.0;       ;      0.03;          ;     258.07;    0.052713;      -65.102382;      -65.049669;      -65.080159;     -0.01;        0.00;       0.5502
       539;        269.5;       ;      0.04;          ;     235.45;    0.048092;      -65.097080;      -65.048988;      -65.080024;      0.33;       18.26;       0.5487
       540;        270.0;       ;      0.04;          ;     214.05;    0.043721;      -65.092458;      -65.048737;      -65.079933;      0.55;        0.00;       0.5503
       541;        270.5;       ;      0.04;          ;     203.44;    0.041555;      -65.089944;      -65.048388;      -65.079909;      0.61;       19.76;       0.5488
       542;        271.0;       ;      0.03;          ;     199.03;    0.040654;      -65.089925;      -65.049270;      -65.079934;      0.55;        0.00;       0.5504
       543;        271.5;       ;      0.03;          ;     212.13;    0.043329;      -65.092056;      -65.048727;      -65.079973;      0.45;       10.38;       0.5489
       544;        272.0;       ;      0.03;          ;     230.41;    0.047063;      -65.095721;      -65.048658;      -65.080019;      0.34;        0.00;       0.5506
       545;        272.5;       ;      0.03;          ;     252.27;    0.051528;      -65.100108;      -65.048580;      -65.080074;      0.20;        0.00;       0.5522
       546;        273.0;       ;      0.03;          ;     272.48;    0.055656;      -65.104317;      -65.048661;      -65.080137;      0.05;        8.92;       0.5508
       547;        273.5;       ;      0.03;          ;     288.76;    0.058982;      -65.107377;      -65.048395;      -65.080189;     -0.08;        0.00;       0.5524
       548;        274.0;       ;      0.03;          ;     295.11;    0.060279;      -65.108525;      -65.048246;      -65.080204;     -0.12;        3.01;       0.5513
       549;        274.5;       ;      0.03;          ;     289.29;    0.059090;      -65.107584;      -65.048494;      -65.080163;     -0.02;        0.00;       0.5530
       550;        275.0;       ;      0.02;          ;     281.75;    0.057550;      -65.105296;      -65.047746;      -65.080069;      0.21;       21.62;       0.5514
       551;        275.5;       ;      0.03;          ;     276.53;    0.056485;      -65.103101;      -65.046616;      -65.079970;      0.46;       15.47;       0.5498
       552;        276.0;       ;      0.04;          ;     280.83;    0.057362;      -65.102451;      -65.045088;      -65.079935;      0.54;       15.61;       0.5483
       553;        276.5;       ;      0.04;          ;     285.09;    0.058233;      -65.103779;      -65.045546;      -65.080003;      0.38;       20.72;       0.5467
       554;        277.0;       ;      0.04;          ;     292.37;    0.059720;      -65.106009;      -65.046289;      -65.080120;      0.09;       28.54;       0.5452
       555;        277.5;       ;      0.03;          ;     300.00;    0.061277;      -65.107381;      -65.046104;      -65.080195;     -0.09;       37.29;       0.5436
       556;        278.0;       ;      0.03;          ;     300.71;    0.061423;      -65.106726;      -65.045303;      -65.080177;     -0.05;       45.49;       0.5420
       557;        278.5;       ;      0.03;          ;     291.86;    0.059614;      -65.104164;      -65.044550;      -65.080088;      0.17;       51.66;       0.5404
       558;        279.0;       ;      0.03;          ;     275.26;    0.056224;      -65.100885;      -65.044661;      -65.079995;      0.40;       54.44;       0.5388
       559;        279.5;       ;      0.03;          ;     272.01;    0.055561;      -65.098253;      -65.042691;      -65.079958;      0.49;       52.68;       0.5372
       560;        280.0;       ;      0.04;          ;     263.91;    0.053906;      -65.096747;      -65.042841;      -65.079985;      0.42;       46.23;       0.5356
       561;        280.5;       ;      0.03;          ;     258.18;    0.052735;      -65.095994;      -65.043259;      -65.080036;      0.29;       34.72;       0.5341
       562;        281.0;       ;      0.03;          ;     256.07;    0.052306;      -65.095285;      -65.042979;      -65.080067;      0.22;       18.59;       0.5326
       563;        281.5;       ;      0.03;          ;     254.71;    0.052027;      -65.094188;      -65.042160;      -65.080058;      0.24;        0.00;       0.5342
       564;        282.0;       ;      0.03;          ;     249.68;    0.051000;      -65.092816;      -65.041816;      -65.080018;      0.34;       18.76;       0.5327
       565;        282.5;       ;      0.03;          ;     240.74;    0.049174;      -65.091749;      -65.042576;      -65.079978;      0.44;        0.00;       0.5343
       566;        283.0;       ;      0.03;          ;     239.09;    0.048836;      -65.091684;      -65.042848;      -65.079962;      0.48;       12.51;       0.5328
       567;        283.5;       ;      0.03;          ;     245.04;    0.050051;      -65.092948;      -65.042897;      -65.079984;      0.42;        0.00;       0.5344
       568;        284.0;       ;      0.03;          ;     258.11;    0.052721;      -65.095312;      -65.042591;      -65.080027;      0.32;       11.16;       0.5329
       569;        284.5;       ;      0.02;          ;     272.21;    0.055601;      -65.098191;      -65.042590;      -65.080066;      0.22;        0.00;       0.5345
       570;        285.0;       ;      0.03;          ;     282.04;    0.057610;      -65.100990;      -65.043380;      -65.080088;      0.17;       21.09;       0.5330
       571;        285.5;       ;      0.03;          ;     298.69;    0.061011;      -65.103337;      -65.042326;      -65.080106;      0.12;        8.46;       0.5316
       572;        286.0;       ;      0.03;          ;     308.84;    0.063084;      -65.104949;      -65.041865;      -65.080124;      0.08;        0.00;       0.5332
       573;        286.5;       ;      0.02;          ;     316.83;    0.064715;      -65.105427;      -65.040713;      -65.080134;      0.05;       31.11;       0.5316
       574;        287.0;       ;      0.03;          ;     315.38;    0.064419;      -65.104466;      -65.040046;      -65.080127;      0.07;       19.51;       0.5301
       575;        287.5;       ;      0.03;          ;     300.07;    0.061292;      -65.102081;      -65.040788;      -65.080080;      0.19;        6.10;       0.5288
       576;        288.0;       ;      0.03;          ;     286.92;    0.058607;      -65.099024;      -65.040418;      -65.079996;      0.39;        0.00;       0.5304
       577;        288.5;       ;      0.03;          ;     270.99;    0.055352;      -65.096506;      -65.041154;      -65.079925;      0.57;       12.90;       0.5289
       578;        289.0;       ;      0.03;          ;     263.39;    0.053799;      -65.095544;      -65.041744;      -65.079920;      0.58;        0.00;       0.5305
       579;        289.5;       ;      0.03;          ;     266.83;    0.054503;      -65.096200;      -65.041697;      -65.079976;      0.44;        0.08;       0.5320
       580;        290.0;       ;      0.03;          ;     275.31;    0.056234;      -65.097616;      -65.041381;      -65.080048;      0.26;        6.31;       0.5306
       581;        290.5;       ;      0.03;          ;     285.08;    0.058230;      -65.098632;      -65.040402;      -65.080102;      0.13;        0.00;       0.5322
       582;        291.0;       ;      0.03;          ;     280.89;    0.057374;      -65.098336;      -65.040962;      -65.080125;      0.08;        0.00;       0.5338
       583;        291.5;       ;      0.03;          ;     269.99;    0.055149;      -65.096364;      -65.041215;      -65.080117;      0.10;        0.00;       0.5354
       584;        292.0;       ;      0.03;          ;     251.19;    0.051309;      -65.092949;      -65.041640;      -65.080078;      0.19;        0.00;       0.5370
       585;        292.5;       ;      0.03;          ;     230.56;    0.047093;      -65.088860;      -65.041766;      -65.080014;      0.35;        0.00;       0.5387
       586;        293.0;       ;      0.02;          ;     215.21;    0.043959;      -65.085221;      -65.041262;      -65.079949;      0.51;        0.00;       0.5403
       587;        293.5;       ;      0.02;          ;     203.79;    0.041626;      -65.083151;      -65.041525;      -65.079901;      0.62;       13.18;       0.5388
       588;        294.0;       ;      0.02;          ;     203.47;    0.041561;      -65.083479;      -65.041917;      -65.079898;      0.63;        0.00;       0.5404
       589;        294.5;       ;      0.03;          ;     221.16;    0.045174;      -65.086304;      -65.041130;      -65.079959;      0.48;       23.02;       0.5388
       590;        295.0;       ;      0.02;          ;     239.24;    0.048867;      -65.090702;      -65.041835;      -65.080073;      0.20;       14.91;       0.5373
       591;        295.5;       ;      0.03;          ;     259.66;    0.053038;      -65.094886;      -65.041848;      -65.080171;     -0.04;       11.58;       0.5359
       592;        296.0;       ;      0.03;          ;     275.74;    0.056323;      -65.097416;      -65.041093;      -65.080195;     -0.09;       11.63;       0.5344
       593;        296.5;       ;      0.03;          ;     275.93;    0.056361;      -65.097832;      -65.041471;      -65.080145;      0.03;       13.26;       0.5329
       594;        297.0;       ;      0.03;          ;     276.13;    0.056403;      -65.096784;      -65.040381;      -65.080061;      0.23;       14.63;       0.5314
       595;        297.5;       ;      0.03;          ;     271.73;    0.055504;      -65.095458;      -65.039954;      -65.079981;      0.43;       14.89;       0.5300
       596;        298.0;       ;      0.03;          ;     268.59;    0.054863;      -65.094964;      -65.040102;      -65.079940;      0.53;       13.19;       0.5285
       597;        298.5;       ;      0.03;          ;     276.14;    0.056405;      -65.095824;      -65.039420;      -65.079959;      0.48;        9.14;       0.5271
       598;        299.0;       ;      0.03;          ;     285.82;    0.058381;      -65.097681;      -65.039301;      -65.080012;      0.35;        3.30;       0.5260
       599;        299.5;       ;      0.03;          ;     293.24;    0.059897;      -65.099626;      -65.039729;      -65.080061;      0.23;        0.00;       0.5276
       600;        300.0;       ;      0.03;          ;     297.61;    0.060791;      -65.100826;      -65.040035;      -65.080085;      0.17;       30.09;       0.5260
       601;        300.5;       ;      0.03;          ;     296.26;    0.060514;      -65.100836;      -65.040322;      -65.080090;      0.16;       17.42;       0.5245
       602;        301.0;       ;      0.03;          ;     285.16;    0.058247;      -65.099623;      -65.041377;      -65.080072;      0.21;        5.35;       0.5233
       603;        301.5;       ;      0.03;          ;     275.35;    0.056244;      -65.097584;      -65.041340;      -65.080036;      0.30;        0.00;       0.5248
       604;        302.0;       ;      0.03;          ;     263.34;    0.053789;      -65.095386;      -65.041596;      -65.079989;      0.41;       30.20;       0.5233
       605;        302.5;       ;      0.03;          ;     256.65;    0.052424;      -65.093806;      -65.041382;      -65.079959;      0.48;       23.47;       0.5218
       606;        303.0;       ;      0.03;          ;     257.68;    0.052635;      -65.093401;      -65.040766;      -65.079959;      0.48;       19.89;       0.5203
       607;        303.5;       ;      0.03;          ;     265.70;    0.054271;      -65.094225;      -65.039954;      -65.079999;      0.39;       19.19;       0.5189
       608;        304.0;       ;      0.03;          ;     274.64;    0.056099;      -65.095667;      -65.039568;      -65.080079;      0.19;       20.44;       0.5174
       609;        304.5;       ;      0.03;          ;     275.26;    0.056225;      -65.096496;      -65.040271;      -65.080166;     -0.02;       22.22;       0.5159
       610;        305.0;       ;      0.03;          ;     264.09;    0.053944;      -65.095484;      -65.041540;      -65.080191;     -0.08;       22.79;       0.5144
       611;        305.5;       ;      0.08;          ;     249.35;    0.050933;      -65.092444;      -65.041511;      -65.080117;      0.10;       20.58;       0.5130
       612;        306.0;       ;      0.03;          ;     228.55;    0.046684;      -65.088577;      -65.041893;      -65.079979;      0.43;       14.54;       0.5115
       613;        306.5;       ;      0.03;          ;     217.54;    0.044435;      -65.085994;      -65.041559;      -65.079870;      0.70;        3.82;       0.5104
       614;        307.0;       ;      0.04;          ;     215.23;    0.043962;      -65.086309;      -65.042347;      -65.079861;      0.72;        0.00;       0.5119
       615;        307.5;       ;      0.03;          ;     236.19;    0.048245;      -65.089650;      -65.041405;      -65.079943;      0.52;       38.66;       0.5104
       616;        308.0;       ;      0.04;          ;     260.77;    0.053265;      -65.094730;      -65.041465;      -65.080059;      0.24;       24.64;       0.5090
       617;        308.5;       ;      0.03;          ;     288.89;    0.059008;      -65.099588;      -65.040580;      -65.080144;      0.03;       22.15;       0.5075
       618;        309.0;       ;      0.04;          ;     298.33;    0.060937;      -65.102779;      -65.041842;      -65.080172;     -0.04;       21.63;       0.5061
       619;        309.5;       ;      0.04;          ;     304.05;    0.062106;      -65.103665;      -65.041560;      -65.080159;     -0.01;       22.50;       0.5046
       620;        310.0;       ;      0.04;          ;     298.73;    0.061018;      -65.102440;      -65.041422;      -65.080120;      0.09;       24.41;       0.5032
       621;        310.5;       ;      0.04;          ;     285.03;    0.058220;      -65.099694;      -65.041474;      -65.080064;      0.23;       26.45;       0.5017
       622;        311.0;       ;      0.04;          ;     273.10;    0.055783;      -65.096373;      -65.040590;      -65.079996;      0.39;       27.58;       0.5003
       623;        311.5;       ;      0.05;          ;     261.46;    0.053407;      -65.093571;      -65.040164;      -65.079930;      0.55;       27.03;       0.4988
       624;        312.0;       ;      0.04;          ;     252.95;    0.051667;      -65.092367;      -65.040700;      -65.079886;      0.66;       23.89;       0.4974
       625;        312.5;       ;      0.04;          ;     257.75;    0.052648;      -65.093483;      -65.040836;      -65.079890;      0.65;       17.49;       0.4960
       626;        313.0;       ;      0.03;          ;     277.68;    0.056720;      -65.096878;      -65.040159;      -65.079957;      0.49;        7.85;       0.4947
       627;        313.5;       ;      0.04;          ;     292.90;    0.059828;      -65.101491;      -65.041663;      -65.080083;      0.18;        0.00;       0.4962
       628;        314.0;       ;      0.04;          ;     308.12;    0.062937;      -65.105314;      -65.042378;      -65.080217;     -0.15;       21.17;       0.4948
       629;        314.5;       ;      0.04;          ;     316.64;    0.064676;      -65.106386;      -65.041710;      -65.080296;     -0.34;        2.46;       0.4939
       630;        315.0;       ;      0.03;          ;     299.96;    0.061269;      -65.103531;      -65.042263;      -65.080271;     -0.28;        0.00;       0.4954
       631;        315.5;       ;      0.03;          ;     272.77;    0.055716;      -65.097235;      -65.041519;      -65.080135;      0.05;       11.90;       0.4940
       632;        316.0;       ;      0.03;          ;     234.01;    0.047798;      -65.089611;      -65.041813;      -65.079934;      0.55;        0.00;       0.4955
       633;        316.5;       ;      0.03;          ;     203.45;    0.041557;      -65.083862;      -65.042305;      -65.079765;      0.96;       21.83;       0.4941
       634;        317.0;       ;      0.03;          ;     197.43;    0.040326;      -65.082558;      -65.042232;      -65.079736;      1.03;       12.20;       0.4927
       635;        317.5;       ;      0.03;          ;     215.98;    0.044117;      -65.086139;      -65.042022;      -65.079859;      0.73;        9.27;       0.4914
       636;        318.0;       ;      0.03;          ;     245.60;    0.050166;      -65.092747;      -65.042582;      -65.080050;      0.26;       13.44;       0.4900
       637;        318.5;       ;      0.03;          ;     274.77;    0.056123;      -65.099375;      -65.043251;      -65.080207;     -0.12;       23.20;       0.4886
       638;        319.0;       ;      0.03;          ;     293.26;    0.059902;      -65.103550;      -65.043648;      -65.080275;     -0.29;       37.85;       0.4872
       639;        319.5;       ;      0.03;          ;     295.96;    0.060453;      -65.104170;      -65.043717;      -65.080252;     -0.23;       56.55;       0.4858
       640;        320.0;       ;      0.03;          ;     279.44;    0.057077;      -65.101546;      -65.044469;      -65.080164;     -0.02;       77.99;       0.4843
       641;        320.5;       ;      0.02;          ;     258.63;    0.052827;      -65.097070;      -65.044243;      -65.080052;      0.26;      100.29;       0.4829
       642;        321.0;       ;      0.03;          ;     236.81;    0.048371;      -65.092502;      -65.044131;      -65.079949;      0.51;      122.21;       0.4815
       643;        321.5;       ;      0.03;          ;     220.90;    0.045121;      -65.089492;      -65.044372;      -65.079878;      0.68;      142.29;       0.4800
       644;        322.0;       ;      0.03;          ;     220.97;    0.045136;      -65.089168;      -65.044033;      -65.079863;      0.72;      159.27;       0.4786
       645;        322.5;       ;      0.03;          ;     231.96;    0.047380;      -65.091727;      -65.044347;      -65.079924;      0.57;      172.66;       0.4772
       646;        323.0;       ;      0.03;          ;     252.54;    0.051584;      -65.096156;      -65.044572;      -65.080047;      0.27;      181.89;       0.4758
       647;        323.5;       ;      0.03;          ;     271.17;    0.055389;      -65.100530;      -65.045141;      -65.080175;     -0.05;      187.09;       0.4744
       648;        324.0;       ;      0.04;          ;     277.01;    0.056581;      -65.102865;      -65.046284;      -65.080244;     -0.21;      188.65;       0.4729
       649;        324.5;       ;      0.03;          ;     269.19;    0.054984;      -65.102144;      -65.047160;      -65.080231;     -0.18;      187.31;       0.4715
       650;        325.0;       ;      0.03;          ;     254.31;    0.051945;      -65.098679;      -65.046735;      -65.080152;      0.01;      184.18;       0.4701
       651;        325.5;       ;      0.03;          ;     228.37;    0.046647;      -65.093721;      -65.047073;      -65.080041;      0.28;      180.69;       0.4687
       652;        326.0;       ;      0.03;          ;     202.88;    0.041440;      -65.089102;      -65.047662;      -65.079941;      0.53;      177.87;       0.4673
       653;        326.5;       ;      0.03;          ;     184.96;    0.037779;      -65.086485;      -65.048706;      -65.079899;      0.63;      176.64;       0.4659
       654;        327.0;       ;      0.03;          ;     187.92;    0.038385;      -65.086616;      -65.048231;      -65.079942;      0.53;      177.42;       0.4646
       655;        327.5;       ;      0.03;          ;     206.90;    0.042261;      -65.088898;      -65.046638;      -65.080043;      0.28;      180.75;       0.4632
       656;        328.0;       ;      0.03;          ;     218.24;    0.044578;      -65.091773;      -65.047195;      -65.080134;      0.06;      186.55;       0.4618
       657;        328.5;       ;      0.03;          ;     232.05;    0.047398;      -65.093715;      -65.046317;      -65.080165;     -0.02;      193.24;       0.4604
       658;        329.0;       ;      0.03;          ;     232.58;    0.047506;      -65.094183;      -65.046677;      -65.080145;      0.03;      199.96;       0.4590
       659;        329.5;       ;      0.03;          ;     230.82;    0.047147;      -65.093369;      -65.046221;      -65.080109;      0.12;      204.91;       0.4577
       660;        330.0;       ;      0.03;          ;     221.70;    0.045285;      -65.091814;      -65.046530;      -65.080073;      0.20;      206.91;       0.4563
       661;        330.5;       ;      0.03;          ;     211.78;    0.043259;      -65.090138;      -65.046879;      -65.080029;      0.31;      204.54;       0.4550
       662;        331.0;       ;      0.03;          ;     207.31;    0.042345;      -65.089100;      -65.046755;      -65.079975;      0.45;      196.91;       0.4536
       663;        331.5;       ;      0.03;          ;     211.54;    0.043209;      -65.089509;      -65.046300;      -65.079942;      0.52;      183.58;       0.4522
       664;        332.0;       ;      0.03;          ;     224.80;    0.045918;      -65.091764;      -65.045847;      -65.079970;      0.46;      164.47;       0.4509
       665;        332.5;       ;      0.03;          ;     244.43;    0.049928;      -65.095338;      -65.045410;      -65.080054;      0.25;      139.95;       0.4496
       666;        333.0;       ;      0.03;          ;     259.34;    0.052972;      -65.098873;      -65.045901;      -65.080141;      0.04;      110.81;       0.4482
       667;        333.5;       ;      0.03;          ;     268.66;    0.054875;      -65.100961;      -65.046085;      -65.080182;     -0.06;       78.37;       0.4469
       668;        334.0;       ;      0.03;          ;     266.12;    0.054357;      -65.100983;      -65.046626;      -65.080159;     -0.01;       44.17;       0.4456
       669;        334.5;       ;      0.03;          ;     254.79;    0.052042;      -65.099316;      -65.047274;      -65.080090;      0.16;       10.12;       0.4444
       670;        335.0;       ;      0.03;          ;     242.80;    0.049594;      -65.097081;      -65.047487;      -65.080013;      0.35;        0.00;       0.4457
       671;        335.5;       ;      0.03;          ;     233.96;    0.047789;      -65.095518;      -65.047728;      -65.079960;      0.48;        0.00;       0.4471
       672;        336.0;       ;      0.03;          ;     240.92;    0.049211;      -65.095485;      -65.046275;      -65.079951;      0.50;        5.59;       0.4460
       673;        336.5;       ;      0.03;          ;     254.25;    0.051933;      -65.097136;      -65.045203;      -65.079984;      0.42;        0.00;       0.4473
       674;        337.0;       ;      0.03;          ;     264.43;    0.054012;      -65.099916;      -65.045904;      -65.080045;      0.27;       13.60;       0.4461
       675;        337.5;       ;      0.03;          ;     285.42;    0.058299;      -65.102818;      -65.044519;      -65.080121;      0.09;        3.81;       0.4451
       676;        338.0;       ;      0.03;          ;     290.49;    0.059335;      -65.104715;      -65.045380;      -65.080186;     -0.07;        1.63;       0.4446
       677;        338.5;       ;      0.03;          ;     292.62;    0.059770;      -65.104611;      -65.044841;      -65.080206;     -0.12;        8.92;       0.4434
       678;        339.0;       ;      0.03;          ;     276.69;    0.056517;      -65.102282;      -65.045765;      -65.080169;     -0.03;        7.14;       0.4422
       679;        339.5;       ;      0.03;          ;     261.77;    0.053469;      -65.098428;      -65.044959;      -65.080088;      0.17;        5.66;       0.4412
       680;        340.0;       ;      0.03;          ;     242.83;    0.049599;      -65.094336;      -65.044736;      -65.079990;      0.41;        3.90;       0.4402
       681;        340.5;       ;      0.03;          ;     231.32;    0.047250;      -65.091554;      -65.044305;      -65.079917;      0.59;        1.94;       0.4395
       682;        341.0;       ;      0.04;          ;     230.74;    0.047131;      -65.091193;      -65.044062;      -65.079914;      0.59;        3.10;       0.4386
       683;        341.5;       ;      0.03;          ;     243.30;    0.049696;      -65.093248;      -65.043553;      -65.079991;      0.41;        0.00;       0.4400
       684;        342.0;       ;      0.04;          ;     262.13;    0.053542;      -65.096499;      -65.042957;      -65.080094;      0.15;       25.64;       0.4387
       685;        342.5;       ;      0.03;          ;     271.59;    0.055474;      -65.099210;      -65.043736;      -65.080166;     -0.02;       12.18;       0.4375
       686;        343.0;       ;      0.03;          ;     272.42;    0.055645;      -65.100163;      -65.044518;      -65.080172;     -0.04;        0.00;       0.4388
       687;        343.5;       ;      0.03;          ;     270.19;    0.055189;      -65.099241;      -65.044052;      -65.080119;      0.09;       26.93;       0.4375
       688;        344.0;       ;      0.03;          ;     264.68;    0.054063;      -65.097150;      -65.043087;      -65.080042;      0.28;       16.73;       0.4363
       689;        344.5;       ;      0.04;          ;     254.66;    0.052016;      -65.094961;      -65.042944;      -65.079976;      0.44;       10.39;       0.4351
       690;        345.0;       ;      0.03;          ;     249.72;    0.051007;      -65.093666;      -65.042660;      -65.079949;      0.51;        8.84;       0.4340
       691;        345.5;       ;      0.03;          ;     248.81;    0.050821;      -65.093692;      -65.042871;      -65.079970;      0.46;       11.96;       0.4328
       692;        346.0;       ;      0.03;          ;     254.57;    0.051999;      -65.094755;      -65.042756;      -65.080022;      0.33;       18.45;       0.4315
       693;        346.5;       ;      0.03;          ;     259.18;    0.052940;      -65.096136;      -65.043196;      -65.080063;      0.23;       27.58;       0.4303
       694;        347.0;       ;      0.03;          ;     271.24;    0.055403;      -65.097267;      -65.041864;      -65.080063;      0.23;       38.26;       0.4290
       695;        347.5;       ;      0.03;          ;     271.81;    0.055520;      -65.098141;      -65.042620;      -65.080037;      0.29;       49.66;       0.4278
       696;        348.0;       ;      0.04;          ;     276.09;    0.056394;      -65.099105;      -65.042710;      -65.080028;      0.31;       59.75;       0.4265
       697;        348.5;       ;      0.04;          ;     279.06;    0.057001;      -65.100343;      -65.043342;      -65.080056;      0.25;       67.38;       0.4253
       698;        349.0;       ;      0.03;          ;     279.63;    0.057117;      -65.101514;      -65.044396;      -65.080091;      0.16;       71.28;       0.4240
       699;        349.5;       ;      0.04;          ;     290.54;    0.059346;      -65.102193;      -65.042847;      -65.080101;      0.14;       70.59;       0.4228
       700;        350.0;       ;      0.08;          ;     286.08;    0.058435;      -65.102228;      -65.043793;      -65.080084;      0.18;       65.30;       0.4215
       701;        350.5;       ;      0.04;          ;     289.79;    0.059192;      -65.101829;      -65.042637;      -65.080063;      0.23;       55.09;       0.4203
       702;        351.0;       ;      0.03;          ;     284.70;    0.058153;      -65.101302;      -65.043149;      -65.080048;      0.27;       40.54;       0.4191
       703;        351.5;       ;      0.03;          ;     286.64;    0.058548;      -65.100885;      -65.042337;      -65.080033;      0.30;       22.44;       0.4179
       704;        352.0;       ;      0.03;          ;     288.77;    0.058983;      -65.100779;      -65.041796;      -65.080027;      0.32;        2.20;       0.4172
       705;        352.5;       ;      0.04;          ;     293.53;    0.059956;      -65.101018;      -65.041062;      -65.080039;      0.29;        0.00;       0.4184
       706;        353.0;       ;      0.03;          ;     297.34;    0.060734;      -65.101364;      -65.040631;      -65.080058;      0.24;        6.79;       0.4174
       707;        353.5;       ;      0.03;          ;     299.47;    0.061170;      -65.101488;      -65.040319;      -65.080059;      0.24;        0.00;       0.4186
       708;        354.0;       ;      0.03;          ;     302.89;    0.061868;      -65.101334;      -65.039466;      -65.080034;      0.30;       11.82;       0.4175
       709;        354.5;       ;      0.03;          ;     302.71;    0.061831;      -65.101167;      -65.039336;      -65.080009;      0.36;        0.00;       0.4187
       710;        355.0;       ;      0.03;          ;     300.96;    0.061473;      -65.101283;      -65.039810;      -65.080009;      0.36;       30.45;       0.4175
       711;        355.5;       ;      0.03;          ;     306.54;    0.062614;      -65.101594;      -65.038980;      -65.080052;      0.25;       25.55;       0.4163
       712;        356.0;       ;      0.03;          ;     302.28;    0.061743;      -65.101442;      -65.039699;      -65.080105;      0.13;       24.07;       0.4151
       713;        356.5;       ;      0.03;          ;     297.70;    0.060807;      -65.100106;      -65.039299;      -65.080110;      0.11;       24.58;       0.4139
       714;        357.0;       ;      0.03;          ;     288.36;    0.058900;      -65.097579;      -65.038679;      -65.080047;      0.27;       25.82;       0.4127
       715;        357.5;       ;      0.03;          ;     272.31;    0.055622;      -65.094802;      -65.039180;      -65.079959;      0.48;       26.40;       0.4115
       716;        358.0;       ;      0.03;          ;     262.71;    0.053662;      -65.093123;      -65.039461;      -65.079919;      0.58;       24.88;       0.4104
       717;        358.5;       ;      0.03;          ;     265.60;    0.054251;      -65.093209;      -65.038958;      -65.079941;      0.53;       20.42;       0.4092
       718;        359.0;       ;      0.03;          ;     271.10;    0.055375;      -65.094772;      -65.039397;      -65.079985;      0.42;       12.65;       0.4081
       719;        359.5;       ;      0.03;          ;     285.58;    0.058331;      -65.097108;      -65.038776;      -65.080023;      0.33;        1.69;       0.4076
       720;        360.0;       ;      0.03;          ;     299.53;    0.061182;      -65.099566;      -65.038384;      -65.080058;      0.24;        0.00;       0.4088
       721;        360.5;       ;      0.03;          ;     310.89;    0.063502;      -65.101487;      -65.037985;      -65.080084;      0.18;       18.10;       0.4076
       722;        361.0;       ;      0.03;          ;     307.86;    0.062883;      -65.102358;      -65.039474;      -65.080092;      0.16;        0.00;       0.4088
       723;        361.5;       ;      0.03;          ;     308.04;    0.062919;      -65.102067;      -65.039148;      -65.080074;      0.20;       16.50;       0.4077
       724;        362.0;       ;      0.03;          ;     304.44;    0.062185;      -65.100906;      -65.038721;      -65.080043;      0.28;        0.00;       0.4089
       725;        362.5;       ;      0.03;          ;     290.81;    0.059400;      -65.099384;      -65.039984;      -65.079997;      0.39;       18.37;       0.4078
       726;        363.0;       ;      0.03;          ;     285.70;    0.058358;      -65.098291;      -65.039934;      -65.079950;      0.51;        4.64;       0.4068
       727;        363.5;       ;      0.03;          ;     285.86;    0.058389;      -65.098433;      -65.040043;      -65.079921;      0.58;        0.00;       0.4080
       728;        364.0;       ;      0.03;          ;     291.64;    0.059571;      -65.100253;      -65.040682;      -65.079936;      0.54;       32.77;       0.4068
       729;        364.5;       ;      0.03;          ;     305.31;    0.062363;      -65.103468;      -65.041105;      -65.080006;      0.37;       32.28;       0.4057
       730;        365.0;       ;      0.02;          ;     314.93;    0.064327;      -65.107023;      -65.042696;      -65.080098;      0.14;       35.42;       0.4045
       731;        365.5;       ;      0.03;          ;     327.05;    0.066803;      -65.109557;      -65.042754;      -65.080161;     -0.01;       40.62;       0.4033
       732;        366.0;       ;      0.03;          ;     330.17;    0.067440;      -65.110174;      -65.042734;      -65.080169;     -0.03;       46.62;       0.4021
       733;        366.5;       ;      0.03;          ;     320.11;    0.065386;      -65.108733;      -65.043346;      -65.080129;      0.07;       51.86;       0.4009
       734;        367.0;       ;      0.03;          ;     309.16;    0.063149;      -65.105855;      -65.042706;      -65.080072;      0.21;       54.82;       0.3998
       735;        367.5;       ;      0.03;          ;     290.87;    0.059413;      -65.102424;      -65.043012;      -65.080014;      0.35;       54.55;       0.3986
       736;        368.0;       ;      0.03;          ;     275.00;    0.056172;      -65.099400;      -65.043228;      -65.079960;      0.48;       50.15;       0.3974
       737;        368.5;       ;      0.03;          ;     267.57;    0.054654;      -65.097636;      -65.042982;      -65.079932;      0.55;       41.27;       0.3963
       738;        369.0;       ;      0.03;          ;     265.22;    0.054173;      -65.097527;      -65.043354;      -65.079956;      0.49;       28.07;       0.3951
       739;        369.5;       ;      0.03;          ;     266.04;    0.054341;      -65.098679;      -65.044338;      -65.080024;      0.32;       11.11;       0.3940
       740;        370.0;       ;      0.03;          ;     267.65;    0.054670;      -65.100071;      -65.045401;      -65.080087;      0.17;        0.00;       0.3952
       741;        370.5;       ;      0.03;          ;     272.14;    0.055586;      -65.100777;      -65.045191;      -65.080104;      0.13;        8.41;       0.3942
       742;        371.0;       ;      0.03;          ;     269.14;    0.054974;      -65.100488;      -65.045514;      -65.080078;      0.19;        0.00;       0.3954
       743;        371.5;       ;      0.03;          ;     263.79;    0.053881;      -65.099533;      -65.045652;      -65.080037;      0.29;        3.07;       0.3946
       744;        372.0;       ;      0.04;          ;     258.44;    0.052789;      -65.098535;      -65.045745;      -65.080007;      0.37;        0.00;       0.3957
       745;        372.5;       ;      0.03;          ;     257.42;    0.052580;      -65.097986;      -65.045406;      -65.079999;      0.38;        8.72;       0.3947
       746;        373.0;       ;      0.03;          ;     256.08;    0.052307;      -65.098040;      -65.045732;      -65.080013;      0.35;        0.00;       0.3959
       747;        373.5;       ;      0.03;          ;     262.45;    0.053609;      -65.098565;      -65.044956;      -65.080031;      0.31;       23.44;       0.3947
       748;        374.0;       ;      0.03;          ;     270.00;    0.055150;      -65.099307;      -65.044157;      -65.080044;      0.28;       15.90;       0.3936
       749;        374.5;       ;      0.03;          ;     271.18;    0.055392;      -65.100073;      -65.044681;      -65.080040;      0.29;       11.27;       0.3926
       750;        375.0;       ;      0.03;          ;     274.59;    0.056088;      -65.100951;      -65.044863;      -65.080023;      0.33;        8.40;       0.3915
       751;        375.5;       ;      0.03;          ;     277.74;    0.056730;      -65.102242;      -65.045512;      -65.080016;      0.34;        6.19;       0.3905
       752;        376.0;       ;      0.03;          ;     285.58;    0.058331;      -65.104064;      -65.045732;      -65.080041;      0.28;        3.59;       0.3897
       753;        376.5;       ;      0.03;          ;     290.75;    0.059388;      -65.106053;      -65.046666;      -65.080096;      0.15;        1.04;       0.3897
       754;        377.0;       ;      0.03;          ;     295.83;    0.060426;      -65.107412;      -65.046986;      -65.080147;      0.02;        8.64;       0.3886
       755;        377.5;       ;      0.03;          ;     298.24;    0.060919;      -65.107424;      -65.046505;      -65.080158;     -0.00;        0.00;       0.3898
       756;        378.0;       ;      0.03;          ;     292.09;    0.059663;      -65.105911;      -65.046248;      -65.080116;      0.10;       16.66;       0.3887
       757;        378.5;       ;      0.03;          ;     274.35;    0.056038;      -65.103421;      -65.047383;      -65.080054;      0.25;        0.00;       0.3899
       758;        379.0;       ;      0.03;          ;     263.54;    0.053831;      -65.100941;      -65.047110;      -65.080009;      0.36;        9.55;       0.3888
       759;        379.5;       ;      0.03;          ;     253.89;    0.051859;      -65.099137;      -65.047278;      -65.080002;      0.38;        0.00;       0.3900
       760;        380.0;       ;      0.03;          ;     248.63;    0.050786;      -65.098121;      -65.047335;      -65.080019;      0.34;        0.00;       0.3912
       761;        380.5;       ;      0.03;          ;     243.30;    0.049696;      -65.097630;      -65.047934;      -65.080030;      0.31;        5.81;       0.3902
       762;        381.0;       ;      0.03;          ;     242.62;    0.049558;      -65.097480;      -65.047923;      -65.080022;      0.33;        0.00;       0.3914
       763;        381.5;       ;      0.03;          ;     239.29;    0.048876;      -65.097742;      -65.048865;      -65.080009;      0.36;        0.00;       0.3925
       764;        382.0;       ;      0.03;          ;     243.00;    0.049635;      -65.098570;      -65.048935;      -65.080010;      0.36;       16.64;       0.3914
       765;        382.5;       ;      0.03;          ;     246.62;    0.050374;      -65.099929;      -65.049555;      -65.080035;      0.30;        1.34;       0.3911
       766;        383.0;       ;      0.03;          ;     251.54;    0.051378;      -65.101467;      -65.050088;      -65.080072;      0.21;        3.20;       0.3903
       767;        383.5;       ;      0.03;          ;     256.03;    0.052297;      -65.102686;      -65.050389;      -65.080105;      0.13;        0.00;       0.3915
       768;        384.0;       ;      0.03;          ;     263.61;    0.053844;      -65.103159;      -65.049315;      -65.080111;      0.11;       31.22;       0.3904
       769;        384.5;       ;      0.03;          ;     262.33;    0.053583;      -65.102771;      -65.049188;      -65.080083;      0.18;       25.34;       0.3892
       770;        385.0;       ;      0.03;          ;     253.18;    0.051714;      -65.101970;      -65.050256;      -65.080027;      0.32;       19.36;       0.3881
       771;        385.5;       ;      0.03;          ;     256.97;    0.052488;      -65.101689;      -65.049201;      -65.079980;      0.43;       12.12;       0.3871
       772;        386.0;       ;      0.03;          ;     262.92;    0.053704;      -65.102677;      -65.048973;      -65.079971;      0.45;        3.38;       0.3863
       773;        386.5;       ;      0.03;          ;     277.85;    0.056753;      -65.105067;      -65.048314;      -65.080001;      0.38;        0.00;       0.3874
       774;        387.0;       ;      0.03;          ;     290.14;    0.059264;      -65.108396;      -65.049132;      -65.080052;      0.26;       19.01;       0.3863
       775;        387.5;       ;      0.03;          ;     307.64;    0.062839;      -65.111791;      -65.048952;      -65.080113;      0.11;        1.18;       0.3861
       776;        388.0;       ;      0.03;          ;     319.29;    0.065219;      -65.114325;      -65.049107;      -65.080170;     -0.03;        0.00;       0.3873
       777;        388.5;       ;      0.03;          ;     321.29;    0.065627;      -65.115100;      -65.049473;      -65.080199;     -0.10;       12.85;       0.3862
       778;        389.0;       ;      0.03;          ;     318.92;    0.065143;      -65.113683;      -65.048540;      -65.080175;     -0.04;        0.00;       0.3874
       779;        389.5;       ;      0.03;          ;     303.88;    0.062071;      -65.110419;      -65.048348;      -65.080094;      0.15;        7.76;       0.3864
       780;        390.0;       ;      0.03;          ;     281.90;    0.057581;      -65.106492;      -65.048911;      -65.080001;      0.38;        0.00;       0.3875
       781;        390.5;       ;      0.04;          ;     265.21;    0.054171;      -65.103333;      -65.049162;      -65.079948;      0.51;       10.78;       0.3865
       782;        391.0;       ;      0.03;          ;     260.83;    0.053276;      -65.101763;      -65.048487;      -65.079950;      0.51;        0.00;       0.3876
       783;        391.5;       ;      0.03;          ;     263.25;    0.053771;      -65.101750;      -65.047980;      -65.079981;      0.43;       26.33;       0.3865
       784;        392.0;       ;      0.03;          ;     267.55;    0.054649;      -65.102733;      -65.048084;      -65.080024;      0.32;       19.58;       0.3854
       785;        392.5;       ;      0.03;          ;     275.53;    0.056279;      -65.103976;      -65.047697;      -65.080067;      0.22;       15.64;       0.3844
       786;        393.0;       ;      0.03;          ;     278.43;    0.056872;      -65.104783;      -65.047912;      -65.080097;      0.15;       13.53;       0.3833
       787;        393.5;       ;      0.03;          ;     275.77;    0.056328;      -65.104679;      -65.048351;      -65.080096;      0.15;       11.86;       0.3822
       788;        394.0;       ;      0.03;          ;     265.15;    0.054160;      -65.103702;      -65.049543;      -65.080064;      0.23;        9.36;       0.3812
       789;        394.5;       ;      0.03;          ;     263.83;    0.053889;      -65.102431;      -65.048542;      -65.080024;      0.33;        5.01;       0.3803
       790;        395.0;       ;      0.03;          ;     263.59;    0.053841;      -65.101488;      -65.047647;      -65.080006;      0.37;        0.00;       0.3814
       791;        395.5;       ;      0.03;          ;     263.75;    0.053873;      -65.101153;      -65.047280;      -65.080009;      0.36;       25.32;       0.3803
       792;        396.0;       ;      0.03;          ;     264.45;    0.054017;      -65.101377;      -65.047360;      -65.080017;      0.34;        9.05;       0.3793
       793;        396.5;       ;      0.03;          ;     265.58;    0.054247;      -65.102099;      -65.047852;      -65.080010;      0.36;        0.00;       0.3805
       794;        397.0;       ;      0.03;          ;     273.77;    0.055919;      -65.103467;      -65.047547;      -65.079999;      0.39;        4.12;       0.3796
       795;        397.5;       ;      0.03;          ;     276.41;    0.056459;      -65.105641;      -65.049183;      -65.080008;      0.36;        0.00;       0.3807
       796;        398.0;       ;      0.03;          ;     289.40;    0.059114;      -65.108448;      -65.049334;      -65.080051;      0.26;        0.00;       0.3819
       797;        398.5;       ;      0.04;          ;     308.08;    0.062928;      -65.111303;      -65.048375;      -65.080115;      0.10;        0.00;       0.3830
       798;        399.0;       ;      0.03;          ;     318.83;    0.065125;      -65.113236;      -65.048111;      -65.080165;     -0.02;        5.35;       0.3821
       799;        399.5;       ;      0.03;          ;     327.17;    0.066828;      -65.113447;      -65.046619;      -65.080163;     -0.02;        0.00;       0.3833
       800;        400.0;       ;      0.03;          ;     325.82;    0.066551;      -65.111929;      -65.045378;      -65.080096;      0.15;        0.00;       0.3844
       801;        400.5;       ;      0.03;          ;     310.09;    0.063340;      -65.109600;      -65.046261;      -65.080004;      0.37;        2.24;       0.3838
       802;        401.0;       ;      0.03;          ;     301.12;    0.061506;      -65.107837;      -65.046331;      -65.079960;      0.48;        0.00;       0.3849
       803;        401.5;       ;      0.03;          ;     296.84;    0.060632;      -65.107294;      -65.046662;      -65.079992;      0.40;        5.22;       0.3840
       804;        402.0;       ;      0.03;          ;     290.34;    0.059305;      -65.107496;      -65.048192;      -65.080060;      0.24;        0.00;       0.3851
       805;        402.5;       ;      0.03;          ;     288.04;    0.058836;      -65.107460;      -65.048624;      -65.080105;      0.13;        9.43;       0.3841
       806;        403.0;       ;      0.03;          ;     284.40;    0.058092;      -65.106505;      -65.048413;      -65.080102;      0.13;        0.00;       0.3853
       807;        403.5;       ;      0.03;          ;     279.88;    0.057169;      -65.104617;      -65.047448;      -65.080060;      0.24;       10.88;       0.3842
       808;        404.0;       ;      0.03;          ;     269.50;    0.055048;      -65.102307;      -65.047260;      -65.080014;      0.35;        0.00;       0.3854
       809;        404.5;       ;      0.03;          ;     261.15;    0.053341;      -65.100207;      -65.046865;      -65.079994;      0.40;        4.16;       0.3845
       810;        405.0;       ;      0.03;          ;     249.20;    0.050901;      -65.098631;      -65.047730;      -65.079992;      0.40;        0.00;       0.3856
       811;        405.5;       ;      0.03;          ;     246.59;    0.050368;      -65.097684;      -65.047316;      -65.079991;      0.41;        0.00;       0.3868
       812;        406.0;       ;      0.03;          ;     242.76;    0.049586;      -65.097417;      -65.047832;      -65.079983;      0.42;        0.00;       0.3880
       813;        406.5;       ;      0.04;          ;     242.25;    0.049483;      -65.097948;      -65.048465;      -65.079987;      0.41;        0.00;       0.3891
       814;        407.0;       ;      0.03;          ;     251.27;    0.051324;      -65.099257;      -65.047932;      -65.080012;      0.35;        3.77;       0.3883
       815;        407.5;       ;      0.03;          ;     264.80;    0.054088;      -65.100996;      -65.046908;      -65.080047;      0.27;        0.00;       0.3894
       816;        408.0;       ;      0.03;          ;     272.77;    0.055715;      -65.102636;      -65.046921;      -65.080067;      0.22;        0.00;       0.3906
       817;        408.5;       ;      0.03;          ;     278.37;    0.056859;      -65.103843;      -65.046984;      -65.080065;      0.22;        0.00;       0.3918
       818;        409.0;       ;      0.02;          ;     286.11;    0.058441;      -65.104681;      -65.046239;      -65.080051;      0.26;        4.20;       0.3909
       819;        409.5;       ;      0.03;          ;     286.17;    0.058453;      -65.105376;      -65.046923;      -65.080042;      0.28;        0.00;       0.3921
       820;        410.0;       ;      0.03;          ;     295.51;    0.060360;      -65.106125;      -65.045765;      -65.080039;      0.29;       12.39;       0.3910
       821;        410.5;       ;      0.03;          ;     293.78;    0.060008;      -65.107025;      -65.047016;      -65.080035;      0.30;        3.63;       0.3901
       822;        411.0;       ;      0.02;          ;     303.64;    0.062022;      -65.108161;      -65.046139;      -65.080033;      0.30;        2.62;       0.3894
       823;        411.5;       ;      0.03;          ;     311.25;    0.063576;      -65.109576;      -65.046000;      -65.080057;      0.24;        6.72;       0.3884
       824;        412.0;       ;      0.03;          ;     322.02;    0.065775;      -65.110817;      -65.045043;      -65.080108;      0.12;        7.90;       0.3874
       825;        412.5;       ;      0.03;          ;     325.07;    0.066398;      -65.111056;      -65.044658;      -65.080144;      0.03;        9.01;       0.3864
       826;        413.0;       ;      0.04;          ;     320.25;    0.065414;      -65.109642;      -65.044228;      -65.080132;      0.06;        8.82;       0.3853
       827;        413.5;       ;      0.03;          ;     308.54;    0.063023;      -65.106627;      -65.043604;      -65.080086;      0.17;        6.62;       0.3844
       828;        414.0;       ;      0.03;          ;     286.37;    0.058494;      -65.102580;      -65.044086;      -65.080033;      0.30;        2.32;       0.3837
       829;        414.5;       ;      0.03;          ;     269.09;    0.054964;      -65.098313;      -65.043349;      -65.079981;      0.43;        0.07;       0.3848
       830;        415.0;       ;      0.04;          ;     249.16;    0.050893;      -65.094563;      -65.043670;      -65.079928;      0.56;       23.50;       0.3837
       831;        415.5;       ;      0.04;          ;     235.19;    0.048040;      -65.092089;      -65.044049;      -65.079899;      0.63;        6.93;       0.3827
       832;        416.0;       ;      0.04;          ;     229.17;    0.046810;      -65.091320;      -65.044510;      -65.079910;      0.60;        0.00;       0.3838
       833;        416.5;       ;      0.03;          ;     237.34;    0.048479;      -65.092082;      -65.043603;      -65.079954;      0.50;        6.27;       0.3829
       834;        417.0;       ;      0.03;          ;     246.25;    0.050298;      -65.093682;      -65.043384;      -65.080003;      0.38;        0.00;       0.3840
       835;        417.5;       ;      0.03;          ;     248.81;    0.050821;      -65.095312;      -65.044491;      -65.080033;      0.30;        1.52;       0.3836
       836;        418.0;       ;      0.03;          ;     251.59;    0.051389;      -65.096502;      -65.045113;      -65.080046;      0.27;        0.00;       0.3848
       837;        418.5;       ;      0.03;          ;     252.28;    0.051531;      -65.097156;      -65.045625;      -65.080048;      0.27;        9.32;       0.3838
       838;        419.0;       ;      0.03;          ;     253.89;    0.051859;      -65.097341;      -65.045481;      -65.080047;      0.27;        0.00;       0.3849
       839;        419.5;       ;      0.03;          ;     253.68;    0.051816;      -65.097191;      -65.045375;      -65.080041;      0.28;       12.97;       0.3838
       840;        420.0;       ;      0.03;          ;     247.30;    0.050514;      -65.096920;      -65.046406;      -65.080026;      0.32;        0.00;       0.3850
       841;        420.5;       ;      0.03;          ;     248.62;    0.050784;      -65.096949;      -65.046165;      -65.080001;      0.38;       20.38;       0.3839
       842;        421.0;       ;      0.03;          ;     253.88;    0.051858;      -65.097764;      -65.045906;      -65.079988;      0.41;        4.43;       0.3830
       843;        421.5;       ;      0.03;          ;     261.49;    0.053411;      -65.099621;      -65.046209;      -65.079999;      0.39;        0.00;       0.3842
       844;        422.0;       ;      0.03;          ;     271.58;    0.055472;      -65.102382;      -65.046910;      -65.080034;      0.30;        8.06;       0.3832
       845;        422.5;       ;      0.03;          ;     281.07;    0.057412;      -65.105498;      -65.048086;      -65.080092;      0.16;        0.00;       0.3843
       846;        423.0;       ;      0.04;          ;     299.93;    0.061264;      -65.108073;      -65.046808;      -65.080154;      0.01;        0.00;       0.3855
       847;        423.5;       ;      0.03;          ;     304.39;    0.062175;      -65.109112;      -65.046937;      -65.080183;     -0.06;        2.80;       0.3847
       848;        424.0;       ;      0.03;          ;     290.20;    0.059275;      -65.108018;      -65.048742;      -65.080149;      0.02;        0.00;       0.3859
       849;        424.5;       ;      0.03;          ;     273.67;    0.055900;      -65.105290;      -65.049390;      -65.080076;      0.20;        0.00;       0.3870
       850;        425.0;       ;      0.03;          ;     250.08;    0.051082;      -65.102003;      -65.050922;      -65.080011;      0.36;        0.00;       0.3882
       851;        425.5;       ;      0.03;          ;     236.45;    0.048297;      -65.099165;      -65.050868;      -65.079981;      0.43;        0.00;       0.3894
       852;        426.0;       ;      0.03;          ;     226.38;    0.046240;      -65.097199;      -65.050958;      -65.079975;      0.44;        0.00;       0.3905
       853;        426.5;       ;      0.03;          ;     218.18;    0.044566;      -65.096176;      -65.051609;      -65.079973;      0.45;        0.00;       0.3917
       854;        427.0;       ;      0.03;          ;     218.58;    0.044647;      -65.096109;      -65.051462;      -65.079973;      0.45;        0.00;       0.3929
       855;        427.5;       ;      0.03;          ;     226.78;    0.046322;      -65.096974;      -65.050653;      -65.079983;      0.42;        0.00;       0.3941
       856;        428.0;       ;      0.03;          ;     230.79;    0.047140;      -65.098568;      -65.051428;      -65.080010;      0.36;        0.00;       0.3952
       857;        428.5;       ;      0.03;          ;     239.84;    0.048990;      -65.100467;      -65.051477;      -65.080047;      0.27;        0.00;       0.3964
       858;        429.0;       ;      0.03;          ;     248.08;    0.050673;      -65.102197;      -65.051524;      -65.080078;      0.19;        0.00;       0.3976
       859;        429.5;       ;      0.03;          ;     257.48;    0.052593;      -65.103380;      -65.050787;      -65.080087;      0.17;        0.00;       0.3988
       860;        430.0;       ;      0.03;          ;     263.42;    0.053805;      -65.103948;      -65.050143;      -65.080075;      0.20;       13.76;       0.3977
       861;        430.5;       ;      0.03;          ;     261.45;    0.053404;      -65.104102;      -65.050697;      -65.080064;      0.23;        0.01;       0.3989
       862;        431.0;       ;      0.03;          ;     258.21;    0.052742;      -65.104139;      -65.051398;      -65.080059;      0.24;       25.70;       0.3977
       863;        431.5;       ;      0.03;          ;     267.06;    0.054549;      -65.104287;      -65.049738;      -65.080056;      0.25;       13.78;       0.3966
       864;        432.0;       ;      0.02;          ;     270.00;    0.055150;      -65.104674;      -65.049524;      -65.080039;      0.29;        2.73;       0.3959
       865;        432.5;       ;      0.03;          ;     277.66;    0.056714;      -65.105550;      -65.048836;      -65.080015;      0.35;        0.00;       0.3971
       866;        433.0;       ;      0.03;          ;     285.35;    0.058286;      -65.107239;      -65.048953;      -65.080009;      0.36;       22.58;       0.3959
       867;        433.5;       ;      0.03;          ;     293.02;    0.059852;      -65.109710;      -65.049859;      -65.080038;      0.29;        8.87;       0.3949
       868;        434.0;       ;      0.03;          ;     298.10;    0.060890;      -65.112467;      -65.051578;      -65.080086;      0.17;        0.00;       0.3961
       869;        434.5;       ;      0.03;          ;     308.79;    0.063073;      -65.114764;      -65.051691;      -65.080127;      0.07;       19.55;       0.3949
       870;        435.0;       ;      0.03;          ;     313.92;    0.064122;      -65.115915;      -65.051794;      -65.080148;      0.02;        5.37;       0.3940
       871;        435.5;       ;      0.03;          ;     312.48;    0.063827;      -65.115507;      -65.051679;      -65.080131;      0.06;        0.00;       0.3952
       872;        436.0;       ;      0.03;          ;     298.19;    0.060909;      -65.113681;      -65.052772;      -65.080081;      0.18;       21.77;       0.3940
       873;        436.5;       ;      0.03;          ;     277.09;    0.056598;      -65.111119;      -65.054521;      -65.080029;      0.31;       12.53;       0.3929
       874;        437.0;       ;      0.03;          ;     269.26;    0.054998;      -65.108677;      -65.053679;      -65.079995;      0.39;        6.45;       0.3920
       875;        437.5;       ;      0.03;          ;     263.17;    0.053756;      -65.106830;      -65.053074;      -65.079990;      0.41;        4.64;       0.3910
       876;        438.0;       ;      0.03;          ;     258.85;    0.052872;      -65.105666;      -65.052793;      -65.080003;      0.38;        6.45;       0.3900
       877;        438.5;       ;      0.04;          ;     263.99;    0.053922;      -65.105024;      -65.051102;      -65.080015;      0.35;        8.80;       0.3890
       878;        439.0;       ;      0.03;          ;     267.76;    0.054691;      -65.104732;      -65.050041;      -65.080009;      0.36;       11.35;       0.3879
       879;        439.5;       ;      0.03;          ;     267.04;    0.054545;      -65.104880;      -65.050334;      -65.079989;      0.41;       13.18;       0.3869
       880;        440.0;       ;      0.03;          ;     267.27;    0.054592;      -65.105795;      -65.051204;      -65.079986;      0.42;       13.13;       0.3858
       881;        440.5;       ;      0.03;          ;     275.80;    0.056334;      -65.107559;      -65.051225;      -65.080032;      0.30;       10.31;       0.3848
       882;        441.0;       ;      0.03;          ;     287.56;    0.058738;      -65.109547;      -65.050810;      -65.080119;      0.09;        4.37;       0.3839
       883;        441.5;       ;      0.03;          ;     287.24;    0.058672;      -65.110520;      -65.051849;      -65.080196;     -0.10;        0.00;       0.3850
       884;        442.0;       ;      0.03;          ;     278.87;    0.056962;      -65.109415;      -65.052454;      -65.080211;     -0.13;       19.26;       0.3839
       885;        442.5;       ;      0.03;          ;     261.64;    0.053441;      -65.106143;      -65.052701;      -65.080150;      0.02;        0.00;       0.3851
       886;        443.0;       ;      0.03;          ;     240.56;    0.049136;      -65.101777;      -65.052641;      -65.080028;      0.31;       12.62;       0.3840
       887;        443.5;       ;      0.03;          ;     219.58;    0.044851;      -65.098215;      -65.053364;      -65.079911;      0.60;        0.00;       0.3852
       888;        444.0;       ;      0.03;          ;     219.11;    0.044755;      -65.097273;      -65.052518;      -65.079876;      0.69;        0.00;       0.3863
       889;        444.5;       ;      0.03;          ;     222.05;    0.045355;      -65.099441;      -65.054086;      -65.079943;      0.52;        0.00;       0.3875
       890;        445.0;       ;      0.03;          ;     242.91;    0.049617;      -65.103628;      -65.054011;      -65.080058;      0.24;        0.01;       0.3886
       891;        445.5;       ;      0.03;          ;     262.14;    0.053545;      -65.108111;      -65.054566;      -65.080151;      0.01;        3.58;       0.3878
       892;        446.0;       ;      0.03;          ;     275.75;    0.056324;      -65.111322;      -65.054998;      -65.080187;     -0.08;        0.00;       0.3890
       893;        446.5;       ;      0.03;          ;     287.67;    0.058759;      -65.112566;      -65.053807;      -65.080184;     -0.07;        0.00;       0.3901
       894;        447.0;       ;      0.02;          ;     281.52;    0.057502;      -65.111755;      -65.054253;      -65.080160;     -0.01;        0.00;       0.3913
       895;        447.5;       ;      0.02;          ;     275.37;    0.056246;      -65.109186;      -65.052939;      -65.080123;      0.08;        0.00;       0.3925
       896;        448.0;       ;      0.03;          ;     260.49;    0.053208;      -65.105388;      -65.052180;      -65.080064;      0.23;       11.83;       0.3914
       897;        448.5;       ;      0.03;          ;     238.59;    0.048734;      -65.101272;      -65.052538;      -65.079984;      0.42;        0.00;       0.3926
       898;        449.0;       ;      0.03;          ;     226.18;    0.046200;      -65.098167;      -65.051967;      -65.079910;      0.60;        0.92;       0.3927
       899;        449.5;       ;      0.03;          ;     226.06;    0.046175;      -65.097195;      -65.051020;      -65.079891;      0.65;        0.00;       0.3939
       900;        450.0;       ;      0.03;          ;     230.85;    0.047153;      -65.098651;      -65.051498;      -65.079943;      0.52;        8.98;       0.3928
       901;        450.5;       ;      0.03;          ;     248.47;    0.050753;      -65.101723;      -65.050969;      -65.080038;      0.29;        0.00;       0.3940
       902;        451.0;       ;      0.02;          ;     268.92;    0.054928;      -65.104971;      -65.050043;      -65.080127;      0.07;        0.00;       0.3952
       903;        451.5;       ;      0.03;          ;     281.19;    0.057436;      -65.106964;      -65.049529;      -65.080171;     -0.04;        3.11;       0.3944
       904;        452.0;       ;      0.03;          ;     285.04;    0.058222;      -65.106923;      -65.048701;      -65.080161;     -0.01;        0.00;       0.3956
       905;        452.5;       ;      0.02;          ;     270.73;    0.055300;      -65.104929;      -65.049629;      -65.080117;      0.10;        0.00;       0.3967
       906;        453.0;       ;      0.03;          ;     247.51;    0.050555;      -65.101717;      -65.051161;      -65.080072;      0.21;        0.00;       0.3979
       907;        453.5;       ;      0.03;          ;     227.73;    0.046515;      -65.098195;      -65.051680;      -65.080036;      0.29;        5.40;       0.3970
       908;        454.0;       ;      0.02;          ;     217.72;    0.044471;      -65.095090;      -65.050618;      -65.079994;      0.40;        0.00;       0.3982
       909;        454.5;       ;      0.03;          ;     208.78;    0.042644;      -65.093082;      -65.050438;      -65.079940;      0.53;        0.00;       0.3993
       910;        455.0;       ;      0.03;          ;     210.44;    0.042984;      -65.092994;      -65.050010;      -65.079907;      0.61;       18.97;       0.3982
       911;        455.5;       ;      0.03;          ;     224.26;    0.045807;      -65.095223;      -65.049416;      -65.079943;      0.52;        5.50;       0.3972
       912;        456.0;       ;      0.03;          ;     245.99;    0.050246;      -65.099153;      -65.048907;      -65.080042;      0.28;        0.00;       0.3984
       913;        456.5;       ;      0.03;          ;     263.37;    0.053796;      -65.103205;      -65.049409;      -65.080145;      0.03;       52.01;       0.3973
       914;        457.0;       ;      0.04;          ;     273.85;    0.055936;      -65.105654;      -65.049718;      -65.080201;     -0.11;       44.26;       0.3961
       915;        457.5;       ;      0.03;          ;     279.53;    0.057096;      -65.105657;      -65.048561;      -65.080173;     -0.04;       38.81;       0.3949
       916;        458.0;       ;      0.03;          ;     270.69;    0.055292;      -65.103564;      -65.048272;      -65.080077;      0.20;       35.54;       0.3938
       917;        458.5;       ;      0.03;          ;     254.67;    0.052019;      -65.100743;      -65.048724;      -65.079974;      0.45;       38.17;       0.3926
       918;        459.0;       ;      0.03;          ;     241.18;    0.049263;      -65.098753;      -65.049490;      -65.079926;      0.56;       39.64;       0.3915
       919;        459.5;       ;      0.03;          ;     244.39;    0.049918;      -65.098358;      -65.048440;      -65.079947;      0.51;       38.77;       0.3904
       920;        460.0;       ;      0.03;          ;     249.24;    0.050910;      -65.099239;      -65.048329;      -65.080000;      0.38;       35.15;       0.3892
       921;        460.5;       ;      0.03;          ;     251.66;    0.051404;      -65.100528;      -65.049125;      -65.080045;      0.27;       28.18;       0.3881
       922;        461.0;       ;      0.03;          ;     254.08;    0.051899;      -65.101521;      -65.049622;      -65.080057;      0.24;       23.44;       0.3870
       923;        461.5;       ;      0.03;          ;     255.32;    0.052152;      -65.102041;      -65.049888;      -65.080036;      0.29;       17.26;       0.3859
       924;        462.0;       ;      0.03;          ;     253.26;    0.051731;      -65.102382;      -65.050651;      -65.080007;      0.36;       21.48;       0.3848
       925;        462.5;       ;      0.03;          ;     261.75;    0.053465;      -65.102960;      -65.049495;      -65.080004;      0.37;       27.57;       0.3837
       926;        463.0;       ;      0.03;          ;     272.16;    0.055592;      -65.103813;      -65.048221;      -65.080034;      0.30;       31.12;       0.3826
       927;        463.5;       ;      0.03;          ;     273.67;    0.055900;      -65.104446;      -65.048546;      -65.080071;      0.21;       31.17;       0.3815
       928;        464.0;       ;      0.03;          ;     276.34;    0.056445;      -65.104331;      -65.047885;      -65.080081;      0.18;       26.69;       0.3804
       929;        464.5;       ;      0.03;          ;     272.48;    0.055656;      -65.103364;      -65.047707;      -65.080056;      0.25;       17.39;       0.3793
       930;        465.0;       ;      0.03;          ;     274.05;    0.055977;      -65.101968;      -65.045991;      -65.080014;      0.35;        3.34;       0.3785
       931;        465.5;       ;      0.03;          ;     275.42;    0.056257;      -65.100763;      -65.044506;      -65.079990;      0.41;        0.00;       0.3796
       932;        466.0;       ;      0.03;          ;     266.00;    0.054333;      -65.100104;      -65.045771;      -65.079997;      0.39;        2.99;       0.3789
       933;        466.5;       ;      0.03;          ;     270.65;    0.055283;      -65.100008;      -65.044726;      -65.080014;      0.35;        0.00;       0.3800
       934;        467.0;       ;      0.04;          ;     274.57;    0.056083;      -65.100323;      -65.044241;      -65.080012;      0.35;        0.00;       0.3812
       935;        467.5;       ;      0.03;          ;     271.79;    0.055516;      -65.101027;      -65.045511;      -65.080001;      0.38;        0.00;       0.3823
       936;        468.0;       ;      0.03;          ;     267.82;    0.054704;      -65.102244;      -65.047540;      -65.080014;      0.35;        0.89;       0.3824
       937;        468.5;       ;      0.03;          ;     275.61;    0.056297;      -65.103801;      -65.047504;      -65.080063;      0.23;        0.00;       0.3836
       938;        469.0;       ;      0.03;          ;     281.69;    0.057538;      -65.104985;      -65.047447;      -65.080117;      0.10;        0.39;       0.3843
       939;        469.5;       ;      0.03;          ;     280.92;    0.057381;      -65.104897;      -65.047516;      -65.080135;      0.05;        4.62;       0.3834
       940;        470.0;       ;      0.04;          ;     270.37;    0.055225;      -65.103148;      -65.047923;      -65.080107;      0.12;        0.00;       0.3845
       941;        470.5;       ;      0.03;          ;     252.39;    0.051553;      -65.100117;      -65.048564;      -65.080043;      0.28;        1.79;       0.3840
       942;        471.0;       ;      0.03;          ;     241.98;    0.049427;      -65.096785;      -65.047358;      -65.079968;      0.46;        0.00;       0.3852
       943;        471.5;       ;      0.03;          ;     236.70;    0.048349;      -65.094208;      -65.045859;      -65.079909;      0.61;       13.27;       0.3841
       944;        472.0;       ;      0.03;          ;     232.20;    0.047428;      -65.093164;      -65.045736;      -65.079893;      0.65;        0.00;       0.3853
       945;        472.5;       ;      0.03;          ;     239.92;    0.049005;      -65.093874;      -65.044869;      -65.079915;      0.59;       16.84;       0.3842
       946;        473.0;       ;      0.03;          ;     244.72;    0.049987;      -65.095946;      -65.045960;      -65.079962;      0.48;        0.00;       0.3853
       947;        473.5;       ;      0.03;          ;     261.80;    0.053476;      -65.098617;      -65.045141;      -65.080013;      0.35;       15.94;       0.3842
       948;        474.0;       ;      0.03;          ;     275.88;    0.056352;      -65.101118;      -65.044766;      -65.080062;      0.23;        0.00;       0.3854
       949;        474.5;       ;      0.03;          ;     284.95;    0.058203;      -65.102688;      -65.044486;      -65.080086;      0.17;        8.81;       0.3844
       950;        475.0;       ;      0.03;          ;     287.18;    0.058660;      -65.103000;      -65.044340;      -65.080073;      0.21;        0.00;       0.3855
       951;        475.5;       ;      0.03;          ;     286.93;    0.058607;      -65.102334;      -65.043726;      -65.080034;      0.30;        0.00;       0.3867
       952;        476.0;       ;      0.03;          ;     280.44;    0.057282;      -65.101344;      -65.044062;      -65.080001;      0.38;       13.08;       0.3856
       953;        476.5;       ;      0.03;          ;     277.05;    0.056590;      -65.100630;      -65.044040;      -65.079991;      0.40;        0.00;       0.3868
       954;        477.0;       ;      0.03;          ;     279.02;    0.056991;      -65.100484;      -65.043493;      -65.079990;      0.41;       10.73;       0.3857
       955;        477.5;       ;      0.03;          ;     284.19;    0.058048;      -65.100951;      -65.042903;      -65.079999;      0.39;        0.00;       0.3869
       956;        478.0;       ;      0.04;          ;     288.96;    0.059022;      -65.101861;      -65.042839;      -65.080019;      0.34;       24.87;       0.3858
       957;        478.5;       ;      0.03;          ;     291.69;    0.059581;      -65.102810;      -65.043229;      -65.080048;      0.26;       19.91;       0.3847
       958;        479.0;       ;      0.02;          ;     294.59;    0.060173;      -65.103294;      -65.043121;      -65.080072;      0.21;       20.05;       0.3836
       959;        479.5;       ;      0.03;          ;     289.64;    0.059162;      -65.102890;      -65.043728;      -65.080076;      0.20;       24.48;       0.3825
       960;        480.0;       ;      0.03;          ;     280.74;    0.057344;      -65.101482;      -65.044138;      -65.080052;      0.26;       31.77;       0.3814
       961;        480.5;       ;      0.03;          ;     271.39;    0.055433;      -65.099413;      -65.043979;      -65.080004;      0.37;       40.54;       0.3803
       962;        481.0;       ;      0.03;          ;     256.19;    0.052329;      -65.097325;      -65.044996;      -65.079956;      0.49;       49.48;       0.3791
       963;        481.5;       ;      0.03;          ;     248.76;    0.050811;      -65.095919;      -65.045109;      -65.079930;      0.55;       56.90;       0.3780
       964;        482.0;       ;      0.03;          ;     249.29;    0.050919;      -65.095562;      -65.044643;      -65.079927;      0.56;       61.83;       0.3769
       965;        482.5;       ;      0.03;          ;     250.31;    0.051127;      -65.096240;      -65.045113;      -65.079942;      0.53;       63.47;       0.3758
       966;        483.0;       ;      0.03;          ;     260.95;    0.053301;      -65.097664;      -65.044363;      -65.079976;      0.44;       61.03;       0.3747
       967;        483.5;       ;      0.03;          ;     269.18;    0.054982;      -65.099285;      -65.044303;      -65.080028;      0.31;       54.48;       0.3736
       968;        484.0;       ;      0.03;          ;     274.32;    0.056033;      -65.100306;      -65.044273;      -65.080075;      0.20;       43.87;       0.3725
       969;        484.5;       ;      0.03;          ;     268.24;    0.054790;      -65.100116;      -65.045326;      -65.080079;      0.19;       29.74;       0.3714
       970;        485.0;       ;      0.03;          ;     259.15;    0.052935;      -65.098847;      -65.045913;      -65.080022;      0.33;       12.98;       0.3704
       971;        485.5;       ;      0.02;          ;     247.60;    0.050575;      -65.097559;      -65.046984;      -65.079938;      0.54;        0.00;       0.3715
       972;        486.0;       ;      0.03;          ;     249.83;    0.051029;      -65.097659;      -65.046630;      -65.079891;      0.65;       13.78;       0.3705
       973;        486.5;       ;      0.03;          ;     262.90;    0.053701;      -65.099896;      -65.046196;      -65.079920;      0.58;        0.00;       0.3716
       974;        487.0;       ;      0.02;          ;     285.30;    0.058276;      -65.103846;      -65.045570;      -65.080006;      0.37;       15.86;       0.3705
       975;        487.5;       ;      0.03;          ;     308.03;    0.062918;      -65.108131;      -65.045213;      -65.080113;      0.11;        0.82;       0.3707
       976;        488.0;       ;      0.03;          ;     326.22;    0.066633;      -65.111043;      -65.044410;      -65.080188;     -0.08;        9.46;       0.3698
       977;        488.5;       ;      0.03;          ;     320.96;    0.065560;      -65.111336;      -65.045776;      -65.080195;     -0.09;        0.00;       0.3709
       978;        489.0;       ;      0.02;          ;     305.61;    0.062424;      -65.108914;      -65.046490;      -65.080120;      0.09;       27.00;       0.3698
       979;        489.5;       ;      0.03;          ;     286.98;    0.058619;      -65.104954;      -65.046335;      -65.080005;      0.37;       17.19;       0.3688
       980;        490.0;       ;      0.03;          ;     264.99;    0.054127;      -65.101209;      -65.047082;      -65.079909;      0.61;        7.15;       0.3678
       981;        490.5;       ;      0.03;          ;     253.37;    0.051754;      -65.099172;      -65.047419;      -65.079883;      0.67;        0.00;       0.3689
       982;        491.0;       ;      0.03;          ;     254.01;    0.051884;      -65.099253;      -65.047369;      -65.079919;      0.58;       19.69;       0.3679
       983;        491.5;       ;      0.02;          ;     262.73;    0.053665;      -65.100868;      -65.047202;      -65.079977;      0.44;        1.73;       0.3674
       984;        492.0;       ;      0.03;          ;     274.82;    0.056134;      -65.103086;      -65.046953;      -65.080019;      0.34;        0.00;       0.3685
       985;        492.5;       ;      0.03;          ;     285.41;    0.058298;      -65.105130;      -65.046831;      -65.080050;      0.26;        1.85;       0.3680
       986;        493.0;       ;      0.03;          ;     284.91;    0.058195;      -65.106399;      -65.048204;      -65.080082;      0.18;        0.00;       0.3691
       987;        493.5;       ;      0.03;          ;     281.81;    0.057562;      -65.106408;      -65.048846;      -65.080107;      0.12;        0.00;       0.3702
       988;        494.0;       ;      0.03;          ;     271.93;    0.055543;      -65.104892;      -65.049349;      -65.080102;      0.13;        0.00;       0.3713
       989;        494.5;       ;      0.03;          ;     258.26;    0.052753;      -65.102074;      -65.049321;      -65.080045;      0.27;        0.00;       0.3724
       990;        495.0;       ;      0.03;          ;     242.12;    0.049455;      -65.098949;      -65.049495;      -65.079947;      0.51;        0.00;       0.3735
       991;        495.5;       ;      0.03;          ;     235.39;    0.048081;      -65.097089;      -65.049009;      -65.079869;      0.70;        0.43;       0.3742
       992;        496.0;       ;      0.02;          ;     235.74;    0.048152;      -65.097698;      -65.049546;      -65.079869;      0.70;        0.00;       0.3753
       993;        496.5;       ;      0.02;          ;     248.40;    0.050739;      -65.100785;      -65.050047;      -65.079951;      0.50;       11.39;       0.3743
       994;        497.0;       ;      0.02;          ;     267.46;    0.054632;      -65.105121;      -65.050489;      -65.080068;      0.22;        0.00;       0.3754
       995;        497.5;       ;      0.03;          ;     284.10;    0.058030;      -65.108945;      -65.050914;      -65.080154;      0.01;       11.93;       0.3744
       996;        498.0;       ;      0.03;          ;     294.80;    0.060216;      -65.110902;      -65.050685;      -65.080178;     -0.05;        0.38;       0.3751
       997;        498.5;       ;      0.03;          ;     294.88;    0.060233;      -65.110609;      -65.050377;      -65.080133;      0.06;       22.02;       0.3740
       998;        499.0;       ;      0.03;          ;     286.13;    0.058446;      -65.108652;      -65.050206;      -65.080059;      0.24;       15.66;       0.3730
       999;        499.5;       ;      0.03;          ;     273.36;    0.055837;      -65.106134;      -65.050297;      -65.079999;      0.39;       10.85;       0.3719
      1000;        500.0;       ;      0.03;          ;     262.13;    0.053543;      -65.104007;      -65.050463;      -65.079975;      0.44;        6.55;       0.3710
      1001;        500.5;       ;      0.03;          ;     250.73;    0.051214;      -65.102708;      -65.051494;      -65.079970;      0.46;        2.36;       0.3704
      1002;        501.0;       ;      0.02;          ;     249.57;    0.050977;      -65.102393;      -65.051415;      -65.079963;      0.47;        1.43;       0.3700
      1003;        501.5;       ;      0.02;          ;     257.93;    0.052685;      -65.103155;      -65.050470;      -65.079960;      0.48;        3.48;       0.3692
      1004;        502.0;       ;      0.03;          ;     270.44;    0.055239;      -65.104924;      -65.049685;      -65.079990;      0.41;        0.00;       0.3703
      1005;        502.5;       ;      0.03;          ;     287.15;    0.058653;      -65.107124;      -65.048471;      -65.080057;      0.24;       17.42;       0.3693
      1006;        503.0;       ;      0.03;          ;     296.41;    0.060544;      -65.108623;      -65.048079;      -65.080137;      0.05;        0.53;       0.3698
      1007;        503.5;       ;      0.03;          ;     289.55;    0.059143;      -65.108172;      -65.049029;      -65.080178;     -0.05;        9.55;       0.3688
      1008;        504.0;       ;      0.03;          ;     274.22;    0.056011;      -65.105236;      -65.049225;      -65.080148;      0.02;        0.00;       0.3699
      1009;        504.5;       ;      0.03;          ;     255.52;    0.052192;      -65.100435;      -65.048243;      -65.080038;      0.29;       12.24;       0.3689
      1010;        505.0;       ;      0.03;          ;     231.22;    0.047229;      -65.095427;      -65.048198;      -65.079900;      0.63;        0.00;       0.3700
      1011;        505.5;       ;      0.02;          ;     206.72;    0.042224;      -65.092371;      -65.050147;      -65.079817;      0.83;       21.40;       0.3690
      1012;        506.0;       ;      0.03;          ;     210.27;    0.042949;      -65.092564;      -65.049615;      -65.079858;      0.73;       10.89;       0.3680
      1013;        506.5;       ;      0.02;          ;     222.79;    0.045507;      -65.095413;      -65.049906;      -65.079986;      0.42;        4.16;       0.3671
      1014;        507.0;       ;      0.02;          ;     238.44;    0.048703;      -65.098945;      -65.050242;      -65.080110;      0.11;        2.64;       0.3664
      1015;        507.5;       ;      0.02;          ;     254.94;    0.052074;      -65.101249;      -65.049175;      -65.080160;     -0.01;        5.25;       0.3656
      1016;        508.0;       ;      0.03;          ;     247.80;    0.050616;      -65.101461;      -65.050845;      -65.080123;      0.08;        4.82;       0.3647
      1017;        508.5;       ;      0.03;          ;     240.41;    0.049106;      -65.100077;      -65.050971;      -65.080040;      0.28;        3.64;       0.3639
      1018;        509.0;       ;      0.03;          ;     232.95;    0.047582;      -65.098379;      -65.050797;      -65.079971;      0.45;        1.71;       0.3634
      1019;        509.5;       ;      0.03;          ;     228.86;    0.046747;      -65.097427;      -65.050680;      -65.079947;      0.51;        2.69;       0.3628
      1020;        510.0;       ;      0.03;          ;     224.05;    0.045764;      -65.097609;      -65.051845;      -65.079961;      0.48;        0.00;       0.3638
      1021;        510.5;       ;      0.03;          ;     231.48;    0.047283;      -65.098789;      -65.051507;      -65.079983;      0.43;       15.58;       0.3628
      1022;        511.0;       ;      0.03;          ;     250.57;    0.051181;      -65.100650;      -65.049469;      -65.080006;      0.37;        0.00;       0.3639
      1023;        511.5;       ;      0.04;          ;     265.58;    0.054246;      -65.102783;      -65.048537;      -65.080028;      0.32;        4.88;       0.3631
      1024;        512.0;       ;      0.03;          ;     275.06;    0.056184;      -65.104712;      -65.048529;      -65.080048;      0.26;        0.00;       0.3641
      1025;        512.5;       ;      0.03;          ;     285.04;    0.058221;      -65.106067;      -65.047845;      -65.080070;      0.21;        0.00;       0.3652
      1026;        513.0;       ;      0.03;          ;     285.49;    0.058314;      -65.106506;      -65.048192;      -65.080096;      0.15;        0.00;       0.3663
      1027;        513.5;       ;      0.03;          ;     279.68;    0.057126;      -65.105663;      -65.048537;      -65.080119;      0.09;        0.00;       0.3674
      1028;        514.0;       ;      0.03;          ;     268.72;    0.054888;      -65.103344;      -65.048456;      -65.080105;      0.13;        0.00;       0.3685
      1029;        514.5;       ;      0.03;          ;     253.81;    0.051843;      -65.099891;      -65.048048;      -65.080030;      0.31;        0.00;       0.3696
      1030;        515.0;       ;      0.03;          ;     233.50;    0.047694;      -65.096487;      -65.048793;      -65.079929;      0.56;        0.00;       0.3708
      1031;        515.5;       ;      0.03;          ;     223.50;    0.045652;      -65.094655;      -65.049003;      -65.079895;      0.64;        3.76;       0.3699
      1032;        516.0;       ;      0.03;          ;     224.46;    0.045849;      -65.094854;      -65.049006;      -65.079968;      0.46;        0.00;       0.3710
      1033;        516.5;       ;      0.03;          ;     227.73;    0.046516;      -65.095981;      -65.049465;      -65.080080;      0.19;        0.00;       0.3722
      1034;        517.0;       ;      0.03;          ;     232.83;    0.047557;      -65.096330;      -65.048773;      -65.080136;      0.05;       10.66;       0.3712
      1035;        517.5;       ;      0.03;          ;     230.65;    0.047112;      -65.094925;      -65.047813;      -65.080106;      0.12;        0.00;       0.3723
      1036;        518.0;       ;      0.02;          ;     220.84;    0.045108;      -65.092020;      -65.046912;      -65.080020;      0.33;        6.45;       0.3713
      1037;        518.5;       ;      0.03;          ;     205.26;    0.041926;      -65.088739;      -65.046813;      -65.079938;      0.53;        0.00;       0.3724
      1038;        519.0;       ;      0.03;          ;     198.54;    0.040555;      -65.086287;      -65.045733;      -65.079896;      0.64;        0.00;       0.3736
      1039;        519.5;       ;      0.03;          ;     195.72;    0.039978;      -65.085272;      -65.045293;      -65.079889;      0.65;       11.21;       0.3725
      1040;        520.0;       ;      0.03;          ;     196.42;    0.040121;      -65.085776;      -65.045655;      -65.079901;      0.63;        0.00;       0.3737
      1041;        520.5;       ;      0.03;          ;     210.72;    0.043041;      -65.087631;      -65.044590;      -65.079915;      0.59;        0.00;       0.3748
      1042;        521.0;       ;      0.02;          ;     225.56;    0.046074;      -65.090634;      -65.044560;      -65.079929;      0.56;        0.00;       0.3759
      1043;        521.5;       ;      0.02;          ;     246.08;    0.050265;      -65.094498;      -65.044233;      -65.079952;      0.50;        0.00;       0.3770
      1044;        522.0;       ;      0.03;          ;     270.05;    0.055161;      -65.098865;      -65.043704;      -65.079999;      0.39;        4.03;       0.3762
      1045;        522.5;       ;      0.03;          ;     293.90;    0.060032;      -65.102997;      -65.042965;      -65.080073;      0.20;        0.00;       0.3773
      1046;        523.0;       ;      0.03;          ;     301.57;    0.061598;      -65.105791;      -65.044193;      -65.080140;      0.04;        0.00;       0.3784
      1047;        523.5;       ;      0.03;          ;     299.58;    0.061192;      -65.106348;      -65.045156;      -65.080144;      0.03;        0.00;       0.3796
      1048;        524.0;       ;      0.03;          ;     290.93;    0.059425;      -65.104881;      -65.045455;      -65.080054;      0.25;        8.86;       0.3786
      1049;        524.5;       ;      0.03;          ;     276.14;    0.056405;      -65.102876;      -65.046471;      -65.079920;      0.58;        0.00;       0.3797
      1050;        525.0;       ;      0.03;          ;     274.37;    0.056042;      -65.102404;      -65.046361;      -65.079851;      0.75;       16.00;       0.3786
      1051;        525.5;       ;      0.03;          ;     285.03;    0.058219;      -65.104436;      -65.046217;      -65.079924;      0.57;        6.44;       0.3777
      1052;        526.0;       ;      0.03;          ;     304.05;    0.062104;      -65.107889;      -65.045785;      -65.080075;      0.20;        1.69;       0.3772
      1053;        526.5;       ;      0.03;          ;     316.78;    0.064705;      -65.110477;      -65.045773;      -65.080178;     -0.05;        7.24;       0.3763
      1054;        527.0;       ;      0.03;          ;     315.97;    0.064540;      -65.110517;      -65.045977;      -65.080175;     -0.04;        4.58;       0.3754
      1055;        527.5;       ;      0.03;          ;     299.89;    0.061254;      -65.107933;      -65.046679;      -65.080095;      0.15;        2.74;       0.3747
      1056;        528.0;       ;      0.03;          ;     282.44;    0.057691;      -65.103865;      -65.046174;      -65.080008;      0.36;        1.87;       0.3741
      1057;        528.5;       ;      0.03;          ;     265.28;    0.054185;      -65.099578;      -65.045393;      -65.079947;      0.51;        1.70;       0.3737
      1058;        529.0;       ;      0.03;          ;     250.99;    0.051267;      -65.095964;      -65.044696;      -65.079917;      0.59;        0.00;       0.3748
      1059;        529.5;       ;      0.02;          ;     236.74;    0.048356;      -65.093467;      -65.045111;      -65.079908;      0.61;       21.06;       0.3737
      1060;        530.0;       ;      0.03;          ;     227.28;    0.046424;      -65.092226;      -65.045803;      -65.079916;      0.59;        1.73;       0.3733
      1061;        530.5;       ;      0.03;          ;     226.27;    0.046219;      -65.092185;      -65.045966;      -65.079927;      0.56;        0.00;       0.3744
      1062;        531.0;       ;      0.03;          ;     238.63;    0.048743;      -65.093217;      -65.044474;      -65.079939;      0.53;        2.99;       0.3736
      1063;        531.5;       ;      0.03;          ;     248.94;    0.050848;      -65.095116;      -65.044267;      -65.079962;      0.48;        0.00;       0.3748
      1064;        532.0;       ;      0.03;          ;     256.30;    0.052351;      -65.097452;      -65.045101;      -65.080005;      0.37;        0.00;       0.3759
      1065;        532.5;       ;      0.04;          ;     263.83;    0.053889;      -65.099611;      -65.045722;      -65.080059;      0.24;        6.09;       0.3749
      1066;        533.0;       ;      0.03;          ;     274.77;    0.056124;      -65.100901;      -65.044777;      -65.080099;      0.14;        0.00;       0.3761
      1067;        533.5;       ;      0.03;          ;     277.83;    0.056749;      -65.100829;      -65.044080;      -65.080092;      0.16;        0.00;       0.3772
      1068;        534.0;       ;      0.03;          ;     274.26;    0.056019;      -65.099554;      -65.043534;      -65.080022;      0.33;       17.34;       0.3761
      1069;        534.5;       ;      0.02;          ;     268.97;    0.054940;      -65.098138;      -65.043199;      -65.079934;      0.54;        0.00;       0.3773
      1070;        535.0;       ;      0.03;          ;     265.81;    0.054294;      -65.097925;      -65.043631;      -65.079897;      0.63;       20.71;       0.3762
      1071;        535.5;       ;      0.02;          ;     272.56;    0.055673;      -65.099445;      -65.043772;      -65.079947;      0.51;        4.90;       0.3753
      1072;        536.0;       ;      0.03;          ;     287.78;    0.058782;      -65.102002;      -65.043220;      -65.080026;      0.32;        0.00;       0.3764
      1073;        536.5;       ;      0.03;          ;     304.30;    0.062156;      -65.104360;      -65.042203;      -65.080072;      0.21;       12.36;       0.3754
      1074;        537.0;       ;      0.03;          ;     315.33;    0.064410;      -65.105583;      -65.041173;      -65.080081;      0.18;        0.00;       0.3765
      1075;        537.5;       ;      0.03;          ;     308.16;    0.062945;      -65.105285;      -65.042341;      -65.080063;      0.23;        9.54;       0.3755
      1076;        538.0;       ;      0.03;          ;     301.07;    0.061496;      -65.103633;      -65.042137;      -65.080024;      0.32;        0.00;       0.3766
      1077;        538.5;       ;      0.03;          ;     289.51;    0.059134;      -65.101169;      -65.042035;      -65.079973;      0.45;        0.00;       0.3778
      1078;        539.0;       ;      0.03;          ;     278.85;    0.056957;      -65.098594;      -65.041637;      -65.079932;      0.55;        1.28;       0.3775
      1079;        539.5;       ;      0.03;          ;     270.25;    0.055202;      -65.096485;      -65.041284;      -65.079914;      0.59;        0.00;       0.3786
      1080;        540.0;       ;      0.03;          ;     262.24;    0.053565;      -65.095108;      -65.041543;      -65.079914;      0.59;        0.00;       0.3798
      1081;        540.5;       ;      0.03;          ;     259.31;    0.052967;      -65.094492;      -65.041525;      -65.079920;      0.58;        0.00;       0.3809
      1082;        541.0;       ;      0.03;          ;     259.92;    0.053092;      -65.094550;      -65.041458;      -65.079935;      0.54;        0.00;       0.3821
      1083;        541.5;       ;      0.03;          ;     262.05;    0.053527;      -65.095068;      -65.041541;      -65.079965;      0.47;        0.00;       0.3832
      1084;        542.0;       ;      0.03;          ;     263.85;    0.053893;      -65.095616;      -65.041723;      -65.080009;      0.36;        0.00;       0.3844
      1085;        542.5;       ;      0.03;          ;     265.34;    0.054199;      -65.095614;      -65.041416;      -65.080047;      0.27;        0.00;       0.3855
      1086;        543.0;       ;      0.03;          ;     265.16;    0.054162;      -65.094605;      -65.040443;      -65.080045;      0.27;       10.63;       0.3845
      1087;        543.5;       ;      0.03;          ;     256.78;    0.052450;      -65.092691;      -65.040241;      -65.079984;      0.42;        0.00;       0.3856
      1088;        544.0;       ;      0.03;          ;     250.06;    0.051077;      -65.090870;      -65.039793;      -65.079895;      0.64;        9.84;       0.3846
      1089;        544.5;       ;      0.03;          ;     251.44;    0.051360;      -65.090488;      -65.039128;      -65.079862;      0.72;        0.00;       0.3857
      1090;        545.0;       ;      0.03;          ;     265.86;    0.054304;      -65.092025;      -65.037721;      -65.079924;      0.57;       23.19;       0.3846
      1091;        545.5;       ;      0.03;          ;     274.90;    0.056152;      -65.094475;      -65.038324;      -65.080028;      0.32;       13.52;       0.3836
      1092;        546.0;       ;      0.03;          ;     284.31;    0.058073;      -65.096216;      -65.038143;      -65.080076;      0.20;        5.25;       0.3826
      1093;        546.5;       ;      0.03;          ;     290.40;    0.059316;      -65.096448;      -65.037132;      -65.080050;      0.26;        0.00;       0.3838
      1094;        547.0;       ;      0.03;          ;     279.43;    0.057076;      -65.095370;      -65.038294;      -65.079982;      0.43;       27.65;       0.3827
      1095;        547.5;       ;      0.03;          ;     264.74;    0.054075;      -65.093872;      -65.039797;      -65.079926;      0.56;       16.54;       0.3816
      1096;        548.0;       ;      0.02;          ;     257.04;    0.052502;      -65.092851;      -65.040349;      -65.079903;      0.62;        4.34;       0.3807
      1097;        548.5;       ;      0.03;          ;     257.43;    0.052582;      -65.092697;      -65.040114;      -65.079909;      0.61;        0.00;       0.3819
      1098;        549.0;       ;      0.03;          ;     258.03;    0.052706;      -65.093292;      -65.040587;      -65.079930;      0.56;       16.77;       0.3808
      1099;        549.5;       ;      0.03;          ;     261.44;    0.053402;      -65.094262;      -65.040860;      -65.079956;      0.49;        1.29;       0.3805
      1100;        550.0;       ;      0.03;          ;     261.23;    0.053358;      -65.095210;      -65.041852;      -65.079977;      0.44;        0.00;       0.3817
      1101;        550.5;       ;      0.03;          ;     266.83;    0.054502;      -65.095840;      -65.041337;      -65.079987;      0.42;       22.64;       0.3806
      1102;        551.0;       ;      0.03;          ;     263.49;    0.053821;      -65.095970;      -65.042150;      -65.079994;      0.40;        9.14;       0.3796
      1103;        551.5;       ;      0.03;          ;     268.58;    0.054860;      -65.095549;      -65.040689;      -65.079992;      0.40;        0.00;       0.3807
      1104;        552.0;       ;      0.03;          ;     266.70;    0.054477;      -65.094614;      -65.040137;      -65.079983;      0.42;       28.15;       0.3796
      1105;        552.5;       ;      0.02;          ;     253.92;    0.051865;      -65.093264;      -65.041399;      -65.079971;      0.45;       21.80;       0.3785
      1106;        553.0;       ;      0.03;          ;     248.39;    0.050736;      -65.091864;      -65.041128;      -65.079948;      0.51;       17.77;       0.3775
      1107;        553.5;       ;      0.03;          ;     251.52;    0.051374;      -65.090890;      -65.039515;      -65.079921;      0.58;       15.65;       0.3764
      1108;        554.0;       ;      0.03;          ;     249.00;    0.050860;      -65.090751;      -65.039891;      -65.079906;      0.61;       14.77;       0.3754
      1109;        554.5;       ;      0.03;          ;     256.33;    0.052359;      -65.091678;      -65.039319;      -65.079918;      0.58;       13.74;       0.3743
      1110;        555.0;       ;      0.02;          ;     268.44;    0.054831;      -65.093479;      -65.038648;      -65.079955;      0.49;       11.77;       0.3733
      1111;        555.5;       ;      0.03;          ;     277.26;    0.056633;      -65.095516;      -65.038882;      -65.079990;      0.41;        8.09;       0.3723
      1112;        556.0;       ;      0.03;          ;     287.88;    0.058803;      -65.097135;      -65.038332;      -65.080012;      0.35;        2.36;       0.3717
      1113;        556.5;       ;      0.03;          ;     289.22;    0.059076;      -65.097910;      -65.038834;      -65.080019;      0.34;        0.00;       0.3728
      1114;        557.0;       ;      0.03;          ;     281.37;    0.057472;      -65.097656;      -65.040184;      -65.080004;      0.37;       22.73;       0.3717
      1115;        557.5;       ;      0.03;          ;     283.18;    0.057842;      -65.096630;      -65.038789;      -65.079967;      0.47;        5.06;       0.3708
      1116;        558.0;       ;      0.03;          ;     273.69;    0.055903;      -65.095408;      -65.039505;      -65.079908;      0.61;        0.00;       0.3719
      1117;        558.5;       ;      0.03;          ;     268.78;    0.054900;      -65.094843;      -65.039943;      -65.079865;      0.71;        0.96;       0.3720
      1118;        559.0;       ;      0.02;          ;     270.07;    0.055164;      -65.095595;      -65.040430;      -65.079868;      0.71;        0.00;       0.3731
      1119;        559.5;       ;      0.02;          ;     277.97;    0.056778;      -65.097621;      -65.040843;      -65.079918;      0.58;        5.02;       0.3722
      1120;        560.0;       ;      0.02;          ;     291.31;    0.059503;      -65.100197;      -65.040694;      -65.079980;      0.43;        0.00;       0.3733
      1121;        560.5;       ;      0.03;          ;     300.70;    0.061421;      -65.102408;      -65.040987;      -65.080016;      0.35;        0.00;       0.3744
      1122;        561.0;       ;      0.03;          ;     306.14;    0.062532;      -65.103673;      -65.041141;      -65.080018;      0.34;        4.35;       0.3736
      1123;        561.5;       ;      0.03;          ;     310.31;    0.063383;      -65.103929;      -65.040546;      -65.080007;      0.37;        0.00;       0.3747
      1124;        562.0;       ;      0.03;          ;     307.58;    0.062826;      -65.103326;      -65.040500;      -65.080000;      0.38;        1.22;       0.3745
      1125;        562.5;       ;      0.02;          ;     296.16;    0.060493;      -65.101997;      -65.041504;      -65.079997;      0.39;        0.00;       0.3756
      1126;        563.0;       ;      0.03;          ;     286.99;    0.058621;      -65.100128;      -65.041507;      -65.079981;      0.43;       17.67;       0.3746
      1127;        563.5;       ;      0.03;          ;     288.37;    0.058902;      -65.098034;      -65.039131;      -65.079947;      0.51;        2.00;       0.3740
      1128;        564.0;       ;      0.02;          ;     278.15;    0.056814;      -65.096181;      -65.039367;      -65.079897;      0.63;        0.00;       0.3751
      1129;        564.5;       ;      0.03;          ;     276.06;    0.056387;      -65.095260;      -65.038873;      -65.079878;      0.68;       18.18;       0.3741
      1130;        565.0;       ;      0.03;          ;     280.24;    0.057241;      -65.095476;      -65.038235;      -65.079918;      0.58;        2.75;       0.3733
      1131;        565.5;       ;      0.02;          ;     280.45;    0.057285;      -65.096180;      -65.038895;      -65.079974;      0.45;        0.00;       0.3745
      1132;        566.0;       ;      0.03;          ;     287.27;    0.058678;      -65.096479;      -65.037801;      -65.079995;      0.40;       12.43;       0.3734
      1133;        566.5;       ;      0.02;          ;     279.54;    0.057098;      -65.095947;      -65.038849;      -65.079972;      0.45;        0.00;       0.3746
      1134;        567.0;       ;      0.02;          ;     274.06;    0.055978;      -65.094843;      -65.038865;      -65.079932;      0.55;       12.52;       0.3735
      1135;        567.5;       ;      0.03;          ;     271.76;    0.055509;      -65.093746;      -65.038237;      -65.079907;      0.61;        0.00;       0.3746
      1136;        568.0;       ;      0.02;          ;     270.29;    0.055210;      -65.093024;      -65.037814;      -65.079903;      0.62;       11.18;       0.3736
      1137;        568.5;       ;      0.03;          ;     266.11;    0.054355;      -65.092712;      -65.038357;      -65.079918;      0.58;        0.00;       0.3747
      1138;        569.0;       ;      0.03;          ;     269.11;    0.054967;      -65.092666;      -65.037699;      -65.079928;      0.56;       14.16;       0.3737
      1139;        569.5;       ;      0.03;          ;     270.74;    0.055302;      -65.092768;      -65.037467;      -65.079923;      0.57;        0.49;       0.3743
      1140;        570.0;       ;      0.02;          ;     278.00;    0.056785;      -65.093110;      -65.036326;      -65.079902;      0.62;       17.86;       0.3732
      1141;        570.5;       ;      0.03;          ;     277.00;    0.056579;      -65.093951;      -65.037372;      -65.079892;      0.65;       11.09;       0.3722
      1142;        571.0;       ;      0.03;          ;     283.70;    0.057948;      -65.095429;      -65.037481;      -65.079910;      0.60;        8.70;       0.3712
      1143;        571.5;       ;      0.03;          ;     288.55;    0.058938;      -65.097350;      -65.038412;      -65.079949;      0.51;       10.34;       0.3702
      1144;        572.0;       ;      0.03;          ;     297.33;    0.060733;      -65.099152;      -65.038419;      -65.079995;      0.40;       14.45;       0.3692
      1145;        572.5;       ;      0.03;          ;     300.53;    0.061386;      -65.100193;      -65.038807;      -65.080033;      0.30;       20.13;       0.3681
      1146;        573.0;       ;      0.03;          ;     299.29;    0.061133;      -65.099933;      -65.038800;      -65.080036;      0.29;       26.44;       0.3671
      1147;        573.5;       ;      0.03;          ;     290.96;    0.059432;      -65.098387;      -65.038955;      -65.079978;      0.44;       32.53;       0.3660
      1148;        574.0;       ;      0.02;          ;     286.06;    0.058430;      -65.096436;      -65.038006;      -65.079889;      0.65;       37.47;       0.3649
      1149;        574.5;       ;      0.03;          ;     279.50;    0.057090;      -65.095284;      -65.038193;      -65.079852;      0.75;       40.67;       0.3639
      1150;        575.0;       ;      0.03;          ;     284.54;    0.058121;      -65.095427;      -65.037307;      -65.079891;      0.65;       41.35;       0.3628
      1151;        575.5;       ;      0.03;          ;     283.67;    0.057943;      -65.096255;      -65.038312;      -65.079950;      0.50;       39.34;       0.3617
      1152;        576.0;       ;      0.03;          ;     278.68;    0.056923;      -65.096815;      -65.039892;      -65.079980;      0.43;       34.27;       0.3607
      1153;        576.5;       ;      0.03;          ;     281.49;    0.057498;      -65.096675;      -65.039178;      -65.079978;      0.44;       26.28;       0.3597
      1154;        577.0;       ;      0.02;          ;     282.53;    0.057709;      -65.095843;      -65.038134;      -65.079959;      0.48;       16.06;       0.3586
      1155;        577.5;       ;      0.03;          ;     275.13;    0.056198;      -65.094531;      -65.038333;      -65.079933;      0.55;        4.47;       0.3578
      1156;        578.0;       ;      0.03;          ;     274.63;    0.056096;      -65.093164;      -65.037069;      -65.079904;      0.62;        0.00;       0.3589
      1157;        578.5;       ;      0.02;          ;     269.55;    0.055059;      -65.092174;      -65.037115;      -65.079882;      0.67;       19.53;       0.3579
      1158;        579.0;       ;      0.03;          ;     269.11;    0.054968;      -65.091886;      -65.036918;      -65.079883;      0.67;       11.39;       0.3569
      1159;        579.5;       ;      0.03;          ;     267.41;    0.054620;      -65.092348;      -65.037728;      -65.079907;      0.61;        9.09;       0.3559
      1160;        580.0;       ;      0.03;          ;     266.94;    0.054525;      -65.093280;      -65.038755;      -65.079943;      0.52;        8.38;       0.3550
      1161;        580.5;       ;      0.03;          ;     269.08;    0.054962;      -65.094271;      -65.039309;      -65.079970;      0.46;        3.70;       0.3542
      1162;        581.0;       ;      0.03;          ;     277.06;    0.056592;      -65.095038;      -65.038446;      -65.079974;      0.45;        0.00;       0.3553
      1163;        581.5;       ;      0.02;          ;     281.00;    0.057396;      -65.095550;      -65.038154;      -65.079960;      0.48;       20.77;       0.3543
      1164;        582.0;       ;      0.03;          ;     277.51;    0.056683;      -65.095925;      -65.039242;      -65.079964;      0.47;        3.46;       0.3535
      1165;        582.5;       ;      0.02;          ;     275.71;    0.056317;      -65.096184;      -65.039867;      -65.079983;      0.43;        0.00;       0.3546
      1166;        583.0;       ;      0.02;          ;     272.89;    0.055740;      -65.096191;      -65.040451;      -65.079979;      0.43;       11.88;       0.3536
      1167;        583.5;       ;      0.03;          ;     275.68;    0.056310;      -65.096082;      -65.039773;      -65.079934;      0.54;        0.00;       0.3547
      1168;        584.0;       ;      0.03;          ;     275.29;    0.056230;      -65.096472;      -65.040242;      -65.079891;      0.65;       16.82;       0.3537
      1169;        584.5;       ;      0.03;          ;     278.58;    0.056903;      -65.097853;      -65.040951;      -65.079911;      0.60;        0.00;       0.3547
      1170;        585.0;       ;      0.03;          ;     289.60;    0.059152;      -65.099888;      -65.040735;      -65.079973;      0.45;       14.62;       0.3537
      1171;        585.5;       ;      0.03;          ;     295.44;    0.060347;      -65.101584;      -65.041237;      -65.080019;      0.34;        0.00;       0.3548
      1172;        586.0;       ;      0.03;          ;     297.10;    0.060685;      -65.102162;      -65.041477;      -65.080016;      0.34;        7.59;       0.3539
      1173;        586.5;       ;      0.03;          ;     300.24;    0.061327;      -65.101579;      -65.040252;      -65.079985;      0.42;        0.00;       0.3549
      1174;        587.0;       ;      0.03;          ;     291.09;    0.059458;      -65.100212;      -65.040754;      -65.079946;      0.52;       22.58;       0.3539
      1175;        587.5;       ;      0.03;          ;     280.71;    0.057337;      -65.098613;      -65.041276;      -65.079916;      0.59;       15.08;       0.3529
      1176;        588.0;       ;      0.03;          ;     277.49;    0.056680;      -65.097331;      -65.040651;      -65.079891;      0.65;        8.51;       0.3520
      1177;        588.5;       ;      0.03;          ;     278.00;    0.056785;      -65.096801;      -65.040016;      -65.079872;      0.70;        2.88;       0.3513
      1178;        589.0;       ;      0.03;          ;     277.62;    0.056706;      -65.097314;      -65.040608;      -65.079873;      0.69;        1.01;       0.3513
      1179;        589.5;       ;      0.03;          ;     290.52;    0.059341;      -65.098865;      -65.039524;      -65.079906;      0.61;       10.23;       0.3504
      1180;        590.0;       ;      0.03;          ;     300.28;    0.061335;      -65.100956;      -65.039621;      -65.079969;      0.46;        1.54;       0.3500
      1181;        590.5;       ;      0.03;          ;     310.56;    0.063435;      -65.102630;      -65.039195;      -65.080031;      0.31;        2.23;       0.3494
      1182;        591.0;       ;      0.03;          ;     312.90;    0.063912;      -65.102990;      -65.039078;      -65.080068;      0.22;        0.00;       0.3505
      1183;        591.5;       ;      0.03;          ;     308.33;    0.062979;      -65.101521;      -65.038542;      -65.080068;      0.22;       23.70;       0.3495
      1184;        592.0;       ;      0.03;          ;     291.62;    0.059566;      -65.098239;      -65.038673;      -65.080032;      0.30;       12.57;       0.3485
      1185;        592.5;       ;      0.03;          ;     268.46;    0.054835;      -65.093852;      -65.039017;      -65.079943;      0.52;        3.47;       0.3478
      1186;        593.0;       ;      0.03;          ;     250.76;    0.051220;      -65.089861;      -65.038641;      -65.079826;      0.81;        7.10;       0.3469
      1187;        593.5;       ;      0.03;          ;     244.89;    0.050021;      -65.088021;      -65.038000;      -65.079760;      0.97;       14.40;       0.3459
      1188;        594.0;       ;      0.03;          ;     248.94;    0.050848;      -65.089225;      -65.038376;      -65.079812;      0.84;       19.72;       0.3449
      1189;        594.5;       ;      0.03;          ;     263.74;    0.053871;      -65.092610;      -65.038739;      -65.079947;      0.51;       23.26;       0.3439
      1190;        595.0;       ;      0.03;          ;     283.08;    0.057822;      -65.096125;      -65.038303;      -65.080058;      0.24;       28.21;       0.3429
      1191;        595.5;       ;      0.03;          ;     292.27;    0.059699;      -65.097992;      -65.038294;      -65.080084;      0.18;       36.24;       0.3419
      1192;        596.0;       ;      0.03;          ;     290.10;    0.059256;      -65.097608;      -65.038351;      -65.080042;      0.28;       44.80;       0.3409
      1193;        596.5;       ;      0.03;          ;     277.29;    0.056639;      -65.095491;      -65.038852;      -65.079973;      0.45;       53.37;       0.3399
      1194;        597.0;       ;      0.03;          ;     265.70;    0.054271;      -65.092691;      -65.038420;      -65.079906;      0.61;       61.27;       0.3389
      1195;        597.5;       ;      0.02;          ;     257.99;    0.052698;      -65.090250;      -65.037552;      -65.079849;      0.75;       68.36;       0.3379
      1196;        598.0;       ;      0.02;          ;     252.20;    0.051514;      -65.089027;      -65.037513;      -65.079812;      0.84;       74.30;       0.3369
      1197;        598.5;       ;      0.02;          ;     258.12;    0.052724;      -65.089584;      -65.036860;      -65.079816;      0.83;       78.21;       0.3359
      1198;        599.0;       ;      0.02;          ;     265.64;    0.054259;      -65.091842;      -65.037583;      -65.079871;      0.70;       79.76;       0.3349
      1199;        599.5;       ;      0.02;          ;     283.26;    0.057858;      -65.094940;      -65.037082;      -65.079954;      0.49;       77.87;       0.3340
      1200;        600.0;       ;      0.03;          ;     300.04;    0.061286;      -65.097687;      -65.036402;      -65.080017;      0.34;       72.37;       0.3330
      1201;        600.5;       ;      0.02;          ;     307.93;    0.062898;      -65.099112;      -65.036214;      -65.080030;      0.31;       62.80;       0.3320
      1202;        601.0;       ;      0.03;          ;     307.47;    0.062803;      -65.098975;      -65.036172;      -65.080010;      0.36;       65.83;       0.3310
      1203;        601.5;       ;      0.03;          ;     299.99;    0.061275;      -65.097592;      -65.036317;      -65.079987;      0.42;       68.43;       0.3300
      1204;        602.0;       ;      0.03;          ;     289.26;    0.059085;      -65.095428;      -65.036343;      -65.079959;      0.48;       67.64;       0.3291
      1205;        602.5;       ;      0.02;          ;     280.65;    0.057326;      -65.093041;      -65.035716;      -65.079914;      0.59;       62.90;       0.3281
      1206;        603.0;       ;      0.03;          ;     267.83;    0.054707;      -65.091156;      -65.036449;      -65.079875;      0.69;       53.99;       0.3271
      1207;        603.5;       ;      0.03;          ;     266.83;    0.054502;      -65.090403;      -65.035901;      -65.079887;      0.66;       40.79;       0.3262
      1208;        604.0;       ;      0.02;          ;     273.94;    0.055954;      -65.090607;      -65.034653;      -65.079942;      0.53;       23.73;       0.3252
      1209;        604.5;       ;      0.03;          ;     272.41;    0.055642;      -65.090887;      -65.035245;      -65.079977;      0.44;        3.53;       0.3245
      1210;        605.0;       ;      0.02;          ;     278.46;    0.056877;      -65.090623;      -65.033746;      -65.079968;      0.46;        0.00;       0.3255
      1211;        605.5;       ;      0.02;          ;     282.39;    0.057682;      -65.089786;      -65.032104;      -65.079946;      0.52;        0.00;       0.3265
      1212;        606.0;       ;      0.03;          ;     278.88;    0.056963;      -65.088499;      -65.031535;      -65.079929;      0.56;        6.90;       0.3256
      1213;        606.5;       ;      0.02;          ;     271.96;    0.055550;      -65.086910;      -65.031360;      -65.079908;      0.61;        0.00;       0.3266
      1214;        607.0;       ;      0.03;          ;     269.08;    0.054962;      -65.085309;      -65.030347;      -65.079871;      0.70;        0.00;       0.3276
      1215;        607.5;       ;      0.02;          ;     259.87;    0.053080;      -65.084192;      -65.031112;      -65.079824;      0.81;       10.42;       0.3267
      1216;        608.0;       ;      0.02;          ;     262.63;    0.053645;      -65.084196;      -65.030550;      -65.079808;      0.85;        0.00;       0.3277
      1217;        608.5;       ;      0.02;          ;     274.42;    0.056053;      -65.085526;      -65.029473;      -65.079842;      0.77;       12.73;       0.3268
      1218;        609.0;       ;      0.02;          ;     283.62;    0.057932;      -65.087589;      -65.029657;      -65.079910;      0.60;        0.19;       0.3276
      1219;        609.5;       ;      0.03;          ;     289.84;    0.059203;      -65.089345;      -65.030142;      -65.079954;      0.50;       21.68;       0.3267
      1220;        610.0;       ;      0.02;          ;     290.73;    0.059384;      -65.090133;      -65.030749;      -65.079953;      0.50;       12.22;       0.3258
      1221;        610.5;       ;      0.02;          ;     293.75;    0.060001;      -65.090020;      -65.030018;      -65.079927;      0.56;        4.18;       0.3250
      1222;        611.0;       ;      0.02;          ;     290.37;    0.059310;      -65.089425;      -65.030114;      -65.079909;      0.61;        0.00;       0.3260
      1223;        611.5;       ;      0.03;          ;     287.94;    0.058815;      -65.088722;      -65.029907;      -65.079885;      0.67;       26.16;       0.3251
      1224;        612.0;       ;      0.02;          ;     279.57;    0.057104;      -65.088342;      -65.031238;      -65.079840;      0.78;       16.12;       0.3241
      1225;        612.5;       ;      0.02;          ;     284.77;    0.058168;      -65.089054;      -65.030886;      -65.079801;      0.87;        5.41;       0.3233
      1226;        613.0;       ;      0.02;          ;     299.85;    0.061247;      -65.091411;      -65.030164;      -65.079840;      0.77;        0.00;       0.3243
      1227;        613.5;       ;      0.02;          ;     322.34;    0.065840;      -65.094744;      -65.028904;      -65.079948;      0.51;       19.38;       0.3234
      1228;        614.0;       ;      0.02;          ;     329.12;    0.067225;      -65.097311;      -65.030086;      -65.080040;      0.28;        6.87;       0.3226
      1229;        614.5;       ;      0.03;          ;     334.75;    0.068375;      -65.097623;      -65.029248;      -65.080054;      0.25;        0.00;       0.3235
      1230;        615.0;       ;      0.03;          ;     324.94;    0.066372;      -65.095417;      -65.029045;      -65.079993;      0.40;       21.78;       0.3226
      1231;        615.5;       ;      0.02;          ;     302.82;    0.061853;      -65.091507;      -65.029654;      -65.079898;      0.63;       13.17;       0.3217
      1232;        616.0;       ;      0.03;          ;     283.73;    0.057954;      -65.087422;      -65.029469;      -65.079802;      0.87;        7.82;       0.3209
      1233;        616.5;       ;      0.02;          ;     269.46;    0.055039;      -65.084658;      -65.029619;      -65.079742;      1.02;        6.60;       0.3201
      1234;        617.0;       ;      0.03;          ;     268.17;    0.054776;      -65.084161;      -65.029385;      -65.079744;      1.01;        9.03;       0.3192
      1235;        617.5;       ;      0.02;          ;     273.95;    0.055956;      -65.085890;      -65.029934;      -65.079811;      0.85;       13.72;       0.3183
      1236;        618.0;       ;      0.03;          ;     281.84;    0.057568;      -65.088802;      -65.031234;      -65.079913;      0.60;       19.93;       0.3174
      1237;        618.5;       ;      0.02;          ;     299.30;    0.061134;      -65.091369;      -65.030235;      -65.079997;      0.39;       26.85;       0.3165
      1238;        619.0;       ;      0.02;          ;     303.18;    0.061927;      -65.092340;      -65.030414;      -65.080018;      0.34;       34.02;       0.3156
      1239;        619.5;       ;      0.02;          ;     302.90;    0.061871;      -65.091338;      -65.029467;      -65.079968;      0.46;       40.14;       0.3147
      1240;        620.0;       ;      0.02;          ;     292.76;    0.059799;      -65.089063;      -65.029265;      -65.079894;      0.64;       44.39;       0.3137
      1241;        620.5;       ;      0.02;          ;     279.58;    0.057108;      -65.086650;      -65.029542;      -65.079845;      0.76;       45.75;       0.3128
      1242;        621.0;       ;      0.02;          ;     266.05;    0.054343;      -65.084966;      -65.030623;      -65.079824;      0.81;       43.49;       0.3119
      1243;        621.5;       ;      0.03;          ;     259.84;    0.053074;      -65.084523;      -65.031449;      -65.079805;      0.86;       37.18;       0.3110
      1244;        622.0;       ;      0.03;          ;     259.64;    0.053033;      -65.085714;      -65.032681;      -65.079805;      0.86;       26.84;       0.3101
      1245;        622.5;       ;      0.02;          ;     271.69;    0.055495;      -65.088522;      -65.033027;      -65.079870;      0.70;       12.79;       0.3092
      1246;        623.0;       ;      0.02;          ;     283.96;    0.058001;      -65.091996;      -65.033995;      -65.079970;      0.46;        0.00;       0.3102
      1247;        623.5;       ;      0.03;          ;     295.76;    0.060412;      -65.094636;      -65.034224;      -65.080022;      0.33;       11.50;       0.3093
      1248;        624.0;       ;      0.03;          ;     301.42;    0.061567;      -65.095628;      -65.034061;      -65.080001;      0.38;        0.00;       0.3103
      1249;        624.5;       ;      0.02;          ;     306.03;    0.062510;      -65.095177;      -65.032668;      -65.079947;      0.51;        3.01;       0.3096
      1250;        625.0;       ;      0.03;          ;     299.29;    0.061132;      -65.093978;      -65.032846;      -65.079903;      0.62;        0.00;       0.3106
      1251;        625.5;       ;      0.02;          ;     294.11;    0.060074;      -65.092683;      -65.032609;      -65.079882;      0.67;        0.00;       0.3115
      1252;        626.0;       ;      0.03;          ;     285.73;    0.058362;      -65.091674;      -65.033312;      -65.079872;      0.70;       13.79;       0.3106
      1253;        626.5;       ;      0.02;          ;     283.24;    0.057855;      -65.091144;      -65.033289;      -65.079872;      0.70;        0.00;       0.3116
      1254;        627.0;       ;      0.02;          ;     280.29;    0.057252;      -65.091127;      -65.033876;      -65.079882;      0.67;       14.11;       0.3107
      1255;        627.5;       ;      0.03;          ;     287.03;    0.058629;      -65.091476;      -65.032846;      -65.079907;      0.61;        0.00;       0.3116
      1256;        628.0;       ;      0.03;          ;     287.91;    0.058809;      -65.091803;      -65.032994;      -65.079937;      0.54;       19.75;       0.3107
      1257;        628.5;       ;      0.03;          ;     285.80;    0.058378;      -65.091591;      -65.033213;      -65.079961;      0.48;        5.19;       0.3100
      1258;        629.0;       ;      0.02;          ;     280.98;    0.057393;      -65.090532;      -65.033139;      -65.079958;      0.48;        0.00;       0.3109
      1259;        629.5;       ;      0.02;          ;     273.45;    0.055854;      -65.088711;      -65.032857;      -65.079930;      0.55;       11.19;       0.3101
      1260;        630.0;       ;      0.03;          ;     264.52;    0.054032;      -65.086545;      -65.032513;      -65.079903;      0.62;        0.00;       0.3110
      1261;        630.5;       ;      0.02;          ;     252.30;    0.051534;      -65.084494;      -65.032960;      -65.079875;      0.69;        7.99;       0.3102
      1262;        631.0;       ;      0.03;          ;     246.61;    0.050372;      -65.083079;      -65.032708;      -65.079834;      0.79;        0.00;       0.3111
      1263;        631.5;       ;      0.03;          ;     246.45;    0.050339;      -65.082933;      -65.032593;      -65.079807;      0.86;        0.00;       0.3121
      1264;        632.0;       ;      0.02;          ;     254.85;    0.052056;      -65.084360;      -65.032303;      -65.079851;      0.75;        5.55;       0.3113
      1265;        632.5;       ;      0.03;          ;     266.68;    0.054472;      -65.086605;      -65.032133;      -65.079948;      0.51;        0.00;       0.3122
      1266;        633.0;       ;      0.03;          ;     273.86;    0.055937;      -65.088165;      -65.032228;      -65.080009;      0.36;        0.00;       0.3132
      1267;        633.5;       ;      0.03;          ;     269.41;    0.055029;      -65.088053;      -65.033024;      -65.079989;      0.41;        0.00;       0.3141
      1268;        634.0;       ;      0.02;          ;     262.96;    0.053711;      -65.086528;      -65.032817;      -65.079915;      0.59;        8.29;       0.3133
      1269;        634.5;       ;      0.03;          ;     250.99;    0.051266;      -65.084687;      -65.033421;      -65.079830;      0.80;        0.00;       0.3142
      1270;        635.0;       ;      0.02;          ;     252.40;    0.051554;      -65.083841;      -65.032287;      -65.079770;      0.95;        5.76;       0.3134
      1271;        635.5;       ;      0.02;          ;     250.87;    0.051243;      -65.084886;      -65.033643;      -65.079759;      0.97;        0.00;       0.3144
      1272;        636.0;       ;      0.02;          ;     263.78;    0.053880;      -65.087952;      -65.034072;      -65.079808;      0.85;       19.64;       0.3135
      1273;        636.5;       ;      0.02;          ;     285.75;    0.058367;      -65.092294;      -65.033927;      -65.079910;      0.60;       13.08;       0.3126
      1274;        637.0;       ;      0.02;          ;     307.18;    0.062744;      -65.096386;      -65.033642;      -65.080018;      0.34;        9.73;       0.3118
      1275;        637.5;       ;      0.02;          ;     315.54;    0.064453;      -65.098575;      -65.034123;      -65.080081;      0.19;        8.66;       0.3110
      1276;        638.0;       ;      0.03;          ;     311.37;    0.063600;      -65.097934;      -65.034334;      -65.080068;      0.22;        8.49;       0.3101
      1277;        638.5;       ;      0.03;          ;     292.25;    0.059695;      -65.094756;      -65.035061;      -65.079984;      0.42;        8.05;       0.3093
      1278;        639.0;       ;      0.02;          ;     270.10;    0.055170;      -65.090448;      -65.035278;      -65.079874;      0.69;        6.47;       0.3085
      1279;        639.5;       ;      0.02;          ;     254.94;    0.052075;      -65.086789;      -65.034715;      -65.079799;      0.87;        3.57;       0.3079
      1280;        640.0;       ;      0.02;          ;     238.32;    0.048679;      -65.084993;      -65.036314;      -65.079786;      0.91;        0.74;       0.3081
      1281;        640.5;       ;      0.03;          ;     249.73;    0.051009;      -65.085459;      -65.034451;      -65.079810;      0.85;       12.99;       0.3073
      1282;        641.0;       ;      0.03;          ;     257.49;    0.052594;      -65.087826;      -65.035232;      -65.079865;      0.71;        1.66;       0.3069
      1283;        641.5;       ;      0.03;          ;     271.51;    0.055459;      -65.091090;      -65.035631;      -65.079957;      0.49;        0.00;       0.3078
      1284;        642.0;       ;      0.03;          ;     280.41;    0.057276;      -65.093823;      -65.036547;      -65.080051;      0.26;       17.58;       0.3070
      1285;        642.5;       ;      0.02;          ;     287.47;    0.058717;      -65.094538;      -65.035820;      -65.080087;      0.17;        1.52;       0.3066
      1286;        643.0;       ;      0.03;          ;     283.94;    0.057998;      -65.092616;      -65.034618;      -65.080041;      0.28;        0.00;       0.3076
      1287;        643.5;       ;      0.03;          ;     269.06;    0.054958;      -65.088578;      -65.033621;      -65.079935;      0.54;       16.03;       0.3067
      1288;        644.0;       ;      0.03;          ;     243.89;    0.049817;      -65.083874;      -65.034057;      -65.079817;      0.83;        2.23;       0.3062
      1289;        644.5;       ;      0.02;          ;     233.83;    0.047761;      -65.080367;      -65.032606;      -65.079724;      1.06;        0.00;       0.3071
      1290;        645.0;       ;      0.03;          ;     230.01;    0.046982;      -65.079412;      -65.032430;      -65.079689;      1.14;       22.17;       0.3062
      1291;        645.5;       ;      0.03;          ;     242.19;    0.049469;      -65.081458;      -65.031989;      -65.079740;      1.02;       13.63;       0.3054
      1292;        646.0;       ;      0.03;          ;     264.07;    0.053939;      -65.085715;      -65.031776;      -65.079846;      0.76;        6.93;       0.3046
      1293;        646.5;       ;      0.03;          ;     283.86;    0.057981;      -65.090514;      -65.032533;      -65.079949;      0.51;        2.14;       0.3041
      1294;        647.0;       ;      0.03;          ;     301.07;    0.061497;      -65.094243;      -65.032746;      -65.080000;      0.38;        2.91;       0.3035
      1295;        647.5;       ;      0.03;          ;     306.10;    0.062524;      -65.096124;      -65.033600;      -65.079999;      0.39;        0.42;       0.3040
      1296;        648.0;       ;      0.03;          ;     305.55;    0.062411;      -65.096188;      -65.033777;      -65.079971;      0.45;       18.32;       0.3032
      1297;        648.5;       ;      0.03;          ;     302.05;    0.061696;      -65.094908;      -65.033213;      -65.079949;      0.51;        6.46;       0.3024
      1298;        649.0;       ;      0.03;          ;     292.64;    0.059774;      -65.092742;      -65.032968;      -65.079930;      0.55;        0.00;       0.3033
      1299;        649.5;       ;      0.03;          ;     275.83;    0.056341;      -65.090142;      -65.033801;      -65.079892;      0.65;       11.32;       0.3025
      1300;        650.0;       ;      0.03;          ;     268.09;    0.054759;      -65.087911;      -65.033152;      -65.079826;      0.81;        0.00;       0.3034
      1301;        650.5;       ;      0.02;          ;     266.53;    0.054440;      -65.087129;      -65.032688;      -65.079774;      0.94;        4.46;       0.3027
      1302;        651.0;       ;      0.03;          ;     281.14;    0.057425;      -65.088537;      -65.031112;      -65.079805;      0.86;        0.00;       0.3036
      1303;        651.5;       ;      0.03;          ;     293.18;    0.059884;      -65.091590;      -65.031706;      -65.079916;      0.59;        0.00;       0.3045
      1304;        652.0;       ;      0.03;          ;     314.07;    0.064152;      -65.094510;      -65.030358;      -65.080018;      0.34;        3.01;       0.3039
      1305;        652.5;       ;      0.03;          ;     324.16;    0.066212;      -65.095674;      -65.029462;      -65.080043;      0.28;        0.00;       0.3048
      1306;        653.0;       ;      0.03;          ;     311.65;    0.063657;      -65.094441;      -65.030785;      -65.079990;      0.41;        0.00;       0.3057
      1307;        653.5;       ;      0.03;          ;     292.54;    0.059754;      -65.091547;      -65.031793;      -65.079895;      0.64;       11.49;       0.3049
      1308;        654.0;       ;      0.03;          ;     281.00;    0.057397;      -65.088452;      -65.031056;      -65.079805;      0.86;        0.00;       0.3058
      1309;        654.5;       ;      0.03;          ;     268.22;    0.054786;      -65.086472;      -65.031686;      -65.079751;      0.99;       16.62;       0.3050
      1310;        655.0;       ;      0.03;          ;     266.52;    0.054439;      -65.086382;      -65.031944;      -65.079759;      0.97;        5.82;       0.3042
      1311;        655.5;       ;      0.03;          ;     274.73;    0.056116;      -65.088058;      -65.031942;      -65.079815;      0.84;        0.00;       0.3051
      1312;        656.0;       ;      0.03;          ;     284.32;    0.058075;      -65.090636;      -65.032561;      -65.079879;      0.68;       27.13;       0.3042
      1313;        656.5;       ;      0.02;          ;     301.68;    0.061622;      -65.093073;      -65.031451;      -65.079920;      0.58;       20.19;       0.3034
      1314;        657.0;       ;      0.03;          ;     309.41;    0.063200;      -65.094748;      -65.031548;      -65.079919;      0.58;       13.37;       0.3025
      1315;        657.5;       ;      0.02;          ;     314.44;    0.064227;      -65.095600;      -65.031373;      -65.079895;      0.64;        6.08;       0.3018
      1316;        658.0;       ;      0.03;          ;     320.33;    0.065430;      -65.095997;      -65.030567;      -65.079882;      0.67;        0.00;       0.3027
      1317;        658.5;       ;      0.03;          ;     325.57;    0.066501;      -65.096168;      -65.029668;      -65.079886;      0.66;       23.15;       0.3018
      1318;        659.0;       ;      0.03;          ;     328.24;    0.067047;      -65.096103;      -65.029057;      -65.079883;      0.67;       10.39;       0.3010
      1319;        659.5;       ;      0.03;          ;     327.85;    0.066966;      -65.095983;      -65.029017;      -65.079844;      0.77;        0.00;       0.3019
      1320;        660.0;       ;      0.03;          ;     327.46;    0.066887;      -65.096460;      -65.029573;      -65.079810;      0.85;       16.59;       0.3010
      1321;        660.5;       ;      0.03;          ;     331.60;    0.067733;      -65.098018;      -65.030285;      -65.079855;      0.74;        0.84;       0.3012
      1322;        661.0;       ;      0.03;          ;     347.15;    0.070908;      -65.100060;      -65.029152;      -65.079950;      0.51;        5.03;       0.3005
      1323;        661.5;       ;      0.02;          ;     354.43;    0.072396;      -65.101210;      -65.028814;      -65.080000;      0.38;        0.00;       0.3014
      1324;        662.0;       ;      0.03;          ;     353.12;    0.072128;      -65.100601;      -65.028473;      -65.079962;      0.48;       14.89;       0.3005
      1325;        662.5;       ;      0.02;          ;     344.96;    0.070462;      -65.098616;      -65.028154;      -65.079888;      0.66;        4.46;       0.2998
      1326;        663.0;       ;      0.03;          ;     334.34;    0.068292;      -65.096271;      -65.027980;      -65.079826;      0.81;        0.00;       0.3007
      1327;        663.5;       ;      0.03;          ;     321.22;    0.065613;      -65.094448;      -65.028835;      -65.079793;      0.89;       28.63;       0.2999
      1328;        664.0;       ;      0.02;          ;     313.80;    0.064096;      -65.093594;      -65.029498;      -65.079795;      0.88;       24.60;       0.2990
      1329;        664.5;       ;      0.03;          ;     318.47;    0.065051;      -65.093671;      -65.028620;      -65.079822;      0.82;       21.97;       0.2982
      1330;        665.0;       ;      0.02;          ;     314.87;    0.064315;      -65.094214;      -65.029899;      -65.079856;      0.74;       20.05;       0.2973
      1331;        665.5;       ;      0.03;          ;     323.05;    0.065987;      -65.094656;      -65.028669;      -65.079879;      0.68;       17.66;       0.2965
      1332;        666.0;       ;      0.02;          ;     323.41;    0.066060;      -65.094620;      -65.028560;      -65.079874;      0.69;       14.23;       0.2956
      1333;        666.5;       ;      0.03;          ;     320.07;    0.065378;      -65.094102;      -65.028724;      -65.079842;      0.77;        9.00;       0.2949
      1334;        667.0;       ;      0.03;          ;     318.30;    0.065016;      -65.093590;      -65.028574;      -65.079807;      0.86;        1.85;       0.2944
      1335;        667.5;       ;      0.04;          ;     313.72;    0.064080;      -65.093606;      -65.029526;      -65.079810;      0.85;        0.00;       0.2953
      1336;        668.0;       ;      0.04;          ;     312.07;    0.063743;      -65.094162;      -65.030419;      -65.079857;      0.73;       19.71;       0.2945
      1337;        668.5;       ;      0.04;          ;     310.55;    0.063432;      -65.094672;      -65.031240;      -65.079907;      0.61;        2.37;       0.2940
      1338;        669.0;       ;      0.03;          ;     312.62;    0.063856;      -65.094636;      -65.030780;      -65.079890;      0.65;        0.00;       0.2949
      1339;        669.5;       ;      0.03;          ;     307.80;    0.062872;      -65.094408;      -65.031536;      -65.079821;      0.82;        1.91;       0.2944
      1340;        670.0;       ;      0.03;          ;     306.01;    0.062506;      -65.095007;      -65.032501;      -65.079788;      0.90;        0.00;       0.2953
      1341;        670.5;       ;      0.03;          ;     316.20;    0.064587;      -65.096961;      -65.032375;      -65.079835;      0.79;        0.00;       0.2962
      1342;        671.0;       ;      0.03;          ;     324.54;    0.066291;      -65.099612;      -65.033322;      -65.079917;      0.59;       10.83;       0.2954
      1343;        671.5;       ;      0.03;          ;     332.06;    0.067826;      -65.101683;      -65.033857;      -65.079977;      0.44;        0.00;       0.2963
      1344;        672.0;       ;      0.02;          ;     342.64;    0.069987;      -65.102280;      -65.032293;      -65.079983;      0.42;        5.67;       0.2956
      1345;        672.5;       ;      0.03;          ;     335.85;    0.068600;      -65.101195;      -65.032595;      -65.079939;      0.53;        0.00;       0.2965
      1346;        673.0;       ;      0.03;          ;     322.15;    0.065801;      -65.099026;      -65.033224;      -65.079865;      0.71;       10.61;       0.2956
      1347;        673.5;       ;      0.03;          ;     310.79;    0.063483;      -65.096870;      -65.033387;      -65.079810;      0.85;        0.00;       0.2965
      1348;        674.0;       ;      0.03;          ;     306.87;    0.062681;      -65.095564;      -65.032883;      -65.079799;      0.88;       21.25;       0.2957
      1349;        674.5;       ;      0.03;          ;     303.17;    0.061925;      -65.095211;      -65.033285;      -65.079833;      0.79;        9.90;       0.2949
      1350;        675.0;       ;      0.03;          ;     306.98;    0.062703;      -65.095320;      -65.032617;      -65.079873;      0.69;        0.00;       0.2958
      1351;        675.5;       ;      0.03;          ;     303.38;    0.061968;      -65.095268;      -65.033300;      -65.079884;      0.67;       21.38;       0.2949
      1352;        676.0;       ;      0.03;          ;     299.17;    0.061108;      -65.094810;      -65.033702;      -65.079868;      0.71;        7.09;       0.2942
      1353;        676.5;       ;      0.03;          ;     289.85;    0.059205;      -65.094201;      -65.034996;      -65.079844;      0.77;        0.00;       0.2951
      1354;        677.0;       ;      0.03;          ;     282.01;    0.057602;      -65.093826;      -65.036223;      -65.079849;      0.75;        8.74;       0.2943
      1355;        677.5;       ;      0.03;          ;     278.60;    0.056906;      -65.093672;      -65.036766;      -65.079895;      0.64;        0.00;       0.2952
      1356;        678.0;       ;      0.03;          ;     272.26;    0.055613;      -65.093194;      -65.037581;      -65.079938;      0.54;        1.99;       0.2947
      1357;        678.5;       ;      0.03;          ;     257.89;    0.052676;      -65.091918;      -65.039242;      -65.079928;      0.56;        0.00;       0.2956
      1358;        679.0;       ;      0.03;          ;     254.25;    0.051933;      -65.090182;      -65.038249;      -65.079876;      0.69;        0.00;       0.2965
      1359;        679.5;       ;      0.03;          ;     253.99;    0.051879;      -65.088764;      -65.036884;      -65.079840;      0.77;        9.88;       0.2957
      1360;        680.0;       ;      0.03;          ;     242.24;    0.049479;      -65.088114;      -65.038635;      -65.079843;      0.77;        0.00;       0.2966
      1361;        680.5;       ;      0.03;          ;     240.78;    0.049181;      -65.088261;      -65.039079;      -65.079853;      0.74;        4.98;       0.2959
      1362;        681.0;       ;      0.03;          ;     241.37;    0.049303;      -65.089096;      -65.039793;      -65.079856;      0.74;        0.00;       0.2968
      1363;        681.5;       ;      0.02;          ;     252.13;    0.051500;      -65.090528;      -65.039028;      -65.079859;      0.73;       13.88;       0.2959
      1364;        682.0;       ;      0.03;          ;     257.74;    0.052647;      -65.092419;      -65.039773;      -65.079872;      0.70;        5.16;       0.2952
      1365;        682.5;       ;      0.03;          ;     262.56;    0.053631;      -65.094486;      -65.040855;      -65.079892;      0.65;        1.59;       0.2949
      1366;        683.0;       ;      0.03;          ;     265.12;    0.054154;      -65.096425;      -65.042271;      -65.079921;      0.58;        7.96;       0.2941
      1367;        683.5;       ;      0.03;          ;     269.40;    0.055028;      -65.097842;      -65.042814;      -65.079952;      0.50;        6.67;       0.2934
      1368;        684.0;       ;      0.03;          ;     271.90;    0.055538;      -65.098366;      -65.042828;      -65.079961;      0.48;        6.19;       0.2926
      1369;        684.5;       ;      0.03;          ;     275.08;    0.056189;      -65.097929;      -65.041740;      -65.079931;      0.55;        5.40;       0.2919
      1370;        685.0;       ;      0.03;          ;     267.92;    0.054724;      -65.096967;      -65.042242;      -65.079874;      0.69;        3.80;       0.2913
      1371;        685.5;       ;      0.04;          ;     259.01;    0.052906;      -65.096339;      -65.043433;      -65.079829;      0.80;        1.50;       0.2910
      1372;        686.0;       ;      0.03;          ;     259.55;    0.053015;      -65.096794;      -65.043779;      -65.079831;      0.80;        3.77;       0.2903
      1373;        686.5;       ;      0.03;          ;     264.41;    0.054009;      -65.098378;      -65.044369;      -65.079885;      0.67;        0.00;       0.2912
      1374;        687.0;       ;      0.03;          ;     274.38;    0.056044;      -65.100344;      -65.044300;      -65.079957;      0.49;       16.93;       0.2904
      1375;        687.5;       ;      0.03;          ;     279.67;    0.057124;      -65.101643;      -65.044519;      -65.080002;      0.38;        0.96;       0.2904
      1376;        688.0;       ;      0.03;          ;     281.97;    0.057596;      -65.101658;      -65.044062;      -65.079983;      0.42;        0.66;       0.2907
      1377;        688.5;       ;      0.02;          ;     273.20;    0.055803;      -65.100644;      -65.044841;      -65.079933;      0.55;        4.61;       0.2900
      1378;        689.0;       ;      0.03;          ;     261.04;    0.053320;      -65.099337;      -65.046017;      -65.079911;      0.60;        0.00;       0.2909
      1379;        689.5;       ;      0.02;          ;     257.16;    0.052527;      -65.098138;      -65.045612;      -65.079928;      0.56;        4.69;       0.2902
      1380;        690.0;       ;      0.02;          ;     249.46;    0.050954;      -65.096821;      -65.045867;      -65.079942;      0.53;        0.00;       0.2911
      1381;        690.5;       ;      0.03;          ;     243.48;    0.049734;      -65.095170;      -65.045437;      -65.079923;      0.57;        9.32;       0.2903
      1382;        691.0;       ;      0.03;          ;     236.64;    0.048336;      -65.093382;      -65.045047;      -65.079885;      0.67;        0.00;       0.2912
      1383;        691.5;       ;      0.03;          ;     228.64;    0.046702;      -65.091952;      -65.045250;      -65.079846;      0.76;       18.82;       0.2904
      1384;        692.0;       ;      0.03;          ;     226.43;    0.046251;      -65.091378;      -65.045127;      -65.079833;      0.79;        7.71;       0.2896
      1385;        692.5;       ;      0.03;          ;     236.65;    0.048339;      -65.091823;      -65.043484;      -65.079851;      0.75;        0.00;       0.2905
      1386;        693.0;       ;      0.02;          ;     233.18;    0.047630;      -65.092946;      -65.045316;      -65.079884;      0.67;       21.88;       0.2897
      1387;        693.5;       ;      0.04;          ;     242.61;    0.049556;      -65.094157;      -65.044601;      -65.079913;      0.60;        9.43;       0.2889
      1388;        694.0;       ;      0.03;          ;     245.99;    0.050245;      -65.095092;      -65.044848;      -65.079919;      0.58;        0.00;       0.2897
      1389;        694.5;       ;      0.03;          ;     251.19;    0.051309;      -65.095630;      -65.044321;      -65.079907;      0.61;       13.79;       0.2889
      1390;        695.0;       ;      0.03;          ;     255.39;    0.052165;      -65.095929;      -65.043764;      -65.079899;      0.63;        0.00;       0.2898
      1391;        695.5;       ;      0.03;          ;     261.45;    0.053403;      -65.096128;      -65.042725;      -65.079900;      0.63;        6.08;       0.2891
      1392;        696.0;       ;      0.03;          ;     262.49;    0.053615;      -65.096219;      -65.042603;      -65.079906;      0.61;        0.00;       0.2899
      1393;        696.5;       ;      0.03;          ;     263.44;    0.053810;      -65.096157;      -65.042347;      -65.079901;      0.62;        0.00;       0.2908
      1394;        697.0;       ;      0.02;          ;     260.38;    0.053185;      -65.096092;      -65.042906;      -65.079877;      0.68;        0.00;       0.2917
      1395;        697.5;       ;      0.03;          ;     266.96;    0.054530;      -65.096475;      -65.041946;      -65.079844;      0.77;        0.00;       0.2926
      1396;        698.0;       ;      0.03;          ;     276.85;    0.056549;      -65.097821;      -65.041272;      -65.079837;      0.78;        0.00;       0.2934
      1397;        698.5;       ;      0.02;          ;     283.14;    0.057834;      -65.100148;      -65.042314;      -65.079883;      0.67;        2.05;       0.2930
      1398;        699.0;       ;      0.02;          ;     292.38;    0.059722;      -65.102706;      -65.042984;      -65.079955;      0.49;        0.00;       0.2939
      1399;        699.5;       ;      0.02;          ;     302.30;    0.061748;      -65.104433;      -65.042685;      -65.080001;      0.38;        0.00;       0.2948
      1400;        700.0;       ;      0.02;          ;     305.20;    0.062340;      -65.104576;      -65.042236;      -65.079996;      0.39;        0.00;       0.2956
      1401;        700.5;       ;      0.03;          ;     303.11;    0.061914;      -65.103086;      -65.041173;      -65.079945;      0.52;       13.82;       0.2948
      1402;        701.0;       ;      0.02;          ;     290.18;    0.059272;      -65.100565;      -65.041293;      -65.079878;      0.68;        0.00;       0.2957
      1403;        701.5;       ;      0.03;          ;     273.07;    0.055776;      -65.097986;      -65.042210;      -65.079824;      0.81;       16.54;       0.2949
      1404;        702.0;       ;      0.03;          ;     261.95;    0.053506;      -65.096150;      -65.042644;      -65.079819;      0.83;        3.72;       0.2942
      1405;        702.5;       ;      0.02;          ;     251.35;    0.051341;      -65.095181;      -65.043840;      -65.079850;      0.75;        0.00;       0.2951
      1406;        703.0;       ;      0.02;          ;     247.01;    0.050453;      -65.094700;      -65.044246;      -65.079874;      0.69;       18.99;       0.2943
      1407;        703.5;       ;      0.02;          ;     247.75;    0.050604;      -65.094362;      -65.043757;      -65.079870;      0.70;        7.29;       0.2935
      1408;        704.0;       ;      0.03;          ;     250.69;    0.051205;      -65.094193;      -65.042988;      -65.079849;      0.75;        0.00;       0.2944
      1409;        704.5;       ;      0.03;          ;     247.82;    0.050620;      -65.094423;      -65.043803;      -65.079845;      0.76;       17.60;       0.2936
      1410;        705.0;       ;      0.03;          ;     243.83;    0.049804;      -65.095068;      -65.045264;      -65.079882;      0.67;        3.09;       0.2930
      1411;        705.5;       ;      0.03;          ;     251.80;    0.051432;      -65.095681;      -65.044249;      -65.079942;      0.52;        0.00;       0.2939
      1412;        706.0;       ;      0.02;          ;     245.55;    0.050156;      -65.095462;      -65.045307;      -65.079979;      0.43;       10.62;       0.2931
      1413;        706.5;       ;      0.03;          ;     240.38;    0.049101;      -65.093969;      -65.044868;      -65.079952;      0.50;        0.00;       0.2939
      1414;        707.0;       ;      0.02;          ;     233.86;    0.047768;      -65.091716;      -65.043949;      -65.079869;      0.70;       13.47;       0.2931
      1415;        707.5;       ;      0.02;          ;     230.94;    0.047172;      -65.089914;      -65.042742;      -65.079798;      0.88;        0.00;       0.2940
      1416;        708.0;       ;      0.03;          ;     231.91;    0.047370;      -65.089590;      -65.042220;      -65.079788;      0.90;       20.28;       0.2932
      1417;        708.5;       ;      0.03;          ;     239.10;    0.048839;      -65.090816;      -65.041978;      -65.079839;      0.78;        9.11;       0.2924
      1418;        709.0;       ;      0.03;          ;     246.04;    0.050256;      -65.092816;      -65.042561;      -65.079898;      0.63;        1.39;       0.2921
      1419;        709.5;       ;      0.03;          ;     258.70;    0.052841;      -65.094650;      -65.041809;      -65.079931;      0.55;        6.71;       0.2914
      1420;        710.0;       ;      0.03;          ;     258.69;    0.052839;      -65.095747;      -65.042908;      -65.079928;      0.56;        3.83;       0.2908
      1421;        710.5;       ;      0.03;          ;     262.38;    0.053593;      -65.096089;      -65.042496;      -65.079895;      0.64;        3.98;       0.2901
      1422;        711.0;       ;      0.02;          ;     261.38;    0.053389;      -65.096133;      -65.042744;      -65.079866;      0.71;        4.33;       0.2894
      1423;        711.5;       ;      0.03;          ;     260.43;    0.053195;      -65.096253;      -65.043058;      -65.079867;      0.71;        3.67;       0.2888
      1424;        712.0;       ;      0.03;          ;     264.28;    0.053982;      -65.096438;      -65.042456;      -65.079888;      0.66;        2.18;       0.2883
      1425;        712.5;       ;      0.03;          ;     262.91;    0.053702;      -65.096363;      -65.042661;      -65.079898;      0.63;        1.70;       0.2880
      1426;        713.0;       ;      0.02;          ;     258.27;    0.052755;      -65.095868;      -65.043113;      -65.079881;      0.68;        0.49;       0.2884
      1427;        713.5;       ;      0.03;          ;     256.44;    0.052379;      -65.095223;      -65.042843;      -65.079850;      0.75;       12.09;       0.2876
      1428;        714.0;       ;      0.02;          ;     259.51;    0.053008;      -65.094860;      -65.041852;      -65.079838;      0.78;        0.00;       0.2885
      1429;        714.5;       ;      0.03;          ;     256.38;    0.052368;      -65.094925;      -65.042557;      -65.079860;      0.73;        8.17;       0.2877
      1430;        715.0;       ;      0.03;          ;     254.15;    0.051912;      -65.095111;      -65.043199;      -65.079901;      0.63;        0.00;       0.2886
      1431;        715.5;       ;      0.02;          ;     252.81;    0.051639;      -65.094922;      -65.043283;      -65.079919;      0.58;        0.00;       0.2895
      1432;        716.0;       ;      0.03;          ;     247.21;    0.050495;      -65.094187;      -65.043691;      -65.079887;      0.66;        0.00;       0.2903
      1433;        716.5;       ;      0.03;          ;     247.37;    0.050528;      -65.093444;      -65.042916;      -65.079832;      0.80;        2.66;       0.2898
      1434;        717.0;       ;      0.03;          ;     248.60;    0.050779;      -65.093492;      -65.042713;      -65.079818;      0.83;        0.00;       0.2907
      1435;        717.5;       ;      0.02;          ;     259.59;    0.053023;      -65.094492;      -65.041469;      -65.079873;      0.69;        0.00;       0.2915
      1436;        718.0;       ;      0.03;          ;     267.15;    0.054567;      -65.095597;      -65.041030;      -65.079950;      0.51;        0.00;       0.2924
      1437;        718.5;       ;      0.03;          ;     270.99;    0.055352;      -65.095603;      -65.040251;      -65.079979;      0.43;        0.00;       0.2933
      1438;        719.0;       ;      0.02;          ;     267.52;    0.054643;      -65.094008;      -65.039365;      -65.079933;      0.55;        4.65;       0.2926
      1439;        719.5;       ;      0.03;          ;     255.83;    0.052257;      -65.091408;      -65.039152;      -65.079837;      0.78;        0.00;       0.2935
      1440;        720.0;       ;      0.03;          ;     244.71;    0.049984;      -65.089188;      -65.039204;      -65.079757;      0.98;        0.00;       0.2944
      1441;        720.5;       ;      0.02;          ;     235.73;    0.048150;      -65.088525;      -65.040375;      -65.079750;      1.00;        7.44;       0.2936
      1442;        721.0;       ;      0.03;          ;     240.15;    0.049054;      -65.089548;      -65.040494;      -65.079814;      0.84;        0.00;       0.2945
      1443;        721.5;       ;      0.03;          ;     249.40;    0.050942;      -65.091371;      -65.040430;      -65.079884;      0.67;        0.00;       0.2954
      1444;        722.0;       ;      0.03;          ;     264.81;    0.054091;      -65.092945;      -65.038855;      -65.079902;      0.62;       10.41;       0.2946
      1445;        722.5;       ;      0.03;          ;     271.52;    0.055461;      -65.093877;      -65.038416;      -65.079868;      0.71;        0.00;       0.2954
      1446;        723.0;       ;      0.03;          ;     272.30;    0.055620;      -65.094510;      -65.038890;      -65.079824;      0.81;        0.00;       0.2963
      1447;        723.5;       ;      0.03;          ;     275.42;    0.056257;      -65.095454;      -65.039197;      -65.079818;      0.83;        3.73;       0.2957
      1448;        724.0;       ;      0.03;          ;     278.13;    0.056811;      -65.096810;      -65.039999;      -65.079863;      0.72;        0.00;       0.2966
      1449;        724.5;       ;      0.03;          ;     285.43;    0.058302;      -65.097969;      -65.039667;      -65.079923;      0.57;        0.00;       0.2975
      1450;        725.0;       ;      0.03;          ;     282.06;    0.057614;      -65.098129;      -65.040515;      -65.079943;      0.52;        0.00;       0.2983
      1451;        725.5;       ;      0.03;          ;     281.59;    0.057518;      -65.097102;      -65.039583;      -65.079892;      0.65;        5.26;       0.2976
      1452;        726.0;       ;      0.03;          ;     275.22;    0.056216;      -65.095665;      -65.039449;      -65.079808;      0.85;        0.00;       0.2985
      1453;        726.5;       ;      0.03;          ;     266.66;    0.054468;      -65.095047;      -65.040578;      -65.079765;      0.96;        0.00;       0.2994
      1454;        727.0;       ;      0.03;          ;     276.34;    0.056445;      -65.095919;      -65.039473;      -65.079795;      0.88;       17.85;       0.2986
      1455;        727.5;       ;      0.02;          ;     290.92;    0.059422;      -65.097802;      -65.038380;      -65.079871;      0.70;        5.38;       0.2978
      1456;        728.0;       ;      0.03;          ;     298.43;    0.060956;      -65.099489;      -65.038533;      -65.079929;      0.56;        0.00;       0.2987
      1457;        728.5;       ;      0.03;          ;     295.34;    0.060327;      -65.100022;      -65.039695;      -65.079931;      0.55;       28.77;       0.2979
      1458;        729.0;       ;      0.03;          ;     296.28;    0.060517;      -65.099311;      -65.038794;      -65.079895;      0.64;       25.86;       0.2970
      1459;        729.5;       ;      0.03;          ;     288.60;    0.058948;      -65.097882;      -65.038934;      -65.079852;      0.74;       24.99;       0.2962
      1460;        730.0;       ;      0.03;          ;     280.61;    0.057318;      -65.096356;      -65.039038;      -65.079840;      0.77;       24.96;       0.2953
      1461;        730.5;       ;      0.02;          ;     274.78;    0.056126;      -65.094964;      -65.038838;      -65.079854;      0.74;       24.75;       0.2945
      1462;        731.0;       ;      0.02;          ;     266.32;    0.054398;      -65.093545;      -65.039147;      -65.079861;      0.72;       23.52;       0.2936
      1463;        731.5;       ;      0.02;          ;     263.73;    0.053869;      -65.092048;      -65.038179;      -65.079841;      0.77;       20.47;       0.2928
      1464;        732.0;       ;      0.03;          ;     256.80;    0.052453;      -65.090770;      -65.038317;      -65.079799;      0.88;       15.31;       0.2920
      1465;        732.5;       ;      0.02;          ;     255.07;    0.052101;      -65.090363;      -65.038262;      -65.079760;      0.97;        7.81;       0.2912
      1466;        733.0;       ;      0.03;          ;     262.34;    0.053585;      -65.091414;      -65.037829;      -65.079764;      0.96;        0.00;       0.2921
      1467;        733.5;       ;      0.02;          ;     280.18;    0.057230;      -65.093850;      -65.036619;      -65.079824;      0.81;       20.38;       0.2912
      1468;        734.0;       ;      0.03;          ;     293.44;    0.059937;      -65.096678;      -65.036740;      -65.079916;      0.59;        5.30;       0.2905
      1469;        734.5;       ;      0.02;          ;     298.90;    0.061053;      -65.098494;      -65.037440;      -65.079966;      0.47;        0.00;       0.2914
      1470;        735.0;       ;      0.03;          ;     296.25;    0.060512;      -65.098605;      -65.038093;      -65.079939;      0.53;        8.09;       0.2906
      1471;        735.5;       ;      0.02;          ;     296.93;    0.060650;      -65.097428;      -65.036778;      -65.079876;      0.69;        0.00;       0.2915
      1472;        736.0;       ;      0.02;          ;     287.47;    0.058719;      -65.095820;      -65.037101;      -65.079833;      0.79;        8.50;       0.2907
      1473;        736.5;       ;      0.02;          ;     284.23;    0.058056;      -65.094364;      -65.036307;      -65.079832;      0.80;        0.00;       0.2916
      1474;        737.0;       ;      0.03;          ;     275.78;    0.056330;      -65.093059;      -65.036729;      -65.079839;      0.78;       11.31;       0.2908
      1475;        737.5;       ;      0.03;          ;     270.24;    0.055199;      -65.091774;      -65.036574;      -65.079825;      0.81;        0.00;       0.2917
      1476;        738.0;       ;      0.02;          ;     271.27;    0.055409;      -65.090705;      -65.035296;      -65.079777;      0.93;       16.32;       0.2909
      1477;        738.5;       ;      0.03;          ;     276.26;    0.056429;      -65.090434;      -65.034005;      -65.079731;      1.04;        1.44;       0.2906
      1478;        739.0;       ;      0.03;          ;     283.19;    0.057844;      -65.091532;      -65.033688;      -65.079731;      1.04;        0.00;       0.2915
      1479;        739.5;       ;      0.03;          ;     294.75;    0.060206;      -65.093872;      -65.033665;      -65.079799;      0.88;       14.11;       0.2907
      1480;        740.0;       ;      0.02;          ;     316.73;    0.064696;      -65.096374;      -65.031679;      -65.079899;      0.63;        0.00;       0.2915
      1481;        740.5;       ;      0.03;          ;     325.22;    0.066429;      -65.097498;      -65.031070;      -65.079970;      0.46;        7.22;       0.2908
      1482;        741.0;       ;      0.02;          ;     312.37;    0.063804;      -65.096053;      -65.032249;      -65.079976;      0.44;        0.00;       0.2917
      1483;        741.5;       ;      0.03;          ;     292.23;    0.059691;      -65.092108;      -65.032418;      -65.079903;      0.62;        0.00;       0.2925
      1484;        742.0;       ;      0.03;          ;     271.63;    0.055483;      -65.086924;      -65.031442;      -65.079785;      0.91;        0.00;       0.2934
      1485;        742.5;       ;      0.03;          ;     248.62;    0.050782;      -65.082334;      -65.031552;      -65.079683;      1.16;        0.00;       0.2943
      1486;        743.0;       ;      0.03;          ;     241.42;    0.049312;      -65.079983;      -65.030672;      -65.079663;      1.21;        0.00;       0.2952
      1487;        743.5;       ;      0.02;          ;     246.01;    0.050251;      -65.080245;      -65.029994;      -65.079729;      1.05;        0.00;       0.2961
      1488;        744.0;       ;      0.03;          ;     251.08;    0.051286;      -65.082213;      -65.030927;      -65.079815;      0.84;        0.00;       0.2970
      1489;        744.5;       ;      0.03;          ;     256.05;    0.052300;      -65.084640;      -65.032340;      -65.079860;      0.73;        0.00;       0.2979
      1490;        745.0;       ;      0.03;          ;     260.77;    0.053264;      -65.086877;      -65.033613;      -65.079876;      0.69;        0.00;       0.2987
      1491;        745.5;       ;      0.03;          ;     271.20;    0.055395;      -65.088702;      -65.033307;      -65.079902;      0.62;        0.00;       0.2996
      1492;        746.0;       ;      0.02;          ;     269.91;    0.055132;      -65.089702;      -65.034570;      -65.079936;      0.54;        8.23;       0.2989
      1493;        746.5;       ;      0.03;          ;     268.35;    0.054812;      -65.089323;      -65.034511;      -65.079944;      0.52;        0.00;       0.2998
      1494;        747.0;       ;      0.03;          ;     254.48;    0.051981;      -65.087442;      -65.035461;      -65.079902;      0.62;        3.12;       0.2991
      1495;        747.5;       ;      0.02;          ;     245.15;    0.050075;      -65.084706;      -65.034631;      -65.079819;      0.83;        0.00;       0.3000
      1496;        748.0;       ;      0.02;          ;     236.42;    0.048291;      -65.082301;      -65.034010;      -65.079729;      1.05;       14.11;       0.2992
      1497;        748.5;       ;      0.02;          ;     233.20;    0.047633;      -65.081443;      -65.033810;      -65.079691;      1.14;        3.27;       0.2986
      1498;        749.0;       ;      0.02;          ;     241.65;    0.049360;      -65.082668;      -65.033308;      -65.079718;      1.07;        0.00;       0.2995
      1499;        749.5;       ;      0.02;          ;     260.40;    0.053190;      -65.085538;      -65.032349;      -65.079779;      0.92;       22.84;       0.2986
      1500;        750.0;       ;      0.03;          ;     267.73;    0.054686;      -65.089011;      -65.034325;      -65.079845;      0.76;       12.78;       0.2978
      1501;        750.5;       ;      0.02;          ;     280.63;    0.057322;      -65.092008;      -65.034686;      -65.079891;      0.65;        2.57;       0.2973
      1502;        751.0;       ;      0.03;          ;     290.05;    0.059246;      -65.093950;      -65.034704;      -65.079914;      0.59;        0.00;       0.2981
      1503;        751.5;       ;      0.03;          ;     291.40;    0.059520;      -65.094529;      -65.035009;      -65.079914;      0.59;       19.35;       0.2973
      1504;        752.0;       ;      0.03;          ;     295.28;    0.060314;      -65.093788;      -65.033474;      -65.079904;      0.62;        6.16;       0.2966
      1505;        752.5;       ;      0.03;          ;     288.69;    0.058967;      -65.091947;      -65.032980;      -65.079886;      0.66;        0.00;       0.2974
      1506;        753.0;       ;      0.03;          ;     269.08;    0.054962;      -65.089356;      -65.034394;      -65.079857;      0.73;       16.09;       0.2966
      1507;        753.5;       ;      0.03;          ;     257.31;    0.052557;      -65.086683;      -65.034126;      -65.079815;      0.84;        3.57;       0.2960
      1508;        754.0;       ;      0.03;          ;     253.55;    0.051789;      -65.084723;      -65.032934;      -65.079768;      0.95;        0.00;       0.2969
      1509;        754.5;       ;      0.03;          ;     253.36;    0.051751;      -65.084152;      -65.032401;      -65.079759;      0.97;       20.97;       0.2960
      1510;        755.0;       ;      0.03;          ;     252.33;    0.051541;      -65.084993;      -65.033452;      -65.079821;      0.82;       12.73;       0.2952
      1511;        755.5;       ;      0.03;          ;     259.59;    0.053025;      -65.086329;      -65.033305;      -65.079906;      0.61;        6.59;       0.2944
      1512;        756.0;       ;      0.02;          ;     259.81;    0.053069;      -65.086905;      -65.033837;      -65.079945;      0.52;        3.04;       0.2939
      1513;        756.5;       ;      0.02;          ;     262.13;    0.053543;      -65.086077;      -65.032534;      -65.079910;      0.60;        3.25;       0.2932
      1514;        757.0;       ;      0.03;          ;     254.66;    0.052016;      -65.084218;      -65.032201;      -65.079827;      0.81;        3.10;       0.2926
      1515;        757.5;       ;      0.02;          ;     245.32;    0.050108;      -65.082391;      -65.032282;      -65.079757;      0.98;        2.24;       0.2922
      1516;        758.0;       ;      0.03;          ;     243.84;    0.049807;      -65.081559;      -65.031753;      -65.079743;      1.01;        1.69;       0.2918
      1517;        758.5;       ;      0.03;          ;     244.47;    0.049936;      -65.081859;      -65.031923;      -65.079774;      0.94;        1.09;       0.2917
      1518;        759.0;       ;      0.02;          ;     251.26;    0.051322;      -65.082782;      -65.031461;      -65.079804;      0.86;        2.92;       0.2912
      1519;        759.5;       ;      0.03;          ;     258.94;    0.052891;      -65.083813;      -65.030921;      -65.079808;      0.85;        0.00;       0.2920
      1520;        760.0;       ;      0.02;          ;     266.55;    0.054445;      -65.084785;      -65.030341;      -65.079793;      0.89;        4.37;       0.2914
      1521;        760.5;       ;      0.03;          ;     278.51;    0.056889;      -65.085840;      -65.028951;      -65.079780;      0.92;        0.00;       0.2922
      1522;        761.0;       ;      0.02;          ;     277.08;    0.056596;      -65.087127;      -65.030532;      -65.079781;      0.92;        0.00;       0.2931
      1523;        761.5;       ;      0.02;          ;     278.20;    0.056826;      -65.088645;      -65.031820;      -65.079798;      0.88;        0.00;       0.2940
      1524;        762.0;       ;      0.02;          ;     290.79;    0.059396;      -65.090307;      -65.030911;      -65.079824;      0.81;        0.00;       0.2949
      1525;        762.5;       ;      0.02;          ;     298.46;    0.060963;      -65.091850;      -65.030886;      -65.079847;      0.76;        0.00;       0.2958
      1526;        763.0;       ;      0.03;          ;     306.98;    0.062703;      -65.092986;      -65.030283;      -65.079856;      0.74;        0.68;       0.2960
      1527;        763.5;       ;      0.03;          ;     303.11;    0.061912;      -65.093648;      -65.031736;      -65.079859;      0.73;        8.19;       0.2953
      1528;        764.0;       ;      0.02;          ;     301.77;    0.061639;      -65.093846;      -65.032207;      -65.079887;      0.66;        0.00;       0.2962
      1529;        764.5;       ;      0.02;          ;     305.76;    0.062454;      -65.093290;      -65.030836;      -65.079941;      0.53;        7.19;       0.2954
      1530;        765.0;       ;      0.02;          ;     290.75;    0.059389;      -65.091171;      -65.031783;      -65.079968;      0.46;        0.00;       0.2963
      1531;        765.5;       ;      0.02;          ;     275.12;    0.056195;      -65.087183;      -65.030988;      -65.079910;      0.60;        0.00;       0.2972
      1532;        766.0;       ;      0.03;          ;     251.03;    0.051275;      -65.082162;      -65.030887;      -65.079784;      0.91;        2.09;       0.2967
      1533;        766.5;       ;      0.03;          ;     233.77;    0.047749;      -65.077936;      -65.030187;      -65.079675;      1.18;        0.00;       0.2976
      1534;        767.0;       ;      0.03;          ;     219.22;    0.044778;      -65.076038;      -65.031260;      -65.079652;      1.23;        0.00;       0.2985
      1535;        767.5;       ;      0.02;          ;     219.37;    0.044808;      -65.076787;      -65.031979;      -65.079717;      1.07;        0.00;       0.2994
      1536;        768.0;       ;      0.03;          ;     226.98;    0.046362;      -65.079196;      -65.032835;      -65.079808;      0.85;        0.00;       0.3003
      1537;        768.5;       ;      0.03;          ;     240.98;    0.049223;      -65.081855;      -65.032632;      -65.079868;      0.71;        0.87;       0.3004
      1538;        769.0;       ;      0.02;          ;     252.47;    0.051568;      -65.083768;      -65.032200;      -65.079883;      0.67;        0.00;       0.3013
      1539;        769.5;       ;      0.02;          ;     257.36;    0.052568;      -65.084545;      -65.031977;      -65.079868;      0.71;       12.64;       0.3005
      1540;        770.0;       ;      0.03;          ;     261.87;    0.053489;      -65.084297;      -65.030808;      -65.079846;      0.76;        0.00;       0.3014
      1541;        770.5;       ;      0.03;          ;     251.36;    0.051342;      -65.083313;      -65.031971;      -65.079821;      0.82;       24.48;       0.3005
      1542;        771.0;       ;      0.03;          ;     246.81;    0.050413;      -65.082007;      -65.031594;      -65.079802;      0.87;       19.21;       0.2997
      1543;        771.5;       ;      0.02;          ;     243.21;    0.049678;      -65.080819;      -65.031141;      -65.079773;      0.94;       17.78;       0.2988
      1544;        772.0;       ;      0.03;          ;     243.32;    0.049700;      -65.080313;      -65.030613;      -65.079725;      1.06;       19.08;       0.2980
      1545;        772.5;       ;      0.03;          ;     247.33;    0.050520;      -65.081324;      -65.030803;      -65.079667;      1.20;       21.85;       0.2971
      1546;        773.0;       ;      0.03;          ;     268.66;    0.054876;      -65.084765;      -65.029889;      -65.079648;      1.25;       24.79;       0.2963
      1547;        773.5;       ;      0.02;          ;     304.18;    0.062131;      -65.090912;      -65.028781;      -65.079731;      1.04;       27.17;       0.2954
      1548;        774.0;       ;      0.02;          ;     344.29;    0.070324;      -65.098390;      -65.028066;      -65.079921;      0.58;       28.31;       0.2945
      1549;        774.5;       ;      0.02;          ;     377.95;    0.077200;      -65.104232;      -65.027032;      -65.080109;      0.12;       27.66;       0.2937
      1550;        775.0;       ;      0.02;          ;     380.45;    0.077710;      -65.105523;      -65.027813;      -65.080158;     -0.00;       25.06;       0.2929
      1551;        775.5;       ;      0.02;          ;     359.57;    0.073445;      -65.101462;      -65.028017;      -65.080032;      0.30;       20.43;       0.2920
      1552;        776.0;       ;      0.02;          ;     328.14;    0.067026;      -65.093968;      -65.026943;      -65.079817;      0.83;       14.24;       0.2912
      1553;        776.5;       ;      0.03;          ;     289.50;    0.059133;      -65.086209;      -65.027076;      -65.079638;      1.27;        7.36;       0.2905
      1554;        777.0;       ;      0.03;          ;     268.04;    0.054751;      -65.080975;      -65.026224;      -65.079573;      1.43;        1.23;       0.2903
      1555;        777.5;       ;      0.03;          ;     263.54;    0.053831;      -65.079264;      -65.025433;      -65.079610;      1.34;        7.54;       0.2895
      1556;        778.0;       ;      0.02;          ;     266.20;    0.054374;      -65.080505;      -65.026131;      -65.079699;      1.12;        3.12;       0.2889
      1557;        778.5;       ;      0.02;          ;     278.62;    0.056911;      -65.083288;      -65.026377;      -65.079789;      0.90;        3.78;       0.2883
      1558;        779.0;       ;      0.03;          ;     287.21;    0.058665;      -65.086188;      -65.027522;      -65.079852;      0.75;        5.60;       0.2876
      1559;        779.5;       ;      0.02;          ;     286.86;    0.058593;      -65.088177;      -65.029584;      -65.079882;      0.67;        7.87;       0.2868
      1560;        780.0;       ;      0.03;          ;     296.25;    0.060511;      -65.088842;      -65.028331;      -65.079890;      0.65;       10.64;       0.2861
      1561;        780.5;       ;      0.03;          ;     295.10;    0.060277;      -65.088106;      -65.027829;      -65.079879;      0.68;       13.96;       0.2853
      1562;        781.0;       ;      0.02;          ;     285.86;    0.058389;      -65.086094;      -65.027705;      -65.079847;      0.76;       16.91;       0.2845
      1563;        781.5;       ;      0.02;          ;     272.48;    0.055657;      -65.083377;      -65.027720;      -65.079786;      0.91;       18.51;       0.2837
      1564;        782.0;       ;      0.03;          ;     258.30;    0.052760;      -65.081022;      -65.028262;      -65.079698;      1.12;       17.80;       0.2829
      1565;        782.5;       ;      0.03;          ;     258.48;    0.052798;      -65.080481;      -65.027683;      -65.079628;      1.29;       13.91;       0.2821
      1566;        783.0;       ;      0.03;          ;     272.47;    0.055655;      -65.082810;      -65.027156;      -65.079651;      1.24;        6.55;       0.2814
      1567;        783.5;       ;      0.03;          ;     296.45;    0.060553;      -65.087620;      -65.027067;      -65.079785;      0.91;        0.00;       0.2822
      1568;        784.0;       ;      0.02;          ;     320.58;    0.065482;      -65.092892;      -65.027411;      -65.079931;      0.55;       14.42;       0.2814
      1569;        784.5;       ;      0.02;          ;     336.68;    0.068769;      -65.096403;      -65.027634;      -65.079977;      0.44;        0.00;       0.2823
      1570;        785.0;       ;      0.03;          ;     333.97;    0.068216;      -65.097417;      -65.029201;      -65.079907;      0.61;        4.79;       0.2816
      1571;        785.5;       ;      0.03;          ;     335.19;    0.068465;      -65.096920;      -65.028455;      -65.079814;      0.84;        0.00;       0.2824
      1572;        786.0;       ;      0.03;          ;     333.61;    0.068142;      -65.096260;      -65.028118;      -65.079780;      0.92;        0.00;       0.2833
      1573;        786.5;       ;      0.02;          ;     330.02;    0.067409;      -65.095928;      -65.028519;      -65.079805;      0.86;        0.00;       0.2841
      1574;        787.0;       ;      0.02;          ;     330.48;    0.067504;      -65.095590;      -65.028086;      -65.079840;      0.78;        0.00;       0.2850
      1575;        787.5;       ;      0.03;          ;     325.26;    0.066437;      -65.094748;      -65.028311;      -65.079840;      0.78;        7.81;       0.2843
      1576;        788.0;       ;      0.02;          ;     311.05;    0.063536;      -65.093385;      -65.029849;      -65.079800;      0.87;        0.00;       0.2851
      1577;        788.5;       ;      0.03;          ;     302.77;    0.061844;      -65.092156;      -65.030312;      -65.079752;      0.99;        1.67;       0.2848
      1578;        789.0;       ;      0.02;          ;     307.80;    0.062871;      -65.091817;      -65.028945;      -65.079739;      1.02;        0.00;       0.2856
      1579;        789.5;       ;      0.03;          ;     308.65;    0.063046;      -65.092543;      -65.029497;      -65.079774;      0.94;       18.14;       0.2848
      1580;        790.0;       ;      0.02;          ;     311.26;    0.063578;      -65.093757;      -65.030179;      -65.079841;      0.77;        8.75;       0.2841
      1581;        790.5;       ;      0.03;          ;     309.18;    0.063153;      -65.094552;      -65.031399;      -65.079892;      0.65;        2.07;       0.2836
      1582;        791.0;       ;      0.03;          ;     307.15;    0.062737;      -65.094296;      -65.031559;      -65.079891;      0.65;        2.50;       0.2831
      1583;        791.5;       ;      0.03;          ;     302.36;    0.061760;      -65.093110;      -65.031350;      -65.079830;      0.80;        1.26;       0.2829
      1584;        792.0;       ;      0.03;          ;     299.78;    0.061233;      -65.091945;      -65.030712;      -65.079746;      1.00;        5.95;       0.2822
      1585;        792.5;       ;      0.02;          ;     303.51;    0.061995;      -65.091988;      -65.029992;      -65.079722;      1.06;        0.00;       0.2831
      1586;        793.0;       ;      0.02;          ;     307.50;    0.062809;      -65.093521;      -65.030711;      -65.079792;      0.89;       20.96;       0.2823
      1587;        793.5;       ;      0.03;          ;     319.22;    0.065203;      -65.095435;      -65.030232;      -65.079898;      0.63;        7.67;       0.2815
      1588;        794.0;       ;      0.02;          ;     317.72;    0.064898;      -65.096196;      -65.031298;      -65.079933;      0.55;        0.00;       0.2824
      1589;        794.5;       ;      0.03;          ;     314.49;    0.064238;      -65.095244;      -65.031005;      -65.079874;      0.69;       13.35;       0.2816
      1590;        795.0;       ;      0.03;          ;     300.88;    0.061457;      -65.093364;      -65.031907;      -65.079787;      0.90;        0.00;       0.2824
      1591;        795.5;       ;      0.02;          ;     291.55;    0.059553;      -65.091856;      -65.032303;      -65.079726;      1.05;       18.56;       0.2816
      1592;        796.0;       ;      0.02;          ;     290.94;    0.059427;      -65.091634;      -65.032207;      -65.079712;      1.09;        6.51;       0.2809
      1593;        796.5;       ;      0.03;          ;     288.98;    0.059027;      -65.092922;      -65.033894;      -65.079736;      1.03;        0.00;       0.2818
      1594;        797.0;       ;      0.03;          ;     303.71;    0.062035;      -65.095364;      -65.033329;      -65.079781;      0.92;       27.75;       0.2810
      1595;        797.5;       ;      0.03;          ;     325.04;    0.066393;      -65.098252;      -65.031860;      -65.079842;      0.77;       25.75;       0.2801
      1596;        798.0;       ;      0.03;          ;     337.71;    0.068981;      -65.100606;      -65.031625;      -65.079894;      0.64;       27.61;       0.2793
      1597;        798.5;       ;      0.03;          ;     339.54;    0.069354;      -65.101562;      -65.032208;      -65.079919;      0.58;       32.43;       0.2785
      1598;        799.0;       ;      0.04;          ;     335.53;    0.068535;      -65.100799;      -65.032265;      -65.079906;      0.61;       39.00;       0.2777
      1599;        799.5;       ;      0.03;          ;     323.64;    0.066107;      -65.098612;      -65.032505;      -65.079860;      0.73;       46.15;       0.2769
      1600;        800.0;       ;      0.03;          ;     315.06;    0.064354;      -65.095784;      -65.031430;      -65.079807;      0.86;       52.58;       0.2761
      1601;        800.5;       ;      0.03;          ;     306.47;    0.062599;      -65.093183;      -65.030585;      -65.079761;      0.97;       57.30;       0.2753
      1602;        801.0;       ;      0.03;          ;     302.54;    0.061796;      -65.091576;      -65.029780;      -65.079721;      1.06;       59.25;       0.2745
      1603;        801.5;       ;      0.03;          ;     305.26;    0.062352;      -65.091601;      -65.029249;      -65.079699;      1.12;       57.67;       0.2737
      1604;        802.0;       ;      0.03;          ;     323.50;    0.066079;      -65.093550;      -65.027471;      -65.079733;      1.04;       52.06;       0.2729
      1605;        802.5;       ;      0.03;          ;     344.42;    0.070351;      -65.096817;      -65.026466;      -65.079831;      0.80;       42.44;       0.2721
      1606;        803.0;       ;      0.03;          ;     357.14;    0.072949;      -65.099796;      -65.026848;      -65.079922;      0.57;       29.01;       0.2713
      1607;        803.5;       ;      0.03;          ;     357.27;    0.072976;      -65.101009;      -65.028033;      -65.079935;      0.54;       12.43;       0.2705
      1608;        804.0;       ;      0.03;          ;     351.76;    0.071850;      -65.100195;      -65.028345;      -65.079884;      0.67;        0.00;       0.2713
      1609;        804.5;       ;      0.03;          ;     336.97;    0.068830;      -65.098052;      -65.029223;      -65.079828;      0.80;        7.70;       0.2706
      1610;        805.0;       ;      0.03;          ;     334.73;    0.068372;      -65.095405;      -65.027033;      -65.079792;      0.89;        0.00;       0.2714
      1611;        805.5;       ;      0.02;          ;     314.83;    0.064306;      -65.092706;      -65.028400;      -65.079755;      0.98;        2.59;       0.2709
      1612;        806.0;       ;      0.03;          ;     301.26;    0.061536;      -65.090545;      -65.029009;      -65.079716;      1.08;        0.00;       0.2718
      1613;        806.5;       ;      0.03;          ;     293.02;    0.059852;      -65.089528;      -65.029675;      -65.079693;      1.14;        8.92;       0.2710
      1614;        807.0;       ;      0.03;          ;     298.51;    0.060974;      -65.089991;      -65.029017;      -65.079703;      1.11;        0.00;       0.2718
      1615;        807.5;       ;      0.02;          ;     306.82;    0.062671;      -65.091782;      -65.029111;      -65.079736;      1.03;       21.18;       0.2711
      1616;        808.0;       ;      0.03;          ;     317.14;    0.064778;      -65.094299;      -65.029521;      -65.079788;      0.90;       13.14;       0.2703
      1617;        808.5;       ;      0.03;          ;     325.54;    0.066496;      -65.096754;      -65.030258;      -65.079843;      0.77;        6.70;       0.2696
      1618;        809.0;       ;      0.03;          ;     331.99;    0.067813;      -65.098339;      -65.030526;      -65.079894;      0.64;        1.56;       0.2693
      1619;        809.5;       ;      0.02;          ;     322.26;    0.065824;      -65.098355;      -65.032532;      -65.079929;      0.56;        3.91;       0.2687
      1620;        810.0;       ;      0.02;          ;     309.98;    0.063316;      -65.096485;      -65.033169;      -65.079920;      0.58;        0.00;       0.2695
      1621;        810.5;       ;      0.02;          ;     302.70;    0.061830;      -65.093126;      -65.031296;      -65.079845;      0.76;       18.70;       0.2688
      1622;        811.0;       ;      0.03;          ;     284.64;    0.058140;      -65.089360;      -65.031221;      -65.079744;      1.01;        3.14;       0.2682
      1623;        811.5;       ;      0.02;          ;     275.86;    0.056347;      -65.086780;      -65.030433;      -65.079682;      1.16;        0.00;       0.2690
      1624;        812.0;       ;      0.02;          ;     278.38;    0.056862;      -65.086318;      -65.029456;      -65.079702;      1.11;        0.82;       0.2692
      1625;        812.5;       ;      0.03;          ;     291.07;    0.059454;      -65.087681;      -65.028227;      -65.079767;      0.95;        0.00;       0.2700
      1626;        813.0;       ;      0.03;          ;     308.29;    0.062972;      -65.089814;      -65.026843;      -65.079822;      0.82;        3.77;       0.2694
      1627;        813.5;       ;      0.02;          ;     316.72;    0.064694;      -65.091672;      -65.026979;      -65.079858;      0.73;        0.00;       0.2702
      1628;        814.0;       ;      0.03;          ;     317.51;    0.064854;      -65.092500;      -65.027645;      -65.079882;      0.67;        0.00;       0.2710
      1629;        814.5;       ;      0.03;          ;     316.63;    0.064676;      -65.091872;      -65.027197;      -65.079877;      0.68;        0.00;       0.2718
      1630;        815.0;       ;      0.03;          ;     306.14;    0.062532;      -65.089824;      -65.027292;      -65.079821;      0.82;       12.88;       0.2711
      1631;        815.5;       ;      0.03;          ;     295.07;    0.060271;      -65.087102;      -65.026831;      -65.079742;      1.02;        0.00;       0.2719
      1632;        816.0;       ;      0.03;          ;     291.18;    0.059477;      -65.084836;      -65.025359;      -65.079679;      1.17;       19.50;       0.2711
      1633;        816.5;       ;      0.03;          ;     282.89;    0.057783;      -65.083825;      -65.026042;      -65.079669;      1.19;       12.39;       0.2704
      1634;        817.0;       ;      0.02;          ;     280.33;    0.057259;      -65.084242;      -65.026982;      -65.079699;      1.12;        9.45;       0.2697
      1635;        817.5;       ;      0.02;          ;     287.74;    0.058773;      -65.085685;      -65.026912;      -65.079743;      1.01;        9.53;       0.2689
      1636;        818.0;       ;      0.03;          ;     299.52;    0.061179;      -65.087538;      -65.026360;      -65.079778;      0.93;       11.07;       0.2682
      1637;        818.5;       ;      0.03;          ;     305.23;    0.062345;      -65.089223;      -65.026878;      -65.079809;      0.85;       12.58;       0.2675
      1638;        819.0;       ;      0.02;          ;     311.84;    0.063695;      -65.090259;      -65.026563;      -65.079839;      0.78;       12.75;       0.2667
      1639;        819.5;       ;      0.03;          ;     309.99;    0.063319;      -65.090273;      -65.026955;      -65.079852;      0.74;       10.85;       0.2660
      1640;        820.0;       ;      0.02;          ;     301.72;    0.061628;      -65.089179;      -65.027551;      -65.079831;      0.80;        6.31;       0.2653
      1641;        820.5;       ;      0.03;          ;     295.21;    0.060300;      -65.087449;      -65.027149;      -65.079790;      0.90;        0.00;       0.2661
      1642;        821.0;       ;      0.03;          ;     288.25;    0.058878;      -65.085776;      -65.026898;      -65.079764;      0.96;       21.35;       0.2654
      1643;        821.5;       ;      0.03;          ;     282.18;    0.057638;      -65.084556;      -65.026917;      -65.079767;      0.95;        6.45;       0.2647
      1644;        822.0;       ;      0.02;          ;     277.28;    0.056638;      -65.083845;      -65.027208;      -65.079758;      0.98;        0.00;       0.2655
      1645;        822.5;       ;      0.02;          ;     284.81;    0.058176;      -65.083796;      -65.025620;      -65.079731;      1.04;        5.72;       0.2648
      1646;        823.0;       ;      0.02;          ;     289.34;    0.059100;      -65.084642;      -65.025542;      -65.079733;      1.04;        0.00;       0.2656
      1647;        823.5;       ;      0.02;          ;     292.64;    0.059775;      -65.086160;      -65.026385;      -65.079790;      0.90;        3.36;       0.2651
      1648;        824.0;       ;      0.02;          ;     296.49;    0.060560;      -65.087464;      -65.026904;      -65.079855;      0.74;        0.00;       0.2659
      1649;        824.5;       ;      0.03;          ;     300.02;    0.061282;      -65.087607;      -65.026325;      -65.079864;      0.72;        9.61;       0.2651
      1650;        825.0;       ;      0.03;          ;     294.69;    0.060193;      -65.086399;      -65.026207;      -65.079806;      0.86;        0.00;       0.2659
      1651;        825.5;       ;      0.03;          ;     280.64;    0.057324;      -65.084620;      -65.027297;      -65.079724;      1.06;       23.84;       0.2652
      1652;        826.0;       ;      0.02;          ;     271.82;    0.055522;      -65.083438;      -65.027916;      -65.079682;      1.16;       17.41;       0.2644
      1653;        826.5;       ;      0.03;          ;     268.88;    0.054920;      -65.083546;      -65.028626;      -65.079685;      1.15;       12.86;       0.2637
      1654;        827.0;       ;      0.03;          ;     274.20;    0.056007;      -65.084968;      -65.028961;      -65.079710;      1.09;        9.25;       0.2630
      1655;        827.5;       ;      0.03;          ;     276.96;    0.056571;      -65.087352;      -65.030782;      -65.079743;      1.01;        5.68;       0.2624
      1656;        828.0;       ;      0.02;          ;     291.19;    0.059478;      -65.090196;      -65.030718;      -65.079788;      0.90;        1.57;       0.2621
      1657;        828.5;       ;      0.02;          ;     307.15;    0.062739;      -65.092904;      -65.030165;      -65.079840;      0.77;        2.90;       0.2616
      1658;        829.0;       ;      0.02;          ;     313.73;    0.064083;      -65.094701;      -65.030618;      -65.079871;      0.70;        0.00;       0.2623
      1659;        829.5;       ;      0.02;          ;     314.93;    0.064328;      -65.095170;      -65.030842;      -65.079853;      0.74;       14.08;       0.2616
      1660;        830.0;       ;      0.03;          ;     314.32;    0.064203;      -65.094628;      -65.030425;      -65.079810;      0.85;        0.00;       0.2624
      1661;        830.5;       ;      0.03;          ;     305.61;    0.062424;      -65.093765;      -65.031341;      -65.079781;      0.92;        6.23;       0.2617
      1662;        831.0;       ;      0.02;          ;     302.62;    0.061812;      -65.093108;      -65.031296;      -65.079780;      0.92;        0.00;       0.2625
      1663;        831.5;       ;      0.03;          ;     299.57;    0.061190;      -65.092815;      -65.031625;      -65.079775;      0.93;        0.00;       0.2633
      1664;        832.0;       ;      0.03;          ;     306.11;    0.062526;      -65.093008;      -65.030482;      -65.079764;      0.96;        0.00;       0.2641
      1665;        832.5;       ;      0.02;          ;     307.97;    0.062905;      -65.093769;      -65.030864;      -65.079787;      0.91;        0.00;       0.2649
      1666;        833.0;       ;      0.03;          ;     314.12;    0.064163;      -65.094673;      -65.030511;      -65.079845;      0.76;        5.89;       0.2642
      1667;        833.5;       ;      0.03;          ;     318.03;    0.064961;      -65.094811;      -65.029850;      -65.079888;      0.66;        0.00;       0.2650
      1668;        834.0;       ;      0.04;          ;     312.85;    0.063902;      -65.093469;      -65.029567;      -65.079867;      0.71;        0.00;       0.2658
      1669;        834.5;       ;      0.03;          ;     297.71;    0.060810;      -65.090851;      -65.030040;      -65.079794;      0.89;       12.09;       0.2651
      1670;        835.0;       ;      0.03;          ;     280.89;    0.057374;      -65.087996;      -65.030622;      -65.079721;      1.07;        0.00;       0.2659
      1671;        835.5;       ;      0.03;          ;     274.10;    0.055987;      -65.086022;      -65.030035;      -65.079681;      1.16;       20.88;       0.2651
      1672;        836.0;       ;      0.04;          ;     272.90;    0.055742;      -65.085466;      -65.029725;      -65.079685;      1.15;       11.57;       0.2644
      1673;        836.5;       ;      0.03;          ;     273.89;    0.055944;      -65.086253;      -65.030309;      -65.079711;      1.09;        3.80;       0.2638
      1674;        837.0;       ;      0.02;          ;     280.78;    0.057351;      -65.087968;      -65.030617;      -65.079747;      1.00;        0.00;       0.2646
      1675;        837.5;       ;      0.03;          ;     289.39;    0.059111;      -65.090039;      -65.030929;      -65.079789;      0.90;       22.17;       0.2639
      1676;        838.0;       ;      0.03;          ;     300.92;    0.061465;      -65.091754;      -65.030288;      -65.079837;      0.78;        9.89;       0.2631
      1677;        838.5;       ;      0.03;          ;     312.16;    0.063762;      -65.092418;      -65.028657;      -65.079857;      0.73;        0.00;       0.2639
      1678;        839.0;       ;      0.03;          ;     312.97;    0.063926;      -65.091695;      -65.027769;      -65.079825;      0.81;       11.74;       0.2632
      1679;        839.5;       ;      0.03;          ;     302.04;    0.061695;      -65.089973;      -65.028278;      -65.079769;      0.95;        0.00;       0.2640
      1680;        840.0;       ;      0.03;          ;     296.17;    0.060495;      -65.088167;      -65.027672;      -65.079729;      1.05;        2.91;       0.2635
      1681;        840.5;       ;      0.03;          ;     280.59;    0.057313;      -65.086949;      -65.029636;      -65.079717;      1.08;        0.00;       0.2643
      1682;        841.0;       ;      0.03;          ;     281.73;    0.057546;      -65.086680;      -65.029135;      -65.079699;      1.12;        0.00;       0.2651
      1683;        841.5;       ;      0.03;          ;     287.32;    0.058688;      -65.087685;      -65.028997;      -65.079676;      1.18;        2.81;       0.2646
      1684;        842.0;       ;      0.03;          ;     292.18;    0.059680;      -65.090154;      -65.030473;      -65.079707;      1.10;        0.00;       0.2654
      1685;        842.5;       ;      0.02;          ;     307.06;    0.062719;      -65.093510;      -65.030791;      -65.079813;      0.84;        0.27;       0.2659
      1686;        843.0;       ;      0.03;          ;     323.13;    0.066002;      -65.096225;      -65.030222;      -65.079926;      0.56;       13.11;       0.2652
      1687;        843.5;       ;      0.03;          ;     328.08;    0.067013;      -65.096558;      -65.029545;      -65.079971;      0.45;        1.02;       0.2652
      1688;        844.0;       ;      0.03;          ;     316.33;    0.064614;      -65.093764;      -65.029151;      -65.079916;      0.59;        7.71;       0.2645
      1689;        844.5;       ;      0.03;          ;     291.24;    0.059488;      -65.088617;      -65.029129;      -65.079794;      0.89;        2.30;       0.2640
      1690;        845.0;       ;      0.03;          ;     266.86;    0.054508;      -65.083003;      -65.028496;      -65.079661;      1.21;        3.62;       0.2635
      1691;        845.5;       ;      0.03;          ;     252.85;    0.051647;      -65.078955;      -65.027308;      -65.079569;      1.44;        2.61;       0.2630
      1692;        846.0;       ;      0.03;          ;     246.71;    0.050393;      -65.077857;      -65.027464;      -65.079553;      1.48;        2.69;       0.2625
      1693;        846.5;       ;      0.02;          ;     256.84;    0.052462;      -65.079975;      -65.027512;      -65.079618;      1.32;        0.62;       0.2628
      1694;        847.0;       ;      0.03;          ;     279.03;    0.056994;      -65.084314;      -65.027320;      -65.079734;      1.03;       13.03;       0.2621
      1695;        847.5;       ;      0.02;          ;     296.26;    0.060515;      -65.089063;      -65.028548;      -65.079849;      0.75;        0.00;       0.2629
      1696;        848.0;       ;      0.02;          ;     302.55;    0.061798;      -65.092445;      -65.030646;      -65.079903;      0.62;       15.59;       0.2621
      1697;        848.5;       ;      0.02;          ;     309.18;    0.063154;      -65.093704;      -65.030550;      -65.079890;      0.65;        0.00;       0.2629
      1698;        849.0;       ;      0.02;          ;     305.76;    0.062454;      -65.093130;      -65.030676;      -65.079841;      0.77;        3.94;       0.2623
      1699;        849.5;       ;      0.02;          ;     302.59;    0.061807;      -65.091448;      -65.029641;      -65.079804;      0.86;        0.00;       0.2631
      1700;        850.0;       ;      0.02;          ;     291.91;    0.059625;      -65.089229;      -65.029604;      -65.079778;      0.93;        0.00;       0.2639
      1701;        850.5;       ;      0.03;          ;     274.24;    0.056016;      -65.086967;      -65.030951;      -65.079724;      1.06;        0.00;       0.2647
      1702;        851.0;       ;      0.02;          ;     271.07;    0.055368;      -65.085597;      -65.030229;      -65.079653;      1.23;        0.00;       0.2655
      1703;        851.5;       ;      0.02;          ;     276.62;    0.056503;      -65.086119;      -65.029616;      -65.079631;      1.29;        3.47;       0.2649
      1704;        852.0;       ;      0.02;          ;     292.51;    0.059748;      -65.088752;      -65.029004;      -65.079691;      1.14;        0.00;       0.2657
      1705;        852.5;       ;      0.03;          ;     312.42;    0.063816;      -65.092526;      -65.028711;      -65.079790;      0.90;        0.00;       0.2665
      1706;        853.0;       ;      0.03;          ;     321.15;    0.065597;      -65.095857;      -65.030259;      -65.079870;      0.70;       14.27;       0.2658
      1707;        853.5;       ;      0.03;          ;     318.06;    0.064966;      -65.097428;      -65.032462;      -65.079910;      0.60;        0.65;       0.2660
      1708;        854.0;       ;      0.03;          ;     317.58;    0.064868;      -65.096753;      -65.031885;      -65.079901;      0.62;       11.08;       0.2653
      1709;        854.5;       ;      0.03;          ;     302.48;    0.061784;      -65.094034;      -65.032250;      -65.079844;      0.77;        0.95;       0.2654
      1710;        855.0;       ;      0.03;          ;     293.47;    0.059945;      -65.090218;      -65.030273;      -65.079751;      0.99;        7.23;       0.2647
      1711;        855.5;       ;      0.03;          ;     275.25;    0.056222;      -65.086624;      -65.030402;      -65.079668;      1.20;        0.00;       0.2655
      1712;        856.0;       ;      0.03;          ;     266.34;    0.054403;      -65.084550;      -65.030147;      -65.079638;      1.27;       15.88;       0.2647
      1713;        856.5;       ;      0.02;          ;     267.71;    0.054682;      -65.084438;      -65.029756;      -65.079676;      1.18;        0.00;       0.2655
      1714;        857.0;       ;      0.03;          ;     278.31;    0.056848;      -65.085772;      -65.028925;      -65.079739;      1.02;       11.72;       0.2648
      1715;        857.5;       ;      0.02;          ;     281.18;    0.057434;      -65.087570;      -65.030136;      -65.079787;      0.90;        0.00;       0.2656
      1716;        858.0;       ;      0.02;          ;     291.38;    0.059517;      -65.089102;      -65.029585;      -65.079796;      0.88;        0.00;       0.2664
      1717;        858.5;       ;      0.03;          ;     298.96;    0.061065;      -65.090258;      -65.029193;      -65.079787;      0.91;        0.00;       0.2672
      1718;        859.0;       ;      0.03;          ;     308.09;    0.062931;      -65.091101;      -65.028170;      -65.079791;      0.90;        0.00;       0.2680
      1719;        859.5;       ;      0.03;          ;     307.97;    0.062905;      -65.091531;      -65.028626;      -65.079797;      0.88;        1.31;       0.2678
      1720;        860.0;       ;      0.03;          ;     310.65;    0.063454;      -65.091464;      -65.028011;      -65.079772;      0.94;        0.00;       0.2686
      1721;        860.5;       ;      0.03;          ;     308.45;    0.063004;      -65.091260;      -65.028257;      -65.079724;      1.06;        0.00;       0.2694
      1722;        861.0;       ;      0.03;          ;     309.34;    0.063186;      -65.091573;      -65.028386;      -65.079698;      1.12;        0.00;       0.2702
      1723;        861.5;       ;      0.03;          ;     309.11;    0.063139;      -65.092762;      -65.029624;      -65.079711;      1.09;        5.17;       0.2696
      1724;        862.0;       ;      0.03;          ;     314.80;    0.064301;      -65.094640;      -65.030339;      -65.079744;      1.01;        0.00;       0.2704
      1725;        862.5;       ;      0.03;          ;     322.31;    0.065835;      -65.096734;      -65.030899;      -65.079780;      0.92;        9.15;       0.2697
      1726;        863.0;       ;      0.03;          ;     331.11;    0.067633;      -65.098476;      -65.030842;      -65.079815;      0.84;        0.00;       0.2705
      1727;        863.5;       ;      0.03;          ;     338.34;    0.069110;      -65.099347;      -65.030237;      -65.079828;      0.81;       24.13;       0.2697
      1728;        864.0;       ;      0.03;          ;     333.63;    0.068146;      -65.099081;      -65.030934;      -65.079809;      0.85;       16.03;       0.2689
      1729;        864.5;       ;      0.03;          ;     328.66;    0.067131;      -65.098002;      -65.030871;      -65.079756;      0.98;        7.83;       0.2682
      1730;        865.0;       ;      0.03;          ;     320.09;    0.065381;      -65.096955;      -65.031574;      -65.079706;      1.10;        0.00;       0.2690
      1731;        865.5;       ;      0.03;          ;     314.66;    0.064273;      -65.096718;      -65.032445;      -65.079702;      1.11;       20.39;       0.2683
      1732;        866.0;       ;      0.03;          ;     319.01;    0.065160;      -65.097352;      -65.032191;      -65.079760;      0.97;        4.80;       0.2676
      1733;        866.5;       ;      0.03;          ;     317.90;    0.064934;      -65.098067;      -65.033133;      -65.079828;      0.80;        0.00;       0.2684
      1734;        867.0;       ;      0.03;          ;     315.05;    0.064352;      -65.097921;      -65.033569;      -65.079849;      0.75;        0.15;       0.2691
      1735;        867.5;       ;      0.03;          ;     303.39;    0.061970;      -65.096674;      -65.034704;      -65.079811;      0.84;        6.26;       0.2684
      1736;        868.0;       ;      0.02;          ;     288.22;    0.058872;      -65.094926;      -65.036055;      -65.079767;      0.95;        0.00;       0.2692
      1737;        868.5;       ;      0.02;          ;     279.07;    0.057004;      -65.093430;      -65.036426;      -65.079761;      0.97;        0.00;       0.2701
      1738;        869.0;       ;      0.03;          ;     275.93;    0.056361;      -65.092370;      -65.036009;      -65.079777;      0.93;        0.00;       0.2709
      1739;        869.5;       ;      0.02;          ;     279.77;    0.057146;      -65.091557;      -65.034411;      -65.079770;      0.95;        0.00;       0.2717
      1740;        870.0;       ;      0.02;          ;     277.23;    0.056627;      -65.091009;      -65.034383;      -65.079736;      1.03;        7.43;       0.2710
      1741;        870.5;       ;      0.03;          ;     276.51;    0.056480;      -65.091131;      -65.034651;      -65.079714;      1.08;        0.00;       0.2718
      1742;        871.0;       ;      0.03;          ;     276.85;    0.056550;      -65.092231;      -65.035681;      -65.079724;      1.06;        0.43;       0.2723
      1743;        871.5;       ;      0.03;          ;     284.10;    0.058030;      -65.094165;      -65.036135;      -65.079758;      0.98;       10.18;       0.2715
      1744;        872.0;       ;      0.03;          ;     298.68;    0.061008;      -65.096402;      -65.035394;      -65.079809;      0.85;        0.00;       0.2723
      1745;        872.5;       ;      0.03;          ;     296.65;    0.060593;      -65.098139;      -65.037547;      -65.079854;      0.74;       18.01;       0.2716
      1746;        873.0;       ;      0.03;          ;     302.48;    0.061785;      -65.098650;      -65.036865;      -65.079868;      0.71;        5.94;       0.2709
      1747;        873.5;       ;      0.03;          ;     298.56;    0.060983;      -65.097805;      -65.036823;      -65.079826;      0.81;        0.00;       0.2717
      1748;        874.0;       ;      0.02;          ;     295.31;    0.060320;      -65.096229;      -65.035909;      -65.079740;      1.02;       14.64;       0.2709
      1749;        874.5;       ;      0.03;          ;     294.04;    0.060061;      -65.095125;      -65.035064;      -65.079668;      1.20;        0.00;       0.2718
      1750;        875.0;       ;      0.03;          ;     292.22;    0.059688;      -65.095538;      -65.035850;      -65.079651;      1.24;       11.62;       0.2710
      1751;        875.5;       ;      0.03;          ;     303.03;    0.061897;      -65.097693;      -65.035796;      -65.079703;      1.11;        0.00;       0.2718
      1752;        876.0;       ;      0.03;          ;     319.60;    0.065282;      -65.100876;      -65.035595;      -65.079785;      0.91;        0.00;       0.2726
      1753;        876.5;       ;      0.03;          ;     333.49;    0.068119;      -65.103889;      -65.035769;      -65.079847;      0.76;        0.00;       0.2735
      1754;        877.0;       ;      0.03;          ;     340.44;    0.069538;      -65.105792;      -65.036254;      -65.079873;      0.69;        0.00;       0.2743
      1755;        877.5;       ;      0.04;          ;     340.48;    0.069546;      -65.106188;      -65.036642;      -65.079888;      0.66;        0.00;       0.2751
      1756;        878.0;       ;      0.03;          ;     332.06;    0.067826;      -65.104891;      -65.037065;      -65.079901;      0.62;        0.00;       0.2759
      1757;        878.5;       ;      0.03;          ;     322.03;    0.065778;      -65.101823;      -65.036045;      -65.079875;      0.69;        0.00;       0.2768
      1758;        879.0;       ;      0.03;          ;     298.42;    0.060955;      -65.097408;      -65.036453;      -65.079788;      0.90;        0.00;       0.2776
      1759;        879.5;       ;      0.02;          ;     270.41;    0.055233;      -65.093000;      -65.037767;      -65.079687;      1.15;        0.00;       0.2784
      1760;        880.0;       ;      0.02;          ;     257.76;    0.052650;      -65.090220;      -65.037570;      -65.079635;      1.28;        0.00;       0.2793
      1761;        880.5;       ;      0.02;          ;     251.21;    0.051312;      -65.089864;      -65.038552;      -65.079649;      1.24;        5.45;       0.2786
      1762;        881.0;       ;      0.02;          ;     258.55;    0.052811;      -65.091739;      -65.038927;      -65.079708;      1.10;        0.00;       0.2794
      1763;        881.5;       ;      0.02;          ;     277.15;    0.056610;      -65.094931;      -65.038321;      -65.079793;      0.89;        0.00;       0.2803
      1764;        882.0;       ;      0.03;          ;     289.47;    0.059126;      -65.098091;      -65.038965;      -65.079876;      0.69;       14.17;       0.2795
      1765;        882.5;       ;      0.03;          ;     292.65;    0.059776;      -65.099826;      -65.040049;      -65.079924;      0.57;        0.00;       0.2803
      1766;        883.0;       ;      0.02;          ;     299.04;    0.061081;      -65.099457;      -65.038376;      -65.079904;      0.62;       12.80;       0.2795
      1767;        883.5;       ;      0.03;          ;     289.45;    0.059122;      -65.097202;      -65.038079;      -65.079830;      0.80;        0.00;       0.2804
      1768;        884.0;       ;      0.03;          ;     276.90;    0.056560;      -65.094124;      -65.037564;      -65.079738;      1.03;        7.38;       0.2797
      1769;        884.5;       ;      0.03;          ;     261.71;    0.053458;      -65.091605;      -65.038147;      -65.079672;      1.19;        0.00;       0.2805
      1770;        885.0;       ;      0.03;          ;     253.94;    0.051869;      -65.090720;      -65.038851;      -65.079654;      1.23;        0.00;       0.2813
      1771;        885.5;       ;      0.03;          ;     257.02;    0.052500;      -65.091832;      -65.039332;      -65.079675;      1.18;        1.48;       0.2811
      1772;        886.0;       ;      0.03;          ;     272.19;    0.055598;      -65.094699;      -65.039101;      -65.079713;      1.09;        0.00;       0.2819
      1773;        886.5;       ;      0.03;          ;     294.77;    0.060209;      -65.098767;      -65.038558;      -65.079765;      0.96;        0.00;       0.2828
      1774;        887.0;       ;      0.03;          ;     315.49;    0.064442;      -65.103162;      -65.038720;      -65.079846;      0.76;        0.00;       0.2836
      1775;        887.5;       ;      0.03;          ;     334.33;    0.068290;      -65.106583;      -65.038293;      -65.079928;      0.56;        0.00;       0.2845
      1776;        888.0;       ;      0.03;          ;     329.89;    0.067382;      -65.107773;      -65.040390;      -65.079955;      0.49;        5.13;       0.2838
      1777;        888.5;       ;      0.04;          ;     321.01;    0.065570;      -65.106378;      -65.040808;      -65.079901;      0.63;        0.00;       0.2846
      1778;        889.0;       ;      0.04;          ;     307.96;    0.062905;      -65.103285;      -65.040380;      -65.079810;      0.85;        0.00;       0.2855
      1779;        889.5;       ;      0.03;          ;     292.03;    0.059649;      -65.099845;      -65.040197;      -65.079738;      1.02;       14.44;       0.2847
      1780;        890.0;       ;      0.04;          ;     279.26;    0.057041;      -65.097160;      -65.040119;      -65.079712;      1.09;        0.55;       0.2851
      1781;        890.5;       ;      0.04;          ;     275.80;    0.056335;      -65.095735;      -65.039401;      -65.079710;      1.09;       13.22;       0.2843
      1782;        891.0;       ;      0.03;          ;     276.99;    0.056578;      -65.095576;      -65.038999;      -65.079734;      1.03;        3.14;       0.2837
      1783;        891.5;       ;      0.03;          ;     278.85;    0.056958;      -65.096308;      -65.039350;      -65.079777;      0.93;        0.00;       0.2845
      1784;        892.0;       ;      0.04;          ;     280.30;    0.057254;      -65.097280;      -65.040026;      -65.079816;      0.83;       20.62;       0.2837
      1785;        892.5;       ;      0.03;          ;     280.96;    0.057389;      -65.097882;      -65.040493;      -65.079836;      0.78;        7.35;       0.2830
      1786;        893.0;       ;      0.03;          ;     284.66;    0.058144;      -65.097847;      -65.039703;      -65.079831;      0.80;        0.00;       0.2839
      1787;        893.5;       ;      0.03;          ;     280.62;    0.057318;      -65.097215;      -65.039896;      -65.079813;      0.84;        7.78;       0.2831
      1788;        894.0;       ;      0.03;          ;     273.84;    0.055935;      -65.096215;      -65.040280;      -65.079795;      0.89;        0.00;       0.2840
      1789;        894.5;       ;      0.04;          ;     268.08;    0.054758;      -65.095179;      -65.040421;      -65.079773;      0.94;        0.00;       0.2848
      1790;        895.0;       ;      0.04;          ;     272.83;    0.055728;      -65.094495;      -65.038767;      -65.079744;      1.01;        0.00;       0.2857
      1791;        895.5;       ;      0.04;          ;     272.98;    0.055758;      -65.094571;      -65.038813;      -65.079716;      1.08;        0.58;       0.2860
      1792;        896.0;       ;      0.04;          ;     279.47;    0.057084;      -65.095761;      -65.038676;      -65.079720;      1.07;        0.00;       0.2869
      1793;        896.5;       ;      0.03;          ;     296.45;    0.060553;      -65.097964;      -65.037411;      -65.079775;      0.93;        0.00;       0.2878
      1794;        897.0;       ;      0.03;          ;     300.81;    0.061444;      -65.100327;      -65.038884;      -65.079841;      0.77;        0.00;       0.2886
      1795;        897.5;       ;      0.03;          ;     303.79;    0.062052;      -65.101835;      -65.039783;      -65.079856;      0.74;        0.00;       0.2895
      1796;        898.0;       ;      0.03;          ;     306.76;    0.062659;      -65.102335;      -65.039676;      -65.079814;      0.84;        0.00;       0.2904
      1797;        898.5;       ;      0.03;          ;     308.03;    0.062918;      -65.102421;      -65.039503;      -65.079768;      0.95;        0.00;       0.2912
      1798;        899.0;       ;      0.03;          ;     310.98;    0.063520;      -65.102724;      -65.039204;      -65.079764;      0.96;        1.88;       0.2908
      1799;        899.5;       ;      0.03;          ;     313.00;    0.063933;      -65.103312;      -65.039379;      -65.079794;      0.89;        0.00;       0.2917
      1800;        900.0;       ;      0.03;          ;     315.17;    0.064377;      -65.103757;      -65.039380;      -65.079826;      0.81;        0.00;       0.2926
      1801;        900.5;       ;      0.03;          ;     315.14;    0.064370;      -65.103588;      -65.039218;      -65.079841;      0.77;        3.64;       0.2919
      1802;        901.0;       ;      0.03;          ;     306.61;    0.062628;      -65.102571;      -65.039943;      -65.079833;      0.79;        0.00;       0.2928
      1803;        901.5;       ;      0.03;          ;     299.66;    0.061209;      -65.100850;      -65.039641;      -65.079807;      0.85;        0.00;       0.2937
      1804;        902.0;       ;      0.03;          ;     292.38;    0.059722;      -65.098827;      -65.039105;      -65.079776;      0.93;        0.00;       0.2946
      1805;        902.5;       ;      0.02;          ;     279.77;    0.057146;      -65.096955;      -65.039809;      -65.079756;      0.98;        0.38;       0.2951
      1806;        903.0;       ;      0.03;          ;     266.21;    0.054377;      -65.095586;      -65.041209;      -65.079755;      0.98;        0.00;       0.2960
      1807;        903.5;       ;      0.03;          ;     253.01;    0.051680;      -65.094833;      -65.043153;      -65.079769;      0.95;        0.00;       0.2969
      1808;        904.0;       ;      0.04;          ;     248.27;    0.050712;      -65.094638;      -65.043926;      -65.079782;      0.92;        0.00;       0.2978
      1809;        904.5;       ;      0.03;          ;     250.78;    0.051223;      -65.094936;      -65.043713;      -65.079780;      0.92;        0.00;       0.2987
      1810;        905.0;       ;      0.03;          ;     250.02;    0.051070;      -65.095786;      -65.044716;      -65.079772;      0.94;        0.00;       0.2996
      1811;        905.5;       ;      0.03;          ;     259.00;    0.052903;      -65.097279;      -65.044376;      -65.079789;      0.90;        0.00;       0.3005
      1812;        906.0;       ;      0.03;          ;     267.49;    0.054637;      -65.099147;      -65.044510;      -65.079845;      0.76;        0.00;       0.3014
      1813;        906.5;       ;      0.02;          ;     276.60;    0.056498;      -65.100544;      -65.044046;      -65.079893;      0.65;        0.00;       0.3023
      1814;        907.0;       ;      0.03;          ;     273.95;    0.055958;      -65.100750;      -65.044792;      -65.079879;      0.68;        0.00;       0.3032
      1815;        907.5;       ;      0.03;          ;     275.19;    0.056209;      -65.099965;      -65.043756;      -65.079805;      0.86;        0.00;       0.3041
      1816;        908.0;       ;      0.03;          ;     272.28;    0.055615;      -65.099244;      -65.043629;      -65.079729;      1.05;        2.71;       0.3035
      1817;        908.5;       ;      0.03;          ;     265.52;    0.054234;      -65.099663;      -65.045429;      -65.079711;      1.09;        0.00;       0.3044
      1818;        909.0;       ;      0.03;          ;     275.90;    0.056355;      -65.101530;      -65.045174;      -65.079756;      0.98;       10.36;       0.3036
      1819;        909.5;       ;      0.03;          ;     290.39;    0.059315;      -65.104231;      -65.044916;      -65.079829;      0.80;        0.00;       0.3045
      1820;        910.0;       ;      0.03;          ;     304.33;    0.062162;      -65.106656;      -65.044494;      -65.079877;      0.68;       22.96;       0.3036
      1821;        910.5;       ;      0.03;          ;     315.08;    0.064357;      -65.107972;      -65.043615;      -65.079882;      0.67;       12.25;       0.3028
      1822;        911.0;       ;      0.03;          ;     313.94;    0.064125;      -65.108028;      -65.043902;      -65.079850;      0.75;        1.62;       0.3025
      1823;        911.5;       ;      0.03;          ;     309.41;    0.063199;      -65.107248;      -65.044049;      -65.079818;      0.83;        0.00;       0.3034
      1824;        912.0;       ;      0.03;          ;     305.49;    0.062399;      -65.106107;      -65.043709;      -65.079813;      0.84;       19.40;       0.3025
      1825;        912.5;       ;      0.03;          ;     293.11;    0.059871;      -65.104636;      -65.044766;      -65.079838;      0.78;        2.31;       0.3020
      1826;        913.0;       ;      0.03;          ;     285.40;    0.058296;      -65.102592;      -65.044296;      -65.079850;      0.75;        0.00;       0.3029
      1827;        913.5;       ;      0.03;          ;     283.05;    0.057815;      -65.099874;      -65.042058;      -65.079817;      0.83;        2.89;       0.3023
      1828;        914.0;       ;      0.03;          ;     262.59;    0.053636;      -65.096900;      -65.043264;      -65.079741;      1.02;        0.00;       0.3032
      1829;        914.5;       ;      0.03;          ;     251.86;    0.051444;      -65.094875;      -65.043431;      -65.079681;      1.17;        0.00;       0.3041
      1830;        915.0;       ;      0.03;          ;     243.90;    0.049820;      -65.094703;      -65.044883;      -65.079701;      1.11;        4.98;       0.3034
      1831;        915.5;       ;      0.03;          ;     251.69;    0.051410;      -65.096101;      -65.044691;      -65.079800;      0.87;        0.00;       0.3043
      1832;        916.0;       ;      0.03;          ;     259.22;    0.052949;      -65.097678;      -65.044729;      -65.079895;      0.64;        0.00;       0.3052
      1833;        916.5;       ;      0.03;          ;     260.22;    0.053153;      -65.098001;      -65.044848;      -65.079909;      0.61;        8.02;       0.3044
      1834;        917.0;       ;      0.03;          ;     252.94;    0.051666;      -65.096819;      -65.045153;      -65.079840;      0.77;        0.00;       0.3053
      1835;        917.5;       ;      0.03;          ;     244.83;    0.050008;      -65.095119;      -65.045111;      -65.079755;      0.98;        5.34;       0.3046
      1836;        918.0;       ;      0.03;          ;     246.53;    0.050357;      -65.094132;      -65.043775;      -65.079724;      1.06;        0.00;       0.3055
      1837;        918.5;       ;      0.03;          ;     244.30;    0.049901;      -65.094293;      -65.044392;      -65.079752;      0.99;        7.28;       0.3047
      1838;        919.0;       ;      0.03;          ;     242.62;    0.049558;      -65.095192;      -65.045634;      -65.079797;      0.88;        0.00;       0.3056
      1839;        919.5;       ;      0.03;          ;     247.20;    0.050492;      -65.096233;      -65.045741;      -65.079814;      0.84;        5.45;       0.3049
      1840;        920.0;       ;      0.03;          ;     250.85;    0.051238;      -65.097208;      -65.045970;      -65.079794;      0.89;        0.00;       0.3058
      1841;        920.5;       ;      0.03;          ;     258.53;    0.052808;      -65.098376;      -65.045568;      -65.079766;      0.96;        0.00;       0.3067
      1842;        921.0;       ;      0.03;          ;     265.85;    0.054302;      -65.100112;      -65.045810;      -65.079769;      0.95;        0.85;       0.3069
      1843;        921.5;       ;      0.03;          ;     278.71;    0.056930;      -65.102314;      -65.045384;      -65.079819;      0.83;        0.00;       0.3078
      1844;        922.0;       ;      0.03;          ;     283.94;    0.057997;      -65.104229;      -65.046232;      -65.079888;      0.66;        0.00;       0.3087
      1845;        922.5;       ;      0.03;          ;     284.33;    0.058076;      -65.104850;      -65.046773;      -65.079925;      0.57;        0.00;       0.3096
      1846;        923.0;       ;      0.03;          ;     279.29;    0.057047;      -65.103719;      -65.046672;      -65.079898;      0.63;        0.00;       0.3106
      1847;        923.5;       ;      0.03;          ;     271.39;    0.055434;      -65.101306;      -65.045873;      -65.079815;      0.84;        0.00;       0.3115
      1848;        924.0;       ;      0.03;          ;     258.35;    0.052769;      -65.098845;      -65.046076;      -65.079732;      1.04;        0.00;       0.3124
      1849;        924.5;       ;      0.03;          ;     247.52;    0.050558;      -65.097581;      -65.047023;      -65.079720;      1.07;        0.00;       0.3134
      1850;        925.0;       ;      0.03;          ;     244.91;    0.050025;      -65.097738;      -65.047712;      -65.079788;      0.90;        0.00;       0.3143
      1851;        925.5;       ;      0.03;          ;     249.91;    0.051047;      -65.098379;      -65.047332;      -65.079866;      0.71;        0.00;       0.3153
      1852;        926.0;       ;      0.03;          ;     250.17;    0.051099;      -65.098346;      -65.047247;      -65.079886;      0.66;        0.00;       0.3162
      1853;        926.5;       ;      0.03;          ;     250.62;    0.051191;      -65.097260;      -65.046069;      -65.079843;      0.77;        0.00;       0.3172
      1854;        927.0;       ;      0.03;          ;     246.37;    0.050324;      -65.095614;      -65.045289;      -65.079787;      0.90;       12.92;       0.3163
      1855;        927.5;       ;      0.03;          ;     243.39;    0.049716;      -65.094101;      -65.044385;      -65.079771;      0.94;        0.00;       0.3172
      1856;        928.0;       ;      0.04;          ;     241.39;    0.049307;      -65.092925;      -65.043618;      -65.079790;      0.90;        4.37;       0.3165
      1857;        928.5;       ;      0.04;          ;     233.72;    0.047740;      -65.091776;      -65.044035;      -65.079805;      0.86;        0.00;       0.3174
      1858;        929.0;       ;      0.04;          ;     226.87;    0.046341;      -65.090456;      -65.044116;      -65.079784;      0.91;        2.38;       0.3169
      1859;        929.5;       ;      0.04;          ;     221.43;    0.045230;      -65.089315;      -65.044085;      -65.079730;      1.04;        0.00;       0.3178
      1860;        930.0;       ;      0.04;          ;     221.75;    0.045296;      -65.089123;      -65.043827;      -65.079684;      1.16;       13.99;       0.3170
      1861;        930.5;       ;      0.03;          ;     222.56;    0.045459;      -65.090496;      -65.045037;      -65.079691;      1.14;        4.23;       0.3162
      1862;        931.0;       ;      0.05;          ;     237.36;    0.048484;      -65.093302;      -65.044819;      -65.079758;      0.97;        1.09;       0.3162
      1863;        931.5;       ;      0.03;          ;     250.67;    0.051202;      -65.096576;      -65.045374;      -65.079855;      0.74;       13.91;       0.3153
      1864;        932.0;       ;      0.04;          ;     262.96;    0.053712;      -65.098856;      -65.045144;      -65.079924;      0.57;       14.26;       0.3144
      1865;        932.5;       ;      0.04;          ;     265.52;    0.054234;      -65.099172;      -65.044938;      -65.079918;      0.58;       16.92;       0.3135
      1866;        933.0;       ;      0.03;          ;     257.42;    0.052581;      -65.097676;      -65.045095;      -65.079828;      0.80;       20.80;       0.3126
      1867;        933.5;       ;      0.03;          ;     254.38;    0.051959;      -65.095771;      -65.043812;      -65.079719;      1.07;       24.88;       0.3117
      1868;        934.0;       ;      0.03;          ;     252.73;    0.051622;      -65.095063;      -65.043441;      -65.079681;      1.16;       28.63;       0.3108
      1869;        934.5;       ;      0.03;          ;     267.32;    0.054603;      -65.096111;      -65.041508;      -65.079743;      1.01;       31.15;       0.3099
      1870;        935.0;       ;      0.03;          ;     273.72;    0.055911;      -65.098004;      -65.042093;      -65.079833;      0.79;       32.16;       0.3090
      1871;        935.5;       ;      0.04;          ;     282.14;    0.057630;      -65.099358;      -65.041728;      -65.079863;      0.72;       30.90;       0.3081
      1872;        936.0;       ;      0.03;          ;     292.18;    0.059681;      -65.099689;      -65.040008;      -65.079828;      0.80;       27.39;       0.3072
      1873;        936.5;       ;      0.03;          ;     291.61;    0.059564;      -65.099354;      -65.039790;      -65.079785;      0.91;       21.89;       0.3064
      1874;        937.0;       ;      0.03;          ;     292.70;    0.059786;      -65.098849;      -65.039063;      -65.079787;      0.90;       14.63;       0.3055
      1875;        937.5;       ;      0.03;          ;     285.08;    0.058229;      -65.098098;      -65.039869;      -65.079820;      0.82;        6.35;       0.3047
      1876;        938.0;       ;      0.03;          ;     275.84;    0.056343;      -65.096662;      -65.040319;      -65.079832;      0.80;        0.00;       0.3057
      1877;        938.5;       ;      0.03;          ;     262.07;    0.053530;      -65.094439;      -65.040908;      -65.079790;      0.90;       23.89;       0.3048
      1878;        939.0;       ;      0.03;          ;     250.06;    0.051078;      -65.092018;      -65.040940;      -65.079726;      1.05;       13.94;       0.3039
      1879;        939.5;       ;      0.03;          ;     242.30;    0.049491;      -65.090365;      -65.040873;      -65.079679;      1.17;        5.12;       0.3032
      1880;        940.0;       ;      0.03;          ;     240.46;    0.049116;      -65.090168;      -65.041053;      -65.079683;      1.16;        0.00;       0.3041
      1881;        940.5;       ;      0.02;          ;     248.16;    0.050690;      -65.091363;      -65.040673;      -65.079734;      1.04;       26.72;       0.3032
      1882;        941.0;       ;      0.03;          ;     259.34;    0.052972;      -65.093109;      -65.040137;      -65.079809;      0.85;       19.25;       0.3024
      1883;        941.5;       ;      0.03;          ;     264.93;    0.054115;      -65.094252;      -65.040137;      -65.079856;      0.73;       12.02;       0.3015
      1884;        942.0;       ;      0.03;          ;     254.84;    0.052053;      -65.094089;      -65.042035;      -65.079839;      0.78;        4.63;       0.3008
      1885;        942.5;       ;      0.03;          ;     247.56;    0.050566;      -65.093028;      -65.042463;      -65.079763;      0.96;        0.00;       0.3017
      1886;        943.0;       ;      0.03;          ;     244.79;    0.050000;      -65.092337;      -65.042337;      -65.079685;      1.16;       21.32;       0.3009
      1887;        943.5;       ;      0.03;          ;     251.32;    0.051334;      -65.093158;      -65.041824;      -65.079681;      1.16;        6.93;       0.3001
      1888;        944.0;       ;      0.03;          ;     259.82;    0.053070;      -65.095589;      -65.042519;      -65.079747;      1.00;        0.00;       0.3010
      1889;        944.5;       ;      0.03;          ;     272.24;    0.055607;      -65.098678;      -65.043071;      -65.079815;      0.83;        5.77;       0.3003
      1890;        945.0;       ;      0.03;          ;     287.83;    0.058791;      -65.101424;      -65.042633;      -65.079838;      0.78;        0.00;       0.3012
      1891;        945.5;       ;      0.03;          ;     294.12;    0.060078;      -65.103429;      -65.043352;      -65.079826;      0.81;        0.00;       0.3021
      1892;        946.0;       ;      0.02;          ;     300.69;    0.061420;      -65.104753;      -65.043334;      -65.079825;      0.81;        0.00;       0.3030
      1893;        946.5;       ;      0.03;          ;     302.30;    0.061749;      -65.105399;      -65.043650;      -65.079845;      0.76;        4.37;       0.3023
      1894;        947.0;       ;      0.03;          ;     298.99;    0.061072;      -65.105074;      -65.044002;      -65.079855;      0.74;        0.00;       0.3032
      1895;        947.5;       ;      0.03;          ;     290.18;    0.059273;      -65.103671;      -65.044398;      -65.079825;      0.81;        0.00;       0.3041
      1896;        948.0;       ;      0.03;          ;     275.18;    0.056209;      -65.101676;      -65.045467;      -65.079763;      0.96;        0.00;       0.3050
      1897;        948.5;       ;      0.03;          ;     263.56;    0.053835;      -65.100061;      -65.046226;      -65.079709;      1.09;        0.00;       0.3059
      1898;        949.0;       ;      0.03;          ;     254.90;    0.052067;      -65.099645;      -65.047579;      -65.079699;      1.12;        6.44;       0.3051
      1899;        949.5;       ;      0.03;          ;     252.32;    0.051538;      -65.100600;      -65.049062;      -65.079738;      1.03;        0.00;       0.3061
      1900;        950.0;       ;      0.03;          ;     261.42;    0.053397;      -65.102382;      -65.048986;      -65.079806;      0.86;        4.16;       0.3054
      1901;        950.5;       ;      0.03;          ;     271.49;    0.055453;      -65.103994;      -65.048541;      -65.079877;      0.68;        0.00;       0.3063
      1902;        951.0;       ;      0.03;          ;     279.77;    0.057145;      -65.104359;      -65.047214;      -65.079913;      0.60;       14.25;       0.3054
      1903;        951.5;       ;      0.03;          ;     269.25;    0.054997;      -65.102880;      -65.047883;      -65.079889;      0.66;        3.18;       0.3048
      1904;        952.0;       ;      0.03;          ;     251.22;    0.051314;      -65.100023;      -65.048709;      -65.079803;      0.86;        0.00;       0.3057
      1905;        952.5;       ;      0.03;          ;     242.03;    0.049438;      -65.097216;      -65.047778;      -65.079712;      1.09;       22.15;       0.3048
      1906;        953.0;       ;      0.03;          ;     232.76;    0.047543;      -65.095781;      -65.048238;      -65.079690;      1.14;       11.44;       0.3040
      1907;        953.5;       ;      0.03;          ;     236.47;    0.048301;      -65.096145;      -65.047844;      -65.079735;      1.03;        0.80;       0.3042
      1908;        954.0;       ;      0.04;          ;     242.36;    0.049503;      -65.097729;      -65.048226;      -65.079787;      0.90;        9.24;       0.3034
      1909;        954.5;       ;      0.03;          ;     248.20;    0.050697;      -65.099725;      -65.049028;      -65.079811;      0.85;        0.00;       0.3043
      1910;        955.0;       ;      0.04;          ;     259.70;    0.053047;      -65.101738;      -65.048692;      -65.079818;      0.83;       18.62;       0.3034
      1911;        955.5;       ;      0.04;          ;     262.78;    0.053676;      -65.103547;      -65.049871;      -65.079848;      0.75;        4.74;       0.3027
      1912;        956.0;       ;      0.03;          ;     267.69;    0.054678;      -65.104654;      -65.049975;      -65.079889;      0.66;        0.00;       0.3036
      1913;        956.5;       ;      0.03;          ;     265.86;    0.054305;      -65.104485;      -65.050180;      -65.079897;      0.64;       16.16;       0.3028
      1914;        957.0;       ;      0.03;          ;     261.25;    0.053363;      -65.102875;      -65.049511;      -65.079854;      0.74;        4.98;       0.3020
      1915;        957.5;       ;      0.03;          ;     247.46;    0.050545;      -65.100402;      -65.049856;      -65.079779;      0.92;        0.00;       0.3029
      1916;        958.0;       ;      0.03;          ;     236.81;    0.048371;      -65.098169;      -65.049798;      -65.079714;      1.08;       25.93;       0.3021
      1917;        958.5;       ;      0.03;          ;     233.59;    0.047714;      -65.097085;      -65.049371;      -65.079698;      1.12;       20.55;       0.3012
      1918;        959.0;       ;      0.03;          ;     237.29;    0.048468;      -65.097383;      -65.048916;      -65.079727;      1.05;       17.30;       0.3004
      1919;        959.5;       ;      0.03;          ;     245.10;    0.050064;      -65.098620;      -65.048556;      -65.079778;      0.93;       15.66;       0.2995
      1920;        960.0;       ;      0.04;          ;     255.54;    0.052196;      -65.099997;      -65.047801;      -65.079827;      0.81;       14.84;       0.2987
      1921;        960.5;       ;      0.03;          ;     259.53;    0.053011;      -65.100752;      -65.047742;      -65.079853;      0.74;       14.01;       0.2979
      1922;        961.0;       ;      0.03;          ;     255.60;    0.052208;      -65.100503;      -65.048295;      -65.079843;      0.77;       12.18;       0.2970
      1923;        961.5;       ;      0.03;          ;     253.69;    0.051819;      -65.099491;      -65.047672;      -65.079806;      0.86;        8.58;       0.2963
      1924;        962.0;       ;      0.03;          ;     250.24;    0.051113;      -65.098309;      -65.047196;      -65.079781;      0.92;        3.12;       0.2956
      1925;        962.5;       ;      0.03;          ;     249.50;    0.050962;      -65.097361;      -65.046399;      -65.079791;      0.89;        0.00;       0.2965
      1926;        963.0;       ;      0.03;          ;     248.58;    0.050775;      -65.096542;      -65.045767;      -65.079801;      0.87;       20.16;       0.2957
      1927;        963.5;       ;      0.03;          ;     237.61;    0.048533;      -65.095683;      -65.047150;      -65.079776;      0.93;        3.92;       0.2950
      1928;        964.0;       ;      0.03;          ;     234.45;    0.047889;      -65.095226;      -65.047337;      -65.079729;      1.05;        0.00;       0.2959
      1929;        964.5;       ;      0.03;          ;     235.35;    0.048073;      -65.095850;      -65.047777;      -65.079725;      1.06;        1.04;       0.2959
      1930;        965.0;       ;      0.03;          ;     244.21;    0.049882;      -65.097566;      -65.047685;      -65.079785;      0.91;        0.00;       0.2968
      1931;        965.5;       ;      0.03;          ;     257.62;    0.052622;      -65.099461;      -65.046840;      -65.079859;      0.73;        2.84;       0.2962
      1932;        966.0;       ;      0.03;          ;     266.79;    0.054495;      -65.100378;      -65.045883;      -65.079878;      0.68;        0.00;       0.2971
      1933;        966.5;       ;      0.03;          ;     261.15;    0.053343;      -65.099871;      -65.046529;      -65.079830;      0.80;        0.00;       0.2980
      1934;        967.0;       ;      0.03;          ;     255.60;    0.052208;      -65.098556;      -65.046348;      -65.079760;      0.97;        2.15;       0.2975
      1935;        967.5;       ;      0.03;          ;     248.68;    0.050796;      -65.097435;      -65.046639;      -65.079718;      1.07;        0.00;       0.2984
      1936;        968.0;       ;      0.03;          ;     244.94;    0.050032;      -65.097118;      -65.047086;      -65.079724;      1.06;        0.45;       0.2989
      1937;        968.5;       ;      0.03;          ;     249.00;    0.050861;      -65.097523;      -65.046662;      -65.079762;      0.97;        7.81;       0.2981
      1938;        969.0;       ;      0.03;          ;     252.79;    0.051635;      -65.098063;      -65.046428;      -65.079804;      0.86;        0.00;       0.2990
      1939;        969.5;       ;      0.03;          ;     254.49;    0.051983;      -65.098084;      -65.046101;      -65.079824;      0.81;        8.90;       0.2982
      1940;        970.0;       ;      0.03;          ;     252.38;    0.051550;      -65.097265;      -65.045715;      -65.079813;      0.84;        0.00;       0.2991
      1941;        970.5;       ;      0.03;          ;     243.89;    0.049816;      -65.095802;      -65.045986;      -65.079771;      0.94;       10.54;       0.2983
      1942;        971.0;       ;      0.03;          ;     241.02;    0.049231;      -65.094384;      -65.045152;      -65.079726;      1.05;        0.00;       0.2992
      1943;        971.5;       ;      0.03;          ;     237.22;    0.048455;      -65.093718;      -65.045263;      -65.079716;      1.08;        7.99;       0.2984
      1944;        972.0;       ;      0.02;          ;     237.06;    0.048422;      -65.093992;      -65.045570;      -65.079754;      0.98;        0.00;       0.2993
      1945;        972.5;       ;      0.03;          ;     242.85;    0.049605;      -65.094734;      -65.045129;      -65.079794;      0.89;        0.00;       0.3002
      1946;        973.0;       ;      0.03;          ;     252.10;    0.051494;      -65.095416;      -65.043922;      -65.079787;      0.91;       10.01;       0.2994
      1947;        973.5;       ;      0.03;          ;     247.20;    0.050494;      -65.096043;      -65.045549;      -65.079756;      0.98;        0.00;       0.3003
      1948;        974.0;       ;      0.03;          ;     251.24;    0.051318;      -65.096975;      -65.045657;      -65.079762;      0.97;        0.00;       0.3012
      1949;        974.5;       ;      0.03;          ;     264.72;    0.054071;      -65.098135;      -65.044064;      -65.079811;      0.85;        4.57;       0.3005
      1950;        975.0;       ;      0.03;          ;     268.35;    0.054813;      -65.098737;      -65.043924;      -65.079844;      0.77;        0.00;       0.3014
      1951;        975.5;       ;      0.03;          ;     264.07;    0.053940;      -65.098192;      -65.044252;      -65.079814;      0.84;        0.00;       0.3023
      1952;        976.0;       ;      0.03;          ;     259.52;    0.053010;      -65.096882;      -65.043872;      -65.079740;      1.02;       14.15;       0.3014
      1953;        976.5;       ;      0.03;          ;     256.28;    0.052347;      -65.095814;      -65.043467;      -65.079678;      1.17;        0.00;       0.3024
      1954;        977.0;       ;      0.04;          ;     251.33;    0.051337;      -65.095862;      -65.044525;      -65.079659;      1.22;       23.45;       0.3015
      1955;        977.5;       ;      0.04;          ;     257.95;    0.052688;      -65.097242;      -65.044554;      -65.079694;      1.13;       15.40;       0.3006
      1956;        978.0;       ;      0.03;          ;     267.83;    0.054708;      -65.099460;      -65.044752;      -65.079753;      0.99;       10.61;       0.2998
      1957;        978.5;       ;      0.03;          ;     285.24;    0.058264;      -65.101616;      -65.043352;      -65.079808;      0.85;        8.38;       0.2990
      1958;        979.0;       ;      0.03;          ;     285.70;    0.058356;      -65.102865;      -65.044509;      -65.079839;      0.78;        7.90;       0.2983
      1959;        979.5;       ;      0.03;          ;     291.25;    0.059491;      -65.102721;      -65.043230;      -65.079838;      0.78;        7.49;       0.2975
      1960;        980.0;       ;      0.03;          ;     284.10;    0.058029;      -65.101275;      -65.043245;      -65.079802;      0.87;        6.52;       0.2967
      1961;        980.5;       ;      0.03;          ;     276.69;    0.056517;      -65.099136;      -65.042619;      -65.079751;      0.99;        4.27;       0.2960
      1962;        981.0;       ;      0.03;          ;     268.27;    0.054797;      -65.097143;      -65.042346;      -65.079725;      1.06;        1.28;       0.2959
      1963;        981.5;       ;      0.03;          ;     254.54;    0.051991;      -65.095765;      -65.043774;      -65.079740;      1.02;        5.44;       0.2951
      1964;        982.0;       ;      0.02;          ;     250.68;    0.051203;      -65.094991;      -65.043788;      -65.079752;      0.99;        0.00;       0.2960
      1965;        982.5;       ;      0.03;          ;     251.11;    0.051291;      -65.094764;      -65.043473;      -65.079726;      1.05;       16.81;       0.2952
      1966;        983.0;       ;      0.03;          ;     247.32;    0.050517;      -65.095378;      -65.044861;      -65.079707;      1.10;        0.71;       0.2954
      1967;        983.5;       ;      0.03;          ;     258.29;    0.052757;      -65.097029;      -65.044272;      -65.079751;      0.99;        4.99;       0.2947
      1968;        984.0;       ;      0.03;          ;     268.23;    0.054788;      -65.099022;      -65.044234;      -65.079840;      0.77;        0.00;       0.2956
      1969;        984.5;       ;      0.03;          ;     272.75;    0.055711;      -65.099954;      -65.044243;      -65.079889;      0.66;        5.13;       0.2949
      1970;        985.0;       ;      0.03;          ;     269.26;    0.054999;      -65.099014;      -65.044015;      -65.079853;      0.74;        0.00;       0.2958
      1971;        985.5;       ;      0.03;          ;     262.76;    0.053672;      -65.096632;      -65.042960;      -65.079759;      0.97;        7.78;       0.2950
      1972;        986.0;       ;      0.03;          ;     250.43;    0.051153;      -65.094059;      -65.042906;      -65.079669;      1.19;        0.00;       0.2959
      1973;        986.5;       ;      0.03;          ;     244.84;    0.050010;      -65.092600;      -65.042589;      -65.079624;      1.30;       15.40;       0.2951
      1974;        987.0;       ;      0.03;          ;     245.01;    0.050045;      -65.092873;      -65.042828;      -65.079637;      1.27;        3.65;       0.2944
      1975;        987.5;       ;      0.03;          ;     256.49;    0.052390;      -65.094677;      -65.042287;      -65.079686;      1.15;        0.00;       0.2953
      1976;        988.0;       ;      0.03;          ;     272.30;    0.055621;      -65.097268;      -65.041647;      -65.079743;      1.01;       20.34;       0.2945
      1977;        988.5;       ;      0.02;          ;     279.80;    0.057151;      -65.099689;      -65.042538;      -65.079792;      0.89;        8.86;       0.2937
      1978;        989.0;       ;      0.03;          ;     289.66;    0.059165;      -65.101190;      -65.042024;      -65.079814;      0.84;        0.00;       0.2946
      1979;        989.5;       ;      0.02;          ;     290.32;    0.059301;      -65.101538;      -65.042237;      -65.079798;      0.88;       16.90;       0.2937
      1980;        990.0;       ;      0.02;          ;     292.82;    0.059812;      -65.101000;      -65.041188;      -65.079771;      0.94;        0.00;       0.2946
      1981;        990.5;       ;      0.02;          ;     286.19;    0.058457;      -65.100039;      -65.041583;      -65.079762;      0.96;       13.91;       0.2938
      1982;        991.0;       ;      0.03;          ;     276.53;    0.056484;      -65.098857;      -65.042373;      -65.079779;      0.92;        0.00;       0.2947
      1983;        991.5;       ;      0.03;          ;     268.59;    0.054862;      -65.097420;      -65.042558;      -65.079773;      0.94;        0.00;       0.2956
      1984;        992.0;       ;      0.03;          ;     264.07;    0.053938;      -65.095956;      -65.042017;      -65.079730;      1.04;        6.49;       0.2948
      1985;        992.5;       ;      0.03;          ;     263.17;    0.053754;      -65.095053;      -65.041299;      -65.079705;      1.11;        0.00;       0.2957
      1986;        993.0;       ;      0.03;          ;     257.24;    0.052544;      -65.094992;      -65.042447;      -65.079736;      1.03;        0.00;       0.2966
      1987;        993.5;       ;      0.03;          ;     260.36;    0.053181;      -65.095295;      -65.042114;      -65.079790;      0.90;        0.00;       0.2975
      1988;        994.0;       ;      0.02;          ;     258.87;    0.052877;      -65.095150;      -65.042273;      -65.079808;      0.85;        0.00;       0.2984
      1989;        994.5;       ;      0.03;          ;     256.97;    0.052488;      -65.094177;      -65.041690;      -65.079777;      0.93;        2.44;       0.2979
      1990;        995.0;       ;      0.03;          ;     249.12;    0.050884;      -65.092704;      -65.041820;      -65.079725;      1.06;        0.00;       0.2988
      1991;        995.5;       ;      0.03;          ;     241.53;    0.049335;      -65.091401;      -65.042066;      -65.079691;      1.14;        0.00;       0.2997
      1992;        996.0;       ;      0.03;          ;     235.58;    0.048119;      -65.090752;      -65.042632;      -65.079684;      1.16;       17.32;       0.2988
      1993;        996.5;       ;      0.03;          ;     235.18;    0.048037;      -65.090811;      -65.042774;      -65.079700;      1.12;        3.04;       0.2982
      1994;        997.0;       ;      0.03;          ;     236.31;    0.048268;      -65.091336;      -65.043069;      -65.079719;      1.07;        0.00;       0.2991
      1995;        997.5;       ;      0.03;          ;     240.36;    0.049095;      -65.092032;      -65.042936;      -65.079729;      1.05;       19.93;       0.2982
      1996;        998.0;       ;      0.03;          ;     240.70;    0.049165;      -65.092702;      -65.043536;      -65.079737;      1.03;        9.73;       0.2974
      1997;        998.5;       ;      0.03;          ;     238.19;    0.048653;      -65.093293;      -65.044640;      -65.079734;      1.03;        0.22;       0.2981
      1998;        999.0;       ;      0.03;          ;     245.77;    0.050201;      -65.093978;      -65.043777;      -65.079717;      1.08;       19.69;       0.2973
      1999;        999.5;       ;      0.03;          ;     252.35;    0.051544;      -65.095051;      -65.043507;      -65.079712;      1.09;        6.90;       0.2965
      2000;       1000.0;       ;      0.02;          ;     266.60;    0.054455;      -65.096606;      -65.042151;      -65.079740;      1.02;        0.00;       0.2974
      2001;       1000.5;       ;      0.03;          ;     272.91;    0.055745;      -65.098256;      -65.042511;      -65.079788;      0.90;       12.94;       0.2966
      2002;       1001.0;       ;      0.02;          ;     277.99;    0.056782;      -65.099304;      -65.042521;      -65.079807;      0.86;        0.00;       0.2975
      2003;       1001.5;       ;      0.03;          ;     277.23;    0.056627;      -65.099534;      -65.042907;      -65.079784;      0.91;       12.46;       0.2967
      2004;       1002.0;       ;      0.03;          ;     271.96;    0.055550;      -65.099241;      -65.043691;      -65.079771;      0.94;        0.00;       0.2976
      2005;       1002.5;       ;      0.02;          ;     264.14;    0.053952;      -65.098635;      -65.044683;      -65.079787;      0.90;       10.91;       0.2968
      2006;       1003.0;       ;      0.03;          ;     260.85;    0.053281;      -65.097531;      -65.044250;      -65.079802;      0.87;        0.00;       0.2976
      2007;       1003.5;       ;      0.03;          ;     258.06;    0.052710;      -65.095700;      -65.042990;      -65.079780;      0.92;       13.88;       0.2968
      2008;       1004.0;       ;      0.03;          ;     246.24;    0.050296;      -65.093300;      -65.043004;      -65.079733;      1.04;        0.96;       0.2969
      2009;       1004.5;       ;      0.03;          ;     238.34;    0.048684;      -65.090957;      -65.042273;      -65.079685;      1.15;        7.56;       0.2961
      2010;       1005.0;       ;      0.03;          ;     227.02;    0.046371;      -65.089288;      -65.042917;      -65.079660;      1.22;        0.02;       0.2970
      2011;       1005.5;       ;      0.03;          ;     224.24;    0.045803;      -65.088642;      -65.042838;      -65.079659;      1.22;       26.96;       0.2961
      2012;       1006.0;       ;      0.03;          ;     223.44;    0.045641;      -65.088928;      -65.043287;      -65.079684;      1.16;       20.07;       0.2953
      2013;       1006.5;       ;      0.03;          ;     234.36;    0.047870;      -65.089748;      -65.041878;      -65.079716;      1.08;       13.39;       0.2944
      2014;       1007.0;       ;      0.02;          ;     240.04;    0.049031;      -65.090571;      -65.041540;      -65.079744;      1.01;        6.52;       0.2937
      2015;       1007.5;       ;      0.03;          ;     238.15;    0.048645;      -65.090892;      -65.042247;      -65.079758;      0.97;        0.00;       0.2946
      2016;       1008.0;       ;      0.03;          ;     237.43;    0.048498;      -65.090557;      -65.042059;      -65.079743;      1.01;       22.98;       0.2937
      2017;       1008.5;       ;      0.03;          ;     233.94;    0.047784;      -65.089838;      -65.042054;      -65.079708;      1.10;        8.89;       0.2930
      2018;       1009.0;       ;      0.02;          ;     233.61;    0.047717;      -65.089363;      -65.041646;      -65.079675;      1.18;        0.00;       0.2938
      2019;       1009.5;       ;      0.03;          ;     234.26;    0.047850;      -65.089721;      -65.041871;      -65.079673;      1.18;        7.69;       0.2931
      2020;       1010.0;       ;      0.03;          ;     242.20;    0.049472;      -65.091043;      -65.041571;      -65.079694;      1.13;        0.00;       0.2940
      2021;       1010.5;       ;      0.02;          ;     256.22;    0.052335;      -65.093127;      -65.040792;      -65.079709;      1.09;        0.00;       0.2948
      2022;       1011.0;       ;      0.03;          ;     272.56;    0.055673;      -65.095723;      -65.040050;      -65.079732;      1.04;        3.90;       0.2942
      2023;       1011.5;       ;      0.03;          ;     285.16;    0.058247;      -65.098341;      -65.040095;      -65.079793;      0.89;        0.00;       0.2951
      2024;       1012.0;       ;      0.02;          ;     285.41;    0.058297;      -65.099983;      -65.041686;      -65.079852;      0.75;        0.00;       0.2959
      2025;       1012.5;       ;      0.03;          ;     288.39;    0.058906;      -65.099788;      -65.040882;      -65.079847;      0.76;        0.00;       0.2968
      2026;       1013.0;       ;      0.03;          ;     281.64;    0.057528;      -65.097778;      -65.040250;      -65.079774;      0.94;        4.80;       0.2961
      2027;       1013.5;       ;      0.02;          ;     272.69;    0.055699;      -65.094849;      -65.039151;      -65.079691;      1.14;        0.00;       0.2970
      2028;       1014.0;       ;      0.02;          ;     259.28;    0.052960;      -65.092104;      -65.039145;      -65.079644;      1.25;        0.00;       0.2979
      2029;       1014.5;       ;      0.03;          ;     253.10;    0.051698;      -65.090197;      -65.038499;      -65.079642;      1.26;       14.33;       0.2971
      2030;       1015.0;       ;      0.02;          ;     245.06;    0.050055;      -65.089081;      -65.039026;      -65.079665;      1.20;        0.00;       0.2980
      2031;       1015.5;       ;      0.02;          ;     243.04;    0.049643;      -65.088402;      -65.038759;      -65.079681;      1.16;       16.08;       0.2971
      2032;       1016.0;       ;      0.03;          ;     237.62;    0.048537;      -65.087835;      -65.039298;      -65.079690;      1.14;        0.39;       0.2977
      2033;       1016.5;       ;      0.03;          ;     239.41;    0.048901;      -65.087243;      -65.038343;      -65.079691;      1.14;       11.84;       0.2969
      2034;       1017.0;       ;      0.03;          ;     235.39;    0.048080;      -65.086550;      -65.038470;      -65.079697;      1.12;        0.00;       0.2978
      2035;       1017.5;       ;      0.02;          ;     228.26;    0.046625;      -65.085711;      -65.039086;      -65.079693;      1.13;       10.51;       0.2970
      2036;       1018.0;       ;      0.02;          ;     228.24;    0.046621;      -65.084900;      -65.038279;      -65.079674;      1.18;        0.00;       0.2978
      2037;       1018.5;       ;      0.02;          ;     221.33;    0.045209;      -65.084494;      -65.039284;      -65.079653;      1.23;        1.79;       0.2974
      2038;       1019.0;       ;      0.02;          ;     221.28;    0.045199;      -65.084917;      -65.039718;      -65.079657;      1.22;        0.00;       0.2983
      2039;       1019.5;       ;      0.02;          ;     225.10;    0.045979;      -65.086283;      -65.040304;      -65.079676;      1.18;        0.00;       0.2992
      2040;       1020.0;       ;      0.02;          ;     238.06;    0.048627;      -65.088432;      -65.039805;      -65.079688;      1.15;        2.56;       0.2987
      2041;       1020.5;       ;      0.03;          ;     253.36;    0.051752;      -65.091216;      -65.039464;      -65.079708;      1.10;        0.00;       0.2996
      2042;       1021.0;       ;      0.02;          ;     260.75;    0.053261;      -65.094230;      -65.040969;      -65.079760;      0.97;        0.00;       0.3005
      2043;       1021.5;       ;      0.02;          ;     277.27;    0.056635;      -65.096674;      -65.040039;      -65.079807;      0.86;        2.18;       0.3000
      2044;       1022.0;       ;      0.02;          ;     281.06;    0.057410;      -65.097900;      -65.040491;      -65.079799;      0.88;        0.00;       0.3009
      2045;       1022.5;       ;      0.03;          ;     278.37;    0.056859;      -65.097926;      -65.041067;      -65.079738;      1.02;        5.23;       0.3002
      2046;       1023.0;       ;      0.03;          ;     278.36;    0.056858;      -65.097619;      -65.040761;      -65.079677;      1.18;        0.00;       0.3011
      2047;       1023.5;       ;      0.03;          ;     281.78;    0.057556;      -65.097860;      -65.040304;      -65.079652;      1.23;       16.12;       0.3002
      2048;       1024.0;       ;      0.02;          ;     288.39;    0.058906;      -65.098927;      -65.040021;      -65.079675;      1.18;        7.02;       0.2995
      2049;       1024.5;       ;      0.03;          ;     298.57;    0.060985;      -65.100437;      -65.039452;      -65.079718;      1.07;        1.03;       0.2994
      2050;       1025.0;       ;      0.03;          ;     295.67;    0.060393;      -65.101681;      -65.041288;      -65.079754;      0.98;       10.60;       0.2986
      2051;       1025.5;       ;      0.02;          ;     298.96;    0.061065;      -65.102059;      -65.040994;      -65.079776;      0.93;        4.04;       0.2979
      2052;       1026.0;       ;      0.03;          ;     298.39;    0.060948;      -65.101283;      -65.040335;      -65.079781;      0.92;        0.00;       0.2988
      2053;       1026.5;       ;      0.02;          ;     287.10;    0.058644;      -65.099260;      -65.040617;      -65.079763;      0.96;       23.45;       0.2980
      2054;       1027.0;       ;      0.03;          ;     276.73;    0.056524;      -65.096276;      -65.039752;      -65.079725;      1.06;       10.37;       0.2972
      2055;       1027.5;       ;      0.02;          ;     258.51;    0.052802;      -65.092997;      -65.040194;      -65.079665;      1.20;        0.00;       0.2981
      2056;       1028.0;       ;      0.02;          ;     250.39;    0.051145;      -65.090463;      -65.039318;      -65.079619;      1.32;       12.02;       0.2973
      2057;       1028.5;       ;      0.02;          ;     248.67;    0.050794;      -65.089392;      -65.038599;      -65.079626;      1.30;        0.00;       0.2981
      2058;       1029.0;       ;      0.03;          ;     249.94;    0.051053;      -65.089769;      -65.038716;      -65.079660;      1.22;        3.79;       0.2975
      2059;       1029.5;       ;      0.02;          ;     258.49;    0.052799;      -65.091126;      -65.038326;      -65.079691;      1.14;        0.00;       0.2984
      2060;       1030.0;       ;      0.03;          ;     266.99;    0.054535;      -65.092925;      -65.038390;      -65.079739;      1.02;        0.00;       0.2993
      2061;       1030.5;       ;      0.03;          ;     266.58;    0.054451;      -65.094306;      -65.039855;      -65.079814;      0.84;        4.51;       0.2986
      2062;       1031.0;       ;      0.02;          ;     268.77;    0.054899;      -65.094163;      -65.039264;      -65.079854;      0.74;        0.00;       0.2995
      2063;       1031.5;       ;      0.03;          ;     261.81;    0.053478;      -65.091923;      -65.038446;      -65.079802;      0.87;        0.00;       0.3004
      2064;       1032.0;       ;      0.03;          ;     242.98;    0.049631;      -65.088242;      -65.038610;      -65.079676;      1.18;       13.38;       0.2995
      2065;       1032.5;       ;      0.03;          ;     223.90;    0.045735;      -65.084930;      -65.039195;      -65.079560;      1.46;        0.00;       0.3004
      2066;       1033.0;       ;      0.03;          ;     212.02;    0.043308;      -65.083740;      -65.040433;      -65.079515;      1.57;       15.16;       0.2996
      2067;       1033.5;       ;      0.02;          ;     221.08;    0.045158;      -65.085344;      -65.040186;      -65.079555;      1.47;        0.54;       0.3000
      2068;       1034.0;       ;      0.03;          ;     239.83;    0.048988;      -65.089193;      -65.040206;      -65.079633;      1.28;       11.29;       0.2992
      2069;       1034.5;       ;      0.03;          ;     260.79;    0.053268;      -65.094014;      -65.040746;      -65.079713;      1.09;        0.00;       0.3001
      2070;       1035.0;       ;      0.03;          ;     280.01;    0.057195;      -65.098512;      -65.041317;      -65.079771;      0.94;       15.81;       0.2993
      2071;       1035.5;       ;      0.02;          ;     289.47;    0.059128;      -65.101721;      -65.042594;      -65.079813;      0.84;        0.00;       0.3002
      2072;       1036.0;       ;      0.02;          ;     290.94;    0.059427;      -65.103057;      -65.043630;      -65.079826;      0.81;       12.65;       0.2993
      2073;       1036.5;       ;      0.03;          ;     291.72;    0.059586;      -65.102445;      -65.042859;      -65.079804;      0.86;        0.00;       0.3002
      2074;       1037.0;       ;      0.02;          ;     282.17;    0.057636;      -65.100327;      -65.042691;      -65.079744;      1.01;        0.00;       0.3011
      2075;       1037.5;       ;      0.02;          ;     268.93;    0.054932;      -65.097693;      -65.042761;      -65.079674;      1.18;        6.52;       0.3004
      2076;       1038.0;       ;      0.03;          ;     253.71;    0.051823;      -65.095704;      -65.043881;      -65.079629;      1.29;        0.00;       0.3013
      2077;       1038.5;       ;      0.02;          ;     255.49;    0.052185;      -65.095191;      -65.043006;      -65.079620;      1.31;        0.00;       0.3022
      2078;       1039.0;       ;      0.03;          ;     263.60;    0.053842;      -65.096319;      -65.042477;      -65.079653;      1.23;        0.00;       0.3031
      2079;       1039.5;       ;      0.02;          ;     275.97;    0.056369;      -65.098495;      -65.042126;      -65.079733;      1.04;        0.00;       0.3040
      2080;       1040.0;       ;      0.02;          ;     285.36;    0.058287;      -65.100425;      -65.042138;      -65.079821;      0.82;        0.00;       0.3049
      2081;       1040.5;       ;      0.03;          ;     285.77;    0.058371;      -65.100703;      -65.042332;      -65.079856;      0.74;        1.60;       0.3046
      2082;       1041.0;       ;      0.03;          ;     275.44;    0.056260;      -65.098731;      -65.042471;      -65.079818;      0.83;        0.00;       0.3055
      2083;       1041.5;       ;      0.03;          ;     257.54;    0.052606;      -65.095024;      -65.042418;      -65.079738;      1.03;        0.00;       0.3064
      2084;       1042.0;       ;      0.02;          ;     237.28;    0.048466;      -65.090765;      -65.042299;      -65.079658;      1.22;       15.53;       0.3055
      2085;       1042.5;       ;      0.03;          ;     213.38;    0.043586;      -65.087126;      -65.043540;      -65.079614;      1.33;        0.00;       0.3065
      2086;       1043.0;       ;      0.03;          ;     200.31;    0.040915;      -65.084904;      -65.043988;      -65.079599;      1.36;       19.13;       0.3056
      2087;       1043.5;       ;      0.02;          ;     197.94;    0.040430;      -65.084318;      -65.043888;      -65.079608;      1.34;        5.27;       0.3048
      2088;       1044.0;       ;      0.02;          ;     201.51;    0.041160;      -65.085242;      -65.044082;      -65.079630;      1.29;        0.00;       0.3058
      2089;       1044.5;       ;      0.03;          ;     210.20;    0.042935;      -65.087307;      -65.044372;      -65.079668;      1.20;       15.31;       0.3049
      2090;       1045.0;       ;      0.02;          ;     218.91;    0.044715;      -65.089878;      -65.045163;      -65.079728;      1.05;        0.51;       0.3053
      2091;       1045.5;       ;      0.03;          ;     226.31;    0.046225;      -65.092093;      -65.045868;      -65.079781;      0.92;        9.79;       0.3045
      2092;       1046.0;       ;      0.02;          ;     234.10;    0.047817;      -65.093263;      -65.045446;      -65.079795;      0.88;        0.00;       0.3054
      2093;       1046.5;       ;      0.02;          ;     238.96;    0.048811;      -65.093287;      -65.044477;      -65.079757;      0.98;        7.84;       0.3046
      2094;       1047.0;       ;      0.02;          ;     237.82;    0.048576;      -65.092725;      -65.044149;      -65.079702;      1.11;        0.00;       0.3056
      2095;       1047.5;       ;      0.02;          ;     242.48;    0.049529;      -65.092440;      -65.042911;      -65.079666;      1.20;        1.23;       0.3054
      2096;       1048.0;       ;      0.02;          ;     245.50;    0.050146;      -65.092998;      -65.042852;      -65.079656;      1.22;        0.00;       0.3063
      2097;       1048.5;       ;      0.02;          ;     252.99;    0.051676;      -65.094509;      -65.042833;      -65.079676;      1.18;        6.10;       0.3055
      2098;       1049.0;       ;      0.03;          ;     265.42;    0.054215;      -65.096601;      -65.042386;      -65.079732;      1.04;        0.00;       0.3064
      2099;       1049.5;       ;      0.03;          ;     276.35;    0.056448;      -65.098355;      -65.041907;      -65.079789;      0.90;        3.83;       0.3058
      2100;       1050.0;       ;      0.03;          ;     282.48;    0.057699;      -65.098826;      -65.041127;      -65.079795;      0.89;        0.00;       0.3067
      2101;       1050.5;       ;      0.02;          ;     276.76;    0.056531;      -65.097792;      -65.041261;      -65.079744;      1.01;       11.19;       0.3059
      2102;       1051.0;       ;      0.03;          ;     269.60;    0.055069;      -65.095912;      -65.040843;      -65.079675;      1.18;        0.00;       0.3068
      2103;       1051.5;       ;      0.03;          ;     262.37;    0.053592;      -65.094171;      -65.040579;      -65.079624;      1.30;       22.67;       0.3059
      2104;       1052.0;       ;      0.02;          ;     262.24;    0.053565;      -65.093268;      -65.039703;      -65.079616;      1.32;       11.71;       0.3051
      2105;       1052.5;       ;      0.02;          ;     262.29;    0.053575;      -65.093293;      -65.039718;      -65.079643;      1.26;        1.42;       0.3048
      2106;       1053.0;       ;      0.02;          ;     264.99;    0.054127;      -65.093824;      -65.039698;      -65.079682;      1.16;        1.29;       0.3046
      2107;       1053.5;       ;      0.03;          ;     263.62;    0.053847;      -65.094260;      -65.040413;      -65.079712;      1.09;        0.78;       0.3048
      2108;       1054.0;       ;      0.03;          ;     263.16;    0.053753;      -65.094168;      -65.040415;      -65.079721;      1.07;        6.02;       0.3040
      2109;       1054.5;       ;      0.03;          ;     256.95;    0.052485;      -65.093420;      -65.040935;      -65.079717;      1.08;        0.00;       0.3049
      2110;       1055.0;       ;      0.03;          ;     251.19;    0.051307;      -65.092144;      -65.040837;      -65.079703;      1.11;        3.14;       0.3043
      2111;       1055.5;       ;      0.03;          ;     245.27;    0.050098;      -65.090650;      -65.040552;      -65.079679;      1.17;        0.00;       0.3052
      2112;       1056.0;       ;      0.03;          ;     246.93;    0.050437;      -65.089395;      -65.038958;      -65.079648;      1.24;        0.00;       0.3061
      2113;       1056.5;       ;      0.02;          ;     236.45;    0.048296;      -65.088868;      -65.040572;      -65.079623;      1.31;        0.00;       0.3071
      2114;       1057.0;       ;      0.03;          ;     236.65;    0.048339;      -65.089564;      -65.041225;      -65.079614;      1.33;        2.65;       0.3065
      2115;       1057.5;       ;      0.03;          ;     247.08;    0.050468;      -65.091733;      -65.041265;      -65.079636;      1.27;        0.00;       0.3074
      2116;       1058.0;       ;      0.03;          ;     257.87;    0.052672;      -65.095020;      -65.042348;      -65.079707;      1.10;        0.00;       0.3083
      2117;       1058.5;       ;      0.03;          ;     276.56;    0.056490;      -65.098281;      -65.041791;      -65.079801;      0.87;        0.00;       0.3093
      2118;       1059.0;       ;      0.03;          ;     286.59;    0.058540;      -65.100095;      -65.041555;      -65.079848;      0.76;        0.00;       0.3102
      2119;       1059.5;       ;      0.03;          ;     285.34;    0.058284;      -65.099600;      -65.041316;      -65.079813;      0.84;        3.00;       0.3096
      2120;       1060.0;       ;      0.03;          ;     274.67;    0.056104;      -65.097163;      -65.041059;      -65.079730;      1.04;        0.00;       0.3105
      2121;       1060.5;       ;      0.03;          ;     259.38;    0.052980;      -65.093940;      -65.040960;      -65.079650;      1.24;        0.00;       0.3114
      2122;       1061.0;       ;      0.03;          ;     243.02;    0.049639;      -65.091141;      -65.041502;      -65.079596;      1.37;        8.98;       0.3106
      2123;       1061.5;       ;      0.03;          ;     241.04;    0.049235;      -65.089614;      -65.040379;      -65.079574;      1.43;        0.00;       0.3115
      2124;       1062.0;       ;      0.03;          ;     246.36;    0.050322;      -65.089672;      -65.039350;      -65.079578;      1.42;        3.09;       0.3109
      2125;       1062.5;       ;      0.03;          ;     251.70;    0.051413;      -65.091206;      -65.039793;      -65.079607;      1.34;        0.00;       0.3118
      2126;       1063.0;       ;      0.03;          ;     265.19;    0.054168;      -65.093702;      -65.039534;      -65.079660;      1.22;        0.00;       0.3128
      2127;       1063.5;       ;      0.03;          ;     273.06;    0.055775;      -65.096354;      -65.040578;      -65.079723;      1.06;        9.34;       0.3119
      2128;       1064.0;       ;      0.02;          ;     283.27;    0.057861;      -65.098178;      -65.040317;      -65.079780;      0.92;        0.00;       0.3129
      2129;       1064.5;       ;      0.03;          ;     281.08;    0.057413;      -65.098399;      -65.040985;      -65.079808;      0.85;        0.00;       0.3138
      2130;       1065.0;       ;      0.03;          ;     278.71;    0.056929;      -65.096716;      -65.039787;      -65.079787;      0.90;        0.00;       0.3148
      2131;       1065.5;       ;      0.03;          ;     264.37;    0.053999;      -65.093543;      -65.039544;      -65.079715;      1.08;        2.81;       0.3141
      2132;       1066.0;       ;      0.03;          ;     246.97;    0.050446;      -65.090082;      -65.039636;      -65.079621;      1.31;        0.00;       0.3151
      2133;       1066.5;       ;      0.03;          ;     239.02;    0.048822;      -65.087893;      -65.039071;      -65.079552;      1.48;        0.00;       0.3160
      2134;       1067.0;       ;      0.02;          ;     237.70;    0.048552;      -65.088058;      -65.039505;      -65.079553;      1.48;        0.00;       0.3170
      2135;       1067.5;       ;      0.03;          ;     253.47;    0.051774;      -65.090534;      -65.038760;      -65.079638;      1.27;        0.53;       0.3174
      2136;       1068.0;       ;      0.03;          ;     268.24;    0.054790;      -65.094015;      -65.039225;      -65.079750;      1.00;        3.39;       0.3168
      2137;       1068.5;       ;      0.03;          ;     283.22;    0.057851;      -65.096681;      -65.038831;      -65.079808;      0.85;        0.00;       0.3177
      2138;       1069.0;       ;      0.03;          ;     277.87;    0.056758;      -65.097528;      -65.040770;      -65.079788;      0.90;        7.42;       0.3169
      2139;       1069.5;       ;      0.03;          ;     272.55;    0.055672;      -65.096718;      -65.041047;      -65.079734;      1.03;        0.00;       0.3178
      2140;       1070.0;       ;      0.03;          ;     267.08;    0.054555;      -65.095048;      -65.040494;      -65.079684;      1.16;       19.97;       0.3169
      2141;       1070.5;       ;      0.03;          ;     256.93;    0.052480;      -65.093169;      -65.040689;      -65.079655;      1.23;       10.30;       0.3161
      2142;       1071.0;       ;      0.02;          ;     248.92;    0.050845;      -65.091552;      -65.040707;      -65.079630;      1.29;        1.97;       0.3156
      2143;       1071.5;       ;      0.02;          ;     251.67;    0.051405;      -65.090605;      -65.039199;      -65.079604;      1.35;        0.65;       0.3159
      2144;       1072.0;       ;      0.03;          ;     254.34;    0.051951;      -65.090651;      -65.038701;      -65.079593;      1.38;       13.46;       0.3151
      2145;       1072.5;       ;      0.02;          ;     265.20;    0.054170;      -65.091778;      -65.037608;      -65.079616;      1.32;        1.02;       0.3150
      2146;       1073.0;       ;      0.02;          ;     279.38;    0.057066;      -65.093610;      -65.036545;      -65.079671;      1.19;        2.56;       0.3145
      2147;       1073.5;       ;      0.03;          ;     285.28;    0.058271;      -65.095291;      -65.037021;      -65.079732;      1.04;        0.00;       0.3154
      2148;       1074.0;       ;      0.03;          ;     295.10;    0.060278;      -65.095938;      -65.035660;      -65.079762;      0.97;        5.41;       0.3146
      2149;       1074.5;       ;      0.03;          ;     294.54;    0.060164;      -65.095147;      -65.034983;      -65.079744;      1.01;        0.00;       0.3156
      2150;       1075.0;       ;      0.02;          ;     290.88;    0.059416;      -65.093212;      -65.033796;      -65.079688;      1.15;        0.00;       0.3165
      2151;       1075.5;       ;      0.03;          ;     276.44;    0.056465;      -65.091007;      -65.034541;      -65.079629;      1.29;        4.06;       0.3158
      2152;       1076.0;       ;      0.03;          ;     272.31;    0.055621;      -65.089550;      -65.033929;      -65.079600;      1.36;        0.00;       0.3168
      2153;       1076.5;       ;      0.03;          ;     270.69;    0.055292;      -65.089308;      -65.034016;      -65.079629;      1.29;        0.00;       0.3177
      2154;       1077.0;       ;      0.03;          ;     275.42;    0.056257;      -65.089825;      -65.033568;      -65.079704;      1.11;        0.00;       0.3187
      2155;       1077.5;       ;      0.03;          ;     272.18;    0.055594;      -65.089949;      -65.034355;      -65.079752;      0.99;       10.83;       0.3178
      2156;       1078.0;       ;      0.03;          ;     266.44;    0.054422;      -65.088900;      -65.034477;      -65.079720;      1.07;        0.00;       0.3188
      2157;       1078.5;       ;      0.03;          ;     253.10;    0.051697;      -65.087058;      -65.035361;      -65.079639;      1.27;        3.21;       0.3181
      2158;       1079.0;       ;      0.03;          ;     246.87;    0.050424;      -65.085550;      -65.035125;      -65.079582;      1.41;        0.00;       0.3191
      2159;       1079.5;       ;      0.03;          ;     245.80;    0.050208;      -65.085175;      -65.034968;      -65.079580;      1.41;        3.81;       0.3184
      2160;       1080.0;       ;      0.03;          ;     246.63;    0.050376;      -65.085932;      -65.035555;      -65.079613;      1.33;        0.00;       0.3193
      2161;       1080.5;       ;      0.03;          ;     256.24;    0.052339;      -65.087335;      -65.034996;      -65.079639;      1.27;        2.48;       0.3187
      2162;       1081.0;       ;      0.02;          ;     264.53;    0.054032;      -65.088984;      -65.034951;      -65.079640;      1.26;        0.00;       0.3197
      2163;       1081.5;       ;      0.02;          ;     278.83;    0.056954;      -65.090772;      -65.033818;      -65.079633;      1.28;        0.00;       0.3207
      2164;       1082.0;       ;      0.03;          ;     286.25;    0.058470;      -65.092737;      -65.034267;      -65.079644;      1.25;        4.48;       0.3199
      2165;       1082.5;       ;      0.03;          ;     299.63;    0.061202;      -65.094637;      -65.033435;      -65.079685;      1.15;        0.00;       0.3209
      2166;       1083.0;       ;      0.03;          ;     302.08;    0.061702;      -65.095892;      -65.034189;      -65.079734;      1.03;        0.00;       0.3218
      2167;       1083.5;       ;      0.03;          ;     301.64;    0.061613;      -65.095834;      -65.034221;      -65.079753;      0.99;        0.00;       0.3228
      2168;       1084.0;       ;      0.03;          ;     295.85;    0.060431;      -65.094317;      -65.033886;      -65.079720;      1.07;        0.00;       0.3238
      2169;       1084.5;       ;      0.03;          ;     283.01;    0.057807;      -65.091958;      -65.034151;      -65.079641;      1.26;        0.00;       0.3248
      2170;       1085.0;       ;      0.03;          ;     272.75;    0.055711;      -65.090060;      -65.034349;      -65.079565;      1.45;        0.00;       0.3257
      2171;       1085.5;       ;      0.02;          ;     269.09;    0.054965;      -65.089821;      -65.034856;      -65.079556;      1.47;        0.00;       0.3267
      2172;       1086.0;       ;      0.03;          ;     280.93;    0.057382;      -65.091394;      -65.034012;      -65.079634;      1.28;        0.00;       0.3277
      2173;       1086.5;       ;      0.03;          ;     293.97;    0.060046;      -65.093580;      -65.033533;      -65.079746;      1.01;        0.00;       0.3287
      2174;       1087.0;       ;      0.03;          ;     295.66;    0.060391;      -65.094580;      -65.034189;      -65.079802;      0.87;        0.00;       0.3297
      2175;       1087.5;       ;      0.03;          ;     285.17;    0.058248;      -65.093416;      -65.035168;      -65.079774;      0.94;        0.00;       0.3306
      2176;       1088.0;       ;      0.03;          ;     270.37;    0.055226;      -65.090458;      -65.035232;      -65.079700;      1.12;        0.00;       0.3316
      2177;       1088.5;       ;      0.03;          ;     250.92;    0.051252;      -65.086763;      -65.035511;      -65.079628;      1.29;        1.65;       0.3312
      2178;       1089.0;       ;      0.02;          ;     235.19;    0.048040;      -65.083430;      -65.035389;      -65.079578;      1.42;        0.00;       0.3322
      2179;       1089.5;       ;      0.02;          ;     223.05;    0.045559;      -65.081228;      -65.035669;      -65.079550;      1.48;        9.92;       0.3313
      2180;       1090.0;       ;      0.03;          ;     220.69;    0.045077;      -65.080604;      -65.035527;      -65.079546;      1.50;        0.00;       0.3323
      2181;       1090.5;       ;      0.02;          ;     228.90;    0.046755;      -65.081644;      -65.034889;      -65.079561;      1.46;       11.76;       0.3314
      2182;       1091.0;       ;      0.03;          ;     239.13;    0.048845;      -65.084087;      -65.035242;      -65.079596;      1.37;        0.00;       0.3324
      2183;       1091.5;       ;      0.03;          ;     256.82;    0.052458;      -65.087365;      -65.034907;      -65.079646;      1.25;       10.97;       0.3315
      2184;       1092.0;       ;      0.03;          ;     275.42;    0.056256;      -65.090709;      -65.034453;      -65.079709;      1.09;        0.00;       0.3325
      2185;       1092.5;       ;      0.03;          ;     292.78;    0.059803;      -65.093150;      -65.033346;      -65.079764;      0.96;        5.51;       0.3317
      2186;       1093.0;       ;      0.03;          ;     287.93;    0.058812;      -65.093859;      -65.035047;      -65.079779;      0.92;        0.00;       0.3327
      2187;       1093.5;       ;      0.03;          ;     288.44;    0.058917;      -65.092735;      -65.033818;      -65.079734;      1.03;        0.00;       0.3337
      2188;       1094.0;       ;      0.02;          ;     278.62;    0.056910;      -65.090568;      -65.033658;      -65.079644;      1.25;       11.01;       0.3328
      2189;       1094.5;       ;      0.02;          ;     269.42;    0.055031;      -65.088756;      -65.033725;      -65.079559;      1.46;        0.00;       0.3338
      2190;       1095.0;       ;      0.02;          ;     271.47;    0.055451;      -65.088633;      -65.033182;      -65.079537;      1.52;        3.98;       0.3330
      2191;       1095.5;       ;      0.02;          ;     282.13;    0.057628;      -65.090505;      -65.032877;      -65.079602;      1.36;        0.00;       0.3340
      2192;       1096.0;       ;      0.02;          ;     296.40;    0.060542;      -65.093339;      -65.032796;      -65.079703;      1.11;        6.41;       0.3332
      2193;       1096.5;       ;      0.02;          ;     304.59;    0.062215;      -65.095536;      -65.033322;      -65.079757;      0.98;        0.00;       0.3342
      2194;       1097.0;       ;      0.03;          ;     302.22;    0.061732;      -65.096155;      -65.034423;      -65.079736;      1.03;       14.34;       0.3333
      2195;       1097.5;       ;      0.02;          ;     293.56;    0.059963;      -65.095378;      -65.035416;      -65.079685;      1.15;        1.37;       0.3330
      2196;       1098.0;       ;      0.02;          ;     281.86;    0.057572;      -65.093941;      -65.036370;      -65.079647;      1.25;        0.88;       0.3331
      2197;       1098.5;       ;      0.02;          ;     275.71;    0.056316;      -65.092448;      -65.036132;      -65.079633;      1.28;        6.99;       0.3323
      2198;       1099.0;       ;      0.03;          ;     266.27;    0.054388;      -65.091110;      -65.036722;      -65.079632;      1.28;        0.00;       0.3333
      2199;       1099.5;       ;      0.02;          ;     265.05;    0.054138;      -65.089981;      -65.035842;      -65.079626;      1.30;       12.45;       0.3323
      2200;       1100.0;       ;      0.02;          ;     261.44;    0.053401;      -65.089131;      -65.035731;      -65.079611;      1.34;        0.00;       0.3333
