# Simulation Time; Colvar 1 Position / Angstrom; Colvar 1 Internal Force / kJ mol^-1 Angstrom^-1
1000.00; 2.0102508337; 47.7684594918
1000.25; 2.0104035731; 47.4323798354
1000.50; 2.0106017759; 46.9472032133
1000.75; 2.0108461654; 46.2865199847
1001.00; 2.0111329175; 45.4351943506
1001.25; 2.0114619432; 44.3714132069
1001.50; 2.0118325422; 43.0785910356
1001.75; 2.0122422791; 41.5470874439
1002.00; 2.0126892058; 39.7711084113
1002.25; 2.0131706280; 37.7512121071
1002.50; 2.0136866447; 35.4791355676
1002.75; 2.0142345755; 32.9615158776
1003.00; 2.0148120173; 30.2068642467
1003.25; 2.0154181995; 27.2188766773
1003.50; 2.0160497825; 24.0165636910
1003.75; 2.0167055195; 20.6112272719
1004.00; 2.0173804173; 17.0355529700
1004.25; 2.0180719987; 13.3117840320
1004.50; 2.0187782413; 9.4617497358
1004.75; 2.0194937472; 5.5277506199
1005.00; 2.0202190261; 1.5212823483
1005.25; 2.0209473902; -2.5050105355
1005.50; 2.0216751447; -6.5146380714
1005.75; 2.0224010518; -10.4834141860
1006.00; 2.0231203280; -14.3673658805
1006.25; 2.0238299452; -18.1322194427
1006.50; 2.0245257356; -21.7382937702
1006.75; 2.0252048866; -25.1545384214
1007.00; 2.0258644722; -28.3509166056
1007.25; 2.0265035515; -31.3088920174
1007.50; 2.0271193829; -34.0038871509
1007.75; 2.0277101783; -36.4205264064
1008.00; 2.0282718926; -38.5353305050
1008.25; 2.0288037437; -40.3426769821
1008.50; 2.0293047715; -41.8399231171
1008.75; 2.0297691225; -43.0155687435
1009.00; 2.0301992487; -43.8893142894
1009.25; 2.0305918306; -44.4671680810
1009.50; 2.0309472224; -44.7624577285
1009.75; 2.0312642756; -44.7927835621
1010.00; 2.0315435936; -44.5782160464
1010.25; 2.0317852220; -44.1391352089
1010.50; 2.0319889479; -43.4972328719
1010.75; 2.0321557247; -42.6707751139
1011.00; 2.0322861572; -41.6777196548
1011.25; 2.0323801290; -40.5399789264
1011.50; 2.0324385080; -39.2754310785
1011.75; 2.0324623960; -37.8996281421
1012.00; 2.0324528373; -36.4315571908
1012.25; 2.0324111881; -34.8856667138
1012.50; 2.0323386496; -33.2654281329
1012.75; 2.0322366209; -31.5800511118
1013.00; 2.0321064368; -29.8366140462
1013.25; 2.0319503125; -28.0512205798
1013.50; 2.0317690019; -26.2208598092
1013.75; 2.0315646291; -24.3569304319
1014.00; 2.0313390778; -22.4665947155
1014.25; 2.0310950614; -20.5640914040
1014.50; 2.0308345557; -18.6577098420
1014.75; 2.0305597573; -16.7576645915
1015.00; 2.0302718777; -14.8684799884
1015.25; 2.0299747783; -13.0127286782
1015.50; 2.0296696317; -11.1955927401
1015.75; 2.0293568194; -9.4220541358
1016.00; 2.0290386729; -7.7089055403
1016.25; 2.0287156628; -6.0632691480
1016.50; 2.0283901307; -4.5022143828
1016.75; 2.0280657020; -3.0486223557
1017.00; 2.0277432687; -1.7113179372
1017.25; 2.0274232421; -0.4964859174
1017.50; 2.0271093598; 0.5800509033
1017.75; 2.0268013328; 1.5210036249
1018.00; 2.0264993131; 2.3305711946
1018.25; 2.0262036803; 3.0188261046
1018.50; 2.0259140186; 3.5991242863
1018.75; 2.0256308345; 4.0904515958
1019.00; 2.0253554726; 4.5153241511
1019.25; 2.0250871186; 4.9044689518
1019.50; 2.0248282068; 5.2857838403
1019.75; 2.0245783959; 5.6971511961
1020.00; 2.0243374807; 6.1771917515
1020.25; 2.0241074575; 6.7569455183
1020.50; 2.0238878978; 7.4589755733
1020.75; 2.0236799193; 8.3177606495
1021.00; 2.0234845976; 9.3481839019
1021.25; 2.0233027994; 10.5618848251
1021.50; 2.0231351976; 11.9678223163
1021.75; 2.0229837524; 13.5572119719
1022.00; 2.0228509392; 15.3056642718
1022.25; 2.0227379900; 17.1972221527
1022.50; 2.0226467758; 19.1943477020
1022.75; 2.0225791036; 21.2691125662
1023.00; 2.0225375193; 23.3695412472
1023.25; 2.0225242681; 25.4486264587
1023.50; 2.0225417024; 27.4536497446
1023.75; 2.0225920496; 29.3176719614
1024.00; 2.0226771306; 30.9749084082
1024.25; 2.0227990271; 32.3716799031
1024.50; 2.0229594338; 33.4508201240
1024.75; 2.0231588553; 34.1603162335
1025.00; 2.0233984825; 34.4564412392
1025.25; 2.0236792108; 34.3001756742
1025.50; 2.0240017842; 33.6594025526
1025.75; 2.0243654494; 32.5098703771
1026.00; 2.0247700467; 30.8331983018
1026.25; 2.0252162288; 28.6139559138
1026.50; 2.0256982443; 25.8719083650
1026.75; 2.0262147775; 22.6140015287
1027.00; 2.0267667436; 18.8407046851
1027.25; 2.0273471394; 14.6112463848
1027.50; 2.0279539058; 9.9585376237
1027.75; 2.0285822890; 4.9403515843
1028.00; 2.0292302860; -0.4000131153
1028.25; 2.0298897552; -5.9628938093
1028.50; 2.0305544900; -11.6584766181
1028.75; 2.0312238634; -17.4414421272
1029.00; 2.0318878678; -23.1839886534
1029.25; 2.0325446789; -28.8290223065
1029.50; 2.0331871449; -34.2773339688
1029.75; 2.0338128819; -39.4756537409
1030.00; 2.0344163352; -44.3435788553
1030.25; 2.0349915475; -48.8117347726
1030.50; 2.0355352589; -52.8409403525
1030.75; 2.0360447701; -56.4057469133
1031.00; 2.0365159252; -59.4817026391
1031.25; 2.0369440551; -62.0541731693
1031.50; 2.0373260683; -64.1310698292
1031.75; 2.0376601824; -65.7372646871
1032.00; 2.0379472139; -66.9167706465
1032.25; 2.0381847477; -67.7044513517
1032.50; 2.0383724212; -68.1475989117
1032.75; 2.0385087953; -68.2934317466
1033.00; 2.0385944025; -68.1931736520
1033.25; 2.0386286311; -67.8972855077
1033.50; 2.0386118723; -67.4540128738
1033.75; 2.0385448016; -66.9032758590
1034.00; 2.0384276554; -66.2891771232
1034.25; 2.0382609141; -65.6393398038
1034.50; 2.0380454602; -64.9823820643
1034.75; 2.0377823857; -64.3408104353
1035.00; 2.0374703112; -63.7237161748
1035.25; 2.0371120923; -63.1471824277
1035.50; 2.0367081601; -62.6132802545
1035.75; 2.0362581085; -62.1224290592
1036.00; 2.0357619343; -61.6716760547
1036.25; 2.0352172426; -61.2502902347
1036.50; 2.0346232980; -60.8477723764
1036.75; 2.0339821018; -60.4535140522
1037.00; 2.0332962124; -60.0537257476
1037.25; 2.0325664814; -59.6314594978
1037.50; 2.0317932128; -59.1669519023
1037.75; 2.0309730265; -58.6397542438
1038.00; 2.0301064804; -58.0291723227
1038.25; 2.0291985790; -57.3175170220
1038.50; 2.0282353434; -56.4717849429
1038.75; 2.0272194696; -55.4713057775
1039.00; 2.0261530157; -54.2994893791
1039.25; 2.0250412475; -52.9398925969
1039.50; 2.0238814510; -51.3751309960
1039.75; 2.0226710705; -49.5902135389
1040.00; 2.0214170665; -47.5893414019
1040.25; 2.0201228708; -45.3768901070
1040.50; 2.0187902107; -42.9587164268
1040.75; 2.0174161481; -40.3381459244
1041.00; 2.0159990513; -37.5236524842
1041.25; 2.0145428975; -34.5385798675
1041.50; 2.0130530142; -31.4117873355
1041.75; 2.0115270384; -28.1576373292
1042.00; 2.0099680854; -24.8024486858
1042.25; 2.0083816107; -21.3774196138
1042.50; 2.0067720806; -17.9104246990
1042.75; 2.0051452938; -14.4300201452
1043.00; 2.0034989334; -10.9450035588
1043.25; 2.0018290460; -7.4582278207
1043.50; 2.0001394026; -3.9861726431
1043.75; 1.9984351030; -0.5457102342
1044.00; 1.9967097779; 2.8718857024
1044.25; 1.9949828451; 6.2264795634
1044.50; 1.9932494399; 9.5269776758
1044.75; 1.9915218773; 12.7507586481
1045.00; 1.9898015673; 15.8967037689
1045.25; 1.9880851497; 18.9727023558
1045.50; 1.9863746122; 21.9770363853
1045.75; 1.9846693775; 24.9123895452
1046.00; 1.9829802753; 27.7617833180
1046.25; 1.9813149210; 30.5125609343
1046.50; 1.9796747642; 33.1612730739
1046.75; 1.9780498847; 35.7245123635
1047.00; 1.9764518864; 38.1857456801
1047.25; 1.9748790327; 40.5468720866
1047.50; 1.9733360265; 42.7952345181
1047.75; 1.9718248103; 44.9302170192
1048.00; 1.9703490472; 46.9474218989
1048.25; 1.9689079927; 48.8457337878
1048.50; 1.9674972960; 50.6261566602
1048.75; 1.9661200562; 52.2830800925
1049.00; 1.9647828588; 53.8065649484
1049.25; 1.9634785873; 55.2004436934
1049.50; 1.9622129648; 56.4552051183
1049.75; 1.9609847535; 57.5702863491
1050.00; 1.9597997372; 58.5377950808
1050.25; 1.9586548440; 59.3584466004
1050.50; 1.9575471730; 60.0337555763
1050.75; 1.9564866924; 60.5593954840
1051.00; 1.9554745547; 60.9383462253
1051.25; 1.9545042219; 61.1788634276
1051.50; 1.9535806808; 61.2868205309
1051.75; 1.9527086752; 61.2721766869
1052.00; 1.9518824820; 61.1470009620
1052.25; 1.9510996221; 60.9232135909
1052.50; 1.9503650412; 60.6142028383
1052.75; 1.9496782285; 60.2319077427
1053.00; 1.9490402598; 59.7882418834
1053.25; 1.9484522034; 59.2940774093
1053.50; 1.9479081798; 58.7518332577
1053.75; 1.9474110561; 58.1690513279
1054.00; 1.9469622922; 57.5497025046
1054.25; 1.9465608305; 56.8917137329
1054.50; 1.9462054250; 56.1894379391
1054.75; 1.9458959883; 55.4365682437
1055.00; 1.9456331160; 54.6265465032
1055.25; 1.9454150923; 53.7452362644
1055.50; 1.9452418322; 52.7820908373
1055.75; 1.9451129323; 51.7268937964
1056.00; 1.9450269935; 50.5627233217
1056.25; 1.9449830820; 49.2784131976
1056.50; 1.9449799792; 47.8626913863
1056.75; 1.9450163682; 46.2970980815
1057.00; 1.9450906596; 44.5781321419
1057.25; 1.9452012851; 42.6956234663
1057.50; 1.9453462787; 40.6467603780
1057.75; 1.9455239516; 38.4216474078
1058.00; 1.9457317912; 36.0217182994
1058.25; 1.9459661412; 33.4595405303
1058.50; 1.9462259756; 30.7214130445
1058.75; 1.9465082972; 27.8137236303
1059.00; 1.9468106558; 24.7367882528
1059.25; 1.9471297485; 21.5003502067
1059.50; 1.9474615731; 18.1217458087
1059.75; 1.9478050736; 14.5903818631
1060.00; 1.9481583525; 10.9052021424
1060.25; 1.9485177497; 7.0865639021
1060.50; 1.9488796857; 3.1505804013
1060.75; 1.9492389674; -0.8594276879
1061.00; 1.9495932568; -4.9325094490
1061.25; 1.9499383626; -9.0307185211
1061.50; 1.9502708611; -13.1239956025
1061.75; 1.9505863944; -17.1693487354
1062.00; 1.9508815058; -21.1326980102
1062.25; 1.9511536321; -24.9838237236
1062.50; 1.9514006343; -28.6992801435
1062.75; 1.9516184184; -32.2245638188
1063.00; 1.9518049259; -35.5379501646
1063.25; 1.9519568017; -38.6015501308
1063.50; 1.9520717919; -41.3965193641
1063.75; 1.9521482847; -43.9106695792
1064.00; 1.9521839152; -46.1097656388
1064.25; 1.9521772574; -48.0035812044
1064.50; 1.9521267954; -49.5637096374
1064.75; 1.9520311514; -50.7871609118
1065.00; 1.9518897860; -51.6643474148
1065.25; 1.9517008245; -52.1983721643
1065.50; 1.9514646020; -52.3921752436
1065.75; 1.9511808533; -52.2513207634
1066.00; 1.9508511607; -51.7853978349
1066.25; 1.9504738609; -51.0035424830
1066.50; 1.9500503801; -49.9221308927
1066.75; 1.9495813149; -48.5621803762
1067.00; 1.9490704533; -46.9491564187
1067.25; 1.9485164921; -45.0989829733
1067.50; 1.9479206432; -43.0372804163
1067.75; 1.9472868596; -40.8007249113
1068.00; 1.9466160025; -38.4157914392
1068.25; 1.9459070510; -35.9033670825
1068.50; 1.9451653378; -33.3059464156
1068.75; 1.9443948259; -30.6576240636
1069.00; 1.9435956084; -27.9757932052
1069.25; 1.9427665815; -25.2682054292
1069.50; 1.9419164501; -22.5715623674
1069.75; 1.9410461835; -19.8923816241
1070.00; 1.9401536575; -17.2226666376
1070.25; 1.9392440139; -14.5706705139
1070.50; 1.9383216318; -11.9394033092
1070.75; 1.9373886872; -9.3253924754
1071.00; 1.9364417046; -6.6971441500
1071.25; 1.9354844838; -4.0442437676
1071.50; 1.9345237322; -1.3670782637
1071.75; 1.9335612784; 1.3470572239
1072.00; 1.9325948811; 4.1205919924
1072.25; 1.9316302085; 6.9554331919
1072.50; 1.9306661487; 9.8707063907
1072.75; 1.9297032108; 12.8774639413
1073.00; 1.9287506578; 15.9567317711
1073.25; 1.9278098098; 19.1100033933
1073.50; 1.9268848868; 22.3273247696
1073.75; 1.9259803853; 25.5939928251
1074.00; 1.9251006783; 28.8925116776
1074.25; 1.9242479435; 32.2098254721
1074.50; 1.9234254818; 35.5325178151
1074.75; 1.9226343273; 38.8516254306
1075.00; 1.9218800260; 42.1376720342
1075.25; 1.9211649217; 45.3778292110
1075.50; 1.9204915998; 48.5558381410
1075.75; 1.9198601213; 51.6678199790
1076.00; 1.9192775899; 54.6746574401
1076.25; 1.9187385442; 57.6007625765
1076.50; 1.9182514953; 60.3976122254
1076.75; 1.9178186288; 63.0479208874
1077.00; 1.9174407112; 65.5437363207
1077.25; 1.9171191539; 67.8733567974
1077.50; 1.9168580420; 70.0036817731
1077.75; 1.9166577378; 71.9315715276
1078.00; 1.9165205537; 73.6370160289
1078.25; 1.9164476971; 75.1098640317
1078.50; 1.9164401439; 76.3463233228
1078.75; 1.9164988895; 77.3300739269
1079.00; 1.9166248470; 78.0635253912
1079.25; 1.9168180094; 78.5446050088
1079.50; 1.9170783606; 78.7776709640
1079.75; 1.9174062074; 78.7706733662
1080.00; 1.9178034888; 78.5331759131
1080.25; 1.9182685312; 78.0793293483
1080.50; 1.9188031448; 77.4217462666
1080.75; 1.9194058662; 76.5784072158
1081.00; 1.9200748044; 75.5694262429
1081.25; 1.9208094052; 74.4133962409
1081.50; 1.9216110382; 73.1247395441
1081.75; 1.9224798716; 71.7178299864
1082.00; 1.9234167760; 70.2042982393
1082.25; 1.9244112216; 68.6118978990
1082.50; 1.9254699026; 66.9373545320
1082.75; 1.9265881717; 65.1944079644
1083.00; 1.9277644496; 63.3871320131
1083.25; 1.9289923952; 61.5226305510
1083.50; 1.9302820729; 59.5823588287
1083.75; 1.9316265190; 57.5702768492
1084.00; 1.9330296719; 55.4678384447
1084.25; 1.9344811276; 53.2792526773
1084.50; 1.9359851335; 50.9848493224
1084.75; 1.9375403715; 48.5722458648
1085.00; 1.9391371597; 46.0399577769
1085.25; 1.9407828653; 43.3598239156
1085.50; 1.9424714320; 40.5235379772
1085.75; 1.9442004115; 37.5215526713
1086.00; 1.9459581431; 34.3612959354
1086.25; 1.9477525368; 31.0192038921
1086.50; 1.9495825435; 27.4835019390
1086.75; 1.9514479860; 23.7414286689
1087.00; 1.9533404338; 19.8034375556
1087.25; 1.9552554830; 15.6722828248
1087.50; 1.9572006934; 11.3272662905
1087.75; 1.9591641669; 6.7940000040
1088.00; 1.9611245224; 2.1252378605
1088.25; 1.9630946781; -2.7024941140
1088.50; 1.9650633614; -7.6499453882
1088.75; 1.9670248971; -12.6865618946
1089.00; 1.9689825835; -17.7996869260
1089.25; 1.9709303183; -22.9478054207
1089.50; 1.9728639578; -28.0924537062
1089.75; 1.9747772364; -33.1855090329
1090.00; 1.9766746737; -38.2053693625
1090.25; 1.9785366537; -43.0663007522
1090.50; 1.9803695995; -47.7532468127
1090.75; 1.9821643196; -52.2104779599
1091.00; 1.9839179066; -56.4020316475
1091.25; 1.9856352594; -60.3146966001
1091.50; 1.9873137259; -63.9221498457
1091.75; 1.9889452551; -67.1944666426
1092.00; 1.9905214523; -70.1173231907
1092.25; 1.9920369613; -72.6729918275
1092.50; 1.9935061677; -74.8994382310
1092.75; 1.9949205705; -76.7795067725
1093.00; 1.9962787276; -78.3227057709
1093.25; 1.9975832199; -79.5490313372
1093.50; 1.9988265275; -80.4712500350
1093.75; 2.0000091652; -81.1137989384
1094.00; 2.0011275184; -81.5005445219
1094.25; 2.0021863976; -81.6513609017
1094.50; 2.0031837343; -81.5849067806
1094.75; 2.0041201055; -81.3198038802
1095.00; 2.0049939541; -80.8744240706
1095.25; 2.0058106649; -80.2610719368
1095.50; 2.0065699105; -79.4942522644
1095.75; 2.0072684266; -78.5903036822
1096.00; 2.0079097798; -77.5577742935
1096.25; 2.0084943790; -76.4067723589
1096.50; 2.0090219097; -75.1492167287
1096.75; 2.0094957515; -73.7873744532
1097.00; 2.0099161759; -72.3315273826
1097.25; 2.0102869161; -70.7758635810
1097.50; 2.0106064726; -69.1339945093
1097.75; 2.0108768192; -67.4044467526
1098.00; 2.0111005898; -65.5791697001
1098.25; 2.0112795760; -63.6521055396
1098.50; 2.0114154948; -61.6173586294
1098.75; 2.0115104101; -59.4645815755
1099.00; 2.0115666868; -57.1792132166
1099.25; 2.0115867345; -54.7429237442
1099.50; 2.0115730949; -52.1178669789
1099.75; 2.0115284487; -49.3109928469
1100.00; 2.0114555158; -46.2997373259
1100.25; 2.0113575975; -43.0813871447
1100.50; 2.0112379743; -39.6463826411
1100.75; 2.0111003548; -35.9954549795
1101.00; 2.0109479063; -32.1137242836
1101.25; 2.0107845191; -28.0041355780
1101.50; 2.0106154828; -23.7069749983
1101.75; 2.0104439104; -19.2099064693
1102.00; 2.0102744320; -14.5404764401
1102.25; 2.0101122002; -9.7429565290
1102.50; 2.0099620394; -4.8614428821
1102.75; 2.0098277538; 0.0930233505
1103.00; 2.0097138391; 5.0998357034
1103.25; 2.0096253637; 10.1060954959
1103.50; 2.0095673513; 15.0501489815
1103.75; 2.0095444412; 19.8834445834
1104.00; 2.0095611112; 24.5716951381
1104.25; 2.0096218289; 29.0714644223
1104.50; 2.0097306403; 33.3269897335
1104.75; 2.0098914958; 37.2994065476
1105.00; 2.0101076511; 40.9435808314
1105.25; 2.0103833115; 44.2397828781
1105.50; 2.0107214763; 47.1573080940
1105.75; 2.0111242862; 49.6666676087
1106.00; 2.0115943146; 51.7507251481
1106.25; 2.0121350260; 53.4012567376
1106.50; 2.0127470160; 54.6059006550
1106.75; 2.0134281279; 55.3578804230
1107.00; 2.0141820951; 55.6671239026
1107.25; 2.0150076120; 55.5454589700
1107.50; 2.0159079391; 55.0112586584
1107.75; 2.0168763675; 54.0895449521
1108.00; 2.0179162131; 52.8100809827
1108.25; 2.0190236163; 51.2139702378
1108.50; 2.0202029286; 49.3329790519
1108.75; 2.0214458571; 47.2222745410
1109.00; 2.0227591330; 44.9063461810
1109.25; 2.0241460087; 42.4204846242
1109.50; 2.0255933386; 39.8317358399
1109.75; 2.0270982006; 37.1856369883
1110.00; 2.0286639877; 34.5120140474
1110.25; 2.0302937629; 31.8381985619
1110.50; 2.0319813943; 29.2045870881
1110.75; 2.0337211583; 26.6410169638
1111.00; 2.0355096699; 24.1653202107
1111.25; 2.0373425930; 21.7923414559
1111.50; 2.0392133609; 19.5314833232
1111.75; 2.0411233792; 17.3740372923
1112.00; 2.0430785415; 15.3009516256
1112.25; 2.0450755725; 13.2975388139
1112.50; 2.0471115581; 11.3446494898
1112.75; 2.0491837551; 9.4188164126
1113.00; 2.0512940367; 7.4901258424
1113.25; 2.0534455818; 5.5274678404
1113.50; 2.0556291844; 3.5110738539
1113.75; 2.0578398761; 1.4179400647
1114.00; 2.0600754351; -0.7726119259
1114.25; 2.0623409975; -3.0863397355
1114.50; 2.0646193921; -5.5223123106
1114.75; 2.0669258088; -8.1094260132
1115.00; 2.0692678791; -10.8664991638
1115.25; 2.0716287642; -13.7804623755
1115.50; 2.0740084854; -16.8539831296
1115.75; 2.0764083226; -20.0885009801
1116.00; 2.0788168161; -23.4654068887
1116.25; 2.0812362632; -26.9828042445
1116.50; 2.0836535548; -30.6145734787
1116.75; 2.0860613093; -34.3402341130
1117.00; 2.0884718817; -38.1679479595
1117.25; 2.0908797477; -42.0766234586
1117.50; 2.0932841526; -46.0552827977
1117.75; 2.0956773732; -50.0789979153
1118.00; 2.0980503944; -54.1203908164
1118.25; 2.1004110509; -58.1791514354
1118.50; 2.1027482430; -62.2247638043
1118.75; 2.1050652054; -66.2504895608
1119.00; 2.1073609731; -70.2425605285
1119.25; 2.1096262225; -74.1723615637
1119.50; 2.1118484775; -78.0061495159
1119.75; 2.1140384094; -81.7499437913
1120.00; 2.1161943201; -85.3882413407
1120.25; 2.1183156833; -88.9075797806
1120.50; 2.1204050335; -92.2957174995
1120.75; 2.1224521077; -95.5207047712
1121.00; 2.1244480628; -98.5529796987
1121.25; 2.1263932450; -101.3770608609
1121.50; 2.1282807751; -103.9671375819
1121.75; 2.1301113059; -106.3105310999
1122.00; 2.1318821254; -108.3875772057
1122.25; 2.1335941460; -110.1845518055
1122.50; 2.1352458592; -111.6869641488
1122.75; 2.1368455997; -112.8904695810
1123.00; 2.1383871896; -113.7804011356
1123.25; 2.1398713924; -114.3501213909
1123.50; 2.1412970751; -114.5946804995
1123.75; 2.1426702051; -114.5140626412
1124.00; 2.1439812553; -114.1133671730
1124.25; 2.1452350652; -113.3958334894
1124.50; 2.1464344011; -112.3700598566
1124.75; 2.1475704738; -111.0590100612
1125.00; 2.1486447345; -109.4835278152
1125.25; 2.1496607933; -107.6589390968
1125.50; 2.1506268174; -105.5947139650
1125.75; 2.1515374794; -103.3312009060
1126.00; 2.1523980645; -100.8875936789
1126.25; 2.1532154293; -98.2758752421
1126.50; 2.1539852065; -95.5424587946
1126.75; 2.1547110004; -92.7104328986
1127.00; 2.1553935155; -89.8135007693
1127.25; 2.1560402601; -86.8565392852
1127.50; 2.1566510373; -83.8755642360
1127.75; 2.1572272752; -80.8994123221
1128.00; 2.1577749993; -77.9325888469
1128.25; 2.1582964957; -74.9967450581
1128.50; 2.1587924974; -72.1201040956
1128.75; 2.1592637243; -69.3296908245
1129.00; 2.1597127490; -66.6395029016
1129.25; 2.1601443673; -64.0459565019
1129.50; 2.1605606782; -61.5584987751
1129.75; 2.1609645436; -59.1781222381
1130.00; 2.1613570054; -56.9132781011
1130.25; 2.1617400578; -54.7623875330
1130.50; 2.1621146813; -52.7281509005
1130.75; 2.1624821797; -50.8113429894
1131.00; 2.1628461108; -48.9922125272
1131.25; 2.1632053841; -47.2759795202
1131.50; 2.1635619531; -45.6481520672
1131.75; 2.1639168249; -44.0997159137
1132.00; 2.1642712217; -42.6238568372
1132.25; 2.1646256257; -41.2107836769
1132.50; 2.1649815493; -39.8474832726
1132.75; 2.1653408737; -38.5260656337
1133.00; 2.1657019099; -37.2524616329
1133.25; 2.1660678678; -36.0171919637
1133.50; 2.1664393422; -34.8230777991
1133.75; 2.1668151394; -33.6835365713
1134.00; 2.1671972161; -32.5987604727
1134.25; 2.1675861894; -31.5786768922
1134.50; 2.1679809081; -30.6379347189
1134.75; 2.1683809463; -29.7890867355
1135.00; 2.1687878219; -29.0400824187
1135.25; 2.1692012918; -28.4019212246
1135.50; 2.1696217217; -27.8827664095
1135.75; 2.1700498109; -27.4877729100
1136.00; 2.1704863673; -27.2227550616
1136.25; 2.1709305222; -27.0913006981
1136.50; 2.1713807556; -27.0943450094
1136.75; 2.1718355119; -27.2301693235
1137.00; 2.1722944971; -27.4956976678
1137.25; 2.1727529342; -27.8840465691
1137.50; 2.1732126389; -28.3925762398
1137.75; 2.1736722566; -29.0155302160
1138.00; 2.1741311312; -29.7473232271
1138.25; 2.1745893273; -30.5858999942
1138.50; 2.1750450107; -31.5255753302
1138.75; 2.1754988473; -32.5664974852
1139.00; 2.1759483431; -33.7031235091
1139.25; 2.1763915365; -34.9311035881
1139.50; 2.1768298662; -36.2557419321
1139.75; 2.1772565166; -37.6579193598
1140.00; 2.1776745935; -39.1491898724
1140.25; 2.1780799760; -40.7162955216
1140.50; 2.1784718409; -42.3569081477
1140.75; 2.1788472089; -44.0594941011
1141.00; 2.1792059004; -45.8244174407
1141.25; 2.1795455190; -47.6395954697
1141.50; 2.1798635217; -49.4919699228
1141.75; 2.1801575242; -51.3685782233
1142.00; 2.1804267280; -53.2649953695
1142.25; 2.1806679312; -55.1625162306
1142.50; 2.1808792312; -57.0505131242
1142.75; 2.1810585240; -58.9161284872
1143.00; 2.1812039434; -60.7493364272
1143.25; 2.1813133196; -62.5368609922
1143.50; 2.1813845878; -64.2660109053
1143.75; 2.1814155245; -65.9176792677
1144.00; 2.1814043264; -67.4795472963
1144.25; 2.1813491985; -68.9389430192
1144.50; 2.1812481079; -70.2875549053
1144.75; 2.1810997858; -71.5047548408
1145.00; 2.1809024636; -72.5776844480
1145.25; 2.1806536672; -73.4960077031
1145.50; 2.1803515242; -74.2430970965
1145.75; 2.1799967013; -74.7969489739
1146.00; 2.1795864132; -75.1454369358
1146.25; 2.1791233162; -75.2720807134
1146.50; 2.1786040268; -75.1655509192
1146.75; 2.1780279002; -74.8145122871
1147.00; 2.1773963300; -74.2114012428
1147.25; 2.1767069893; -73.3472991897
1147.50; 2.1759661652; -72.2273158945
1147.75; 2.1751691391; -70.8443853122
1148.00; 2.1743161968; -69.1996727610
1148.25; 2.1734117204; -67.3053543264
1148.50; 2.1724525550; -65.1605326684
1148.75; 2.1714352639; -62.7642765317
1149.00; 2.1703736491; -60.1581031665
1149.25; 2.1692670742; -57.3510070329
1149.50; 2.1681170252; -54.3597239359
1149.75; 2.1669212385; -51.1909918677
1150.00; 2.1656853631; -47.8745875658
1150.25; 2.1644095136; -44.4227183512
1150.50; 2.1630976207; -40.8598050320
1150.75; 2.1617543742; -37.2125094100
1151.00; 2.1603819311; -33.5009768554
1151.25; 2.1589718101; -29.7168581145
1151.50; 2.1575301921; -25.8918445855
1151.75; 2.1560657069; -22.0645256108
1152.00; 2.1545886947; -18.2764962448
1152.25; 2.1530985535; -14.5438090611
1152.50; 2.1515965936; -10.8850330690
1152.75; 2.1500866607; -7.3251915061
1153.00; 2.1485742807; -3.8917240770
1153.25; 2.1470462936; -0.5693293277
1153.50; 2.1455016512; 2.6310828546
1153.75; 2.1439547527; 5.6684310202
1154.00; 2.1424212959; 8.4992575676
1154.25; 2.1408957125; 11.1252942164
1154.50; 2.1393786780; 13.5381904697
1154.75; 2.1378630668; 15.7432982873
1155.00; 2.1363535455; 17.7296373205
1155.25; 2.1348533943; 19.4913421013
1155.50; 2.1333650560; 21.0264446120
1155.75; 2.1318931596; 22.3347750709
1156.00; 2.1304357122; 23.4253424034
1156.25; 2.1289920113; 24.3086854940
1156.50; 2.1275710645; 24.9930156810
1156.75; 2.1261640925; 25.4995831608
1157.00; 2.1247777585; 25.8463622538
1157.25; 2.1234094393; 26.0577149251
1157.50; 2.1220578517; 26.1601017462
1157.75; 2.1207221634; 26.1820769796
1158.00; 2.1194033837; 26.1533691729
1158.25; 2.1180969573; 26.1041879886
1158.50; 2.1168071331; 26.0647845421
1158.75; 2.1155366389; 26.0645850028
1159.00; 2.1142827246; 26.1281030791
1159.25; 2.1130457041; 26.2760141596
1159.50; 2.1118222580; 26.5242155183
1159.75; 2.1106146705; 26.8815056161
1160.00; 2.1094256582; 27.3489658439
1160.25; 2.1082586311; 27.9194535108
1160.50; 2.1071060958; 28.5842705523
1160.75; 2.1059686782; 29.3240475491
1161.00; 2.1048449581; 30.1159069675
1161.25; 2.1037445559; 30.9240778220
1161.50; 2.1026565153; 31.7243652737
1161.75; 2.1015899391; 32.4736242215
1162.00; 2.1005500804; 33.1325250306
1162.25; 2.0995319383; 33.6703508223
1162.50; 2.0985381692; 34.0518138570
1162.75; 2.0975656613; 34.2478971233
1163.00; 2.0966170228; 34.2300216104
1163.25; 2.0956933905; 33.9741577872
1163.50; 2.0947970742; 33.4605004009
1163.75; 2.0939277197; 32.6755179913
1164.00; 2.0930819267; 31.6034265089
1164.25; 2.0922597572; 30.2357689583
1164.50; 2.0914622360; 28.5782431704
1164.75; 2.0906833133; 26.6199777953
1165.00; 2.0899222361; 24.3715792329
1165.25; 2.0891749477; 21.8372072651
1165.50; 2.0884433189; 19.0455117029
1165.75; 2.0877208989; 15.9987216188
1166.00; 2.0870087388; 12.7394483165
1166.25; 2.0863027255; 9.2918396418
1166.50; 2.0856037397; 5.7099109401
1166.75; 2.0849109350; 2.0452833390
1167.00; 2.0842160421; -1.6858772993
1167.25; 2.0835168541; -5.4322512995
1167.50; 2.0828052130; -9.1684357900
1167.75; 2.0820828538; -12.8162302774
1168.00; 2.0813413264; -16.3491746654
1168.25; 2.0805808357; -19.6997974938
1168.50; 2.0797993451; -22.8162332007
1168.75; 2.0789917053; -25.6622597545
1169.00; 2.0781567236; -28.1931831896
1169.25; 2.0772909030; -30.3818755132
1169.50; 2.0763957859; -32.1962086793
1169.75; 2.0754626726; -33.6340002978
1170.00; 2.0744962665; -34.6812000196
1170.25; 2.0734975996; -35.3434566892
1170.50; 2.0724667675; -35.6379345204
1170.75; 2.0714025953; -35.5899976969
1171.00; 2.0703027949; -35.2304196194
1171.25; 2.0691708527; -34.5964529018
1171.50; 2.0680083082; -33.7288367026
1171.75; 2.0668060611; -32.6610804750
1172.00; 2.0655727173; -31.4406336522
1172.25; 2.0643061283; -30.1043274309
1172.50; 2.0630105342; -28.6932832359
1172.75; 2.0616907257; -27.2467688196
1173.00; 2.0603465375; -25.7944272674
1173.25; 2.0589796180; -24.3644124078
1173.50; 2.0575833909; -22.9724338515
1173.75; 2.0561600285; -21.6397890931
1174.00; 2.0547171978; -20.3889216862
1174.25; 2.0532530093; -19.2295141557
1174.50; 2.0517689159; -18.1710156980
1174.75; 2.0502583355; -17.2145994634
1175.00; 2.0487281368; -16.3655314406
1175.25; 2.0471838449; -15.6243815358
1175.50; 2.0456226620; -14.9843849863
1175.75; 2.0440371828; -14.4334956378
1176.00; 2.0424357912; -13.9623111308
1176.25; 2.0408173828; -13.5541618919
1176.50; 2.0391697484; -13.1864688448
1176.75; 2.0375037892; -12.8387219002
1177.00; 2.0358170178; -12.4851317588
1177.25; 2.0341052225; -12.0943900652
1177.50; 2.0323718282; -11.6387267421
1177.75; 2.0306250636; -11.0913645815
1178.00; 2.0288602669; -10.4214785968
1178.25; 2.0270895146; -9.6065284688
1178.50; 2.0253010480; -8.6178451802
1178.75; 2.0235066067; -7.4433468465
1179.00; 2.0217047777; -6.0696958689
1179.25; 2.0198930426; -4.4883322787
1179.50; 2.0180641790; -2.6915413847
1179.75; 2.0162162854; -0.6810077617
1180.00; 2.0143563621; 1.5286552434
1180.25; 2.0124928455; 3.9127457213
1180.50; 2.0106233365; 6.4572945453
1180.75; 2.0087471606; 9.1451942464
1181.00; 2.0068670483; 11.9537598625
1181.25; 2.0049878383; 14.8567006219
1181.50; 2.0031065336; 17.8400001144
1181.75; 2.0012398274; 20.8579875483
1182.00; 1.9993829452; 23.8990105949
1182.25; 1.9975458430; 26.9262745085
1182.50; 1.9957196452; 29.9347567126
1182.75; 1.9939101341; 32.8970591330
1183.00; 1.9921257796; 35.7811048388
1183.25; 1.9903658232; 38.5697658843
1183.50; 1.9886248264; 41.2536319134
1183.75; 1.9869107897; 43.8032290125
1184.00; 1.9852248989; 46.2006783113
1184.25; 1.9835612663; 48.4359135037
1184.50; 1.9819253417; 50.4896529184
1184.75; 1.9803205563; 52.3484850346
1185.00; 1.9787402478; 54.0110079317
1185.25; 1.9771953304; 55.4594404397
1185.50; 1.9756841902; 56.6934586138
1185.75; 1.9742111853; 57.7082562636
1186.00; 1.9727694851; 58.5082062848
1186.25; 1.9713720535; 59.0903948171
1186.50; 1.9700132673; 59.4641786610
1186.75; 1.9686892419; 59.6400182738
1187.00; 1.9673997139; 59.6299292027
1187.25; 1.9661528300; 59.4477097485
1187.50; 1.9649440163; 59.1080964053
1187.75; 1.9637756066; 58.6301945639
1188.00; 1.9626439944; 58.0317610975
1188.25; 1.9615478011; 57.3296632711
1188.50; 1.9604877262; 56.5425091416
1188.75; 1.9594609684; 55.6857910526
1189.00; 1.9584744292; 54.7821880471
1189.25; 1.9575223014; 53.8419212768
1189.50; 1.9565987093; 52.8727811986
1189.75; 1.9557055730; 51.8888744110
1190.00; 1.9548418194; 50.9005254562
1190.25; 1.9540061169; 49.9174201590
1190.50; 1.9531964242; 48.9461205402
1190.75; 1.9524192337; 48.0036149023
1191.00; 1.9516703450; 47.0922441378
1191.25; 1.9509508152; 46.2192440478
1191.50; 1.9502520462; 45.3815568816
1191.75; 1.9495797521; 44.5916426125
1192.00; 1.9489336378; 43.8534298186
1192.25; 1.9483116544; 43.1676755620
1192.50; 1.9477116736; 42.5341823121
1192.75; 1.9471306306; 41.9509679066
1193.00; 1.9465702466; 41.4200093078
1193.25; 1.9460302345; 40.9398406257
1193.50; 1.9455086703; 40.5067376460
1193.75; 1.9450084611; 40.1199913633
1194.00; 1.9445263285; 39.7726223277
1194.25; 1.9440623805; 39.4598292413
1194.50; 1.9436160017; 39.1763087887
1194.75; 1.9431853453; 38.9137541890
1195.00; 1.9427732801; 38.6688971905
1195.25; 1.9423775796; 38.4350382905
1195.50; 1.9419994180; 38.2079693159
1195.75; 1.9416368811; 37.9823227994
1196.00; 1.9412905797; 37.7554486162
1196.25; 1.9409603453; 37.5252066704
1196.50; 1.9406464757; 37.2909957845
1196.75; 1.9403472529; 37.0523979775
1197.00; 1.9400628069; 36.8117180434
1197.25; 1.9397925241; 36.5698382061
1197.50; 1.9395369627; 36.3303765262
1197.75; 1.9392947810; 36.0963279378
1198.00; 1.9390666624; 35.8773198855
1198.25; 1.9388520090; 35.6761719040
1198.50; 1.9386514241; 35.4963010634
1198.75; 1.9384632711; 35.3386249730
1199.00; 1.9382871232; 35.2055267508
1199.25; 1.9381231606; 35.0989841253
1199.50; 1.9379707724; 35.0198373398
1199.75; 1.9378297167; 34.9674622486
1200.00; 1.9376998847; 34.9427210674
1200.25; 1.9375803652; 34.9467170813
1200.50; 1.9374712368; 34.9805109542
1200.75; 1.9373721369; 35.0448088740
1201.00; 1.9372828581; 35.1395307130
1201.25; 1.9372032584; 35.2652438650
1201.50; 1.9371328413; 35.4263619085
1201.75; 1.9370718823; 35.6249158614
1202.00; 1.9370201989; 35.8649555687
1202.25; 1.9369778880; 36.1525240703
1202.50; 1.9369451029; 36.4888984313
1202.75; 1.9369219113; 36.8791096673
1203.00; 1.9369085944; 37.3279360143
1203.25; 1.9369054741; 37.8400749728
1203.50; 1.9369129680; 38.4156508662
1203.75; 1.9369314810; 39.0542392892
1204.00; 1.9369615761; 39.7588063873
1204.25; 1.9370036282; 40.5246577776
1204.50; 1.9370585446; 41.3553884645
1204.75; 1.9371267806; 42.2451364728
1205.00; 1.9372092555; 43.1915321078
1205.25; 1.9373061802; 44.1835562575
1205.50; 1.9374185814; 45.2176837635
1205.75; 1.9375474516; 46.2888999862
1206.00; 1.9376936010; 47.3896906652
1206.25; 1.9378577527; 48.5111002284
1206.50; 1.9380411257; 49.6444359786
1206.75; 1.9382458148; 50.7907478286
1207.00; 1.9384719385; 51.9356802477
1207.25; 1.9387203493; 53.0685683887
1207.50; 1.9389914703; 54.1736515109
1207.75; 1.9392865345; 55.2380887296
1208.00; 1.9396065565; 56.2469824474
1208.25; 1.9399519436; 57.1852528893
1208.50; 1.9403232562; 58.0328114336
1208.75; 1.9407216795; 58.7648316287
1209.00; 1.9411482846; 59.3724113013
1209.25; 1.9416058574; 59.8338746445
1209.50; 1.9420939056; 60.1274161448
1209.75; 1.9426107480; 60.2348541800
1210.00; 1.9431577280; 60.1387852479
1210.25; 1.9437326871; 59.8243168334
1210.50; 1.9443341179; 59.2793971364
1210.75; 1.9449650879; 58.4898784616
1211.00; 1.9456272591; 57.4456898861
1211.25; 1.9463180596; 56.1468536290
1211.50; 1.9470362053; 54.5950441580
1211.75; 1.9477806074; 52.7948593499
1212.00; 1.9485439289; 50.7697544882
1212.25; 1.9493284501; 48.5224579724
1212.50; 1.9501357811; 46.0600616270
1212.75; 1.9509589745; 43.4170991433
1213.00; 1.9517983391; 40.6079292018
1213.25; 1.9526531795; 37.6519235388
1213.50; 1.9535188665; 34.5824916035
1213.75; 1.9543923832; 31.4298948829
1214.00; 1.9552709295; 28.2236135272
1214.25; 1.9561568179; 24.9742045571
1214.50; 1.9570425249; 21.7280082028
1214.75; 1.9579268628; 18.5078965672
1215.00; 1.9588077329; 15.3395289697
1215.25; 1.9596839347; 12.2448633667
1215.50; 1.9605520008; 9.2528330813
1215.75; 1.9614063556; 6.3975553495
1216.00; 1.9622451837; 3.6982573449
1216.25; 1.9630683634; 1.1680930181
1216.50; 1.9638696328; -1.1634175554
1216.75; 1.9646493899; -3.2898073599
1217.00; 1.9654079584; -5.2064800924
1217.25; 1.9661397652; -6.8962134664
1217.50; 1.9668452863; -8.3612510666
1217.75; 1.9675226236; -9.6003911344
1218.00; 1.9681719920; -10.6214613352
1218.25; 1.9687921277; -11.4320752422
1218.50; 1.9693803562; -12.0396266253
1218.75; 1.9699361137; -12.4587269335
1219.00; 1.9704600165; -12.7065694083
1219.25; 1.9709564581; -12.8040775839
1219.50; 1.9714213756; -12.7615605967
1219.75; 1.9718566099; -12.6027833277
1220.00; 1.9722623467; -12.3421045981
1220.25; 1.9726384463; -11.9981827555
1220.50; 1.9729841197; -11.5884391709
1220.75; 1.9732989092; -11.1287681624
1221.00; 1.9735845983; -10.6299144158
1221.25; 1.9738411903; -10.1035819556
1221.50; 1.9740710712; -9.5543407693
1221.75; 1.9742741852; -8.9924278758
1222.00; 1.9744503564; -8.4217473228
1222.25; 1.9746000412; -7.8463382482
1222.50; 1.9747242772; -7.2661529939
1222.75; 1.9748232831; -6.6828265230
1223.00; 1.9748972797; -6.0991757992
1223.25; 1.9749466004; -5.5130690765
1223.50; 1.9749717602; -4.9216621478
1223.75; 1.9749733951; -4.3174494015
1224.00; 1.9749518660; -3.7003834582
1224.25; 1.9749073779; -3.0610196829
1224.50; 1.9748404779; -2.3956057085
1224.75; 1.9747516035; -1.6963953232
1225.00; 1.9746411776; -0.9533015930
1225.25; 1.9745096493; -0.1539673095
1225.50; 1.9743574948; 0.7162098672
1225.75; 1.9741849525; 1.6769679431
1226.00; 1.9739921693; 2.7455981537
1226.25; 1.9737799853; 3.9413394880
1226.50; 1.9735482933; 5.2897606382
1226.75; 1.9732991092; 6.8030101333
1227.00; 1.9730338240; 8.4989345880
1227.25; 1.9727520557; 10.4061829431
1227.50; 1.9724555789; 12.5382532859
1227.75; 1.9721461229; 14.9065219765
1228.00; 1.9718243743; 17.5276544203
1228.25; 1.9714943677; 20.3876308295
1228.50; 1.9711578174; 23.4854703557
1228.75; 1.9708156542; 26.8234440759
1229.00; 1.9704737757; 30.3539366796
1229.25; 1.9701320493; 34.0863423062
1229.50; 1.9697938701; 37.9883120282
1229.75; 1.9694649835; 41.9946965151
1230.00; 1.9691480958; 46.0780405666
1230.25; 1.9688462293; 50.1981317059
1230.50; 1.9685630822; 54.3107003358
1230.75; 1.9683039973; 58.3422247138
1231.00; 1.9680720686; 62.2607131018
1231.25; 1.9678710271; 66.0218059054
1231.50; 1.9677040245; 69.5921683683
1231.75; 1.9675743903; 72.9345971203
1232.00; 1.9674853594; 76.0155381106
1232.25; 1.9674402980; 78.7882707873
1232.50; 1.9674417917; 81.2400540758
1232.75; 1.9674922899; 83.3288785696
1233.00; 1.9675940163; 85.0396319536
1233.25; 1.9677483691; 86.3491534922
1233.50; 1.9679561471; 87.2411729803
1233.75; 1.9682193057; 87.7116557165
1234.00; 1.9685394294; 87.7576941075
1234.25; 1.9689151809; 87.3767376147
1234.50; 1.9693471141; 86.5755258614
1234.75; 1.9698350851; 85.3652297917
1235.00; 1.9703750802; 83.7725691049
1235.25; 1.9709728269; 81.8018705043
1235.50; 1.9716232442; 79.4966091348
1235.75; 1.9723217194; 76.9059822455
1236.00; 1.9730709195; 74.0576536380
1236.25; 1.9738704729; 70.9943460775
1236.50; 1.9747135786; 67.7869745447
1236.75; 1.9755937147; 64.5096515083
1237.00; 1.9765158914; 61.1935739675
1237.25; 1.9774712998; 57.9201159612
1237.50; 1.9784583225; 54.7418750899
1237.75; 1.9794781808; 51.6976326471
1238.00; 1.9805292520; 48.8289048776
1238.25; 1.9816100348; 46.1682094912
1238.50; 1.9827127210; 43.7521219820
1238.75; 1.9838369411; 41.5866007916
1239.00; 1.9849777018; 39.6741783672
1239.25; 1.9861423943; 37.9843544758
1239.50; 1.9873281855; 36.4918425887
1239.75; 1.9885252917; 35.1717621319
1240.00; 1.9897402979; 33.9695616204
1240.25; 1.9909721346; 32.8352400915
1240.50; 1.9922216246; 31.7136278320
1240.75; 1.9934842883; 30.5544769169
1241.00; 1.9947604148; 29.3051664095
1241.25; 1.9960428485; 27.9238270561
1241.50; 1.9973386066; 26.3573724974
1241.75; 1.9986447961; 24.5707958427
1242.00; 1.9999613062; 22.5315210654
1242.25; 2.0012886808; 20.2115636276
1242.50; 2.0026244206; 17.5946080102
1242.75; 2.0039678182; 14.6728014150
1243.00; 2.0053136497; 11.4553492126
1243.25; 2.0066566195; 7.9388850882
1243.50; 2.0079956048; 4.1282951554
1243.75; 2.0093320031; 0.0252241109
1244.00; 2.0106580268; -4.3370374369
1244.25; 2.0119733514; -8.9436270396
1244.50; 2.0132767691; -13.7723281047
1244.75; 2.0145580089; -18.7663852132
1245.00; 2.0158176329; -23.9066688111
1245.25; 2.0170566016; -29.1716853414
1245.50; 2.0182607570; -34.4742241959
1245.75; 2.0194303596; -39.7858045708
1246.00; 2.0205585846; -45.0474352514
1246.25; 2.0216415437; -50.2037894644
1246.50; 2.0226732273; -55.1911511634
1246.75; 2.0236497706; -59.9507152052
1247.00; 2.0245642076; -64.4024988731
1247.25; 2.0254196896; -68.5392840712
1247.50; 2.0262103700; -72.2980640466
1247.75; 2.0269325455; -75.6284884135
1248.00; 2.0275810408; -78.4779154573
1248.25; 2.0281526557; -80.8053748481
1248.50; 2.0286479492; -82.5938375293
1248.75; 2.0290614258; -83.8100712010
1249.00; 2.0293961548; -84.4571683601
1249.25; 2.0296480973; -84.5318038851
1249.50; 2.0298196243; -84.0469490145
1249.75; 2.0299106717; -83.0249142621
1250.00; 2.0299228063; -81.4926434685
1250.25; 2.0298576712; -79.4684684669
1250.50; 2.0297174193; -76.9983937005
1250.75; 2.0295046601; -74.1273730181
1251.00; 2.0292228027; -70.9074322793
1251.25; 2.0288751164; -67.3849607876
1251.50; 2.0284649032; -63.6043426977
1251.75; 2.0279971863; -59.6236924752
1252.00; 2.0274748520; -55.4794904748
1252.25; 2.0268998449; -51.1990566187
1252.50; 2.0262735844; -46.8045055066
1252.75; 2.0256070160; -42.3829324502
1253.00; 2.0249016505; -37.9529412609
1253.25; 2.0241571127; -33.5201468309
1253.50; 2.0233804273; -29.1365749327
1253.75; 2.0225756130; -24.8282657650
1254.00; 2.0217496622; -20.6333782362
1254.25; 2.0209047745; -16.5696206406
1254.50; 2.0200400132; -12.6382902350
1254.75; 2.0191621950; -8.8718736306
1255.00; 2.0182788096; -5.3050701108
1255.25; 2.0173911618; -1.9450608552
1255.50; 2.0165015974; 1.2037219377
1255.75; 2.0156099361; 4.1442304128
1256.00; 2.0147212922; 6.8635848034
1256.25; 2.0138400075; 9.3540934777
1256.50; 2.0129670244; 11.6205825302
1256.75; 2.0121025161; 13.6718565655
1257.00; 2.0112522345; 15.5033617312
1257.25; 2.0104164149; 17.1263541883
1257.50; 2.0095946564; 18.5546470916
1257.75; 2.0087928557; 19.7921911553
1258.00; 2.0080109068; 20.8528635343
1258.25; 2.0072470778; 21.7498519021
1258.50; 2.0065027892; 22.4982638870
1258.75; 2.0057792193; 23.1104456042
1259.00; 2.0050763064; 23.6008404354
1259.25; 2.0043924619; 23.9830591695
1259.50; 2.0037289348; 24.2707017695
1259.75; 2.0030882951; 24.4755660442
1260.00; 2.0024726614; 24.6079342542
1260.25; 2.0018849827; 24.6776931309
1260.50; 2.0013219749; 24.6938927659
1260.75; 2.0007833257; 24.6634632116
1261.00; 2.0002720497; 24.5916042909
1261.25; 1.9997888681; 24.4814477029
1261.50; 1.9993330797; 24.3340252411
1261.75; 1.9989024726; 24.1476070467
1262.00; 1.9984976502; 23.9193946459
1262.25; 1.9981201669; 23.6455414643
1262.50; 1.9977709912; 23.3208777607
1262.75; 1.9974487622; 22.9371140756
1263.00; 1.9971542208; 22.4868510423
1263.25; 1.9968890426; 21.9639391194
1263.50; 1.9966542104; 21.3622503607
1263.75; 1.9964484927; 20.6702701245
1264.00; 1.9962714622; 19.8789876194
1264.25; 1.9961224427; 18.9795195119
1264.50; 1.9960011087; 17.9641400776
1264.75; 1.9959061656; 16.8199617445
1265.00; 1.9958367647; 15.5415482364
1265.25; 1.9957917768; 14.1169599667
1265.50; 1.9957701802; 12.5430937739
1265.75; 1.9957706766; 10.8191116645
1266.00; 1.9957918294; 8.9373947936
1266.25; 1.9958320021; 6.8955912690
1266.50; 1.9958897738; 4.6766772771
1266.75; 1.9959629184; 2.2919029459
1267.00; 1.9960490980; -0.2531176975
1267.25; 1.9961462814; -2.9651718224
1267.50; 1.9962520249; -5.8436855539
1267.75; 1.9963640405; -8.8936018692
1268.00; 1.9964793494; -12.1036964209
1268.25; 1.9965959870; -15.4871424710
1268.50; 1.9967101661; -19.0110105259
1268.75; 1.9968196212; -22.6917689358
1269.00; 1.9969199262; -26.4738243681
1269.25; 1.9970080075; -30.3500333671
1269.50; 1.9970812210; -34.3317168829
1269.75; 1.9971359413; -38.3795555094
1270.00; 1.9971686600; -42.4566271114
1270.25; 1.9971759152; -46.5218623280
1270.50; 1.9971543726; -50.5565943185
1270.75; 1.9971007007; -54.5256078939
1271.00; 1.9970115241; -58.3978390694
1271.25; 1.9968832341; -62.1512731659
1271.50; 1.9967127904; -65.7431968777
1271.75; 1.9964962518; -69.1528214810
1272.00; 1.9962315457; -72.3303500517
1272.25; 1.9959164033; -75.2360426813
1272.50; 1.9955487158; -77.8372529733
1272.75; 1.9951276651; -80.1008098958
1273.00; 1.9946490686; -82.0286842911
1273.25; 1.9941125176; -83.5920474507
1273.50; 1.9935166160; -84.7825731234
1273.75; 1.9928597009; -85.5983486990
1274.00; 1.9921436127; -86.0392400813
1274.25; 1.9913653763; -86.1146625003
1274.50; 1.9905244253; -85.8342283060
1274.75; 1.9896240295; -85.2169733257
1275.00; 1.9886616397; -84.2788169132
1275.25; 1.9876327120; -83.0320536748
1275.50; 1.9865436736; -81.5038069444
1275.75; 1.9853990178; -79.7254863683
1276.00; 1.9841962650; -77.7043802939
1276.25; 1.9829431814; -75.4684481786
1276.50; 1.9816360781; -73.0262749398
1276.75; 1.9802787810; -70.3967996945
1277.00; 1.9788741926; -67.5928250649
1277.25; 1.9774308997; -64.6387002664
1277.50; 1.9759462463; -61.5342282509
1277.75; 1.9744190433; -58.2815356232
1278.00; 1.9728554243; -54.8893572021
1278.25; 1.9712530696; -51.3602314708
1278.50; 1.9696199583; -47.7113867969
1278.75; 1.9679598179; -43.9545049150
1279.00; 1.9662760586; -40.0982710483
1279.25; 1.9645632490; -36.1305895605
1279.50; 1.9628388507; -32.1025130945
1279.75; 1.9610956887; -28.0027188195
1280.00; 1.9593466505; -23.8696309289
1280.25; 1.9575844294; -19.6972754704
1280.50; 1.9558139300; -15.5051735035
1280.75; 1.9540430944; -11.3195377141
1281.00; 1.9522708702; -7.1478808379
1281.25; 1.9505041001; -3.0160697453
1281.50; 1.9487496138; 1.0507478703
1281.75; 1.9470087940; 5.0410128793
1282.00; 1.9452848067; 8.9416463504
1282.25; 1.9435831447; 12.7323459227
1282.50; 1.9418968908; 16.4281398466
1282.75; 1.9402367757; 20.0051051986
1283.00; 1.9386117977; 23.4440465646
1283.25; 1.9370155307; 26.7550092424
1283.50; 1.9354553117; 29.9222151623
1283.75; 1.9339347632; 32.9376083658
1284.00; 1.9324486956; 35.8093815189
1284.25; 1.9310097056; 38.5121214811
1284.50; 1.9296127637; 41.0525131594
1284.75; 1.9282619918; 43.4185307476
1285.00; 1.9269659689; 45.5895436561
1285.25; 1.9257134187; 47.5777190528
1285.50; 1.9245137507; 49.3611213707
1285.75; 1.9233643202; 50.9373914967
1286.00; 1.9222644941; 52.3021926221
1286.25; 1.9212182777; 53.4461640621
1286.50; 1.9202208502; 54.3717898052
1286.75; 1.9192755599; 55.0749190244
1287.00; 1.9183857939; 55.5547620314
1287.25; 1.9175502361; 55.8162946567
1287.50; 1.9167693027; 55.8649979980
1287.75; 1.9160412219; 55.7082700137
1288.00; 1.9153657738; 55.3545096905
1288.25; 1.9147460316; 54.8139151650
1288.50; 1.9141780233; 54.0919371966
1288.75; 1.9136616963; 53.1964840886
1289.00; 1.9131957892; 52.1326891968
1289.25; 1.9127772715; 50.8974497398
1289.50; 1.9124080520; 49.5057990177
1289.75; 1.9120863778; 47.9602696714
1290.00; 1.9118092212; 46.2548891771
1290.25; 1.9115730153; 44.3743689715
1290.50; 1.9113774314; 42.3366094047
1290.75; 1.9112219274; 40.1638998410
1291.00; 1.9111023206; 37.8357601295
1291.25; 1.9110167444; 35.3664869715
1291.50; 1.9109629712; 32.7760121014
1291.75; 1.9109379671; 30.0587490658
1292.00; 1.9109389408; 27.2211390396
1292.25; 1.9109630090; 24.2778552572
1292.50; 1.9110070166; 21.2530286976
1292.75; 1.9110680672; 18.1428375351
1293.00; 1.9111424797; 14.9822130469
1293.25; 1.9112275817; 11.7570483374
1293.50; 1.9113196273; 8.4946705906
1293.75; 1.9114155811; 5.1931889041
1294.00; 1.9115113563; 1.8856623709
1294.25; 1.9116034638; -1.4184498003
1294.50; 1.9116890367; -4.7466669511
1294.75; 1.9117641265; -8.0546462946
1295.00; 1.9118252116; -11.3293544441
1295.25; 1.9118687883; -14.5544677546
1295.50; 1.9118916981; -17.7382664268
1295.75; 1.9118904353; -20.8422228010
1296.00; 1.9118617194; -23.8387341203
1296.25; 1.9118021048; -26.7137241875
1296.50; 1.9117087057; -29.4370890509
1296.75; 1.9115787411; -31.9750384422
1297.00; 1.9114091968; -34.2920253555
1297.25; 1.9111973721; -36.3580446067
1297.50; 1.9109419314; -38.1332166047
1297.75; 1.9106408859; -39.5903553913
1298.00; 1.9102928790; -40.7051339533
1298.25; 1.9098974072; -41.4576133570
1298.50; 1.9094523539; -41.8366002569
1298.75; 1.9089604561; -41.8338920363
1299.00; 1.9084170509; -41.4494593679
1299.25; 1.9078206167; -40.6852440676
1299.50; 1.9071734984; -39.5522532973
1299.75; 1.9064795055; -38.0702314575
1300.00; 1.9057408558; -36.2605261225
1300.25; 1.9049577815; -34.1409672386
1300.50; 1.9041289327; -31.7249325196
1300.75; 1.9032619500; -29.0532833050
1301.00; 1.9023570779; -26.1419368114
1301.25; 1.9014165993; -23.0294092062
1301.50; 1.9004439979; -19.7296796990
1301.75; 1.8994399030; -16.2572813797
1302.00; 1.8984084031; -12.6382607148
1302.25; 1.8973518281; -8.8940384372
1302.50; 1.8962735055; -5.0438927296
1302.75; 1.8951753690; -1.1034344329
1303.00; 1.8940644040; 2.8946733919
1303.25; 1.8929476959; 6.9179673484
1303.50; 1.8918215274; 10.9737205914
1303.75; 1.8906896370; 15.0455172316
1304.00; 1.8895573759; 19.1125111898
1304.25; 1.8884263248; 23.1694125370
1304.50; 1.8873045747; 27.1904009024
1304.75; 1.8861867839; 31.2024901312
1305.00; 1.8850843026; 35.1761279606
1305.25; 1.8839978145; 39.1242503448
1305.50; 1.8829334614; 43.0446706709
1305.75; 1.8818888124; 46.9712696681
1306.00; 1.8808731322; 50.8986955885
1306.25; 1.8798899842; 54.8443531591
1306.50; 1.8789423276; 58.8333716452
1306.75; 1.8780317065; 62.8960679846
1307.00; 1.8771603109; 67.0636014807
1307.25; 1.8763353972; 71.3383150259
1307.50; 1.8755572455; 75.7498606755
1307.75; 1.8748299331; 80.3053956195
1308.00; 1.8741589425; 84.9956219879
1308.25; 1.8735497851; 89.8009233775
1308.50; 1.8730041946; 94.7223727287
1308.75; 1.8725285623; 99.7151691290
1309.00; 1.8721312374; 104.6972965656
1309.25; 1.8718150115; 109.6399676500
1309.50; 1.8715842991; 114.4913961646
1309.75; 1.8714444780; 119.1747238810
1310.00; 1.8713999074; 123.6300242087
1310.25; 1.8714550189; 127.8025265537
1310.50; 1.8716138054; 131.6095081034
1310.75; 1.8718796950; 134.9866957433
1311.00; 1.8722544753; 137.8644474238
1311.25; 1.8727419613; 140.2112427901
1311.50; 1.8733494183; 142.0070954468
1311.75; 1.8740743000; 143.2046866331
1312.00; 1.8749182106; 143.7813145803
1312.25; 1.8758834608; 143.7249240423
1312.50; 1.8769723742; 143.0306483406
1312.75; 1.8781790151; 141.7053436181
1313.00; 1.8795009499; 139.7631408939
1313.25; 1.8809426070; 137.2165832210
1313.50; 1.8825053436; 134.0854548359
1313.75; 1.8841826717; 130.4087698567
1314.00; 1.8859690009; 126.2294667246
1314.25; 1.8878645753; 121.5802747499
1314.50; 1.8898714227; 116.4902578390
1314.75; 1.8919784529; 111.0232439161
1315.00; 1.8941800193; 105.2368227108
1315.25; 1.8964795224; 99.1607918897
1315.50; 1.8988631449; 92.8709556911
1315.75; 1.9013235441; 86.4238435031
1316.00; 1.9038528273; 79.8746892728
1316.25; 1.9064473219; 73.2590542921
1316.50; 1.9090910767; 66.6527660325
1316.75; 1.9117953451; 60.0516160900
1317.00; 1.9145436955; 53.5132560135
1317.25; 1.9173403609; 47.0337781642
1317.50; 1.9201816710; 40.6376047154
1317.75; 1.9230613336; 34.3347015989
1318.00; 1.9259717063; 28.1464262385
1318.25; 1.9288942512; 22.1000037315
1318.50; 1.9318356548; 16.1654546484
1318.75; 1.9347905230; 10.3336576124
1319.00; 1.9377457300; 4.6066155240
1319.25; 1.9407064747; -1.0525018129
1319.50; 1.9436760827; -6.6579090524
1319.75; 1.9466538226; -12.2557814400
1320.00; 1.9496402812; -17.8781632208
1320.25; 1.9526122370; -23.5097904539
1320.50; 1.9555602379; -29.1561845089
1320.75; 1.9584921549; -34.8524753301
1321.00; 1.9613909271; -40.5798877368
1321.25; 1.9642587582; -46.3513873691
1321.50; 1.9670887949; -52.1611352047
1321.75; 1.9698805410; -58.0100052933
1322.00; 1.9726412476; -63.9110453939
1322.25; 1.9753462524; -69.8040264150
1322.50; 1.9780052345; -75.6986353522
1322.75; 1.9806050067; -81.5519609014
1323.00; 1.9831524043; -87.3620553552
1323.25; 1.9856282443; -93.0665123979
1323.50; 1.9880468562; -98.6685737900
1323.75; 1.9903925248; -104.1117980835
1324.00; 1.9926616764; -109.3655595574
1324.25; 1.9948396264; -114.3694053569
1324.50; 1.9969329411; -119.1090265978
1324.75; 1.9989259204; -123.5215935472
1325.00; 2.0008206475; -127.5837415274
1325.25; 2.0026080492; -131.2479962058
1325.50; 2.0042942862; -134.4999178842
1325.75; 2.0058729695; -137.3008918142
1326.00; 2.0073476999; -139.6329093481
1326.25; 2.0087088163; -141.4560318303
1326.50; 2.0099545037; -142.7568545727
1326.75; 2.0110849976; -143.5191318550
1327.00; 2.0121091284; -143.7373554390
1327.25; 2.0130191390; -143.4028700267
1327.50; 2.0138145914; -142.5135318644
1327.75; 2.0144972952; -141.0804691131
1328.00; 2.0150673733; -139.1193057369
1328.25; 2.0155301264; -136.6363317665
1328.50; 2.0158855886; -133.6679088349
1328.75; 2.0161398370; -130.2153614734
1329.00; 2.0162970613; -126.2891431418
1329.25; 2.0163597718; -121.9608744430
1329.50; 2.0163327577; -117.2463137792
1329.75; 2.0162209468; -112.1779593893
1330.00; 2.0160292741; -106.7811559866
1330.25; 2.0157632866; -101.0955072220
1330.50; 2.0154297034; -95.1809026752
1330.75; 2.0150337923; -89.0649468078
1331.00; 2.0145814819; -82.7859817814
1331.25; 2.0140788850; -76.3818475823
1331.50; 2.0135316815; -69.8862730597
1331.75; 2.0129446888; -63.3235568463
1332.00; 2.0123239211; -56.7322569473
1332.25; 2.0116768063; -50.1661514936
1332.50; 2.0110116298; -43.6869907392
1332.75; 2.0103336718; -37.3267973634
1333.00; 2.0096464521; -31.1023848271
1333.25; 2.0089567924; -25.0604526406
1333.50; 2.0082713338; -19.2458010462
1333.75; 2.0075939263; -13.6786145718
1334.00; 2.0069307432; -8.3966549026
1334.25; 2.0062876307; -3.4325914264
1334.50; 2.0056690155; 1.1947718893
1334.75; 2.0050778720; 5.4803775994
1335.00; 2.0045175720; 9.4192615762
1335.25; 2.0039933814; 12.9970059796
1335.50; 2.0035087388; 16.2156827616
1335.75; 2.0030666092; 19.0830275155
1336.00; 2.0026730047; 21.5934631022
1336.25; 2.0023280077; 23.7800867643
1336.50; 2.0020320889; 25.6736034410
1336.75; 2.0017881145; 27.2921863083
1337.00; 2.0015981715; 28.6606472438
1337.25; 2.0014630536; 29.8104031118
1337.50; 2.0013843078; 30.7671353233
1337.75; 2.0013629385; 31.5584226133
1338.00; 2.0014000724; 32.2054696266
1338.25; 2.0014965733; 32.7290562059
1338.50; 2.0016534768; 33.1477897807
1338.75; 2.0018713503; 33.4743170153
1339.00; 2.0021498555; 33.7158716060
1339.25; 2.0024900225; 33.8770566835
1339.50; 2.0028935862; 33.9577711642
1339.75; 2.0033607507; 33.9534505118
1340.00; 2.0038927739; 33.8557518834
1340.25; 2.0044875997; 33.6531914061
1340.50; 2.0051462594; 33.3303588487
1340.75; 2.0058708407; 32.8763132971
1341.00; 2.0066552777; 32.2962898100
1341.25; 2.0075051847; 31.5403645944
1341.50; 2.0084179377; 30.5906012448
1341.75; 2.0093973680; 29.4218188626
1342.00; 2.0104350465; 28.0260373159
1342.25; 2.0115321530; 26.3836344525
1342.50; 2.0126935798; 24.4651680600
1342.75; 2.0139132922; 22.2691117531
1343.00; 2.0151869832; 19.7970875723
1343.25; 2.0165163181; 17.0368210935
1343.50; 2.0178924671; 14.0011467851
1343.75; 2.0193121049; 10.6945670221
1344.00; 2.0207687542; 7.1319086124
1344.25; 2.0222679057; 3.3011416970
1344.50; 2.0238047207; -0.7827144806
1344.75; 2.0253742553; -5.0909480223
1345.00; 2.0269714996; -9.5997092322
1345.25; 2.0285890923; -14.2753219781
1345.50; 2.0302325049; -19.1184927291
1345.75; 2.0318973046; -24.0997827728
1346.00; 2.0335775832; -29.1839479877
1346.25; 2.0352690528; -34.3395029277
1346.50; 2.0369634897; -39.5216564805
1346.75; 2.0386600463; -44.7082203765
1347.00; 2.0403520961; -49.8610233135
1347.25; 2.0420341459; -54.9458198484
1347.50; 2.0436970753; -59.9187840369
1347.75; 2.0453415514; -64.7679152553
1348.00; 2.0469671093; -69.4798621300
1348.25; 2.0485621901; -74.0119253398
1348.50; 2.0501308301; -78.3697429504
1348.75; 2.0516620434; -82.5197876060
1349.00; 2.0531539601; -86.4583759864
1349.25; 2.0546045295; -90.1841064255
1349.50; 2.0560036255; -93.6773046683
1349.75; 2.0573579120; -96.9639099134
1350.00; 2.0586682727; -100.0565592104
1350.25; 2.0599248876; -102.9439545844
1350.50; 2.0611279369; -105.6392699275
1350.75; 2.0622624439; -108.1216491007
1351.00; 2.0633352644; -110.4180346255
1351.25; 2.0643383468; -112.5216653199
1351.50; 2.0652760796; -114.4508376636
1351.75; 2.0661497504; -116.2154968052
1352.00; 2.0669512910; -117.8050172078
1352.25; 2.0676813195; -119.2246256941
1352.50; 2.0683382713; -120.4727877099
1352.75; 2.0689228705; -121.5504734902
1353.00; 2.0694328443; -122.4508126394
1353.25; 2.0698644104; -123.1624608419
1353.50; 2.0702178128; -123.6799163085
1353.75; 2.0704945758; -123.9969131261
1354.00; 2.0706942526; -124.1021940614
1354.25; 2.0708158096; -123.9830829406
1354.50; 2.0708594615; -123.6264416475
1354.75; 2.0708252877; -123.0179697332
1355.00; 2.0707135699; -122.1443002837
1355.25; 2.0705248737; -120.9921206980
1355.50; 2.0702592978; -119.5442075060
1355.75; 2.0699191967; -117.7954690312
1356.00; 2.0695053190; -115.7324347127
1356.25; 2.0690198698; -113.3494441094
1356.50; 2.0684670445; -110.6518567627
1356.75; 2.0678462458; -107.6229088997
1357.00; 2.0671615397; -104.2698650412
1357.25; 2.0664134869; -100.5848347900
1357.50; 2.0656046021; -96.5718076844
1357.75; 2.0647352332; -92.2265106033
1358.00; 2.0638126355; -87.5821982464
1358.25; 2.0628446880; -82.6795859850
1358.50; 2.0618377677; -77.5559208124
1358.75; 2.0607922641; -72.2223159385
1359.00; 2.0597124807; -66.7107414826
1359.25; 2.0585994084; -61.0407479286
1359.50; 2.0574552861; -55.2404570178
1359.75; 2.0562896577; -49.3773446098
1360.00; 2.0551111748; -43.5158836789
1360.25; 2.0539165528; -37.6615771003
1360.50; 2.0527179105; -31.8960030278
1360.75; 2.0515154141; -26.2410834506
1361.00; 2.0503185821; -20.7620138041
1361.25; 2.0491300641; -15.4895864137
1361.50; 2.0479514976; -10.4493627525
1361.75; 2.0467852532; -5.6650162530
1362.00; 2.0456425138; -1.1902826121
1362.25; 2.0445209939; 2.9787893973
1362.50; 2.0434204996; 6.8419195225
1362.75; 2.0423502199; 10.3719112607
1363.00; 2.0413104332; 13.5791176779
1363.25; 2.0403045055; 16.4696242250
1363.50; 2.0393328552; 19.0673243796
1363.75; 2.0384010843; 21.3838764834
1364.00; 2.0375050400; 23.4627177595
1364.25; 2.0366472162; 25.3346627695
1364.50; 2.0358306741; 27.0333984613
1364.75; 2.0350571342; 28.5977065546
1365.00; 2.0343249845; 30.0740127765
1365.25; 2.0336362348; 31.5005329286
1365.50; 2.0329881491; 32.9223723976
1365.75; 2.0323840533; 34.3685180083
1366.00; 2.0318229714; 35.8714695504
1366.25; 2.0313069264; 37.4496654944
1366.50; 2.0308395335; 39.1080396973
1366.75; 2.0304210007; 40.8533789761
1367.00; 2.0300496147; 42.6916802752
1367.25; 2.0297285957; 44.5990610853
1367.50; 2.0294575637; 46.5657447357
1367.75; 2.0292374356; 48.5707442377
1368.00; 2.0290705934; 50.5668677861
1368.25; 2.0289571081; 52.5332440027
1368.50; 2.0288983175; 54.4246489017
1368.75; 2.0288949830; 56.2012189955
1369.00; 2.0289478934; 57.8351499018
1369.25; 2.0290580308; 59.2866920379
1369.50; 2.0292258586; 60.5150007620
1369.75; 2.0294513884; 61.4828057194
1370.00; 2.0297357570; 62.1620475575
1370.25; 2.0300781919; 62.5224686868
1370.50; 2.0304787986; 62.5417554873
1370.75; 2.0309369565; 62.2025435356
1371.00; 2.0314525262; 61.4915827031
1371.25; 2.0320214138; 60.3994856860
1371.50; 2.0326385684; 58.9418272650
1371.75; 2.0333069764; 57.1075081561
1372.00; 2.0340208119; 54.9147142457
1372.25; 2.0347802716; 52.3683351318
1372.50; 2.0355801012; 49.4958146075
1372.75; 2.0364189384; 46.3020673726
1373.00; 2.0372881245; 42.8384091710
1373.25; 2.0381879127; 39.1162032793
1373.50; 2.0391194907; 35.1468699904
1373.75; 2.0400763545; 30.9736115324
1374.00; 2.0410472114; 26.6640174187
1374.25; 2.0420319092; 22.2386191957
1374.50; 2.0430261474; 17.7375709013
1374.75; 2.0440289930; 13.1876577007
1375.00; 2.0450317991; 8.6505404966
1375.25; 2.0460322371; 4.1604568943
1375.50; 2.0470233672; -0.2274422771
1375.75; 2.0480020134; -4.4761738611
1376.00; 2.0489602009; -8.5300296389
1376.25; 2.0498903974; -12.3386891407
1376.50; 2.0507952974; -15.8963745242
1376.75; 2.0516742062; -19.1860301299
1377.00; 2.0525230947; -22.1786633201
1377.25; 2.0533339997; -24.8402637632
1377.50; 2.0541102473; -27.1771800107
1377.75; 2.0548468424; -29.1732837544
1378.00; 2.0555426887; -30.8268180216
1378.25; 2.0561929887; -32.1318818602
1378.50; 2.0567963747; -33.0943543547
1378.75; 2.0573533102; -33.7255555620
1379.00; 2.0578640741; -34.0380100815
1379.25; 2.0583283394; -34.0449001247
1379.50; 2.0587445661; -33.7618203835
1379.75; 2.0591136529; -33.2056206247
1380.00; 2.0594338971; -32.3978582585
1380.25; 2.0597085805; -31.3502899888
1380.50; 2.0599372150; -30.0867852585
1380.75; 2.0601204203; -28.6296777654
1381.00; 2.0602604820; -26.9898378732
1381.25; 2.0603582077; -25.1928479920
1381.50; 2.0604154825; -23.2483221881
1381.75; 2.0604335178; -21.1842305857
1382.00; 2.0604139322; -19.0282337457
1382.25; 2.0603586192; -16.8075670282
1382.50; 2.0602692313; -14.5351409747
1382.75; 2.0601477276; -12.2337151416
1383.00; 2.0599955452; -9.9165301929
1383.25; 2.0598156718; -7.6207824632
1383.50; 2.0596088047; -5.3514964717
1383.75; 2.0593772772; -3.1298249388
1384.00; 2.0591236042; -0.9769974601
1384.25; 2.0588485258; 1.1018470134
1384.50; 2.0585523034; 3.1083986290
1384.75; 2.0582395077; 5.0146235429
1385.00; 2.0579116390; 6.8197960808
1385.25; 2.0575688766; 8.5319949173
1385.50; 2.0572147952; 10.1451403938
1385.75; 2.0568499090; 11.6718029599
1386.00; 2.0564768659; 13.1189845379
1386.25; 2.0560955336; 14.5075165868
1386.50; 2.0557077689; 15.8525066298
1386.75; 2.0553150802; 17.1736684553
1387.00; 2.0549196018; 18.4885587228
1387.25; 2.0545193217; 19.8294705763
1387.50; 2.0541172932; 21.2126306852
1387.75; 2.0537148219; 22.6576914191
1388.00; 2.0533133280; 24.1822932348
1388.25; 2.0529132910; 25.8042724918
1388.50; 2.0525180286; 27.5283952512
1388.75; 2.0521302095; 29.3563463848
1389.00; 2.0517522701; 31.2855919838
1389.25; 2.0513845029; 33.3182959343
1389.50; 2.0510299885; 35.4388857279
1389.75; 2.0506894434; 37.6396250248
1390.00; 2.0503665556; 39.8929290743
1390.25; 2.0500628709; 42.1864640656
1390.50; 2.0497795734; 44.4999441800
1390.75; 2.0495188775; 46.8062697662
1391.00; 2.0492826438; 49.0807825073
1391.25; 2.0490728746; 51.2965138392
1391.50; 2.0488929636; 53.4100928996
1391.75; 2.0487439109; 55.4038033810
1392.00; 2.0486281440; 57.2442144304
1392.25; 2.0485477786; 58.8912241331
1392.50; 2.0485043457; 60.3189166126
1392.75; 2.0484991437; 61.5087312080
1393.00; 2.0485335380; 62.4435228215
1393.25; 2.0486087567; 63.1038801439
1393.50; 2.0487247638; 63.4682724557
1393.75; 2.0488822161; 63.5264585541
1394.00; 2.0490821878; 63.2702025568
1394.25; 2.0493245068; 62.6958463811
1394.50; 2.0496081302; 61.8052589135
1394.75; 2.0499345893; 60.5961157914
1395.00; 2.0503024649; 59.0787319813
1395.25; 2.0507095339; 57.2711977577
1395.50; 2.0511563183; 55.1833174909
1395.75; 2.0516414647; 52.8350995898
1396.00; 2.0521619225; 50.2585152164
1396.25; 2.0527149537; 47.4858806471
1396.50; 2.0533007769; 44.5368537411
1396.75; 2.0539159715; 41.4506368642
1397.00; 2.0545540757; 38.2835222503
1397.25; 2.0552130999; 35.0676525455
1397.50; 2.0558930952; 31.8246978131
1397.75; 2.0565908939; 28.5904582627
1398.00; 2.0573012426; 25.4053634523
1398.25; 2.0580266536; 22.2845725871
1398.50; 2.0587640713; 19.2524010236
1398.75; 2.0595109872; 16.3350447265
1399.00; 2.0602620789; 13.5505731725
1399.25; 2.0610190527; 10.9002096718
1399.50; 2.0617779849; 8.3965096224
1399.75; 2.0625358261; 6.0432201544
1400.00; 2.0632912375; 3.8361478351
1400.25; 2.0640414376; 1.7715232303
1400.50; 2.0647857801; -0.1647519072
1400.75; 2.0655218982; -1.9823811502
1401.00; 2.0662511612; -3.7021129242
1401.25; 2.0669754409; -5.3463028013
1401.50; 2.0676892441; -6.9189911663
1401.75; 2.0683929190; -8.4388992775
1402.00; 2.0690827021; -9.9144358655
1402.25; 2.0697598549; -11.3657252975
1402.50; 2.0704212124; -12.8018316817
1402.75; 2.0710691702; -14.2336680209
1403.00; 2.0717020755; -15.6745040679
1403.25; 2.0723207116; -17.1372363283
1403.50; 2.0729216797; -18.6234115053
1403.75; 2.0735040608; -20.1410485261
1404.00; 2.0740630463; -21.6833224728
1404.25; 2.0745998048; -23.2531597014
1404.50; 2.0751150516; -24.8540448229
1404.75; 2.0756042279; -26.4708140792
1405.00; 2.0760694304; -28.1081364190
1405.25; 2.0765081143; -29.7508258260
1405.50; 2.0769184835; -31.3841237852
1405.75; 2.0772998943; -32.9955861980
1406.00; 2.0776519973; -34.5714885872
1406.25; 2.0779714227; -36.0830807358
1406.50; 2.0782582213; -37.5136589214
1406.75; 2.0785113937; -38.8416080093
1407.00; 2.0787277677; -40.0320990467
1407.25; 2.0789079857; -41.0704698674
1407.50; 2.0790512601; -41.9351666253
1407.75; 2.0791565101; -42.6037744579
1408.00; 2.0792236346; -43.0620659437
1408.25; 2.0792525513; -43.2983140256
1408.50; 2.0792432549; -43.3046158765
1408.75; 2.0791958727; -43.0781180760
1409.00; 2.0791105508; -42.6194832082
1409.25; 2.0789883215; -41.9382820643
1409.50; 2.0788301720; -41.0464376611
1409.75; 2.0786368108; -39.9573525089
1410.00; 2.0784088372; -38.6874639638
1410.25; 2.0781490485; -37.2680409137
1410.50; 2.0778587213; -35.7194110257
1410.75; 2.0775393560; -34.0646341995
1411.00; 2.0771908672; -32.3185307969
1411.25; 2.0768173501; -30.5168314358
1411.50; 2.0764190286; -28.6761192007
1411.75; 2.0759984153; -26.8220287076
1412.00; 2.0755570112; -24.9728045745
1412.25; 2.0750974538; -23.1506373655
1412.50; 2.0746221894; -21.3733588586
1412.75; 2.0741354972; -19.6629673221
1413.00; 2.0736374882; -18.0251371072
1413.25; 2.0731285672; -16.4638497575
1413.50; 2.0726102438; -14.9842525546
1413.75; 2.0720834373; -13.5882278868
1414.00; 2.0715511422; -12.2810644361
1414.25; 2.0710150333; -11.0627840309
1414.50; 2.0704723805; -9.9214356926
1414.75; 2.0699250541; -8.8538576390
1415.00; 2.0693788721; -7.8626316224
1415.25; 2.0688339080; -6.9383756585
1415.50; 2.0682899553; -6.0687596499
1415.75; 2.0677502620; -5.2465978691
1416.00; 2.0672157067; -4.4613880324
1416.25; 2.0666867829; -3.6981208601
1416.50; 2.0661650540; -2.9435708436
1416.75; 2.0656494630; -2.1813000216
1417.00; 2.0651398340; -1.3945826635
1417.25; 2.0646391010; -0.5737790715
1417.50; 2.0641475401; 0.2940365049
1417.75; 2.0636661090; 1.2174045398
1418.00; 2.0631976815; 2.2001096153
1418.25; 2.0627434406; 3.2444645156
1418.50; 2.0623026865; 4.3521471752
1418.75; 2.0618768629; 5.5154798449
1419.00; 2.0614644625; 6.7401410068
1419.25; 2.0610687292; 8.0007234406
1419.50; 2.0606924783; 9.2711907384
1419.75; 2.0603342334; 10.5347236123
1420.00; 2.0599971134; 11.7612297179
1420.25; 2.0596800565; 12.9285284656
1420.50; 2.0593873329; 13.9972175386
1420.75; 2.0591196065; 14.9385631648
1421.00; 2.0588764577; 15.7277075018
1421.25; 2.0586605537; 16.3298010498
1421.50; 2.0584716277; 16.7212122549
1421.75; 2.0583100344; 16.8773649255
1422.00; 2.0581761745; 16.7783208994
1422.25; 2.0580705561; 16.4084861360
1422.50; 2.0579924960; 15.7542124112
1422.75; 2.0579416910; 14.8078236835
1423.00; 2.0579174257; 13.5634475478
1423.25; 2.0579188855; 12.0247345619
1423.50; 2.0579449696; 10.1916140494
1423.75; 2.0579944264; 8.0690255585
1424.00; 2.0580656447; 5.6729678687
1424.25; 2.0581563943; 3.0325585255
1424.50; 2.0582646682; 0.1654293521
1424.75; 2.0583884874; -2.9117562095
1425.00; 2.0585248947; -6.1637101550
1425.25; 2.0586720167; -9.5729491138
1425.50; 2.0588267895; -13.1017543011
1425.75; 2.0589854844; -16.6991247173
1426.00; 2.0591449907; -20.3282188852
1426.25; 2.0593021625; -23.9510623457
1426.50; 2.0594532582; -27.5177848071
1426.75; 2.0595952040; -30.9945571914
1427.00; 2.0597249151; -34.3423095337
1427.25; 2.0598403323; -37.5565603349
1427.50; 2.0599374965; -40.5783171880
1427.75; 2.0600147090; -43.4146361345
1428.00; 2.0600684512; -46.0101199453
1428.25; 2.0600963929; -48.3449046450
1428.50; 2.0600966262; -50.4241886006
1428.75; 2.0600672141; -52.2383480821
1429.00; 2.0600063952; -53.7888790611
1429.25; 2.0599128250; -55.0690994659
1429.50; 2.0597851934; -56.0865357376
1429.75; 2.0596213134; -56.8595238384
1430.00; 2.0594211789; -57.3961052119
1430.25; 2.0591845804; -57.7122936735
1430.50; 2.0589116663; -57.8282276132
1430.75; 2.0586002364; -57.7635998218
1431.00; 2.0582522348; -57.5376738892
1431.25; 2.0578660716; -57.1736651392
1431.50; 2.0574429101; -56.6925928640
1431.75; 2.0569826331; -56.1126523634
1432.00; 2.0564890408; -55.4549140770
1432.25; 2.0559586205; -54.7285635572
1432.50; 2.0553946657; -53.9459917212
1432.75; 2.0547962685; -53.1147546224
1433.00; 2.0541656824; -52.2438259944
1433.25; 2.0535036319; -51.3405593333
1433.50; 2.0528092400; -50.4012642159
1433.75; 2.0520844750; -49.4239881496
1434.00; 2.0513270708; -48.4010064081
1434.25; 2.0505386020; -47.3270279404
1434.50; 2.0497236066; -46.2005567924
1434.75; 2.0488847276; -45.0164251719
1435.00; 2.0480209086; -43.7629111553
1435.25; 2.0471331229; -42.4298848849
1435.50; 2.0462241310; -41.0094831391
1435.75; 2.0452849359; -39.4763527456
1436.00; 2.0443263606; -37.8332563634
1436.25; 2.0433465835; -36.0648408541
1436.50; 2.0423459023; -34.1606778995
1436.75; 2.0413306084; -32.1232331219
1437.00; 2.0402970694; -29.9380126103
1437.25; 2.0392522501; -27.6179149746
1437.50; 2.0381978773; -25.1631487366
1437.75; 2.0371423200; -22.5962748878
1438.00; 2.0360818512; -19.9150982399
1438.25; 2.0350197931; -17.1396531705
1438.50; 2.0339561768; -14.2810986841
1438.75; 2.0328918134; -11.3577834623
1439.00; 2.0318298890; -8.3971724834
1439.25; 2.0307752657; -5.4337104352
1439.50; 2.0297301109; -2.4967768910
1439.75; 2.0286969998; 0.3805874165
1440.00; 2.0276737157; 3.1805839037
1440.25; 2.0266637395; 5.8686585575
1440.50; 2.0256694934; 8.4151075612
1440.75; 2.0246897206; 10.8017664273
1441.00; 2.0237295129; 12.9974170314
1441.25; 2.0227928532; 14.9780044907
1441.50; 2.0218853030; 16.7203734783
1441.75; 2.0210030463; 18.2235618044
1442.00; 2.0201394943; 19.4961693477
1442.25; 2.0192994662; 20.5303008226
1442.50; 2.0184869640; 21.3243746931
1442.75; 2.0176994495; 21.8876110339
1443.00; 2.0169365031; 22.2307739964
1443.25; 2.0161985231; 22.3651219584
1443.50; 2.0154875851; 22.3053718202
1443.75; 2.0148000191; 22.0681330435
1444.00; 2.0141398023; 21.6738493242
1444.25; 2.0135021813; 21.1404251506
1444.50; 2.0128870070; 20.4918343191
1444.75; 2.0122948438; 19.7535809839
1445.00; 2.0117259554; 18.9509247590
1445.25; 2.0111780080; 18.1060727907
1445.50; 2.0106499010; 17.2414323016
1445.75; 2.0101371057; 16.3743693955
1446.00; 2.0096426573; 15.5322970606
1446.25; 2.0091641040; 14.7301766088
1446.50; 2.0087006982; 13.9840266277
1446.75; 2.0082520054; 13.3040638237
1447.00; 2.0078156666; 12.6978635812
1447.25; 2.0073901070; 12.1751717302
1447.50; 2.0069773244; 11.7425241072
1447.75; 2.0065757340; 11.3970952951
1448.00; 2.0061843897; 11.1346128973
1448.25; 2.0058024838; 10.9496426237
1448.50; 2.0054297135; 10.8314163313
1448.75; 2.0050628295; 10.7653711597
1449.00; 2.0047026397; 10.7414712463
1449.25; 2.0043477135; 10.7468999983
1449.50; 2.0039994591; 10.7702921266
1449.75; 2.0036571181; 10.7918740520
1450.00; 2.0033198908; 10.7964397307
1450.25; 2.0029881295; 10.7700032317
1450.50; 2.0026620383; 10.6991009001
1450.75; 2.0023396830; 10.5700787666
1451.00; 2.0020200332; 10.3763560321
1451.25; 2.0017047918; 10.1108398162
1451.50; 2.0013935373; 9.7737865660
1451.75; 2.0010860529; 9.3597352786
1452.00; 2.0007820811; 8.8668342216
1452.25; 2.0004776307; 8.2946994933
1452.50; 2.0001739171; 7.6602773558
1452.75; 1.9998690962; 6.9559431522
1453.00; 1.9995624885; 6.1968920499
1453.25; 1.9992542520; 5.3914094111
1453.50; 1.9989429494; 4.5467826008
1453.75; 1.9986281326; 3.6753812764
1454.00; 1.9983086415; 2.7884636179
1454.25; 1.9979832546; 1.8993240076
1454.50; 1.9976516556; 1.0239305530
1454.75; 1.9973109498; 0.1741394017
1455.00; 1.9969606057; -0.6304170359
1455.25; 1.9965984284; -1.3718508207
1455.50; 1.9962234811; -2.0276439121
1455.75; 1.9958378383; -2.5694644274
1456.00; 1.9954385692; -2.9760105134
1456.25; 1.9950254010; -3.2224155058
1456.50; 1.9945974084; -3.2833148027
1456.75; 1.9941552057; -3.1346344548
1457.00; 1.9936963476; -2.7530810214
1457.25; 1.9932205042; -2.1166421972
1457.50; 1.9927293702; -1.2097721176
1457.75; 1.9922233587; -0.0193299252
1458.00; 1.9917025857; 1.4639693064
1458.25; 1.9911685590; 3.2408855206
1458.50; 1.9906264475; 5.2951915737
1458.75; 1.9900758090; 7.6194525824
1459.00; 1.9895202612; 10.1897947128
1459.25; 1.9889625378; 12.9793351165
1459.50; 1.9884022312; 15.9736643118
1459.75; 1.9878410241; 19.1465875493
1460.00; 1.9872829772; 22.4586925797
1460.25; 1.9867318498; 25.8692934576
1460.50; 1.9861920944; 29.3249455922
1460.75; 1.9856649436; 32.8021295101
1461.00; 1.9851561889; 36.2434287088
1461.25; 1.9846665582; 39.6229432749
1461.50; 1.9842006491; 42.8947527181
1461.75; 1.9837608432; 46.0295644686
1462.00; 1.9833502031; 48.9927076812
1462.25; 1.9829711471; 51.7552987926
1462.50; 1.9826254922; 54.2944399562
1462.75; 1.9823180999; 56.5687792120
1463.00; 1.9820503067; 58.5631448553
1463.25; 1.9818235453; 60.2650058273
1463.50; 1.9816406659; 61.6535131409
1463.75; 1.9815028897; 62.7216234125
1464.00; 1.9814119515; 63.4620761213
1464.25; 1.9813685829; 63.8791181449
1464.50; 1.9813735796; 63.9791139301
1464.75; 1.9814271866; 63.7750602188
1465.00; 1.9815292239; 63.2856629014
1465.25; 1.9816802907; 62.5305130830
1465.50; 1.9818794977; 61.5391887546
1465.75; 1.9821265201; 60.3400858981
1466.00; 1.9824190292; 58.9748857305
1466.25; 1.9827561008; 57.4789225514
1466.50; 1.9831382657; 55.8812740878
1466.75; 1.9835645399; 54.2172634128
1467.00; 1.9840315925; 52.5289344873
1467.25; 1.9845373616; 50.8487905209
1467.50; 1.9850796610; 49.2044867714
1467.75; 1.9856594595; 47.6083133182
1468.00; 1.9862728204; 46.0798955023
1468.25; 1.9869239138; 44.6110898240
1468.50; 1.9876075990; 43.2085707223
1468.75; 1.9883222275; 41.8638744648
1469.00; 1.9890649933; 40.5645381135
1469.25; 1.9898402469; 39.2803775403
1469.50; 1.9906457393; 37.9884890807
1469.75; 1.9914809566; 36.6601074918
1470.00; 1.9923462481; 35.2636234880
1470.25; 1.9932395473; 33.7709063425
1470.50; 1.9941488556; 32.1711168640
1470.75; 1.9950798001; 30.4301861133
1471.00; 1.9960342221; 28.5208771429
1471.25; 1.9970123585; 26.4215518133
1471.50; 1.9980059504; 24.1327299164
1471.75; 1.9990244768; 21.6202562759
1472.00; 2.0000570767; 18.9017665012
1472.25; 2.0011030465; 15.9754172933
1472.50; 2.0021658042; 12.8292210226
1472.75; 2.0032377753; 9.4883026098
1473.00; 2.0043153735; 5.9694251738
1473.25; 2.0053987655; 2.2811029409
1473.50; 2.0064806480; -1.5427125201
1473.75; 2.0075592890; -5.4854916293
1474.00; 2.0086294797; -9.5179501200
1474.25; 2.0096918500; -13.6299489396
1474.50; 2.0107443970; -17.8041419838
1474.75; 2.0117793625; -21.9999302025
1475.00; 2.0127941485; -26.1958094756
1475.25; 2.0137817457; -30.3536847288
1475.50; 2.0147406668; -34.4588531178
1475.75; 2.0156672361; -38.4903755777
1476.00; 2.0165679598; -42.4693429311
1476.25; 2.0174366085; -46.3619421021
1476.50; 2.0182636423; -50.1222060606
1476.75; 2.0190491418; -53.7499204750
1477.00; 2.0197872899; -57.2133856446
1477.25; 2.0204772194; -60.5089470029
1477.50; 2.0211144182; -63.6199241973
1477.75; 2.0216966683; -66.5370661498
1478.00; 2.0222227366; -69.2466899683
1478.25; 2.0226892839; -71.7357310488
1478.50; 2.0230918464; -73.9878631307
1478.75; 2.0234320949; -76.0234766019
1479.00; 2.0237076090; -77.8255273389
1479.25; 2.0239150920; -79.3826557913
1479.50; 2.0240552292; -80.7073520772
1479.75; 2.0241264997; -81.7940502205
1480.00; 2.0241284461; -82.6456020619
1480.25; 2.0240605924; -83.2667166042
1480.50; 2.0239230522; -83.6595773162
1480.75; 2.0237161844; -83.8297529036
1481.00; 2.0234394868; -83.7856235938
1481.25; 2.0230942704; -83.5264309378
1481.50; 2.0226796377; -83.0677528514
1481.75; 2.0221979014; -82.4130191352
1482.00; 2.0216478436; -81.5680197964
1482.25; 2.0210318633; -80.5376789650
1482.50; 2.0203480164; -79.3317803383
1482.75; 2.0195991087; -77.9628726226
1483.00; 2.0187891270; -76.4466015207
1483.25; 2.0179156627; -74.7885862354
1483.50; 2.0169819654; -72.9985659035
1483.75; 2.0159945433; -71.0948793443
1484.00; 2.0149500255; -69.0770903794
1484.25; 2.0138593342; -66.9722265667
1484.50; 2.0127194223; -64.7789809520
1484.75; 2.0115305468; -62.5026722524
1485.00; 2.0102933466; -60.1470162513
1485.25; 2.0090070957; -57.7137031953
1485.50; 2.0076806765; -55.2184902210
1485.75; 2.0063183580; -52.6693578676
1486.00; 2.0049179689; -50.0593709427
1486.25; 2.0034851968; -47.3958333010
1486.50; 2.0020131571; -44.6577809625
1486.75; 2.0005137306; -41.8576118693
1487.00; 1.9989822595; -38.9765219691
1487.25; 1.9974257075; -36.0160213577
1487.50; 1.9958494797; -32.9733802566
1487.75; 1.9942524015; -29.8335509192
1488.00; 1.9926388832; -26.5923266458
1488.25; 1.9910148982; -23.2501835721
1488.50; 1.9893859665; -19.8052123754
1488.75; 1.9877438269; -16.2303557435
1489.00; 1.9861027939; -12.5503677676
1489.25; 1.9844680702; -8.7749751921
1489.50; 1.9828383867; -4.9017314102
1489.75; 1.9812154165; -0.9365889161
1490.00; 1.9796022909; 3.1073921939
1490.25; 1.9779966346; 7.2279293761
1490.50; 1.9764086758; 11.3877643857
1490.75; 1.9748409896; 15.5666929524
1491.00; 1.9732973098; 19.7394923194
1491.25; 1.9717792093; 23.8850815137
1491.50; 1.9702941002; 27.9646758735
1491.75; 1.9688402762; 31.9640631225
1492.00; 1.9674248626; 35.8441704646
1492.25; 1.9660535374; 39.5694192932
1492.50; 1.9647290088; 43.1130335751
1492.75; 1.9634518099; 46.4533337273
1493.00; 1.9622307097; 49.5474975423
1493.25; 1.9610669432; 52.3733469641
1493.50; 1.9599624591; 54.9080566791
1493.75; 1.9589162900; 57.1373969969
1494.00; 1.9579296868; 59.0439061801
1494.25; 1.9570036465; 60.6134848343
1494.50; 1.9561418731; 61.8313723517
1494.75; 1.9553397908; 62.6978784669
1495.00; 1.9546037555; 63.2043227165
1495.25; 1.9539310136; 63.3561192469
1495.50; 1.9533254076; 63.1593255323
1495.75; 1.9527840396; 62.6266410849
1496.00; 1.9523086822; 61.7774107638
1496.25; 1.9518971208; 60.6306477205
1496.50; 1.9515463341; 59.2052544976
1496.75; 1.9512575746; 57.5349170429
1497.00; 1.9510276298; 55.6430410599
1497.25; 1.9508549797; 53.5581504914
1497.50; 1.9507375015; 51.3085781307
1497.75; 1.9506736069; 48.9268070246
1498.00; 1.9506610272; 46.4292061865
1498.25; 1.9506977830; 43.8485093978
1498.50; 1.9507816339; 41.2126246123
1498.75; 1.9509098625; 38.5503448032
1499.00; 1.9510807722; 35.8572620012
1499.25; 1.9512929346; 33.1319273822
1499.50; 1.9515443554; 30.3777756587
1499.75; 1.9518305197; 27.6196990501
1500.00; 1.9521505246; 24.8397446763
1500.25; 1.9525030339; 22.0227851364
1500.50; 1.9528840346; 19.1735839904
1500.75; 1.9532909175; 16.2830387530
1501.00; 1.9537201759; 13.3474749901
1501.25; 1.9541718959; 10.3381444046
1501.50; 1.9546438496; 7.2416254329
1501.75; 1.9551330246; 4.0521452213
1502.00; 1.9556352672; 0.7709220143
1502.25; 1.9561486851; -2.6143310121
1502.50; 1.9566692333; -6.1025431265
1502.75; 1.9571955481; -9.7065388395
1503.00; 1.9577214350; -13.4014327310
1503.25; 1.9582464552; -17.2011445805
1503.50; 1.9587671625; -21.1047640364
1503.75; 1.9592754434; -25.0648567244
1504.00; 1.9597690354; -29.0788796938
1504.25; 1.9602440320; -33.1306321345
1504.50; 1.9606980848; -37.2157066000
1504.75; 1.9611286557; -41.3277795227
1505.00; 1.9615281800; -45.4109652512
1505.25; 1.9618948108; -49.4629554319
1505.50; 1.9622237342; -53.4494283275
1505.75; 1.9625128300; -57.3638438280
1506.00; 1.9627587404; -61.1850942450
1506.25; 1.9629571371; -64.8747923600
1506.50; 1.9631038949; -68.3908035597
1506.75; 1.9631974504; -71.7472285714
1507.00; 1.9632339087; -74.8929731687
1507.25; 1.9632105030; -77.8134204872
1507.50; 1.9631243892; -80.4895020652
1507.75; 1.9629733242; -82.8915520797
1508.00; 1.9627564938; -84.9848671031
1508.25; 1.9624711623; -86.7664677852
1508.50; 1.9621158454; -88.2246756475
1508.75; 1.9616896072; -89.3507174875
1509.00; 1.9611925389; -90.1385561217
1509.25; 1.9606211551; -90.5902314248
1509.50; 1.9599770311; -90.7044917853
1509.75; 1.9592621358; -90.4845255900
1510.00; 1.9584728440; -89.9341163976
1510.25; 1.9576099839; -89.0590338431
1510.50; 1.9566687290; -87.8595932055
1510.75; 1.9556520073; -86.3449300777
1511.00; 1.9545708435; -84.5379352699
1511.25; 1.9534175585; -82.4313455983
1511.50; 1.9522004382; -80.0459460827
1511.75; 1.9509161695; -77.3804432469
1512.00; 1.9495707514; -74.4527662400
1512.25; 1.9481618591; -71.2594795632
1512.50; 1.9466936709; -67.8159494382
1512.75; 1.9451623788; -64.1174742258
1513.00; 1.9435817571; -60.2022047267
1513.25; 1.9419577779; -56.0908109565
1513.50; 1.9402971980; -51.8067755600
1513.75; 1.9385991977; -47.3533404587
1514.00; 1.9368670130; -42.7448777543
1514.25; 1.9350922106; -37.9621578444
1514.50; 1.9332840818; -33.0328860710
1514.75; 1.9314372397; -27.9451365721
1515.00; 1.9295664893; -22.7419093995
1515.25; 1.9276761554; -17.4367225569
1515.50; 1.9257670793; -12.0324315316
1515.75; 1.9238459993; -6.5466480549
1516.00; 1.9219240466; -1.0111084725
1516.25; 1.9200025277; 4.5731622333
1516.50; 1.9180851409; 10.1984485666
1516.75; 1.9161770152; 15.8511721854
1517.00; 1.9142874338; 21.5112965891
1517.25; 1.9124217238; 27.1641477248
1517.50; 1.9105809878; 32.8089683137
1517.75; 1.9087761438; 38.4136786280
1518.00; 1.9070018765; 43.9950120509
1518.25; 1.9052568438; 49.5544575944
1518.50; 1.9035557427; 55.0474439809
1518.75; 1.9019037571; 60.4500026285
1519.00; 1.9003023542; 65.7520029091
1519.25; 1.8987576083; 70.9258027051
1519.50; 1.8972707933; 75.9588352714
1519.75; 1.8958336278; 80.8751634447
1520.00; 1.8944623745; 85.6070890289
1520.25; 1.8931594414; 90.1454356193
1520.50; 1.8919320656; 94.4600616272
1520.75; 1.8907814800; 98.5525305393
1521.00; 1.8897123087; 102.3982149845
1521.25; 1.8887230121; 105.9959098216
1521.50; 1.8878250857; 109.3030014412
1521.75; 1.8870188815; 112.3185807217
1522.00; 1.8863032844; 115.0520598000
1522.25; 1.8856801075; 117.5011953070
1522.50; 1.8851529261; 119.6566693789
1522.75; 1.8847227490; 121.5193594626
1523.00; 1.8843921914; 123.0867180397
1523.25; 1.8841613031; 124.3653398881
1523.50; 1.8840301770; 125.3620605216
1523.75; 1.8839987433; 126.0861642931
1524.00; 1.8840672556; 126.5415055466
1524.25; 1.8842357388; 126.7379420383
1524.50; 1.8845042469; 126.6827837009
1524.75; 1.8848718329; 126.3860240150
1525.00; 1.8853387817; 125.8579419783
1525.25; 1.8859034383; 125.1104037291
1525.50; 1.8865635188; 124.1558323791
1525.75; 1.8873186183; 123.0052364034
1526.00; 1.8881655863; 121.6729409643
1526.25; 1.8891048009; 120.1669155952
1526.50; 1.8901386951; 118.4887451748
1526.75; 1.8912659725; 116.6475681132
1527.00; 1.8924779470; 114.6623456466
1527.25; 1.8937729246; 112.5388639521
1527.50; 1.8951532167; 110.2711971022
1527.75; 1.8966154070; 107.8640963660
1528.00; 1.8981622130; 105.3086750080
1528.25; 1.8997947883; 102.6021129001
1528.50; 1.9015018830; 99.7562189163
1528.75; 1.9032823824; 96.7540356250
1529.00; 1.9051406965; 93.5749706153
1529.25; 1.9070679140; 90.2156383539
1529.50; 1.9090543751; 86.6835432153
1529.75; 1.9111034646; 82.9530515574
1530.00; 1.9132063907; 79.0327617723
1530.25; 1.9153581627; 74.9202400157
1530.50; 1.9175622351; 70.5980579980
1530.75; 1.9198091995; 66.0755853141
1531.00; 1.9220919224; 61.3592956720
1531.25; 1.9244110761; 56.4423085222
1531.50; 1.9267690326; 51.3134084763
1531.75; 1.9291581149; 45.9857746804
1532.00; 1.9315807511; 40.4533151277
1532.25; 1.9340281668; 34.7364438087
1532.50; 1.9364889540; 28.8663311356
1532.75; 1.9389528859; 22.8722409607
1533.00; 1.9414111166; 16.7825149054
1533.25; 1.9438710834; 10.5875233717
1533.50; 1.9463229262; 4.3235644822
1533.75; 1.9487681394; -1.9977671415
1534.00; 1.9511971197; -8.3362002943
1534.25; 1.9536040203; -14.6585867032
1534.50; 1.9559780191; -20.9167050835
1534.75; 1.9583224049; -27.0945097791
1535.00; 1.9606165757; -33.1132449904
1535.25; 1.9628652035; -38.9602120749
1535.50; 1.9650668494; -44.6010609715
1535.75; 1.9672085753; -49.9761027701
1536.00; 1.9692834762; -55.0402854532
1536.25; 1.9712961953; -59.7787616478
1536.50; 1.9732433167; -64.1565378949
1536.75; 1.9751196074; -68.1372411138
1537.00; 1.9769299418; -71.7071285825
1537.25; 1.9786591409; -74.8154113197
1537.50; 1.9803117272; -77.4528409165
1537.75; 1.9818774308; -79.5890007721
1538.00; 1.9833642794; -81.2244279598
1538.25; 1.9847644958; -82.3432882226
1538.50; 1.9860817650; -82.9459504894
1538.75; 1.9873047886; -83.0271356329
1539.00; 1.9884362356; -82.6009546514
1539.25; 1.9894834744; -81.6779541086
1539.50; 1.9904449531; -80.2767412632
1539.75; 1.9913191477; -78.4245081005
1540.00; 1.9921120189; -76.1395193420
1540.25; 1.9928252986; -73.4532529058
1540.50; 1.9934583780; -70.4132868227
1540.75; 1.9940171977; -67.0430008959
1541.00; 1.9945057355; -63.3743906395
1541.25; 1.9949271261; -59.4510030255
1541.50; 1.9952860104; -55.3052524704
1541.75; 1.9955853754; -50.9894895894
1542.00; 1.9958289499; -46.5528783653
1542.25; 1.9960218469; -42.0242305281
1542.50; 1.9961677829; -37.4594365893
1542.75; 1.9962709053; -32.9109535567
1543.00; 1.9963362504; -28.3949990124
1543.25; 1.9963684446; -23.9343322320
1543.50; 1.9963719309; -19.5580525725
1543.75; 1.9963510889; -15.2757991302
1544.00; 1.9963103915; -11.1354751411
1544.25; 1.9962541045; -7.1516424937
1544.50; 1.9961860958; -3.3145956248
1544.75; 1.9961105276; 0.3591577009
1545.00; 1.9960312991; 3.8683228092
1545.25; 1.9959514838; 7.2471698485
1545.50; 1.9958747441; 10.4956096039
1545.75; 1.9958050801; 13.6107922470
1546.00; 1.9957455798; 16.6186670769
1546.25; 1.9956992158; 19.5519539119
1546.50; 1.9956691039; 22.4405805951
1546.75; 1.9956583915; 25.2933085383
1547.00; 1.9956699711; 28.1402313458
1547.25; 1.9957068934; 31.0178829632
1547.50; 1.9957720366; 33.9376346097
1547.75; 1.9958679189; 36.9014051600
1548.00; 1.9959974045; 39.9269305859
1548.25; 1.9961637567; 43.0317228669
1548.50; 1.9963690246; 46.2066977302
1548.75; 1.9966186229; 49.4849517261
1549.00; 1.9969143148; 52.8370315527
1549.25; 1.9972591491; 56.2480706492
1549.50; 1.9976553934; 59.6874255364
1549.75; 1.9981073512; 63.1368171087
1550.00; 1.9986186890; 66.5646965303
1550.25; 1.9991907391; 69.9184221502
1550.50; 1.9998251566; 73.1482985727
1550.75; 2.0005259825; 76.2134853231
1551.00; 2.0012963522; 79.0660122308
1551.25; 2.0021426120; 81.6697076289
1551.50; 2.0030701604; 83.9809376367
1551.75; 2.0040764675; 85.9375629471
1552.00; 2.0051610651; 87.4892329967
1552.25; 2.0063277009; 88.5997052354
1552.50; 2.0075758067; 89.2370190726
1552.75; 2.0089019111; 89.3682603433
1553.00; 2.0103189214; 88.9705389768
1553.25; 2.0118239820; 88.0273400195
1553.50; 2.0134078225; 86.5366809831
1553.75; 2.0150747143; 84.4986045072
1554.00; 2.0168253227; 81.9199730051
1554.25; 2.0186535793; 78.8233760652
1554.50; 2.0205617757; 75.2248366947
1554.75; 2.0225449172; 71.1606996056
1555.00; 2.0245962055; 66.6750353597
1555.25; 2.0267207903; 61.7897498924
1555.50; 2.0289198406; 56.5377828433
1555.75; 2.0311654292; 51.0232853152
1556.00; 2.0334716580; 45.2479180436
1556.25; 2.0358297862; 39.2682056311
1556.50; 2.0382430852; 33.1170789567
1556.75; 2.0406983984; 26.8623274014
1557.00; 2.0431849457; 20.5622463700
1557.25; 2.0457203199; 14.2006947879
1557.50; 2.0482764764; 7.8717206106
1557.75; 2.0508509499; 1.6007792108
1558.00; 2.0534361688; -4.5787528110
1558.25; 2.0560230796; -10.6360612959
1558.50; 2.0586063954; -16.5579729716
1558.75; 2.0612005873; -22.3698131140
1559.00; 2.0637935936; -28.0441761795
1559.25; 2.0663871050; -33.5898918362
1559.50; 2.0689690893; -38.9850309846
1559.75; 2.0715251156; -44.2106517625
1560.00; 2.0740580480; -49.2857804262
1560.25; 2.0765592200; -54.2051234679
1560.50; 2.0790300981; -58.9861200471
1560.75; 2.0814666502; -63.6330060938
1561.00; 2.0838649996; -68.1517515092
1561.25; 2.0862087682; -72.5285403316
1561.50; 2.0885081753; -76.7984998859
1561.75; 2.0907678919; -80.9834303557
1562.00; 2.0929623604; -85.0466660680
1562.25; 2.0950919690; -89.0036987732
1562.50; 2.0971581456; -92.8672991690
1562.75; 2.0991582207; -96.6409050004
1563.00; 2.1010881177; -100.3246124155
1563.25; 2.1029471202; -103.9243823793
1563.50; 2.1047412500; -107.4545725723
1563.75; 2.1064618421; -110.8984748437
1564.00; 2.1081054323; -114.2508928558
1564.25; 2.1096715574; -117.5100202856
1564.50; 2.1111533897; -120.6594196247
1564.75; 2.1125512190; -123.6958033192
1565.00; 2.1138630220; -126.6098533545
1565.25; 2.1150815422; -129.3777939523
1565.50; 2.1162080475; -131.9939066921
1565.75; 2.1172372818; -134.4358994540
1566.00; 2.1181663063; -136.6853227513
1566.25; 2.1189949049; -138.7280534074
1566.50; 2.1197267996; -140.5594347962
1566.75; 2.1203585950; -142.1559481025
1567.00; 2.1208874515; -143.4892454116
1567.25; 2.1213146298; -144.5579675466
1567.50; 2.1216392752; -145.3393376945
1567.75; 2.1218599891; -145.8149320509
1568.00; 2.1219764253; -145.9695868521
1568.25; 2.1219883508; -145.7900542077
1568.50; 2.1218958600; -145.2697506888
1568.75; 2.1216990226; -144.3980256671
1569.00; 2.1214004970; -143.1766674987
1569.25; 2.1210004576; -141.5981423040
1569.50; 2.1204993587; -139.6621780889
1569.75; 2.1198989754; -137.3726748665
1570.00; 2.1191990085; -134.7246721729
1570.25; 2.1184054613; -131.7421390810
1570.50; 2.1175233980; -128.4503651432
1570.75; 2.1165525280; -124.8290862589
1571.00; 2.1154987587; -120.9216485922
1571.25; 2.1143699461; -116.7379848128
1571.50; 2.1131614988; -112.2741372680
1571.75; 2.1118789367; -107.5570394407
1572.00; 2.1105312969; -102.6248870704
1572.25; 2.1091195566; -97.4835448584
1572.50; 2.1076459387; -92.1455357610
1572.75; 2.1061230977; -86.6610305219
1573.00; 2.1045513698; -81.0366309429
1573.25; 2.1029299102; -75.2748245787
1573.50; 2.1012728451; -69.4330798278
1573.75; 2.0995808302; -63.5289693062
1574.00; 2.0978576999; -57.5783524787
1574.25; 2.0961130434; -51.6245458508
1574.50; 2.0943585704; -45.7169594332
1574.75; 2.0925956633; -39.8692671793
1575.00; 2.0908252795; -34.0944167569
1575.25; 2.0890505635; -28.4131406864
1575.50; 2.0872806208; -22.8654992391
1575.75; 2.0855110742; -17.4400681220
1576.00; 2.0837471921; -12.1635828277
1576.25; 2.0820097033; -7.1089310856
1576.50; 2.0802973822; -2.2856360039
1576.75; 2.0786077489; 2.3054836513
1577.00; 2.0769521478; 6.6263283638
1577.25; 2.0753303879; 10.6732190075
1577.50; 2.0737464324; 14.4300057614
1577.75; 2.0722122982; 17.8635506724
1578.00; 2.0707319700; 20.9621841736
1578.25; 2.0692979875; 23.7416385230
1578.50; 2.0679113988; 26.2002759715
1578.75; 2.0665781053; 28.3295196752
1579.00; 2.0653019086; 30.1265472872
1579.25; 2.0640793327; 31.5986362380
1579.50; 2.0629112809; 32.7587732542
1579.75; 2.0618034445; 33.6073264632
1580.00; 2.0607541598; 34.1580681715
1580.25; 2.0597600607; 34.4262724044
1580.50; 2.0588279732; 34.4259874887
1580.75; 2.0579512735; 34.1730245531
1581.00; 2.0571298711; 33.6823456645
1581.25; 2.0563680244; 32.9750815057
1581.50; 2.0556684714; 32.0727924772
1581.75; 2.0550238301; 30.9830697711
1582.00; 2.0544341858; 29.7215036316
1582.25; 2.0538977405; 28.2982714315
1582.50; 2.0534123753; 26.7198787667
1582.75; 2.0529808558; 25.0071207500
1583.00; 2.0525993149; 23.1554165312
1583.25; 2.0522684346; 21.1804833698
1583.50; 2.0519838151; 19.0685703627
1583.75; 2.0517444569; 16.8262293828
1584.00; 2.0515473039; 14.4410715767
1584.25; 2.0513898712; 11.9089998460
1584.50; 2.0512695500; 9.2243924532
1584.75; 2.0511844578; 6.4020658314
1585.00; 2.0511314486; 3.4319589831
1585.25; 2.0511076132; 0.3209309323
1585.50; 2.0511096784; -2.9417107521
1585.75; 2.0511343051; -6.3462314782
1586.00; 2.0511779457; -9.8843165152
1586.25; 2.0512371587; -13.5653225233
1586.50; 2.0513078905; -17.3637300414
1586.75; 2.0513860046; -21.2615708003
1587.00; 2.0514676004; -25.2531738902
1587.25; 2.0515485264; -29.3223907204
1587.50; 2.0516250960; -33.4809889823
1587.75; 2.0516924246; -37.6749442807
1588.00; 2.0517461690; -41.8832149088
1588.25; 2.0517817373; -46.0635207662
1588.50; 2.0517948956; -50.1972348081
1588.75; 2.0517814430; -54.2896930966
1589.00; 2.0517370740; -58.3056161131
1589.25; 2.0516574308; -62.2205998363
1589.50; 2.0515385340; -66.0002637684
1589.75; 2.0513761266; -69.6227986825
1590.00; 2.0511671559; -73.0440196753
1590.25; 2.0509082077; -76.2379944965
1590.50; 2.0505946119; -79.1977634154
1590.75; 2.0502242923; -81.8897634140
1591.00; 2.0497943826; -84.2960026737
1591.25; 2.0493036591; -86.3959384534
1591.50; 2.0487501407; -88.1810603782
1591.75; 2.0481323678; -89.6387151628
1592.00; 2.0474442291; -90.7726659962
1592.25; 2.0466901086; -91.5691427322
1592.50; 2.0458668822; -92.0300533875
1592.75; 2.0449691165; -92.1576778566
1593.00; 2.0439941769; -91.9526740357
1593.25; 2.0429422486; -91.4170771247
1593.50; 2.0418150806; -90.5564712902
1593.75; 2.0406193825; -89.3812181334
1594.00; 2.0393570088; -87.8994518330
1594.25; 2.0380277592; -86.1178304833
1594.50; 2.0366322104; -84.0438150653
1594.75; 2.0351654381; -81.6762414755
1595.00; 2.0336315240; -79.0288899834
1595.25; 2.0320394049; -76.1264854944
1595.50; 2.0303826040; -72.9555571981
1595.75; 2.0286654611; -69.5368427316
1596.00; 2.0268915996; -65.8827102543
1596.25; 2.0250520093; -61.9798036073
1596.50; 2.0231639204; -57.8715894325
1596.75; 2.0212311956; -53.5748903394
1597.00; 2.0192519680; -49.0930272301
1597.25; 2.0172263707; -44.4353032076
1597.50; 2.0151567656; -39.6153831311
1597.75; 2.0130628461; -34.6873789023
1598.00; 2.0109299154; -29.6229945148
1598.25; 2.0087710347; -24.4610094637
1598.50; 2.0065891066; -19.2132813471
1598.75; 2.0043906365; -13.8998782701
1599.00; 2.0021956805; -8.5727969453
1599.25; 1.9999979232; -3.2203149995
1599.50; 1.9977984126; 2.1537571568
1599.75; 1.9956054874; 7.5291404161
1600.00; 1.9934155435; 12.9143653362
1600.25; 1.9912304985; 18.3103409824
1600.50; 1.9890581111; 23.7058785792
1600.75; 1.9869181300; 29.0524240058
1601.00; 1.9848124916; 34.3510749522
1601.25; 1.9827384814; 39.6157804864
1601.50; 1.9807078828; 44.8195540539
1601.75; 1.9787273266; 49.9470900501
1602.00; 1.9767975564; 55.0000693397
1602.25; 1.9749165005; 59.9858018555
1602.50; 1.9730831578; 64.9085955233
1602.75; 1.9713093664; 69.7361876297
1603.00; 1.9695985243; 74.4567531753
1603.25; 1.9679527469; 79.0606589727
1603.50; 1.9663807150; 83.5177605460
1603.75; 1.9648867670; 87.8053177074
1604.00; 1.9634709810; 91.9129017121
1604.25; 1.9621354448; 95.8215404239
1604.50; 1.9608861534; 99.5019978980
1604.75; 1.9597272667; 102.9267642809
1605.00; 1.9586630772; 106.0657083651
1605.25; 1.9576974422; 108.8905259266
1605.50; 1.9568284423; 111.3898762620
1605.75; 1.9560606577; 113.5338308859
1606.00; 1.9553938738; 115.3070604968
1606.25; 1.9548286783; 116.6931824702
1606.50; 1.9543662368; 117.6773851842
1606.75; 1.9540058923; 118.2506532850
1607.00; 1.9537495615; 118.4026165782
1607.25; 1.9535960463; 118.1304614143
1607.50; 1.9535448789; 117.4346062646
1607.75; 1.9535950822; 116.3163425894
1608.00; 1.9537457822; 114.7824942692
1608.25; 1.9539933941; 112.8644774649
1608.50; 1.9543367307; 110.5697743989
1608.75; 1.9547750462; 107.9066656405
1609.00; 1.9553048155; 104.9017238383
1609.25; 1.9559226256; 101.5805581401
1609.50; 1.9566284080; 97.9499755779
1609.75; 1.9574185488; 94.0368305017
1610.00; 1.9582898543; 89.8635646567
1610.25; 1.9592381310; 85.4547733844
1610.50; 1.9602580823; 80.8381543343
1610.75; 1.9613536301; 76.0025099465
1611.00; 1.9625113276; 71.0082248316
1611.25; 1.9637267442; 65.8734314944
1611.50; 1.9649974311; 60.6067977862
1611.75; 1.9663262303; 55.1924916016
1612.00; 1.9677022157; 49.6747349031
1612.25; 1.9691174282; 44.0848851237
1612.50; 1.9705663888; 38.4419974439
1612.75; 1.9720502265; 32.7399940653
1613.00; 1.9735478965; 27.0576381517
1613.25; 1.9750641195; 21.3744287574
1613.50; 1.9766003838; 15.6859031718
1613.75; 1.9781484153; 10.0206132455
1614.00; 1.9796930597; 4.4389664432
1614.25; 1.9812334708; -1.0559007787
1614.50; 1.9827717042; -6.4703702116
1614.75; 1.9843048665; -11.7919193766
1615.00; 1.9858252336; -16.9920355430
1615.25; 1.9873262319; -22.0477265228
1615.50; 1.9888075842; -26.9565163474
1615.75; 1.9902591219; -31.6832184520
1616.00; 1.9916799796; -36.2240888349
1616.25; 1.9930761439; -40.5939815270
1616.50; 1.9944314312; -44.7374029375
1616.75; 1.9957396054; -48.6329029606
1617.00; 1.9970007520; -52.2770406458
1617.25; 1.9982137656; -55.6615361299
1617.50; 1.9993648501; -58.7431373388
1617.75; 2.0004599146; -61.5332492663
1618.00; 2.0014957397; -64.0182711398
1618.25; 2.0024700370; -66.1878147959
1618.50; 2.0033827324; -68.0380703154
1618.75; 2.0042283904; -69.5551537868
1619.00; 2.0050056975; -70.7388466942
1619.25; 2.0057131402; -71.5929022255
1619.50; 2.0063476380; -72.1105313825
1619.75; 2.0069126656; -72.2999495894
1620.00; 2.0074063790; -72.1684744439
1620.25; 2.0078320138; -71.7249471513
1620.50; 2.0081878871; -70.9828752414
1620.75; 2.0084754982; -69.9530132423
1621.00; 2.0086950581; -68.6511716243
1621.25; 2.0088485417; -67.0859880710
1621.50; 2.0089366703; -65.2769837578
1621.75; 2.0089614912; -63.2264366342
1622.00; 2.0089247900; -60.9438039824
1622.25; 2.0088287090; -58.4387040071
1622.50; 2.0086750344; -55.7060163745
1622.75; 2.0084660131; -52.7477100348
1623.00; 2.0082046310; -49.5754396064
1623.25; 2.0078919126; -46.1695038375
1623.50; 2.0075334358; -42.5596662823
1623.75; 2.0071329490; -38.7536822785
1624.00; 2.0066919731; -34.7386923017
1624.25; 2.0062164270; -30.5448277179
1624.50; 2.0057090090; -26.1759994895
1624.75; 2.0051733383; -21.6407336230
1625.00; 2.0046124431; -16.9453046520
1625.25; 2.0040300313; -12.1030446514
1625.50; 2.0034310492; -7.1441518012
1625.75; 2.0028202725; -2.0942690354
1626.00; 2.0022009212; 3.0315551929
1626.25; 2.0015769948; 8.2112036388
1626.50; 2.0009535692; 13.4131578834
1626.75; 2.0003367686; 18.5957122510
1627.00; 1.9997313978; 23.7298759422
1627.25; 1.9991373724; 28.8225709081
1627.50; 1.9985597058; 33.8474326657
1627.75; 1.9980021885; 38.7890755791
1628.00; 1.9974686449; 43.6313924480
1628.25; 1.9969625497; 48.3634549278
1628.50; 1.9964870544; 52.9730550074
1628.75; 1.9960465460; 57.4464546476
1629.00; 1.9956448155; 61.7722287692
1629.25; 1.9952875820; 65.9167155917
1629.50; 1.9949771669; 69.8825110358
1629.75; 1.9947186152; 73.6360667433
1630.00; 1.9945135268; 77.1899080833
1630.25; 1.9943653983; 80.5265970741
1630.50; 1.9942771067; 83.6358228577
1630.75; 1.9942515331; 86.4981552185
1631.00; 1.9942909371; 89.0947297875
1631.25; 1.9943977030; 91.4397392236
1631.50; 1.9945737934; 93.5243295923
1631.75; 1.9948215435; 95.3484746239
1632.00; 1.9951407808; 96.8967577453
1632.25; 1.9955335567; 98.1724013051
1632.50; 1.9960009677; 99.1749564330
1632.75; 1.9965425887; 99.8978566422
1633.00; 1.9971626402; 100.3506203750
1633.25; 1.9978584665; 100.5316057165
1633.50; 1.9986326208; 100.4412855054
1633.75; 1.9994850626; 100.0793672034
1634.00; 2.0004166554; 99.4447246364
1634.25; 2.0014228837; 98.5397664593
1634.50; 2.0025037687; 97.3640030021
1634.75; 2.0036553802; 95.9213253655
1635.00; 2.0048787255; 94.2105312595
1635.25; 2.0061650953; 92.2445230539
1635.50; 2.0075171436; 90.0205677644
1635.75; 2.0089432824; 87.5276747820
1636.00; 2.0104372843; 84.7811041230
1636.25; 2.0119922752; 81.7998383233
1636.50; 2.0136062484; 78.5966781726
1636.75; 2.0152782606; 75.1855989043
1637.00; 2.0170021151; 71.5933544777
1637.25; 2.0187767952; 67.8396674743
1637.50; 2.0205992464; 63.9483661767
1637.75; 2.0224615844; 59.9566687630
1638.00; 2.0243666801; 55.8801836219
1638.25; 2.0263024893; 51.7676573101
1638.50; 2.0282649165; 47.6447977310
1638.75; 2.0302622502; 43.5137840670
1639.00; 2.0322866947; 39.4075173061
1639.25; 2.0343310551; 35.3524025961
1639.50; 2.0363994989; 31.3542632974
1639.75; 2.0384768956; 27.4475054460
1640.00; 2.0405719816; 23.6192085862
1640.25; 2.0426783739; 19.8818936460
1640.50; 2.0447910820; 16.2421823973
1640.75; 2.0469181770; 12.6820401973
1641.00; 2.0490462373; 9.2179490260
1641.25; 2.0511801411; 5.8342269289
1641.50; 2.0533105848; 2.5368630002
1641.75; 2.0554374616; -0.6841303658
1642.00; 2.0575568077; -3.8335381098
1642.25; 2.0596680129; -6.9203776358
1642.50; 2.0617608174; -9.9408788179
1642.75; 2.0638395761; -12.9127244067
1643.00; 2.0659065002; -15.8492528807
1643.25; 2.0679408328; -18.7308205184
1643.50; 2.0699471774; -21.5731753436
1643.75; 2.0719208050; -24.3782552602
1644.00; 2.0738674828; -27.1637859111
1644.25; 2.0757765245; -29.9185693290
1644.50; 2.0776487748; -32.6481823273
1644.75; 2.0794876857; -35.3606890661
1645.00; 2.0812865706; -38.0453713391
1645.25; 2.0830459491; -40.7009810535
1645.50; 2.0847600373; -43.3147312572
1645.75; 2.0864185248; -45.8634017561
1646.00; 2.0880305085; -48.3511958293
1646.25; 2.0895819288; -50.7437680805
1646.50; 2.0910865978; -53.0467417974
1646.75; 2.0925359384; -55.2280345974
1647.00; 2.0939299469; -57.2667992444
1647.25; 2.0952669748; -59.1359501880
1647.50; 2.0965408140; -60.8018815970
1647.75; 2.0977536985; -62.2413949534
1648.00; 2.0988986470; -63.4202981216
1648.25; 2.0999762980; -64.3145532264
1648.50; 2.1009878220; -64.9023946861
1648.75; 2.1019302968; -65.1618058898
1649.00; 2.1028069532; -65.0781437974
1649.25; 2.1036166237; -64.6412275769
1649.50; 2.1043607110; -63.8466147963
1649.75; 2.1050401529; -62.6950288197
1650.00; 2.1056561333; -61.1965840036
1650.25; 2.1062099991; -59.3632183543
1650.50; 2.1067033888; -57.2154267486
1650.75; 2.1071383282; -54.7793379109
1651.00; 2.1075182946; -52.0782742086
1651.25; 2.1078457368; -49.1463076699
1651.50; 2.1081225841; -46.0304778470
1651.75; 2.1083516439; -42.7704632165
1652.00; 2.1085376262; -39.3809312919
1652.25; 2.1086826095; -35.9187954933
1652.50; 2.1087902329; -32.4088793150
1652.75; 2.1088634616; -28.8943737338
1653.00; 2.1089053520; -25.4151558738
1653.25; 2.1089186818; -22.0364388386
1653.50; 2.1089066035; -18.7767975018
1653.75; 2.1088720208; -15.6651944436
1654.00; 2.1088177989; -12.7410189153
1654.25; 2.1087467404; -10.0382795796
1654.50; 2.1086613797; -7.5814303515
1654.75; 2.1085638206; -5.3859076057
1655.00; 2.1084561670; -3.4671379400
1655.25; 2.1083402308; -1.8369189668
1655.50; 2.1082173368; -0.4955259650
1655.75; 2.1080895654; 0.5521403161
1656.00; 2.1079574379; 1.3192918518
1656.25; 2.1078212058; 1.8234801986
1656.50; 2.1076821503; 2.0820706051
1656.75; 2.1075409351; 2.1240214907
1657.00; 2.1073973110; 1.9847542147
1657.25; 2.1072518650; 1.7022106244
1657.50; 2.1071044648; 1.3231476221
1657.75; 2.1069541521; 0.8915198923
1658.00; 2.1068016194; 0.4591501224
1658.25; 2.1066461463; 0.0718194457
1658.50; 2.1064884921; -0.2206657949
1658.75; 2.1063282403; -0.3772666747
1659.00; 2.1061655982; -0.3615503327
1659.25; 2.1060008559; -0.1431334885
1659.50; 2.1058336892; 0.2996911310
1659.75; 2.1056655493; 0.9770058637
1660.00; 2.1054964180; 1.8950148234
1660.25; 2.1053282051; 3.0394367928
1660.50; 2.1051620438; 4.3927735062
1660.75; 2.1049990639; 5.9310145992
1661.00; 2.1048401652; 7.6264962066
1661.25; 2.1046876390; 9.4323269771
1661.50; 2.1045435610; 11.2986880041
1661.75; 2.1044089719; 13.1863301116
1662.00; 2.1042851667; 15.0501933788
1662.25; 2.1041737041; 16.8458109884
1662.50; 2.1040765355; 18.5163227467
1662.75; 2.1039952088; 20.0134689446
1663.00; 2.1039311696; 21.2917789363
1663.25; 2.1038852801; 22.3135965877
1663.50; 2.1038586740; 23.0448525494
1663.75; 2.1038519280; 23.4523456793
1664.00; 2.1038654268; 23.5186041446
1664.25; 2.1038992366; 23.2245836925
1664.50; 2.1039533556; 22.5586048691
1664.75; 2.1040271789; 21.5194295118
1665.00; 2.1041197519; 20.1147157004
1665.25; 2.1042304327; 18.3493167648
1665.50; 2.1043576281; 16.2464975294
1665.75; 2.1044991725; 13.8413240603
1666.00; 2.1046533617; 11.1648609942
1666.25; 2.1048180127; 8.2593042145
1666.50; 2.1049916434; 5.1560928506
1666.75; 2.1051711430; 1.9177608336
1667.00; 2.1053541136; -1.4040674626
1667.25; 2.1055370796; -4.7354523393
1667.50; 2.1057192356; -8.0479474335
1667.75; 2.1058959436; -11.2499103985
1668.00; 2.1060656598; -14.3031684833
1668.25; 2.1062262070; -17.1602370899
1668.50; 2.1063753190; -19.7746667404
1668.75; 2.1065110156; -22.1103311944
1669.00; 2.1066314364; -24.1378127784
1669.25; 2.1067348712; -25.8360076904
1669.50; 2.1068200632; -27.1969934850
1669.75; 2.1068859344; -28.2222986944
1670.00; 2.1069316932; -28.9234974506
1670.25; 2.1069568192; -29.3209920820
1670.50; 2.1069609553; -29.4418829168
1670.75; 2.1069440048; -29.3221138110
1671.00; 2.1069059316; -28.9987137516
1671.25; 2.1068471605; -28.5154716347
1671.50; 2.1067677772; -27.9107550747
1671.75; 2.1066681123; -27.2254422792
1672.00; 2.1065487311; -26.5000720303
1672.25; 2.1064102610; -25.7732249938
1672.50; 2.1062529983; -25.0791095413
1672.75; 2.1060765750; -24.4395926744
1673.00; 2.1058808077; -23.8778233149
1673.25; 2.1056667391; -23.4175246038
1673.50; 2.1054345731; -23.0732976862
1673.75; 2.1051833545; -22.8527680895
1674.00; 2.1049142165; -22.7656640628
1674.25; 2.1046270861; -22.8155322573
1674.50; 2.1043209102; -23.0005657192
1674.75; 2.1039954657; -23.3136854133
1675.00; 2.1036499363; -23.7469869327
1675.25; 2.1032831943; -24.2898637007
1675.50; 2.1028976368; -24.9209283181
1675.75; 2.1024904848; -25.6310011977
1676.00; 2.1020607758; -26.4041339674
1676.25; 2.1016076332; -27.2210021833
1676.50; 2.1011296336; -28.0611405162
1676.75; 2.1006269653; -28.9015086475
1677.00; 2.1001009739; -29.7173498934
1677.25; 2.0995467503; -30.4880011729
1677.50; 2.0989658890; -31.1879248428
1677.75; 2.0983594916; -31.7934830523
1678.00; 2.0977239757; -32.2890754845
1678.25; 2.0970596012; -32.6547685282
1678.50; 2.0963661574; -32.8713911824
1678.75; 2.0956410757; -32.9298087832
1679.00; 2.0948888682; -32.8253087498
1679.25; 2.0941100971; -32.5539559746
1679.50; 2.0933013209; -32.1187547640
1679.75; 2.0924670812; -31.5307025769
1680.00; 2.0916028868; -30.7977663819
1680.25; 2.0907157431; -29.9396669395
1680.50; 2.0898017731; -28.9675199755
1680.75; 2.0888597093; -27.8928535622
1681.00; 2.0878944876; -26.7411496251
1681.25; 2.0869073760; -25.5155089847
1681.50; 2.0859036719; -24.2346849632
1681.75; 2.0848756161; -22.8898691612
1682.00; 2.0838239120; -21.4794430153
1682.25; 2.0827491057; -19.9963566174
1682.50; 2.0816507238; -18.4343890202
1682.75; 2.0805290317; -16.7819368934
1683.00; 2.0793908935; -15.0360217592
1683.25; 2.0782339686; -13.1803274556
1683.50; 2.0770682556; -11.2189570038
1683.75; 2.0758914731; -9.1381428081
1684.00; 2.0747030568; -6.9312736498
1684.25; 2.0735065911; -4.6049188993
1684.50; 2.0723044931; -2.1672639984
1684.75; 2.0710969717; 0.3775062135
1685.00; 2.0698857004; 3.0156587281
1685.25; 2.0686710260; 5.7340141807
1685.50; 2.0674552174; 8.5124488324
1685.75; 2.0662442295; 11.3131067003
1686.00; 2.0650423663; 14.1093171026
1686.25; 2.0638458659; 16.8911248647
1686.50; 2.0626595827; 19.6290445322
1686.75; 2.0614879062; 22.2961508965
1687.00; 2.0603335372; 24.8716752593
1687.25; 2.0591929507; 27.3519147496
1687.50; 2.0580708989; 29.7114006144
1687.75; 2.0569768426; 31.9217581442
1688.00; 2.0559040757; 33.9900830391
1688.25; 2.0548601532; 35.8949123239
1688.50; 2.0538467452; 37.6324458356
1688.75; 2.0528618863; 39.2038294258
1689.00; 2.0519053771; 40.6095601769
1689.25; 2.0509838395; 41.8246658173
1689.50; 2.0500996067; 42.8679427622
1689.75; 2.0492515785; 43.7284655592
1690.00; 2.0484395301; 44.4254025322
1690.25; 2.0476590616; 44.9711732945
1690.50; 2.0469123075; 45.3773943674
1690.75; 2.0461991587; 45.6613795420
1691.00; 2.0455218110; 45.8445334108
1691.25; 2.0448786005; 45.9542011316
1691.50; 2.0442699706; 46.0110163192
1691.75; 2.0436995044; 46.0433309923
1692.00; 2.0431616382; 46.0828865471
1692.25; 2.0426570259; 46.1574518349
1692.50; 2.0421881277; 46.2850275485
1692.75; 2.0417528075; 46.4991754678
1693.00; 2.0413511082; 46.8092316677
1693.25; 2.0409833881; 47.2241166852
1693.50; 2.0406505620; 47.7450287678
1693.75; 2.0403527665; 48.3670992438
1694.00; 2.0400892984; 49.0813582362
1694.25; 2.0398600078; 49.8796129320
1694.50; 2.0396673200; 50.7209307998
1694.75; 2.0395100599; 51.5943738343
1695.00; 2.0393896657; 52.4685733843
1695.25; 2.0393062119; 53.3201635109
1695.50; 2.0392603619; 54.1226325140
1695.75; 2.0392528212; 54.8479763613
1696.00; 2.0392839761; 55.4763995276
1696.25; 2.0393541499; 55.9912493464
1696.50; 2.0394635547; 56.3831527169
1696.75; 2.0396118074; 56.6370023783
1697.00; 2.0398001227; 56.7551405495
1697.25; 2.0400279204; 56.7351816289
1697.50; 2.0402951489; 56.5808909460
1697.75; 2.0405993080; 56.2994045011
1698.00; 2.0409395164; 55.8978441117
1698.25; 2.0413164170; 55.3854401595
1698.50; 2.0417300216; 54.7724066070
1698.75; 2.0421822045; 54.0621648244
1699.00; 2.0426689399; 53.2695081434
1699.25; 2.0431915345; 52.3990770336
1699.50; 2.0437475119; 51.4657721985
1699.75; 2.0443343862; 50.4792401757
1700.00; 2.0449532397; 49.4453580656
1700.25; 2.0456031237; 48.3731551816
1700.50; 2.0462815330; 47.2738599442
1700.75; 2.0469859331; 46.1586741012
1701.00; 2.0477140205; 45.0383120408
1701.25; 2.0484682838; 43.9168811377
1701.50; 2.0492472460; 42.8036220636
1701.75; 2.0500453035; 41.7103924958
1702.00; 2.0508623568; 40.6311016295
1702.25; 2.0516974581; 39.5737832318
1702.50; 2.0525478424; 38.5478608659
1702.75; 2.0534141473; 37.5530888592
1703.00; 2.0542932635; 36.5940200058
1703.25; 2.0551878154; 35.6612555290
1703.50; 2.0560954251; 34.7502426642
1703.75; 2.0570124462; 33.8568621159
1704.00; 2.0579379221; 32.9727363148
1704.25; 2.0588690730; 32.0908706135
1704.50; 2.0598076467; 31.2013424042
1704.75; 2.0607597525; 30.2895987104
1705.00; 2.0617156398; 29.3546168956
1705.25; 2.0626740159; 28.3966995074
1705.50; 2.0636422054; 27.4013195068
1705.75; 2.0646153427; 26.3731038699
1706.00; 2.0655889901; 25.3173966167
1706.25; 2.0665638213; 24.2364617425
1706.50; 2.0675356006; 23.1477636037
1706.75; 2.0685022175; 22.0609051444
1707.00; 2.0694664486; 20.9800051950
1707.25; 2.0704310124; 19.9123744608
1707.50; 2.0713891250; 18.8766053054
1707.75; 2.0723401309; 17.8823435436
1708.00; 2.0732888728; 16.9352424375
1708.25; 2.0742355118; 16.0345408002
1708.50; 2.0751769575; 15.1830601914
1708.75; 2.0761091267; 14.3794411725
1709.00; 2.0770370373; 13.6166432088
1709.25; 2.0779578735; 12.8884391053
1709.50; 2.0788679885; 12.1856285793
1709.75; 2.0797644657; 11.4971466278
1710.00; 2.0806456486; 10.8080686848
1710.25; 2.0815150149; 10.0998513524
1710.50; 2.0823729768; 9.3587959731
1710.75; 2.0832183593; 8.5653601564
1711.00; 2.0840433619; 7.7187555532
1711.25; 2.0848542940; 6.8009014074
1711.50; 2.0856464619; 5.8077799002
1711.75; 2.0864187844; 4.7400435903
1712.00; 2.0871718856; 3.5960982667
1712.25; 2.0879055499; 2.3803731739
1712.50; 2.0886196169; 1.0982106983
1712.75; 2.0893152917; -0.2395998204
1713.00; 2.0899876868; -1.6165126408
1713.25; 2.0906370754; -3.0242752164
1713.50; 2.0912644462; -4.4500737457
1713.75; 2.0918628601; -5.8614344552
1714.00; 2.0924359303; -7.2593970715
1714.25; 2.0929841770; -8.6301347609
1714.50; 2.0935032486; -9.9518380022
1714.75; 2.0939935862; -11.2065885969
1715.00; 2.0944552701; -12.3774438110
1715.25; 2.0948867978; -13.4416723632
1715.50; 2.0952871042; -14.3765546776
1715.75; 2.0956593832; -15.1679459015
1716.00; 2.0960015900; -15.7907860203
1716.25; 2.0963117474; -16.2127546439
1716.50; 2.0965915456; -16.4077743508
1716.75; 2.0968412441; -16.3552050708
1717.00; 2.0970613541; -16.0318758967
1717.25; 2.0972507422; -15.4222400553
1717.50; 2.0974112330; -14.5098337140
1717.75; 2.0975438751; -13.2864468073
1718.00; 2.0976499664; -11.7509006323
1718.25; 2.0977315503; -9.8990692266
1718.50; 2.0977898415; -7.7612231813
1718.75; 2.0978271001; -5.3528221090
1719.00; 2.0978455914; -2.7030822075
1719.25; 2.0978478357; 0.1613864858
1719.50; 2.0978364449; 3.1894360535
1719.75; 2.0978141486; 6.3396752660
1720.00; 2.0977838492; 9.5522620007
1720.25; 2.0977482880; 12.7910416223
1720.50; 2.0977104519; 15.9932653204
1720.75; 2.0976731767; 19.1090305106
1721.00; 2.0976391721; 22.0946067063
1721.25; 2.0976111628; 24.8927748659
1721.50; 2.0975916370; 27.4556850604
1721.75; 2.0975827766; 29.7489754308
1722.00; 2.0975865226; 31.7405123777
1722.25; 2.0976045312; 33.4038930833
1722.50; 2.0976382692; 34.7243865994
1722.75; 2.0976888322; 35.6848004943
1723.00; 2.0977570694; 36.2756628165
1723.25; 2.0978429657; 36.4885642834
1723.50; 2.0979475403; 36.3251813734
1723.75; 2.0980700965; 35.7910752409
1724.00; 2.0982100743; 34.8968215931
1724.25; 2.0983670219; 33.6559095670
1724.50; 2.0985398376; 32.0904500008
1724.75; 2.0987279995; 30.2211538633
1725.00; 2.0989286668; 28.0954626790
1725.25; 2.0991405127; 25.7515622029
1725.50; 2.0993612050; 23.2421940779
1725.75; 2.0995895651; 20.6144416615
1726.00; 2.0998224555; 17.9389511124
1726.25; 2.1000578706; 15.2783921461
1726.50; 2.1002933971; 12.7015430333
1726.75; 2.1005268159; 10.2779700194
1727.00; 2.1007573500; 8.0611509943
1727.25; 2.1009821413; 6.1244064822
1727.50; 2.1012005460; 4.5132750037
1727.75; 2.1014120041; 3.2758714450
1728.00; 2.1016131783; 2.4597556946
1728.25; 2.1018042696; 2.0812299134
1728.50; 2.1019847341; 2.1459007933
1728.75; 2.1021553515; 2.6419342433
1729.00; 2.1023166628; 3.5460544122
1729.25; 2.1024693672; 4.8128186576
1729.50; 2.1026139054; 6.3806298473
1729.75; 2.1027525367; 8.1932082276
1730.00; 2.1028873303; 10.1848956039
1730.25; 2.1030200116; 12.2789632897
1730.50; 2.1031527275; 14.4023757135
1730.75; 2.1032871990; 16.4765950517
1731.00; 2.1034253226; 18.4282177881
1731.25; 2.1035690690; 20.1965999742
1731.50; 2.1037205275; 21.7293801837
1731.75; 2.1038804918; 22.9739999525
1732.00; 2.1040499573; 23.8890316129
1732.25; 2.1042307740; 24.4511070347
1732.50; 2.1044228899; 24.6366401896
1732.75; 2.1046270671; 24.4326143335
1733.00; 2.1048430613; 23.8360124827
1733.25; 2.1050697694; 22.8527312189
1733.50; 2.1053080915; 21.4858394979
1733.75; 2.1055559698; 19.7572300922
1734.00; 2.1058120828; 17.6883353417
1734.25; 2.1060755173; 15.2995280715
1734.50; 2.1063456067; 12.6088234662
1734.75; 2.1066183530; 9.6688096448
1735.00; 2.1068912091; 6.5193308713
1735.25; 2.1071622316; 3.1910146439
1735.50; 2.1074297825; -0.2880439838
1735.75; 2.1076900428; -3.8598087878
1736.00; 2.1079404276; -7.4838852815
1736.25; 2.1081769925; -11.1015979222
1736.50; 2.1083976666; -14.6806311394
1736.75; 2.1085999600; -18.1855069244
1737.00; 2.1087806531; -21.5687742031
1737.25; 2.1089376700; -24.8055313370
1737.50; 2.1090683789; -27.8621401802
1737.75; 2.1091703007; -30.7097124825
1738.00; 2.1092411658; -33.3279133837
1738.25; 2.1092788189; -35.7004596804
1738.50; 2.1092813456; -37.8161594376
1738.75; 2.1092470958; -39.6808743920
1739.00; 2.1091747199; -41.2954734915
1739.25; 2.1090633354; -42.6680868341
1739.50; 2.1089116791; -43.8214368537
1739.75; 2.1087188750; -44.7767033433
1740.00; 2.1084847844; -45.5552771108
1740.25; 2.1082089595; -46.1816532648
1740.50; 2.1078915417; -46.6794336611
1740.75; 2.1075308853; -47.0735589892
1741.00; 2.1071263436; -47.3844087106
1741.25; 2.1066762125; -47.6253969706
1741.50; 2.1061835938; -47.8115789025
1741.75; 2.1056475891; -47.9509181825
1742.00; 2.1050714275; -48.0498495369
1742.25; 2.1044542611; -48.1092603745
1742.50; 2.1037968329; -48.1284548587
1742.75; 2.1030972070; -48.1038924031
1743.00; 2.1023571322; -48.0302151711
1743.25; 2.1015787298; -47.9045201229
1743.50; 2.1007551199; -47.7175250701
1743.75; 2.0998870315; -47.4640239262
1744.00; 2.0989813334; -47.1431956080
1744.25; 2.0980364467; -46.7544252239
1744.50; 2.0970511468; -46.2987964800
1744.75; 2.0960247120; -45.7786483868
1745.00; 2.0949629871; -45.2003464196
1745.25; 2.0938668343; -44.5706384910
1745.50; 2.0927340470; -43.8938705464
1745.75; 2.0915708885; -43.1801305826
1746.00; 2.0903724107; -42.4327458418
1746.25; 2.0891492154; -41.6624121121
1746.50; 2.0878897146; -40.8656423454
1746.75; 2.0866023076; -40.0480890716
1747.00; 2.0852865268; -39.2087409190
1747.25; 2.0839366392; -38.3423962036
1747.50; 2.0825630855; -37.4536987510
1747.75; 2.0811654649; -36.5404466511
1748.00; 2.0797446839; -35.6014755262
1748.25; 2.0783001084; -34.6353913974
1748.50; 2.0768338983; -33.6435687659
1748.75; 2.0753475730; -32.6282987950
1749.00; 2.0738416596; -31.5920982736
1749.25; 2.0723188200; -30.5405444344
1749.50; 2.0707807861; -29.4772069399
1749.75; 2.0692258958; -28.4024756038
1750.00; 2.0676544458; -27.3175400564
1750.25; 2.0660738633; -26.2260539509
1750.50; 2.0644885173; -25.1272099528
1750.75; 2.0628974427; -24.0138414236
1751.00; 2.0612959237; -22.8718180039
1751.25; 2.0596890002; -21.6907458292
1751.50; 2.0580723179; -20.4569629357
1751.75; 2.0564539162; -19.1566115872
1752.00; 2.0548335207; -17.7713371343
1752.25; 2.0532110405; -16.2846926185
1752.50; 2.0515797513; -14.6738590723
1752.75; 2.0499455362; -12.9303770997
1753.00; 2.0483130301; -11.0493256335
1753.25; 2.0466801778; -9.0233830719
1753.50; 2.0450512428; -6.8611789838
1753.75; 2.0434278840; -4.5720219237
1754.00; 2.0418129641; -2.1734592765
1754.25; 2.0402176603; 0.2987696257
1754.50; 2.0386395966; 2.8211281650
1754.75; 2.0370818638; 5.3643011457
1755.00; 2.0355394918; 7.9102017044
1755.25; 2.0340195375; 10.4239126199
1755.50; 2.0325256782; 12.8725976194
1755.75; 2.0310593760; 15.2277756938
1756.00; 2.0296243890; 17.4630450690
1756.25; 2.0282255250; 19.5515693455
1756.50; 2.0268643436; 21.4740779911
1756.75; 2.0255442432; 23.2122739531
1757.00; 2.0242651449; 24.7554108692
1757.25; 2.0230296610; 26.0900978395
1757.50; 2.0218368069; 27.2102455222
1757.75; 2.0206917758; 28.1039007385
1758.00; 2.0195911961; 28.7703442953
1758.25; 2.0185398896; 29.1977622650
1758.50; 2.0175387278; 29.3801427177
1758.75; 2.0165896679; 29.3149194955
1759.00; 2.0156864251; 29.0010863872
1759.25; 2.0148314234; 28.4399521270
1759.50; 2.0140229061; 27.6341754794
1759.75; 2.0132618308; 26.5925666764
1760.00; 2.0125463517; 25.3251174074
1760.25; 2.0118786722; 23.8554415716
1760.50; 2.0112546728; 22.1991537530
1760.75; 2.0106721834; 20.3766208082
1761.00; 2.0101278516; 18.4095910526
1761.25; 2.0096239182; 16.3425245540
1761.50; 2.0091553287; 14.1958938363
1761.75; 2.0087227963; 12.0139424174
1762.00; 2.0083222353; 9.8169666605
1762.25; 2.0079548053; 7.6524892756
1762.50; 2.0076167271; 5.5342083326
1762.75; 2.0073059626; 3.4787637561
1763.00; 2.0070213881; 1.5010256001
1763.25; 2.0067605189; -0.3983288352
1763.50; 2.0065213023; -2.2240164826
1763.75; 2.0063031993; -3.9780783629
1764.00; 2.0061031062; -5.6905384071
1764.25; 2.0059202981; -7.3755847000
1764.50; 2.0057540490; -9.0512450673
1764.75; 2.0056026938; -10.7420498657
1765.00; 2.0054648217; -12.4723452715
1765.25; 2.0053390930; -14.2592394341
1765.50; 2.0052232315; -16.1306878795
1765.75; 2.0051166177; -18.0844133743
1766.00; 2.0050175856; -20.1247093130
1766.25; 2.0049244400; -22.2495712471
1766.50; 2.0048351984; -24.4593906651
1766.75; 2.0047475213; -26.7576729854
1767.00; 2.0046601370; -29.1123535165
1767.25; 2.0045705666; -31.5189069111
1767.50; 2.0044772811; -33.9449109864
1767.75; 2.0043775904; -36.3882669936
1768.00; 2.0042693791; -38.8300515427
1768.25; 2.0041516354; -41.2285600216
1768.50; 2.0040221611; -43.5710255920
1768.75; 2.0038782997; -45.8553698669
1769.00; 2.0037191149; -48.0536349611
1769.25; 2.0035418956; -50.1672715732
1769.50; 2.0033436546; -52.1998866469
1769.75; 2.0031233643; -54.1336817885
1770.00; 2.0028802453; -55.9519641186
1770.25; 2.0026126793; -57.6501723235
1770.50; 2.0023193840; -59.2152639258
1770.75; 2.0019979346; -60.6409326531
1771.00; 2.0016491934; -61.9059996618
1771.25; 2.0012715397; -63.0002849230
1771.50; 2.0008644807; -63.9089021493
1771.75; 2.0004254581; -64.6209764115
1772.00; 1.9999536057; -65.1212990274
1772.25; 1.9994492584; -65.3945262787
1772.50; 1.9989114774; -65.4267695160
1772.75; 1.9983415202; -65.2079289396
1773.00; 1.9977379146; -64.7295214848
1773.25; 1.9971058649; -63.9923988289
1773.50; 1.9964461213; -62.9996322113
1773.75; 1.9957588935; -61.7563950817
1774.00; 1.9950454237; -60.2715059430
1774.25; 1.9943073150; -58.5573966744
1774.50; 1.9935481391; -56.6326921974
1774.75; 1.9927656609; -54.5106667832
1775.00; 1.9919644473; -52.2123178417
1775.25; 1.9911463244; -49.7529917056
1775.50; 1.9903159776; -47.1568447733
1775.75; 1.9894724248; -44.4279784370
1776.00; 1.9886185161; -41.5804038465
1776.25; 1.9877578816; -38.6286957667
1776.50; 1.9868883488; -35.5645057125
1776.75; 1.9860179254; -32.4136671714
1777.00; 1.9851494885; -29.1837911154
1777.25; 1.9842875450; -25.8891774026
1777.50; 1.9834327544; -22.5304580233
1777.75; 1.9825908754; -19.1304149299
1778.00; 1.9817627727; -15.6958254668
1778.25; 1.9809494286; -12.2318564654
1778.50; 1.9801525929; -8.7509099024
1778.75; 1.9793787401; -5.2926135901
1779.00; 1.9786326624; -1.8879667198
1779.25; 1.9779179566; 1.4377333186
1779.50; 1.9772348938; 4.6696725004
1779.75; 1.9765858621; 7.7825674108
1780.00; 1.9759763557; 10.7366013754
1780.25; 1.9754108566; 13.4967620807
1780.50; 1.9748888214; 16.0543296440
1780.75; 1.9744128193; 18.3881393074
1781.00; 1.9739857001; 20.4786376019
1781.25; 1.9736106784; 22.3076713141
1781.50; 1.9732897107; 23.8672095654
1781.75; 1.9730232763; 25.1609908399
1782.00; 1.9728117387; 26.1976966598
1782.25; 1.9726561540; 26.9871726933
1782.50; 1.9725575929; 27.5432463060
1782.75; 1.9725170059; 27.8831263790
1783.00; 1.9725348575; 28.0282617201
1783.25; 1.9726114313; 28.0058919996
1783.50; 1.9727462719; 27.8429200771
1783.75; 1.9729401197; 27.5846097664
1784.00; 1.9731931560; 27.2565035793
1784.25; 1.9735059508; 26.8642117149
1784.50; 1.9738790259; 26.4297234634
1784.75; 1.9743109596; 25.9756149373
1785.00; 1.9747996448; 25.5217353820
1785.25; 1.9753460945; 25.0823774379
1785.50; 1.9759494856; 24.6708710537
1785.75; 1.9766089872; 24.2965706973
1786.00; 1.9773264316; 23.9640193312
1786.25; 1.9780980591; 23.6780500270
1786.50; 1.9789249225; 23.4336234343
1786.75; 1.9798049619; 23.2271109841
1787.00; 1.9807404035; 23.0545601700
1787.25; 1.9817259474; 22.9068730073
1787.50; 1.9827708801; 22.7675108272
1787.75; 1.9838725113; 22.6193554691
1788.00; 1.9850260948; 22.4453375830
1788.25; 1.9862356350; 22.2198925822
1788.50; 1.9874993113; 21.9167067980
1788.75; 1.9888200609; 21.5048762345
1789.00; 1.9901914713; 20.9555673900
1789.25; 1.9916154127; 20.2364248398
1789.50; 1.9930888950; 19.3171612990
1789.75; 1.9946198528; 18.1628184018
1790.00; 1.9962013886; 16.7504312351
1790.25; 1.9978250435; 15.0635237118
1790.50; 1.9994988738; 13.0737768855
1790.75; 2.0012264003; 10.7613757702
1791.00; 2.0029992974; 8.1286952079
1791.25; 2.0048159480; 5.1770323176
1791.50; 2.0066708117; 1.9205708413
1791.75; 2.0085689138; -1.6371286687
1792.00; 2.0104966707; -5.4545911811
1792.25; 2.0124529043; -9.5032600270
1792.50; 2.0144305052; -13.7363266201
1792.75; 2.0164253997; -18.1100437038
1793.00; 2.0184420744; -22.5960737078
1793.25; 2.0204791576; -27.1491303204
1793.50; 2.0225303792; -31.7126730070
1793.75; 2.0245943662; -36.2408459856
1794.00; 2.0266670740; -40.6832395842
1794.25; 2.0287357772; -44.9754286199
1794.50; 2.0308084512; -49.0965692695
1794.75; 2.0328693068; -52.9851187790
1795.00; 2.0349189735; -56.6116262183
1795.25; 2.0369513354; -59.9481038616
1795.50; 2.0389651546; -62.9765334357
1795.75; 2.0409578518; -65.6787072951
1796.00; 2.0429273602; -68.0449486117
1796.25; 2.0448690869; -70.0685214449
1796.50; 2.0467900173; -71.7580769085
1796.75; 2.0486829420; -73.1122808541
1797.00; 2.0505432731; -74.1428882926
1797.25; 2.0523710941; -74.8704645000
1797.50; 2.0541749006; -75.3213365700
1797.75; 2.0559511783; -75.5208451922
1798.00; 2.0577001135; -75.5030081898
1798.25; 2.0594126979; -75.3016462170
1798.50; 2.0610876824; -74.9543355042
1798.75; 2.0627302229; -74.4982922426
1799.00; 2.0643374406; -73.9735499944
1799.25; 2.0659139645; -73.4168987849
1799.50; 2.0674613432; -72.8639244506
1799.75; 2.0689799882; -72.3481650270
1800.00; 2.0704665607; -71.8987301854
1800.25; 2.0719236011; -71.5402738145
1800.50; 2.0733643138; -71.2904541455
1800.75; 2.0747768240; -71.1668319488
1801.00; 2.0761636818; -71.1790883562
1801.25; 2.0775178309; -71.3312728801
1801.50; 2.0788409358; -71.6238274029
1801.75; 2.0801347583; -72.0483609237
1802.00; 2.0813957648; -72.5937764559
1802.25; 2.0826308479; -73.2455288121
1802.50; 2.0838364219; -73.9819802749
1802.75; 2.0850134977; -74.7799600245
1803.00; 2.0861650748; -75.6157015813
1803.25; 2.0872826980; -76.4547601328
1803.50; 2.0883656577; -77.2672576856
1803.75; 2.0894108895; -78.0195211141
1804.00; 2.0904229861; -78.6819892138
1804.25; 2.0914015739; -79.2225884671
1804.50; 2.0923459066; -79.6098460826
1804.75; 2.0932555594; -79.8144789761
1805.00; 2.0941306717; -79.8108134122
1805.25; 2.0949705940; -79.5777540346
1805.50; 2.0957752275; -79.0947876362
1805.75; 2.0965443579; -78.3492050345
1806.00; 2.0972789895; -77.3336250427
1806.25; 2.0979826568; -76.0432024052
1806.50; 2.0986544967; -74.4872122033
1806.75; 2.0992959155; -72.6560496850
1807.00; 2.0999127913; -70.5668379539
1807.25; 2.1005045858; -68.2663000678
1807.50; 2.1010712959; -65.7922505339
1807.75; 2.1016193634; -63.1633513925
1808.00; 2.1021473538; -60.4340057824
1808.25; 2.1026586052; -57.6474484889
1808.50; 2.1031541769; -54.8571733510
1808.75; 2.1036368273; -52.1094399905
1809.00; 2.1041091133; -49.4452519229
1809.25; 2.1045731900; -46.9090771052
1809.50; 2.1050318681; -44.5385757914
1809.75; 2.1054876457; -42.3707164481
1810.00; 2.1059407385; -40.4466920538
1810.25; 2.1063936572; -38.7906497435
1810.50; 2.1068452372; -37.4352710943
1810.75; 2.1072975379; -36.3932790800
1811.00; 2.1077533855; -35.6659865209
1811.25; 2.1082133958; -35.2581150094
1811.50; 2.1086733565; -35.1756182473
1811.75; 2.1091379261; -35.4115852076
1812.00; 2.1096062697; -35.9562046154
1812.25; 2.1100757410; -36.7870368963
1812.50; 2.1105489059; -37.8895768385
1812.75; 2.1110233067; -39.2354671750
1813.00; 2.1114975534; -40.7921061176
1813.25; 2.1119705474; -42.5272077790
1813.50; 2.1124409585; -44.4073815581
1813.75; 2.1129072242; -46.3972491558
1814.00; 2.1133672521; -48.4543408682
1814.25; 2.1138208594; -50.5376895548
1814.50; 2.1142658092; -52.6083777257
1814.75; 2.1147007671; -54.6300746744
1815.00; 2.1151222737; -56.5540456402
1815.25; 2.1155302163; -58.3505834572
1815.50; 2.1159228282; -59.9845428473
1815.75; 2.1162964745; -61.4166927347
1816.00; 2.1166509983; -62.6263927910
1816.25; 2.1169818020; -63.5835506615
1816.50; 2.1172901958; -64.2830673742
1816.75; 2.1175742062; -64.7145208734
1817.00; 2.1178329880; -64.8783041631
1817.25; 2.1180683636; -64.7864917748
1817.50; 2.1182802974; -64.4501302585
1817.75; 2.1184687276; -63.8864986608
1818.00; 2.1186344758; -63.1184275408
1818.25; 2.1187778744; -62.1759488763
1818.50; 2.1188996474; -61.0922017192
1818.75; 2.1190006279; -59.9035747644
1819.00; 2.1190814541; -58.6523594264
1819.25; 2.1191432173; -57.3755544971
1819.50; 2.1191870486; -56.1124263635
1819.75; 2.1192140969; -54.8979189462
1820.00; 2.1192254050; -53.7637536075
1820.25; 2.1192218854; -52.7448144234
1820.50; 2.1192043995; -51.8691946300
1820.75; 2.1191737455; -51.1657985417
1821.00; 2.1191304922; -50.6571386726
1821.25; 2.1190751527; -50.3563632077
1821.50; 2.1190074675; -50.2752005361
1821.75; 2.1189277957; -50.4217783062
1822.00; 2.1188361076; -50.7989710829
1822.25; 2.1187320518; -51.4060307948
1822.50; 2.1186154870; -52.2360428610
1822.75; 2.1184852074; -53.2842100231
1823.00; 2.1183399386; -54.5409763774
1823.25; 2.1181787570; -55.9899615817
1823.50; 2.1179998877; -57.6161769275
1823.75; 2.1178019241; -59.3961036688
1824.00; 2.1175840045; -61.2967407597
1824.25; 2.1173438535; -63.2926057357
1824.50; 2.1170797859; -65.3519109958
1824.75; 2.1167901129; -67.4403862563
1825.00; 2.1164731940; -69.5239084463
1825.25; 2.1161277178; -71.5653443346
1825.50; 2.1157519061; -73.5337658746
1825.75; 2.1153422543; -75.4066600217
1826.00; 2.1148947441; -77.1641299599
1826.25; 2.1144102758; -78.7730205092
1826.50; 2.1138855925; -80.2162345614
1826.75; 2.1133196087; -81.4747816062
1827.00; 2.1127091210; -82.5400171545
1827.25; 2.1120592016; -83.3941511993
1827.50; 2.1113648460; -84.0412124284
1827.75; 2.1106254132; -84.4812240548
1828.00; 2.1098377038; -84.7215933551
1828.25; 2.1090050065; -84.7700535576
1828.50; 2.1081223364; -84.6374833359
1828.75; 2.1071884574; -84.3376861811
1829.00; 2.1062068330; -83.8873586297
1829.25; 2.1051797687; -83.3043008086
1829.50; 2.1040995050; -82.6041746154
1829.75; 2.1029720253; -81.7977348103
1830.00; 2.1017903482; -80.9031482756
1830.25; 2.1005555737; -79.9358282615
1830.50; 2.0992803433; -78.9170471729
1830.75; 2.0979543601; -77.8512729732
1831.00; 2.0965872035; -76.7565188850
1831.25; 2.0951689484; -75.6333480404
1831.50; 2.0937011620; -74.4904028503
1831.75; 2.0921887014; -73.3357551342
1832.00; 2.0906351400; -72.1758096762
1832.25; 2.0890404602; -71.0138755988
1832.50; 2.0874070273; -69.8512746575
1832.75; 2.0857259611; -68.6757762751
1833.00; 2.0840031568; -67.4865695621
1833.25; 2.0822375275; -66.2758673161
1833.50; 2.0804287769; -65.0340175210
1833.75; 2.0785762235; -63.7501766581
1834.00; 2.0766821472; -62.4116078344
1834.25; 2.0747380840; -60.9977854483
1834.50; 2.0727573713; -59.5023731808
1834.75; 2.0707395259; -57.9083809252
1835.00; 2.0686943831; -56.2087081063
1835.25; 2.0666221018; -54.3872949185
1835.50; 2.0645067068; -52.4159287218
1835.75; 2.0623609842; -50.2952660392
1836.00; 2.0601823074; -48.0142796491
1836.25; 2.0579796883; -45.5777170374
1836.50; 2.0557542003; -42.9867529747
1836.75; 2.0534982437; -40.2370462332
1837.00; 2.0512166215; -37.3428684970
1837.25; 2.0489020203; -34.3066034584
1837.50; 2.0465778219; -31.1744408783
1837.75; 2.0442298876; -27.9453223359
1838.00; 2.0418573541; -24.6374731050
1838.25; 2.0394760823; -21.2954080318
1838.50; 2.0370877559; -17.9407856362
1838.75; 2.0346926791; -14.5941756435
1839.00; 2.0322913132; -11.2750580193
1839.25; 2.0298835720; -8.0002595432
1839.50; 2.0274643964; -4.7778818791
1839.75; 2.0250575244; -1.6511468567
1840.00; 2.0226644018; 1.3684091523
1840.25; 2.0202736192; 4.2878766788
1840.50; 2.0178885188; 7.0984251105
1840.75; 2.0155164969; 9.7889274278
1841.00; 2.0131647135; 12.3498087962
1841.25; 2.0108185868; 14.8010591345
1841.50; 2.0084881938; 17.1343463106
1841.75; 2.0061654124; 19.3626985327
1842.00; 2.0038578911; 21.4852919939
1842.25; 2.0015684941; 23.5076441246
1842.50; 1.9993045116; 25.4329377084
1842.75; 1.9970593794; 27.2781022159
1843.00; 1.9948431947; 29.0477654911
1843.25; 1.9926596465; 30.7529868696
1843.50; 1.9905078790; 32.4096211991
1843.75; 1.9883867254; 34.0355118217
1844.00; 1.9862938511; 35.6511053418
1844.25; 1.9842359258; 37.2728733253
1844.50; 1.9822027541; 38.9226790927
1844.75; 1.9801998240; 40.6187875945
1845.00; 1.9782261721; 42.3802437251
1845.25; 1.9762814227; 44.2236580566
1845.50; 1.9743654939; 46.1625514663
1845.75; 1.9724880161; 48.1970606786
1846.00; 1.9706472984; 50.3325740067
1846.25; 1.9688407627; 52.5713345413
1846.50; 1.9670771349; 54.8961514033
1846.75; 1.9653546699; 57.2974926090
1847.00; 1.9636751684; 59.7558995468
1847.25; 1.9620386190; 62.2503639676
1847.50; 1.9604452383; 64.7537648418
1847.75; 1.9588930839; 67.2467502523
1848.00; 1.9573921322; 69.6819942242
1848.25; 1.9559351099; 72.0420967830
1848.50; 1.9545289393; 74.2875825229
1848.75; 1.9531718603; 76.3944496456
1849.00; 1.9518709771; 78.3268812390
1849.25; 1.9506261794; 80.0648187470
1849.50; 1.9494392922; 81.5886785917
1849.75; 1.9483117115; 82.8841811702
1850.00; 1.9472435078; 83.9426396750
1850.25; 1.9462375539; 84.7568652135
1850.50; 1.9452917814; 85.3267485567
1850.75; 1.9444062694; 85.6577999039
1851.00; 1.9435845343; 85.7545287301
1851.25; 1.9428211459; 85.6285779633
1851.50; 1.9421202728; 85.2905030796
1851.75; 1.9414738647; 84.7501054092
1852.00; 1.9408849618; 84.0251046981
1852.25; 1.9403563254; 83.1371974614
1852.50; 1.9398837257; 82.0995162669
1852.75; 1.9394660503; 80.9315047962
1853.00; 1.9391035685; 79.6580936892
1853.25; 1.9387936427; 78.2971086545
1853.50; 1.9385355950; 76.8751221686
1853.75; 1.9383282270; 75.4185233704
1854.00; 1.9381688296; 73.9435677488
1854.25; 1.9380561140; 72.4765042343
1854.50; 1.9379888345; 71.0490865472
1854.75; 1.9379652142; 69.6714230455
1855.00; 1.9379838158; 68.3623958487
1855.25; 1.9380430675; 67.1529978796
1855.50; 1.9381416627; 66.0489920046
1855.75; 1.9382780920; 65.0597631696
1856.00; 1.9384508740; 64.1886041881
1856.25; 1.9386598120; 63.4280067184
1856.50; 1.9389040764; 62.7711452447
1856.75; 1.9391827147; 62.2064153868
1857.00; 1.9394945946; 61.7182561276
1857.25; 1.9398400738; 61.2851059473
1857.50; 1.9402176315; 60.8893426343
1857.75; 1.9406267008; 60.5133191895
1858.00; 1.9410671040; 60.1270217244
1858.25; 1.9415389399; 59.7141071939
1858.50; 1.9420411788; 59.2571169521
1858.75; 1.9425783058; 58.7368102136
1859.00; 1.9431465635; 58.1447487377
1859.25; 1.9437450196; 57.4730636208
1859.50; 1.9443730876; 56.7170391916
1859.75; 1.9450263746; 55.8757980387
1860.00; 1.9457015571; 54.9629270671
1860.25; 1.9464049469; 53.9702512381
1860.50; 1.9471309527; 52.9119953728
1860.75; 1.9478825513; 51.7922515700
1861.00; 1.9486570204; 50.6255085511
1861.25; 1.9494495063; 49.4283792058
1861.50; 1.9502657751; 48.2031418050
1861.75; 1.9511057457; 46.9610252985
1862.00; 1.9519695921; 45.7140614422
1862.25; 1.9528517752; 44.4819388955
1862.50; 1.9537510892; 43.2812255727
1862.75; 1.9546694147; 42.1117492270
1863.00; 1.9556088591; 40.9885726113
1863.25; 1.9565651930; 39.9309626164
1863.50; 1.9575311414; 38.9607569339
1863.75; 1.9585094084; 38.0876742479
1864.00; 1.9595040985; 37.3209286765
1864.25; 1.9605140162; 36.6728393000
1864.50; 1.9615305956; 36.1584814203
1864.75; 1.9625533770; 35.7860339800
1865.00; 1.9635870585; 35.5590926904
1865.25; 1.9646341823; 35.4793150684
1865.50; 1.9656879158; 35.5441255934
1865.75; 1.9667515272; 35.7475099718
1866.00; 1.9678214560; 36.0799410248
1866.25; 1.9688992418; 36.5283505840
1866.50; 1.9699906695; 37.0784836203
1866.75; 1.9710932586; 37.7089206123
1867.00; 1.9722100998; 38.3969177130
1867.25; 1.9733396093; 39.1200496891
1867.50; 1.9744814524; 39.8528132451
1867.75; 1.9756389397; 40.5714718051
1868.00; 1.9768170451; 41.2523881598
1868.25; 1.9780200690; 41.8753270495
1868.50; 1.9792336814; 42.4113926415
1868.75; 1.9804642226; 42.8424443150
1869.00; 1.9817111532; 43.1503645916
1869.25; 1.9829745998; 43.3223661748
1869.50; 1.9842555805; 43.3480564213
1869.75; 1.9855530126; 43.2197788273
1870.00; 1.9868724124; 42.9322475232
1870.25; 1.9882152001; 42.4839590028
1870.50; 1.9895850854; 41.8739736548
1870.75; 1.9909712241; 41.1093957670
1871.00; 1.9923733914; 40.1958736975
1871.25; 1.9937959425; 39.1372775178
1871.50; 1.9952309217; 37.9503626819
1871.75; 1.9966783508; 36.6468132085
1872.00; 1.9981416824; 35.2364773416
1872.25; 1.9996304791; 33.7269375385
1872.50; 2.0011341102; 32.1483766677
1872.75; 2.0026572145; 30.5173946522
1873.00; 2.0041969041; 28.8613908487
1873.25; 2.0057411206; 27.2198775976
1873.50; 2.0072955791; 25.6152423383
1873.75; 2.0088613536; 24.0769556254
1874.00; 2.0104416140; 22.6347584275
1874.25; 2.0120291663; 21.3270789288
1874.50; 2.0136291531; 20.1817090310
1874.75; 2.0152293429; 19.2368545013
1875.00; 2.0168331897; 18.5161535663
1875.25; 2.0184335629; 18.0439106476
1875.50; 2.0200367577; 17.8324792770
1875.75; 2.0216444738; 17.8890081840
1876.00; 2.0232505406; 18.2116322059
1876.25; 2.0248650766; 18.7920407846
1876.50; 2.0264911904; 19.6131379625
1876.75; 2.0281303828; 20.6482204102
1877.00; 2.0297779034; 21.8599848916
1877.25; 2.0314416936; 23.2128622180
1877.50; 2.0331151225; 24.6545309781
1877.75; 2.0347997676; 26.1356565101
1878.00; 2.0365028906; 27.6105871012
1878.25; 2.0382289225; 29.0318040366
1878.50; 2.0399764516; 30.3478676363
1878.75; 2.0417407061; 31.5069074926
1879.00; 2.0435314296; 32.4721495867
1879.25; 2.0453461454; 33.2040527254
1879.50; 2.0471822810; 33.6691617539
1879.75; 2.0490366824; 33.8408167389
1880.00; 2.0509252131; 33.6999423716
1880.25; 2.0528455287; 33.2312975426
1880.50; 2.0547972054; 32.4246740778
1880.75; 2.0567794280; 31.2770197502
1881.00; 2.0587830770; 29.7948586493
1881.25; 2.0608081443; 27.9853438396
1881.50; 2.0628549023; 25.8600959973
1881.75; 2.0649365346; 23.4221252923
1882.00; 2.0670368066; 20.7090210296
1882.25; 2.0691582677; 17.7413122802
1882.50; 2.0713075340; 14.5394554386
1882.75; 2.0734726803; 11.1538776805
1883.00; 2.0756538638; 7.6205212151
1883.25; 2.0778461091; 3.9846922160
1883.50; 2.0800425938; 0.3002083594
1883.75; 2.0822497983; -3.4016879749
1884.00; 2.0844715952; -7.0830074447
1884.25; 2.0866892194; -10.6694694525
1884.50; 2.0889177916; -14.1455022954
1884.75; 2.0911362399; -17.4407805384
1885.00; 2.0933486561; -20.5290331956
1885.25; 2.0955561839; -23.3844555868
1885.50; 2.0977370044; -25.9595903106
1885.75; 2.0999075319; -28.2621723832
1886.00; 2.1020567364; -30.2756422085
1886.25; 2.1041859387; -32.0058895523
1886.50; 2.1062972452; -33.4668153333
1886.75; 2.1083916200; -34.6783693177
1887.00; 2.1104610015; -35.6622260761
1887.25; 2.1125226358; -36.4581387059
1887.50; 2.1145525539; -37.0927616392
1887.75; 2.1165701578; -37.6106267424
1888.00; 2.1185650069; -38.0500591239
1888.25; 2.1205445886; -38.4530764524
1888.50; 2.1225059935; -38.8581663136
1888.75; 2.1244530547; -39.3023215337
1889.00; 2.1263782333; -39.8173494057
1889.25; 2.1282818846; -40.4331783232
1889.50; 2.1301631099; -41.1742703968
1889.75; 2.1320245189; -42.0573112077
1890.00; 2.1338684509; -43.1076528220
1890.25; 2.1356937175; -44.3332792666
1890.50; 2.1374905495; -45.7256213102
1890.75; 2.1392677935; -47.2956210193
1891.00; 2.1410199075; -49.0338876321
1891.25; 2.1427453369; -50.9296133031
1891.50; 2.1444373428; -52.9637364066
1891.75; 2.1461041758; -55.1303157273
1892.00; 2.1477345256; -57.3957403578
1892.25; 2.1493342246; -59.7463060660
1892.50; 2.1509085709; -62.1641009935
1892.75; 2.1524461135; -64.6039135045
1893.00; 2.1539376815; -67.0217183347
1893.25; 2.1553912999; -69.4012520282
1893.50; 2.1568047167; -71.7062438142
1893.75; 2.1581793176; -73.9060939101
1894.00; 2.1594968592; -75.9395695496
1894.25; 2.1607618185; -77.7836180125
1894.50; 2.1619754275; -79.4099147154
1894.75; 2.1631422677; -80.7976479944
1895.00; 2.1642549776; -81.9149054680
1895.25; 2.1653117393; -82.7417013039
1895.50; 2.1663097389; -83.2637823646
1895.75; 2.1672570004; -83.4784327836
1896.00; 2.1681414380; -83.3834330054
1896.25; 2.1689692833; -82.9913485463
1896.50; 2.1697379740; -82.3157767032
1896.75; 2.1704512611; -81.3712323308
1897.00; 2.1711065349; -80.1873700546
1897.25; 2.1717052524; -78.7961450684
1897.50; 2.1722494101; -77.2300922801
1897.75; 2.1727415230; -75.5204556024
1898.00; 2.1731813532; -73.7091406277
1898.25; 2.1735720085; -71.8286515640
1898.50; 2.1739146630; -69.9174288946
1898.75; 2.1742117738; -68.0073212208
1899.00; 2.1744648546; -66.1323615303
1899.25; 2.1746737519; -64.3377144378
1899.50; 2.1748418514; -62.6350386007
1899.75; 2.1749700163; -61.0514484159
1900.00; 2.1750592027; -59.6213727935
1900.25; 2.1751104123; -58.3632007239
1900.50; 2.1751250210; -57.2843072132
1900.75; 2.1751039342; -56.3910046967
1901.00; 2.1750478070; -55.6874918523
1901.25; 2.1749574661; -55.1769185957
1901.50; 2.1748331459; -54.8529994305
1901.75; 2.1746753964; -54.7074699656
1902.00; 2.1744837794; -54.7239525806
1902.25; 2.1742582816; -54.8862241981
1902.50; 2.1739981145; -55.1683458920
1902.75; 2.1737036141; -55.5411873660
1903.00; 2.1733737673; -55.9744167270
1903.25; 2.1730088925; -56.4313184087
1903.50; 2.1726090250; -56.8713789887
1903.75; 2.1721733857; -57.2559761300
1904.00; 2.1717038887; -57.5434569880
1904.25; 2.1711967344; -57.6945069320
1904.50; 2.1706531946; -57.6691152180
1904.75; 2.1700730680; -57.4321436876
1905.00; 2.1694576622; -56.9542816736
1905.25; 2.1688076039; -56.2128554613
1905.50; 2.1681239895; -55.1910742214
1905.75; 2.1674070989; -53.8792781559
1906.00; 2.1666572895; -52.2789470302
1906.25; 2.1658768900; -50.3957778963
1906.50; 2.1650636802; -48.2335594492
1906.75; 2.1642181825; -45.8113096234
1907.00; 2.1633435658; -43.1603362030
1907.25; 2.1624437144; -40.3211930711
1907.50; 2.1615229078; -37.3422957091
1907.75; 2.1605835648; -34.2690697980
1908.00; 2.1596277001; -31.1458972897
1908.25; 2.1586604399; -28.0299027759
1908.50; 2.1576819304; -24.9602653025
1908.75; 2.1566989738; -21.9963846223
1909.00; 2.1557115583; -19.1750896268
1909.25; 2.1547210953; -16.5347541193
1909.50; 2.1537322133; -14.1186407996
1909.75; 2.1527445571; -11.9527464863
1910.00; 2.1517629437; -10.0708665125
1910.25; 2.1507857604; -8.4878767200
1910.50; 2.1498168739; -7.2226261004
1910.75; 2.1488530981; -6.2765992259
1911.00; 2.1478981965; -5.6549913643
1911.25; 2.1469523508; -5.3514630369
1911.50; 2.1460129992; -5.3538487991
1911.75; 2.1450819325; -5.6442918636
1912.00; 2.1441590672; -6.1980842434
1912.25; 2.1432437317; -6.9843747250
1912.50; 2.1423339577; -7.9689153906
1912.75; 2.1414295291; -9.1120620976
1913.00; 2.1405302255; -10.3694076235
1913.25; 2.1396306213; -11.7019918403
1913.50; 2.1387327555; -13.0588221657
1913.75; 2.1378364304; -14.3930725164
1914.00; 2.1369365909; -15.6696523177
1914.25; 2.1360327114; -16.8499567758
1914.50; 2.1351235816; -17.8997178418
1914.75; 2.1342091132; -18.7892792418
1915.00; 2.1332896878; -19.5034092841
1915.25; 2.1323642773; -20.0210893487
1915.50; 2.1314320665; -20.3451337778
1915.75; 2.1304918597; -20.4830728283
1916.00; 2.1295461691; -20.4485657666
1916.25; 2.1285885658; -20.2565939137
1916.50; 2.1276245092; -19.9434501985
1916.75; 2.1266502493; -19.5302172902
1917.00; 2.1256637194; -19.0486482706
1917.25; 2.1246710058; -18.5369183709
1917.50; 2.1236716718; -18.0277245977
1917.75; 2.1226618179; -17.5520283005
1918.00; 2.1216420817; -17.1411984368
1918.25; 2.1206160038; -16.8243989665
1918.50; 2.1195821056; -16.6264921322
1918.75; 2.1185393649; -16.5706150846
1919.00; 2.1174866713; -16.6710821704
1919.25; 2.1164217282; -16.9402708814
1919.50; 2.1153473974; -17.3858178715
1919.75; 2.1142645850; -18.0103262061
1920.00; 2.1131737762; -18.8123263274
1920.25; 2.1120716747; -19.7873468773
1920.50; 2.1109548042; -20.9280604642
1920.75; 2.1098226955; -22.2197764592
1921.00; 2.1086683504; -23.6500456388
1921.25; 2.1074933413; -25.1922682902
1921.50; 2.1062951211; -26.8206677496
1921.75; 2.1050738160; -28.5098957200
1922.00; 2.1038326176; -30.2111381300
1922.25; 2.1025628387; -31.9063590846
1922.50; 2.1012657683; -33.5553862701
1922.75; 2.0999402118; -35.1213387471
1923.00; 2.0985747336; -36.5749988966
1923.25; 2.0971806355; -37.8677904656
1923.50; 2.0957493329; -38.9736727843
1923.75; 2.0942754499; -39.8643833531
1924.00; 2.0927713120; -40.5028618112
1924.25; 2.0912319674; -40.8680759985
1924.50; 2.0896522706; -40.9410707361
1924.75; 2.0880322206; -40.7163053354
1925.00; 2.0863805259; -40.1786067252
1925.25; 2.0846818224; -39.3179267926
1925.50; 2.0829418405; -38.1338608029
1925.75; 2.0811633456; -36.6423950789
1926.00; 2.0793386369; -34.8462885537
1926.25; 2.0774763676; -32.7683507013
1926.50; 2.0755732276; -30.4266649198
1926.75; 2.0736335088; -27.8468724879
1927.00; 2.0716631716; -25.0657809662
1927.25; 2.0696609463; -22.1078670422
1927.50; 2.0676358658; -19.0140753049
1927.75; 2.0655848838; -15.8063854516
1928.00; 2.0635229680; -12.5333288707
1928.25; 2.0614447425; -9.2125144233
1928.50; 2.0593528068; -5.8715805269
1928.75; 2.0572497684; -2.5338042863
1929.00; 2.0551379963; 0.7758121059
1929.25; 2.0530089125; 4.0530334426
1929.50; 2.0508868481; 7.2470196482
1929.75; 2.0487619038; 10.3626306531
1930.00; 2.0466318183; 13.3962308801
1930.25; 2.0445093596; 16.3251618947
1930.50; 2.0423829412; 19.1649390418
1930.75; 2.0402639335; 21.9047045156
1931.00; 2.0381575072; 24.5439136503
1931.25; 2.0360590849; 27.0976295869
1931.50; 2.0339572113; 29.5912392280
1931.75; 2.0318630324; 32.0251279387
1932.00; 2.0297790071; 34.4152046409
1932.25; 2.0277239583; 36.7637581684
1932.50; 2.0256939286; 39.0900080624
1932.75; 2.0236854438; 41.4178187698
1933.00; 2.0217068906; 43.7609262817
1933.25; 2.0197483793; 46.1520683750
1933.50; 2.0178133666; 48.6082312259
1933.75; 2.0159062116; 51.1433871175
1934.00; 2.0140248696; 53.7816061633
1934.25; 2.0121834404; 56.5194329793
1934.50; 2.0103827269; 59.3675947100
1934.75; 2.0086266057; 62.3274494797
1935.00; 2.0069035652; 65.4217161291
1935.25; 2.0052280523; 68.6220959158
1935.50; 2.0035992242; 71.9215349905
1935.75; 2.0020111526; 75.3227358886
1936.00; 2.0004735598; 78.7827834210
1936.25; 1.9989779443; 82.2922753179
1936.50; 1.9975413044; 85.7815814090
1936.75; 1.9961613209; 89.2228457254
1937.00; 1.9948458459; 92.5576418925
1937.25; 1.9935944722; 95.7475175816
1937.50; 1.9924069391; 98.7519213443
1937.75; 1.9912889489; 101.5152743719
1938.00; 1.9902453572; 103.9856203534
1938.25; 1.9892747317; 106.1287395328
1938.50; 1.9883788385; 107.9040272633
1938.75; 1.9875642524; 109.2736690672
1939.00; 1.9868290786; 110.2142663185
1939.25; 1.9861723376; 110.7026227804
1939.50; 1.9855935422; 110.7315903199
1939.75; 1.9850912335; 110.2929021464
1940.00; 1.9846659120; 109.3869543394
1940.25; 1.9843172637; 108.0258784284
1940.50; 1.9840450594; 106.2292242716
1940.75; 1.9838478961; 104.0232135761
1941.00; 1.9837234174; 101.4350360532
1941.25; 1.9836693481; 98.5071212464
1941.50; 1.9836826298; 95.2691341429
1941.75; 1.9837603655; 91.7584980951
1942.00; 1.9838997402; 88.0158580942
1942.25; 1.9840970161; 84.1023913150
1942.50; 1.9843494242; 80.0593066061
1942.75; 1.9846528805; 75.9486543297
1943.00; 1.9850046248; 71.8126554943
1943.25; 1.9853990120; 67.7263467234
1943.50; 1.9858326591; 63.7343435241
1943.75; 1.9863012604; 59.8859567708
1944.00; 1.9868012623; 56.2166276126
1944.25; 1.9873307645; 52.7477846221
1944.50; 1.9878836033; 49.5218214006
1944.75; 1.9884592248; 46.5385589455
1945.00; 1.9890555394; 43.7971259194
1945.25; 1.9896678937; 41.3066118980
1945.50; 1.9902980448; 39.0415486378
1945.75; 1.9909403520; 36.9945875536
1946.00; 1.9915923581; 35.1476072330
1946.25; 1.9922521538; 33.4738410748
1946.50; 1.9929166529; 31.9458081203
1946.75; 1.9935855838; 30.5282886910
1947.00; 1.9942588823; 29.1859099894
1947.25; 1.9949338269; 27.8897524332
1947.50; 1.9956107440; 26.6078392618
1947.75; 1.9962918294; 25.3091874188
1948.00; 1.9969702936; 23.9818074717
1948.25; 1.9976497967; 22.5978811760
1948.50; 1.9983255106; 21.1511829930
1948.75; 1.9989947107; 19.6356797537
1949.00; 1.9996588616; 18.0427675489
1949.25; 2.0003140184; 16.3778375860
1949.50; 2.0009613890; 14.6408876383
1949.75; 2.0016001709; 12.8397915953
1950.00; 2.0022298235; 10.9871788038
1950.25; 2.0028441409; 9.1125344541
1950.50; 2.0034441307; 7.2265441032
1950.75; 2.0040249944; 5.3596046597
1951.00; 2.0045856111; 3.5353850700
1951.25; 2.0051279518; 1.7692329380
1951.50; 2.0056465877; 0.0997766427
1951.75; 2.0061454972; -1.4585061231
1952.00; 2.0066202746; -2.8659798387
1952.25; 2.0070687337; -4.0863475543
1952.50; 2.0074908368; -5.0905030288
1952.75; 2.0078850096; -5.8451164250
1953.00; 2.0082519518; -6.3234938006
1953.25; 2.0085920087; -6.4989752064
1953.50; 2.0089054405; -6.3447420567
1953.75; 2.0091925071; -5.8402184202
1954.00; 2.0094528541; -4.9706778496
1954.25; 2.0096861249; -3.7323721296
1954.50; 2.0098932755; -2.1318417805
1954.75; 2.0100754754; -0.1783803449
1955.00; 2.0102345644; 2.1082521897
1955.25; 2.0103730597; 4.7085891215
1955.50; 2.0104933553; 7.5930652628
1955.75; 2.0105973350; 10.7072340760
1956.00; 2.0106882003; 14.0214868158
1956.25; 2.0107687652; 17.4831576665
1956.50; 2.0108422876; 21.0569873802
1956.75; 2.0109117310; 24.6843943785
1957.00; 2.0109800666; 28.3001870459
1957.25; 2.0110512464; 31.8923432869
1957.50; 2.0111280235; 35.3899654901
1957.75; 2.0112128908; 38.7206878340
1958.00; 2.0113098949; 41.8807948477
1958.25; 2.0114215044; 44.8270078092
1958.50; 2.0115506771; 47.5303532228
1958.75; 2.0116998585; 49.9609886301
1959.00; 2.0118711783; 52.0989599558
1959.25; 2.0120662720; 53.9255724392
1959.50; 2.0122876885; 55.4379775540
1959.75; 2.0125380542; 56.6383272939
1960.00; 2.0128177260; 57.5200004076
1960.25; 2.0131274584; 58.0848225917
1960.50; 2.0134684628; 58.3418643203
1960.75; 2.0138410037; 58.3031802901
1961.00; 2.0142452907; 57.9843359371
1961.25; 2.0146808358; 57.4119901678
1961.50; 2.0151472672; 56.6127628114
1961.75; 2.0156441261; 55.6141144417
1962.00; 2.0161723794; 54.4472891773
1962.25; 2.0167334626; 53.1450355953
1962.50; 2.0173263913; 51.7465156716
1962.75; 2.0179441706; 50.3094823759
1963.00; 2.0185898661; 48.8619124958
1963.25; 2.0192576049; 47.4562172174
1963.50; 2.0199523492; 46.1168317717
1963.75; 2.0206713430; 44.8844825150
1964.00; 2.0214097873; 43.7959245196
1964.25; 2.0221756227; 42.8630552188
1964.50; 2.0229612469; 42.1137743669
1964.75; 2.0237714560; 41.5464342703
1965.00; 2.0246055832; 41.1645773867
1965.25; 2.0254598496; 40.9619375929
1965.50; 2.0263323970; 40.9217741760
1965.75; 2.0272242279; 41.0173599460
1966.00; 2.0281367669; 41.2131442560
1966.25; 2.0290737062; 41.4702764078
1966.50; 2.0300301657; 41.7389542669
1966.75; 2.0310024161; 41.9687114515
1967.00; 2.0320006129; 42.1129258833
1967.25; 2.0330187953; 42.1218456115
1967.50; 2.0340576823; 41.9457335127
1967.75; 2.0351177552; 41.5464150506
1968.00; 2.0361980212; 40.8839932278
1968.25; 2.0373035951; 39.9213528226
1968.50; 2.0384318205; 38.6317072015
1968.75; 2.0395784776; 36.9971438661
1969.00; 2.0407420720; 35.0034814748
1969.25; 2.0419261957; 32.6328413497
1969.50; 2.0431309265; 29.8781442804
1969.75; 2.0443543569; 26.7501821896
1970.00; 2.0455912290; 23.2576933328
1970.25; 2.0468351572; 19.4271099643
1970.50; 2.0480826886; 15.2844627059
1970.75; 2.0493294603; 10.8623443128
1971.00; 2.0505775316; 6.1761828135
1971.25; 2.0518239351; 1.2680615995
1971.50; 2.0530617822; -3.7992261102
1971.75; 2.0542869448; -8.9722957474
1972.00; 2.0554948966; -14.1944752209
1972.25; 2.0566818148; -19.4078590767
1972.50; 2.0578450591; -24.5332134028
1972.75; 2.0589753890; -29.4943439763
1973.00; 2.0600770156; -34.2641447251
1973.25; 2.0611396751; -38.7468770729
1973.50; 2.0621651339; -42.9031545556
1973.75; 2.0631453476; -46.6515899023
1974.00; 2.0640742728; -49.9331652173
1974.25; 2.0649506463; -52.7198455389
1974.50; 2.0657746462; -54.9922418175
1974.75; 2.0665457520; -56.7303512425
1975.00; 2.0672626516; -57.9337654660
1975.25; 2.0679225569; -58.6073299851
1975.50; 2.0685253896; -58.7717568850
1975.75; 2.0690694799; -58.4615439769
1976.00; 2.0695579954; -57.7199644071
1976.25; 2.0699887152; -56.6043639275
1976.50; 2.0703661147; -55.1595405546
1976.75; 2.0706919180; -53.4473053818
1977.00; 2.0709663687; -51.5408726012
1977.25; 2.0711931238; -49.4891484074
1977.50; 2.0713729718; -47.3630222240
1977.75; 2.0715076354; -45.2252608862
1978.00; 2.0715992692; -43.1294186645
1978.25; 2.0716494461; -41.1363533840
1978.50; 2.0716602151; -39.2902045639
1978.75; 2.0716334699; -37.6204526886
1979.00; 2.0715711349; -36.1691515763
1979.25; 2.0714743666; -34.9535751119
1979.50; 2.0713444159; -33.9904879382
1979.75; 2.0711825267; -33.2909342280
1980.00; 2.0709897755; -32.8561348047
1980.25; 2.0707667825; -32.6805801401
1980.50; 2.0705140465; -32.7576711855
1980.75; 2.0702304505; -33.0663272093
1981.00; 2.0699168825; -33.5798017408
1981.25; 2.0695728450; -34.2642314606
1981.50; 2.0691984478; -35.0801197546
1981.75; 2.0687929417; -35.9827070802
1982.00; 2.0683552552; -36.9203309708
1982.25; 2.0678840328; -37.8379313654
1982.50; 2.0673781542; -38.6760207305
1982.75; 2.0668399279; -39.3656404512
1983.00; 2.0662681174; -39.8487450670
1983.25; 2.0656617903; -40.0674251711
1983.50; 2.0650206490; -39.9683915900
1983.75; 2.0643454236; -39.5085308175
1984.00; 2.0636357470; -38.6498836041
1984.25; 2.0628961918; -37.3755963836
1984.50; 2.0621273354; -35.6744609307
1984.75; 2.0613269105; -33.5432826740
1985.00; 2.0604978996; -31.0043392315
1985.25; 2.0596439832; -28.0953705103
1985.50; 2.0587656454; -24.8553018919
1985.75; 2.0578676211; -21.3474275287
1986.00; 2.0569534355; -17.6382912898
1986.25; 2.0560251901; -13.7933120177
1986.50; 2.0550856571; -9.8682708622
1986.75; 2.0541405122; -5.9534045209
1987.00; 2.0531920124; -2.1136781664
1987.25; 2.0522456076; 1.5726074229
1987.50; 2.0513050588; 5.0382533147
1987.75; 2.0503716592; 8.2331284656
1988.00; 2.0494472391; 11.1107111926
1988.25; 2.0485328478; 13.6348450649
1988.50; 2.0476390718; 15.7491957566
1988.75; 2.0467644264; 17.4371120363
1989.00; 2.0459083401; 18.6872189882
1989.25; 2.0450695264; 19.4915188326
1989.50; 2.0442530589; 19.8453561352
1989.75; 2.0434629641; 19.7504323934
1990.00; 2.0426934618; 19.2197806556
1990.25; 2.0419473319; 18.2746245355
1990.50; 2.0412226825; 16.9406503709
1990.75; 2.0405191384; 15.2513731416
1991.00; 2.0398334507; 13.2394265993
1991.25; 2.0391642593; 10.9507930020
1991.50; 2.0385080651; 8.4281292104
1991.75; 2.0378655848; 5.7322681591
1992.00; 2.0372364930; 2.9272366145
1992.25; 2.0366164389; 0.0720525091
1992.50; 2.0360022602; -2.7785266312
1992.75; 2.0353902883; -5.5687824060
1993.00; 2.0347784271; -8.2371040185
1993.25; 2.0341667162; -10.7214340862
1993.50; 2.0335522743; -12.9757770014
1993.75; 2.0329293463; -14.9720912024
1994.00; 2.0322974026; -16.6733287138
1994.25; 2.0316548531; -18.0565807614
1994.50; 2.0309971891; -19.1149632494
1994.75; 2.0303236847; -19.8434829290
1995.00; 2.0296382903; -20.2435647194
1995.25; 2.0289365613; -20.3353481280
1995.50; 2.0282179846; -20.1409301848
1995.75; 2.0274853081; -19.6905364469
1996.00; 2.0267371474; -19.0174681579
1996.25; 2.0259751993; -18.1595009810
1996.50; 2.0252015460; -17.1569607599
1996.75; 2.0244130600; -16.0424349117
1997.00; 2.0236134931; -14.8567650442
1997.25; 2.0228047854; -13.6351788944
1997.50; 2.0219865947; -12.4070167427
1997.75; 2.0211588346; -11.1983546675
1998.00; 2.0203232530; -10.0337542919
1998.25; 2.0194783394; -8.9298986277
1998.50; 2.0186267254; -7.9053418914
1998.75; 2.0177719679; -6.9740231745
1999.00; 2.0169119745; -6.1408792232
1999.25; 2.0160493688; -5.4116400616
1999.50; 2.0151792921; -4.7813243974
1999.75; 2.0143077251; -4.2494587916
2000.00; 2.0134353761; -3.8114136342
2000.25; 2.0125582321; -3.4548032381
2000.50; 2.0116756074; -3.1657458639
2000.75; 2.0107875561; -2.9276862805
2001.00; 2.0098966236; -2.7179418827
2001.25; 2.0090051288; -2.5141270497
2001.50; 2.0081118968; -2.2869982531
2001.75; 2.0072166061; -2.0031378153
2002.00; 2.0063190539; -1.6264626999
2002.25; 2.0054175186; -1.1203146133
2002.50; 2.0045097354; -0.4440928022
2002.75; 2.0036007046; 0.4342085483
2003.00; 2.0026918201; 1.5472140213
2003.25; 2.0017811245; 2.9290365936
2003.50; 2.0008642872; 4.6116965798
2003.75; 1.9999458848; 6.6123503693
2004.00; 1.9990309578; 8.9292185272
2004.25; 1.9981174484; 11.5736216527
2004.50; 1.9972138636; 14.5173841452
2004.75; 1.9963192919; 17.7484668410
2005.00; 1.9954345651; 21.2445157837
2005.25; 1.9945661881; 24.9540872803
2005.50; 1.9937160559; 28.8334843233
2005.75; 1.9928859904; 32.8361323452
2006.00; 1.9920736449; 36.9342869765
2006.25; 1.9912871678; 41.0465966091
2006.50; 1.9905332809; 45.0954825149
2006.75; 1.9898164154; 49.0157410196
2007.00; 1.9891412761; 52.7413410993
2007.25; 1.9885066686; 56.2339690373
2007.50; 1.9879128820; 59.4692640541
2007.75; 1.9873646401; 62.3875170295
2008.00; 1.9868663133; 64.9457773089
2008.25; 1.9864165528; 67.1327132522
2008.50; 1.9860180535; 68.9183711426
2008.75; 1.9856705460; 70.2938220346
2009.00; 1.9853762261; 71.2572283074
2009.25; 1.9851359473; 71.7849361321
2009.50; 1.9849499767; 71.8774247977
2009.75; 1.9848183409; 71.5422763343
2010.00; 1.9847404889; 70.7933857525
2010.25; 1.9847157265; 69.6528364766
2010.50; 1.9847428796; 68.1560528548
2010.75; 1.9848203411; 66.3348497047
2011.00; 1.9849457790; 64.2431061818
2011.25; 1.9851170526; 61.9303582531
2011.50; 1.9853326197; 59.4429324233
2011.75; 1.9855897136; 56.8466481926
2012.00; 1.9858861513; 54.2035063811
2012.25; 1.9862194282; 51.5801827583
2012.50; 1.9865882864; 49.0341056673
2012.75; 1.9869892734; 46.6348260388
2013.00; 1.9874200788; 44.4428079069
2013.25; 1.9878775208; 42.5079076035
2013.50; 1.9883604736; 40.8661188155
2013.75; 1.9888666390; 39.5440307981
2014.00; 1.9893978911; 38.5446881862
2014.25; 1.9899500012; 37.8717342082
2014.50; 1.9905207013; 37.5095041263
2014.75; 1.9911101995; 37.4277613857
2015.00; 1.9917199933; 37.5872363808
2015.25; 1.9923515323; 37.9413847739
2015.50; 1.9930040928; 38.4389368467
2015.75; 1.9936774670; 39.0257446085
2016.00; 1.9943747385; 39.6494688835
2016.25; 1.9950919204; 40.2529965803
2016.50; 1.9958327615; 40.7895696912
2016.75; 1.9965976276; 41.2138980667
2017.00; 1.9973856806; 41.4858679476
2017.25; 1.9981981011; 41.5756800950
2017.50; 1.9990340820; 41.4640797364
2017.75; 1.9998937554; 41.1203731880
2018.00; 2.0007795183; 40.5363935708
2018.25; 2.0016851524; 39.7017625591
2018.50; 2.0026133849; 38.6083972510
2018.75; 2.0035695727; 37.2490361005
2019.00; 2.0045452629; 35.5976639526
2019.25; 2.0055450029; 33.6941566383
2019.50; 2.0065730140; 31.5428062298
2019.75; 2.0076186562; 29.1892889207
2020.00; 2.0086876586; 26.6337549330
2020.25; 2.0097742459; 23.9015905591
2020.50; 2.0108774311; 21.0278085468
2020.75; 2.0119916415; 18.0551140423
2021.00; 2.0131176455; 15.0033869449
2021.25; 2.0142549494; 11.9056798951
2021.50; 2.0153950693; 8.8187068382
2021.75; 2.0165289247; 5.8016160197
2022.00; 2.0176598951; 2.8821522240
2022.25; 2.0187901795; 0.0853714423
2022.50; 2.0199215595; -2.5560434285
2022.75; 2.0210387188; -4.9746022957
2023.00; 2.0221410550; -7.1395323326
2023.25; 2.0232293339; -9.0300089043
2023.50; 2.0243056733; -10.6301922862
2023.75; 2.0253684000; -11.9232621423
2024.00; 2.0264149373; -12.8978456264
2024.25; 2.0274462284; -13.5530036305
2024.50; 2.0284608600; -13.8948404862
2024.75; 2.0294583485; -13.9363245116
2025.00; 2.0304435135; -13.6967866026
2025.25; 2.0314135286; -13.2020307439
2025.50; 2.0323694226; -12.4823990589
2025.75; 2.0333116107; -11.5744516455
2026.00; 2.0342435321; -10.5127500392
2026.25; 2.0351655382; -9.3354823664
2026.50; 2.0360788868; -8.0819002466
2026.75; 2.0369886853; -6.7855448994
2027.00; 2.0378938483; -5.4879519635
2027.25; 2.0387983748; -4.2195009508
2027.50; 2.0397008648; -3.0155671559
2027.75; 2.0406024413; -1.9056113931
2028.00; 2.0415047801; -0.9150113081
2028.25; 2.0424072512; -0.0676513517
2028.50; 2.0433161797; 0.6236572758
2028.75; 2.0442253830; 1.1383307985
2029.00; 2.0451382884; 1.4680711047
2029.25; 2.0460566895; 1.6079694376
2029.50; 2.0469845008; 1.5541223113
2029.75; 2.0479222978; 1.3080703552
2030.00; 2.0488703493; 0.8763654210
2030.25; 2.0498258146; 0.2743900835
2030.50; 2.0507898881; -0.4856231068
2030.75; 2.0517663655; -1.3816499134
2031.00; 2.0527557891; -2.3873828176
2031.25; 2.0537538629; -3.4647156186
2031.50; 2.0547496113; -4.5635971726
2031.75; 2.0557522143; -5.6527419586
2032.00; 2.0567610583; -6.6873271112
2032.25; 2.0577663661; -7.6087123605
2032.50; 2.0587773510; -8.3797267557
2032.75; 2.0597938270; -8.9575963579
2033.00; 2.0608139665; -9.3016588485
2033.25; 2.0618403826; -9.3797606278
2033.50; 2.0628749494; -9.1669687028
2033.75; 2.0639199646; -8.6476726382
2034.00; 2.0649641887; -7.8252841121
2034.25; 2.0660114285; -6.7112269188
2034.50; 2.0670649651; -5.3282477263
2034.75; 2.0681289718; -3.7081590998
2035.00; 2.0692078174; -1.8919656795
2035.25; 2.0702958723; 0.0530158470
2035.50; 2.0714047290; 2.0826533320
2035.75; 2.0725294411; 4.1183423689
2036.00; 2.0736724072; 6.0921151914
2036.25; 2.0748334799; 7.9314597569
2036.50; 2.0760163603; 9.5748463580
2036.75; 2.0772234302; 10.9617571635
2037.00; 2.0784491043; 12.0297772266
2037.25; 2.0796951272; 12.7301875907
2037.50; 2.0809634652; 13.0253161677
2037.75; 2.0822535490; 12.8839427011
2038.00; 2.0835715506; 12.2829650934
2038.25; 2.0849152246; 11.2090644325
2038.50; 2.0862841290; 9.6565121081
2038.75; 2.0876717400; 7.6356984248
2039.00; 2.0890933960; 5.1339197910
2039.25; 2.0905435006; 2.1782098829
2039.50; 2.0920180439; -1.1991769120
2039.75; 2.0935065255; -4.9374751303
2040.00; 2.0950076191; -8.9950284081
2040.25; 2.0965197839; -13.3206025639
2040.50; 2.0980441738; -17.8656039000
2040.75; 2.0995706951; -22.5428656926
2041.00; 2.1010967784; -27.2834098926
2041.25; 2.1026145893; -31.9994643804
2041.50; 2.1041238249; -36.6256217931
2041.75; 2.1056228812; -41.0930176172
2042.00; 2.1071061325; -45.3248860907
2042.25; 2.1085747015; -49.2679558453
2042.50; 2.1100232980; -52.8585552864
2042.75; 2.1114430061; -56.0354559939
2043.00; 2.1128366358; -58.7775767697
2043.25; 2.1142035220; -61.0673552968
2043.50; 2.1155385309; -62.8948778325
2043.75; 2.1168456596; -64.2815875642
2044.00; 2.1181140887; -65.2388647252
2044.25; 2.1193581673; -65.8110604466
2044.50; 2.1205728334; -66.0375524866
2044.75; 2.1217528681; -65.9728756305
2045.00; 2.1228969723; -65.6779126291
2045.25; 2.1240082401; -65.2192306418
2045.50; 2.1250932454; -64.6513787163
2045.75; 2.1261383208; -64.0492214265
2046.00; 2.1271502068; -63.4686361031
2046.25; 2.1281335807; -62.9734701902
2046.50; 2.1290804085; -62.6067439075
2046.75; 2.1299937271; -62.4140540376
2047.00; 2.1308754109; -62.4347029054
2047.25; 2.1317242729; -62.6980558272
2047.50; 2.1325344406; -63.2266349728
2047.75; 2.1333106233; -64.0377888197
2048.00; 2.1340484102; -65.1366155485
2048.25; 2.1347496823; -66.5273353807
2048.50; 2.1354140004; -68.2039735290
2048.75; 2.1360389692; -70.1490437204
2049.00; 2.1366244425; -72.3441513806
2049.25; 2.1371710886; -74.7719201696
2049.50; 2.1376745433; -77.3875213448
2049.75; 2.1381352634; -80.1632228224
2050.00; 2.1385496474; -83.0394301739
2050.25; 2.1389118428; -85.9402946203
2050.50; 2.1392190359; -88.8038693974
2050.75; 2.1394711058; -91.5857781684
2051.00; 2.1396654014; -94.2159337191
2051.25; 2.1397993480; -96.6201592042
2051.50; 2.1398703588; -98.7198147258
2051.75; 2.1398761664; -100.4333566689
2052.00; 2.1398151743; -101.7021397176
2052.25; 2.1396864155; -102.4584526924
2052.50; 2.1394880183; -102.6561136534
2052.75; 2.1392208715; -102.2536993668
2053.00; 2.1388853985; -101.2309643162
2053.25; 2.1384808919; -99.5787078082
2053.50; 2.1380080348; -97.3045757503
2053.75; 2.1374686211; -94.4348884755
2054.00; 2.1368660792; -91.0182663324
2054.25; 2.1362031826; -87.1125210056
2054.50; 2.1354806260; -82.7657838415
2054.75; 2.1347028503; -78.0590192712
2055.00; 2.1338757967; -73.0845770635
2055.25; 2.1330050623; -67.9353037411
2055.50; 2.1320887711; -62.6571642280
2055.75; 2.1311357218; -57.3567000173
2056.00; 2.1301512302; -52.1129776777
2056.25; 2.1291427749; -47.0176847649
2056.50; 2.1281079322; -42.1039579465
2056.75; 2.1270487451; -37.4235811828
2057.00; 2.1259691464; -33.0269681099
2057.25; 2.1248768102; -28.9759180122
2057.50; 2.1237748710; -25.3062131222
2057.75; 2.1226680852; -22.0514642660
2058.00; 2.1215648824; -19.2468132752
2058.25; 2.1204596286; -16.8810366477
2058.50; 2.1193486966; -14.9458038991
2058.75; 2.1182405059; -13.4496966071
2059.00; 2.1171337418; -12.3753319006
2059.25; 2.1160282472; -11.7048709405
2059.50; 2.1149188867; -11.4022644692
2059.75; 2.1138132449; -11.4367281826
2060.00; 2.1127082697; -11.7586932980
2060.25; 2.1116055434; -12.3153699479
2060.50; 2.1104981569; -13.0522584524
2060.75; 2.1093881152; -13.9002087563
2061.00; 2.1082753673; -14.7867519358
2061.25; 2.1071509806; -15.6427635269
2061.50; 2.1060255617; -16.3836696793
2061.75; 2.1048953157; -16.9393133857
2062.00; 2.1037558830; -17.2448393540
2062.25; 2.1026063441; -17.2420682829
2062.50; 2.1014450180; -16.8855312587
2062.75; 2.1002700507; -16.1398410853
2063.00; 2.0990838111; -14.9903012260
2063.25; 2.0978910224; -13.4426253302
2063.50; 2.0966946043; -11.5187707968
2063.75; 2.0954929934; -9.2492369024
2064.00; 2.0942867962; -6.6808454896
2064.25; 2.0930771537; -3.8697235916
2064.50; 2.0918733293; -0.8997291003
2064.75; 2.0906679306; 2.1814142453
2065.00; 2.0894707420; 5.2815752668
2065.25; 2.0882804171; 8.3371664635
2065.50; 2.0870972945; 11.2838765496
2065.75; 2.0859305365; 14.0392532972
2066.00; 2.0847784914; 16.5532333516
2066.25; 2.0836375478; 18.7853978099
2066.50; 2.0825144794; 20.6799270153
2066.75; 2.0814070481; 22.2068491618
2067.00; 2.0803247346; 23.3287579157
2067.25; 2.0792661238; 24.0311536053
2067.50; 2.0782302175; 24.3064488329
2067.75; 2.0772186950; 24.1544084372
2068.00; 2.0762240158; 23.5814388718
2068.25; 2.0752509039; 22.6066572861
2068.50; 2.0742944203; 21.2530904432
2068.75; 2.0733615739; 19.5578348433
2069.00; 2.0724441489; 17.5458419175
2069.25; 2.0715406250; 15.2581936400
2069.50; 2.0706509690; 12.7448771615
2069.75; 2.0697731617; 10.0636994626
2070.00; 2.0689047874; 7.2709118599
2070.25; 2.0680460597; 4.4351694454
2070.50; 2.0671926615; 1.6106608012
2070.75; 2.0663419715; -1.1431948895
2071.00; 2.0654881515; -3.7791357193
2071.25; 2.0646354747; -6.2246268041
2071.50; 2.0637765609; -8.4481645378
2071.75; 2.0629120836; -10.4036937989
2072.00; 2.0620453186; -12.0534833477
2072.25; 2.0611702241; -13.3903409208
2072.50; 2.0602882340; -14.3990444044
2072.75; 2.0593918806; -15.0910428505
2073.00; 2.0584874586; -15.4737380376
2073.25; 2.0575695951; -15.5733517879
2073.50; 2.0566401118; -15.4197596344
2073.75; 2.0556980637; -15.0490571073
2074.00; 2.0547443731; -14.5027133240
2074.25; 2.0537772541; -13.8217571758
2074.50; 2.0527971512; -13.0487900130
2074.75; 2.0518022562; -12.2285006717
2075.00; 2.0507995315; -11.4090720528
2075.25; 2.0497899551; -10.6310232449
2075.50; 2.0487691512; -9.9284181986
2075.75; 2.0477380791; -9.3351782705
2076.00; 2.0466980639; -8.8810868201
2076.25; 2.0456529868; -8.5879454155
2076.50; 2.0446005455; -8.4787363901
2076.75; 2.0435466755; -8.5626234880
2077.00; 2.0424892703; -8.8503458690
2077.25; 2.0414251426; -9.3458068538
2077.50; 2.0403531806; -10.0476204375
2077.75; 2.0392731945; -10.9451554303
2078.00; 2.0381907424; -12.0197664803
2078.25; 2.0371042141; -13.2540490029
2078.50; 2.0360054090; -14.6335951608
2078.75; 2.0348956458; -16.1361081360
2079.00; 2.0337769104; -17.7182122675
2079.25; 2.0326473466; -19.3458278017
2079.50; 2.0315005435; -20.9880131136
2079.75; 2.0303394481; -22.5951111871
2080.00; 2.0291638498; -24.1193486036
2080.25; 2.0279717656; -25.5123464767
2080.50; 2.0267561835; -26.7306220253
2080.75; 2.0255200815; -27.7244144507
2081.00; 2.0242574586; -28.4532236478
2081.25; 2.0229726706; -28.8717078145
2081.50; 2.0216716181; -28.9424593422
2081.75; 2.0203567692; -28.6391676356
2082.00; 2.0190186875; -27.9399847976
2082.25; 2.0176546829; -26.8301821369
2082.50; 2.0162688260; -25.3099044067
2082.75; 2.0148689477; -23.3952394084
2083.00; 2.0134522909; -21.0995826263
2083.25; 2.0120197753; -18.4477416218
2083.50; 2.0105786002; -15.4836409336
2083.75; 2.0091218078; -12.2293938268
2084.00; 2.0076582677; -8.7465232046
2084.25; 2.0061910471; -5.0843293141
2084.50; 2.0047202688; -1.2921253011
2084.75; 2.0032597847; 2.5467012801
2085.00; 2.0018065869; 6.3941361490
2085.25; 2.0003624967; 10.1992691405
2085.50; 1.9989414052; 13.8815325739
2085.75; 1.9975393180; 17.4103313137
2086.00; 1.9961565912; 20.7473201225
2086.25; 1.9947996219; 23.8445867143
2086.50; 1.9934673171; 26.6763851986
2086.75; 1.9921595432; 29.2192063911
2087.00; 1.9908809796; 31.4455068784
2087.25; 1.9896361116; 33.3334181119
2087.50; 1.9884336348; 34.8626341537
2087.75; 1.9872689470; 36.0367811324
2088.00; 1.9861457112; 36.8548354243
2088.25; 1.9850496186; 37.3344810392
2088.50; 1.9839956018; 37.4839010711
2088.75; 1.9829855346; 37.3234581401
2089.00; 1.9820123358; 36.8790387603
2089.25; 1.9810759219; 36.1847500211
2089.50; 1.9801782921; 35.2829750597
2089.75; 1.9793158266; 34.2176281775
2090.00; 1.9784895419; 33.0441838042
2090.25; 1.9776950895; 31.8120819181
2090.50; 1.9769354211; 30.5868500649
2090.75; 1.9762091957; 29.4323013505
2091.00; 1.9755130002; 28.4043168266
2091.25; 1.9748444916; 27.5558571877
2091.50; 1.9742062231; 26.9428710101
2091.75; 1.9735989229; 26.6077978492
2092.00; 1.9730237524; 26.5813808138
2092.25; 1.9724785139; 26.8755946782
2092.50; 1.9719600983; 27.4997670527
2092.75; 1.9714696603; 28.4439818710
2093.00; 1.9710115153; 29.6767885766
2093.25; 1.9705851648; 31.1639719128
2093.50; 1.9701884439; 32.8702973666
2093.75; 1.9698258930; 34.7267059451
2094.00; 1.9694971775; 36.6797046777
2094.25; 1.9692057955; 38.6522007866
2094.50; 1.9689521850; 40.5846952523
2094.75; 1.9687380681; 42.4106350671
2095.00; 1.9685659458; 44.0591180732
2095.25; 1.9684371767; 45.4725812567
2095.50; 1.9683530133; 46.6008778727
2095.75; 1.9683145543; 47.4030515890
2096.00; 1.9683227762; 47.8432245912
2096.25; 1.9683783034; 47.8959873055
2096.50; 1.9684814854; 47.5451235986
2096.75; 1.9686328106; 46.7800377003
2097.00; 1.9688310529; 45.6034215014
2097.25; 1.9690765091; 44.0165870333
2097.50; 1.9693657186; 42.0467642927
2097.75; 1.9696990358; 39.6993744167
2098.00; 1.9700728375; 37.0129710528
2098.25; 1.9704881251; 33.9948319389
2098.50; 1.9709416625; 30.6850820772
2098.75; 1.9714273310; 27.1449205107
2099.00; 1.9719452913; 23.3959714091
2099.25; 1.9724906586; 19.4975015952
2099.50; 1.9730593595; 15.5039631852
2099.75; 1.9736511755; 11.4453963136
2100.00; 1.9742610995; 7.3883808086
2100.25; 1.9748831460; 3.4074404362
2100.50; 1.9755110694; -0.4216970606
2100.75; 1.9761486642; -4.0897830980
2101.00; 1.9767906001; -7.5316827150
2101.25; 1.9774338726; -10.6994951144
2101.50; 1.9780779232; -13.5625178478
2101.75; 1.9787169674; -16.0732714789
2102.00; 1.9793487451; -18.2098818880
2102.25; 1.9799727575; -19.9651622997
2102.50; 1.9805855056; -21.3340799196
2102.75; 1.9811865975; -22.3298863182
2103.00; 1.9817748025; -22.9735005710
2103.25; 1.9823529052; -23.2982184328
2103.50; 1.9829170165; -23.3390072726
2103.75; 1.9834678390; -23.1410992796
2104.00; 1.9840086838; -22.7487775408
2104.25; 1.9845367415; -22.2118984109
2104.50; 1.9850536550; -21.5763295897
2104.75; 1.9855573579; -20.8918958565
2105.00; 1.9860518944; -20.1969419336
2105.25; 1.9865378332; -19.5315931860
2105.50; 1.9870174111; -18.9242927560
2105.75; 1.9874884095; -18.4058641906
2106.00; 1.9879548319; -17.9907886800
2106.25; 1.9884150838; -17.6964634124
2106.50; 1.9888698079; -17.5335283090
2106.75; 1.9893197250; -17.5086943711
2107.00; 1.9897627842; -17.6228369024
2107.25; 1.9901989670; -17.8742438825
2107.50; 1.9906299057; -18.2587053884
2107.75; 1.9910550253; -18.7681321404
2108.00; 1.9914738887; -19.3923371182
2108.25; 1.9918859140; -20.1173321188
2108.50; 1.9922924606; -20.9305237326
2108.75; 1.9926923907; -21.8134686975
2109.00; 1.9930844423; -22.7424220391
2109.25; 1.9934685222; -23.6926678675
2109.50; 1.9938412084; -24.6277161467
2109.75; 1.9942012645; -25.5095314972
2110.00; 1.9945516416; -26.3137229839
2110.25; 1.9948902882; -26.9931705509
2110.50; 1.9952159749; -27.5012280169
2110.75; 1.9955304388; -27.7948666513
2111.00; 1.9958322767; -27.8324682190
2111.25; 1.9961214942; -27.5653494888
2111.50; 1.9963991970; -26.9518085804
2111.75; 1.9966647242; -25.9562926809
2112.00; 1.9969196427; -24.5569264739
2112.25; 1.9971642178; -22.7393024283
2112.50; 1.9973997639; -20.5118948605
2112.75; 1.9976294579; -17.8762257875
2113.00; 1.9978557549; -14.8612115690
2113.25; 1.9980805499; -11.5130994061
2113.50; 1.9983073183; -7.8734281469
2113.75; 1.9985382068; -4.0180731818
2114.00; 1.9987779484; 0.0097658763
2114.25; 1.9990291666; 4.1252949688
2114.50; 1.9992958462; 8.2575700910
2114.75; 1.9995812410; 12.3241534399
2115.00; 1.9998896660; 16.2768203859
2115.25; 2.0002247850; 20.0521974357
2115.50; 2.0005903933; 23.5947544156
2115.75; 2.0009876488; 26.8315900474
2116.00; 2.0014194707; 29.7184416386
2116.25; 2.0018909808; 32.2326682225
2116.50; 2.0024028892; 34.3330688788
2116.75; 2.0029590042; 36.0010592810
2117.00; 2.0035617912; 37.2207120145
2117.25; 2.0042104519; 37.9759277378
2117.50; 2.0049050922; 38.2621353983
2117.75; 2.0056412498; 38.0809043697
2118.00; 2.0064206094; 37.4457110462
2118.25; 2.0072449993; 36.3763880649
2118.50; 2.0081183984; 34.8898615661
2118.75; 2.0090389296; 33.0204624318
2119.00; 2.0100017901; 30.8168105945
2119.25; 2.0110053391; 28.3282781428
2119.50; 2.0120484558; 25.6100572121
2119.75; 2.0131304953; 22.7179605794
2120.00; 2.0142455667; 19.7341610530
2120.25; 2.0153966838; 16.7161967461
2120.50; 2.0165777052; 13.7510630587
2120.75; 2.0177811973; 10.9249822485
2121.00; 2.0190022026; 8.3117879638
2121.25; 2.0202407247; 5.9659158633
2121.50; 2.0214954996; 3.9338885504
2121.75; 2.0227621016; 2.2547826997
2122.00; 2.0240449917; 0.9393746272
2122.25; 2.0253448174; -0.0108975834
2122.50; 2.0266585764; -0.6101229731
2122.75; 2.0279779454; -0.8848472749
2123.00; 2.0293082151; -0.8801554344
2123.25; 2.0306472850; -0.6524605259
2123.50; 2.0320040567; -0.2641689466
2123.75; 2.0333753802; 0.2154996538
2124.00; 2.0347654273; 0.7146089066
2124.25; 2.0361624084; 1.1589436373
2124.50; 2.0375758346; 1.4861280261
2124.75; 2.0389993574; 1.6354533467
2125.00; 2.0404425922; 1.5573423837
2125.25; 2.0419089652; 1.2064220390
2125.50; 2.0433923104; 0.5477586395
2125.75; 2.0448797799; -0.4387139735
2126.00; 2.0463859149; -1.7812578857
2126.25; 2.0479044134; -3.4856038705
2126.50; 2.0494346585; -5.5544004355
2126.75; 2.0509735951; -7.9807847766
2127.00; 2.0525086672; -10.7358138178
2127.25; 2.0540510768; -13.8257707379
2127.50; 2.0555954668; -17.2220518840
2127.75; 2.0571436607; -20.9066149486
2128.00; 2.0586895239; -24.8375370675
2128.25; 2.0602337252; -28.9851634824
2128.50; 2.0617606638; -33.2717789459
2128.75; 2.0632719764; -37.6620556642
2129.00; 2.0647649304; -42.1036284974
2129.25; 2.0662428225; -46.5577431397
2129.50; 2.0676891197; -50.9223047088
2129.75; 2.0691112110; -55.1652569626
2130.00; 2.0704952783; -59.1912100561
2130.25; 2.0718396152; -62.9388927156
2130.50; 2.0731493127; -66.3684126375
2130.75; 2.0744055227; -69.3813436917
2131.00; 2.0756048617; -71.9301326332
2131.25; 2.0767513263; -73.9910317539
2131.50; 2.0778426180; -75.5406983230
2131.75; 2.0788801530; -76.5713005919
2132.00; 2.0798587768; -77.0804663282
2132.25; 2.0807818629; -77.0855664047
2132.50; 2.0816522321; -76.6122588657
2132.75; 2.0824669532; -75.6987874431
2133.00; 2.0832280349; -74.3918745870
2133.25; 2.0839360986; -72.7408533768
2133.50; 2.0845958719; -70.7934877803
2133.75; 2.0852080174; -68.6097711825
2134.00; 2.0857715949; -66.2582546101
2134.25; 2.0862933309; -63.7777266973
2134.50; 2.0867724808; -61.2343901326
2134.75; 2.0872128419; -58.6672262220
2135.00; 2.0876152504; -56.1285547381
2135.25; 2.0879849663; -53.6390750711
2135.50; 2.0883224813; -51.2453685882
2135.75; 2.0886282857; -48.9888760248
2136.00; 2.0889057215; -46.8857678391
2136.25; 2.0891565643; -44.9587239800
2136.50; 2.0893835058; -43.2162841671
2136.75; 2.0895883944; -41.6694464347
2137.00; 2.0897715715; -40.3348271492
2137.25; 2.0899343299; -39.2159551795
2137.50; 2.0900777983; -38.3113188285
2137.75; 2.0902028096; -37.6156258864
2138.00; 2.0903095322; -37.1217552337
2138.25; 2.0903986978; -36.8120048259
2138.50; 2.0904706629; -36.6644097426
2138.75; 2.0905255980; -36.6523959745
2139.00; 2.0905632018; -36.7402188562
2139.25; 2.0905833796; -36.8863510589
2139.50; 2.0905859208; -37.0478887000
2139.75; 2.0905704643; -37.1725413755
2140.00; 2.0905368109; -37.2035490640
2140.25; 2.0904847224; -37.0863524679
2140.50; 2.0904143014; -36.7678553725
2140.75; 2.0903259027; -36.1997458155
2141.00; 2.0902193803; -35.3391526705
2141.25; 2.0900955405; -34.1533796876
2141.50; 2.0899551487; -32.6137621073
2141.75; 2.0897990604; -30.7076740705
2142.00; 2.0896290778; -28.4383402159
2142.25; 2.0894473084; -25.8254153953
2142.50; 2.0892556617; -22.8841060896
2142.75; 2.0890570003; -19.6561326606
2143.00; 2.0888543849; -16.1904052286
2143.25; 2.0886502328; -12.5473121682
2143.50; 2.0884473201; -8.7826326181
2143.75; 2.0882488889; -4.9618866116
2144.00; 2.0880583822; -1.1532517259
2144.25; 2.0878778759; 2.6012548160
2144.50; 2.0877121445; 6.2045527519
2144.75; 2.0875644307; 9.5883831939
2145.00; 2.0874374307; 12.7016795397
2145.25; 2.0873334731; 15.5030207141
2145.50; 2.0872542969; 17.9656781525
2145.75; 2.0872029760; 20.0192961459
2146.00; 2.0871807744; 21.6422566508
2146.25; 2.0871886800; 22.8232307604
2146.50; 2.0872276361; 23.5522670026
2146.75; 2.0872979150; 23.8150796540
2147.00; 2.0873994370; 23.6143111793
2147.25; 2.0875322144; 22.9495644921
2147.50; 2.0876948099; 21.8387778525
2147.75; 2.0878850839; 20.3089123383
2148.00; 2.0881032025; 18.3729784277
2148.25; 2.0883459665; 16.0728918018
2148.50; 2.0886121588; 13.4407357552
2148.75; 2.0888990349; 10.5273045412
2149.00; 2.0892026987; 7.3964567160
2149.25; 2.0895221310; 4.0865215735
2149.50; 2.0898538266; 0.6638038106
2149.75; 2.0901910517; -2.7717714431
2150.00; 2.0905322384; -6.1787612449
2150.25; 2.0908731192; -9.4781447380
2150.50; 2.0912124949; -12.6356027418
2150.75; 2.0915480661; -15.6026668747
2151.00; 2.0918761083; -18.3323714048
2151.25; 2.0921954449; -20.7963509666
2151.50; 2.0925025880; -22.9591543572
2151.75; 2.0927952049; -24.8062543709
2152.00; 2.0930714823; -26.3389385371
2152.25; 2.0933297453; -27.5559037031
2152.50; 2.0935696911; -28.4787130014
2152.75; 2.0937899106; -29.1295919628
2153.00; 2.0939896487; -29.5412409864
2153.25; 2.0941687992; -29.7481632898
2153.50; 2.0943265422; -29.7797121690
2153.75; 2.0944622988; -29.6779739048
2154.00; 2.0945765907; -29.4904963392
2154.25; 2.0946694488; -29.2566179606
2154.50; 2.0947409082; -29.0106286697
2154.75; 2.0947914284; -28.7830695153
2155.00; 2.0948209172; -28.6058224625
2155.25; 2.0948294774; -28.5040853261
2155.50; 2.0948170502; -28.5009677033
2155.75; 2.0947834641; -28.6153660762
2156.00; 2.0947285242; -28.8568244119
2156.25; 2.0946519663; -29.2375834590
2156.50; 2.0945524807; -29.7681338413
2156.75; 2.0944308241; -30.4440604128
2157.00; 2.0942860955; -31.2644161929
2157.25; 2.0941169196; -32.2254689287
2157.50; 2.0939215006; -33.3239492451
2157.75; 2.0936987449; -34.5440380827
2158.00; 2.0934481267; -35.8626217587
2158.25; 2.0931690473; -37.2522473382
2158.50; 2.0928611800; -38.6805282474
2158.75; 2.0925223937; -40.1174821151
2159.00; 2.0921507944; -41.5301888632
2159.25; 2.0917435910; -42.8850467622
2159.50; 2.0913008738; -44.1387462986
2159.75; 2.0908203476; -45.2472841100
2160.00; 2.0902995746; -46.1678497789
2160.25; 2.0897418111; -46.8489739482
2160.50; 2.0891439591; -47.2527593725
2160.75; 2.0885074789; -47.3403116602
2161.00; 2.0878289816; -47.0795380712
2161.25; 2.0871098334; -46.4448536074
2161.50; 2.0863532141; -45.4243306200
2161.75; 2.0855541484; -44.0001888700
2162.00; 2.0847198527; -42.1813566423
2162.25; 2.0838523777; -39.9811462744
2162.50; 2.0829512813; -37.4143558478
2162.75; 2.0820199210; -34.5117205693
2163.00; 2.0810581901; -31.3110485761
2163.25; 2.0800698219; -27.8538483043
2163.50; 2.0790644193; -24.2098578438
2163.75; 2.0780417964; -20.4181911155
2164.00; 2.0770033055; -16.5231137773
2164.25; 2.0759567826; -12.5882568110
2164.50; 2.0748994066; -8.6411119775
2164.75; 2.0738359134; -4.7430701002
2165.00; 2.0727691676; -0.9389004201
2165.25; 2.0717122777; 2.6931056332
2165.50; 2.0706537061; 6.1627638240
2165.75; 2.0696010004; 9.4170680385
2166.00; 2.0685549126; 12.4312252377
2166.25; 2.0675196565; 15.1738013848
2166.50; 2.0664986408; 17.6170169954
2166.75; 2.0654964670; 19.7374471066
2167.00; 2.0645144204; 21.5240031941
2167.25; 2.0635487314; 22.9796117267
2167.50; 2.0626074918; 24.0943973127
2167.75; 2.0616916150; 24.8777178272
2168.00; 2.0608033177; 25.3436423306
2168.25; 2.0599404421; 25.5180212047
2168.50; 2.0591064720; 25.4333576099
2168.75; 2.0582981124; 25.1298708957
2169.00; 2.0575114477; 24.6564069128
2169.25; 2.0567529978; 24.0663442019
2169.50; 2.0560204671; 23.4225792222
2169.75; 2.0553088650; 22.7853292928
2170.00; 2.0546188090; 22.2217137884
2170.25; 2.0539480333; 21.7948938906
2170.50; 2.0532923987; 21.5635228828
2170.75; 2.0526591263; 21.5840018586
2171.00; 2.0520455903; 21.8991224771
2171.25; 2.0514500820; 22.5427029719
2171.50; 2.0508750848; 23.5314434917
2171.75; 2.0503205154; 24.8677954649
2172.00; 2.0497856599; 26.5434351829
2172.25; 2.0492734761; 28.5260026242
2172.50; 2.0487840136; 30.7816072839
2172.75; 2.0483214001; 33.2550389048
2173.00; 2.0478868396; 35.8786658289
2173.25; 2.0474833744; 38.5834008531
2173.50; 2.0471143051; 41.2915797400
2173.75; 2.0467802361; 43.9481866147
2174.00; 2.0464823042; 46.4966499069
2174.25; 2.0462244447; 48.8559076919
2174.50; 2.0460078504; 50.9812778535
2174.75; 2.0458337302; 52.8290691111
2175.00; 2.0457048186; 54.3457999577
2175.25; 2.0456227616; 55.4911836404
2175.50; 2.0455886620; 56.2341519420
2175.75; 2.0456028268; 56.5630374923
2176.00; 2.0456652425; 56.4654694998
2176.25; 2.0457761435; 55.9370570856
2176.50; 2.0459349028; 54.9796037042
2176.75; 2.0461410778; 53.5988460518
2177.00; 2.0463921559; 51.8184363022
2177.25; 2.0466868311; 49.6569863337
2177.50; 2.0470243862; 47.1332530992
2177.75; 2.0474043406; 44.2665679316
2178.00; 2.0478216436; 41.1170222710
2178.25; 2.0482740486; 37.7231993007
2178.50; 2.0487581604; 34.1402889847
2178.75; 2.0492723662; 30.4119365753
2179.00; 2.0498090376; 26.6284857936
2179.25; 2.0503700835; 22.8143746413
2179.50; 2.0509460317; 19.0738231137
2179.75; 2.0515384712; 15.4363602608
2180.00; 2.0521403691; 11.9850639347
2180.25; 2.0527498733; 8.7691207371
2180.50; 2.0533623762; 5.8409473852
2180.75; 2.0539804007; 3.2173035219
2181.00; 2.0546017841; 0.9287241407
2181.25; 2.0552244158; -1.0037553160
2181.50; 2.0558430183; -2.5621361041
2181.75; 2.0564604295; -3.7613612450
2182.00; 2.0570717022; -4.6092607124
2182.25; 2.0576802700; -5.1371876813
2182.50; 2.0582859323; -5.3787508957
2182.75; 2.0588860412; -5.3737841219
2183.00; 2.0594811925; -5.1680481434
2183.25; 2.0600701899; -4.8107064938
2183.50; 2.0606501409; -4.3523433977
2183.75; 2.0612261658; -3.8365756663
2184.00; 2.0618005094; -3.3064032860
2184.25; 2.0623727836; -2.8044909334
2184.50; 2.0629480334; -2.3647907827
2184.75; 2.0635214724; -2.0247506861
2185.00; 2.0640906284; -1.8140323354
2185.25; 2.0646604280; -1.7555679007
2185.50; 2.0652325101; -1.8668722737
2185.75; 2.0658055966; -2.1610488743
2186.00; 2.0663792418; -2.6475874153
2186.25; 2.0669547576; -3.3339090880
2186.50; 2.0675267560; -4.2150888422
2186.75; 2.0680980713; -5.2941365940
2187.00; 2.0686684793; -6.5666421910
2187.25; 2.0692357500; -8.0202860542
2187.50; 2.0697995516; -9.6438498377
2187.75; 2.0703589092; -11.4205971377
2188.00; 2.0709127986; -13.3296697407
2188.25; 2.0714611060; -15.3500262848
2188.50; 2.0720015284; -17.4477433149
2188.75; 2.0725329915; -19.5885919054
2189.00; 2.0730536941; -21.7304030804
2189.25; 2.0735613245; -23.8242890799
2189.50; 2.0740518782; -25.8114416190
2189.75; 2.0745301498; -27.6652569153
2190.00; 2.0749913635; -29.3186842800
2190.25; 2.0754316033; -30.7110591460
2190.50; 2.0758523468; -31.8060593083
2190.75; 2.0762543928; -32.5624707130
2191.00; 2.0766391493; -32.9480864196
2191.25; 2.0770050596; -32.9350936834
2191.50; 2.0773510166; -32.5104865817
2191.75; 2.0776780093; -31.6772459125
2192.00; 2.0779871201; -30.4455654173
2192.25; 2.0782788936; -28.8451594831
2192.50; 2.0785549608; -26.9158695041
2192.75; 2.0788195978; -24.6895081901
2193.00; 2.0790733858; -22.2358566477
2193.25; 2.0793178323; -19.6272526532
2193.50; 2.0795572311; -16.9061871926
2193.75; 2.0797937810; -14.1540585126
2194.00; 2.0800306383; -11.4323225025
2194.25; 2.0802687055; -8.8261787191
2194.50; 2.0805122400; -6.3782614237
2194.75; 2.0807634317; -4.1464459570
2195.00; 2.0810249539; -2.1769382331
2195.25; 2.0812982195; -0.5180286963
2195.50; 2.0815852975; 0.7951122728
2195.75; 2.0818870057; 1.7293027699
2196.00; 2.0822047857; 2.2618317948
2196.25; 2.0825409932; 2.3771550438
2196.50; 2.0828945869; 2.0636233779
2196.75; 2.0832664147; 1.3167440924
2197.00; 2.0836553786; 0.1432044542
2197.25; 2.0840578702; -1.4331043675
2197.50; 2.0844752991; -3.4009953158
2197.75; 2.0849071416; -5.7355115951
2198.00; 2.0853518085; -8.3995562478
2198.25; 2.0858063443; -11.3401971097
2198.50; 2.0862674553; -14.4940933941
2198.75; 2.0867316971; -17.7890055586
2199.00; 2.0871973282; -21.1583736149
2199.25; 2.0876616949; -24.5237694465
2199.50; 2.0881208984; -27.7943439391
2199.75; 2.0885735322; -30.8843520946
2200.00; 2.0890171683; -33.7228000659
2200.25; 2.0894473694; -36.2190931588
2200.50; 2.0898635337; -38.3136018175
2200.75; 2.0902632682; -39.9464398306
2201.00; 2.0906448557; -41.0748602441
2201.25; 2.0910078270; -41.6757424914
2201.50; 2.0913522800; -41.7430039574
2201.75; 2.0916762866; -41.2888690836
2202.00; 2.0919820948; -40.3410169446
2202.25; 2.0922686237; -38.9517103188
2202.50; 2.0925366060; -37.1853073059
2202.75; 2.0927886017; -35.1065710220
2203.00; 2.0930268364; -32.7890024438
2203.25; 2.0932519447; -30.3272126872
2203.50; 2.0934665897; -27.7968387336
2203.75; 2.0936728231; -25.2779939051
2204.00; 2.0938723323; -22.8506885444
2204.25; 2.0940661151; -20.5949078794
2204.50; 2.0942569693; -18.5594045097
2204.75; 2.0944460090; -16.8006051060
2205.00; 2.0946349912; -15.3570104559
2205.25; 2.0948240883; -14.2680465569
2205.50; 2.0950134355; -13.5591875124
2205.75; 2.0952038430; -13.2420174311
2206.00; 2.0953956145; -13.3214074554
2206.25; 2.0955887875; -13.7955127280
2206.50; 2.0957821823; -14.6532985144
2206.75; 2.0959741164; -15.8750945637
2207.00; 2.0961639410; -17.4413097974
2207.25; 2.0963499142; -19.3207750057
2207.50; 2.0965296265; -21.4718993337
2207.75; 2.0967006127; -23.8487481396
2208.00; 2.0968600627; -26.3976752453
2208.25; 2.0970061617; -29.0783531066
2208.50; 2.0971355704; -31.8226857116
2208.75; 2.0972451671; -34.5634459135
2209.00; 2.0973320074; -37.2355327019
2209.25; 2.0973932840; -39.7772280293
2209.50; 2.0974260252; -42.1172239544
2209.75; 2.0974275454; -44.1893099095
2210.00; 2.0973954515; -45.9356774124
2210.25; 2.0973276959; -47.3051737329
2210.50; 2.0972224027; -48.2601088120
2210.75; 2.0970786369; -48.7700117887
2211.00; 2.0968946956; -48.8213897650
2211.25; 2.0966698311; -48.4100547945
2211.50; 2.0964034199; -47.5433844785
2211.75; 2.0960964559; -46.2467004624
2212.00; 2.0957484832; -44.5494308323
2212.25; 2.0953616178; -42.5018649334
2212.50; 2.0949365118; -40.1534193610
2212.75; 2.0944745842; -37.5618172000
2213.00; 2.0939766615; -34.7837023874
2213.25; 2.0934439979; -31.8786470008
2213.50; 2.0928819525; -28.9272101421
2213.75; 2.0922929794; -25.9903868905
2214.00; 2.0916756696; -23.1058509234
2214.25; 2.0910345432; -20.3350116204
2214.50; 2.0903704387; -17.7163842865
2214.75; 2.0896866399; -15.2926456211
2215.00; 2.0889837296; -13.0905611683
2215.25; 2.0882625421; -11.1311711071
2215.50; 2.0875197879; -9.4204375301
2215.75; 2.0867606170; -7.9802804145
2216.00; 2.0859902046; -6.8247738763
2216.25; 2.0852056896; -5.9482409073
2216.50; 2.0844026246; -5.3396726774
2216.75; 2.0835838877; -4.9915794727
2217.00; 2.0827501253; -4.8892064392
2217.25; 2.0818994302; -5.0123400350
2217.50; 2.0810340014; -5.3355004885
2217.75; 2.0801530364; -5.8286029881
2218.00; 2.0792531891; -6.4584190879
2218.25; 2.0783339838; -7.1852128473
2218.50; 2.0773923948; -7.9668526700
2218.75; 2.0764266973; -8.7563155115
2219.00; 2.0754390634; -9.4999301325
2219.25; 2.0744257436; -10.1462901585
2219.50; 2.0733877136; -10.6403924675
2219.75; 2.0723200989; -10.9300122088
2220.00; 2.0712229331; -10.9646529623
2220.25; 2.0700935727; -10.6919723885
2220.50; 2.0689346218; -10.0755531602
2220.75; 2.0677500602; -9.0835247559
2221.00; 2.0665423651; -7.6967304286
2221.25; 2.0653083876; -5.9002641219
2221.50; 2.0640536438; -3.7058714587
2221.75; 2.0627784801; -1.1285603345
2222.00; 2.0614759668; 1.8243868602
2222.25; 2.0601586088; 5.0920953951
2222.50; 2.0588258893; 8.6342372325
2222.75; 2.0574841413; 12.3861222580
2223.00; 2.0561330966; 16.2941025426
2223.25; 2.0547798118; 20.2825939690
2223.50; 2.0534217831; 24.3035314221
2223.75; 2.0520645171; 28.2863575952
2224.00; 2.0507108456; 32.1709189619
2224.25; 2.0493651509; 35.8963623419
2224.50; 2.0480328981; 39.4031078761
2224.75; 2.0467157988; 42.6471150801
2225.00; 2.0454200460; 45.5788991137
2225.25; 2.0441446048; 48.1717034717
2225.50; 2.0428867448; 50.4060239177
2225.75; 2.0416550400; 52.2512242282
2226.00; 2.0404473156; 53.6948045608
2226.25; 2.0392637890; 54.7270638990
2226.50; 2.0381085917; 55.3413486140
2226.75; 2.0369806694; 55.5421581087
2227.00; 2.0358767574; 55.3402160923
2227.25; 2.0347942406; 54.7519521204
2227.50; 2.0337382529; 53.8065456629
2227.75; 2.0327101885; 52.5430259541
2228.00; 2.0317098210; 51.0078540247
2228.25; 2.0307356892; 49.2563953721
2228.50; 2.0297815397; 47.3428287440
2228.75; 2.0288423710; 45.3307040715
2229.00; 2.0279176314; 43.2969572399
2229.25; 2.0270104576; 41.3349373904
2229.50; 2.0261199025; 39.5297686038
2229.75; 2.0252414054; 37.9563160423
2230.00; 2.0243749612; 36.6919784754
2230.25; 2.0235151955; 35.7936087129
2230.50; 2.0226667159; 35.3185519330
2230.75; 2.0218274142; 35.2983944408
2231.00; 2.0209938485; 35.7482835437
2231.25; 2.0201723833; 36.6591709571
2231.50; 2.0193648706; 38.0024763519
2231.75; 2.0185678076; 39.7413407973
2232.00; 2.0177816938; 41.8195263270
2232.25; 2.0170073853; 44.1684202476
2232.50; 2.0162486429; 46.7026183486
2232.75; 2.0155065002; 49.3402170207
2233.00; 2.0147861604; 51.9829219853
2233.25; 2.0140952544; 54.5255114369
2233.50; 2.0134308775; 56.9086538522
2233.75; 2.0127906304; 59.0761800269
2234.00; 2.0121773795; 60.9597134458
2234.25; 2.0115913586; 62.5076453034
2234.50; 2.0110370371; 63.6660399049
2234.75; 2.0105162939; 64.3989562262
2235.00; 2.0100288378; 64.6828691135
2235.25; 2.0095741294; 64.5020462930
2235.50; 2.0091497319; 63.8467368516
2235.75; 2.0087567172; 62.7187584432
2236.00; 2.0083946544; 61.1285685011
2236.25; 2.0080624986; 59.0944944048
2236.50; 2.0077585292; 56.6418002344
2236.75; 2.0074801549; 53.7987181419
2237.00; 2.0072260366; 50.6168241462
2237.25; 2.0069927232; 47.1352395531
2237.50; 2.0067763203; 43.3941633807
2237.75; 2.0065737647; 39.4561216536
2238.00; 2.0063819583; 35.3935029818
2238.25; 2.0061966968; 31.2630125105
2238.50; 2.0060153311; 27.1562384546
2238.75; 2.0058329434; 23.1209319864
2239.00; 2.0056466283; 19.2481792558
2239.25; 2.0054522356; 15.5965386498
2239.50; 2.0052465265; 12.2339544462
2239.75; 2.0050270793; 9.2340528971
2240.00; 2.0047913408; 6.6498556338
2240.25; 2.0045359083; 4.5117406282
2240.50; 2.0042605665; 2.8644738542
2240.75; 2.0039644131; 1.7156295940
2241.00; 2.0036455812; 1.0555653998
2241.25; 2.0033044667; 0.8652967215
2241.50; 2.0029412590; 1.1100804030
2241.75; 2.0025549205; 1.7456284400
2242.00; 2.0021471388; 2.7169095214
2242.25; 2.0017180340; 3.9674249078
2242.50; 2.0012695462; 5.4339096676
2242.75; 2.0008022528; 7.0568055840
2243.00; 2.0003184793; 8.7747987414
2243.25; 1.9998225892; 10.5245447452
2243.50; 1.9993154912; 12.2560415911
2243.75; 1.9987985581; 13.9282915664
2244.00; 1.9982731804; 15.5049486298
2244.25; 1.9977419946; 16.9514724500
2244.50; 1.9972055478; 18.2454860290
2244.75; 1.9966633893; 19.3707178037
2245.00; 1.9961155662; 20.3137247337
2245.25; 1.9955660018; 21.0582732732
2245.50; 1.9950132973; 21.5979923103
2245.75; 1.9944589090; 21.9278503039
2246.00; 1.9939042136; 22.0509262145
2246.25; 1.9933489389; 21.9718076870
2246.50; 1.9927934004; 21.6980194643
2246.75; 1.9922361529; 21.2384482510
2247.00; 1.9916776329; 20.6119228766
2247.25; 1.9911167815; 19.8349126303
2247.50; 1.9905563535; 18.9328062347
2247.75; 1.9899983593; 17.9408295385
2248.00; 1.9894381875; 16.8823206473
2248.25; 1.9888749454; 15.7913970041
2248.50; 1.9883073179; 14.7045729938
2248.75; 1.9877371288; 13.6665147033
2249.00; 1.9871617119; 12.7147153775
2249.25; 1.9865804580; 11.8908759282
2249.50; 1.9859931905; 11.2381988337
2249.75; 1.9853951245; 10.7870564851
2250.00; 1.9847921565; 10.5788750895
2250.25; 1.9841841609; 10.6330442999
2250.50; 1.9835659985; 10.9733824338
2250.75; 1.9829436219; 11.6072042677
2251.00; 1.9823163228; 12.5482935616
2251.25; 1.9816824781; 13.7976988343
2251.50; 1.9810488358; 15.3339713668
2251.75; 1.9804125410; 17.1838432237
2252.00; 1.9797798514; 19.2772069978
2252.25; 1.9791502986; 21.5894724370
2252.50; 1.9785276487; 24.0725527392
2252.75; 1.9779155213; 26.6694118759
2253.00; 1.9773160017; 29.3426453188
2253.25; 1.9767307003; 32.0543097562
2253.50; 1.9761666494; 34.7442387646
2253.75; 1.9756233641; 37.3845587040
2254.00; 1.9751062018; 39.9196759839
2254.25; 1.9746114994; 42.3406303667
2254.50; 1.9741438526; 44.6001534106
2254.75; 1.9737076721; 46.6490654641
2255.00; 1.9733060974; 48.4510310721
2255.25; 1.9729410382; 49.9772605224
2255.50; 1.9726144064; 51.1995804859
2255.75; 1.9723258982; 52.1024067525
2256.00; 1.9720791804; 52.6588710288
2256.25; 1.9718729445; 52.8580762415
2256.50; 1.9717089881; 52.6892885262
2256.75; 1.9715880031; 52.1482853453
2257.00; 1.9715094637; 51.2348494190
2257.25; 1.9714732670; 49.9600554754
2257.50; 1.9714785974; 48.3350567109
2257.75; 1.9715244372; 46.3880296658
2258.00; 1.9716094759; 44.1489790740
2258.25; 1.9717318762; 41.6597576138
2258.50; 1.9718902600; 38.9569056644
2258.75; 1.9720813665; 36.1116994449
2259.00; 1.9723052436; 33.1467547247
2259.25; 1.9725586503; 30.1361220869
2259.50; 1.9728391557; 27.1422776694
2259.75; 1.9731442277; 24.2279298912
2260.00; 1.9734708533; 21.4553851542
2260.25; 1.9738190480; 18.8582891780
2260.50; 1.9741853438; 16.4892485713
2260.75; 1.9745687252; 14.3742671557
2261.00; 1.9749665283; 12.5393216206
2261.25; 1.9753780139; 10.9885911462
2261.50; 1.9757997419; 9.7248510114
2261.75; 1.9762316024; 8.7272919823
2262.00; 1.9766745731; 7.9652670419
2262.25; 1.9771282753; 7.4034120420
2262.50; 1.9775911199; 7.0011972954
2262.75; 1.9780659054; 6.7105253208
2263.00; 1.9785522966; 6.4820802093
2263.25; 1.9790523212; 6.2672880588
2263.50; 1.9795617005; 6.0215762351
2263.75; 1.9800821111; 5.7015789276
2264.00; 1.9806145321; 5.2683213880
2264.25; 1.9811559063; 4.6913446788
2264.50; 1.9817101257; 3.9385164221
2264.75; 1.9822736848; 2.9957267343
2265.00; 1.9828475414; 1.8458864181
2265.25; 1.9834308887; 0.4795088450
2265.50; 1.9840200912; -1.0985079788
2265.75; 1.9846178943; -2.8947423787
2266.00; 1.9852175424; -4.8818480927
2266.25; 1.9858190344; -7.0505254410
2266.50; 1.9864208184; -9.3847957078
2266.75; 1.9870219613; -11.8666596146
2267.00; 1.9876202611; -14.4679217763
2267.25; 1.9882130462; -17.1573357541
2267.50; 1.9888005424; -19.9136615905
2267.75; 1.9893773927; -22.6885301892
2268.00; 1.9899433974; -25.4537521021
2268.25; 1.9904918542; -28.1554611609
2268.50; 1.9910240207; -30.7743450535
2268.75; 1.9915358964; -33.2641244394
2269.00; 1.9920280296; -35.6004614973
2269.25; 1.9924997512; -37.7534205292
2269.50; 1.9929468495; -39.6779839095
2269.75; 1.9933646934; -41.3312977537
2270.00; 1.9937545702; -42.6979457144
2270.25; 1.9941146741; -43.7547580279
2270.50; 1.9944434660; -44.4830082091
2270.75; 1.9947411602; -44.8756768873
2271.00; 1.9950071544; -44.9285121993
2271.25; 1.9952405013; -44.6441547040
2271.50; 1.9954422730; -44.0301145988
2271.75; 1.9956122586; -43.1021156454
2272.00; 1.9957512975; -41.8792456189
2272.25; 1.9958603649; -40.3882652856
2272.50; 1.9959412937; -38.6477776499
2272.75; 1.9959952368; -36.6885587281
2273.00; 1.9960236077; -34.5544632109
2273.25; 1.9960281294; -32.2840601264
2273.50; 1.9960108049; -29.9169063932
2273.75; 1.9959736512; -27.4834044821
2274.00; 1.9959189202; -25.0272376955
2274.25; 1.9958484343; -22.5647632314
2274.50; 1.9957643511; -20.1290572708
2274.75; 1.9956685220; -17.7467746283
2275.00; 1.9955631345; -15.4501278144
2275.25; 1.9954503750; -13.2521349412
2275.50; 1.9953325372; -11.1765957526
2275.75; 1.9952107163; -9.2241930437
2276.00; 1.9950867414; -7.4069377679
2276.25; 1.9949618849; -5.7242884787
2276.50; 1.9948384027; -4.1937955584
2276.75; 1.9947166979; -2.8037383374
2277.00; 1.9945986575; -1.5648956645
2277.25; 1.9944846843; -0.4659847724
2277.50; 1.9943752608; 0.5044718304
2277.75; 1.9942713770; 1.3552225415
2278.00; 1.9941739724; 2.0990374071
2278.25; 1.9940835802; 2.7553462569
2278.50; 1.9939997219; 3.3542089951
2278.75; 1.9939229611; 3.9213649376
2279.00; 1.9938536263; 4.4876627601
2279.25; 1.9937922098; 5.0872954435
2279.50; 1.9937387885; 5.7580376894
2279.75; 1.9936939033; 6.5348352430
2280.00; 1.9936578998; 7.4569836192
2280.25; 1.9936314902; 8.5570004605
2280.50; 1.9936155520; 9.8607406290
2280.75; 1.9936110232; 11.3935954557
2281.00; 1.9936190908; 13.1599405775
2281.25; 1.9936412552; 15.1880548652
2281.50; 1.9936792199; 17.4755580182
2281.75; 1.9937348119; 20.0049253723
2282.00; 1.9938101092; 22.7526301567
2282.25; 1.9939078059; 25.7013913739
2282.50; 1.9940307207; 28.8173431344
2282.75; 1.9941806583; 32.0342285846
2283.00; 1.9943602084; 35.3002004150
2283.25; 1.9945732552; 38.5818897527
2283.50; 1.9948224869; 41.8216010233
2283.75; 1.9951098890; 44.9540188457
2284.00; 1.9954389481; 47.9349389679
2284.25; 1.9958129917; 50.7173212068
2284.50; 1.9962348859; 53.2574243146
2284.75; 1.9967058117; 55.5051715048
2285.00; 1.9972287230; 57.4266784363
2285.25; 1.9978034828; 58.9835768134
2285.50; 1.9984315265; 60.1495408951
2285.75; 1.9991197647; 60.9135173030
2286.00; 1.9998592621; 61.2527985247
2286.25; 2.0006546455; 61.1637443540
2286.50; 2.0015040013; 60.6458543001
2286.75; 2.0024117177; 59.7029397161
2287.00; 2.0033798650; 58.3452344554
2287.25; 2.0044006769; 56.6039908340
2287.50; 2.0054736157; 54.5082246195
2287.75; 2.0065995010; 52.0898917213
2288.00; 2.0077752351; 49.3965833814
2288.25; 2.0090011887; 46.4743889929
2288.50; 2.0102723864; 43.3864753216
2288.75; 2.0115858658; 40.1956791186
2289.00; 2.0129318704; 36.9834528749
2289.25; 2.0143185966; 33.7886457476
2289.50; 2.0157435241; 30.6745365488
2289.75; 2.0171978318; 27.7141245828
2290.00; 2.0186847568; 24.9472495872
2290.25; 2.0201980343; 22.4238651342
2290.50; 2.0217343360; 20.1788233112
2290.75; 2.0232859787; 18.2398006348
2291.00; 2.0248628811; 16.5993104581
2291.25; 2.0264688575; 15.2481952193
2291.50; 2.0280994668; 14.1734473316
2291.75; 2.0297453114; 13.3525432206
2292.00; 2.0314081739; 12.7462734336
2292.25; 2.0330934753; 12.3077454170
2292.50; 2.0347958027; 11.9884293354
2292.75; 2.0365078999; 11.7364794396
2293.00; 2.0382275711; 11.4962230019
2293.25; 2.0399572037; 11.2151823499
2293.50; 2.0417024354; 10.8433757090
2293.75; 2.0434659256; 10.3337582370
2294.00; 2.0452441958; 9.6454637733
2294.25; 2.0470417116; 8.7404345385
2294.50; 2.0488510905; 7.5920277172
2294.75; 2.0506773932; 6.1731546620
2295.00; 2.0525194607; 4.4671598422
2295.25; 2.0543759648; 2.4646069903
2295.50; 2.0562403489; 0.1686921327
2295.75; 2.0581180768; -2.4251646493
2296.00; 2.0600048549; -5.3016683121
2296.25; 2.0619033568; -8.4490638223
2296.50; 2.0637934646; -11.8109564969
2296.75; 2.0656861759; -15.3772212461
2297.00; 2.0675680653; -19.0871269829
2297.25; 2.0694375072; -22.8964431931
2297.50; 2.0712936122; -26.7573067034
2297.75; 2.0731346827; -30.6169446837
2298.00; 2.0749536365; -34.4094628353
2298.25; 2.0767421513; -38.0662034404
2298.50; 2.0785040940; -41.5441872996
2298.75; 2.0802345417; -44.7851819937
2299.00; 2.0819319819; -47.7422019946
2299.25; 2.0836001848; -50.3829524045
2299.50; 2.0852256400; -52.6552846273
2299.75; 2.0868097822; -54.5401097919
2300.00; 2.0883543157; -56.0271362380
2300.25; 2.0898627281; -57.1159349109
2300.50; 2.0913324971; -57.8099773669
2300.75; 2.0927640152; -58.1263396124
2301.00; 2.0941545025; -58.0817843456
2301.25; 2.0955018135; -57.7095222231
2301.50; 2.0968087574; -57.0447254353
2301.75; 2.0980662006; -56.1320513241
2302.00; 2.0992841130; -55.0076270656
2302.25; 2.1004693445; -53.7088285223
2302.50; 2.1016150220; -52.2876313888
2302.75; 2.1027202586; -50.7895483475
2303.00; 2.1037901193; -49.2507644172
2303.25; 2.1048198554; -47.7166622803
2303.50; 2.1058177524; -46.2170442327
2303.75; 2.1067848633; -44.7835863648
2304.00; 2.1077199311; -43.4499994633
2304.25; 2.1086235549; -42.2449455540
2304.50; 2.1094935156; -41.1952725720
2304.75; 2.1103332193; -40.3160253116
2305.00; 2.1111516242; -39.6136869463
2305.25; 2.1119432077; -39.1043948211
2305.50; 2.1127087002; -38.7930790370
2305.75; 2.1134479318; -38.6801637394
2306.00; 2.1141628213; -38.7608759731
2306.25; 2.1148552207; -39.0268504388
2306.50; 2.1155219430; -39.4632038692
2306.75; 2.1161625191; -40.0505968963
2307.00; 2.1167766683; -40.7665990837
2307.25; 2.1173659168; -41.5880700033
2307.50; 2.1179318573; -42.4922383818
2307.75; 2.1184679828; -43.4352001122
2308.00; 2.1189740950; -44.3854282570
2308.25; 2.1194500796; -45.3137122836
2308.50; 2.1198965663; -46.1934232619
2308.75; 2.1203128028; -46.9945115340
2309.00; 2.1206978798; -47.6905829735
2309.25; 2.1210502653; -48.2580882875
2309.50; 2.1213706704; -48.6814970827
2309.75; 2.1216588643; -48.9481809320
2310.00; 2.1219144414; -49.0495895845
2310.25; 2.1221384721; -48.9834749965
2310.50; 2.1223305959; -48.7492998242
2310.75; 2.1224891031; -48.3563084402
2311.00; 2.1226152817; -47.8095955829
2311.25; 2.1227092009; -47.1223142409
2311.50; 2.1227712416; -46.3036677010
2311.75; 2.1228019697; -45.3692106945
2312.00; 2.1228020686; -44.3349719448
2312.25; 2.1227723552; -43.2064412906
2312.50; 2.1227134303; -41.9898037862
2312.75; 2.1226263892; -40.7014788821
2313.00; 2.1225122203; -39.3548972655
2313.25; 2.1223723394; -37.9682931527
2313.50; 2.1222074909; -36.5529895663
2313.75; 2.1220184487; -35.1220792342
2314.00; 2.1218068315; -33.6960887185
2314.25; 2.1215730418; -32.2883086266
2314.50; 2.1213197183; -30.9266026745
2314.75; 2.1210481858; -29.6307505687
2315.00; 2.1207551614; -28.3991987195
2315.25; 2.1204443807; -27.2621678778
2315.50; 2.1201162064; -26.2361141953
2315.75; 2.1197730088; -25.3395617570
2316.00; 2.1194163408; -24.5872612276
2316.25; 2.1190441329; -23.9814627010
2316.50; 2.1186592577; -23.5320444724
2316.75; 2.1182617189; -23.2392808114
2317.00; 2.1178496981; -23.0983991526
2317.25; 2.1174230492; -23.1014884077
2317.50; 2.1169845532; -23.2355350580
2317.75; 2.1165329035; -23.4837844791
2318.00; 2.1160672593; -23.8260534357
2318.25; 2.1155879241; -24.2381387320
2318.50; 2.1150943112; -24.6958401151
2318.75; 2.1145845742; -25.1751188050
2319.00; 2.1140596032; -25.6500196654
2319.25; 2.1135148888; -26.1004028788
2319.50; 2.1129522314; -26.5034790642
2319.75; 2.1123729692; -26.8405634731
2320.00; 2.1117782536; -27.0976078930
2320.25; 2.1111676941; -27.2657802728
2320.50; 2.1105378741; -27.3422341495
2320.75; 2.1098905881; -27.3259375379
2321.00; 2.1092187952; -27.2186201158
2321.25; 2.1085329838; -27.0280224685
2321.50; 2.1078282575; -26.7616628994
2321.75; 2.1071080387; -26.4315899665
2322.00; 2.1063683304; -26.0492526151
2322.25; 2.1056112986; -25.6303849008
2322.50; 2.1048395156; -25.1925646460
2322.75; 2.1040542293; -24.7533522878
2323.00; 2.1032533684; -24.3295383222
2323.25; 2.1024379697; -23.9412220207
2323.50; 2.1016108432; -23.6099218323
2323.75; 2.1007661772; -23.3540507460
2324.00; 2.0999091156; -23.1955927780
2324.25; 2.0990396615; -23.1541982573
2324.50; 2.0981589106; -23.2480978752
2324.75; 2.0972655575; -23.4936179914
2325.00; 2.0963594343; -23.9041451295
2325.25; 2.0954425183; -24.4888631858
2325.50; 2.0945086607; -25.2579412611
2325.75; 2.0935571176; -26.2145274740
2326.00; 2.0925887313; -27.3544457256
2326.25; 2.0916086103; -28.6628588737
2326.50; 2.0906050160; -30.1443270463
2326.75; 2.0895786931; -31.7787882745
2327.00; 2.0885310152; -33.5388916967
2327.25; 2.0874595562; -35.4015342750
2327.50; 2.0863590648; -37.3442877156
2327.75; 2.0852272809; -39.3375870187
2328.00; 2.0840621491; -41.3488840939
2328.25; 2.0828627062; -43.3433793520
2328.50; 2.0816299458; -45.2838494920
2328.75; 2.0803615596; -47.1405112227
2329.00; 2.0790573261; -48.8833766190
2329.25; 2.0777111972; -50.4936046664
2329.50; 2.0763235699; -51.9476348287
2329.75; 2.0748808338; -53.2396393654
2330.00; 2.0733953176; -54.3425736214
2330.25; 2.0718620170; -55.2495356774
2330.50; 2.0702959321; -55.9442448472
2330.75; 2.0686831626; -56.4273590032
2331.00; 2.0670188188; -56.6950334187
2331.25; 2.0653007613; -56.7448343397
2331.50; 2.0635396812; -56.5738458151
2331.75; 2.0617355806; -56.1809794371
2332.00; 2.0598852130; -55.5645333551
2332.25; 2.0579877490; -54.7243960625
2332.50; 2.0560345519; -53.6579934066
2332.75; 2.0540378943; -52.3708814067
2333.00; 2.0519926876; -50.8628484669
2333.25; 2.0499066534; -49.1446862467
2333.50; 2.0477778832; -47.2235555000
2333.75; 2.0456170069; -45.1190239317
2334.00; 2.0434011764; -42.8206969802
2334.25; 2.0411494266; -40.3630962256
2334.50; 2.0388650872; -37.7669475318
2334.75; 2.0365565404; -35.0616907797
2335.00; 2.0342141359; -32.2583794712
2335.25; 2.0318259914; -29.3642254872
2335.50; 2.0294167486; -26.4308837089
2335.75; 2.0269695185; -23.4605562318
2336.00; 2.0244968877; -20.4867547691
2336.25; 2.0220093831; -17.5406617845
2336.50; 2.0194830708; -14.6095526977
2336.75; 2.0169377252; -11.7280435028
2337.00; 2.0143813262; -8.9140652612
2337.25; 2.0118099971; -6.1684411208
2337.50; 2.0092268539; -3.4962622292
2337.75; 2.0066382888; -0.9015717150
2338.00; 2.0040399739; 1.6258389031
2338.25; 2.0014300342; 4.0966719098
2338.50; 1.9988306263; 6.5017846488
2338.75; 1.9962388810; 8.8577968414
2339.00; 1.9936535913; 11.1815011049
2339.25; 1.9910758328; 13.4896481040
2339.50; 1.9884960771; 15.8101324852
2339.75; 1.9859181033; 18.1597379091
2340.00; 1.9833546430; 20.5476017657
2340.25; 1.9808034027; 22.9962460051
2340.50; 1.9782561512; 25.5341372723
2340.75; 1.9757238594; 28.1701452383
2341.00; 1.9732052326; 30.9224505975
2341.25; 1.9707096858; 33.7979836206
2341.50; 1.9682537388; 36.7907261183
2341.75; 1.9658255922; 39.9246093512
2342.00; 1.9634186447; 43.2149430919
2342.25; 1.9610441878; 46.6484499997
2342.50; 1.9587030513; 50.2220049289
2342.75; 1.9563989985; 53.9230223631
2343.00; 1.9541279549; 57.7466428458
2343.25; 1.9518996374; 61.6603238498
2343.50; 1.9497348955; 65.6050765592
2343.75; 1.9476163015; 69.5865522651
2344.00; 1.9455467583; 73.5703264115
2344.25; 1.9435335720; 77.5096831660
2344.50; 1.9415840397; 81.3568166325
2344.75; 1.9396964696; 85.0802576349
2345.00; 1.9378813304; 88.6249622145
2345.25; 1.9361323330; 91.9698850412
2345.50; 1.9344547648; 95.0734678113
2345.75; 1.9328536072; 97.8982451151
2346.00; 1.9313395799; 100.4023611627
2346.25; 1.9299118738; 102.5669803371
2346.50; 1.9285661582; 104.3846714163
2346.75; 1.9273019405; 105.8451206784
2347.00; 1.9261299435; 106.9375278782
2347.25; 1.9250438445; 107.6700625837
2347.50; 1.9240386027; 108.0542800018
2347.75; 1.9231090983; 108.1039562266
2348.00; 1.9222674702; 107.8364824430
2348.25; 1.9215138362; 107.2769572994
2348.50; 1.9208449363; 106.4533613925
2348.75; 1.9202617826; 105.3934950682
2349.00; 1.9197650475; 104.1345905496
2349.25; 1.9193477364; 102.6921514286
2349.50; 1.9190102500; 101.0989901688
2349.75; 1.9187513144; 99.3810655833
2350.00; 1.9185705723; 97.5696099815
2350.25; 1.9184659872; 95.6807993984
2350.50; 1.9184358848; 93.7306551960
2350.75; 1.9184787153; 91.7306020152
2351.00; 1.9185926343; 89.6980500552
2351.25; 1.9187764074; 87.6312682699
2351.50; 1.9190271722; 85.5469606584
2351.75; 1.9193427971; 83.4514896846
2352.00; 1.9197224616; 81.3356249513
2352.25; 1.9201623726; 79.2069533602
2352.50; 1.9206613774; 77.0571114352
2352.75; 1.9212156600; 74.8886191974
2353.00; 1.9218277222; 72.6766692959
2353.25; 1.9224945648; 70.4165314433
2353.50; 1.9232169503; 68.0900403169
2353.75; 1.9239889207; 65.7003222718
2354.00; 1.9248125110; 63.2250612880
2354.25; 1.9256839603; 60.6603565893
2354.50; 1.9265973987; 58.0092214742
2354.75; 1.9275529229; 55.2589713659
2355.00; 1.9285527214; 52.3936200762
2355.25; 1.9295827422; 49.4463345862
2355.50; 1.9306480061; 46.3985224434
2355.75; 1.9317403302; 43.2733316970
2356.00; 1.9328611253; 40.0697419439
2356.25; 1.9340075848; 36.8022800548
2356.50; 1.9351788006; 33.4830031419
2356.75; 1.9363692577; 30.1390067661
2357.00; 1.9375743491; 26.7987305474
2357.25; 1.9387918030; 23.4847217400
2357.50; 1.9400175554; 20.2255914105
2357.75; 1.9412605167; 17.0170966175
2358.00; 1.9425074249; 13.9135666321
2358.25; 1.9437615852; 10.9260438040
2358.50; 1.9450167380; 8.0884042996
2358.75; 1.9462672939; 5.4308002738
2359.00; 1.9475167832; 2.9620092088
2359.25; 1.9487635978; 0.7004577455
2359.50; 1.9500051223; -1.3357079374
2359.75; 1.9512383370; -3.1308253478
2360.00; 1.9524667424; -4.6808226989
2360.25; 1.9536821088; -5.9693210828
2360.50; 1.9548846045; -6.9923802158
2360.75; 1.9560782705; -7.7521600782
2361.00; 1.9572593329; -8.2467564390
2361.25; 1.9584325710; -8.4817722370
2361.50; 1.9595869676; -8.4625922580
2361.75; 1.9607312474; -8.1996419546
2362.00; 1.9618669133; -7.7049174872
2362.25; 1.9629923289; -6.9961721300
2362.50; 1.9641127700; -6.0900630578
2362.75; 1.9652290537; -5.0086494577
2363.00; 1.9663313320; -3.7877756913
2363.25; 1.9674260295; -2.4494026491
2363.50; 1.9685188034; -1.0166269935
2363.75; 1.9696077267; 0.4769317244
2364.00; 1.9706909040; 1.9974000607
2364.25; 1.9717680970; 3.5140017324
2364.50; 1.9728511464; 5.0148372909
2364.75; 1.9739374838; 6.4696065279
2365.00; 1.9750240858; 7.8509997897
2365.25; 1.9761176510; 9.1480081616
2365.50; 1.9772120786; 10.3371240646
2365.75; 1.9783143846; 11.4134399066
2366.00; 1.9794251939; 12.3714631559
2366.25; 1.9805438243; 13.2064910101
2366.50; 1.9816761208; 13.9237078778
2366.75; 1.9828220978; 14.5278075500
2367.00; 1.9839849885; 15.0291363360
2367.25; 1.9851624806; 15.4391215248
2367.50; 1.9863526603; 15.7731913259
2367.75; 1.9875554047; 16.0498107164
2368.00; 1.9887733278; 16.2917583543
2368.25; 1.9900104164; 16.5234762429
2368.50; 1.9912575786; 16.7676018851
2368.75; 1.9925207844; 17.0494564434
2369.00; 1.9938087548; 17.3947106803
2369.25; 1.9951203524; 17.8252996225
2369.50; 1.9964572868; 18.3614647501
2369.75; 1.9978145770; 19.0172206499
2370.00; 1.9991931354; 19.8044464330
2370.25; 2.0005923188; 20.7296963310
2370.50; 2.0020164408; 21.7978787721
2370.75; 2.0034695174; 23.0092776108
2371.00; 2.0049558635; 24.3593727643
2371.25; 2.0064699078; 25.8306361488
2371.50; 2.0080182296; 27.4118101031
2371.75; 2.0096019750; 29.0810073769
2372.00; 2.0112229850; 30.8122011120
2372.25; 2.0128675649; 32.5584622629
2372.50; 2.0145445599; 34.2938781276
2372.75; 2.0162635549; 35.9894996878
2373.00; 2.0180162876; 37.5964322381
2373.25; 2.0198104200; 39.0794277469
2373.50; 2.0216501578; 40.3998892043
2373.75; 2.0235386636; 41.5176653255
2374.00; 2.0254816449; 42.3944007083
2374.25; 2.0274771824; 42.9900733841
2374.50; 2.0295222307; 43.2684367643
2374.75; 2.0316135155; 43.1987250965
2375.00; 2.0337492702; 42.7570879713
2375.25; 2.0359361724; 41.9233705449
2375.50; 2.0381733696; 40.6852502861
2375.75; 2.0404681812; 39.0326318078
2376.00; 2.0428094578; 36.9749191637
2376.25; 2.0451983646; 34.5205804260
2376.50; 2.0476380501; 31.6825920357
2376.75; 2.0501232308; 28.4904066990
2377.00; 2.0526332703; 25.0016644370
2377.25; 2.0551788372; 21.2392062157
2377.50; 2.0577650479; 17.2377208085
2377.75; 2.0603760663; 13.0674130979
2378.00; 2.0630097085; 8.7798704831
2378.25; 2.0656684681; 4.4179483800
2378.50; 2.0683523192; 0.0282734318
2378.75; 2.0710628456; -4.3479843170
2379.00; 2.0737934701; -8.6607037680
2379.25; 2.0765372076; -12.8649260894
2379.50; 2.0792805680; -16.9128183858
2379.75; 2.0820362781; -20.8027813237
2380.00; 2.0848100679; -24.5284137789
2380.25; 2.0875889105; -28.0639973190
2380.50; 2.0903756362; -31.4120331140
2380.75; 2.0931691888; -34.5718996261
2381.00; 2.0959764201; -37.5592298111
2381.25; 2.0987664305; -40.3527075697
2381.50; 2.1015584254; -42.9877537962
2381.75; 2.1043421967; -45.4740360472
2382.00; 2.1071288658; -47.8439950121
2382.25; 2.1099051735; -50.1119530760
2382.50; 2.1126717345; -52.3073599442
2382.75; 2.1154253312; -54.4595761524
2383.00; 2.1181737579; -56.6053450722
2383.25; 2.1208956875; -58.7654713095
2383.50; 2.1236060711; -60.9839144097
2383.75; 2.1263003815; -63.2900372130
2384.00; 2.1289695848; -65.7069340253
2384.25; 2.1316082747; -68.2564718161
2384.50; 2.1342241412; -70.9685467262
2384.75; 2.1368133443; -73.8565598006
2385.00; 2.1393751764; -76.9312026077
2385.25; 2.1419080993; -80.1935843775
2385.50; 2.1444091046; -83.6383804838
2385.75; 2.1468680961; -87.2409311576
2386.00; 2.1493039881; -91.0112272980
2386.25; 2.1517016879; -94.9001190393
2386.50; 2.1540518773; -98.8591356454
2386.75; 2.1563510357; -102.8415147635
2387.00; 2.1585980615; -106.7993921923
2387.25; 2.1607869734; -110.6719166268
2387.50; 2.1629268489; -114.4220395023
2387.75; 2.1650123425; -117.9861803434
2388.00; 2.1670401014; -121.3054186605
2388.25; 2.1690105187; -124.3302657371
2388.50; 2.1709172449; -127.0065794005
2388.75; 2.1727558243; -129.2917086069
2389.00; 2.1745343350; -131.1673419961
2389.25; 2.1762393153; -132.6011375303
2389.50; 2.1778729023; -133.5879690174
2389.75; 2.1794369655; -134.1335752852
2390.00; 2.1809308225; -134.2492633714
2390.25; 2.1823519406; -133.9558605859
2390.50; 2.1836992513; -133.2825837697
2390.75; 2.1849750893; -132.2629607176
2391.00; 2.1861863052; -130.9295026831
2391.25; 2.1873343447; -129.3215461469
2391.50; 2.1884183913; -127.4818052212
2391.75; 2.1894342955; -125.4624153075
2392.00; 2.1903864463; -123.3016755332
2392.25; 2.1912794067; -121.0358599163
2392.50; 2.1921161391; -118.7031033430
2392.75; 2.1928959651; -116.3508194513
2393.00; 2.1936213712; -114.0169695616
2393.25; 2.1942959585; -111.7339765483
2393.50; 2.1949241478; -109.5284995427
2393.75; 2.1955054750; -107.4413228037
2394.00; 2.1960408822; -105.5050905855
2394.25; 2.1965324140; -103.7450830054
2394.50; 2.1969814541; -102.1831646654
2394.75; 2.1973894755; -100.8333296077
2395.00; 2.1977582619; -99.7030645494
2395.25; 2.1980875257; -98.7992018507
2395.50; 2.1983785156; -98.1158505709
2395.75; 2.1986322901; -97.6397605477
2396.00; 2.1988506628; -97.3483761144
2396.25; 2.1990330391; -97.2150297297
2396.50; 2.1991808324; -97.2033897125
2396.75; 2.1992936135; -97.2711958347
2397.00; 2.1993709787; -97.3688428203
2397.25; 2.1994129377; -97.4427639809
2397.50; 2.1994194486; -97.4375902195
2397.75; 2.1993907290; -97.2991645930
2398.00; 2.1993268394; -96.9745472145
2398.25; 2.1992282766; -96.4187388100
2398.50; 2.1990953638; -95.5960450447
2398.75; 2.1989295574; -94.4829549026
2399.00; 2.1987314622; -93.0612464901
2399.25; 2.1985027558; -91.3312224596
2399.50; 2.1982446839; -89.2999883527
2399.75; 2.1979596049; -86.9913144106
2400.00; 2.1976484018; -84.4242793904
2400.25; 2.1973133255; -81.6345209974
2400.50; 2.1969576570; -78.6687928783
2400.75; 2.1965843099; -75.5721944552
2401.00; 2.1961958295; -72.3867838312
2401.25; 2.1957961674; -69.1652211577
2401.50; 2.1953877919; -65.9464203630
2401.75; 2.1949745790; -62.7785124303
2402.00; 2.1945577251; -59.6873927651
2402.25; 2.1941395523; -56.7070384159
2402.50; 2.1937221961; -53.8697985087
2402.75; 2.1933093199; -51.2175612081
2403.00; 2.1929021129; -48.7755679912
2403.25; 2.1925026670; -46.5749001948
2403.50; 2.1921120825; -44.6396234034
2403.75; 2.1917318317; -42.9935321777
2404.00; 2.1913651126; -41.6700342094
2404.25; 2.1910117279; -40.6843599092
2404.50; 2.1906741978; -40.0557604153
2404.75; 2.1903514059; -39.7895072184
2405.00; 2.1900440956; -39.8873164121
2405.25; 2.1897516471; -40.3424486732
2405.50; 2.1894737732; -41.1394662726
2405.75; 2.1892101689; -42.2513464554
2406.00; 2.1889588791; -43.6482184086
2406.25; 2.1887180044; -45.2914282048
2406.50; 2.1884873822; -47.1210577408
2406.75; 2.1882646549; -49.0854418597
2407.00; 2.1880475854; -51.1295429763
2407.25; 2.1878345186; -53.1859386282
2407.50; 2.1876238622; -55.1883894073
2407.75; 2.1874133385; -57.0817165354
2408.00; 2.1872021975; -58.8034706693
2408.25; 2.1869877278; -60.3198643955
2408.50; 2.1867692105; -61.5950053493
2408.75; 2.1865452570; -62.6123147668
2409.00; 2.1863140612; -63.3710935318
2409.25; 2.1860721429; -63.8870326700
2409.50; 2.1858224168; -64.1711079364
2409.75; 2.1855644892; -64.2515082865
2410.00; 2.1852956548; -64.1629819949
2410.25; 2.1850157704; -63.9431683503
2410.50; 2.1847259860; -63.6321809113
2410.75; 2.1844254330; -63.2676135106
2411.00; 2.1841153712; -62.8874473035
2411.25; 2.1837951941; -62.5240214305
2411.50; 2.1834628988; -62.2067553999
2411.75; 2.1831183156; -61.9652270426
2412.00; 2.1827626704; -61.8262797187
2412.25; 2.1823938019; -61.8117509319
2412.50; 2.1820137897; -61.9415118406
2412.75; 2.1816191291; -62.2324844581
2413.00; 2.1812088500; -62.7039018836
2413.25; 2.1807829668; -63.3695404153
2413.50; 2.1803415864; -64.2387272851
2413.75; 2.1798833582; -65.3189932185
2414.00; 2.1794082963; -66.6097139806
2414.25; 2.1789118543; -68.1171532719
2414.50; 2.1783940702; -69.8284649258
2414.75; 2.1778520250; -71.7327481719
2415.00; 2.1772805657; -73.8203574632
2415.25; 2.1766818919; -76.0472201649
2415.50; 2.1760474322; -78.4012259118
2415.75; 2.1753812133; -80.8158040419
2416.00; 2.1746802062; -83.2433188505
2416.25; 2.1739408203; -85.6318830758
2416.50; 2.1731628595; -87.9146090785
2416.75; 2.1723414984; -90.0363104152
2417.00; 2.1714740499; -91.9346767669
2417.25; 2.1705593185; -93.5464036547
2417.50; 2.1695962453; -94.8141996596
2417.75; 2.1685887453; -95.6844605232
2418.00; 2.1675278312; -96.1270280558
2418.25; 2.1664154807; -96.1140272125
2418.50; 2.1652499306; -95.6322839867
2418.75; 2.1640309855; -94.6833751538
2419.00; 2.1627579395; -93.2814267073
2419.25; 2.1614320103; -91.4554982536
2419.50; 2.1600551265; -89.2435597721
2419.75; 2.1586271165; -86.6866770321
2420.00; 2.1571486425; -83.8323022922
2420.25; 2.1556257746; -80.7436360197
2420.50; 2.1540588751; -77.4707654966
2420.75; 2.1524494858; -74.0652788554
2421.00; 2.1507987003; -70.5751162944
2421.25; 2.1491152067; -67.0609391329
2421.50; 2.1474028544; -63.5691442593
2421.75; 2.1456635040; -60.1383088955
2422.00; 2.1438935320; -56.7923708449
2422.25; 2.1420949071; -53.5633584030
2422.50; 2.1402747488; -50.4894168710
2422.75; 2.1384269803; -47.5831013688
2423.00; 2.1365566948; -44.8728652158
2423.25; 2.1346703109; -42.3848415464
2423.50; 2.1327632790; -40.1269839252
2423.75; 2.1308389094; -38.1138722989
2424.00; 2.1289030719; -36.3576219399
2424.25; 2.1269646536; -34.8667094505
2424.50; 2.1250095741; -33.6250080712
2424.75; 2.1230410834; -32.6246257458
2425.00; 2.1210580352; -31.8473751851
2425.25; 2.1190687837; -31.2698754952
2425.50; 2.1170739497; -30.8595846241
2425.75; 2.1150676673; -30.5737329866
2426.00; 2.1130597577; -30.3644647969
2426.25; 2.1110527245; -30.1757934925
2426.50; 2.1090331598; -29.9462182283
2426.75; 2.1070098258; -29.6134735732
2427.00; 2.1049775478; -29.1135385089
2427.25; 2.1029457099; -28.3881061551
2427.50; 2.1009016352; -27.3775785169
2427.75; 2.0988410430; -26.0326719307
2428.00; 2.0967695460; -24.3211345298
2428.25; 2.0946915223; -22.2236750183
2428.50; 2.0926080585; -19.7339436902
2428.75; 2.0905163930; -16.8555032195
2429.00; 2.0884291495; -13.6265190791
2429.25; 2.0863506691; -10.0878533171
2429.50; 2.0842838011; -6.2876882785
2429.75; 2.0822242144; -2.2674701614
2430.00; 2.0801744025; 1.9153298484
2430.25; 2.0781305804; 6.2137547338
2430.50; 2.0760958577; 10.5689514386
2430.75; 2.0740917092; 14.8852506694
2431.00; 2.0721103798; 19.1339630641
2431.25; 2.0701668484; 23.2419867246
2431.50; 2.0682549571; 27.1876225390
2431.75; 2.0663777697; 30.9351566247
2432.00; 2.0645349432; 34.4598509814
2432.25; 2.0627294252; 37.7355568308
2432.50; 2.0609759027; 40.7169117522
2432.75; 2.0592648647; 43.4054648242
2433.00; 2.0576028747; 45.7798219126
2433.25; 2.0559920587; 47.8273587076
2433.50; 2.0544297974; 49.5440539050
2433.75; 2.0529110061; 50.9314491727
2434.00; 2.0514370961; 51.9869727923
2434.25; 2.0500196028; 52.7055544150
2434.50; 2.0486477434; 53.1006745014
2434.75; 2.0473274449; 53.1834320804
2435.00; 2.0460549706; 52.9727172763
2435.25; 2.0448313818; 52.4921808676
2435.50; 2.0436552572; 51.7717384153
2435.75; 2.0425316795; 50.8481994098
2436.00; 2.0414573377; 49.7608751197
2436.25; 2.0404285872; 48.5522771412
2436.50; 2.0394461343; 47.2695029398
2436.75; 2.0385048474; 45.9546369404
2437.00; 2.0376060434; 44.6544794048
2437.25; 2.0367447840; 43.4029134510
2437.50; 2.0359236868; 42.2378426355
2437.75; 2.0351396968; 41.1816550714
2438.00; 2.0343923375; 40.2516720015
2438.25; 2.0336760623; 39.4489969528
2438.50; 2.0329906711; 38.7724308458
2438.75; 2.0323324074; 38.2088119895
2439.00; 2.0317072579; 37.7465416072
2439.25; 2.0311111832; 37.3607179528
2439.50; 2.0305419003; 37.0270466365
2439.75; 2.0299980711; 36.7196580651
2440.00; 2.0294808850; 36.4151910733
2440.25; 2.0289877277; 36.0901857211
2440.50; 2.0285179247; 35.7228959901
2440.75; 2.0280696387; 35.2981572361
2441.00; 2.0276424496; 34.8041901211
2441.25; 2.0272336811; 34.2275272406
2441.50; 2.0268426192; 33.5595948277
2441.75; 2.0264693240; 32.7945289504
2442.00; 2.0261111615; 31.9224147590
2442.25; 2.0257686976; 30.9415969258
2442.50; 2.0254401392; 29.8454541214
2442.75; 2.0251246905; 28.6311069365
2443.00; 2.0248208892; 27.2945393604
2443.25; 2.0245265970; 25.8280754582
2443.50; 2.0242399751; 24.2282844824
2443.75; 2.0239582399; 22.4890552816
2444.00; 2.0236789999; 20.6095076989
2444.25; 2.0234018413; 18.6058605613
2444.50; 2.0231237143; 16.4813404447
2444.75; 2.0228428062; 14.2534992125
2445.00; 2.0225584652; 11.9546185625
2445.25; 2.0222671859; 9.5988455822
2445.50; 2.0219659756; 7.2079041168
2445.75; 2.0216521948; 4.8108121948
2446.00; 2.0213220112; 2.4319421363
2446.25; 2.0209742056; 0.1154748729
2446.50; 2.0206077473; -2.0948721410
2446.75; 2.0202215404; -4.1601842847
2447.00; 2.0198096975; -6.0694539005
2447.25; 2.0193711945; -7.7895808557
2447.50; 2.0189047420; -9.2946588345
2447.75; 2.0184107142; -10.5620322490
2448.00; 2.0178870605; -11.5866562256
2448.25; 2.0173337297; -12.3645500707
2448.50; 2.0167491284; -12.8961292765
2448.75; 2.0161303480; -13.1904917644
2449.00; 2.0154800167; -13.2571306700
2449.25; 2.0147964148; -13.1093163386
2449.50; 2.0140800888; -12.7617546829
2449.75; 2.0133338055; -12.2320090242
2450.00; 2.0125512288; -11.5293284642
2450.25; 2.0117329909; -10.6642574388
2450.50; 2.0108796569; -9.6465742392
2450.75; 2.0099922816; -8.4852843357
2451.00; 2.0090727582; -7.1878436932
2451.25; 2.0081226373; -5.7594006989
2451.50; 2.0071395529; -4.1988198396
2451.75; 2.0061284693; -2.5169667117
2452.00; 2.0050887876; -0.7163127395
2452.25; 2.0040235955; 1.1939836485
2452.50; 2.0029323596; 3.2155613885
2452.75; 2.0018217716; 5.3259492888
2453.00; 2.0006889413; 7.5214097223
2453.25; 1.9995341406; 9.7939461116
2453.50; 1.9983614551; 12.1271325160
2453.75; 1.9971775225; 14.4990884687
2454.00; 1.9959788393; 16.9089299250
2454.25; 1.9947722192; 19.3351288783
2454.50; 1.9935588009; 21.7704232650
2454.75; 1.9923391376; 24.2116918195
2455.00; 1.9911132700; 26.6583659301
2455.25; 1.9898845225; 29.1057542137
2455.50; 1.9886534399; 31.5571404686
2455.75; 1.9874235603; 34.0123174373
2456.00; 1.9861982752; 36.4731827643
2456.25; 1.9849796455; 38.9460815177
2456.50; 1.9837733081; 41.4303557639
2456.75; 1.9825741551; 43.9464388154
2457.00; 1.9813857395; 46.4974064827
2457.25; 1.9802119777; 49.0830897761
2457.50; 1.9790583379; 51.6954528895
2457.75; 1.9779203020; 54.3456838429
2458.00; 1.9767984836; 57.0299090804
2458.25; 1.9756992826; 59.7267985191
2458.50; 1.9746292071; 62.4106542602
2458.75; 1.9735801178; 65.0895120071
2459.00; 1.9725624317; 67.7220121282
2459.25; 1.9715750534; 70.2976344424
2459.50; 1.9706209892; 72.7949148756
2459.75; 1.9697049625; 75.1922638464
2460.00; 1.9688250465; 77.4846732021
2460.25; 1.9679794623; 79.6719948479
2460.50; 1.9671754320; 81.7323811829
2460.75; 1.9664135910; 83.6674910757
2461.00; 1.9656932610; 85.4824346827
2461.25; 1.9650190652; 87.1630083604
2461.50; 1.9643927682; 88.7083855773
2461.75; 1.9638133856; 90.1246167479
2462.00; 1.9632845321; 91.4058097864
2462.25; 1.9628057040; 92.5532201788
2462.50; 1.9623804187; 93.5574388051
2462.75; 1.9620075731; 94.4189459415
2463.00; 1.9616890639; 95.1269972437
2463.25; 1.9614261580; 95.6725182394
2463.50; 1.9612176191; 96.0487375698
2463.75; 1.9610640672; 96.2437786325
2464.00; 1.9609660881; 96.2447562311
2464.25; 1.9609247032; 96.0399606224
2464.50; 1.9609396467; 95.6192593004
2464.75; 1.9610106618; 94.9760255816
2465.00; 1.9611374826; 94.1049431448
2465.25; 1.9613196369; 93.0047134164
2465.50; 1.9615560220; 91.6816854420
2465.75; 1.9618470569; 90.1378337097
2466.00; 1.9621896480; 88.3989522288
2466.25; 1.9625823968; 86.4848838778
2466.50; 1.9630251220; 84.4110914738
2466.75; 1.9635166488; 82.2032867461
2467.00; 1.9640531266; 79.8988604538
2467.25; 1.9646312299; 77.5319652806
2467.50; 1.9652535916; 75.1121024716
2467.75; 1.9659164462; 72.6712631143
2468.00; 1.9666160584; 70.2388505848
2468.25; 1.9673497376; 67.8290379481
2468.50; 1.9681144372; 65.4492791429
2468.75; 1.9689142636; 63.0963462291
2469.00; 1.9697464315; 60.7763154906
2469.25; 1.9706075053; 58.4951629693
2469.50; 1.9714923120; 56.2614388714
2469.75; 1.9724008973; 54.0698914956
2470.00; 1.9733354916; 51.9085376390
2470.25; 1.9742875634; 49.7949085641
2470.50; 1.9752588655; 47.7212467380
2470.75; 1.9762467046; 45.6938635799
2471.00; 1.9772530447; 43.7009662656
2471.25; 1.9782778754; 41.7373361257
2471.50; 1.9793223008; 39.7947772134
2471.75; 1.9803804539; 37.8822781794
2472.00; 1.9814540642; 35.9847287236
2472.25; 1.9825397587; 34.0955816413
2472.50; 1.9836347994; 32.2042958393
2472.75; 1.9847371852; 30.2960522374
2473.00; 1.9858433691; 28.3567444698
2473.25; 1.9869563203; 26.3584938530
2473.50; 1.9880757048; 24.2812364038
2473.75; 1.9891994379; 22.1079085402
2474.00; 1.9903279947; 19.8172521348
2474.25; 1.9914583222; 17.3996801486
2474.50; 1.9925812604; 14.8641206307
2474.75; 1.9936941320; 12.2158094639
2475.00; 1.9947998028; 9.4488278017
2475.25; 1.9958988461; 6.5717825768
2475.50; 1.9969864755; 3.6180492498
2475.75; 1.9980637168; 0.6143014129
2476.00; 1.9991230346; -2.3810384082
2476.25; 2.0001605251; -5.3093683184
2476.50; 2.0011815723; -8.1354932507
2476.75; 2.0021849579; -10.8007035627
2477.00; 2.0031649953; -13.2333761833
2477.25; 2.0041246935; -15.3870601001
2477.50; 2.0050534644; -17.1901948008
2477.75; 2.0059562985; -18.6146694655
2478.00; 2.0068244036; -19.6200085656
2478.25; 2.0076617358; -20.1981713766
2478.50; 2.0084681218; -20.3485775572
2478.75; 2.0092416077; -20.0853538249
2479.00; 2.0099870206; -19.4312966677
2479.25; 2.0107027632; -18.4225089366
2479.50; 2.0113905756; -17.0996477754
2479.75; 2.0120515505; -15.5094317553
2480.00; 2.0126858310; -13.7040960406
2480.25; 2.0132936346; -11.7396516199
2480.50; 2.0138774935; -9.6606184949
2480.75; 2.0144408330; -7.5056777366
2481.00; 2.0149856086; -5.3152111791
2481.25; 2.0155160107; -3.1163299388
2481.50; 2.0160322943; -0.9487503019
2481.75; 2.0165359625; 1.1542625974
2482.00; 2.0170298830; 3.1703399290
2482.25; 2.0175169554; 5.0786903036
2482.50; 2.0179997839; 6.8588168674
2482.75; 2.0184792774; 8.4861958791
2483.00; 2.0189553372; 9.9357458604
2483.25; 2.0194279646; 11.1863716512
2483.50; 2.0199011364; 12.2284515856
2483.75; 2.0203752960; 13.0529528586
2484.00; 2.0208520245; 13.6511617256
2484.25; 2.0213308208; 14.0211803208
2484.50; 2.0218136175; 14.1698837925
2484.75; 2.0223024894; 14.1115498945
2485.00; 2.0227950769; 13.8670903935
2485.25; 2.0232915371; 13.4682155646
2485.50; 2.0237892107; 12.9592943225
2485.75; 2.0242917832; 12.3878632356
2486.00; 2.0247959787; 11.8110508734
2486.25; 2.0253017866; 11.2915808918
2486.50; 2.0258087527; 10.8927546891
2486.75; 2.0263138328; 10.6765991793
2487.00; 2.0268191656; 10.6939725619
2487.25; 2.0273233337; 10.9852358210
2487.50; 2.0278260578; 11.5758147210
2487.75; 2.0283283317; 12.4741526480
2488.00; 2.0288322569; 13.6717861045
2488.25; 2.0293402026; 15.1456296469
2488.50; 2.0298525942; 16.8516771617
2488.75; 2.0303718482; 18.7384789558
2489.00; 2.0309007949; 20.7471276173
2489.25; 2.0314383412; 22.7984377900
2489.50; 2.0319844434; 24.8167001072
2489.75; 2.0325429438; 26.7445814517
2490.00; 2.0331192850; 28.5365049122
2490.25; 2.0337153453; 30.1417478358
2490.50; 2.0343307320; 31.5131295507
2490.75; 2.0349671387; 32.6201154819
2491.00; 2.0356245226; 33.4392801577
2491.25; 2.0363037146; 33.9589470728
2491.50; 2.0370057713; 34.1757138439
2491.75; 2.0377298605; 34.0927367152
2492.00; 2.0384785906; 33.7171660906
2492.25; 2.0392475700; 33.0635813426
2492.50; 2.0400383230; 32.1455446295
2492.75; 2.0408482822; 30.9814974131
2493.00; 2.0416760643; 29.5897189757
2493.25; 2.0425184201; 27.9920707727
2493.50; 2.0433797401; 26.1965998972
2493.75; 2.0442569672; 24.2265324714
2494.00; 2.0451500589; 22.0996069561
2494.25; 2.0460528092; 19.8484670193
2494.50; 2.0469673025; 17.4934593545
2494.75; 2.0478868754; 15.0789259964
2495.00; 2.0488079424; 12.6478223602
2495.25; 2.0497352681; 10.2257729862
2495.50; 2.0506628205; 7.8713245530
2495.75; 2.0515890793; 5.6362090423
2496.00; 2.0525106674; 3.5783848379
2496.25; 2.0534289856; 1.7438640887
2496.50; 2.0543398415; 0.1890151777
2496.75; 2.0552451785; -1.0517771069
2497.00; 2.0561400198; -1.9405293394
2497.25; 2.0570233373; -2.4585874628
2497.50; 2.0578967771; -2.6038775602
2497.75; 2.0587587914; -2.3885304785
2498.00; 2.0596128261; -1.8389940213
2498.25; 2.0604566573; -0.9977526442
2498.50; 2.0612919353; 0.0827080334
2498.75; 2.0621203594; 1.3430230746
2499.00; 2.0629405372; 2.7155645077
2499.25; 2.0637498660; 4.1294562139
2499.50; 2.0645490983; 5.5230416223
2499.75; 2.0653467256; 6.8539021434
2500.00; 2.0661432737; 8.0722877560
2500.25; 2.0669374615; 9.1366285508
2500.50; 2.0677333130; 10.0199430318
2500.75; 2.0685283457; 10.6971294985
2501.00; 2.0693219597; 11.1546149769
2501.25; 2.0701128642; 11.3856202092
2501.50; 2.0709084707; 11.3911452829
2501.75; 2.0717103796; 11.1734126807
2502.00; 2.0725145594; 10.7383934651
2502.25; 2.0733157636; 10.0979372036
2502.50; 2.0741205890; 9.2554902194
2502.75; 2.0749291556; 8.2188884517
2503.00; 2.0757400987; 6.9985759016
2503.25; 2.0765517280; 5.6070758875
2503.50; 2.0773545403; 4.0684715021
2503.75; 2.0781500362; 2.3918409162
2504.00; 2.0789377644; 0.5899106518
2504.25; 2.0797138894; -1.3128814197
2504.50; 2.0804754259; -3.2921301733
2504.75; 2.0812197257; -5.3195797359
2505.00; 2.0819465536; -7.3656969890
2505.25; 2.0826542033; -9.3966050177
2505.50; 2.0833437826; -11.3818282736
2505.75; 2.0840111932; -13.2744009063
2506.00; 2.0846540928; -15.0326943528
2506.25; 2.0852698282; -16.6156239976
2506.50; 2.0858568282; -17.9890799817
2506.75; 2.0864151414; -19.1313159311
2507.00; 2.0869466517; -20.0279041162
2507.25; 2.0874474711; -20.6645193400
2507.50; 2.0879168379; -21.0440751421
2507.75; 2.0883540747; -21.1796577715
2508.00; 2.0887602285; -21.0973521844
2508.25; 2.0891356871; -20.8296377203
2508.50; 2.0894785479; -20.4181894884
2508.75; 2.0897913749; -19.9017192273
2509.00; 2.0900739073; -19.3241701017
2509.25; 2.0903276954; -18.7257828706
2509.50; 2.0905531217; -18.1446373644
2509.75; 2.0907508222; -17.6135191157
2510.00; 2.0909205353; -17.1599608282
2510.25; 2.0910637687; -16.8019244324
2510.50; 2.0911809367; -16.5527907139
2510.75; 2.0912715728; -16.4205810486
2511.00; 2.0913359636; -16.4041623835
2511.25; 2.0913742372; -16.4975747649
2511.50; 2.0913862729; -16.6901716350
2511.75; 2.0913720461; -16.9683643059
2512.00; 2.0913313458; -17.3173151255
2512.25; 2.0912636088; -17.7223661465
2512.50; 2.0911693546; -18.1617125463
2512.75; 2.0910476749; -18.6221820959
2513.00; 2.0908981378; -19.0884468499
2513.25; 2.0907209757; -19.5449692815
2513.50; 2.0905157876; -19.9797201844
2513.75; 2.0902829324; -20.3823131908
2514.00; 2.0900209303; -20.7407451555
2514.25; 2.0897309998; -21.0412732796
2514.50; 2.0894119482; -21.2722943646
2514.75; 2.0890629569; -21.4218944040
2515.00; 2.0886861433; -21.4713391192
2515.25; 2.0882814167; -21.4078702233
2515.50; 2.0878499416; -21.2163658974
2515.75; 2.0873884920; -20.8795307947
2516.00; 2.0868971830; -20.3832439361
2516.25; 2.0863787722; -19.7179320587
2516.50; 2.0858326450; -18.8773555283
2516.75; 2.0852630159; -17.8651251906
2517.00; 2.0846694466; -16.6857331490
2517.25; 2.0840584535; -15.3663982410
2517.50; 2.0834275740; -13.9144624214
2517.75; 2.0827772388; -12.3531594842
2518.00; 2.0821079822; -10.7078045318
2518.25; 2.0814247642; -9.0168963583
2518.50; 2.0807265259; -7.3048564967
2518.75; 2.0800161641; -5.6043849497
2519.00; 2.0792958160; -3.9433143814
2519.25; 2.0785660218; -2.3416889177
2519.50; 2.0778323100; -0.8269016848
2519.75; 2.0770917092; 0.6021290645
2520.00; 2.0763473877; 1.9360903077
2520.25; 2.0756011502; 3.1751530915
2520.50; 2.0748579535; 4.3199523620
2520.75; 2.0741160493; 5.3860477592
2521.00; 2.0733789470; 6.3841011380
2521.25; 2.0726463351; 7.3322230352
2521.50; 2.0719167620; 8.2494174477
2521.75; 2.0711899464; 9.1525188247
2522.00; 2.0704675530; 10.0539492035
2522.25; 2.0697533901; 10.9600597751
2522.50; 2.0690444487; 11.8821077292
2522.75; 2.0683434908; 12.8197859199
2523.00; 2.0676469081; 13.7779318950
2523.25; 2.0669593244; 14.7476658893
2523.50; 2.0662821867; 15.7213222624
2523.75; 2.0656137338; 16.6927403044
2524.00; 2.0649559011; 17.6502829308
2524.25; 2.0643113329; 18.5815105984
2524.50; 2.0636833919; 19.4739353886
2524.75; 2.0630682794; 20.3274581847
2525.00; 2.0624655045; 21.1394126846
2525.25; 2.0618735051; 21.9097889340
2525.50; 2.0612929215; 22.6392622659
2525.75; 2.0607280161; 23.3235209354
2526.00; 2.0601798727; 23.9678983020
2526.25; 2.0596478960; 24.5773655133
2526.50; 2.0591320296; 25.1547885873
2526.75; 2.0586343337; 25.7020554917
2527.00; 2.0581554157; 26.2192034531
2527.25; 2.0576959809; 26.7028838359
2527.50; 2.0572551559; 27.1488951452
2527.75; 2.0568346542; 27.5494247459
2528.00; 2.0564342530; 27.8955653566
2528.25; 2.0560536195; 28.1781203113
2528.50; 2.0556945087; 28.3860601435
2528.75; 2.0553559818; 28.5112806678
2529.00; 2.0550376138; 28.5524541789
2529.25; 2.0547419124; 28.4980894604
2529.50; 2.0544671994; 28.3450724842
2529.75; 2.0542124164; 28.0924675495
2530.00; 2.0539777550; 27.7431213876
2530.25; 2.0537628668; 27.3008315861
2530.50; 2.0535670774; 26.7704657949
2530.75; 2.0533887931; 26.1547554815
2531.00; 2.0532274772; 25.4594823247
2531.25; 2.0530823258; 24.6884127719
2531.50; 2.0529523032; 23.8435995624
2531.75; 2.0528361255; 22.9231284221
2532.00; 2.0527326577; 21.9255069549
2532.25; 2.0526406852; 20.8466166170
2532.50; 2.0525590851; 19.6839820808
2532.75; 2.0524864144; 18.4275226243
2533.00; 2.0524213943; 17.0734385480
2533.25; 2.0523622656; 15.6103154309
2533.50; 2.0523075180; 14.0331712168
2533.75; 2.0522556188; 12.3417158369
2534.00; 2.0522050085; 10.5434736627
2534.25; 2.0521536781; 8.6360666418
2534.50; 2.0520999477; 6.6358239462
2534.75; 2.0520421356; 4.5679799533
2535.00; 2.0519780906; 2.4441453351
2535.25; 2.0519061072; 0.2981751285
2535.50; 2.0518238913; -1.8509915606
2535.75; 2.0517294885; -3.9715153995
2536.00; 2.0516206489; -6.0372162736
2536.25; 2.0514962320; -8.0006102922
2536.50; 2.0513542700; -9.8360461472
2536.75; 2.0511943728; -11.5048275629
2537.00; 2.0510138260; -12.9964518230
2537.25; 2.0508126320; -14.2861130552
2537.50; 2.0505881930; -15.3742405739
2537.75; 2.0503419390; -16.2491579699
2538.00; 2.0500706850; -16.9226089375
2538.25; 2.0497749406; -17.4003082160
2538.50; 2.0494525377; -17.6960787291
2538.75; 2.0491028274; -17.8231036888
2539.00; 2.0487280832; -17.7948710844
2539.25; 2.0483271174; -17.6276854499
2539.50; 2.0479015356; -17.3386458598
2539.75; 2.0474505540; -16.9422052933
2540.00; 2.0469773049; -16.4520112739
2540.25; 2.0464780227; -15.8762367370
2540.50; 2.0459538448; -15.2251826290
2540.75; 2.0454074301; -14.5094755124
2541.00; 2.0448403486; -13.7453584692
2541.25; 2.0442494487; -12.9433169920
2541.50; 2.0436380869; -12.1212634707
2541.75; 2.0430041655; -11.2892073563
2542.00; 2.0423513872; -10.4673055403
2542.25; 2.0416785918; -9.6703834106
2542.50; 2.0409844804; -8.9124636243
2542.75; 2.0402709242; -8.2115227078
2543.00; 2.0395389588; -7.5830491209
2543.25; 2.0387914441; -7.0429559016
2543.50; 2.0380232785; -6.5956422089
2543.75; 2.0372384470; -6.2485742196
2544.00; 2.0364353670; -5.9992577740
2544.25; 2.0356164320; -5.8400846304
2544.50; 2.0347837523; -5.7551410940
2544.75; 2.0339342996; -5.7192373945
2545.00; 2.0330711268; -5.7003557349
2545.25; 2.0321939319; -5.6608392987
2545.50; 2.0313008485; -5.5585142204
2545.75; 2.0303930643; -5.3505157129
2546.00; 2.0294689948; -4.9925033460
2546.25; 2.0285349569; -4.4467833220
2546.50; 2.0275891953; -3.6785731745
2546.75; 2.0266287513; -2.6582307405
2547.00; 2.0256594449; -1.3759353640
2547.25; 2.0246809945; 0.1737963780
2547.50; 2.0236918254; 1.9886065746
2547.75; 2.0226940874; 4.0520253532
2548.00; 2.0216871730; 6.3451407647
2548.25; 2.0206771290; 8.8249746474
2548.50; 2.0196634425; 11.4639326925
2548.75; 2.0186488604; 14.2210584319
2549.00; 2.0176416419; 17.0397458552
2549.25; 2.0166399174; 19.8916577509
2549.50; 2.0156447661; 22.7441988339
2549.75; 2.0146585141; 25.5645897937
2550.00; 2.0136841752; 28.3217657657
2550.25; 2.0127234981; 30.9926858569
2550.50; 2.0117838635; 33.5420036794
2550.75; 2.0108659496; 35.9572174529
2551.00; 2.0099675086; 38.2254262159
2551.25; 2.0090943789; 40.3253875868
2551.50; 2.0082478679; 42.2468312440
2551.75; 2.0074297150; 43.9831211436
2552.00; 2.0066421106; 45.5184445215
2552.25; 2.0058833160; 46.8494523035
2552.50; 2.0051525457; 47.9666268189
2552.75; 2.0044522680; 48.8576276066
2553.00; 2.0037798435; 49.5178630030
2553.25; 2.0031399167; 49.9400589707
2553.50; 2.0025326803; 50.1238406377
2553.75; 2.0019568098; 50.0773031971
2554.00; 2.0014166882; 49.8157785056
2554.25; 2.0009053021; 49.3584334872
2554.50; 2.0004261383; 48.7385318836
2554.75; 1.9999779293; 47.9978698264
2555.00; 1.9995583361; 47.1806350451
2555.25; 1.9991667827; 46.3391056742
2555.50; 1.9988039198; 45.5313149944
2555.75; 1.9984682427; 44.8088576445
2556.00; 1.9981567597; 44.2155233996
2556.25; 1.9978718153; 43.7960774922
2556.50; 1.9976146028; 43.5853976897
2556.75; 1.9973820973; 43.5918099971
2557.00; 1.9971751527; 43.8191303934
2557.25; 1.9969941898; 44.2602758031
2557.50; 1.9968395767; 44.8848617590
2557.75; 1.9967121427; 45.6600264318
2558.00; 1.9966124786; 46.5448609308
2558.25; 1.9965417783; 47.4852885880
2558.50; 1.9965007520; 48.4287847669
2558.75; 1.9964904729; 49.3198647649
2559.00; 1.9965116818; 50.1040438360
2559.25; 1.9965649773; 50.7401795381
2559.50; 1.9966507705; 51.1905980870
2559.75; 1.9967695565; 51.4235478539
2560.00; 1.9969214275; 51.4137256746
2560.25; 1.9971051410; 51.1448545324
2560.50; 1.9973203603; 50.6056899212
2560.75; 1.9975672041; 49.7949625066
2561.00; 1.9978452201; 48.7164965205
2561.25; 1.9981519963; 47.3687533331
2561.50; 1.9984870373; 45.7518275792
2561.75; 1.9988487104; 43.8676578574
2562.00; 1.9992386280; 41.7061622304
2562.25; 1.9996525885; 39.2907247760
2562.50; 2.0000868250; 36.6402153718
2562.75; 2.0005387373; 33.7714891787
2563.00; 2.0010086026; 30.6833854689
2563.25; 2.0014935156; 27.3972221120
2563.50; 2.0019859599; 23.9685933454
2563.75; 2.0024833156; 20.4236499985
2564.00; 2.0029884231; 16.7548591920
2564.25; 2.0034966885; 13.0135362476
2564.50; 2.0040039865; 9.2587681651
2564.75; 2.0045052414; 5.5601844238
2565.00; 2.0049977720; 1.9626873953
2565.25; 2.0054804973; -1.4884912506
2565.50; 2.0059493063; -4.7250203765
2565.75; 2.0064011758; -7.6923732466
2566.00; 2.0068341677; -10.3470014318
2566.25; 2.0072437880; -12.6498710538
2566.50; 2.0076300267; -14.5842825897
2566.75; 2.0079903470; -16.1353764008
2567.00; 2.0083234566; -17.3111806825
2567.25; 2.0086292605; -18.1308243254
2567.50; 2.0089083670; -18.6228097056
2567.75; 2.0091597842; -18.8227511734
2568.00; 2.0093829569; -18.7730114902
2568.25; 2.0095785193; -18.5203335006
2568.50; 2.0097468971; -18.1127571024
2568.75; 2.0098883747; -17.5977568278
2569.00; 2.0100031878; -17.0207464745
2569.25; 2.0100922033; -16.4198917579
2569.50; 2.0101555787; -15.8321066759
2569.75; 2.0101940804; -15.2846784602
2570.00; 2.0102081004; -14.8058062641
2570.25; 2.0101981393; -14.4059408820
2570.50; 2.0101646569; -14.0995382410
2570.75; 2.0101078866; -13.8907963205
2571.00; 2.0100280306; -13.7823278508
2571.25; 2.0099255130; -13.7739360407
2571.50; 2.0098001951; -13.8611748680
2571.75; 2.0096514372; -14.0348356084
2572.00; 2.0094792773; -14.2948806780
2572.25; 2.0092832431; -14.6309566114
2572.50; 2.0090629294; -15.0294169760
2572.75; 2.0088182428; -15.4744426185
2573.00; 2.0085487872; -15.9474801985
2573.25; 2.0082531643; -16.4260313421
2573.50; 2.0079319588; -16.8825931977
2573.75; 2.0075850126; -17.2866693980
2574.00; 2.0072117997; -17.6031174291
2574.25; 2.0068148086; -17.7946408840
2574.50; 2.0063913570; -17.8158617090
2574.75; 2.0059422601; -17.6153261599
2575.00; 2.0054674787; -17.1465993465
2575.25; 2.0049668173; -16.3628722694
2575.50; 2.0044408347; -15.2237684973
2575.75; 2.0038915441; -13.6959390543
2576.00; 2.0033200484; -11.7546133233
2576.25; 2.0027248486; -9.3750668112
2576.50; 2.0021112324; -6.5702693559
2576.75; 2.0014863981; -3.3798300935
2577.00; 2.0008522289; 0.1676367072
2577.25; 2.0002107049; 4.0329074022
2577.50; 1.9995656431; 8.1564268854
2577.75; 1.9989202463; 12.4776147949
2578.00; 1.9982768644; 16.9375100212
2578.25; 1.9976383283; 21.4752559203
2578.50; 1.9970080964; 26.0230203155
2578.75; 1.9963920644; 30.4988294941
2579.00; 1.9957925136; 34.8521955338
2579.25; 1.9952143201; 39.0192213895
2579.50; 1.9946615474; 42.9485373255
2579.75; 1.9941389664; 46.5905621715
2580.00; 1.9936465680; 49.9362402357
2580.25; 1.9931890082; 52.9474097155
2580.50; 1.9927717878; 55.5882128976
2580.75; 1.9923962425; 57.8573169191
2581.00; 1.9920624346; 59.7631249199
2581.25; 1.9917726612; 61.3033512244
2581.50; 1.9915281388; 62.4844746683
2581.75; 1.9913283449; 63.3235977382
2582.00; 1.9911753722; 63.8278307796
2582.25; 1.9910702289; 64.0115310807
2582.50; 1.9910118779; 63.8969404525
2582.75; 1.9910008191; 63.5062781407
2583.00; 1.9910366757; 62.8657913143
2583.25; 1.9911190537; 62.0037751189
2583.50; 1.9912465692; 60.9629612247
2583.75; 1.9914189055; 59.7781813941
2584.00; 1.9916346695; 58.4967057885
2584.25; 1.9918940173; 57.1595804751
2584.50; 1.9921951233; 55.8194782028
2584.75; 1.9925364673; 54.5289265217
2585.00; 1.9929181187; 53.3270296888
2585.25; 1.9933403123; 52.2610401470
2585.50; 1.9937995399; 51.3786919475
2585.75; 1.9942976588; 50.7028308864
2586.00; 1.9948299166; 50.2579842706
2586.25; 1.9953973875; 50.0414745102
2586.50; 1.9960030309; 50.0374270147
2586.75; 1.9966451393; 50.2170979829
2587.00; 1.9973217115; 50.5394117352
2587.25; 1.9980326559; 50.9525152470
2587.50; 1.9987802637; 51.4018851859
2587.75; 1.9995610759; 51.8175571643
2588.00; 2.0003768067; 52.1394118012
2588.25; 2.0012299579; 52.3058896870
2588.50; 2.0021153477; 52.2603450635
2588.75; 2.0030368763; 51.9540100053
2589.00; 2.0039926239; 51.3465444121
2589.25; 2.0049860898; 50.4098562535
2589.50; 2.0060109521; 49.1277205283
2589.75; 2.0070663637; 47.4921931147
2590.00; 2.0081530275; 45.5014076858
2590.25; 2.0092661767; 43.1718632425
2590.50; 2.0103992813; 40.5336849994
2590.75; 2.0115621868; 37.5847595589
2591.00; 2.0127354114; 34.4001499975
2591.25; 2.0139270746; 30.9882680894
2591.50; 2.0151358021; 27.3840796721
2591.75; 2.0163506978; 23.6538623505
2592.00; 2.0175727559; 19.8252696790
2592.25; 2.0188024878; 15.9264108858
2592.50; 2.0200358464; 12.0060303249
2592.75; 2.0212650416; 8.1234992877
2593.00; 2.0224866780; 4.3138636355
2593.25; 2.0237010984; 0.6058460069
2593.50; 2.0249004358; -2.9478339502
2593.75; 2.0260822681; -6.3137001090
2594.00; 2.0272401756; -9.4525318959
2594.25; 2.0283831139; -12.3694767631
2594.50; 2.0295010736; -15.0082854145
2594.75; 2.0305934544; -17.3651513105
2595.00; 2.0316547320; -19.4209351790
2595.25; 2.0326849056; -21.1697216916
2595.50; 2.0336791686; -22.6046015825
2595.75; 2.0346435708; -23.7407938135
2596.00; 2.0355717847; -24.5838761806
2596.25; 2.0364658396; -25.1504649763
2596.50; 2.0373264733; -25.4630493832
2596.75; 2.0381540686; -25.5492599095
2597.00; 2.0389468990; -25.4346496938
2597.25; 2.0397041574; -25.1552706431
2597.50; 2.0404261809; -24.7546755160
2597.75; 2.0411181396; -24.2641266736
2598.00; 2.0417760150; -23.7220156151
2598.25; 2.0423985144; -23.1533140680
2598.50; 2.0429881476; -22.5966747888
2598.75; 2.0435457718; -22.0892543346
2599.00; 2.0440735292; -21.6290515955
2599.25; 2.0445714268; -21.2306677793
2599.50; 2.0450392955; -20.9049745337
2599.75; 2.0454767576; -20.6568330103
2600.00; 2.0458856490; -20.4828769399
2600.25; 2.0462666492; -20.3769748834
2600.50; 2.0466185554; -20.3292721389
2600.75; 2.0469436338; -20.3249738396
2601.00; 2.0472426048; -20.3485488315
2601.25; 2.0475155557; -20.3816839612
2601.50; 2.0477620266; -20.4051981933
2601.75; 2.0479833212; -20.3982643578
2602.00; 2.0481792795; -20.3465928588
2602.25; 2.0483514024; -20.2180754551
2602.50; 2.0484994888; -19.9943955432
2602.75; 2.0486247850; -19.6675634139
2603.00; 2.0487279737; -19.2240074765
2603.25; 2.0488103138; -18.6493190495
2603.50; 2.0488730443; -17.9308371753
2603.75; 2.0489169419; -17.0637436311
2604.00; 2.0489435115; -16.0244824202
2604.25; 2.0489540637; -14.8186390069
2604.50; 2.0489501401; -13.4366855976
2604.75; 2.0489334168; -11.8788321959
2605.00; 2.0489058242; -10.1413823544
2605.25; 2.0488691325; -8.2055408456
2605.50; 2.0488256589; -6.0777648671
2605.75; 2.0487776576; -3.7497262047
2606.00; 2.0487277458; -1.2298687282
2606.25; 2.0486787060; 1.4681282054
2606.50; 2.0486330652; 4.3468182587
2606.75; 2.0485938996; 7.3812473226
2607.00; 2.0485642745; 10.5405008677
2607.25; 2.0485471486; 13.8196217214
2607.50; 2.0485458576; 17.1617384246
2607.75; 2.0485636403; 20.5237673674
2608.00; 2.0486037131; 23.8672258459
2608.25; 2.0486693016; 27.1458752873
2608.50; 2.0487637477; 30.3257527583
2608.75; 2.0488900659; 33.3568019227
2609.00; 2.0490505354; 36.1893141212
2609.25; 2.0492484564; 38.7942118978
2609.50; 2.0494857897; 41.1329557907
2609.75; 2.0497631152; 43.1654231028
2610.00; 2.0500859852; 44.8978418128
2610.25; 2.0504525817; 46.2960005504
2610.50; 2.0508655510; 47.3442321309
2610.75; 2.0513293683; 48.0554736869
2611.00; 2.0518410305; 48.4242145152
2611.25; 2.0524021030; 48.4558124313
2611.50; 2.0530133531; 48.1469317459
2611.75; 2.0536780306; 47.5176262440
2612.00; 2.0543940182; 46.5856113653
2612.25; 2.0551572857; 45.3793165538
2612.50; 2.0559686582; 43.9142405896
2612.75; 2.0568301820; 42.2053232665
2613.00; 2.0577379396; 40.2783366138
2613.25; 2.0586893227; 38.1817567312
2613.50; 2.0596799743; 35.9576396652
2613.75; 2.0607132974; 33.6340031149
2614.00; 2.0617841824; 31.2603900358
2614.25; 2.0628939131; 28.8733864800
2614.50; 2.0640388882; 26.5199601619
2614.75; 2.0652198505; 24.2383447686
2615.00; 2.0664286077; 22.0811937931
2615.25; 2.0676696918; 20.0686129287
2615.50; 2.0689414377; 18.2250295735
2615.75; 2.0702355811; 16.5743672098
2616.00; 2.0715601566; 15.1082396759
2616.25; 2.0729078743; 13.8245928819
2616.50; 2.0742743554; 12.7065714837
2616.75; 2.0756579460; 11.7240509630
2617.00; 2.0770699960; 10.8291004429
2617.25; 2.0784994494; 9.9835825540
2617.50; 2.0799500095; 9.1364215626
2617.75; 2.0814233241; 8.2358928226
2618.00; 2.0829167949; 7.2359188515
2618.25; 2.0844273869; 6.0941883332
2618.50; 2.0859499730; 4.7749399931
2618.75; 2.0874911548; 3.2411099260
2619.00; 2.0890375559; 1.4816217440
2619.25; 2.0905967172; -0.5289259734
2619.50; 2.0921669238; -2.7983938568
2619.75; 2.0937497618; -5.3311912218
2620.00; 2.0953337890; -8.1084520447
2620.25; 2.0969257753; -11.1333623922
2620.50; 2.0985183125; -14.3762946354
2620.75; 2.1001088071; -17.8150277324
2621.00; 2.1016897522; -21.4187052382
2621.25; 2.1032683631; -25.1824846843
2621.50; 2.1048473630; -29.0934605677
2621.75; 2.1064074407; -33.0799181973
2622.00; 2.1079556559; -37.1388619047
2622.25; 2.1094851574; -41.2273766547
2622.50; 2.1110040738; -45.3482529134
2622.75; 2.1125023743; -49.4513058575
2623.00; 2.1139726008; -53.4955963581
2623.25; 2.1154106846; -57.4503496836
2623.50; 2.1168079302; -61.2731299310
2623.75; 2.1181605029; -64.9361371986
2624.00; 2.1194696015; -68.4279510159
2624.25; 2.1207328048; -71.7258751418
2624.50; 2.1219518018; -74.8136338264
2624.75; 2.1231258483; -77.6774116929
2625.00; 2.1242465680; -80.2823057849
2625.25; 2.1253167805; -82.6261770061
2625.50; 2.1263258362; -84.6828469913
2625.75; 2.1272749860; -86.4571995450
2626.00; 2.1281706662; -87.9719150821
2626.25; 2.1290047955; -89.2252614085
2626.50; 2.1297732823; -90.2345850208
2626.75; 2.1304770898; -91.0193501378
2627.00; 2.1311193344; -91.6116967230
2627.25; 2.1316975546; -92.0402889150
2627.50; 2.1322119037; -92.3274754411
2627.75; 2.1326641662; -92.5006903820
2628.00; 2.1330534391; -92.5778726830
2628.25; 2.1333801381; -92.5798625949
2628.50; 2.1336459245; -92.5196770348
2628.75; 2.1338506945; -92.4083799054
2629.00; 2.1339939200; -92.2531353748
2629.25; 2.1340755717; -92.0573878709
2629.50; 2.1340965983; -91.8202974883
2629.75; 2.1340577012; -91.5390380076
2630.00; 2.1339595163; -91.2055031147
2630.25; 2.1338029012; -90.8110254590
2630.50; 2.1335876870; -90.3421705877
2630.75; 2.1333140842; -89.7871880736
2631.00; 2.1329866713; -89.1426261379
2631.25; 2.1326033264; -88.3902530363
2631.50; 2.1321669534; -87.5261136707
2631.75; 2.1316769674; -86.5292002996
2632.00; 2.1311362770; -85.3993370103
2632.25; 2.1305465752; -84.1305923555
2632.50; 2.1299080274; -82.7142621354
2632.75; 2.1292220959; -81.1448074964
2633.00; 2.1284942808; -79.4258206778
2633.25; 2.1277250828; -77.5485670628
2633.50; 2.1269113430; -75.4956148145
2633.75; 2.1260575482; -73.2628226621
2634.00; 2.1251682640; -70.8488101827
2634.25; 2.1242446242; -68.2413604170
2634.50; 2.1232889877; -65.4310692350
2634.75; 2.1223039389; -62.4106985966
2635.00; 2.1212908269; -59.1702134041
2635.25; 2.1202577365; -55.7298494789
2635.50; 2.1192032482; -52.0757423122
2635.75; 2.1181249166; -48.1978128196
2636.00; 2.1170327085; -44.1400375129
2636.25; 2.1159297393; -39.9260397449
2636.50; 2.1148204115; -35.5920737073
2636.75; 2.1137110160; -31.1880239465
2637.00; 2.1125986307; -26.7321083672
2637.25; 2.1114944254; -22.3055065577
2637.50; 2.1103992538; -17.9550758990
2637.75; 2.1093210727; -13.7416966591
2638.00; 2.1082601997; -9.6992893565
2638.25; 2.1072128956; -5.8462598281
2638.50; 2.1061897182; -2.2470803540
2638.75; 2.1051862776; 1.0911438683
2639.00; 2.1042165932; 4.1036249567
2639.25; 2.1032815875; 6.7753157309
2639.50; 2.1023791277; 9.1020968547
2639.75; 2.1015142803; 11.0666424940
2640.00; 2.1006848004; 12.6794249665
2640.25; 2.0998930938; 13.9419730033
2640.50; 2.0991449177; 14.8544911180
2640.75; 2.0984426657; 15.4267507971
2641.00; 2.0977837072; 15.6746306596
2641.25; 2.0971671179; 15.6149537919
2641.50; 2.0965940699; 15.2642579553
2641.75; 2.0960634502; 14.6405752577
2642.00; 2.0955765332; 13.7678420453
2642.25; 2.0951280372; 12.6588254773
2642.50; 2.0947196777; 11.3443374367
2642.75; 2.0943505216; 9.8525732413
2643.00; 2.0940186666; 8.2123759167
2643.25; 2.0937230402; 6.4613818251
2643.50; 2.0934618149; 4.6371725380
2643.75; 2.0932328317; 2.7750874661
2644.00; 2.0930336509; 0.9138099468
2644.25; 2.0928641951; -0.8881649379
2644.50; 2.0927212429; -2.6075762303
2644.75; 2.0926032427; -4.2121706276
2645.00; 2.0925086532; -5.6902947129
2645.25; 2.0924359392; -7.0213284446
2645.50; 2.0923839163; -8.1715297348
2645.75; 2.0923515563; -9.1630327489
2646.00; 2.0923376374; -10.0417958638
2646.25; 2.0923412495; -10.8515963117
2646.50; 2.0923615407; -11.6287201039
2646.75; 2.0923979494; -12.4365769201
2647.00; 2.0924497639; -13.3321678814
2647.25; 2.0925162674; -14.3713053888
2647.50; 2.0925957386; -15.5928307797
2647.75; 2.0926875942; -17.0481645244
2648.00; 2.0927904947; -18.7684301058
2648.25; 2.0929034450; -20.7890543476
2648.50; 2.0930238256; -23.0998387066
2648.75; 2.0931502769; -25.7106929893
2649.00; 2.0932798316; -28.5938043251
2649.25; 2.0934107643; -31.7434042868
2649.50; 2.0935401029; -35.1224289618
2649.75; 2.0936646524; -38.6866085000
2650.00; 2.0937818416; -42.4092554066
2650.25; 2.0938875883; -46.2155397735
2650.50; 2.0939791534; -50.0771961869
2650.75; 2.0940533308; -53.9560047238
2651.00; 2.0941064074; -57.7878735969
2651.25; 2.0941347725; -61.5025011080
2651.50; 2.0941354227; -65.0861437867
2651.75; 2.0941051589; -68.4995971026
2652.00; 2.0940410926; -71.6956748219
2652.25; 2.0939404566; -74.6454423791
2652.50; 2.0938010113; -77.3189743143
2652.75; 2.0936203321; -79.7038560122
2653.00; 2.0933955497; -81.8016875597
2653.25; 2.0931242009; -83.6114377649
2653.50; 2.0928049808; -85.1205713007
2653.75; 2.0924348846; -86.3367916383
2654.00; 2.0920136996; -87.2570197061
2654.25; 2.0915407807; -87.8905055113
2654.50; 2.0910154944; -88.2511738142
2654.75; 2.0904363951; -88.3588301623
2655.00; 2.0898008101; -88.2361057654
2655.25; 2.0891152370; -87.9124212424
2655.50; 2.0883774102; -87.4298145580
2655.75; 2.0875891298; -86.8166807439
2656.00; 2.0867465772; -86.0990588677
2656.25; 2.0858517812; -85.3106643674
2656.50; 2.0849035910; -84.4733845399
2656.75; 2.0839004604; -83.6121685103
2657.00; 2.0828488053; -82.7530230842
2657.25; 2.0817435075; -81.9055820633
2657.50; 2.0805858826; -81.0797159938
2657.75; 2.0793831204; -80.2823064623
2658.00; 2.0781303617; -79.5063573945
2658.25; 2.0768279385; -78.7430135042
2658.50; 2.0754799110; -77.9795645071
2658.75; 2.0740742447; -77.1899458973
2659.00; 2.0726325712; -76.3628923822
2659.25; 2.0711485698; -75.4707442896
2659.50; 2.0696181022; -74.4846018373
2659.75; 2.0680347283; -73.3733482574
2660.00; 2.0664115303; -72.1186963048
2660.25; 2.0647449440; -70.6918342365
2660.50; 2.0630351954; -69.0695315568
2660.75; 2.0613000466; -67.2495128750
2661.00; 2.0595347904; -65.2095952957
2661.25; 2.0577418946; -62.9415650372
2661.50; 2.0559188538; -60.4386446754
2661.75; 2.0540746026; -57.7135683656
2662.00; 2.0522087901; -54.7720352708
2662.25; 2.0503205189; -51.6233374116
2662.50; 2.0484111193; -48.2841517799
2662.75; 2.0464908032; -44.7914968584
2663.00; 2.0445582577; -41.1648371871
2663.25; 2.0426105147; -37.4176558032
2663.50; 2.0406486188; -33.5767406075
2663.75; 2.0386745476; -29.6650018432
2664.00; 2.0366932514; -25.7108014096
2664.25; 2.0347093502; -21.7384166994
2664.50; 2.0327185738; -17.7530661278
2664.75; 2.0307222527; -13.7715906034
2665.00; 2.0287343603; -9.8282148497
2665.25; 2.0267664985; -5.9483952063
2665.50; 2.0248173969; -2.1352650371
2665.75; 2.0228799915; 1.6192238202
2666.00; 2.0209633418; 5.2924838282
2666.25; 2.0190701942; 8.8726021365
2666.50; 2.0172066817; 12.3404247779
2666.75; 2.0153815486; 15.6677289429
2667.00; 2.0135959919; 18.8396030091
2667.25; 2.0118420354; 21.8556146730
2667.50; 2.0101320746; 24.6793695044
2667.75; 2.0084619084; 27.3030889290
2668.00; 2.0068318047; 29.7123458204
2668.25; 2.0052528326; 31.8794409263
2668.50; 2.0037185526; 33.8014646336
2668.75; 2.0022356926; 35.4677748702
2669.00; 2.0008008530; 36.8796700531
2669.25; 1.9994191358; 38.0332763628
2669.50; 1.9980859881; 38.9365939709
2669.75; 1.9968103222; 39.5907441810
2670.00; 1.9955920509; 40.0063107870
2670.25; 1.9944297804; 40.1958791070
2670.50; 1.9933249251; 40.1715192004
2670.75; 1.9922758112; 39.9460108132
2671.00; 1.9912853596; 39.5336515757
2671.25; 1.9903531469; 38.9465346178
2671.50; 1.9894692164; 38.1898897546
2671.75; 1.9886399579; 37.2789708266
2672.00; 1.9878621729; 36.2236839236
2672.25; 1.9871375454; 35.0396465597
2672.50; 1.9864646271; 33.7381119303
2672.75; 1.9858392389; 32.3269182994
2673.00; 1.9852594797; 30.8196473566
2673.25; 1.9847245628; 29.2351576319
2673.50; 1.9842317061; 27.5887405052
2673.75; 1.9837772846; 25.8937501019
2674.00; 1.9833602788; 24.1748829559
2674.25; 1.9829804732; 22.4603333042
2674.50; 1.9826366099; 20.7728958122
2674.75; 1.9823261299; 19.1258158910
2675.00; 1.9820488272; 17.5401790415
2675.25; 1.9818014059; 16.0144934696
2675.50; 1.9815818584; 14.5470377357
2675.75; 1.9813882847; 13.1289095142
2676.00; 1.9812183204; 11.7404224750
2676.25; 1.9810710287; 10.3666487522
2676.50; 1.9809450310; 8.9851961681
2676.75; 1.9808395505; 7.5771945381
2677.00; 1.9807524000; 6.1056207365
2677.25; 1.9806816374; 4.5414143639
2677.50; 1.9806260268; 2.8719183142
2677.75; 1.9805839596; 1.0845779732
2678.00; 1.9805534266; -0.8352253706
2678.25; 1.9805325559; -2.8942882804
2678.50; 1.9805194230; -5.0845283687
2678.75; 1.9805118723; -7.4056380547
2679.00; 1.9805077134; -9.8481745703
2679.25; 1.9805046848; -12.3801500886
2679.50; 1.9805004321; -14.9672163664
2679.75; 1.9804925365; -17.5830414381
2680.00; 1.9804785857; -20.1885153431
2680.25; 1.9804560518; -22.7704262536
2680.50; 1.9804225529; -25.2874408517
2680.75; 1.9803758246; -27.7027937369
2681.00; 1.9803137222; -29.9854896244
2681.25; 1.9802337731; -32.1240868487
2681.50; 1.9801337843; -34.1011293302
2681.75; 1.9800112532; -35.9094747329
2682.00; 1.9798641062; -37.5366580292
2682.25; 1.9796913647; -38.9627869605
2682.50; 1.9794900369; -40.1908745584
2682.75; 1.9792614729; -41.2003730965
2683.00; 1.9790026012; -41.9984320689
2683.25; 1.9787125820; -42.5830047170
2683.50; 1.9783902241; -42.9541195950
2683.75; 1.9780357229; -43.1107293687
2684.00; 1.9776482342; -43.0532291580
2684.25; 1.9772246779; -42.7813437196
2684.50; 1.9767675619; -42.2984710603
2684.75; 1.9762750569; -41.6024956938
2685.00; 1.9757504526; -40.6990084819
2685.25; 1.9751912750; -39.5874302637
2685.50; 1.9745983635; -38.2747709500
2685.75; 1.9739722642; -36.7699475680
2686.00; 1.9733159685; -35.0902004135
2686.25; 1.9726282628; -33.2468400495
2686.50; 1.9719132086; -31.2615427400
2686.75; 1.9711714025; -29.1522939359
2687.00; 1.9704028460; -26.9353617686
2687.25; 1.9696128438; -24.6448744727
2687.50; 1.9688032701; -22.2994525141
2687.75; 1.9679779895; -19.9211769376
2688.00; 1.9671376634; -17.5227333433
2688.25; 1.9662848521; -15.1198017550
2688.50; 1.9654179735; -12.7102829143
2688.75; 1.9645417593; -10.3095285852
2689.00; 1.9636607503; -7.9291853305
2689.25; 1.9627767987; -5.5715568060
2689.50; 1.9618914732; -3.2379633890
2689.75; 1.9610023758; -0.9144901567
2690.00; 1.9601153233; 1.3895683926
2690.25; 1.9592304533; 3.6793183217
2690.50; 1.9583467324; 5.9622836311
2690.75; 1.9574670299; 8.2346068886
2691.00; 1.9565985787; 10.4795968140
2691.25; 1.9557444393; 12.6893593171
2691.50; 1.9549046857; 14.8622523888
2691.75; 1.9540817278; 16.9906317000
2692.00; 1.9532734636; 19.0787635306
2692.25; 1.9524890026; 21.1029246052
2692.50; 1.9517183618; 23.0904046316
2692.75; 1.9509681367; 25.0305374089
2693.00; 1.9502374448; 26.9358656805
2693.25; 1.9495298225; 28.8045111211
2693.50; 1.9488462254; 30.6500126096
2693.75; 1.9481929907; 32.4750774490
2694.00; 1.9475669909; 34.3113594336
2694.25; 1.9469694504; 36.1805761030
2694.50; 1.9464036541; 38.0974568791
2694.75; 1.9458687099; 40.0892176206
2695.00; 1.9453662319; 42.1739235753
2695.25; 1.9449001946; 44.3504158374
2695.50; 1.9444746452; 46.6063117522
2695.75; 1.9440912144; 48.9313195920
2696.00; 1.9437500143; 51.3150830069
2696.25; 1.9434533605; 53.7291672160
2696.50; 1.9432031184; 56.1409482966
2696.75; 1.9430022197; 58.5046475299
2697.00; 1.9428534583; 60.7608860677
2697.25; 1.9427586492; 62.8673477997
2697.50; 1.9427197239; 64.7752811675
2697.75; 1.9427383139; 66.4458359433
2698.00; 1.9428159518; 67.8519359094
2698.25; 1.9429541795; 68.9650636346
2698.50; 1.9431540251; 69.7629193222
2698.75; 1.9434148485; 70.2277715767
2699.00; 1.9437392631; 70.3576655059
2699.25; 1.9441263618; 70.1521293837
2699.50; 1.9445771941; 69.6157728257
2699.75; 1.9450907248; 68.7589525013
2700.00; 1.9456652824; 67.5968430629
2700.25; 1.9463015698; 66.1419869512
2700.50; 1.9469945561; 64.4205151991
2700.75; 1.9477413758; 62.4548470688
2701.00; 1.9485460753; 60.2495560975
2701.25; 1.9494057912; 57.8273402439
2701.50; 1.9503177612; 55.2099296473
2701.75; 1.9512794943; 52.4155800507
2702.00; 1.9522861149; 49.4761799811
2702.25; 1.9533403427; 46.4012081729
2702.50; 1.9544408563; 43.2139340824
2702.75; 1.9555792551; 39.9592951537
2703.00; 1.9567532839; 36.6680897100
2703.25; 1.9579548129; 33.3910552241
2703.50; 1.9591788293; 30.1691181484
2703.75; 1.9604238098; 27.0331239569
2704.00; 1.9616890932; 24.0098936482
2704.25; 1.9629677461; 21.1377473794
2704.50; 1.9642645336; 18.4213563904
2704.75; 1.9655702059; 15.8876879674
2705.00; 1.9668844117; 13.5375185458
2705.25; 1.9682038324; 11.3677213083
2705.50; 1.9695324874; 9.3551669837
2705.75; 1.9708615589; 7.4897777368
2706.00; 1.9721942827; 5.7382313528
2706.25; 1.9735269002; 4.0704520673
2706.50; 1.9748563811; 2.4695063902
2706.75; 1.9761823960; 0.9017628029
2707.00; 1.9775016211; -0.6542154761
2707.25; 1.9788117857; -2.2144536528
2707.50; 1.9801204875; -3.7986831967
2707.75; 1.9814204410; -5.4042415275
2708.00; 1.9827041653; -7.0223643983
2708.25; 1.9839664951; -8.6396502122
2708.50; 1.9852075892; -10.2459654948
2708.75; 1.9864288708; -11.8285238068
2709.00; 1.9876336033; -13.3736007535
2709.25; 1.9888100596; -14.8485804793
2709.50; 1.9899605483; -16.2392006415
2709.75; 1.9910863124; -17.5309735387
2710.00; 1.9921829972; -18.7049709405
2710.25; 1.9932508801; -19.7493766899
2710.50; 1.9942899781; -20.6550301070
2710.75; 1.9952933357; -21.4111202055
2711.00; 1.9962626048; -22.0153601626
2711.25; 1.9971997182; -22.4741559604
2711.50; 1.9981042145; -22.7878748082
2711.75; 1.9989800165; -22.9615753248
2712.00; 1.9998230824; -22.9999295979
2712.25; 2.0006317295; -22.9096847095
2712.50; 2.0014035511; -22.6984071966
2712.75; 2.0021465437; -22.3700806088
2713.00; 2.0028600272; -21.9298883519
2713.25; 2.0035362122; -21.3870195740
2713.50; 2.0041791171; -20.7433323657
2713.75; 2.0047889523; -20.0002516359
2714.00; 2.0053683329; -19.1581342845
2714.25; 2.0059201443; -18.2169029060
2714.50; 2.0064443180; -17.1825134324
2714.75; 2.0069383765; -16.0684953473
2715.00; 2.0074047891; -14.8804181900
2715.25; 2.0078457726; -13.6261853959
2715.50; 2.0082634205; -12.3152689031
2715.75; 2.0086575975; -10.9667833141
2716.00; 2.0090305326; -9.5905450981
2716.25; 2.0093827568; -8.2040024255
2716.50; 2.0097149471; -6.8234191068
2716.75; 2.0100288787; -5.4586653250
2717.00; 2.0103272689; -4.1127078658
2717.25; 2.0106101002; -2.8019981649
2717.50; 2.0108813246; -1.5159181214
2717.75; 2.0111405299; -0.2593256812
2718.00; 2.0113882124; 0.9679030620
2718.25; 2.0116265180; 2.1756535023
2718.50; 2.0118566233; 3.3716257067
2718.75; 2.0120797621; 4.5656299316
2719.00; 2.0122971071; 5.7681830343
2719.25; 2.0125101818; 6.9918603488
2719.50; 2.0127196507; 8.2448350970
2719.75; 2.0129263105; 9.5310673946
2720.00; 2.0131315245; 10.8573882703
2720.25; 2.0133358934; 12.2242371340
2720.50; 2.0135410502; 13.6364732634
2720.75; 2.0137483114; 15.0908791562
2721.00; 2.0139600444; 16.5887057005
2721.25; 2.0141765934; 18.1154485545
2721.50; 2.0143988102; 19.6557648966
2721.75; 2.0146290342; 21.2043630858
2722.00; 2.0148672318; 22.7421717709
2722.25; 2.0151142348; 24.2573964009
2722.50; 2.0153718763; 25.7454579214
2722.75; 2.0156430179; 27.2102374475
2723.00; 2.0159283039; 28.6460083406
2723.25; 2.0162303447; 30.0604937229
2723.50; 2.0165501979; 31.4566404227
2723.75; 2.0168896956; 32.8426910090
2724.00; 2.0172492955; 34.2218893270
2724.25; 2.0176292384; 35.5963923070
2724.50; 2.0180301860; 36.9672746109
2724.75; 2.0184532621; 38.3339274774
2725.00; 2.0189007179; 39.6946820335
2725.25; 2.0193773283; 41.0485784877
2725.50; 2.0198806347; 42.3690134865
2725.75; 2.0204126391; 43.6381576381
2726.00; 2.0209761785; 44.8333291143
2726.25; 2.0215722990; 45.9262143081
2726.50; 2.0222028858; 46.8904355849
2726.75; 2.0228702886; 47.7000022702
2727.00; 2.0235731732; 48.3231691466
2727.25; 2.0243097181; 48.7395163464
2727.50; 2.0250841372; 48.9367826718
2727.75; 2.0258948458; 48.9061540742
2728.00; 2.0267454200; 48.6407061007
2728.25; 2.0276333600; 48.1417320684
2728.50; 2.0285597519; 47.4147953757
2728.75; 2.0295255522; 46.4699407246
2729.00; 2.0305304091; 45.3210926614
2729.25; 2.0315635732; 43.9976610016
2729.50; 2.0326315849; 42.5098532402
2729.75; 2.0337316922; 40.8805419691
2730.00; 2.0348604152; 39.1324324629
2730.25; 2.0360114541; 37.2913057531
2730.50; 2.0371883299; 35.3649053026
2730.75; 2.0383883418; 33.3682651822
2731.00; 2.0396177064; 31.2986188372
2731.25; 2.0408669687; 29.1776654455
2731.50; 2.0421356323; 27.0116433654
2731.75; 2.0434238003; 24.8048231214
2732.00; 2.0447258286; 22.5705055004
2732.25; 2.0460410745; 20.3156790979
2732.50; 2.0473686223; 18.0507288338
2732.75; 2.0487054185; 15.7941666967
2733.00; 2.0500479906; 13.5677581029
2733.25; 2.0514008779; 11.3834989708
2733.50; 2.0527676516; 9.2578354868
2733.75; 2.0541365362; 7.2326734186
2734.00; 2.0555136358; 5.3219602651
2734.25; 2.0568960819; 3.5507692804
2734.50; 2.0582796538; 1.9409905871
2734.75; 2.0596484464; 0.5203348186
2735.00; 2.0610124009; -0.7209886313
2735.25; 2.0623754347; -1.7920656933
2735.50; 2.0637284749; -2.6992935726
2735.75; 2.0650717828; -3.4644035350
2736.00; 2.0664106751; -4.1132640644
2736.25; 2.0677433860; -4.6764606788
2736.50; 2.0690661384; -5.1838384563
2736.75; 2.0703763842; -5.6613547910
2737.00; 2.0716800014; -6.1363852565
2737.25; 2.0729732132; -6.6294828134
2737.50; 2.0742526636; -7.1557535961
2737.75; 2.0755238556; -7.7283207519
2738.00; 2.0767841917; -8.3520593887
2738.25; 2.0780283169; -9.0263474957
2738.50; 2.0792596931; -9.7486887318
2738.75; 2.0804762704; -10.5110838284
2739.00; 2.0816748420; -11.3018592543
2739.25; 2.0828575377; -12.1143945704
2739.50; 2.0840259526; -12.9418878511
2739.75; 2.0851802283; -13.7774351205
2740.00; 2.0863133489; -14.6118525140
2740.25; 2.0874293148; -15.4474529712
2740.50; 2.0885245534; -16.2820536073
2740.75; 2.0895958896; -17.1127508359
2741.00; 2.0906495217; -17.9462879588
2741.25; 2.0916794468; -18.7797872319
2741.50; 2.0926817361; -19.6115367724
2741.75; 2.0936556230; -20.4370581396
2742.00; 2.0946070254; -21.2539801739
2742.25; 2.0955391597; -22.0518093221
2742.50; 2.0964490787; -22.8100946072
2742.75; 2.0973345424; -23.5018447090
2743.00; 2.0981913462; -24.0913283176
2743.25; 2.0990226858; -24.5424365394
2743.50; 2.0998300137; -24.8166980117
2743.75; 2.1006091931; -24.8709533168
2744.00; 2.1013603507; -24.6711535100
2744.25; 2.1020876703; -24.1845462211
2744.50; 2.1027893500; -23.3900208722
2744.75; 2.1034672867; -22.2781105728
2745.00; 2.1041237144; -20.8441636915
2745.25; 2.1047571285; -19.1080688455
2745.50; 2.1053683098; -17.1021337281
2745.75; 2.1059623094; -14.8555842160
2746.00; 2.1065399274; -12.4193845075
2746.25; 2.1071016462; -9.8589700861
2746.50; 2.1076527852; -7.2185148805
2746.75; 2.1081914635; -4.5791882689
2747.00; 2.1087228766; -1.9864840305
2747.25; 2.1092497141; 0.5110206200
2747.50; 2.1097719424; 2.8554535667
2747.75; 2.1102924935; 5.0102926476
2748.00; 2.1108143443; 6.9485684253
2748.25; 2.1113402773; 8.6538680206
2748.50; 2.1118691425; 10.0870649825
2748.75; 2.1124029410; 11.2317818012
2749.00; 2.1129449330; 12.0810451083
2749.25; 2.1134959919; 12.6276157120
2749.50; 2.1140573190; 12.8673857494
2749.75; 2.1146290965; 12.7993667631
2750.00; 2.1152082209; 12.4273382250
2750.25; 2.1157982953; 11.7556695506
2750.50; 2.1163943822; 10.8001024214
2750.75; 2.1169965669; 9.5752814679
2751.00; 2.1176057051; 8.0980436036
2751.25; 2.1182208874; 6.3948287513
2751.50; 2.1188449200; 4.4839249136
2751.75; 2.1194723430; 2.4170529426
2752.00; 2.1201027808; 0.2370854214
2752.25; 2.1207349072; -2.0025867306
2752.50; 2.1213620033; -4.2211089630
2752.75; 2.1219827370; -6.3528775330
2753.00; 2.1225975308; -8.3367935027
2753.25; 2.1232044261; -10.1023419903
2753.50; 2.1238037247; -11.5891646192
2753.75; 2.1243945132; -12.7404576599
2754.00; 2.1249758811; -13.5115531599
2754.25; 2.1255463258; -13.8702236839
2754.50; 2.1261073660; -13.8055793971
2754.75; 2.1266571238; -13.3265412103
2755.00; 2.1271987053; -12.4574231694
2755.25; 2.1277315249; -11.2484748491
2755.50; 2.1282558717; -9.7639473909
2755.75; 2.1287768178; -8.0619527699
2756.00; 2.1292961337; -6.2191126407
2756.25; 2.1298144240; -4.3201837404
2756.50; 2.1303323427; -2.4494122224
2756.75; 2.1308533277; -0.6747794820
2757.00; 2.1313800765; 0.9399289365
2757.25; 2.1319117776; 2.3328521682
2757.50; 2.1324522286; 3.4618411219
2757.75; 2.1330015042; 4.2870105037
2758.00; 2.1335577754; 4.7796164850
2758.25; 2.1341260878; 4.9280384513
2758.50; 2.1347069872; 4.7264199339
2758.75; 2.1352946630; 4.1792938761
2759.00; 2.1358926579; 3.2912123163
2759.25; 2.1364995689; 2.0805968325
2759.50; 2.1371126726; 0.5719017309
2759.75; 2.1377340332; -1.2187881094
2760.00; 2.1383581113; -3.2542679135
2760.25; 2.1389854875; -5.5109319148
2760.50; 2.1396159102; -7.9628083361
2760.75; 2.1402459787; -10.5709236031
2761.00; 2.1408750393; -13.3049908993
2761.25; 2.1415019895; -16.1334817209
2761.50; 2.1421243793; -19.0133334639
2761.75; 2.1427406096; -21.9045005375
2762.00; 2.1433464296; -24.7529623877
2762.25; 2.1439378625; -27.5023907534
2762.50; 2.1445122127; -30.0998163630
2762.75; 2.1450704977; -32.5129022620
2763.00; 2.1456072257; -34.6830516000
2763.25; 2.1461220416; -36.5782067368
2763.50; 2.1466127640; -38.1652621826
2763.75; 2.1470787982; -39.4234135396
2764.00; 2.1475183723; -40.3461738849
2764.25; 2.1479294702; -40.9385777113
2764.50; 2.1483135285; -41.2243976487
2764.75; 2.1486708007; -41.2369300292
2765.00; 2.1490013587; -41.0207919250
2765.25; 2.1493045496; -40.6277651306
2765.50; 2.1495818690; -40.1134072625
2765.75; 2.1498337814; -39.5406255045
2766.00; 2.1500612003; -38.9661688767
2766.25; 2.1502640276; -38.4446186454
2766.50; 2.1504428589; -38.0213494299
2766.75; 2.1505987025; -37.7325718502
2767.00; 2.1507322660; -37.6062530732
2767.25; 2.1508435353; -37.6614193204
2767.50; 2.1509329363; -37.9075041675
2767.75; 2.1510001536; -38.3473894470
2768.00; 2.1510449442; -38.9738643396
2768.25; 2.1510666213; -39.7711179098
2768.50; 2.1510644876; -40.7179043113
2768.75; 2.1510377034; -41.7929773027
2769.00; 2.1509852776; -42.9704405142
2769.25; 2.1509059580; -44.2252368454
2769.50; 2.1507986397; -45.5227274285
2769.75; 2.1506622540; -46.8308730113
2770.00; 2.1504956754; -48.1199675231
2770.25; 2.1502962214; -49.3729354996
2770.50; 2.1500636618; -50.5573719674
2770.75; 2.1497973140; -51.6501252478
2771.00; 2.1494958638; -52.6324096303
2771.25; 2.1491591584; -53.4837138813
2771.50; 2.1487860734; -54.1915902096
2771.75; 2.1483769221; -54.7421509163
2772.00; 2.1479311432; -55.1265020646
2772.25; 2.1474472473; -55.3388451903
2772.50; 2.1469276303; -55.3757042744
2772.75; 2.1463700474; -55.2347727239
2773.00; 2.1457744563; -54.9172444452
2773.25; 2.1451368424; -54.4239611516
2773.50; 2.1444623773; -53.7669905126
2773.75; 2.1437478204; -52.9566993080
2774.00; 2.1429965555; -52.0130786347
2774.25; 2.1422127196; -50.9614689396
2774.50; 2.1413965915; -49.8247260105
2774.75; 2.1405408328; -48.6172711423
2775.00; 2.1396532445; -47.3729630341
2775.25; 2.1387331700; -46.1176800994
2775.50; 2.1377803060; -44.8733414236
2775.75; 2.1367999172; -43.6659783595
2776.00; 2.1357930135; -42.5127600359
2776.25; 2.1347649004; -41.4300289326
2776.50; 2.1337112763; -40.4183478967
2776.75; 2.1326329840; -39.4790404573
2777.00; 2.1315329581; -38.6096700369
2777.25; 2.1304037282; -37.7950977182
2777.50; 2.1292474731; -37.0231608977
2777.75; 2.1280646860; -36.2765438713
2778.00; 2.1268598688; -35.5372680359
2778.25; 2.1256261174; -34.7775575835
2778.50; 2.1243638384; -33.9728579051
2778.75; 2.1230697534; -33.0956452622
2779.00; 2.1217541444; -32.1283580243
2779.25; 2.1204227209; -31.0533014275
2779.50; 2.1190665350; -29.8441056063
2779.75; 2.1176850583; -28.4841229157
2780.00; 2.1162870803; -26.9702478593
2780.25; 2.1148677419; -25.2916322226
2780.50; 2.1134249459; -23.4446333880
2780.75; 2.1119615668; -21.4365740863
2781.00; 2.1104807064; -19.2804850274
2781.25; 2.1089929425; -17.0046341696
2781.50; 2.1074893204; -14.6117783478
2781.75; 2.1059731374; -12.1257729033
2782.00; 2.1044469086; -9.5722826788
2782.25; 2.1029126960; -6.9771165542
2782.50; 2.1013662279; -4.3562603554
2782.75; 2.0998167978; -1.7486546409
2783.00; 2.0982657775; 0.8204882465
2783.25; 2.0967142275; 3.3275759839
2783.50; 2.0951600021; 5.7551538204
2783.75; 2.0936118315; 8.0708352653
2784.00; 2.0920712939; 10.2555938771
2784.25; 2.0905346797; 12.2999786380
2784.50; 2.0890080099; 14.1838123620
2784.75; 2.0874983005; 15.8896102939
2785.00; 2.0860018259; 17.4159907111
2785.25; 2.0845243552; 18.7540299177
2785.50; 2.0830598763; 19.9098611153
2785.75; 2.0816073842; 20.8876709410
2786.00; 2.0801677351; 21.6934377142
2786.25; 2.0787430427; 22.3356113512
2786.50; 2.0773317583; 22.8276020241
2786.75; 2.0759385922; 23.1831805839
2787.00; 2.0745601806; 23.4217575809
2787.25; 2.0732005253; 23.5639126055
2787.50; 2.0718564373; 23.6331250828
2787.75; 2.0705272473; 23.6539196017
2788.00; 2.0692155849; 23.6521040821
2788.25; 2.0679151183; 23.6535050013
2788.50; 2.0666308328; 23.6831644689
2788.75; 2.0653636153; 23.7638361002
2789.00; 2.0641110569; 23.9156402566
2789.25; 2.0628719719; 24.1554158725
2789.50; 2.0616474514; 24.4941992673
2789.75; 2.0604404643; 24.9372298356
2790.00; 2.0592567476; 25.4819853508
2790.25; 2.0580892163; 26.1253255444
2790.50; 2.0569379344; 26.8557073084
2790.75; 2.0558098206; 27.6517008199
2791.00; 2.0546995135; 28.4973311770
2791.25; 2.0536134511; 29.3653636110
2791.50; 2.0525429383; 30.2386863142
2791.75; 2.0514930780; 31.0895424752
2792.00; 2.0504605982; 31.8984129006
2792.25; 2.0494484982; 32.6436448930
2792.50; 2.0484507518; 33.3148728706
2792.75; 2.0474748278; 33.8941056553
2793.00; 2.0465194403; 34.3737298553
2793.25; 2.0455830527; 34.7500764974
2793.50; 2.0446593483; 35.0235884389
2793.75; 2.0437523627; 35.1936517134
2794.00; 2.0428645963; 35.2626573071
2794.25; 2.0419978899; 35.2351241607
2794.50; 2.0411472951; 35.1151147475
2794.75; 2.0403178927; 34.9071128692
2795.00; 2.0395061008; 34.6118483283
2795.25; 2.0387110660; 34.2300806089
2795.50; 2.0379298576; 33.7636476678
2795.75; 2.0371642722; 33.2156549271
2796.00; 2.0364147303; 32.5886433454
2796.25; 2.0356788583; 31.8843638935
2796.50; 2.0349527535; 31.1042052138
2796.75; 2.0342427025; 30.2617767194
2797.00; 2.0335478851; 29.3643000564
2797.25; 2.0328657005; 28.4197045705
2797.50; 2.0321888002; 27.4305927227
2797.75; 2.0315167347; 26.4106771478
2798.00; 2.0308483780; 25.3734152445
2798.25; 2.0301832357; 24.3345177260
2798.50; 2.0295207089; 23.3081302559
2798.75; 2.0288631423; 22.3079580932
2799.00; 2.0282075413; 21.3388507940
2799.25; 2.0275473520; 20.3988443442
2799.50; 2.0268825544; 19.4930734665
2799.75; 2.0262150551; 18.6327901578
2800.00; 2.0255390318; 17.8138733513
2800.25; 2.0248604494; 17.0456912934
2800.50; 2.0241765378; 16.3267128947
2800.75; 2.0234893755; 15.6623990025
2801.00; 2.0227974633; 15.0568813621
2801.25; 2.0220915251; 14.5087612112
2801.50; 2.0213722174; 14.0307408029
2801.75; 2.0206413263; 13.6410026223
2802.00; 2.0199008969; 13.3624018305
2802.25; 2.0191469390; 13.2190599092
2802.50; 2.0183808542; 13.2398241071
2802.75; 2.0176004214; 13.4543943317
2803.00; 2.0168086467; 13.8907246784
2803.25; 2.0160054354; 14.5725422857
2803.50; 2.0151895045; 15.5181199730
2803.75; 2.0143621599; 16.7426393891
2804.00; 2.0135240971; 18.2484331838
2804.25; 2.0126773024; 20.0256552165
2804.50; 2.0118256450; 22.0495207537
2804.75; 2.0109678463; 24.2973987070
2805.00; 2.0101019291; 26.7441661236
2805.25; 2.0092342512; 29.3362358199
2805.50; 2.0083682642; 32.0365386769
2805.75; 2.0075066458; 34.7808118070
2806.00; 2.0066505425; 37.5264260633
2806.25; 2.0058089315; 40.2011189566
2806.50; 2.0049829241; 42.7713695773
2806.75; 2.0041721327; 45.2131342490
2807.00; 2.0033757516; 47.5063913497
2807.25; 2.0025931672; 49.6346467009
2807.50; 2.0018300797; 51.5713377755
2807.75; 2.0010873615; 53.3071596660
2808.00; 2.0003634495; 54.8429209018
2808.25; 1.9996642070; 56.1660629264
2808.50; 1.9989898393; 57.2791005563
2808.75; 1.9983438345; 58.1820508726
2809.00; 1.9977259501; 58.8830499415
2809.25; 1.9971357998; 59.3914455300
2809.50; 1.9965746400; 59.7164020126
2809.75; 1.9960430564; 59.8692914474
2810.00; 1.9955429032; 59.8633565849
2810.25; 1.9950749922; 59.7163390639
2810.50; 1.9946393100; 59.4416916394
2810.75; 1.9942342579; 59.0639384794
2811.00; 1.9938612524; 58.6087766119
2811.25; 1.9935180545; 58.1021211014
2811.50; 1.9932028987; 57.5730971398
2811.75; 1.9929185440; 57.0619433048
2812.00; 1.9926641526; 56.6061677978
2812.25; 1.9924380045; 56.2434433521
2812.50; 1.9922419402; 56.0180354305
2812.75; 1.9920752900; 55.9645163390
2813.00; 1.9919379196; 56.1140525722
2813.25; 1.9918303656; 56.4894874355
2813.50; 1.9917522672; 57.1072076664
2813.75; 1.9917047248; 57.9659362044
2814.00; 1.9916884124; 59.0580532986
2814.25; 1.9917044411; 60.3676808128
2814.50; 1.9917540198; 61.8474850812
2814.75; 1.9918387466; 63.4570584367
2815.00; 1.9919601035; 65.1403105783
2815.25; 1.9921195788; 66.8370546270
2815.50; 1.9923177940; 68.4779225383
2815.75; 1.9925561491; 70.0050000169
2816.00; 1.9928369161; 71.3696958104
2816.25; 1.9931625457; 72.5262127391
2816.50; 1.9935324727; 73.4283851855
2816.75; 1.9939490999; 74.0427533394
2817.00; 1.9944124919; 74.3436667720
2817.25; 1.9949239074; 74.3150325097
2817.50; 1.9954828515; 73.9491266925
2817.75; 1.9960912480; 73.2445813174
2818.00; 1.9967487674; 72.2091839831
2818.25; 1.9974545488; 70.8583965893
2818.50; 1.9982082730; 69.2109641591
2818.75; 1.9990048206; 67.3010652299
2819.00; 1.9998424447; 65.1600673990
2819.25; 2.0007226020; 62.8137280206
2819.50; 2.0016366250; 60.3213373204
2819.75; 2.0025891207; 57.6894109452
2820.00; 2.0035734437; 54.9651211933
2820.25; 2.0045868105; 52.1839609252
2820.50; 2.0056314163; 49.3672341091
2820.75; 2.0067101134; 46.5316783644
2821.00; 2.0078180983; 43.7163473227
2821.25; 2.0089494053; 40.9661818372
2821.50; 2.0101110142; 38.2911402601
2821.75; 2.0112941505; 35.7389006827
2822.00; 2.0124962040; 33.3425422196
2822.25; 2.0137174552; 31.1280477011
2822.50; 2.0149518342; 29.1303635309
2822.75; 2.0162005077; 27.3684340118
2823.00; 2.0174567556; 25.8652043853
2823.25; 2.0187221316; 24.6238142726
2823.50; 2.0199992181; 23.6371987024
2823.75; 2.0212884176; 22.8894259564
2824.00; 2.0225846546; 22.3583045255
2824.25; 2.0238898432; 22.0046522733
2824.50; 2.0252057884; 21.7799545681
2824.75; 2.0265225530; 21.6302004804
2825.00; 2.0278494603; 21.4935974291
2825.25; 2.0291871009; 21.3084783516
2825.50; 2.0305348000; 21.0146342704
2825.75; 2.0318945873; 20.5547850828
2826.00; 2.0332689389; 19.8760166989
2826.25; 2.0346582853; 18.9307009522
2826.50; 2.0360605231; 17.6836665638
2826.75; 2.0374745076; 16.1119614582
2827.00; 2.0388997965; 14.1985740498
2827.25; 2.0403260176; 11.9499367009
2827.50; 2.0417593686; 9.3576766447
2827.75; 2.0431854849; 6.4573704678
2828.00; 2.0446133295; 3.2473383591
2828.25; 2.0460361863; -0.2359390774
2828.50; 2.0474478537; -3.9506464246
2828.75; 2.0488414000; -7.8476717357
2829.00; 2.0502182267; -11.8972836304
2829.25; 2.0515834710; -16.0797039588
2829.50; 2.0529238716; -20.3172273035
2829.75; 2.0542409744; -24.5784053090
2830.00; 2.0555310014; -28.8143133776
2830.25; 2.0567947639; -32.9910134357
2830.50; 2.0580323404; -37.0720963637
2830.75; 2.0592319465; -40.9818783092
2831.00; 2.0603978175; -44.6985278228
2831.25; 2.0615190729; -48.1529879434
2831.50; 2.0625964223; -51.3139670972
2831.75; 2.0636226526; -54.1294200003
2832.00; 2.0645974752; -56.5704155420
2832.25; 2.0655229869; -58.6179143154
2832.50; 2.0663976227; -60.2493597599
2832.75; 2.0672178455; -61.4461463936
2833.00; 2.0679848719; -62.2065271783
2833.25; 2.0686962937; -62.5343516013
2833.50; 2.0693547449; -62.4480351393
2833.75; 2.0699572388; -61.9767375682
2834.00; 2.0705083368; -61.1555175811
2834.25; 2.0710066125; -60.0364379883
2834.50; 2.0714515146; -58.6798571940
2834.75; 2.0718473381; -57.1370082184
2835.00; 2.0721943122; -55.4746028959
2835.25; 2.0724935563; -53.7567521674
2835.50; 2.0727464502; -52.0435499813
2835.75; 2.0729580015; -50.3643300894
2836.00; 2.0731274665; -48.7824454793
2836.25; 2.0732563806; -47.3351270182
2836.50; 2.0733463840; -46.0480982489
2836.75; 2.0733992438; -44.9333402837
2837.00; 2.0734156710; -44.0111950104
2837.25; 2.0733970653; -43.2676109076
2837.50; 2.0733444936; -42.6949524214
2837.75; 2.0732590206; -42.2758994793
2838.00; 2.0731410015; -41.9829039858
2838.25; 2.0729908438; -41.7848762417
2838.50; 2.0728087357; -41.6462783762
2838.75; 2.0725961868; -41.5295214074
2839.00; 2.0723533703; -41.3941926185
2839.25; 2.0720809444; -41.2009132441
2839.50; 2.0717788820; -40.9112545093
2839.75; 2.0714473123; -40.4891593418
2840.00; 2.0710871874; -39.9048528632
2840.25; 2.0706989151; -39.1302805523
2840.50; 2.0702846429; -38.1448744160
2840.75; 2.0698444357; -36.9316072024
2841.00; 2.0693805136; -35.4835999051
2841.25; 2.0688905165; -33.7827852255
2841.50; 2.0683780263; -31.8361161887
2841.75; 2.0678446039; -29.6487928570
2842.00; 2.0672915094; -27.2285463517
2842.25; 2.0667205709; -24.5895740397
2842.50; 2.0661364517; -21.7634596913
2842.75; 2.0655381041; -18.7587330858
2843.00; 2.0649307886; -15.6185660416
2843.25; 2.0643158582; -12.3702400987
2843.50; 2.0636955893; -9.0489016035
2843.75; 2.0630742234; -5.7030913587
2844.00; 2.0624559907; -2.3834719500
2844.25; 2.0618395977; 0.8880123948
2844.50; 2.0612299732; 4.0567447387
2844.75; 2.0606283838; 7.0883768620
2845.00; 2.0600365007; 9.9486745996
2845.25; 2.0594592999; 12.5911172402
2845.50; 2.0588984271; 14.9906134781
2845.75; 2.0583560065; 17.1257490027
2846.00; 2.0578321294; 18.9892778167
2846.25; 2.0573307360; 20.5678114023
2846.50; 2.0568545989; 21.8590700694
2846.75; 2.0564020552; 22.8800538490
2847.00; 2.0559737889; 23.6467233802
2847.25; 2.0555687529; 24.1820851555
2847.50; 2.0551898465; 24.5100136620
2847.75; 2.0548368832; 24.6600748271
2848.00; 2.0545119353; 24.6628341196
2848.25; 2.0542131182; 24.5501185932
2848.50; 2.0539404669; 24.3516980583
2848.75; 2.0536928102; 24.0937054470
2849.00; 2.0534703969; 23.8010719868
2849.25; 2.0532734267; 23.4916849523
2849.50; 2.0531012718; 23.1770607474
2849.75; 2.0529541908; 22.8639238548
2850.00; 2.0528312295; 22.5507148164
2850.25; 2.0527320889; 22.2317741685
2850.50; 2.0526560063; 21.8960702141
2850.75; 2.0526027303; 21.5322614872
2851.00; 2.0525715546; 21.1257618672
2851.25; 2.0525618437; 20.6631561150
2851.50; 2.0525729016; 20.1315850682
2851.75; 2.0526039764; 19.5227920040
2852.00; 2.0526542825; 18.8318191425
2852.25; 2.0527230508; 18.0555564013
2852.50; 2.0528093253; 17.1957990496
2852.75; 2.0529121089; 16.2550416950
2853.00; 2.0530303746; 15.2396301600
2853.25; 2.0531624925; 14.1611244650
2853.50; 2.0533075914; 13.0228346573
2853.75; 2.0534653189; 11.8222126904
2854.00; 2.0536334082; 10.5694252355
2854.25; 2.0538114421; 9.2566275958
2854.50; 2.0539982726; 7.8785481209
2854.75; 2.0541922014; 6.4302686782
2855.00; 2.0543925071; 4.8992354836
2855.25; 2.0545987440; 3.2730198699
2855.50; 2.0548098538; 1.5426029170
2855.75; 2.0550236766; -0.2921437417
2856.00; 2.0552401868; -2.2474858993
2856.25; 2.0554575918; -4.3214832431
2856.50; 2.0556725204; -6.4964476949
2856.75; 2.0558830661; -8.7630828696
2857.00; 2.0560878350; -11.1159491450
2857.25; 2.0562864746; -13.5593537221
2857.50; 2.0564771716; -16.0782417146
2857.75; 2.0566582207; -18.6591199646
2858.00; 2.0568269702; -21.2694819755
2858.25; 2.0569811934; -23.8843710896
2858.50; 2.0571181026; -26.4693477853
2858.75; 2.0572351834; -28.9904800752
2859.00; 2.0573316272; -31.4523863926
2859.25; 2.0574054419; -33.8354157618
2859.50; 2.0574546632; -36.1176720331
2859.75; 2.0574775986; -38.2920781459
2860.00; 2.0574722456; -40.3306915111
2860.25; 2.0574369011; -42.2211789550
2860.50; 2.0573697608; -43.9531214048
2860.75; 2.0572696030; -45.4980660225
2861.00; 2.0571347855; -46.8410757737
2861.25; 2.0569650615; -47.9549997658
2861.50; 2.0567582709; -48.8250138477
2861.75; 2.0565138943; -49.4266517544
2862.00; 2.0562324077; -49.7343380260
2862.25; 2.0559119983; -49.7272383626
2862.50; 2.0555550426; -49.3851308199
2862.75; 2.0551593776; -48.6895832241
2863.00; 2.0547271711; -47.6330683317
2863.25; 2.0542598588; -46.2145284313
2863.50; 2.0537569758; -44.4341493367
2863.75; 2.0532206233; -42.3086017957
2864.00; 2.0526559507; -39.8751472663
2864.25; 2.0520620717; -37.1528629315
2864.50; 2.0514444958; -34.1946526421
2864.75; 2.0508071169; -31.0507759037
2865.00; 2.0501503068; -27.7561910858
2865.25; 2.0494792636; -24.3681081701
2865.50; 2.0487945146; -20.9197573434
2865.75; 2.0480992118; -17.4544832675
2866.00; 2.0473958661; -14.0085320684
2866.25; 2.0466864000; -10.6111044790
2866.50; 2.0459819220; -7.3307108943
2866.75; 2.0452757981; -4.1483728529
2867.00; 2.0445811241; -1.1292191615
2867.25; 2.0438942088; 1.7400445825
2867.50; 2.0432234893; 4.4272129185
2867.75; 2.0425651612; 6.9566149293
2868.00; 2.0419244122; 9.3161866002
2868.25; 2.0413063785; 11.4996828623
2868.50; 2.0407125004; 13.5171605486
2868.75; 2.0401459773; 15.3728141517
2869.00; 2.0396049179; 17.0932886135
2869.25; 2.0390898868; 18.6971552746
2869.50; 2.0386050826; 20.1927784830
2869.75; 2.0381504727; 21.6021542909
2870.00; 2.0377265456; 22.9470766648
2870.25; 2.0373321886; 24.2536144448
2870.50; 2.0369680958; 25.5435805969
2870.75; 2.0366387133; 26.8240110725
2871.00; 2.0363443788; 28.1148935381
2871.25; 2.0360851780; 29.4363792835
2871.50; 2.0358630761; 30.7976685348
2871.75; 2.0356793678; 32.2066362387
2872.00; 2.0355349763; 33.6695642250
2872.25; 2.0354315125; 35.1817832376
2872.50; 2.0353701251; 36.7386778787
2872.75; 2.0353522078; 38.3296769501
2873.00; 2.0353793932; 39.9376195487
2873.25; 2.0354535047; 41.5369415792
2873.50; 2.0355761589; 43.0895377348
2873.75; 2.0357495121; 44.5616149392
2874.00; 2.0359745440; 45.9048971207
2874.25; 2.0362515056; 47.0689466122
2874.50; 2.0365837635; 48.0195096809
2874.75; 2.0369737342; 48.7169238957
2875.00; 2.0374218793; 49.1231882428
2875.25; 2.0379286256; 49.2046887000
2875.50; 2.0384916427; 48.9360756320
2875.75; 2.0391133607; 48.2997730686
2876.00; 2.0397912574; 47.2894471549
2876.25; 2.0405271544; 45.9008806371
2876.50; 2.0413171542; 44.1468261083
2876.75; 2.0421661862; 42.0276695189
2877.00; 2.0430689881; 39.5733543932
2877.25; 2.0440252412; 36.8071518119
2877.50; 2.0450302023; 33.7710078377
2877.75; 2.0460807863; 30.5036817498
2878.00; 2.0471722829; 27.0531865566
2878.25; 2.0483094240; 23.4394944742
2878.50; 2.0494827754; 19.7281446473
2878.75; 2.0506923028; 15.9546255916
2879.00; 2.0519389868; 12.1490577916
2879.25; 2.0532134557; 8.3708853280
2879.50; 2.0545098431; 4.6652931675
2879.75; 2.0558271977; 1.0542268441
2880.00; 2.0571632606; -2.4417748719
2880.25; 2.0585153296; -5.8064638977
2880.50; 2.0598701410; -9.0066381903
2880.75; 2.0612378066; -12.0686434403
2881.00; 2.0626091536; -14.9808071552
2881.25; 2.0639859491; -17.7602210707
2881.50; 2.0653683274; -20.4236398616
2881.75; 2.0667549499; -22.9884312282
2882.00; 2.0681409024; -25.4673672444
2882.25; 2.0695124469; -27.8597270598
2882.50; 2.0708734322; -30.1981453330
2882.75; 2.0722158112; -32.4943115160
2883.00; 2.0735557634; -34.8009831450
2883.25; 2.0748799696; -37.1209152264
2883.50; 2.0761914044; -39.4842198097
2883.75; 2.0774834802; -41.9025235789
2884.00; 2.0787562858; -44.3981496571
2884.25; 2.0800058170; -46.9781153614
2884.50; 2.0812272438; -49.6472207797
2884.75; 2.0824160545; -52.4037409837
2885.00; 2.0835795052; -55.2683323167
2885.25; 2.0847112632; -58.2248625779
2885.50; 2.0858062953; -61.2537878864
2885.75; 2.0868666860; -64.3495481197
2886.00; 2.0878850685; -67.4757017368
2886.25; 2.0888653028; -70.6263733610
2886.50; 2.0898009267; -73.7606695113
2886.75; 2.0906877227; -76.8403241430
2887.00; 2.0915246671; -79.8361218935
2887.25; 2.0923108597; -82.7210046868
2887.50; 2.0930430060; -85.4570854195
2887.75; 2.0937154104; -87.9988422584
2888.00; 2.0943310166; -90.3330384409
2888.25; 2.0948840232; -92.4153508939
2888.50; 2.0953752954; -94.2290537542
2888.75; 2.0958012465; -95.7434703736
2889.00; 2.0961594964; -96.9359385697
2889.25; 2.0964511159; -97.7990463055
2889.50; 2.0966740881; -98.3192986406
2889.75; 2.0968284406; -98.4926517606
2890.00; 2.0969137089; -98.3173216260
2890.25; 2.0969298723; -97.7947267176
2890.50; 2.0968770621; -96.9340188374
2890.75; 2.0967556709; -95.7386190590
2891.00; 2.0965667754; -94.2182620658
2891.25; 2.0963114340; -92.3795881694
2891.50; 2.0959896114; -90.2200919143
2891.75; 2.0956040456; -87.7548289459
2892.00; 2.0951575875; -84.9972314953
2892.25; 2.0946528044; -81.9575345131
2892.50; 2.0940905389; -78.6367111603
2892.75; 2.0934732999; -75.0480653132
2893.00; 2.0928071003; -71.2237953651
2893.25; 2.0920956031; -67.1910294502
2893.50; 2.0913409331; -62.9760792059
2893.75; 2.0905473492; -58.6179251612
2894.00; 2.0897181684; -54.1537044741
2894.25; 2.0888581925; -49.6332606308
2894.50; 2.0879709562; -45.1004652614
2894.75; 2.0870567890; -40.5792218005
2895.00; 2.0861214740; -36.1229124808
2895.25; 2.0851716788; -31.7858460016
2895.50; 2.0842094068; -27.5977311788
2895.75; 2.0832418084; -23.6072136062
2896.00; 2.0822705746; -19.8350312725
2896.25; 2.0812949713; -16.2886259031
2896.50; 2.0803183519; -12.9869212477
2896.75; 2.0793496338; -9.9578323159
2897.00; 2.0783899004; -7.2036707265
2897.25; 2.0774348162; -4.7071146641
2897.50; 2.0764894709; -2.4709118812
2897.75; 2.0755505740; -0.4719419183
2898.00; 2.0746210544; 1.3026655294
2898.25; 2.0737043698; 2.8689266691
2898.50; 2.0728026249; 4.2485704500
2898.75; 2.0719147056; 5.4705367985
2899.00; 2.0710417376; 6.5607847463
2899.25; 2.0701813882; 7.5513177791
2899.50; 2.0693401323; 8.4630489881
2899.75; 2.0685080440; 9.3341654775
2900.00; 2.0676927600; 10.1839807973
2900.25; 2.0668995341; 11.0342267638
2900.50; 2.0661270205; 11.9130423433
2900.75; 2.0653753418; 12.8460733881
2901.00; 2.0646442800; 13.8580164262
2901.25; 2.0639303277; 14.9768255536
2901.50; 2.0632340384; 16.2225233024
2901.75; 2.0625560202; 17.6108304240
2902.00; 2.0619017629; 19.1426761893
2902.25; 2.0612691292; 20.8280328130
2902.50; 2.0606607842; 22.6571558237
2902.75; 2.0600788998; 24.6127293776
2903.00; 2.0595216483; 26.6811743900
2903.25; 2.0589942964; 28.8139424162
2903.50; 2.0584938336; 30.9876420069
2903.75; 2.0580270069; 33.1312838445
2904.00; 2.0575945957; 35.1954877975
2904.25; 2.0571981847; 37.1258728853
2904.50; 2.0568402147; 38.8643656783
2904.75; 2.0565210067; 40.3658782431
2905.00; 2.0562419544; 41.5845938433
2905.25; 2.0560036632; 42.4840565642
2905.50; 2.0558061242; 43.0357163432
2905.75; 2.0556483859; 43.2226575903
2906.00; 2.0555322207; 43.0289111834
2906.25; 2.0554563217; 42.4504792287
2906.50; 2.0554196222; 41.4885444155
2906.75; 2.0554210759; 40.1537634637
2907.00; 2.0554592405; 38.4663511355
2907.25; 2.0555319370; 36.4636742063
2907.50; 2.0556372567; 34.1682079851
2907.75; 2.0557731950; 31.6076666105
2908.00; 2.0559370650; 28.8222028179
2908.25; 2.0561252019; 25.8678842757
2908.50; 2.0563358002; 22.7692935412
2908.75; 2.0565653851; 19.5759622124
2909.00; 2.0568099473; 16.3416990141
2909.25; 2.0570660604; 13.1093604946
2909.50; 2.0573300183; 9.9226388452
2909.75; 2.0575993081; 6.8085956660
2910.00; 2.0578705106; 3.8036072936
2910.25; 2.0581411284; 0.9341212731
2910.50; 2.0584095448; -1.7869590288
2910.75; 2.0586736559; -4.3405147599
2911.00; 2.0589299494; -6.6931902292
2911.25; 2.0591753495; -8.8185986216
2911.50; 2.0594072288; -10.6963409791
2911.75; 2.0596232562; -12.3115200679
2912.00; 2.0598231192; -13.6678999126
2912.25; 2.0600056209; -14.7661985980
2912.50; 2.0601699114; -15.6144786689
2912.75; 2.0603151578; -16.2269601984
2913.00; 2.0604398804; -16.6215326777
2913.25; 2.0605435415; -16.8255937237
2913.50; 2.0606256875; -16.8714794349
2913.75; 2.0606866547; -16.7965299830
2914.00; 2.0607261630; -16.6401635361
2914.25; 2.0607437034; -16.4422279144
2914.50; 2.0607394241; -16.2379161879
2914.75; 2.0607132885; -16.0627631492
2915.00; 2.0606650059; -15.9460904207
2915.25; 2.0605945092; -15.9145882581
2915.50; 2.0605009016; -15.9898188785
2915.75; 2.0603848335; -16.1869206617
2916.00; 2.0602454082; -16.5164737633
2916.25; 2.0600820548; -16.9814667613
2916.50; 2.0598942521; -17.5788642958
2916.75; 2.0596802418; -18.3028995472
2917.00; 2.0594388672; -19.1418038941
2917.25; 2.0591696732; -20.0751883097
2917.50; 2.0588728766; -21.0755865724
2917.75; 2.0585463742; -22.1191364277
2918.00; 2.0581864691; -23.1831002810
2918.25; 2.0577951899; -24.2241472288
2918.50; 2.0573678839; -25.2142214042
2918.75; 2.0569061901; -26.1092768574
2919.00; 2.0564059274; -26.8771615499
2919.25; 2.0558701912; -27.4736179543
2919.50; 2.0552978589; -27.8658688938
2919.75; 2.0546899766; -28.0162002956
2920.00; 2.0540411256; -27.8944340196
2920.25; 2.0533528475; -27.4700757690
2920.50; 2.0526320555; -26.7232317047
2920.75; 2.0518757734; -25.6308168617
2921.00; 2.0510843760; -24.1771205846
2921.25; 2.0502559337; -22.3463599257
2921.50; 2.0493938110; -20.1342009432
2921.75; 2.0485037860; -17.5556059516
2922.00; 2.0475925069; -14.6394790592
2922.25; 2.0466516642; -11.3685118805
2922.50; 2.0456912967; -7.7948113321
2922.75; 2.0447185164; -3.9694124393
2923.00; 2.0437335081; 0.0786242572
2923.25; 2.0427340134; 4.3261005865
2923.50; 2.0417286896; 8.6951002690
2923.75; 2.0407184124; 13.1457021252
2924.00; 2.0397083262; 17.6149114614
2924.25; 2.0387000915; 22.0517040381
2924.50; 2.0377018435; 26.3766302835
2924.75; 2.0367151164; 30.5408831297
2925.00; 2.0357456040; 34.4870564974
2925.25; 2.0348007832; 38.1494297721
2925.50; 2.0338830495; 41.4915271798
2925.75; 2.0329916600; 44.4935589596
2926.00; 2.0321366432; 47.1019779192
2926.25; 2.0313193254; 49.3062600697
2926.50; 2.0305416757; 51.0997694889
2926.75; 2.0298061194; 52.4831964182
2927.00; 2.0291114785; 53.4723298498
2927.25; 2.0284605421; 54.0823167896
2927.50; 2.0278489774; 54.3441802249
2927.75; 2.0272835651; 54.2894406131
2928.00; 2.0267624611; 53.9596434108
2928.25; 2.0262851186; 53.4006575015
2928.50; 2.0258523615; 52.6640571878
2928.75; 2.0254629330; 51.8011407359
2929.00; 2.0251164752; 50.8654964068
2929.25; 2.0248106665; 49.9043793921
2929.50; 2.0245447145; 48.9663381269
2929.75; 2.0243179567; 48.0962485913
2930.00; 2.0241302943; 47.3354695011
2930.25; 2.0239817837; 46.7187369465
2930.50; 2.0238717926; 46.2696144950
2930.75; 2.0238008008; 46.0070873845
2931.00; 2.0237685296; 45.9376472805
2931.25; 2.0237753489; 46.0607447086
2931.50; 2.0238217351; 46.3685170830
2931.75; 2.0239078545; 46.8388394889
2932.00; 2.0240345228; 47.4468742488
2932.25; 2.0242034493; 48.1670394267
2932.50; 2.0244152091; 48.9578837918
2932.75; 2.0246710333; 49.7777003821
2933.00; 2.0249719065; 50.5829316304
2933.25; 2.0253193358; 51.3303362952
2933.50; 2.0257135711; 51.9675550667
2933.75; 2.0261539963; 52.4492009624
2934.00; 2.0266422972; 52.7333179822
2934.25; 2.0271812609; 52.7796405849
2934.50; 2.0277659242; 52.5561077442
2934.75; 2.0284021700; 52.0287184638
2935.00; 2.0290857693; 51.1758865425
2935.25; 2.0298204143; 49.9740747582
2935.50; 2.0306037769; 48.4141048011
2935.75; 2.0314366789; 46.4881529051
2936.00; 2.0323160853; 44.2042547446
2936.25; 2.0332363581; 41.5834055522
2936.50; 2.0341905467; 38.6583796415
2936.75; 2.0351777013; 35.4537112159
2937.00; 2.0361957292; 32.0011100575
2937.25; 2.0372469709; 28.3208994526
2937.50; 2.0383309765; 24.4466955622
2937.75; 2.0394424022; 20.4328719263
2938.00; 2.0405765185; 16.3351498713
2938.25; 2.0417238674; 12.2235131568
2938.50; 2.0428808302; 8.1528293553
2938.75; 2.0440532201; 4.1370369602
2939.00; 2.0452327085; 0.2382597428
2939.25; 2.0464164932; -3.5055289423
2939.50; 2.0476006128; -7.0589758827
2939.75; 2.0487781255; -10.3853349997
2940.00; 2.0499532510; -13.4848787322
2940.25; 2.0511203305; -16.3449574481
2940.50; 2.0522778702; -18.9644725406
2940.75; 2.0534198767; -21.3411284903
2941.00; 2.0545467885; -23.4945443718
2941.25; 2.0556557053; -25.4401794332
2941.50; 2.0567431398; -27.1965900852
2941.75; 2.0578105164; -28.7932952488
2942.00; 2.0588630067; -30.2643140510
2942.25; 2.0598963279; -31.6301817934
2942.50; 2.0609075770; -32.9124977848
2942.75; 2.0618971674; -34.1354754146
2943.00; 2.0628691259; -35.3262758953
2943.25; 2.0638192491; -36.4990555381
2943.50; 2.0647466536; -37.6712770084
2943.75; 2.0656473916; -38.8532781256
2944.00; 2.0665242037; -40.0613457982
2944.25; 2.0673732116; -41.3007257587
2944.50; 2.0681900972; -42.5733338971
2944.75; 2.0689749051; -43.8857915178
2945.00; 2.0697320797; -45.2487158052
2945.25; 2.0704564298; -46.6557061269
2945.50; 2.0711459455; -48.1017124675
2945.75; 2.0718009555; -49.5850076554
2946.00; 2.0724229035; -51.1048637776
2946.25; 2.0730073781; -52.6410073488
2946.50; 2.0735530794; -54.1800753145
2946.75; 2.0740576841; -55.7025497135
2947.00; 2.0745199414; -57.1882648440
2947.25; 2.0749365157; -58.6075171770
2947.50; 2.0753088785; -59.9442444354
2947.75; 2.0756362110; -61.1725028428
2948.00; 2.0759152069; -62.2556355949
2948.25; 2.0761468790; -63.1730112492
2948.50; 2.0763308271; -63.8984264920
2948.75; 2.0764673360; -64.4106811023
2949.00; 2.0765554908; -64.6852481941
2949.25; 2.0765950316; -64.7033693617
2949.50; 2.0765864270; -64.4527940185
2949.75; 2.0765300570; -63.9224744042
2950.00; 2.0764269531; -63.1113687085
2950.25; 2.0762782326; -62.0204453208
2950.50; 2.0760852529; -60.6544234613
2950.75; 2.0758493608; -59.0184756412
2951.00; 2.0755721940; -57.1200861972
2951.25; 2.0752558431; -54.9718137572
2951.50; 2.0749045392; -52.6002765915
2951.75; 2.0745183793; -50.0027812316
2952.00; 2.0740979279; -47.1809856584
2952.25; 2.0736489005; -44.1717679245
2952.50; 2.0731710500; -40.9734953863
2952.75; 2.0726699432; -37.6259031562
2953.00; 2.0721493775; -34.1595739334
2953.25; 2.0716127706; -30.6032961589
2953.50; 2.0710616942; -26.9788526715
2953.75; 2.0704996324; -23.3259823393
2954.00; 2.0699303829; -19.6859969216
2954.25; 2.0693556533; -16.0886267897
2954.50; 2.0687827059; -12.6001584376
2954.75; 2.0682119056; -9.2434622086
2955.00; 2.0676440708; -6.0436023828
2955.25; 2.0670840215; -3.0463862902
2955.50; 2.0665377838; -0.3013692602
2955.75; 2.0660023552; 2.1926750136
2956.00; 2.0654815095; 4.4080528992
2956.25; 2.0649788994; 6.3225567740
2956.50; 2.0644952895; 7.9307861405
2956.75; 2.0640353013; 9.2197349488
2957.00; 2.0635953179; 10.2088862648
2957.25; 2.0631777335; 10.9052190632
2957.50; 2.0627831782; 11.3247590277
2957.75; 2.0624106688; 11.4885044181
2958.00; 2.0620607588; 11.4158960677
2958.25; 2.0617338363; 11.1430162936
2958.50; 2.0614295083; 10.7012941069
2958.75; 2.0611466850; 10.1226919938
2959.00; 2.0608859444; 9.4451865076
2959.25; 2.0606461479; 8.6995659709
2959.50; 2.0604265362; 7.9226952843
2959.75; 2.0602245613; 7.1455637560
2960.00; 2.0600409962; 6.4090421450
2960.25; 2.0598750896; 5.7497179299
2960.50; 2.0597264459; 5.2028273275
2960.75; 2.0595945384; 4.8006805053
2961.00; 2.0594780378; 4.5698781066
2961.25; 2.0593774245; 4.5397694381
2961.50; 2.0592920634; 4.7314061543
2961.75; 2.0592218073; 5.1412753435
2962.00; 2.0591671046; 5.7662144047
2962.25; 2.0591279777; 6.5943539730
2962.50; 2.0591049551; 7.5995606866
2962.75; 2.0590986895; 8.7435403949
2963.00; 2.0591098833; 9.9874352016
2963.25; 2.0591394479; 11.2795728909
2963.50; 2.0591883175; 12.5658358238
2963.75; 2.0592574671; 13.7893454192
2964.00; 2.0593477382; 14.8922244519
2964.25; 2.0594602298; 15.8230632467
2964.50; 2.0595947100; 16.5252180835
2964.75; 2.0597518372; 16.9555698941
2965.00; 2.0599330387; 17.0826955129
2965.25; 2.0601365782; 16.8787901415
2965.50; 2.0603613246; 16.3311154950
2965.75; 2.0606083979; 15.4225963795
2966.00; 2.0608754239; 14.1556728596
2966.25; 2.0611618020; 12.5249880318
2966.50; 2.0614658417; 10.5506813042
2966.75; 2.0617851471; 8.2561394418
2967.00; 2.0621176718; 5.6641223345
2967.25; 2.0624617374; 2.7969854794
2967.50; 2.0628150080; -0.3157801157
2967.75; 2.0631753178; -3.6444035906
2968.00; 2.0635391661; -7.1460872675
2968.25; 2.0639036536; -10.7826858787
2968.50; 2.0642658912; -14.5169033245
2968.75; 2.0646202241; -18.2771567199
2969.00; 2.0649638694; -22.0255008748
2969.25; 2.0652941077; -25.7198073656
2969.50; 2.0656051789; -29.2823668502
2969.75; 2.0658948818; -32.6741022489
2970.00; 2.0661604903; -35.8500337720
2970.25; 2.0663993729; -38.7655707703
2970.50; 2.0666087396; -41.3795209448
2970.75; 2.0667865466; -43.6538106439
2971.00; 2.0669301621; -45.5500847331
2971.25; 2.0670381575; -47.0501993978
2971.50; 2.0671089402; -48.1380461655
2971.75; 2.0671417868; -48.8165310270
2972.00; 2.0671360726; -49.1021700295
2972.25; 2.0670913875; -49.0154114880
2972.50; 2.0670076930; -48.5861559337
2972.75; 2.0668849386; -47.8542562924
2973.00; 2.0667237939; -46.8690421309
2973.25; 2.0665258917; -45.6916259345
2973.50; 2.0662924832; -44.3760684524
2973.75; 2.0660249301; -42.9781358996
2974.00; 2.0657240253; -41.5481130444
2974.25; 2.0653894192; -40.1275625222
2974.50; 2.0650230343; -38.7640489749
2974.75; 2.0646272331; -37.4998947692
2975.00; 2.0642022253; -36.3632700143
2975.25; 2.0637456705; -35.3708638591
2975.50; 2.0632601392; -34.5454413769
2975.75; 2.0627442191; -33.8960812564
2976.00; 2.0621998320; -33.4304267499
2976.25; 2.0616304043; -33.1468249916
2976.50; 2.0610338721; -33.0368638648
2976.75; 2.0604130200; -33.0863848763
2977.00; 2.0597670765; -33.2755464811
2977.25; 2.0590960644; -33.5792497671
2977.50; 2.0583993207; -33.9695767217
2977.75; 2.0576736146; -34.4160496744
2978.00; 2.0569163316; -34.8846939705
2978.25; 2.0561268578; -35.3376196706
2978.50; 2.0553039137; -35.7356386924
2978.75; 2.0544481775; -36.0330490898
2979.00; 2.0535652987; -36.1776116794
2979.25; 2.0526535588; -36.1291193209
2979.50; 2.0517087793; -35.8425864965
2979.75; 2.0507309027; -35.2728996678
2980.00; 2.0497246154; -34.3789926498
2980.25; 2.0486851995; -33.1178066218
2980.50; 2.0476155389; -31.4572200603
2980.75; 2.0465206744; -29.3749946920
2981.00; 2.0454059535; -26.8619488993
2981.25; 2.0442736275; -23.9048103737
2981.50; 2.0431164631; -20.5255792292
2981.75; 2.0419416573; -16.7194648880
2982.00; 2.0407539574; -12.5185048879
2982.25; 2.0395594642; -7.9867008750
2982.50; 2.0383582054; -3.1679168695
2982.75; 2.0371533989; 1.8740181008
2983.00; 2.0359516651; 7.0534102253
2983.25; 2.0347548382; 12.3028900976
2983.50; 2.0335718139; 17.5188412903
2983.75; 2.0324113704; 22.6068980028
2984.00; 2.0312669186; 27.5382730645
2984.25; 2.0301483923; 32.2153471847
2984.50; 2.0290586586; 36.5795265856
2984.75; 2.0280037620; 40.5634097500
2985.00; 2.0269886528; 44.1175110691
2985.25; 2.0260131575; 47.2200459560
2985.50; 2.0250789619; 49.8508540585
2985.75; 2.0241877957; 51.9948019833
2986.00; 2.0233442180; 53.6380617177
2986.25; 2.0225520630; 54.7836131217
2986.50; 2.0218106092; 55.4499283274
2986.75; 2.0211196204; 55.6619048910
2987.00; 2.0204816119; 55.4516261064
2987.25; 2.0198973683; 54.8603132145
2987.50; 2.0193638627; 53.9305816160
2987.75; 2.0188776570; 52.7105974705
2988.00; 2.0184395475; 51.2581355201
2988.25; 2.0180484019; 49.6330006833
2988.50; 2.0177011340; 47.8888875536
2988.75; 2.0173986451; 46.0990312602
2989.00; 2.0171394104; 44.3246438820
2989.25; 2.0169224966; 42.6302127959
2989.50; 2.0167457409; 41.0673640493
2989.75; 2.0166080822; 39.6899132144
2990.00; 2.0165083058; 38.5434180521
2990.25; 2.0164451795; 37.6622820728
2990.50; 2.0164183439; 37.0799598431
2990.75; 2.0164274900; 36.8170482998
2991.00; 2.0164726941; 36.8852095891
2991.25; 2.0165543120; 37.2821843384
2991.50; 2.0166728998; 37.9917879583
2991.75; 2.0168292615; 38.9836990816
2992.00; 2.0170242955; 40.2153385705
2992.25; 2.0172590992; 41.6327233856
2992.50; 2.0175347874; 43.1711065903
2992.75; 2.0178543723; 44.7696136608
2993.00; 2.0182172885; 46.3449427162
2993.25; 2.0186258015; 47.8213377834
2993.50; 2.0190793566; 49.1265075783
2993.75; 2.0195811532; 50.2002895426
2994.00; 2.0201324255; 50.9820650258
2994.25; 2.0207326625; 51.4169778105
2994.50; 2.0213856275; 51.4633982657
2994.75; 2.0220872051; 51.0867138248
2995.00; 2.0228353961; 50.2651934443
2995.25; 2.0236338919; 48.9812956638
2995.50; 2.0244795092; 47.2355264342
2995.75; 2.0253697290; 45.0372267828
2996.00; 2.0262973889; 42.4171914694
2996.25; 2.0272676754; 39.3794002038
2996.50; 2.0282757842; 35.9652238058
2996.75; 2.0293263731; 32.1896724537
2997.00; 2.0304126967; 28.1072246986
2997.25; 2.0315232833; 23.8117750236
2997.50; 2.0326598875; 19.3366615995
2997.75; 2.0338174876; 14.7440196443
2998.00; 2.0349922279; 10.0951863469
2998.25; 2.0361812880; 5.4476986152
2998.50; 2.0373790504; 0.8698102822
2998.75; 2.0385831199; -3.5854273513
2999.00; 2.0397859647; -7.8376123831
2999.25; 2.0409912665; -11.8630263791
2999.50; 2.0421956282; -15.6358058265
2999.75; 2.0433842627; -19.0396893324
3000.00; 2.0445655357; -22.0734277013
