
Will write log file to "p03_equilibrar.md.log".

Command line:  /home/henrique/bin/orca611/orca_md -orca p03_equilibrar

-------------------------------------------------------------------------------------------


     _____    ___    _   _       _                  ______ ______  _____   ___  
    /  ___|  / _ \  | \ | |     | |           _    /  __  \| ___ \/  __ \ / _ \ 
    \ `--.  / /_\ \ |  \| |   __| | _   _   _| |_  | |  | || |_/ /| /  \// /_\ \
     `--. \ |  _  | | . ` |  / _` || | | | |_   _| | |  | ||    / | |    |  _  |
    /\__/ / | | | | | |\  | | (_| || |_| |   |_|   | \__/ || |\ \ | \__/\| | | |
    \____/  \_| |_/ \_| \_/  \__,_| \__, |          \____/ \_| \_| \____/\_| |_/
                                     __/ |                                      
                                    |___/                                       


    ####################################################################
    ########     Scriptable Nuclear Dynamics (SANdy) + ORCA     ########
    ########           (c) Martin Brehm, 2016 - 2025            ########
    ########           Paderborn University, Germany            ########
    ########           https://sanscript.org/orcamd             ########
    ####################################################################


  * Compiled as ORCA module. Called from ORCA.
  * ORCA base name: "p03_equilibrar"
  * Source code version: Jun 07 2025, compiled at Nov 24 2025 07:23:22.
  * Enabled features: SAN_MD, SAN_INTERPRETER
  * Libraries: KISS_FFT, LBFGSBC
  * Executable name: "/home/henrique/bin/orca611/orca_md"
  * Messages are redirected, Errors are redirected, Output is redirected, Input from stdin
  * Running on NotebookAW at Wed Sep 30 10:36:11 2026 (PID 48)
  * Running in /home/henrique/aimd-workshop/exercicios-pal8-20260928/p03_equilibrar_proton32

    -----------------------------------------------

    Technical information:

  * Compiler:      LLVM, CLANG 20.1.6, "Clang 20.1.6 (/home/frankw/CompEnv/src/llvm2016/llvm-project/clang 47addd4540b4c393e478ba92bea2589e330c57fb)", Linux, __cplusplus=201103L
  * Compile host:  x86_64, Little Endian, char=8bits, int=4b, long=8b, ll=8b, addr=8b, 0x01020304=4,3,2,1.
  * Class sizes:   InputElem=248, ValuePair=112, Type=96, Value=8, VMToken=8, VMInst=8
  * Compile flags: MMX, SSE, SSE2, SSE3, SSSE3, SSE4.1, SSE4.2, POPCNT, FMA3, AVX, AVX2
  * Local machine: Intel(R) Core(TM) Ultra 9 185H (GenuineIntel), Family 6, Model 170, Stepping 4
                   1 CPU, 11 cores, 22 threads,  Uptime 3m 33s
                   MMX, SSE, SSE2, SSE3, SSSE3, SSE4.1, SSE4.2, POPCNT, AES, FMA3, AVX, AVX2, SHA
                   Caches: 11x L1d (528 KiB), 11x L1i (704 KiB), 11x L2 (22 MiB), 1x L3 (24 MiB)
  * Op. System:    Ubuntu 24.04.4 LTS, Linux version 6.18.33.2-microsoft-standard-WSL2 
  * Phys. Memory:  15.38 GiB total,  13.72 GiB free
  * Stack size:    8.00 MiB


The following libraries are included:

  * KISS FFT,   Version 131.1.0 (02/2021), License: BSD 3-clause
      (c) 2003-2010 Mark Borgerding, see https://github.com/mborgerding/kissfft

  * L-BFGS-B-C, Version 3.0 (04/2011),     License: BSD 3-clause
      (c) Stephen Becker, see https://github.com/stephenbeckr/L-BFGS-B-C

  * MT19937 Pseudo Random Number Gen.,     License: Custom (permissive)
      (c) 1997-2005 Makoto Matsumoto, Takuji Nishimura, Mutsuo Saito, see https://github.com/clibs/mt19937ar


Initializing SAN engine...
  24 physical quantities and 49 units added.
  Initialized SAN language:
    97 operators, 57 keywords, 4 namespaces, 35 types, 183 flags
Done.


>>> Reading Input File >>>

Reading input file "p03_equilibrar.mdinput" ...
  274 bytes read.
  8 lines.
Tokenizing input...
Found 35 tokens in file.
  ( 19 identifiers,      12 numeric literals,  3 operators,  
     1 string literals,   1 comments )
Line endings are uniform: 8 x \n

<<< Finished Reading Input File (took 0.000 seconds) <<<


Using the following settings:
  Interpret:              true
  Execution:              SAN-VM
  Parser verbose level:   1
  Execute verbose level:  2
  Syntax highlighting:    0
  Static vars:            false
  Dynamic types:          true
  Max. recursion depth:   200
  Max. nesting depth:     1000
  Max. argument count:    100
  Only parse:             false


>>> Parsing Input Script >>>

Handled 5 underscore identifiers.
Handling module imports...
  Importing module "Math" to global namespace.
  Importing module "MD" to global namespace.
Handled 2 module imports.
Handled 3 operators.
Grouped 2 commas.
Removed 1 commas.
Handled 13 variable occurrences.
Assigned 8 identifiers.
Handling functions,      iteration  1...
                         iteration  2...
                         iteration  3...
Handling "FOR" loops...
Handling AutoDecl,       iteration  1...
No auto declarations.
Assigned 6 flags, re-doing function handling...
Handling functions ( 2), iteration  1...
                         iteration  2...
Handling "FOR" loops...
Handling AutoDecl,       iteration  1...
No auto declarations.
Handling functions, final pass...
  Moving "Void" argument 8 ("Dump") of function "Walls" up 1 levels to "ROOT".
Function handling done (2 macro-iterations, 0.001 seconds).
Handling keywords,       iteration  1...
Prepared 7 argument lists.
Assigned 20 read-only flags.
Assigned 29 simple VP flags.
Assigned 28 tree IDs.

<<< Finished Parsing Input Script (took 0.001 seconds) <<<


SAN-VM: Compiling...
  Optimization level: Not specified. Using default ("-O2").
Done (took 0.000 seconds).


  Part              # Tokens    # Registers    # Shortcuts    # Optimizations
  ---------------------------------------------------------------------------
  Main Program            52              0              0                  0


-------------------------------------------------------------------------------------------

>>> Initializing MD engine with interface "ORCA" >>>



>>>>>>>>>>>>>>>>>>>>>>>>>>>>>>>>>>>>>>>>>>>>>>>>>>>>
>>>   Output of System Information (from ORCA)   >>>
>>>>>>>>>>>>>>>>>>>>>>>>>>>>>>>>>>>>>>>>>>>>>>>>>>>>

(the output of geometry and basis set information is missing in the MD log file,
 as it is written to the screen directly by ORCA.)

############################################
   Total Atom Count:              97
   Total System Mass:        577.488 a.m.u.
   Total Basis Dimension:          0
   Total Electron Number:          0
   Total Charge:                   1
   Total Multiplicity:             1
  ------------------------------------------
   ReducePrint:                 true
   Print Mulliken Pop:             1
   Print Loewdin Pop:              1
   Print Mayer Pop:                1
   Print Orbital Energies:         1
############################################

<<<<<<<<<<<<<<<<<<<<<<<<<<<<<<<<<<<<<<<<<<<<<<<<<<<<
<<<          End of System Information           <<<
<<<<<<<<<<<<<<<<<<<<<<<<<<<<<<<<<<<<<<<<<<<<<<<<<<<<


Initializing regions...

Defined regions:
         All:    97 atoms,    577.488 a.m.u.
          QM:   All
      Active:   All



### System Geometry ###

  * Region "All" = "Active" = "QM":
      Bounding box: from (   -6.856 |   -4.364 |   -5.567 )
                      to (    5.557 |    7.171 |    4.884 ) Angstrom
      System extent:     (   12.414 |   11.536 |   10.451 ) Angstrom
      Center of mass:    (    0.010 |    0.004 |   -0.002 ) Angstrom
      Total mass:           577.488 a.m.u.

      Moment of inertia: (      7976.68 |        13.11 |       473.95 )
                         (        13.11 |      7894.86 |      -141.00 ) a.m.u. Angstrom^2
                         (       473.95 |      -141.00 |      8753.03 )
      Singular values:   (      8991.07 |      7720.22 |      7913.28 ) a.m.u. Angstrom^2



Smallest interatomic distance from active region: 0.957134 Angstrom (atoms 70 - 71).


<<< MD engine initialization done (took 0.364 seconds) <<<


###############################################################
########        Executing Input Script (SAN-VM)        ########
###############################################################

Execution verbose level is 2.

-------------------------------------------------------------------------------------------



>>>>>> Timestep( 0.25_fs )

Setting integration time step to 0.25 fs.

The lightest element in the active region has an atomic mass of 1.008 a.m.u.
Recommending time step not larger than 0.50 .. 1.00 fs.

Hint: This time step is very small. You might afford a larger value to increase computational efficiency.


>>>>>> Thermostat( CSVR, 300_K, Timecon, 100_fs )

Switching on thermostat for region "All": Type CSVR, temperature 300.00 K, time constant 100.00 fs, global.


>>>>>> Walls( Sphere, 0, 0, 0, 8.5_A, Spring, 10.0000 )


Note: In function func_Walls(): Found length value "0" without unit - assuming it is in Angstrom.
In p03_equilibrar.mdinput:4:
      Walls Sphere 0, 0, 0, 8.5000_A Spring 10.0000
                   ^


Note: In function func_Walls(): Found length value "0" without unit - assuming it is in Angstrom.
In p03_equilibrar.mdinput:4:
      Walls Sphere 0, 0, 0, 8.5000_A Spring 10.0000
                      ^


Note: In function func_Walls(): Found length value "0" without unit - assuming it is in Angstrom.
In p03_equilibrar.mdinput:4:
      Walls Sphere 0, 0, 0, 8.5000_A Spring 10.0000
                         ^

Switched on spherical wall with center ( 0.00 | 0.00 | 0.00 ) and radius 8.50 Angstrom.

Note: In function func_Walls(): Found spring constant value "10" without unit - assuming it is in kJ mol^-1 Angstrom^-2.
In p03_equilibrar.mdinput:4:
      Walls Sphere 0, 0, 0, 8.5000_A Spring 10.0000
                                            ^^^^^^^

Set wall spring constant to 10.000 kJ mol^-1 Angstrom^-2.


>>>>>> Dump( Position, Stride, 2, Filename, "p03_equilibrar-traj.xyz" )

Modified writing position trajectory for region "all": Format XYZ, stride 2, filename "p03_equilibrar-traj.xyz", append.


>>>>>> Randomize( 93101 )

Initialized random number generator seed to 93101.


>>>>>> Initvel( 300_K )

Old temperature of the total system is     0.000 K.

Initializing atom velocities for region "all" to 300.000 K:
  Creating Maxwell-Boltzmann distribution...
  Temperature after random initialization is 273.011 K.
  Rescaling velocities to match desired initial temperature (factor 1.048264)...
  Removing initial center of mass movement...
  Temperature after center of mass movement removal is 299.183 K.
  Removing initial angular velocity...
    Angular momentum before:  (  -1.83846075 |  -0.86859249 |  -0.26928539 ) a.m.u. Angstrom^2 fs^-1
    Angular velocity before:  (  -0.00022910 |  -0.00011000 |  -0.00002013 ) fs^-1
    Angular momentum after:   (  -0.00000000 |   0.00000000 |  -0.00000000 ) a.m.u. Angstrom^2 fs^-1
    Angular velocity after:   (  -0.00000000 |   0.00000000 |  -0.00000000 ) fs^-1
  Temperature after angular velocity removal is 297.025 K.
  Rescaling velocities to match desired initial temperature (factor 1.004995)...
Done.

New temperature of the total system is   300.000 K.


>>>>>> Run( 2000 )


***************************************************
****    Starting MD loop for     2000 steps    ****
***************************************************


>>> Initial Wall Info >>>
    Active wall has spherical geometry.
    Wall centered at ( 0.000 | 0.000 | 0.000 ) with radius 8.500 Angstrom.
    All atoms are inside the wall.
    The atom closest to the wall has a distance of 0.805 Angstrom.
    Wall volume:    2572.441 Angstrom^3
    Wall surface:    907.920 Angstrom^2
    Cell mass density: 0.3728 g/cm^3
    Spring constant of the wall is 10.000 kJ mol^-1 Angstrom^-2.
    Wall is fixed.
<<< Initial Wall Info <<<


Defined regions:
         All:    97 atoms,    577.488 a.m.u.
          QM:   All
      Active:   All


Dump: Will write Position data of region "All" in XYZ format with stride 2 to "p03_equilibrar-traj.xyz" (append).

Hint: To compute properties (dipole, etc.) in each step, specify "dump properties" before run.

Active Thermostats:
  (*) Region "All": Type CSVR, temperature 300.00 K, time constant 100.00 fs, global.


Will write restart file to "p03_equilibrar.mdrestart" after each step.
Will write energy statistics to "p03_equilibrar-md-ener.csv" after each step.

The system contains 291 active degrees of freedom (97 active atoms * 3).

Smallest interatomic distance from active region: 0.957134 Angstrom (atoms 70 - 71).



       Step |  Sim. Time | Iter |  t_Ener |  t_Grad |     Temp |     E_Kin |         E_Pot |         E_Tot |      Cons.Qty | E.Drift | Av.Press.
            |       [fs] |      |     [s] |     [s] |      [K] | [Hartree] |     [Hartree] |     [Hartree] |     [Hartree] |     [K] |     [bar]
------------|------------|------|---------|---------|----------|-----------|---------------|---------------|---------------|---------|-------------
          0          0.0             0.11               300.00    0.138231     -163.153748     -163.015517                                      
          1          0.2             0.07               297.52    0.137087     -163.152866     -163.015779     -163.015511      0.00        0.00
          2          0.5             0.07               291.96    0.134527     -163.150308     -163.015780     -163.015496      0.02        0.00
          3          0.8             0.06               284.18    0.130942     -163.146307     -163.015366     -163.015474      0.04        0.00
          4          1.0             0.07               273.23    0.125897     -163.141217     -163.015320     -163.015445      0.07        0.00
          5          1.2             0.07               263.03    0.121195     -163.135496     -163.014301     -163.015413      0.11        0.00
          6          1.5             0.06               253.46    0.116786     -163.129616     -163.012830     -163.015382      0.14        0.00
          7          1.8             0.06               242.06    0.111533     -163.124052     -163.012519     -163.015355      0.17        0.00
          8          2.0             0.06               230.51    0.106210     -163.119263     -163.013053     -163.015334      0.19        0.00
          9          2.2             0.06               225.45    0.103880     -163.115593     -163.011714     -163.015323      0.20        0.00
         10          2.5             0.06               220.82    0.101748     -163.113191     -163.011443     -163.015322      0.21        0.00
         11          2.8             0.06               218.69    0.100764     -163.112095     -163.011331     -163.015330      0.20        0.00
         12          3.0             0.05               216.70    0.099847     -163.112181     -163.012334     -163.015345      0.18        0.00
         13          3.2             0.06               219.28    0.101040     -163.113206     -163.012166     -163.015366      0.16        0.00
         14          3.5             0.06               223.75    0.103097     -163.114854     -163.011756     -163.015388      0.13        0.00
         15          3.8             0.06               228.34    0.105212     -163.116772     -163.011560     -163.015409      0.11        0.00
         16          4.0             0.06               233.46    0.107573     -163.118612     -163.011039     -163.015428      0.09        0.00
         17          4.2             0.07               238.60    0.109940     -163.120067     -163.010126     -163.015443      0.07        0.00
         18          4.5             0.07               237.97    0.109650     -163.120888     -163.011239     -163.015453      0.06        0.00
         19          4.8             0.07               236.03    0.108754     -163.120902     -163.012148     -163.015459      0.06        0.00
         20          5.0             0.06               237.78    0.109564     -163.120034     -163.010470     -163.015460      0.06        0.00
         21          5.2             0.07               234.78    0.108182     -163.118251     -163.010069     -163.015457      0.06        0.00
         22          5.5             0.07               227.67    0.104906     -163.115605     -163.010699     -163.015449      0.07        0.00
         23          5.8             0.08               222.38    0.102466     -163.112238     -163.009772     -163.015438      0.08        0.00
         24          6.0             0.07               214.31    0.098749     -163.108315     -163.009566     -163.015423      0.10        0.00
         25          6.2             0.07               202.45    0.093281     -163.104091     -163.010810     -163.015405      0.12        0.00
         26          6.5             0.07               193.04    0.088948     -163.099905     -163.010957     -163.015385      0.14        0.00
         27          6.8             0.07               185.90    0.085656     -163.096068     -163.010412     -163.015364      0.16        0.00
         28          7.0             0.07               179.04    0.082497     -163.092897     -163.010400     -163.015346      0.18        0.00
         29          7.2             0.08               173.85    0.080103     -163.090705     -163.010601     -163.015331      0.20        0.00
         30          7.5             0.07               171.27    0.078917     -163.089723     -163.010806     -163.015324      0.20        0.00
         31          7.8             0.07               172.45    0.079461     -163.090071     -163.010610     -163.015325      0.20        0.00
         32          8.0             0.07               176.11    0.081147     -163.091730     -163.010583     -163.015335      0.19        0.00
         33          8.2             0.08               182.00    0.083863     -163.094532     -163.010669     -163.015355      0.17        0.00
         34          8.5             0.08               188.89    0.087036     -163.098171     -163.011136     -163.015380      0.14        0.00
         35          8.8             0.07               197.52    0.091014     -163.102242     -163.011228     -163.015409      0.11        0.00
         36          9.0             0.07               205.50    0.094687     -163.106302     -163.011615     -163.015437      0.08        0.00
         37          9.2             0.07               213.15    0.098215     -163.109905     -163.011690     -163.015461      0.05        0.00
         38          9.5             0.06               220.46    0.101580     -163.112673     -163.011093     -163.015479      0.04        0.00
         39          9.8             0.05               222.33    0.102444     -163.114324     -163.011879     -163.015489      0.02        0.00
         40         10.0             0.07               222.76    0.102642     -163.114690     -163.012048     -163.015490      0.02        0.00
         41         10.2             0.06               219.44    0.101112     -163.113764     -163.012652     -163.015482      0.03        0.00
         42         10.5             0.06               215.20    0.099156     -163.111670     -163.012514     -163.015468      0.05        0.00
         43         10.8             0.06               208.10    0.095885     -163.108627     -163.012743     -163.015449      0.07        0.00
         44         11.0             0.06               199.92    0.092119     -163.104946     -163.012827     -163.015427      0.09        0.00
         45         11.2             0.06               190.86    0.087943     -163.100968     -163.013025     -163.015406      0.11        0.00
         46         11.5             0.06               181.03    0.083414     -163.097041     -163.013626     -163.015386      0.14        0.00
         47         11.8             0.05               173.96    0.080155     -163.093485     -163.013329     -163.015371      0.15        0.00
         48         12.0             0.07               166.12    0.076544     -163.090521     -163.013976     -163.015361      0.16        0.00
         49         12.2             0.07               162.82    0.075022     -163.088320     -163.013299     -163.015358      0.17        0.00
         50         12.5             0.07               160.52    0.073962     -163.086923     -163.012962     -163.015360      0.16        0.00
         51         12.8             0.06               161.59    0.074456     -163.086299     -163.011842     -163.015367      0.16        0.00
         52         13.0             0.07               162.61    0.074928     -163.086326     -163.011399     -163.015378      0.14        0.00
         53         13.2             0.07               163.89    0.075517     -163.086827     -163.011309     -163.015391      0.13        0.00
         54         13.5             0.07               165.08    0.076064     -163.087585     -163.011521     -163.015405      0.12        0.00
         55         13.8             0.07               169.12    0.077927     -163.088381     -163.010454     -163.015418      0.10        0.00
         56         14.0             0.06               168.17    0.077487     -163.089009     -163.011522     -163.015428      0.09        0.00
         57         14.2             0.07               169.09    0.077910     -163.089289     -163.011379     -163.015436      0.08        0.00
         58         14.5             0.17               166.60    0.076765     -163.089108     -163.012343     -163.015440      0.08        0.00
         59         14.8             0.07               165.29    0.076161     -163.088401     -163.012241     -163.015441      0.08        0.00
         60         15.0             0.08               160.85    0.074116     -163.087154     -163.013038     -163.015439      0.08        0.00
         61         15.2             0.07               157.95    0.072778     -163.085411     -163.012633     -163.015435      0.08        0.00
         62         15.5             0.07               155.39    0.071598     -163.083234     -163.011637     -163.015428      0.09        0.00
         63         15.8             0.07               151.77    0.069933     -163.080715     -163.010782     -163.015420      0.10        0.00
         64         16.0             0.07               146.23    0.067379     -163.077986     -163.010607     -163.015409      0.11        0.00
         65         16.2             0.07               141.57    0.065231     -163.075226     -163.009995     -163.015398      0.12        0.00
         66         16.5             0.08               137.72    0.063455     -163.072616     -163.009160     -163.015386      0.14        0.00
         67         16.8             0.07               134.86    0.062138     -163.070348     -163.008209     -163.015373      0.15        0.00
         68         17.0             0.08               130.95    0.060339     -163.068615     -163.008275     -163.015363      0.16        0.00
         69         17.2             0.06               129.66    0.059744     -163.067601     -163.007856     -163.015356      0.17        0.00
         70         17.5             0.06               127.15    0.058586     -163.067423     -163.008837     -163.015353      0.17        0.00
         71         17.8             0.06               127.82    0.058895     -163.068129     -163.009234     -163.015356      0.17        0.00
         72         18.0             0.05               132.80    0.061192     -163.069681     -163.008489     -163.015365      0.16        0.00
         73         18.2             0.06               135.87    0.062605     -163.071961     -163.009356     -163.015378      0.14        0.00
         74         18.5             0.06               142.83    0.065812     -163.074735     -163.008923     -163.015394      0.13        0.00
         75         18.8             0.06               150.07    0.069146     -163.077785     -163.008639     -163.015410      0.11        0.00
         76         19.0             0.06               157.30    0.072479     -163.080849     -163.008370     -163.015424      0.09        0.00
         77         19.2             0.06               164.13    0.075624     -163.083695     -163.008071     -163.015435      0.08        0.00
         78         19.5             0.06               172.19    0.079340     -163.086147     -163.006807     -163.015441      0.08        0.00
         79         19.8             0.06               174.85    0.080568     -163.088101     -163.007533     -163.015443      0.07        0.00
         80         20.0             0.06               179.50    0.082708     -163.089491     -163.006782     -163.015442      0.08        0.00
         81         20.2             0.06               182.13    0.083919     -163.090351     -163.006432     -163.015438      0.08        0.00
         82         20.5             0.06               185.11    0.085293     -163.090731     -163.005438     -163.015432      0.09        0.00
         83         20.8             0.06               186.54    0.085952     -163.090706     -163.004754     -163.015426      0.09        0.00
         84         21.0             0.07               187.18    0.086249     -163.090355     -163.004106     -163.015420      0.10        0.00
         85         21.2             0.06               187.62    0.086449     -163.089766     -163.003317     -163.015414      0.11        0.00
         86         21.5             0.06               188.23    0.086731     -163.089024     -163.002294     -163.015408      0.11        0.00
         87         21.8             0.07               187.45    0.086373     -163.088216     -163.001843     -163.015402      0.12        0.00
         88         22.0             0.06               185.59    0.085517     -163.087432     -163.001915     -163.015396      0.12        0.00
         89         22.2             0.06               182.13    0.083918     -163.086767     -163.002849     -163.015391      0.13        0.00
         90         22.5             0.06               179.77    0.082834     -163.086309     -163.003475     -163.015387      0.13        0.00
         91         22.8             0.06               179.75    0.082824     -163.086120     -163.003296     -163.015386      0.14        0.00
         92         23.0             0.06               181.95    0.083837     -163.086218     -163.002381     -163.015387      0.14        0.00
         93         23.2             0.06               182.60    0.084137     -163.086579     -163.002442     -163.015390      0.13        0.00
         94         23.5             0.05               184.51    0.085017     -163.087139     -163.002122     -163.015396      0.13        0.00
         95         23.8             0.06               188.04    0.086642     -163.087809     -163.001167     -163.015402      0.12        0.00
         96         24.0             0.07               191.78    0.088365     -163.088481     -163.000115     -163.015409      0.11        0.00
         97         24.2             0.07               193.69    0.089249     -163.089036     -162.999787     -163.015415      0.10        0.00
         98         24.5             0.07               193.74    0.089268     -163.089368     -163.000100     -163.015419      0.10        0.00
         99         24.8             0.06               193.35    0.089089     -163.089401     -163.000312     -163.015422      0.10        0.00
        100         25.0             0.06               190.39    0.087726     -163.089089     -163.001364     -163.015424      0.09        0.00
        101         25.2             0.06               187.66    0.086470     -163.088419     -163.001950     -163.015424      0.09        0.00
        102         25.5             0.06               186.13    0.085764     -163.087402     -163.001638     -163.015423      0.10        0.00
        103         25.8             0.06               183.67    0.084631     -163.086056     -163.001426     -163.015420      0.10        0.00
        104         26.0             0.06               180.73    0.083275     -163.084425     -163.001151     -163.015417      0.10        0.00
        105         26.2             0.06               178.59    0.082288     -163.082574     -163.000285     -163.015411      0.11        0.00
        106         26.5             0.06               172.23    0.079359     -163.080578     -163.001219     -163.015405      0.12        0.00
        107         26.8             0.06               167.44    0.077151     -163.078573     -163.001422     -163.015398      0.12        0.00
        108         27.0             0.06               164.97    0.076012     -163.076679     -163.000667     -163.015391      0.13        0.00
        109         27.2             0.07               162.90    0.075062     -163.075002     -162.999940     -163.015385      0.14        0.00
        110         27.5             0.06               162.34    0.074801     -163.073638     -162.998837     -163.015380      0.14        0.00
        111         27.8             0.06               158.14    0.072866     -163.072651     -162.999785     -163.015378      0.14        0.00
        112         28.0             0.06               156.81    0.072255     -163.072093     -162.999838     -163.015379      0.14        0.00
        113         28.2             0.06               158.29    0.072936     -163.071968     -162.999032     -163.015380      0.14        0.00
        114         28.5             0.06               157.29    0.072474     -163.072252     -162.999778     -163.015383      0.14        0.00
        115         28.8             0.06               158.63    0.073090     -163.072904     -162.999814     -163.015386      0.14        0.00
        116         29.0             0.06               160.87    0.074124     -163.073890     -162.999765     -163.015388      0.13        0.00
        117         29.2             0.07               163.93    0.075536     -163.075164     -162.999628     -163.015391      0.13        0.00
        118         29.5             0.07               165.46    0.076239     -163.076674     -163.000435     -163.015395      0.13        0.00
        119         29.8             0.07               169.26    0.077990     -163.078347     -163.000357     -163.015401      0.12        0.00
        120         30.0             0.07               172.82    0.079629     -163.080110     -163.000481     -163.015407      0.11        0.00
        121         30.2             0.06               176.97    0.081543     -163.081852     -163.000309     -163.015415      0.10        0.00
        122         30.5             0.06               177.82    0.081934     -163.083458     -163.001523     -163.015422      0.10        0.00
        123         30.8             0.06               179.55    0.082731     -163.084799     -163.002067     -163.015429      0.09        0.00
        124         31.0             0.06               181.43    0.083600     -163.085792     -163.002192     -163.015433      0.08        0.00
        125         31.2             0.07               183.31    0.084462     -163.086375     -163.001913     -163.015435      0.08        0.00
        126         31.5             0.07               182.51    0.084097     -163.086525     -163.002428     -163.015433      0.08        0.00
        127         31.8             0.06               184.72    0.085113     -163.086270     -163.001157     -163.015428      0.09        0.00
        128         32.0             0.06               182.52    0.084098     -163.085683     -163.001585     -163.015420      0.10        0.00
        129         32.2             0.06               176.90    0.081510     -163.084885     -163.003375     -163.015410      0.11        0.00
        130         32.5             0.06               174.09    0.080216     -163.084048     -163.003831     -163.015401      0.12        0.00
        131         32.8             0.06               174.04    0.080194     -163.083327     -163.003134     -163.015392      0.13        0.00
        132         33.0             0.06               175.81    0.081007     -163.082851     -163.001844     -163.015386      0.14        0.00
        133         33.2             0.06               176.08    0.081134     -163.082704     -163.001570     -163.015383      0.14        0.00
        134         33.5             0.06               177.49    0.081784     -163.082931     -163.001147     -163.015383      0.14        0.00
        135         33.8             0.06               180.56    0.083196     -163.083524     -163.000328     -163.015387      0.14        0.00
        136         34.0             0.06               181.01    0.083404     -163.084428     -163.001024     -163.015392      0.13        0.00
        137         34.2             0.06               184.70    0.085106     -163.085542     -163.000436     -163.015400      0.12        0.00
        138         34.5             0.06               188.33    0.086778     -163.086758     -162.999980     -163.015408      0.11        0.00
        139         34.8             0.07               190.50    0.087778     -163.087936     -163.000157     -163.015417      0.10        0.00
        140         35.0             0.07               195.20    0.089944     -163.088938     -162.998994     -163.015424      0.09        0.00
        141         35.2             0.07               194.19    0.089479     -163.089645     -163.000167     -163.015431      0.09        0.00
        142         35.5             0.06               192.41    0.088657     -163.089946     -163.001290     -163.015436      0.08        0.00
        143         35.8             0.06               194.16    0.089465     -163.089790     -163.000325     -163.015438      0.08        0.00
        144         36.0             0.07               193.77    0.089284     -163.089144     -162.999860     -163.015438      0.08        0.00
        145         36.2             0.07               190.23    0.087653     -163.088012     -163.000359     -163.015434      0.08        0.00
        146         36.5             0.07               187.07    0.086196     -163.086457     -163.000261     -163.015429      0.09        0.00
        147         36.8             0.06               183.17    0.084399     -163.084581     -163.000182     -163.015420      0.10        0.00
        148         37.0             0.06               179.39    0.082657     -163.082515     -162.999858     -163.015411      0.11        0.00
        149         37.2             0.07               175.74    0.080978     -163.080407     -162.999429     -163.015402      0.12        0.00
        150         37.5             0.06               171.92    0.079215     -163.078404     -162.999189     -163.015394      0.13        0.00
        151         37.8             0.06               167.57    0.077209     -163.076647     -162.999437     -163.015387      0.13        0.00
        152         38.0             0.06               163.70    0.075427     -163.075253     -162.999826     -163.015382      0.14        0.00
        153         38.2             0.06               161.65    0.074482     -163.074307     -162.999824     -163.015380      0.14        0.00
        154         38.5             0.06               161.05    0.074205     -163.073848     -162.999644     -163.015380      0.14        0.00
        155         38.8             0.06               162.18    0.074728     -163.073878     -162.999150     -163.015382      0.14        0.00
        156         39.0             0.06               162.78    0.075003     -163.074354     -162.999351     -163.015387      0.13        0.00
        157         39.2             0.06               166.27    0.076614     -163.075199     -162.998585     -163.015393      0.13        0.00
        158         39.5             0.06               167.61    0.077230     -163.076312     -162.999082     -163.015401      0.12        0.00
        159         39.8             0.06               171.37    0.078964     -163.077562     -162.998598     -163.015409      0.11        0.00
        160         40.0             0.07               174.65    0.080474     -163.078828     -162.998355     -163.015416      0.10        0.00
        161         40.2             0.07               178.08    0.082055     -163.079984     -162.997930     -163.015423      0.10        0.00
        162         40.5             0.07               178.25    0.082134     -163.080921     -162.998787     -163.015428      0.09        0.00
        163         40.8             0.08               180.37    0.083111     -163.081556     -162.998446     -163.015431      0.09        0.00
        164         41.0             0.06               179.53    0.082723     -163.081850     -162.999128     -163.015431      0.09        0.00
        165         41.2             0.06               180.69    0.083256     -163.081791     -162.998535     -163.015430      0.09        0.00
        166         41.5             0.06               182.40    0.084044     -163.081403     -162.997359     -163.015426      0.09        0.00
        167         41.8             0.06               180.48    0.083160     -163.080735     -162.997575     -163.015420      0.10        0.00
        168         42.0             0.06               180.69    0.083255     -163.079891     -162.996636     -163.015411      0.11        0.00
        169         42.2             0.06               177.33    0.081709     -163.078997     -162.997289     -163.015401      0.12        0.00
        170         42.5             0.07               175.99    0.081091     -163.078222     -162.997131     -163.015390      0.13        0.00
        171         42.8             0.06               172.90    0.079669     -163.077728     -162.998058     -163.015381      0.14        0.00
        172         43.0             0.06               171.22    0.078892     -163.077667     -162.998776     -163.015374      0.15        0.00
        173         43.2             0.07               169.98    0.078321     -163.078148     -162.999827     -163.015372      0.15        0.00
        174         43.5             0.06               174.49    0.080398     -163.079215     -162.998817     -163.015374      0.15        0.00
        175         43.8             0.06               180.09    0.082979     -163.080849     -162.997870     -163.015381      0.14        0.00
        176         44.0             0.06               186.21    0.085801     -163.082934     -162.997134     -163.015392      0.13        0.00
        177         44.2             0.06               192.68    0.088781     -163.085290     -162.996509     -163.015406      0.11        0.00
        178         44.5             0.06               199.04    0.091712     -163.087691     -162.995979     -163.015421      0.10        0.00
        179         44.8             0.07               205.98    0.094909     -163.089895     -162.994986     -163.015435      0.08        0.00
        180         45.0             0.08               210.78    0.097121     -163.091672     -162.994550     -163.015447      0.07        0.00
        181         45.2             0.06               213.97    0.098590     -163.092816     -162.994226     -163.015456      0.06        0.00
        182         45.5             0.07               216.28    0.099655     -163.093190     -162.993536     -163.015459      0.06        0.00
        183         45.8             0.07               217.06    0.100016     -163.092729     -162.992713     -163.015458      0.06        0.00
        184         46.0             0.07               214.63    0.098894     -163.091444     -162.992550     -163.015452      0.06        0.00
        185         46.2             0.07               209.41    0.096491     -163.089442     -162.992951     -163.015440      0.08        0.00
        186         46.5             0.07               203.41    0.093725     -163.086916     -162.993190     -163.015425      0.09        0.00
        187         46.8             0.06               200.62    0.092438     -163.084108     -162.991669     -163.015409      0.11        0.00
        188         47.0             0.07               192.16    0.088544     -163.081247     -162.992704     -163.015393      0.13        0.00
        189         47.2             0.06               184.37    0.084952     -163.078630     -162.993678     -163.015380      0.14        0.00
        190         47.5             0.06               178.92    0.082440     -163.076481     -162.994041     -163.015370      0.15        0.00
        191         47.8             0.06               174.84    0.080562     -163.074947     -162.994386     -163.015366      0.16        0.00
        192         48.0             0.07               175.19    0.080721     -163.074101     -162.993380     -163.015367      0.16        0.00
        193         48.2             0.07               174.67    0.080482     -163.073919     -162.993437     -163.015373      0.15        0.00
        194         48.5             0.07               175.61    0.080916     -163.074316     -162.993399     -163.015381      0.14        0.00
        195         48.8             0.06               175.43    0.080835     -163.075158     -162.994323     -163.015391      0.13        0.00
        196         49.0             0.07               179.21    0.082576     -163.076283     -162.993707     -163.015401      0.12        0.00
        197         49.2             0.06               182.50    0.084092     -163.077535     -162.993443     -163.015411      0.11        0.00
        198         49.5             0.06               184.05    0.084804     -163.078747     -162.993943     -163.015419      0.10        0.00
        199         49.8             0.06               186.77    0.086060     -163.079777     -162.993716     -163.015425      0.09        0.00
        200         50.0             0.06               187.39    0.086344     -163.080519     -162.994175     -163.015430      0.09        0.00
        201         50.2             0.07               185.86    0.085640     -163.080890     -162.995250     -163.015433      0.08        0.00
        202         50.5             0.07               185.84    0.085628     -163.080851     -162.995223     -163.015434      0.08        0.00
        203         50.8             0.07               184.80    0.085151     -163.080392     -162.995241     -163.015433      0.08        0.00
        204         51.0             0.07               185.59    0.085514     -163.079533     -162.994019     -163.015430      0.09        0.00
        205         51.2             0.07               185.21    0.085338     -163.078311     -162.992974     -163.015424      0.09        0.00
        206         51.5             0.08               180.86    0.083334     -163.076805     -162.993471     -163.015416      0.10        0.00
        207         51.8             0.07               178.71    0.082343     -163.075156     -162.992814     -163.015406      0.11        0.00
        208         52.0             0.07               175.89    0.081045     -163.073517     -162.992473     -163.015395      0.13        0.00
        209         52.2             0.06               172.32    0.079400     -163.072072     -162.992672     -163.015383      0.14        0.00
        210         52.5             0.06               170.76    0.078679     -163.071015     -162.992336     -163.015372      0.15        0.00
        211         52.8             0.06               169.07    0.077901     -163.070523     -162.992622     -163.015363      0.16        0.00
        212         53.0             0.06               169.05    0.077893     -163.070738     -162.992845     -163.015358      0.17        0.00
        213         53.2             0.06               170.41    0.078520     -163.071743     -162.993223     -163.015358      0.17        0.00
        214         53.5             0.06               174.57    0.080438     -163.073541     -162.993104     -163.015363      0.16        0.00
        215         53.8             0.06               178.40    0.082201     -163.076055     -162.993854     -163.015375      0.15        0.00
        216         54.0             0.06               184.94    0.085213     -163.079098     -162.993885     -163.015391      0.13        0.00
        217         54.2             0.06               191.66    0.088313     -163.082438     -162.994125     -163.015410      0.11        0.00
        218         54.5             0.07               202.75    0.093421     -163.085775     -162.992354     -163.015430      0.09        0.00
        219         54.8             0.07               212.74    0.098025     -163.088821     -162.990796     -163.015449      0.07        0.00
        220         55.0             0.07               219.17    0.100985     -163.091259     -162.990273     -163.015463      0.05        0.00
        221         55.2             0.08               224.68    0.103526     -163.092831     -162.989305     -163.015472      0.04        0.00
        222         55.5             0.08               225.07    0.103704     -163.093403     -162.989699     -163.015472      0.04        0.00
        223         55.8             0.08               225.50    0.103902     -163.092961     -162.989059     -163.015465      0.05        0.00
        224         56.0             0.07               221.43    0.102029     -163.091619     -162.989590     -163.015451      0.07        0.00
        225         56.2             0.06               216.98    0.099977     -163.089609     -162.989632     -163.015432      0.09        0.00
        226         56.5             0.06               210.82    0.097141     -163.087229     -162.990088     -163.015412      0.11        0.00
        227         56.8             0.07               205.56    0.094714     -163.084811     -162.990097     -163.015393      0.13        0.00
        228         57.0             0.06               201.29    0.092748     -163.082650     -162.989902     -163.015378      0.14        0.00
        229         57.2             0.06               197.34    0.090930     -163.080971     -162.990041     -163.015370      0.15        0.00
        230         57.5             0.06               196.87    0.090714     -163.079911     -162.989196     -163.015368      0.16        0.00
        231         57.8             0.06               195.32    0.089996     -163.079488     -162.989492     -163.015372      0.15        0.00
        232         58.0             0.10               195.16    0.089925     -163.079641     -162.989716     -163.015380      0.14        0.00
        233         58.2             0.09               194.73    0.089727     -163.080244     -162.990517     -163.015390      0.13        0.00
        234         58.5             0.10               196.65    0.090608     -163.081143     -162.990534     -163.015399      0.12        0.00
        235         58.8             0.10               196.69    0.090631     -163.082184     -162.991553     -163.015408      0.11        0.00
        236         59.0             0.08               199.44    0.091897     -163.083225     -162.991328     -163.015414      0.11        0.00
        237         59.2             0.08               204.97    0.094442     -163.084162     -162.989720     -163.015419      0.10        0.00
        238         59.5             0.07               205.64    0.094755     -163.084906     -162.990151     -163.015422      0.10        0.00
        239         59.8             0.07               208.74    0.096182     -163.085380     -162.989197     -163.015424      0.10        0.00
        240         60.0             0.08               212.11    0.097736     -163.085547     -162.987811     -163.015425      0.09        0.00
        241         60.2             0.07               213.04    0.098165     -163.085369     -162.987205     -163.015425      0.09        0.00
        242         60.5             0.08               211.63    0.097513     -163.084827     -162.987314     -163.015424      0.09        0.00
        243         60.8             0.07               211.32    0.097372     -163.083925     -162.986554     -163.015422      0.10        0.00
        244         61.0             0.12               208.70    0.096161     -163.082685     -162.986524     -163.015419      0.10        0.00
        245         61.2             0.10               204.57    0.094259     -163.081156     -162.986897     -163.015415      0.10        0.00
        246         61.5             0.08               199.86    0.092089     -163.079426     -162.987337     -163.015408      0.11        0.00
        247         61.8             0.07               196.62    0.090596     -163.077613     -162.987016     -163.015400      0.12        0.00
        248         62.0             0.08               192.74    0.088809     -163.075851     -162.987043     -163.015390      0.13        0.00
        249         62.2             0.07               189.60    0.087362     -163.074303     -162.986941     -163.015380      0.14        0.00
        250         62.5             0.07               186.39    0.085881     -163.073132     -162.987251     -163.015371      0.15        0.00
        251         62.8             0.08               183.65    0.084618     -163.072488     -162.987870     -163.015364      0.16        0.00
        252         63.0             0.22               184.33    0.084934     -163.072481     -162.987547     -163.015362      0.16        0.00
        253         63.2             0.09               184.86    0.085176     -163.073154     -162.987978     -163.015364      0.16        0.00
        254         63.5             0.07               187.27    0.086290     -163.074473     -162.988182     -163.015372      0.15        0.00
        255         63.8             0.08               189.29    0.087219     -163.076326     -162.989106     -163.015384      0.14        0.00
        256         64.0             0.07               192.83    0.088851     -163.078527     -162.989677     -163.015399      0.12        0.00
        257         64.2             0.06               196.21    0.090410     -163.080856     -162.990446     -163.015416      0.10        0.00
        258         64.5             0.06               201.62    0.092901     -163.083065     -162.990164     -163.015432      0.09        0.00
        259         64.8             0.07               206.94    0.095353     -163.084930     -162.989578     -163.015445      0.07        0.00
        260         65.0             0.07               208.49    0.096068     -163.086254     -162.990186     -163.015453      0.06        0.00
        261         65.2             0.07               208.36    0.096006     -163.086904     -162.990899     -163.015456      0.06        0.00
        262         65.5             0.06               209.62    0.096585     -163.086858     -162.990273     -163.015453      0.06        0.00
        263         65.8             0.06               209.20    0.096392     -163.086172     -162.989780     -163.015444      0.07        0.00
        264         66.0             0.06               208.41    0.096029     -163.084977     -162.988948     -163.015432      0.09        0.00
        265         66.2             0.06               206.61    0.095200     -163.083454     -162.988254     -163.015418      0.10        0.00
        266         66.5             0.06               202.79    0.093441     -163.081818     -162.988377     -163.015405      0.12        0.00
        267         66.8             0.07               198.69    0.091548     -163.080284     -162.988735     -163.015394      0.13        0.00
        268         67.0             0.06               195.44    0.090054     -163.079025     -162.988971     -163.015387      0.13        0.00
        269         67.2             0.06               191.42    0.088201     -163.078145     -162.989945     -163.015386      0.14        0.00
        270         67.5             0.06               191.53    0.088250     -163.077678     -162.989428     -163.015389      0.13        0.00
        271         67.8             0.06               189.63    0.087377     -163.077571     -162.990194     -163.015395      0.13        0.00
        272         68.0             0.06               189.05    0.087108     -163.077726     -162.990618     -163.015403      0.12        0.00
        273         68.2             0.06               189.57    0.087348     -163.078019     -162.990671     -163.015411      0.11        0.00
        274         68.5             0.06               191.77    0.088362     -163.078320     -162.989957     -163.015418      0.10        0.00
        275         68.8             0.07               193.11    0.088979     -163.078509     -162.989530     -163.015423      0.10        0.00
        276         69.0             0.06               193.44    0.089130     -163.078492     -162.989362     -163.015425      0.09        0.00
        277         69.2             0.06               194.58    0.089658     -163.078214     -162.988556     -163.015425      0.09        0.00
        278         69.5             0.06               194.37    0.089560     -163.077650     -162.988090     -163.015424      0.09        0.00
        279         69.8             0.06               193.58    0.089194     -163.076805     -162.987611     -163.015421      0.10        0.00
        280         70.0             0.07               191.22    0.088109     -163.075699     -162.987591     -163.015418      0.10        0.00
        281         70.2             0.06               189.85    0.087476     -163.074373     -162.986898     -163.015416      0.10        0.00
        282         70.5             0.06               184.94    0.085215     -163.072860     -162.987645     -163.015413      0.11        0.00
        283         70.8             0.07               183.08    0.084359     -163.071215     -162.986856     -163.015410      0.11        0.00
        284         71.0             0.06               179.24    0.082587     -163.069467     -162.986879     -163.015408      0.11        0.00
        285         71.2             0.06               176.61    0.081376     -163.067666     -162.986290     -163.015405      0.12        0.00
        286         71.5             0.06               171.27    0.078914     -163.065855     -162.986941     -163.015401      0.12        0.00
        287         71.8             0.06               167.82    0.077329     -163.064110     -162.986782     -163.015397      0.12        0.00
        288         72.0             0.06               164.77    0.075922     -163.062499     -162.986577     -163.015393      0.13        0.00
        289         72.2             0.06               163.25    0.075219     -163.061097     -162.985878     -163.015388      0.13        0.00
        290         72.5             0.06               161.09    0.074227     -163.059974     -162.985748     -163.015384      0.14        0.00
        291         72.8             0.06               158.40    0.072988     -163.059204     -162.986216     -163.015382      0.14        0.00
        292         73.0             0.06               158.64    0.073096     -163.058841     -162.985744     -163.015381      0.14        0.00
        293         73.2             0.06               161.11    0.074236     -163.058901     -162.984665     -163.015383      0.14        0.00
        294         73.5             0.06               161.04    0.074202     -163.059351     -162.985150     -163.015388      0.13        0.00
        295         73.8             0.06               163.14    0.075168     -163.060118     -162.984950     -163.015395      0.13        0.00
        296         74.0             0.06               166.61    0.076771     -163.061104     -162.984333     -163.015404      0.12        0.00
        297         74.2             0.06               167.03    0.076964     -163.062183     -162.985219     -163.015412      0.11        0.00
        298         74.5             0.05               170.11    0.078382     -163.063223     -162.984840     -163.015420      0.10        0.00
        299         74.8             0.07               170.24    0.078439     -163.064125     -162.985685     -163.015426      0.09        0.00
        300         75.0             0.06               169.79    0.078232     -163.064803     -162.986570     -163.015429      0.09        0.00
        301         75.2             0.06               171.29    0.078923     -163.065220     -162.986297     -163.015431      0.09        0.00
        302         75.5             0.06               171.64    0.079085     -163.065367     -162.986282     -163.015431      0.09        0.00
        303         75.8             0.06               169.04    0.077886     -163.065254     -162.987368     -163.015428      0.09        0.00
        304         76.0             0.06               169.37    0.078040     -163.064939     -162.986899     -163.015423      0.10        0.00
        305         76.2             0.06               167.27    0.077075     -163.064498     -162.987423     -163.015417      0.10        0.00
        306         76.5             0.06               164.96    0.076010     -163.064033     -162.988023     -163.015410      0.11        0.00
        307         76.8             0.06               162.29    0.074779     -163.063659     -162.988880     -163.015404      0.12        0.00
        308         77.0             0.06               161.80    0.074551     -163.063484     -162.988933     -163.015399      0.12        0.00
        309         77.2             0.06               162.27    0.074771     -163.063579     -162.988808     -163.015398      0.12        0.00
        310         77.5             0.06               160.24    0.073833     -163.063965     -162.990133     -163.015399      0.12        0.00
        311         77.8             0.06               162.46    0.074858     -163.064619     -162.989761     -163.015403      0.12        0.00
        312         78.0             0.06               162.67    0.074952     -163.065484     -162.990533     -163.015408      0.11        0.00
        313         78.2             0.06               165.49    0.076252     -163.066462     -162.990210     -163.015414      0.11        0.00
        314         78.5             0.06               169.47    0.078087     -163.067459     -162.989372     -163.015420      0.10        0.00
        315         78.8             0.07               170.24    0.078443     -163.068379     -162.989936     -163.015423      0.10        0.00
        316         79.0             0.06               171.97    0.079241     -163.069144     -162.989903     -163.015425      0.09        0.00
        317         79.2             0.06               172.30    0.079389     -163.069724     -162.990334     -163.015425      0.09        0.00
        318         79.5             0.07               173.84    0.080102     -163.070110     -162.990009     -163.015423      0.10        0.00
        319         79.8             0.06               175.05    0.080658     -163.070321     -162.989663     -163.015421      0.10        0.00
        320         80.0             0.07               176.40    0.081280     -163.070377     -162.989097     -163.015418      0.10        0.00
        321         80.2             0.07               177.51    0.081789     -163.070305     -162.988516     -163.015416      0.10        0.00
        322         80.5             0.07               177.37    0.081728     -163.070128     -162.988400     -163.015415      0.10        0.00
        323         80.8             0.07               177.35    0.081717     -163.069867     -162.988149     -163.015414      0.11        0.00
        324         81.0             0.06               176.28    0.081226     -163.069533     -162.988307     -163.015413      0.11        0.00
        325         81.2             0.06               177.31    0.081701     -163.069134     -162.987433     -163.015414      0.11        0.00
        326         81.5             0.06               176.51    0.081332     -163.068666     -162.987334     -163.015414      0.11        0.00
        327         81.8             0.05               174.21    0.080272     -163.068128     -162.987856     -163.015414      0.11        0.00
        328         82.0             0.06               174.67    0.080483     -163.067536     -162.987053     -163.015413      0.11        0.00
        329         82.2             0.05               173.39    0.079892     -163.066904     -162.987012     -163.015411      0.11        0.00
        330         82.5             0.06               174.06    0.080202     -163.066267     -162.986065     -163.015408      0.11        0.00
        331         82.8             0.06               175.26    0.080755     -163.065669     -162.984915     -163.015405      0.12        0.00
        332         83.0             0.06               176.69    0.081414     -163.065163     -162.983749     -163.015401      0.12        0.00
        333         83.2             0.06               177.69    0.081874     -163.064807     -162.982932     -163.015397      0.12        0.00
        334         83.5             0.06               176.19    0.081182     -163.064659     -162.983477     -163.015394      0.13        0.00
        335         83.8             0.06               178.84    0.082406     -163.064772     -162.982366     -163.015393      0.13        0.00
        336         84.0             0.06               179.66    0.082783     -163.065173     -162.982391     -163.015394      0.13        0.00
        337         84.2             0.06               180.66    0.083243     -163.065847     -162.982604     -163.015398      0.12        0.00
        338         84.5             0.06               181.88    0.083807     -163.066753     -162.982946     -163.015403      0.12        0.00
        339         84.8             0.06               182.88    0.084268     -163.067819     -162.983552     -163.015409      0.11        0.00
        340         85.0             0.05               184.55    0.085037     -163.068956     -162.983918     -163.015416      0.10        0.00
        341         85.2             0.06               184.82    0.085162     -163.070067     -162.984906     -163.015423      0.10        0.00
        342         85.5             0.06               186.10    0.085749     -163.071066     -162.985318     -163.015427      0.09        0.00
        343         85.8             0.06               188.73    0.086959     -163.071899     -162.984940     -163.015429      0.09        0.00
        344         86.0             0.06               191.25    0.088121     -163.072538     -162.984417     -163.015429      0.09        0.00
        345         86.2             0.07               192.94    0.088902     -163.072983     -162.984081     -163.015426      0.09        0.00
        346         86.5             0.06               191.42    0.088200     -163.073268     -162.985067     -163.015422      0.10        0.00
        347         86.8             0.06               191.27    0.088130     -163.073448     -162.985318     -163.015418      0.10        0.00
        348         87.0             0.06               193.48    0.089148     -163.073587     -162.984439     -163.015416      0.10        0.00
        349         87.2             0.06               196.00    0.090311     -163.073715     -162.983404     -163.015415      0.10        0.00
        350         87.5             0.06               195.83    0.090235     -163.073832     -162.983597     -163.015415      0.10        0.00
        351         87.8             0.06               194.44    0.089590     -163.073927     -162.984337     -163.015415      0.10        0.00
        352         88.0             0.06               191.54    0.088258     -163.073995     -162.985737     -163.015415      0.10        0.00
        353         88.2             0.06               191.02    0.088016     -163.074045     -162.986029     -163.015414      0.11        0.00
        354         88.5             0.06               191.32    0.088154     -163.074093     -162.985939     -163.015412      0.11        0.00
        355         88.8             0.06               191.92    0.088430     -163.074163     -162.985733     -163.015410      0.11        0.00
        356         89.0             0.06               193.72    0.089263     -163.074285     -162.985022     -163.015407      0.11        0.00
        357         89.2             0.07               194.81    0.089763     -163.074493     -162.984729     -163.015404      0.12        0.00
        358         89.5             0.06               195.85    0.090240     -163.074817     -162.984576     -163.015402      0.12        0.00
        359         89.8             0.06               197.09    0.090814     -163.075278     -162.984464     -163.015401      0.12        0.00
        360         90.0             0.06               199.29    0.091828     -163.075880     -162.984052     -163.015402      0.12        0.00
        361         90.2             0.06               201.78    0.092973     -163.076600     -162.983627     -163.015405      0.12        0.00
        362         90.5             0.05               204.76    0.094347     -163.077387     -162.983040     -163.015410      0.11        0.00
        363         90.8             0.06               210.42    0.096956     -163.078162     -162.981206     -163.015416      0.10        0.00
        364         91.0             0.06               212.76    0.098034     -163.078827     -162.980793     -163.015422      0.10        0.00
        365         91.2             0.05               213.94    0.098578     -163.079267     -162.980689     -163.015428      0.09        0.00
        366         91.5             0.06               214.54    0.098854     -163.079387     -162.980533     -163.015433      0.08        0.00
        367         91.8             0.06               212.45    0.097891     -163.079116     -162.981225     -163.015436      0.08        0.00
        368         92.0             0.06               210.84    0.097151     -163.078426     -162.981274     -163.015436      0.08        0.00
        369         92.2             0.06               208.62    0.096126     -163.077327     -162.981201     -163.015433      0.08        0.00
        370         92.5             0.06               207.72    0.095711     -163.075878     -162.980167     -163.015427      0.09        0.00
        371         92.8             0.06               204.96    0.094441     -163.074168     -162.979727     -163.015419      0.10        0.00
        372         93.0             0.06               202.85    0.093469     -163.072336     -162.978867     -163.015410      0.11        0.00
        373         93.2             0.06               198.19    0.091322     -163.070530     -162.979207     -163.015400      0.12        0.00
        374         93.5             0.06               195.46    0.090060     -163.068916     -162.978856     -163.015393      0.13        0.00
        375         93.8             0.06               194.63    0.089681     -163.067618     -162.977937     -163.015389      0.13        0.00
        376         94.0             0.06               196.30    0.090450     -163.066697     -162.976247     -163.015389      0.13        0.00
        377         94.2             0.07               193.89    0.089339     -163.066144     -162.976805     -163.015393      0.13        0.00
        378         94.5             0.06               193.40    0.089112     -163.065902     -162.976790     -163.015401      0.12        0.00
        379         94.8             0.06               192.31    0.088612     -163.065869     -162.977257     -163.015409      0.11        0.00
        380         95.0             0.06               192.80    0.088835     -163.065922     -162.977087     -163.015417      0.10        0.00
        381         95.2             0.06               191.43    0.088203     -163.065950     -162.977747     -163.015422      0.10        0.00
        382         95.5             0.06               192.41    0.088656     -163.065880     -162.977224     -163.015424      0.09        0.00
        383         95.8             0.06               193.65    0.089227     -163.065688     -162.976461     -163.015422      0.10        0.00
        384         96.0             0.05               193.11    0.088978     -163.065391     -162.976413     -163.015418      0.10        0.00
        385         96.2             0.06               191.44    0.088210     -163.065046     -162.976836     -163.015413      0.11        0.00
        386         96.5             0.06               191.06    0.088036     -163.064730     -162.976694     -163.015408      0.11        0.00
        387         96.8             0.06               190.62    0.087833     -163.064507     -162.976673     -163.015406      0.11        0.00
        388         97.0             0.05               190.60    0.087821     -163.064401     -162.976580     -163.015407      0.11        0.00
        389         97.2             0.06               188.73    0.086962     -163.064404     -162.977442     -163.015409      0.11        0.00
        390         97.5             0.06               188.16    0.086696     -163.064480     -162.977784     -163.015412      0.11        0.00
        391         97.8             0.05               189.45    0.087294     -163.064586     -162.977292     -163.015415      0.10        0.00
        392         98.0             0.06               187.44    0.086368     -163.064675     -162.978307     -163.015416      0.10        0.00
        393         98.2             0.06               186.11    0.085754     -163.064720     -162.978966     -163.015416      0.10        0.00
        394         98.5             0.06               185.50    0.085474     -163.064725     -162.979251     -163.015415      0.10        0.00
        395         98.8             0.07               185.56    0.085501     -163.064709     -162.979208     -163.015413      0.11        0.00
        396         99.0             0.06               185.38    0.085419     -163.064696     -162.979277     -163.015411      0.11        0.00
        397         99.2             0.06               187.56    0.086421     -163.064711     -162.978290     -163.015409      0.11        0.00
        398         99.5             0.06               189.73    0.087424     -163.064769     -162.977345     -163.015408      0.11        0.00
        399         99.8             0.06               190.84    0.087934     -163.064867     -162.976933     -163.015408      0.11        0.00
        400        100.0             0.06               190.75    0.087894     -163.064996     -162.977102     -163.015409      0.11        0.00
        401        100.2             0.06               193.34    0.089086     -163.065142     -162.976055     -163.015410      0.11        0.00
        402        100.5             0.06               194.94    0.089822     -163.065279     -162.975457     -163.015412      0.11        0.00
        403        100.8             0.05               194.03    0.089403     -163.065373     -162.975970     -163.015414      0.11        0.00
        404        101.0             0.06               196.32    0.090458     -163.065401     -162.974944     -163.015415      0.10        1.05
        405        101.2             0.06               196.70    0.090635     -163.065348     -162.974713     -163.015415      0.10        3.08
        406        101.5             0.06               198.25    0.091346     -163.065207     -162.973860     -163.015414      0.11        5.14
        407        101.8             0.07               198.86    0.091628     -163.064988     -162.973360     -163.015412      0.11        7.18
        408        102.0             0.07               196.77    0.090668     -163.064721     -162.974053     -163.015410      0.11        9.20
        409        102.2             0.07               195.47    0.090067     -163.064458     -162.974391     -163.015407      0.11       11.14
        410        102.5             0.07               197.04    0.090790     -163.064256     -162.973466     -163.015405      0.12       12.99
        411        102.8             0.06               195.93    0.090277     -163.064150     -162.973873     -163.015404      0.12       14.73
        412        103.0             0.06               195.45    0.090056     -163.064151     -162.974096     -163.015406      0.11       16.33
        413        103.2             0.06               195.76    0.090201     -163.064244     -162.974043     -163.015410      0.11       17.79
        414        103.5             0.06               194.82    0.089767     -163.064373     -162.974606     -163.015416      0.10       19.09
        415        103.8             0.07               194.27    0.089515     -163.064458     -162.974944     -163.015423      0.10       20.21
        416        104.0             0.06               195.52    0.090088     -163.064412     -162.974324     -163.015429      0.09       21.15
        417        104.2             0.06               194.73    0.089728     -163.064144     -162.974415     -163.015434      0.08       21.93
        418        104.5             0.06               193.08    0.088964     -163.063586     -162.974622     -163.015436      0.08       22.53
        419        104.8             0.06               188.42    0.086818     -163.062720     -162.975902     -163.015435      0.08       22.96
        420        105.0             0.06               187.24    0.086275     -163.061589     -162.975314     -163.015431      0.09       23.24
        421        105.2             0.06               186.86    0.086101     -163.060256     -162.974154     -163.015424      0.09       23.37
        422        105.5             0.06               184.18    0.084864     -163.058808     -162.973944     -163.015416      0.10       23.39
        423        105.8             0.06               180.02    0.082949     -163.057377     -162.974428     -163.015407      0.11       23.30
        424        106.0             0.06               178.68    0.082332     -163.056109     -162.973778     -163.015399      0.12       23.13
        425        106.2             0.06               176.30    0.081233     -163.055120     -162.973887     -163.015393      0.13       22.91
        426        106.5             0.06               174.82    0.080551     -163.054498     -162.973948     -163.015391      0.13       22.67
        427        106.8             0.05               174.53    0.080421     -163.054286     -162.973866     -163.015391      0.13       22.43
        428        107.0             0.06               173.69    0.080029     -163.054472     -162.974443     -163.015394      0.13       22.22
        429        107.2             0.06               175.95    0.081070     -163.055006     -162.973936     -163.015399      0.12       22.07
        430        107.5             0.06               177.67    0.081864     -163.055812     -162.973948     -163.015404      0.12       22.01
        431        107.8             0.06               179.64    0.082775     -163.056795     -162.974020     -163.015409      0.11       22.05
        432        108.0             0.06               181.70    0.083724     -163.057869     -162.974144     -163.015413      0.11       22.22
        433        108.2             0.06               184.62    0.085068     -163.058960     -162.973892     -163.015416      0.10       22.54
        434        108.5             0.06               185.75    0.085589     -163.060009     -162.974420     -163.015419      0.10       23.00
        435        108.8             0.06               186.62    0.085989     -163.060961     -162.974972     -163.015421      0.10       23.62
        436        109.0             0.06               188.09    0.086668     -163.061784     -162.975116     -163.015423      0.10       24.39
        437        109.2             0.07               187.41    0.086351     -163.062450     -162.976099     -163.015424      0.09       25.31
        438        109.5             0.06               189.46    0.087297     -163.062934     -162.975637     -163.015426      0.09       26.36
        439        109.8             0.06               188.73    0.086960     -163.063225     -162.976265     -163.015426      0.09       27.52
        440        110.0             0.06               188.90    0.087041     -163.063317     -162.976276     -163.015425      0.09       28.78
        441        110.2             0.06               188.98    0.087077     -163.063231     -162.976154     -163.015423      0.10       30.11
        442        110.5             0.06               189.32    0.087235     -163.063011     -162.975776     -163.015419      0.10       31.48
        443        110.8             0.07               188.05    0.086647     -163.062730     -162.976083     -163.015412      0.11       32.87
        444        111.0             0.06               186.97    0.086151     -163.062488     -162.976337     -163.015405      0.11       34.25
        445        111.2             0.07               185.26    0.085360     -163.062404     -162.977044     -163.015399      0.12       35.59
        446        111.5             0.06               187.20    0.086254     -163.062595     -162.976341     -163.015393      0.13       36.85
        447        111.8             0.06               189.46    0.087296     -163.063148     -162.975852     -163.015391      0.13       38.04
        448        112.0             0.07               194.73    0.089726     -163.064099     -162.974373     -163.015393      0.13       39.12
        449        112.2             0.06               198.03    0.091246     -163.065425     -162.974179     -163.015398      0.12       40.08
        450        112.5             0.06               199.95    0.092133     -163.067026     -162.974893     -163.015407      0.11       40.90
        451        112.8             0.06               202.40    0.093261     -163.068758     -162.975497     -163.015419      0.10       41.57
        452        113.0             0.06               206.21    0.095013     -163.070451     -162.975438     -163.015432      0.09       42.09
        453        113.2             0.06               207.33    0.095530     -163.071921     -162.976390     -163.015444      0.07       42.44
        454        113.5             0.06               209.96    0.096743     -163.072983     -162.976240     -163.015454      0.06       42.64
        455        113.8             0.06               212.83    0.098065     -163.073503     -162.975438     -163.015460      0.06       42.69
        456        114.0             0.07               214.02    0.098614     -163.073383     -162.974769     -163.015462      0.05       42.59
        457        114.2             0.06               213.64    0.098441     -163.072587     -162.974146     -163.015459      0.06       42.37
        458        114.5             0.06               210.12    0.096819     -163.071153     -162.974334     -163.015452      0.06       42.04
        459        114.8             0.06               204.94    0.094429     -163.069202     -162.974773     -163.015441      0.08       41.62
        460        115.0             0.06               202.25    0.093191     -163.066918     -162.973727     -163.015428      0.09       41.13
        461        115.2             0.06               196.59    0.090584     -163.064490     -162.973906     -163.015414      0.11       40.60
        462        115.5             0.06               194.08    0.089427     -163.062149     -162.972723     -163.015401      0.12       40.06
        463        115.8             0.06               191.85    0.088400     -163.060081     -162.971681     -163.015391      0.13       39.53
        464        116.0             0.06               190.83    0.087930     -163.058443     -162.970513     -163.015384      0.14       39.04
        465        116.2             0.06               187.86    0.086562     -163.057329     -162.970767     -163.015382      0.14       38.62
        466        116.5             0.06               185.71    0.085568     -163.056776     -162.971208     -163.015385      0.14       38.29
        467        116.8             0.06               185.70    0.085564     -163.056748     -162.971183     -163.015391      0.13       38.09
        468        117.0             0.06               187.55    0.086419     -163.057143     -162.970724     -163.015400      0.12       38.03
        469        117.2             0.06               190.14    0.087612     -163.057822     -162.970210     -163.015409      0.11       38.13
        470        117.5             0.06               194.24    0.089501     -163.058626     -162.969125     -163.015417      0.10       38.41
        471        117.8             0.06               194.93    0.089818     -163.059401     -162.969583     -163.015425      0.09       38.86
        472        118.0             0.06               196.96    0.090755     -163.060012     -162.969257     -163.015430      0.09       39.49
        473        118.2             0.07               195.65    0.090150     -163.060365     -162.970215     -163.015433      0.08       40.30
        474        118.5             0.06               194.07    0.089421     -163.060400     -162.970979     -163.015435      0.08       41.27
        475        118.8             0.06               193.47    0.089147     -163.060096     -162.970950     -163.015435      0.08       42.37
        476        119.0             0.06               191.56    0.088265     -163.059454     -162.971189     -163.015434      0.08       43.61
        477        119.2             0.06               191.23    0.088114     -163.058500     -162.970387     -163.015430      0.09       44.94
        478        119.5             0.06               191.32    0.088154     -163.057283     -162.969129     -163.015424      0.09       46.36
        479        119.8             0.06               190.48    0.087768     -163.055875     -162.968107     -163.015417      0.10       47.84
        480        120.0             0.06               190.37    0.087716     -163.054386     -162.966670     -163.015407      0.11       49.34
        481        120.2             0.07               188.43    0.086821     -163.052954     -162.966133     -163.015396      0.12       50.84
        482        120.5             0.06               185.92    0.085667     -163.051756     -162.966089     -163.015385      0.14       52.30
        483        120.8             0.07               185.02    0.085254     -163.050976     -162.965722     -163.015374      0.15       53.70
        484        121.0             0.06               184.09    0.084822     -163.050777     -162.965955     -163.015367      0.16       54.99
        485        121.2             0.07               185.60    0.085520     -163.051272     -162.965752     -163.015365      0.16       56.17
        486        121.5             0.07               186.05    0.085727     -163.052506     -162.966778     -163.015368      0.16       57.22
        487        121.8             0.07               187.82    0.086544     -163.054421     -162.967876     -163.015377      0.15       58.10
        488        122.0             0.06               192.13    0.088526     -163.056884     -162.968358     -163.015391      0.13       58.81
        489        122.2             0.06               197.05    0.090797     -163.059697     -162.968900     -163.015408      0.11       59.35
        490        122.5             0.06               202.26    0.093198     -163.062601     -162.969404     -163.015426      0.09       59.71
        491        122.8             0.06               207.57    0.095645     -163.065331     -162.969686     -163.015442      0.08       59.89
        492        123.0             0.06               212.39    0.097861     -163.067639     -162.969778     -163.015456      0.06       59.90
        493        123.2             0.06               214.78    0.098963     -163.069320     -162.970357     -163.015465      0.05       59.75
        494        123.5             0.06               217.29    0.100119     -163.070227     -162.970108     -163.015471      0.04       59.46
        495        123.8             0.06               219.31    0.101051     -163.070286     -162.969236     -163.015472      0.04       59.03
        496        124.0             0.06               217.20    0.100080     -163.069480     -162.969401     -163.015468      0.05       58.48
        497        124.2             0.06               212.65    0.097981     -163.067874     -162.969893     -163.015460      0.06       57.85
        498        124.5             0.06               208.89    0.096249     -163.065621     -162.969372     -163.015447      0.07       57.16
        499        124.8             0.07               203.76    0.093889     -163.062918     -162.969030     -163.015431      0.09       56.43
        500        125.0             0.07               199.07    0.091725     -163.060023     -162.968298     -163.015413      0.11       55.70
        501        125.2             0.06               192.91    0.088886     -163.057212     -162.968326     -163.015396      0.13       54.98
        502        125.5             0.07               187.98    0.086614     -163.054773     -162.968159     -163.015381      0.14       54.32
        503        125.8             0.06               183.83    0.084703     -163.052933     -162.968230     -163.015372      0.15       53.74
        504        126.0             0.07               180.26    0.083060     -163.051837     -162.968777     -163.015370      0.15       53.27
        505        126.2             0.06               179.99    0.082933     -163.051521     -162.968588     -163.015375      0.15       52.92
        506        126.5             0.07               182.65    0.084160     -163.051908     -162.967748     -163.015385      0.14       52.71
        507        126.8             0.07               185.65    0.085541     -163.052826     -162.967285     -163.015399      0.12       52.66
        508        127.0             0.07               188.08    0.086661     -163.054043     -162.967382     -163.015414      0.11       52.76
        509        127.2             0.06               192.28    0.088598     -163.055313     -162.966714     -163.015427      0.09       53.03
        510        127.5             0.06               195.54    0.090100     -163.056412     -162.966312     -163.015439      0.08       53.44
        511        127.8             0.06               198.66    0.091539     -163.057138     -162.965599     -163.015447      0.07       54.00
        512        128.0             0.06               200.68    0.092466     -163.057338     -162.964872     -163.015452      0.06       54.68
        513        128.2             0.06               199.34    0.091849     -163.056909     -162.965060     -163.015453      0.06       55.46
        514        128.5             0.06               198.51    0.091468     -163.055817     -162.964350     -163.015451      0.07       56.31
        515        128.8             0.06               196.93    0.090740     -163.054082     -162.963343     -163.015445      0.07       57.21
        516        129.0             0.06               190.98    0.088000     -163.051778     -162.963777     -163.015436      0.08       58.13
        517        129.2             0.07               184.38    0.084955     -163.049071     -162.964116     -163.015422      0.10       59.02
        518        129.5             0.06               179.92    0.082903     -163.046179     -162.963277     -163.015407      0.11       59.87
        519        129.8             0.06               173.16    0.079788     -163.043332     -162.963544     -163.015390      0.13       60.64
        520        130.0             0.06               169.30    0.078010     -163.040815     -162.962805     -163.015374      0.15       61.31
        521        130.2             0.06               164.94    0.075999     -163.038869     -162.962870     -163.015360      0.16       61.86
        522        130.5             0.06               162.48    0.074865     -163.037718     -162.962853     -163.015351      0.17       62.26
        523        130.8             0.06               160.56    0.073983     -163.037505     -162.963521     -163.015349      0.18       62.49
        524        131.0             0.06               164.01    0.075572     -163.038276     -162.962705     -163.015353      0.17       62.55
        525        131.2             0.05               168.94    0.077845     -163.039981     -162.962136     -163.015363      0.16       62.42
        526        131.5             0.06               173.29    0.079848     -163.042454     -162.962605     -163.015378      0.14       62.09
        527        131.8             0.06               179.71    0.082805     -163.045446     -162.962641     -163.015395      0.13       61.59
        528        132.0             0.06               185.90    0.085658     -163.048696     -162.963037     -163.015413      0.11       60.89
        529        132.2             0.07               190.76    0.087899     -163.051917     -162.964018     -163.015430      0.09       60.02
        530        132.5             0.06               199.50    0.091922     -163.054852     -162.962930     -163.015444      0.07       58.99
        531        132.8             0.06               207.09    0.095419     -163.057317     -162.961897     -163.015454      0.06       57.81
        532        133.0             0.06               211.84    0.097610     -163.059122     -162.961511     -163.015461      0.05       56.49
        533        133.2             0.06               215.85    0.099455     -163.060138     -162.960683     -163.015465      0.05       55.07
        534        133.5             0.06               216.06    0.099553     -163.060308     -162.960756     -163.015465      0.05       53.56
        535        133.8             0.06               214.53    0.098849     -163.059637     -162.960788     -163.015460      0.06       52.01
        536        134.0             0.05               210.39    0.096942     -163.058212     -162.961270     -163.015451      0.07       50.44
        537        134.2             0.06               204.97    0.094443     -163.056201     -162.961759     -163.015437      0.08       48.90
        538        134.5             0.06               200.89    0.092566     -163.053847     -162.961282     -163.015420      0.10       47.40
        539        134.8             0.06               196.39    0.090489     -163.051431     -162.960943     -163.015400      0.12       45.98
        540        135.0             0.07               191.86    0.088402     -163.049270     -162.960868     -163.015381      0.14       44.67
        541        135.2             0.06               188.40    0.086808     -163.047673     -162.960865     -163.015365      0.16       43.49
        542        135.5             0.06               185.53    0.085487     -163.046878     -162.961390     -163.015357      0.17       42.46
        543        135.8             0.06               184.59    0.085056     -163.047014     -162.961959     -163.015358      0.17       41.61
        544        136.0             0.06               187.89    0.086574     -163.048071     -162.961497     -163.015368      0.16       40.94
        545        136.2             0.06               190.95    0.087986     -163.049906     -162.961920     -163.015384      0.14       40.45
        546        136.5             0.06               196.16    0.090385     -163.052252     -162.961867     -163.015403      0.12       40.15
        547        136.8             0.06               202.34    0.093233     -163.054801     -162.961567     -163.015424      0.10       40.03
        548        137.0             0.07               206.81    0.095293     -163.057223     -162.961930     -163.015442      0.08       40.07
        549        137.2             0.06               210.57    0.097025     -163.059211     -162.962185     -163.015456      0.06       40.26
        550        137.5             0.06               216.21    0.099623     -163.060528     -162.960905     -163.015466      0.05       40.58
        551        137.8             0.06               218.38    0.100624     -163.061005     -162.960380     -163.015471      0.04       40.99
        552        138.0             0.06               216.95    0.099965     -163.060532     -162.960568     -163.015471      0.04       41.48
        553        138.2             0.06               211.76    0.097575     -163.059108     -162.961533     -163.015465      0.05       42.01
        554        138.5             0.06               208.27    0.095967     -163.056831     -162.960864     -163.015455      0.06       42.56
        555        138.8             0.06               202.21    0.093173     -163.053844     -162.960671     -163.015441      0.08       43.10
        556        139.0             0.06               196.60    0.090586     -163.050368     -162.959782     -163.015424      0.09       43.60
        557        139.2             0.06               187.95    0.086600     -163.046654     -162.960053     -163.015405      0.11       44.05
        558        139.5             0.06               178.74    0.082360     -163.043019     -162.960660     -163.015387      0.14       44.41
        559        139.8             0.06               169.09    0.077913     -163.039774     -162.961861     -163.015370      0.15       44.67
        560        140.0             0.06               164.73    0.075901     -163.037197     -162.961296     -163.015359      0.17       44.81
        561        140.2             0.07               163.29    0.075238     -163.035452     -162.960215     -163.015352      0.17       44.83
        562        140.5             0.06               160.42    0.073918     -163.034632     -162.960714     -163.015352      0.17       44.72
        563        140.8             0.07               158.76    0.073151     -163.034748     -162.961597     -163.015358      0.17       44.47
        564        141.0             0.06               160.82    0.074102     -163.035719     -162.961617     -163.015368      0.16       44.09
        565        141.2             0.06               164.53    0.075809     -163.037395     -162.961586     -163.015381      0.14       43.58
        566        141.5             0.06               171.27    0.078914     -163.039573     -162.960659     -163.015395      0.13       42.94
        567        141.8             0.06               174.28    0.080304     -163.042034     -162.961730     -163.015409      0.11       42.19
        568        142.0             0.06               182.00    0.083859     -163.044529     -162.960670     -163.015421      0.10       41.35
        569        142.2             0.05               185.88    0.085649     -163.046894     -162.961245     -163.015431      0.09       40.42
        570        142.5             0.06               190.74    0.087889     -163.048944     -162.961055     -163.015439      0.08       39.44
        571        142.8             0.06               194.30    0.089528     -163.050571     -162.961042     -163.015444      0.07       38.42
        572        143.0             0.06               196.92    0.090736     -163.051690     -162.960954     -163.015447      0.07       37.39
        573        143.2             0.06               196.99    0.090765     -163.052262     -162.961497     -163.015448      0.07       36.39
        574        143.5             0.06               194.65    0.089688     -163.052288     -162.962600     -163.015446      0.07       35.42
        575        143.8             0.06               195.19    0.089938     -163.051827     -162.961889     -163.015441      0.08       34.54
        576        144.0             0.06               192.10    0.088512     -163.050967     -162.962455     -163.015433      0.08       33.75
        577        144.2             0.06               193.02    0.088939     -163.049856     -162.960917     -163.015422      0.10       33.07
        578        144.5             0.06               190.72    0.087877     -163.048663     -162.960786     -163.015408      0.11       32.53
        579        144.8             0.06               188.60    0.086901     -163.047608     -162.960707     -163.015394      0.13       32.14
        580        145.0             0.05               185.68    0.085556     -163.046921     -162.961365     -163.015382      0.14       31.92
        581        145.2             0.07               183.37    0.084492     -163.046805     -162.962313     -163.015374      0.15       31.86
        582        145.5             0.06               185.41    0.085432     -163.047386     -162.961954     -163.015373      0.15       31.96
        583        145.8             0.06               191.94    0.088442     -163.048683     -162.960240     -163.015380      0.14       32.23
        584        146.0             0.07               197.15    0.090839     -163.050588     -162.959749     -163.015393      0.13       32.65
        585        146.2             0.06               201.30    0.092754     -163.052868     -162.960114     -163.015411      0.11       33.20
        586        146.5             0.07               206.71    0.095248     -163.055235     -162.959987     -163.015430      0.09       33.86
        587        146.8             0.07               213.32    0.098293     -163.057401     -162.959108     -163.015447      0.07       34.61
        588        147.0             0.06               218.56    0.100707     -163.059094     -162.958387     -163.015459      0.06       35.41
        589        147.2             0.06               223.48    0.102973     -163.060090     -162.957117     -163.015467      0.05       36.26
        590        147.5             0.07               224.41    0.103401     -163.060250     -162.956849     -163.015468      0.05       37.10
        591        147.8             0.06               223.40    0.102938     -163.059534     -162.956596     -163.015463      0.05       37.93
        592        148.0             0.06               220.94    0.101800     -163.058010     -162.956210     -163.015453      0.06       38.69
        593        148.2             0.07               216.27    0.099649     -163.055829     -162.956179     -163.015439      0.08       39.38
        594        148.5             0.06               210.90    0.097175     -163.053203     -162.956027     -163.015424      0.09       39.97
        595        148.8             0.06               206.17    0.094995     -163.050372     -162.955376     -163.015409      0.11       40.43
        596        149.0             0.06               199.06    0.091723     -163.047559     -162.955836     -163.015396      0.13       40.75
        597        149.2             0.06               193.62    0.089212     -163.044986     -162.955773     -163.015387      0.14       40.91
        598        149.5             0.07               190.61    0.087826     -163.042799     -162.954973     -163.015381      0.14       40.92
        599        149.8             0.06               187.48    0.086384     -163.041078     -162.954694     -163.015379      0.14       40.75
        600        150.0             0.05               186.03    0.085719     -163.039857     -162.954138     -163.015380      0.14       40.41
        601        150.2             0.06               182.51    0.084097     -163.039118     -162.955020     -163.015383      0.14       39.90
        602        150.5             0.06               179.90    0.082892     -163.038824     -162.955933     -163.015387      0.14       39.23
        603        150.8             0.06               180.03    0.082951     -163.038922     -162.955971     -163.015391      0.13       38.41
        604        151.0             0.05               181.86    0.083797     -163.039340     -162.955543     -163.015396      0.12       37.44
        605        151.2             0.06               182.64    0.084154     -163.039995     -162.955841     -163.015402      0.12       36.36
        606        151.5             0.06               185.47    0.085461     -163.040795     -162.955334     -163.015407      0.11       35.16
        607        151.8             0.06               189.20    0.087177     -163.041657     -162.954480     -163.015412      0.11       33.88
        608        152.0             0.06               192.10    0.088514     -163.042487     -162.953973     -163.015417      0.10       32.54
        609        152.2             0.06               194.82    0.089766     -163.043198     -162.953432     -163.015421      0.10       31.16
        610        152.5             0.06               195.81    0.090224     -163.043721     -162.953497     -163.015425      0.09       29.76
        611        152.8             0.06               195.52    0.090089     -163.044006     -162.953917     -163.015427      0.09       28.40
        612        153.0             0.06               195.41    0.090038     -163.044036     -162.953998     -163.015428      0.09       27.08
        613        153.2             0.06               195.42    0.090045     -163.043809     -162.953764     -163.015427      0.09       25.83
        614        153.5             0.06               192.76    0.088820     -163.043339     -162.954520     -163.015426      0.09       24.68
        615        153.8             0.06               194.19    0.089476     -163.042671     -162.953194     -163.015423      0.10       23.66
        616        154.0             0.06               194.21    0.089484     -163.041852     -162.952367     -163.015419      0.10       22.75
        617        154.2             0.06               194.38    0.089566     -163.040957     -162.951391     -163.015412      0.11       21.99
        618        154.5             0.06               193.70    0.089252     -163.040094     -162.950842     -163.015403      0.12       21.37
        619        154.8             0.06               190.75    0.087891     -163.039400     -162.951509     -163.015394      0.13       20.91
        620        155.0             0.06               190.89    0.087958     -163.039035     -162.951078     -163.015386      0.14       20.60
        621        155.2             0.06               189.73    0.087422     -163.039132     -162.951710     -163.015381      0.14       20.43
        622        155.5             0.06               190.87    0.087945     -163.039762     -162.951817     -163.015382      0.14       20.39
        623        155.8             0.06               194.93    0.089819     -163.040920     -162.951101     -163.015389      0.13       20.47
        624        156.0             0.06               197.78    0.091130     -163.042502     -162.951372     -163.015401      0.12       20.64
        625        156.2             0.06               202.69    0.093395     -163.044314     -162.950919     -163.015415      0.10       20.90
        626        156.5             0.06               206.03    0.094931     -163.046137     -162.951206     -163.015429      0.09       21.21
        627        156.8             0.06               208.21    0.095938     -163.047745     -162.951807     -163.015439      0.08       21.56
        628        157.0             0.06               211.28    0.097351     -163.048971     -162.951620     -163.015445      0.07       21.92
        629        157.2             0.06               213.30    0.098284     -163.049725     -162.951441     -163.015445      0.07       22.27
        630        157.5             0.06               212.36    0.097849     -163.049986     -162.952137     -163.015441      0.08       22.59
        631        157.8             0.06               210.94    0.097194     -163.049818     -162.952624     -163.015433      0.08       22.87
        632        158.0             0.07               208.71    0.096169     -163.049338     -162.953169     -163.015424      0.09       23.10
        633        158.2             0.05               206.00    0.094919     -163.048681     -162.953762     -163.015417      0.10       23.25
        634        158.5             0.06               202.04    0.093093     -163.047964     -162.954871     -163.015412      0.11       23.32
        635        158.8             0.06               201.41    0.092804     -163.047273     -162.954469     -163.015410      0.11       23.30
        636        159.0             0.05               199.49    0.091920     -163.046628     -162.954708     -163.015412      0.11       23.20
        637        159.2             0.06               200.89    0.092564     -163.046007     -162.953443     -163.015415      0.10       23.00
        638        159.5             0.06               199.42    0.091886     -163.045343     -162.953457     -163.015418      0.10       22.72
        639        159.8             0.06               198.80    0.091600     -163.044577     -162.952977     -163.015421      0.10       22.36
        640        160.0             0.06               197.31    0.090914     -163.043664     -162.952750     -163.015421      0.10       21.92
        641        160.2             0.07               197.59    0.091045     -163.042595     -162.951550     -163.015419      0.10       21.43
        642        160.5             0.06               194.86    0.089786     -163.041384     -162.951598     -163.015415      0.10       20.89
        643        160.8             0.06               190.39    0.087728     -163.040089     -162.952361     -163.015410      0.11       20.32
        644        161.0             0.06               188.81    0.086997     -163.038796     -162.951799     -163.015405      0.11       19.76
        645        161.2             0.06               186.30    0.085841     -163.037570     -162.951729     -163.015402      0.12       19.20
        646        161.5             0.06               183.44    0.084525     -163.036473     -162.951947     -163.015399      0.12       18.69
        647        161.8             0.06               183.54    0.084570     -163.035548     -162.950978     -163.015398      0.12       18.24
        648        162.0             0.06               181.53    0.083646     -163.034810     -162.951164     -163.015398      0.12       17.87
        649        162.2             0.05               180.19    0.083028     -163.034267     -162.951239     -163.015399      0.12       17.62
        650        162.5             0.06               179.49    0.082704     -163.033917     -162.951213     -163.015400      0.12       17.49
        651        162.8             0.06               178.34    0.082175     -163.033753     -162.951577     -163.015402      0.12       17.52
        652        163.0             0.06               180.32    0.083088     -163.033758     -162.950670     -163.015404      0.12       17.71
        653        163.2             0.06               178.67    0.082327     -163.033899     -162.951572     -163.015408      0.11       18.08
        654        163.5             0.06               179.11    0.082528     -163.034130     -162.951602     -163.015412      0.11       18.63
        655        163.8             0.06               180.71    0.083265     -163.034400     -162.951135     -163.015418      0.10       19.37
        656        164.0             0.06               180.66    0.083241     -163.034639     -162.951398     -163.015423      0.10       20.30
        657        164.2             0.06               180.77    0.083296     -163.034779     -162.951483     -163.015426      0.09       21.40
        658        164.5             0.06               180.73    0.083275     -163.034783     -162.951509     -163.015427      0.09       22.66
        659        164.8             0.06               180.51    0.083174     -163.034652     -162.951478     -163.015425      0.09       24.07
        660        165.0             0.06               181.33    0.083551     -163.034427     -162.950876     -163.015421      0.10       25.61
        661        165.2             0.06               180.42    0.083133     -163.034177     -162.951044     -163.015416      0.10       27.26
        662        165.5             0.06               179.82    0.082856     -163.033990     -162.951133     -163.015411      0.11       28.99
        663        165.8             0.06               179.28    0.082609     -163.033941     -162.951332     -163.015408      0.11       30.77
        664        166.0             0.06               180.44    0.083143     -163.034081     -162.950938     -163.015408      0.11       32.58
        665        166.2             0.06               183.22    0.084423     -163.034420     -162.949998     -163.015408      0.11       34.39
        666        166.5             0.06               187.01    0.086171     -163.034939     -162.948768     -163.015409      0.11       36.18
        667        166.8             0.06               190.24    0.087659     -163.035607     -162.947947     -163.015409      0.11       37.94
        668        167.0             0.06               191.19    0.088093     -163.036398     -162.948305     -163.015408      0.11       39.64
        669        167.2             0.05               191.91    0.088425     -163.037307     -162.948882     -163.015407      0.11       41.24
        670        167.5             0.06               193.80    0.089297     -163.038342     -162.949044     -163.015407      0.11       42.73
        671        167.8             0.06               198.05    0.091256     -163.039495     -162.948239     -163.015409      0.11       44.09
        672        168.0             0.06               203.30    0.093673     -163.040724     -162.947051     -163.015413      0.11       45.33
        673        168.2             0.06               206.00    0.094918     -163.041940     -162.947022     -163.015419      0.10       46.43
        674        168.5             0.06               210.14    0.096827     -163.043026     -162.946198     -163.015425      0.09       47.39
        675        168.8             0.06               211.07    0.097257     -163.043872     -162.946616     -163.015430      0.09       48.21
        676        169.0             0.06               214.50    0.098834     -163.044381     -162.945548     -163.015433      0.08       48.89
        677        169.2             0.06               217.06    0.100017     -163.044497     -162.944480     -163.015433      0.08       49.44
        678        169.5             0.06               217.34    0.100145     -163.044193     -162.944048     -163.015430      0.09       49.86
        679        169.8             0.06               213.92    0.098570     -163.043499     -162.944928     -163.015424      0.09       50.18
        680        170.0             0.07               212.51    0.097920     -163.042504     -162.944584     -163.015417      0.10       50.41
        681        170.2             0.06               211.82    0.097601     -163.041313     -162.943712     -163.015410      0.11       50.56
        682        170.5             0.05               206.79    0.095285     -163.040025     -162.944740     -163.015404      0.12       50.67
        683        170.8             0.06               205.53    0.094703     -163.038754     -162.944051     -163.015399      0.12       50.75
        684        171.0             0.06               203.23    0.093643     -163.037575     -162.943932     -163.015396      0.13       50.83
        685        171.2             0.06               202.13    0.093137     -163.036547     -162.943409     -163.015393      0.13       50.93
        686        171.5             0.06               198.74    0.091573     -163.035707     -162.944134     -163.015392      0.13       51.08
        687        171.8             0.05               198.27    0.091356     -163.035100     -162.943744     -163.015390      0.13       51.31
        688        172.0             0.06               197.29    0.090903     -163.034758     -162.943855     -163.015388      0.13       51.63
        689        172.2             0.06               196.41    0.090502     -163.034717     -162.944215     -163.015387      0.13       52.06
        690        172.5             0.06               195.87    0.090250     -163.035006     -162.944755     -163.015387      0.13       52.60
        691        172.8             0.06               199.77    0.092050     -163.035630     -162.943581     -163.015390      0.13       53.28
        692        173.0             0.07               199.55    0.091948     -163.036550     -162.944602     -163.015397      0.12       54.09
        693        173.2             0.07               201.68    0.092928     -163.037653     -162.944725     -163.015408      0.11       55.02
        694        173.5             0.07               204.82    0.094376     -163.038797     -162.944421     -163.015421      0.10       56.07
        695        173.8             0.06               208.61    0.096122     -163.039785     -162.943662     -163.015435      0.08       57.23
        696        174.0             0.07               207.08    0.095416     -163.040403     -162.944987     -163.015447      0.07       58.49
        697        174.2             0.06               208.74    0.096180     -163.040480     -162.944300     -163.015454      0.06       59.81
        698        174.5             0.07               208.71    0.096167     -163.039931     -162.943764     -163.015454      0.06       61.19
        699        174.8             0.07               207.06    0.095407     -163.038754     -162.943347     -163.015447      0.07       62.60
        700        175.0             0.07               203.54    0.093786     -163.037064     -162.943278     -163.015434      0.08       64.02
        701        175.2             0.07               200.45    0.092360     -163.035072     -162.942712     -163.015418      0.10       65.43
        702        175.5             0.06               194.29    0.089522     -163.033029     -162.943508     -163.015401      0.12       66.80
        703        175.8             0.06               189.10    0.087134     -163.031210     -162.944077     -163.015388      0.13       68.10
        704        176.0             0.07               186.31    0.085846     -163.029832     -162.943986     -163.015380      0.14       69.32
        705        176.2             0.06               184.21    0.084878     -163.029030     -162.944152     -163.015376      0.15       70.46
        706        176.5             0.07               182.86    0.084258     -163.028866     -162.944608     -163.015377      0.15       71.48
        707        176.8             0.11               183.03    0.084337     -163.029330     -162.944994     -163.015381      0.14       72.39
        708        177.0             0.08               184.77    0.085136     -163.030354     -162.945218     -163.015389      0.13       73.18
        709        177.2             0.08               187.60    0.086439     -163.031816     -162.945377     -163.015398      0.12       73.83
        710        177.5             0.07               190.17    0.087626     -163.033556     -162.945930     -163.015409      0.11       74.36
        711        177.8             0.07               194.61    0.089672     -163.035392     -162.945720     -163.015420      0.10       74.76
        712        178.0             0.07               198.33    0.091384     -163.037154     -162.945770     -163.015429      0.09       75.05
        713        178.2             0.07               201.01    0.092618     -163.038681     -162.946063     -163.015435      0.08       75.22
        714        178.5             0.07               203.58    0.093804     -163.039863     -162.946059     -163.015438      0.08       75.30
        715        178.8             0.06               204.26    0.094117     -163.040645     -162.946527     -163.015437      0.08       75.29
        716        179.0             0.06               206.00    0.094919     -163.041024     -162.946104     -163.015434      0.08       75.21
        717        179.2             0.06               205.64    0.094751     -163.041041     -162.946290     -163.015429      0.09       75.09
        718        179.5             0.06               205.73    0.094794     -163.040762     -162.945969     -163.015423      0.10       74.94
        719        179.8             0.06               206.20    0.095012     -163.040271     -162.945259     -163.015418      0.10       74.80
        720        180.0             0.06               207.99    0.095838     -163.039643     -162.943805     -163.015413      0.11       74.68
        721        180.2             0.07               203.47    0.093753     -163.038936     -162.945182     -163.015409      0.11       74.62
        722        180.5             0.08               197.01    0.090777     -163.038222     -162.947445     -163.015406      0.11       74.63
        723        180.8             0.08               196.67    0.090622     -163.037581     -162.946959     -163.015404      0.12       74.75
        724        181.0             0.07               195.30    0.089990     -163.037056     -162.947066     -163.015402      0.12       75.00
        725        181.2             0.07               192.60    0.088746     -163.036686     -162.947940     -163.015400      0.12       75.39
        726        181.5             0.06               192.47    0.088685     -163.036523     -162.947838     -163.015397      0.12       75.95
        727        181.8             0.07               193.74    0.089268     -163.036620     -162.947352     -163.015394      0.13       76.68
        728        182.0             0.07               198.11    0.091285     -163.037020     -162.945735     -163.015392      0.13       77.60
        729        182.2             0.06               198.92    0.091655     -163.037747     -162.946092     -163.015393      0.13       78.71
        730        182.5             0.06               203.23    0.093640     -163.038782     -162.945142     -163.015396      0.12       80.01
        731        182.8             0.06               206.27    0.095042     -163.040075     -162.945034     -163.015404      0.12       81.48
        732        183.0             0.06               207.93    0.095806     -163.041499     -162.945693     -163.015416      0.10       83.11
        733        183.2             0.06               212.30    0.097822     -163.042875     -162.945054     -163.015430      0.09       84.89
        734        183.5             0.06               216.31    0.099671     -163.043998     -162.944328     -163.015446      0.07       86.79
        735        183.8             0.06               217.02    0.099998     -163.044628     -162.944630     -163.015459      0.06       88.80
        736        184.0             0.07               217.40    0.100170     -163.044561     -162.944391     -163.015468      0.05       90.88
        737        184.2             0.07               217.99    0.100441     -163.043682     -162.943241     -163.015470      0.05       93.02
        738        184.5             0.07               213.24    0.098255     -163.041967     -162.943712     -163.015462      0.05       95.19
        739        184.8             0.07               207.88    0.095787     -163.039550     -162.943763     -163.015447      0.07       97.36
        740        185.0             0.07               201.45    0.092822     -163.036684     -162.943862     -163.015426      0.09       99.51
        741        185.2             0.06               195.55    0.090104     -163.033711     -162.943607     -163.015404      0.12      101.61
        742        185.5             0.06               190.85    0.087937     -163.030982     -162.943045     -163.015384      0.14      103.65
        743        185.8             0.06               185.55    0.085494     -163.028800     -162.943305     -163.015371      0.15      105.61
        744        186.0             0.06               183.20    0.084413     -163.027383     -162.942970     -163.015366      0.16      107.47
        745        186.2             0.05               181.47    0.083615     -163.026806     -162.943191     -163.015370      0.15      109.23
        746        186.5             0.07               182.09    0.083902     -163.027022     -162.943120     -163.015378      0.14      110.86
        747        186.8             0.05               185.34    0.085399     -163.027891     -162.942492     -163.015390      0.13      112.37
        748        187.0             0.06               192.38    0.088644     -163.029221     -162.940577     -163.015402      0.12      113.76
        749        187.2             0.06               194.18    0.089474     -163.030803     -162.941329     -163.015412      0.11      115.03
        750        187.5             0.06               198.57    0.091495     -163.032431     -162.940936     -163.015419      0.10      116.17
        751        187.8             0.06               200.58    0.092422     -163.033984     -162.941562     -163.015424      0.10      117.19
        752        188.0             0.06               203.56    0.093794     -163.035364     -162.941570     -163.015426      0.09      118.09
        753        188.2             0.06               204.88    0.094402     -163.036531     -162.942129     -163.015426      0.09      118.90
        754        188.5             0.07               206.54    0.095165     -163.037464     -162.942298     -163.015425      0.09      119.62
        755        188.8             0.06               208.62    0.096127     -163.038168     -162.942041     -163.015423      0.10      120.27
        756        189.0             0.06               210.56    0.097021     -163.038657     -162.941636     -163.015421      0.10      120.89
        757        189.2             0.06               211.94    0.097656     -163.038945     -162.941288     -163.015419      0.10      121.48
        758        189.5             0.08               214.30    0.098743     -163.039049     -162.940306     -163.015417      0.10      122.08
        759        189.8             0.07               214.94    0.099040     -163.038989     -162.939950     -163.015415      0.10      122.71
        760        190.0             0.07               214.85    0.098998     -163.038786     -162.939788     -163.015413      0.11      123.40
        761        190.2             0.06               214.28    0.098732     -163.038475     -162.939743     -163.015410      0.11      124.16
        762        190.5             0.06               214.84    0.098993     -163.038106     -162.939113     -163.015406      0.11      125.03
        763        190.8             0.06               212.16    0.097756     -163.037740     -162.939984     -163.015401      0.12      126.00
        764        191.0             0.06               211.70    0.097545     -163.037464     -162.939919     -163.015395      0.13      127.10
        765        191.2             0.06               211.69    0.097542     -163.037379     -162.939837     -163.015390      0.13      128.34
        766        191.5             0.06               212.34    0.097842     -163.037583     -162.939742     -163.015385      0.14      129.71
        767        191.8             0.06               212.83    0.098065     -163.038157     -162.940092     -163.015382      0.14      131.21
        768        192.0             0.06               213.86    0.098542     -163.039143     -162.940601     -163.015384      0.14      132.83
        769        192.2             0.06               216.29    0.099659     -163.040525     -162.940866     -163.015390      0.13      134.55
        770        192.5             0.07               218.21    0.100544     -163.042216     -162.941672     -163.015401      0.12      136.35
        771        192.8             0.06               223.89    0.103161     -163.044051     -162.940889     -163.015416      0.10      138.20
        772        193.0             0.07               228.52    0.105296     -163.045817     -162.940521     -163.015433      0.08      140.09
        773        193.2             0.08               232.99    0.107353     -163.047253     -162.939900     -163.015449      0.07      141.99
        774        193.5             0.07               234.25    0.107938     -163.048115     -162.940178     -163.015462      0.05      143.86
        775        193.8             0.07               235.04    0.108299     -163.048222     -162.939922     -163.015468      0.05      145.68
        776        194.0             0.07               235.08    0.108318     -163.047490     -162.939172     -163.015467      0.05      147.42
        777        194.2             0.07               230.81    0.106352     -163.045944     -162.939592     -163.015458      0.06      149.06
        778        194.5             0.06               228.36    0.105220     -163.043742     -162.938522     -163.015442      0.07      150.57
        779        194.8             0.06               220.67    0.101678     -163.041120     -162.939442     -163.015422      0.10      151.93
        780        195.0             0.06               213.11    0.098194     -163.038423     -162.940229     -163.015402      0.12      153.13
        781        195.2             0.06               207.19    0.095466     -163.035990     -162.940524     -163.015385      0.14      154.14
        782        195.5             0.07               201.27    0.092738     -163.034087     -162.941349     -163.015376      0.15      154.96
        783        195.8             0.06               197.86    0.091170     -163.032880     -162.941710     -163.015375      0.15      155.59
        784        196.0             0.06               197.45    0.090981     -163.032385     -162.941404     -163.015383      0.14      156.02
        785        196.2             0.06               198.94    0.091667     -163.032488     -162.940822     -163.015395      0.13      156.27
        786        196.5             0.06               200.99    0.092609     -163.032990     -162.940381     -163.015409      0.11      156.33
        787        196.8             0.06               202.51    0.093313     -163.033669     -162.940356     -163.015419      0.10      156.22
        788        197.0             0.06               204.03    0.094012     -163.034342     -162.940331     -163.015425      0.09      155.95
        789        197.2             0.06               207.14    0.095443     -163.034903     -162.939460     -163.015426      0.09      155.53
        790        197.5             0.06               205.63    0.094750     -163.035313     -162.940563     -163.015423      0.10      154.99
        791        197.8             0.07               209.38    0.096475     -163.035591     -162.939116     -163.015419      0.10      154.35
        792        198.0             0.06               210.99    0.097218     -163.035783     -162.938565     -163.015416      0.10      153.62
        793        198.2             0.06               213.40    0.098327     -163.035911     -162.937583     -163.015414      0.11      152.85
        794        198.5             0.06               214.73    0.098940     -163.035975     -162.937034     -163.015414      0.11      152.05
        795        198.8             0.06               215.99    0.099520     -163.035946     -162.936426     -163.015417      0.10      151.26
        796        199.0             0.06               215.11    0.099117     -163.035777     -162.936660     -163.015419      0.10      150.51
        797        199.2             0.06               213.28    0.098274     -163.035420     -162.937146     -163.015421      0.10      149.82
        798        199.5             0.06               209.93    0.096728     -163.034854     -162.938126     -163.015421      0.10      149.22
        799        199.8             0.06               208.49    0.096064     -163.034097     -162.938033     -163.015418      0.10      148.74
        800        200.0             0.06               206.29    0.095053     -163.033196     -162.938143     -163.015413      0.11      148.39
        801        200.2             0.05               203.50    0.093766     -163.032242     -162.938476     -163.015405      0.12      148.18
        802        200.5             0.05               202.26    0.093193     -163.031363     -162.938170     -163.015396      0.13      148.12
        803        200.8             0.06               202.62    0.093361     -163.030704     -162.937343     -163.015386      0.14      148.21
        804        201.0             0.06               202.59    0.093348     -163.030402     -162.937055     -163.015379      0.14      148.45
        805        201.2             0.06               204.10    0.094041     -163.030572     -162.936530     -163.015375      0.15      148.82
        806        201.5             0.06               203.97    0.093983     -163.031276     -162.937293     -163.015375      0.15      149.31
        807        201.8             0.06               207.08    0.095416     -163.032508     -162.937092     -163.015381      0.14      149.90
        808        202.0             0.06               211.73    0.097559     -163.034198     -162.936639     -163.015391      0.13      150.57
        809        202.2             0.06               216.68    0.099840     -163.036190     -162.936350     -163.015404      0.12      151.29
        810        202.5             0.06               222.12    0.102346     -163.038277     -162.935931     -163.015419      0.10      152.05
        811        202.8             0.06               228.46    0.105266     -163.040229     -162.934963     -163.015433      0.08      152.81
        812        203.0             0.07               231.05    0.106459     -163.041825     -162.935366     -163.015444      0.07      153.56
        813        203.2             0.06               233.96    0.107802     -163.042879     -162.935077     -163.015452      0.06      154.27
        814        203.5             0.06               235.03    0.108296     -163.043290     -162.934994     -163.015454      0.06      154.92
        815        203.8             0.07               233.63    0.107652     -163.043028     -162.935377     -163.015451      0.07      155.49
        816        204.0             0.06               229.24    0.105626     -163.042149     -162.936523     -163.015444      0.07      155.97
        817        204.2             0.06               226.51    0.104368     -163.040792     -162.936425     -163.015434      0.08      156.35
        818        204.5             0.06               225.28    0.103804     -163.039136     -162.935332     -163.015421      0.10      156.61
        819        204.8             0.06               221.93    0.102258     -163.037364     -162.935107     -163.015409      0.11      156.75
        820        205.0             0.06               216.25    0.099644     -163.035681     -162.936037     -163.015398      0.12      156.78
        821        205.2             0.06               215.27    0.099189     -163.034284     -162.935096     -163.015389      0.13      156.68
        822        205.5             0.06               212.09    0.097724     -163.033294     -162.935570     -163.015386      0.14      156.46
        823        205.8             0.06               211.75    0.097569     -163.032774     -162.935206     -163.015387      0.13      156.14
        824        206.0             0.06               210.75    0.097107     -163.032706     -162.935598     -163.015393      0.13      155.70
        825        206.2             0.06               210.09    0.096803     -163.032996     -162.936193     -163.015402      0.12      155.18
        826        206.5             0.06               210.44    0.096966     -163.033510     -162.936544     -163.015412      0.11      154.57
        827        206.8             0.05               210.84    0.097151     -163.034105     -162.936954     -163.015420      0.10      153.90
        828        207.0             0.06               212.48    0.097905     -163.034656     -162.936751     -163.015424      0.09      153.17
        829        207.2             0.06               212.46    0.097895     -163.035083     -162.937188     -163.015425      0.09      152.42
        830        207.5             0.06               211.36    0.097386     -163.035355     -162.937969     -163.015424      0.09      151.66
        831        207.8             0.06               211.02    0.097230     -163.035491     -162.938261     -163.015422      0.10      150.90
        832        208.0             0.06               211.13    0.097281     -163.035525     -162.938244     -163.015420      0.10      150.18
        833        208.2             0.06               210.85    0.097153     -163.035480     -162.938326     -163.015420      0.10      149.50
        834        208.5             0.06               208.66    0.096146     -163.035350     -162.939204     -163.015421      0.10      148.90
        835        208.8             0.07               210.08    0.096799     -163.035112     -162.938313     -163.015425      0.09      148.38
        836        209.0             0.06               211.98    0.097675     -163.034711     -162.937036     -163.015428      0.09      147.96
        837        209.2             0.06               208.46    0.096053     -163.034076     -162.938023     -163.015430      0.09      147.65
        838        209.5             0.06               204.79    0.094362     -163.033189     -162.938826     -163.015429      0.09      147.46
        839        209.8             0.06               202.07    0.093110     -163.032088     -162.938978     -163.015424      0.10      147.39
        840        210.0             0.06               199.49    0.091918     -163.030861     -162.938942     -163.015415      0.10      147.44
        841        210.2             0.06               196.14    0.090376     -163.029639     -162.939262     -163.015405      0.12      147.61
        842        210.5             0.06               193.95    0.089368     -163.028587     -162.939219     -163.015395      0.13      147.88
        843        210.8             0.07               192.91    0.088885     -163.027864     -162.938979     -163.015387      0.13      148.24
        844        211.0             0.05               191.13    0.088068     -163.027593     -162.939525     -163.015383      0.14      148.67
        845        211.2             0.06               190.91    0.087964     -163.027842     -162.939878     -163.015383      0.14      149.15
        846        211.5             0.06               191.60    0.088285     -163.028616     -162.940331     -163.015387      0.13      149.65
        847        211.8             0.06               191.93    0.088437     -163.029853     -162.941417     -163.015395      0.13      150.16
        848        212.0             0.06               194.26    0.089509     -163.031442     -162.941933     -163.015405      0.12      150.64
        849        212.2             0.07               199.74    0.092034     -163.033251     -162.941218     -163.015415      0.10      151.08
        850        212.5             0.06               203.33    0.093687     -163.035136     -162.941449     -163.015424      0.09      151.46
        851        212.8             0.06               208.00    0.095839     -163.036938     -162.941098     -163.015432      0.09      151.75
        852        213.0             0.06               207.99    0.095837     -163.038535     -162.942698     -163.015438      0.08      151.94
        853        213.2             0.06               210.32    0.096910     -163.039822     -162.942912     -163.015443      0.07      152.00
        854        213.5             0.06               210.81    0.097133     -163.040747     -162.943614     -163.015447      0.07      151.94
        855        213.8             0.06               210.79    0.097126     -163.041258     -162.944132     -163.015450      0.07      151.74
        856        214.0             0.06               210.28    0.096891     -163.041327     -162.944435     -163.015451      0.07      151.40
        857        214.2             0.07               210.00    0.096762     -163.040946     -162.944184     -163.015450      0.07      150.90
        858        214.5             0.06               206.50    0.095149     -163.040135     -162.944986     -163.015447      0.07      150.24
        859        214.8             0.06               203.50    0.093767     -163.038972     -162.945205     -163.015439      0.08      149.44
        860        215.0             0.06               199.86    0.092090     -163.037588     -162.945498     -163.015428      0.09      148.48
        861        215.2             0.06               195.99    0.090306     -163.036162     -162.945857     -163.015415      0.10      147.39
        862        215.5             0.06               193.19    0.089018     -163.034899     -162.945880     -163.015404      0.12      146.17
        863        215.8             0.06               192.42    0.088659     -163.033984     -162.945325     -163.015395      0.13      144.82
        864        216.0             0.06               190.38    0.087719     -163.033549     -162.945830     -163.015391      0.13      143.36
        865        216.2             0.06               192.85    0.088859     -163.033652     -162.944792     -163.015393      0.13      141.82
        866        216.5             0.06               195.21    0.089948     -163.034258     -162.944310     -163.015400      0.12      140.18
        867        216.8             0.06               197.03    0.090786     -163.035252     -162.944466     -163.015410      0.11      138.48
        868        217.0             0.06               203.17    0.093615     -163.036473     -162.942858     -163.015421      0.10      136.74
        869        217.2             0.06               202.28    0.093206     -163.037752     -162.944545     -163.015430      0.09      135.00
        870        217.5             0.06               204.62    0.094283     -163.038909     -162.944626     -163.015438      0.08      134.21
        871        217.8             0.06               204.46    0.094210     -163.039842     -162.945632     -163.015444      0.07      133.44
        872        218.0             0.06               207.06    0.095409     -163.040467     -162.945058     -163.015447      0.07      132.68
        873        218.2             0.06               208.75    0.096185     -163.040745     -162.944560     -163.015447      0.07      131.95
        874        218.5             0.06               207.46    0.095592     -163.040652     -162.945060     -163.015446      0.07      131.25
        875        218.8             0.07               209.51    0.096536     -163.040212     -162.943676     -163.015443      0.07      130.59
        876        219.0             0.06               208.08    0.095879     -163.039466     -162.943587     -163.015438      0.08      129.96
        877        219.2             0.06               207.87    0.095779     -163.038483     -162.942704     -163.015432      0.09      129.36
        878        219.5             0.06               204.81    0.094370     -163.037351     -162.942981     -163.015425      0.09      128.78
        879        219.8             0.07               202.93    0.093506     -163.036187     -162.942681     -163.015417      0.10      128.23
        880        220.0             0.06               199.26    0.091812     -163.035104     -162.943292     -163.015411      0.11      127.69
        881        220.2             0.07               195.57    0.090111     -163.034220     -162.944109     -163.015405      0.11      127.14
        882        220.5             0.06               193.80    0.089296     -163.033631     -162.944336     -163.015402      0.12      126.59
        883        220.8             0.07               193.58    0.089197     -163.033397     -162.944200     -163.015401      0.12      126.02
        884        221.0             0.06               192.92    0.088892     -163.033535     -162.944643     -163.015402      0.12      125.41
        885        221.2             0.07               193.93    0.089357     -163.034030     -162.944674     -163.015405      0.12      124.76
        886        221.5             0.06               196.68    0.090622     -163.034846     -162.944224     -163.015408      0.11      124.05
        887        221.8             0.06               195.95    0.090288     -163.035923     -162.945635     -163.015412      0.11      123.28
        888        222.0             0.06               196.34    0.090470     -163.037192     -162.946722     -163.015416      0.10      122.45
        889        222.2             0.06               200.41    0.092343     -163.038603     -162.946260     -163.015420      0.10      121.55
        890        222.5             0.06               204.87    0.094400     -163.040103     -162.945704     -163.015424      0.09      120.58
        891        222.8             0.06               208.14    0.095904     -163.041613     -162.945710     -163.015429      0.09      119.53
        892        223.0             0.06               211.96    0.097666     -163.043047     -162.945381     -163.015434      0.08      118.42
        893        223.2             0.06               213.31    0.098285     -163.044320     -162.946036     -163.015439      0.08      117.24
        894        223.5             0.06               215.86    0.099464     -163.045347     -162.945884     -163.015444      0.07      116.01
        895        223.8             0.06               215.43    0.099264     -163.046058     -162.946794     -163.015447      0.07      114.74
        896        224.0             0.06               217.22    0.100087     -163.046400     -162.946313     -163.015449      0.07      113.43
        897        224.2             0.05               216.21    0.099625     -163.046359     -162.946734     -163.015447      0.07      112.10
        898        224.5             0.06               215.53    0.099312     -163.045967     -162.946655     -163.015442      0.08      110.76
        899        224.8             0.07               211.12    0.097276     -163.045309     -162.948033     -163.015434      0.08      109.41
        900        225.0             0.06               207.64    0.095677     -163.044533     -162.948857     -163.015423      0.10      108.08
        901        225.2             0.06               205.67    0.094766     -163.043815     -162.949049     -163.015413      0.11      106.78
        902        225.5             0.06               204.88    0.094405     -163.043323     -162.948918     -163.015404      0.12      105.51
        903        225.8             0.06               203.77    0.093891     -163.043193     -162.949303     -163.015399      0.12      104.28
        904        226.0             0.06               204.95    0.094435     -163.043511     -162.949076     -163.015398      0.12      103.10
        905        226.2             0.06               206.79    0.095283     -163.044290     -162.949007     -163.015402      0.12      101.96
        906        226.5             0.07               209.06    0.096328     -163.045463     -162.949136     -163.015411      0.11      100.88
        907        226.8             0.06               212.61    0.097963     -163.046898     -162.948935     -163.015422      0.10       99.86
        908        227.0             0.06               215.32    0.099213     -163.048421     -162.949208     -163.015434      0.08       98.90
        909        227.2             0.06               216.05    0.099548     -163.049835     -162.950287     -163.015446      0.07       98.00
        910        227.5             0.06               218.82    0.100826     -163.050964     -162.950138     -163.015455      0.06       97.16
        911        227.8             0.06               221.50    0.102061     -163.051677     -162.949616     -163.015461      0.05       96.38
        912        228.0             0.06               219.11    0.100959     -163.051872     -162.950914     -163.015464      0.05       95.65
        913        228.2             0.07               220.15    0.101439     -163.051524     -162.950085     -163.015462      0.05       94.97
        914        228.5             0.07               221.24    0.101941     -163.050666     -162.948725     -163.015456      0.06       94.34
        915        228.8             0.07               217.30    0.100125     -163.049372     -162.949247     -163.015447      0.07       93.74
        916        229.0             0.07               216.04    0.099543     -163.047790     -162.948247     -163.015437      0.08       93.17
        917        229.2             0.07               212.72    0.098016     -163.046075     -162.948059     -163.015426      0.09       92.63
        918        229.5             0.08               207.01    0.095384     -163.044395     -162.949011     -163.015418      0.10       92.11
        919        229.8             0.07               203.62    0.093823     -163.042907     -162.949084     -163.015412      0.11       91.61
        920        230.0             0.07               202.47    0.093292     -163.041704     -162.948412     -163.015410      0.11       91.11
        921        230.2             0.06               201.75    0.092963     -163.040819     -162.947856     -163.015411      0.11       90.61
        922        230.5             0.07               201.83    0.092995     -163.040236     -162.947241     -163.015414      0.11       90.11
        923        230.8             0.06               200.83    0.092536     -163.039906     -162.947370     -163.015418      0.10       89.60
        924        231.0             0.06               201.29    0.092747     -163.039764     -162.947016     -163.015422      0.10       89.08
        925        231.2             0.06               201.76    0.092963     -163.039743     -162.946780     -163.015426      0.09       88.55
        926        231.5             0.06               199.34    0.091851     -163.039784     -162.947933     -163.015428      0.09       88.01
        927        231.8             0.06               199.66    0.091996     -163.039849     -162.947853     -163.015430      0.09       87.45
        928        232.0             0.06               197.60    0.091046     -163.039919     -162.948872     -163.015431      0.09       86.88
        929        232.2             0.06               197.13    0.090832     -163.039977     -162.949145     -163.015432      0.09       86.30
        930        232.5             0.06               198.26    0.091353     -163.040008     -162.948655     -163.015433      0.08       85.71
        931        232.8             0.06               200.61    0.092435     -163.039979     -162.947544     -163.015436      0.08       85.11
        932        233.0             0.06               200.25    0.092269     -163.039835     -162.947565     -163.015438      0.08       84.50
        933        233.2             0.06               200.15    0.092224     -163.039525     -162.947300     -163.015440      0.08       83.90
        934        233.5             0.06               199.61    0.091975     -163.039016     -162.947041     -163.015440      0.08       83.30
        935        233.8             0.05               199.53    0.091938     -163.038300     -162.946362     -163.015438      0.08       82.72
        936        234.0             0.06               199.24    0.091802     -163.037397     -162.945595     -163.015434      0.08       82.15
        937        234.2             0.06               193.77    0.089285     -163.036363     -162.947078     -163.015427      0.09       81.59
        938        234.5             0.06               192.10    0.088513     -163.035323     -162.946810     -163.015419      0.10       81.07
        939        234.8             0.06               189.92    0.087511     -163.034406     -162.946895     -163.015410      0.11       80.56
        940        235.0             0.06               189.21    0.087183     -163.033755     -162.946573     -163.015402      0.12       80.09
        941        235.2             0.05               188.85    0.087015     -163.033500     -162.946485     -163.015395      0.13       79.64
        942        235.5             0.06               190.26    0.087666     -163.033740     -162.946074     -163.015392      0.13       79.20
        943        235.8             0.05               192.20    0.088559     -163.034525     -162.945966     -163.015393      0.13       78.78
        944        236.0             0.06               197.05    0.090793     -163.035833     -162.945040     -163.015399      0.12       78.38
        945        236.2             0.06               202.83    0.093458     -163.037572     -162.944115     -163.015409      0.11       77.97
        946        236.5             0.06               207.28    0.095510     -163.039567     -162.944057     -163.015423      0.10       77.55
        947        236.8             0.06               210.57    0.097025     -163.041582     -162.944558     -163.015438      0.08       77.12
        948        237.0             0.05               214.22    0.098705     -163.043376     -162.944670     -163.015453      0.06       76.66
        949        237.2             0.06               218.57    0.100712     -163.044725     -162.944013     -163.015466      0.05       76.17
        950        237.5             0.06               221.34    0.101986     -163.045442     -162.943456     -163.015474      0.04       75.64
        951        237.8             0.06               221.62    0.102118     -163.045389     -162.943272     -163.015477      0.04       75.06
        952        238.0             0.06               220.74    0.101709     -163.044518     -162.942809     -163.015474      0.04       74.42
        953        238.2             0.07               219.56    0.101166     -163.042867     -162.941701     -163.015466      0.05       73.72
        954        238.5             0.06               215.87    0.099465     -163.040549     -162.941084     -163.015454      0.06       72.95
        955        238.8             0.06               211.33    0.097375     -163.037764     -162.940389     -163.015437      0.08       72.11
        956        239.0             0.06               205.85    0.094850     -163.034766     -162.939916     -163.015419      0.10       71.21
        957        239.2             0.06               199.43    0.091892     -163.031847     -162.939955     -163.015402      0.12       70.23
        958        239.5             0.05               195.00    0.089852     -163.029302     -162.939450     -163.015386      0.14       69.19
        959        239.8             0.05               190.88    0.087950     -163.027369     -162.939419     -163.015376      0.15       68.08
        960        240.0             0.05               186.01    0.085708     -163.026225     -162.940517     -163.015371      0.15       66.92
        961        240.2             0.05               187.18    0.086245     -163.025954     -162.939709     -163.015374      0.15       67.21
        962        240.5             0.06               186.18    0.085788     -163.026518     -162.940730     -163.015383      0.14       67.83
        963        240.8             0.06               188.48    0.086845     -163.027771     -162.940927     -163.015397      0.12       68.42
        964        241.0             0.06               191.64    0.088303     -163.029505     -162.941202     -163.015413      0.11       69.00
        965        241.2             0.06               197.00    0.090771     -163.031452     -162.940681     -163.015431      0.09       69.56
        966        241.5             0.06               200.60    0.092431     -163.033330     -162.940899     -163.015447      0.07       70.10
        967        241.8             0.07               204.70    0.094318     -163.034861     -162.940544     -163.015461      0.05       70.63
        968        242.0             0.07               207.70    0.095700     -163.035824     -162.940124     -163.015470      0.04       71.16
        969        242.2             0.08               208.08    0.095879     -163.036051     -162.940172     -163.015474      0.04       71.67
        970        242.5             0.07               208.86    0.096235     -163.035463     -162.939227     -163.015472      0.04       72.18
        971        242.8             0.06               203.83    0.093921     -163.034062     -162.940141     -163.015465      0.05       72.70
        972        243.0             0.06               199.81    0.092066     -163.031971     -162.939906     -163.015453      0.06       73.21
        973        243.2             0.07               196.02    0.090322     -163.029378     -162.939056     -163.015436      0.08       73.73
        974        243.5             0.06               190.76    0.087897     -163.026516     -162.938619     -163.015418      0.10       74.27
        975        243.8             0.06               187.63    0.086456     -163.023670     -162.937214     -163.015399      0.12       74.82
        976        244.0             0.06               184.05    0.084803     -163.021106     -162.936303     -163.015383      0.14       75.39
        977        244.2             0.06               180.86    0.083335     -163.019086     -162.935751     -163.015369      0.15       75.99
        978        244.5             0.05               178.24    0.082127     -163.017825     -162.935698     -163.015360      0.16       76.61
        979        244.8             0.06               175.54    0.080884     -163.017468     -162.936584     -163.015357      0.17       77.26
        980        245.0             0.06               175.81    0.081009     -163.018084     -162.937075     -163.015358      0.17       77.92
        981        245.2             0.06               180.83    0.083319     -163.019661     -162.936341     -163.015364      0.16       78.61
        982        245.5             0.05               187.93    0.086594     -163.022112     -162.935518     -163.015375      0.15       79.31
        983        245.8             0.06               196.01    0.090316     -163.025270     -162.934954     -163.015389      0.13       80.04
        984        246.0             0.06               202.22    0.093177     -163.028898     -162.935721     -163.015405      0.12       80.78
        985        246.2             0.06               210.55    0.097015     -163.032708     -162.935693     -163.015423      0.10       81.52
        986        246.5             0.07               220.89    0.101779     -163.036436     -162.934657     -163.015441      0.08       82.27
        987        246.8             0.07               226.98    0.104584     -163.039807     -162.935224     -163.015457      0.06       83.02
        988        247.0             0.06               232.33    0.107052     -163.042539     -162.935488     -163.015469      0.05       83.77
        989        247.2             0.07               237.69    0.109518     -163.044448     -162.934930     -163.015476      0.04       84.51
        990        247.5             0.06               237.48    0.109423     -163.045419     -162.935996     -163.015478      0.04       85.24
        991        247.8             0.06               237.56    0.109462     -163.045421     -162.935959     -163.015475      0.04       85.96
        992        248.0             0.06               235.80    0.108652     -163.044524     -162.935872     -163.015466      0.05       86.66
        993        248.2             0.06               230.70    0.106300     -163.042866     -162.936566     -163.015454      0.06       87.34
        994        248.5             0.06               225.08    0.103709     -163.040663     -162.936954     -163.015439      0.08       88.00
        995        248.8             0.06               219.26    0.101028     -163.038167     -162.937139     -163.015423      0.10       88.63
        996        249.0             0.06               214.40    0.098792     -163.035643     -162.936852     -163.015408      0.11       89.24
        997        249.2             0.06               206.84    0.095307     -163.033340     -162.938033     -163.015394      0.13       89.82
        998        249.5             0.07               201.92    0.093038     -163.031504     -162.938466     -163.015384      0.14       90.37
        999        249.8             0.07               199.56    0.091953     -163.030310     -162.938356     -163.015377      0.15       90.89
       1000        250.0             0.06               196.06    0.090340     -163.029860     -162.939520     -163.015376      0.15       91.39
       1001        250.2             0.07               197.33    0.090925     -163.030190     -162.939265     -163.015379      0.14       91.85
       1002        250.5             0.06               200.85    0.092544     -163.031245     -162.938701     -163.015388      0.13       92.29
       1003        250.8             0.06               202.87    0.093475     -163.032878     -162.939403     -163.015402      0.12       92.70
       1004        251.0             0.06               207.69    0.095697     -163.034862     -162.939165     -163.015418      0.10       93.08
       1005        251.2             0.06               214.01    0.098612     -163.036942     -162.938330     -163.015436      0.08       93.44
       1006        251.5             0.07               221.05    0.101851     -163.038833     -162.936981     -163.015452      0.06       93.78
       1007        251.8             0.06               223.19    0.102841     -163.040256     -162.937416     -163.015464      0.05       94.10
       1008        252.0             0.06               224.21    0.103309     -163.040988     -162.937679     -163.015471      0.04       94.41
       1009        252.2             0.07               225.95    0.104111     -163.040917     -162.936806     -163.015472      0.04       94.71
       1010        252.5             0.07               224.64    0.103509     -163.040017     -162.936508     -163.015466      0.05       95.00
       1011        252.8             0.07               220.85    0.101760     -163.038354     -162.936594     -163.015456      0.06       95.29
       1012        253.0             0.07               218.30    0.100585     -163.036093     -162.935508     -163.015441      0.08       95.59
       1013        253.2             0.06               215.74    0.099409     -163.033443     -162.934034     -163.015423      0.10       95.90
       1014        253.5             0.06               210.28    0.096889     -163.030653     -162.933764     -163.015405      0.11       96.22
       1015        253.8             0.06               203.26    0.093657     -163.028017     -162.934361     -163.015388      0.13       96.55
       1016        254.0             0.06               198.99    0.091688     -163.025825     -162.934137     -163.015374      0.15       96.91
       1017        254.2             0.06               195.76    0.090200     -163.024294     -162.934094     -163.015364      0.16       97.28
       1018        254.5             0.06               194.93    0.089816     -163.023582     -162.933766     -163.015360      0.16       97.68
       1019        254.8             0.08               193.00    0.088927     -163.023753     -162.934826     -163.015362      0.16       98.10
       1020        255.0             0.06               195.71    0.090178     -163.024787     -162.934609     -163.015369      0.15       98.54
       1021        255.2             0.05               201.66    0.092919     -163.026591     -162.933672     -163.015380      0.14       99.00
       1022        255.5             0.06               205.68    0.094771     -163.029002     -162.934231     -163.015393      0.13       99.47
       1023        255.8             0.05               211.30    0.097361     -163.031787     -162.934426     -163.015408      0.11       99.96
       1024        256.0             0.06               218.59    0.100720     -163.034718     -162.933998     -163.015424      0.09      100.46
       1025        256.2             0.06               223.19    0.102841     -163.037556     -162.934715     -163.015439      0.08      100.97
       1026        256.5             0.06               229.54    0.105764     -163.040054     -162.934290     -163.015452      0.06      101.49
       1027        256.8             0.06               234.06    0.107848     -163.042027     -162.934179     -163.015462      0.05      102.00
       1028        257.0             0.06               236.89    0.109150     -163.043322     -162.934172     -163.015467      0.05      102.52
       1029        257.2             0.06               238.02    0.109674     -163.043870     -162.934196     -163.015466      0.05      103.03
       1030        257.5             0.06               238.15    0.109731     -163.043698     -162.933967     -163.015459      0.06      103.53
       1031        257.8             0.06               235.89    0.108690     -163.042921     -162.934231     -163.015447      0.07      104.03
       1032        258.0             0.06               233.49    0.107586     -163.041738     -162.934152     -163.015432      0.09      104.52
       1033        258.2             0.06               233.45    0.107565     -163.040396     -162.932831     -163.015417      0.10      105.00
       1034        258.5             0.07               228.41    0.105244     -163.039133     -162.933889     -163.015403      0.12      105.46
       1035        258.8             0.08               225.89    0.104082     -163.038185     -162.934103     -163.015393      0.13      105.91
       1036        259.0             0.06               222.39    0.102472     -163.037715     -162.935243     -163.015389      0.13      106.34
       1037        259.2             0.06               222.63    0.102579     -163.037804     -162.935225     -163.015391      0.13      106.75
       1038        259.5             0.06               225.19    0.103763     -163.038437     -162.934674     -163.015398      0.12      107.14
       1039        259.8             0.07               228.15    0.105123     -163.039508     -162.934385     -163.015408      0.11      107.52
       1040        260.0             0.07               230.22    0.106079     -163.040840     -162.934761     -163.015421      0.10      107.88
       1041        260.2             0.08               230.85    0.106369     -163.042229     -162.935861     -163.015433      0.08      108.22
       1042        260.5             0.07               233.31    0.107502     -163.043476     -162.935974     -163.015444      0.07      108.55
       1043        260.8             0.07               234.28    0.107951     -163.044419     -162.936468     -163.015451      0.06      108.86
       1044        261.0             0.06               236.44    0.108944     -163.044931     -162.935987     -163.015455      0.06      109.16
       1045        261.2             0.06               237.02    0.109213     -163.044945     -162.935732     -163.015455      0.06      109.45
       1046        261.5             0.06               233.77    0.107716     -163.044441     -162.936725     -163.015453      0.06      109.74
       1047        261.8             0.06               229.66    0.105822     -163.043463     -162.937641     -163.015448      0.07      110.03
       1048        262.0             0.06               226.65    0.104434     -163.042097     -162.937664     -163.015442      0.07      110.31
       1049        262.2             0.06               222.43    0.102487     -163.040436     -162.937949     -163.015436      0.08      110.60
       1050        262.5             0.06               219.20    0.101002     -163.038588     -162.937585     -163.015429      0.09      110.90
       1051        262.8             0.06               214.55    0.098860     -163.036665     -162.937805     -163.015421      0.10      111.22
       1052        263.0             0.06               213.19    0.098230     -163.034802     -162.936572     -163.015412      0.11      111.55
       1053        263.2             0.06               210.49    0.096989     -163.033122     -162.936133     -163.015403      0.12      111.90
       1054        263.5             0.06               208.71    0.096165     -163.031764     -162.935599     -163.015395      0.13      112.28
       1055        263.8             0.06               209.00    0.096299     -163.030855     -162.934556     -163.015388      0.13      112.69
       1056        264.0             0.06               208.42    0.096035     -163.030485     -162.934450     -163.015385      0.14      113.12
       1057        264.2             0.07               212.11    0.097733     -163.030700     -162.932967     -163.015386      0.14      113.57
       1058        264.5             0.06               213.24    0.098253     -163.031479     -162.933226     -163.015391      0.13      114.06
       1059        264.8             0.07               214.67    0.098915     -163.032727     -162.933811     -163.015401      0.12      114.56
       1060        265.0             0.07               217.64    0.100283     -163.034299     -162.934016     -163.015413      0.11      115.09
       1061        265.2             0.06               224.82    0.103589     -163.036014     -162.932425     -163.015427      0.09      115.63
       1062        265.5             0.06               229.36    0.105682     -163.037660     -162.931978     -163.015440      0.08      116.18
       1063        265.8             0.06               232.57    0.107162     -163.038996     -162.931834     -163.015452      0.06      116.75
       1064        266.0             0.06               233.77    0.107714     -163.039831     -162.932116     -163.015461      0.05      117.32
       1065        266.2             0.06               234.89    0.108231     -163.040029     -162.931797     -163.015466      0.05      117.90
       1066        266.5             0.05               236.36    0.108909     -163.039530     -162.930621     -163.015465      0.05      118.47
       1067        266.8             0.06               234.98    0.108270     -163.038344     -162.930074     -163.015457      0.06      119.04
       1068        267.0             0.06               231.38    0.106611     -163.036586     -162.929974     -163.015444      0.07      119.61
       1069        267.2             0.06               227.53    0.104840     -163.034472     -162.929632     -163.015426      0.09      120.16
       1070        267.5             0.06               223.14    0.102816     -163.032290     -162.929475     -163.015406      0.11      120.70
       1071        267.8             0.06               218.73    0.100784     -163.030368     -162.929583     -163.015386      0.14      121.22
       1072        268.0             0.06               214.21    0.098702     -163.029023     -162.930320     -163.015370      0.15      121.72
       1073        268.2             0.06               214.63    0.098895     -163.028520     -162.929625     -163.015360      0.16      122.20
       1074        268.5             0.06               219.90    0.101321     -163.029013     -162.927692     -163.015358      0.17      122.66
       1075        268.8             0.06               222.15    0.102361     -163.030528     -162.928167     -163.015364      0.16      123.10
       1076        269.0             0.06               228.12    0.105111     -163.032945     -162.927834     -163.015377      0.15      123.51
       1077        269.2             0.06               234.57    0.108084     -163.036060     -162.927975     -163.015396      0.13      123.89
       1078        269.5             0.06               242.03    0.111522     -163.039563     -162.928041     -163.015418      0.10      124.25
       1079        269.8             0.06               249.64    0.115027     -163.043104     -162.928077     -163.015439      0.08      124.59
       1080        270.0             0.06               257.63    0.118711     -163.046327     -162.927616     -163.015459      0.06      124.89
       1081        270.2             0.06               263.17    0.121259     -163.048916     -162.927656     -163.015473      0.04      125.18
       1082        270.5             0.06               265.15    0.122175     -163.050620     -162.928444     -163.015481      0.03      125.44
       1083        270.8             0.06               265.75    0.122450     -163.051303     -162.928852     -163.015482      0.03      125.68
       1084        271.0             0.06               265.49    0.122328     -163.050953     -162.928625     -163.015476      0.04      125.91
       1085        271.2             0.06               264.69    0.121962     -163.049654     -162.927692     -163.015465      0.05      126.12
       1086        271.5             0.06               261.23    0.120366     -163.047569     -162.927202     -163.015449      0.07      126.33
       1087        271.8             0.06               254.10    0.117082     -163.044940     -162.927857     -163.015430      0.09      126.53
       1088        272.0             0.06               248.38    0.114448     -163.042076     -162.927628     -163.015411      0.11      126.73
       1089        272.2             0.06               242.96    0.111947     -163.039273     -162.927326     -163.015394      0.13      126.93
       1090        272.5             0.06               235.86    0.108679     -163.036808     -162.928129     -163.015380      0.14      127.14
       1091        272.8             0.05               233.62    0.107644     -163.034921     -162.927277     -163.015371      0.15      127.37
       1092        273.0             0.06               231.71    0.106766     -163.033752     -162.926985     -163.015368      0.16      127.60
       1093        273.2             0.06               231.27    0.106564     -163.033366     -162.926802     -163.015369      0.15      127.86
       1094        273.5             0.06               231.55    0.106693     -163.033748     -162.927054     -163.015375      0.15      128.13
       1095        273.8             0.06               231.97    0.106886     -163.034813     -162.927927     -163.015385      0.14      128.43
       1096        274.0             0.05               237.17    0.109282     -163.036423     -162.927140     -163.015397      0.12      128.74
       1097        274.2             0.06               241.67    0.111355     -163.038411     -162.927055     -163.015410      0.11      129.06
       1098        274.5             0.06               246.05    0.113374     -163.040556     -162.927182     -163.015424      0.09      129.41
       1099        274.8             0.06               252.29    0.116248     -163.042633     -162.926385     -163.015438      0.08      129.76
       1100        275.0             0.06               255.41    0.117686     -163.044421     -162.926735     -163.015451      0.06      130.13
       1101        275.2             0.06               256.11    0.118008     -163.045704     -162.927696     -163.015462      0.05      130.50
       1102        275.5             0.06               257.93    0.118847     -163.046324     -162.927477     -163.015469      0.05      130.87
       1103        275.8             0.06               257.91    0.118836     -163.046182     -162.927346     -163.015472      0.04      131.25
       1104        276.0             0.07               255.92    0.117920     -163.045228     -162.927308     -163.015471      0.04      131.62
       1105        276.2             0.06               251.83    0.116038     -163.043496     -162.927458     -163.015464      0.05      131.98
       1106        276.5             0.06               246.60    0.113626     -163.041100     -162.927474     -163.015453      0.06      132.34
       1107        276.8             0.06               240.71    0.110911     -163.038235     -162.927324     -163.015437      0.08      132.68
       1108        277.0             0.06               235.71    0.108606     -163.035158     -162.926552     -163.015418      0.10      133.01
       1109        277.2             0.05               224.60    0.103490     -163.032166     -162.928677     -163.015398      0.12      133.33
       1110        277.5             0.06               220.27    0.101495     -163.029634     -162.928139     -163.015379      0.14      133.63
       1111        277.8             0.05               216.20    0.099619     -163.027837     -162.928218     -163.015364      0.16      133.91
       1112        278.0             0.06               215.46    0.099278     -163.027010     -162.927732     -163.015356      0.17      134.17
       1113        278.2             0.06               217.77    0.100341     -163.027273     -162.926932     -163.015356      0.17      134.40
       1114        278.5             0.05               219.00    0.100908     -163.028615     -162.927707     -163.015365      0.16      134.62
       1115        278.8             0.06               224.96    0.103655     -163.030886     -162.927231     -163.015381      0.14      134.82
       1116        279.0             0.05               230.11    0.106026     -163.033850     -162.927824     -163.015401      0.12      135.00
       1117        279.2             0.06               236.55    0.108997     -163.037168     -162.928171     -163.015422      0.10      135.16
       1118        279.5             0.06               244.09    0.112469     -163.040505     -162.928036     -163.015441      0.08      135.30
       1119        279.8             0.06               248.29    0.114406     -163.043549     -162.929143     -163.015456      0.06      135.42
       1120        280.0             0.06               254.79    0.117401     -163.046036     -162.928636     -163.015467      0.05      135.53
       1121        280.2             0.06               258.18    0.118961     -163.047811     -162.928850     -163.015471      0.04      135.63
       1122        280.5             0.06               262.65    0.121023     -163.048775     -162.927752     -163.015471      0.04      135.72
       1123        280.8             0.06               262.74    0.121064     -163.048916     -162.927853     -163.015467      0.05      135.80
       1124        281.0             0.06               259.10    0.119385     -163.048288     -162.928903     -163.015459      0.06      135.88
       1125        281.2             0.05               258.78    0.119240     -163.047029     -162.927789     -163.015448      0.07      135.97
       1126        281.5             0.06               258.52    0.119117     -163.045296     -162.926179     -163.015436      0.08      136.07
       1127        281.8             0.06               254.05    0.117060     -163.043266     -162.926206     -163.015423      0.10      136.18
       1128        282.0             0.06               252.67    0.116422     -163.041154     -162.924733     -163.015411      0.11      136.30
       1129        282.2             0.06               246.98    0.113801     -163.039151     -162.925350     -163.015400      0.12      136.45
       1130        282.5             0.06               243.38    0.112140     -163.037460     -162.925319     -163.015391      0.13      136.62
       1131        282.8             0.06               242.41    0.111697     -163.036233     -162.924536     -163.015385      0.14      136.81
       1132        283.0             0.06               241.17    0.111123     -163.035574     -162.924451     -163.015382      0.14      137.03
       1133        283.2             0.06               240.22    0.110686     -163.035544     -162.924858     -163.015382      0.14      137.28
       1134        283.5             0.06               242.31    0.111651     -163.036156     -162.924504     -163.015385      0.14      137.56
       1135        283.8             0.06               245.40    0.113073     -163.037369     -162.924296     -163.015392      0.13      137.86
       1136        284.0             0.06               246.89    0.113762     -163.039077     -162.925315     -163.015403      0.12      138.18
       1137        284.2             0.06               252.65    0.116415     -163.041108     -162.924693     -163.015417      0.10      138.53
       1138        284.5             0.07               257.58    0.118683     -163.043253     -162.924570     -163.015434      0.08      138.89
       1139        284.8             0.07               261.39    0.120439     -163.045244     -162.924805     -163.015451      0.07      139.27
       1140        285.0             0.06               264.53    0.121888     -163.046818     -162.924930     -163.015465      0.05      139.66
       1141        285.2             0.06               264.44    0.121845     -163.047756     -162.925912     -163.015475      0.04      140.05
       1142        285.5             0.06               266.29    0.122698     -163.047910     -162.925212     -163.015480      0.03      140.45
       1143        285.8             0.06               263.01    0.121187     -163.047216     -162.926028     -163.015478      0.04      140.85
       1144        286.0             0.06               258.40    0.119061     -163.045701     -162.926640     -163.015471      0.04      141.24
       1145        286.2             0.06               254.15    0.117104     -163.043491     -162.926386     -163.015459      0.06      141.63
       1146        286.5             0.06               248.22    0.114371     -163.040767     -162.926396     -163.015444      0.07      142.01
       1147        286.8             0.06               241.71    0.111372     -163.037777     -162.926405     -163.015426      0.09      142.38
       1148        287.0             0.07               235.36    0.108448     -163.034807     -162.926359     -163.015407      0.11      142.73
       1149        287.2             0.20               228.69    0.105374     -163.032146     -162.926772     -163.015390      0.13      143.07
       1150        287.5             0.10               225.11    0.103725     -163.030065     -162.926339     -163.015378      0.14      143.39
       1151        287.8             0.08               223.44    0.102953     -163.028742     -162.925790     -163.015372      0.15      143.70
       1152        288.0             0.06               222.21    0.102390     -163.028260     -162.925870     -163.015374      0.15      143.98
       1153        288.2             0.07               222.99    0.102749     -163.028589     -162.925839     -163.015382      0.14      144.24
       1154        288.5             0.08               223.60    0.103028     -163.029589     -162.926560     -163.015396      0.13      144.49
       1155        288.8             0.07               227.69    0.104915     -163.031044     -162.926130     -163.015411      0.11      144.71
       1156        289.0             0.07               229.44    0.105721     -163.032714     -162.926993     -163.015426      0.09      144.91
       1157        289.2             0.06               234.51    0.108056     -163.034346     -162.926290     -163.015439      0.08      145.10
       1158        289.5             0.06               239.19    0.110212     -163.035753     -162.925542     -163.015446      0.07      145.26
       1159        289.8             0.07               242.31    0.111650     -163.036790     -162.925141     -163.015450      0.07      145.42
       1160        290.0             0.06               244.73    0.112766     -163.037386     -162.924620     -163.015448      0.07      145.56
       1161        290.2             0.06               246.02    0.113357     -163.037547     -162.924189     -163.015443      0.07      145.70
       1162        290.5             0.06               242.71    0.111836     -163.037339     -162.925503     -163.015435      0.08      145.83
       1163        290.8             0.05               244.54    0.112675     -163.036891     -162.924215     -163.015426      0.09      145.96
       1164        291.0             0.06               244.29    0.112561     -163.036343     -162.923782     -163.015416      0.10      146.09
       1165        291.2             0.06               242.85    0.111897     -163.035838     -162.923940     -163.015408      0.11      146.23
       1166        291.5             0.06               243.10    0.112015     -163.035513     -162.923498     -163.015401      0.12      146.39
       1167        291.8             0.07               242.01    0.111512     -163.035474     -162.923962     -163.015398      0.12      146.55
       1168        292.0             0.06               240.49    0.110809     -163.035783     -162.924974     -163.015398      0.12      146.74
       1169        292.2             0.07               242.04    0.111524     -163.036455     -162.924931     -163.015402      0.12      146.94
       1170        292.5             0.06               244.43    0.112625     -163.037458     -162.924833     -163.015408      0.11      147.16
       1171        292.8             0.06               244.97    0.112874     -163.038717     -162.925843     -163.015414      0.11      147.40
       1172        293.0             0.06               249.60    0.115010     -163.040139     -162.925129     -163.015421      0.10      147.66
       1173        293.2             0.06               253.28    0.116702     -163.041648     -162.924945     -163.015426      0.09      147.94
       1174        293.5             0.06               254.83    0.117420     -163.043158     -162.925738     -163.015431      0.09      148.23
       1175        293.8             0.06               256.90    0.118370     -163.044606     -162.926235     -163.015435      0.08      148.54
       1176        294.0             0.06               257.83    0.118799     -163.045943     -162.927145     -163.015440      0.08      148.85
       1177        294.2             0.06               261.39    0.120442     -163.047116     -162.926674     -163.015444      0.07      149.16
       1178        294.5             0.06               260.32    0.119947     -163.048062     -162.928115     -163.015449      0.07      149.48
       1179        294.8             0.06               262.49    0.120948     -163.048711     -162.927763     -163.015454      0.06      149.79
       1180        295.0             0.06               263.07    0.121215     -163.049018     -162.927803     -163.015456      0.06      150.09
       1181        295.2             0.07               265.33    0.122256     -163.048943     -162.926687     -163.015457      0.06      150.38
       1182        295.5             0.08               263.14    0.121249     -163.048472     -162.927223     -163.015456      0.06      150.66
       1183        295.8             0.08               259.23    0.119444     -163.047630     -162.928186     -163.015452      0.06      150.93
       1184        296.0             0.06               259.72    0.119673     -163.046490     -162.926817     -163.015447      0.07      151.17
       1185        296.2             0.07               258.29    0.119012     -163.045128     -162.926116     -163.015440      0.08      151.39
       1186        296.5             0.07               254.84    0.117421     -163.043648     -162.926227     -163.015431      0.09      151.59
       1187        296.8             0.08               253.59    0.116848     -163.042187     -162.925339     -163.015422      0.10      151.77
       1188        297.0             0.07               250.46    0.115406     -163.040869     -162.925464     -163.015414      0.11      151.92
       1189        297.2             0.08               248.43    0.114469     -163.039814     -162.925345     -163.015409      0.11      152.04
       1190        297.5             0.06               246.68    0.113661     -163.039098     -162.925437     -163.015407      0.11      152.14
       1191        297.8             0.06               245.30    0.113028     -163.038742     -162.925713     -163.015408      0.11      152.21
       1192        298.0             0.06               246.48    0.113570     -163.038711     -162.925141     -163.015413      0.11      152.26
       1193        298.2             0.07               247.46    0.114022     -163.038915     -162.924893     -163.015421      0.10      152.28
       1194        298.5             0.06               247.84    0.114200     -163.039228     -162.925028     -163.015428      0.09      152.27
       1195        298.8             0.07               249.91    0.115150     -163.039518     -162.924368     -163.015435      0.08      152.25
       1196        299.0             0.08               248.16    0.114345     -163.039663     -162.925318     -163.015441      0.08      152.20
       1197        299.2             0.09               247.00    0.113809     -163.039572     -162.925764     -163.015443      0.07      152.14
       1198        299.5             0.08               246.14    0.113412     -163.039208     -162.925796     -163.015443      0.07      152.45
       1199        299.8             0.08               245.47    0.113107     -163.038574     -162.925467     -163.015439      0.08      154.39
       1200        300.0             0.07               242.66    0.111811     -163.037722     -162.925910     -163.015432      0.09      156.35
       1201        300.2             0.07               239.54    0.110371     -163.036755     -162.926384     -163.015424      0.10      158.31
       1202        300.5             0.06               238.93    0.110093     -163.035819     -162.925726     -163.015414      0.11      160.27
       1203        300.8             0.06               239.15    0.110195     -163.035055     -162.924860     -163.015405      0.11      162.22
       1204        301.0             0.06               236.86    0.109139     -163.034592     -162.925453     -163.015399      0.12      164.17
       1205        301.2             0.06               236.17    0.108819     -163.034532     -162.925713     -163.015397      0.12      166.08
       1206        301.5             0.05               235.65    0.108581     -163.034919     -162.926338     -163.015399      0.12      167.96
       1207        301.8             0.06               237.27    0.109327     -163.035729     -162.926402     -163.015406      0.11      169.79
       1208        302.0             0.06               239.38    0.110299     -163.036867     -162.926569     -163.015416      0.10      171.57
       1209        302.2             0.06               241.10    0.111091     -163.038184     -162.927093     -163.015429      0.09      173.28
       1210        302.5             0.06               246.94    0.113784     -163.039509     -162.925725     -163.015440      0.08      174.92
       1211        302.8             0.06               251.61    0.115933     -163.040688     -162.924755     -163.015448      0.07      176.49
       1212        303.0             0.06               253.44    0.116778     -163.041591     -162.924813     -163.015451      0.07      177.99
       1213        303.2             0.08               255.63    0.117787     -163.042170     -162.924383     -163.015450      0.07      179.40
       1214        303.5             0.07               255.95    0.117933     -163.042459     -162.924526     -163.015445      0.07      180.72
       1215        303.8             0.06               255.84    0.117886     -163.042547     -162.924661     -163.015438      0.08      181.96
       1216        304.0             0.06               255.15    0.117567     -163.042543     -162.924976     -163.015434      0.08      183.10
       1217        304.2             0.06               259.18    0.119424     -163.042540     -162.923116     -163.015432      0.09      184.16
       1218        304.5             0.06               260.26    0.119922     -163.042568     -162.922646     -163.015433      0.08      185.14
       1219        304.8             0.06               260.57    0.120065     -163.042600     -162.922536     -163.015437      0.08      186.06
       1220        305.0             0.06               260.13    0.119861     -163.042588     -162.922726     -163.015441      0.08      186.91
       1221        305.2             0.06               261.19    0.120349     -163.042476     -162.922127     -163.015444      0.07      187.71
       1222        305.5             0.06               261.53    0.120508     -163.042222     -162.921715     -163.015445      0.07      188.48
       1223        305.8             0.05               262.25    0.120836     -163.041809     -162.920974     -163.015443      0.07      189.22
       1224        306.0             0.06               260.06    0.119827     -163.041251     -162.921424     -163.015440      0.08      189.96
       1225        306.2             0.05               255.30    0.117634     -163.040593     -162.922960     -163.015436      0.08      190.71
       1226        306.5             0.05               249.76    0.115083     -163.039910     -162.924827     -163.015433      0.09      191.47
       1227        306.8             0.06               245.99    0.113343     -163.039273     -162.925929     -163.015430      0.09      192.26
       1228        307.0             0.06               246.69    0.113670     -163.038730     -162.925060     -163.015430      0.09      193.10
       1229        307.2             0.06               247.58    0.114079     -163.038284     -162.924205     -163.015430      0.09      194.00
       1230        307.5             0.06               246.89    0.113760     -163.037911     -162.924151     -163.015431      0.09      194.97
       1231        307.8             0.05               246.72    0.113681     -163.037575     -162.923894     -163.015433      0.08      196.02
       1232        308.0             0.06               248.40    0.114455     -163.037229     -162.922774     -163.015436      0.08      197.16
       1233        308.2             0.05               244.92    0.112854     -163.036811     -162.923957     -163.015439      0.08      198.37
       1234        308.5             0.05               243.31    0.112110     -163.036268     -162.924159     -163.015441      0.08      199.66
       1235        308.8             0.05               241.27    0.111172     -163.035561     -162.924390     -163.015443      0.07      201.03
       1236        309.0             0.05               240.46    0.110798     -163.034661     -162.923863     -163.015443      0.07      202.46
       1237        309.2             0.06               236.46    0.108952     -163.033560     -162.924608     -163.015440      0.08      203.96
       1238        309.5             0.05               232.18    0.106981     -163.032304     -162.925323     -163.015434      0.08      205.50
       1239        309.8             0.05               228.38    0.105231     -163.030988     -162.925757     -163.015426      0.09      207.07
       1240        310.0             0.06               225.73    0.104011     -163.029739     -162.925728     -163.015417      0.10      208.67
       1241        310.2             0.06               223.62    0.103038     -163.028705     -162.925667     -163.015407      0.11      210.28
       1242        310.5             0.06               222.28    0.102419     -163.028031     -162.925612     -163.015399      0.12      211.88
       1243        310.8             0.06               225.88    0.104079     -163.027835     -162.923756     -163.015395      0.13      213.48
       1244        311.0             0.06               226.40    0.104320     -163.028169     -162.923849     -163.015396      0.13      215.05
       1245        311.2             0.06               226.57    0.104397     -163.029011     -162.924615     -163.015402      0.12      216.59
       1246        311.5             0.05               230.03    0.105992     -163.030275     -162.924283     -163.015412      0.11      218.07
       1247        311.8             0.06               235.66    0.108583     -163.031812     -162.923229     -163.015425      0.09      219.47
       1248        312.0             0.06               241.67    0.111352     -163.033419     -162.922066     -163.015440      0.08      220.81
       1249        312.2             0.06               243.29    0.112101     -163.034863     -162.922762     -163.015453      0.06      222.07
       1250        312.5             0.06               248.44    0.114474     -163.035937     -162.921462     -163.015463      0.05      223.22
       1251        312.8             0.05               248.78    0.114632     -163.036511     -162.921879     -163.015467      0.05      224.28
       1252        313.0             0.06               247.71    0.114139     -163.036529     -162.922390     -163.015465      0.05      225.23
       1253        313.2             0.06               245.70    0.113211     -163.036052     -162.922841     -163.015456      0.06      226.06
       1254        313.5             0.06               247.15    0.113878     -163.035238     -162.921360     -163.015444      0.07      226.79
       1255        313.8             0.06               246.21    0.113445     -163.034284     -162.920839     -163.015430      0.09      227.41
       1256        314.0             0.05               246.45    0.113556     -163.033411     -162.919855     -163.015418      0.10      227.93
       1257        314.2             0.05               243.19    0.112056     -163.032812     -162.920755     -163.015410      0.11      228.36
       1258        314.5             0.05               241.37    0.111214     -163.032627     -162.921413     -163.015408      0.11      228.70
       1259        314.8             0.06               243.35    0.112130     -163.032910     -162.920780     -163.015411      0.11      228.96
       1260        315.0             0.05               242.39    0.111686     -163.033620     -162.921933     -163.015419      0.10      229.16
       1261        315.2             0.05               243.04    0.111986     -163.034647     -162.922661     -163.015428      0.09      229.30
       1262        315.5             0.06               248.31    0.114415     -163.035862     -162.921446     -163.015438      0.08      229.40
       1263        315.8             0.06               248.59    0.114542     -163.037122     -162.922580     -163.015446      0.07      229.48
       1264        316.0             0.05               248.73    0.114607     -163.038283     -162.923676     -163.015451      0.07      229.54
       1265        316.2             0.06               253.61    0.116855     -163.039264     -162.922408     -163.015454      0.06      230.21
       1266        316.5             0.06               257.04    0.118435     -163.040006     -162.921572     -163.015456      0.06      231.28
       1267        316.8             0.05               257.46    0.118632     -163.040457     -162.921825     -163.015455      0.06      232.47
       1268        317.0             0.06               257.60    0.118695     -163.040602     -162.921907     -163.015454      0.06      233.78
       1269        317.2             0.06               256.94    0.118390     -163.040449     -162.922059     -163.015452      0.06      235.21
       1270        317.5             0.06               255.03    0.117510     -163.040018     -162.922508     -163.015450      0.07      236.76
       1271        317.8             0.07               252.92    0.116536     -163.039334     -162.922798     -163.015448      0.07      238.43
       1272        318.0             0.06               251.96    0.116094     -163.038427     -162.922333     -163.015445      0.07      240.20
       1273        318.2             0.06               253.40    0.116758     -163.037323     -162.920565     -163.015443      0.07      242.07
       1274        318.5             0.06               251.26    0.115772     -163.036036     -162.920264     -163.015439      0.08      244.04
       1275        318.8             0.06               248.63    0.114562     -163.034612     -162.920050     -163.015435      0.08      246.08
       1276        319.0             0.06               244.18    0.112511     -163.033114     -162.920603     -163.015429      0.09      248.18
       1277        319.2             0.06               243.07    0.112000     -163.031635     -162.919636     -163.015423      0.10      250.29
       1278        319.5             0.07               242.59    0.111779     -163.030261     -162.918483     -163.015416      0.10      252.43
       1279        319.8             0.06               239.04    0.110141     -163.029087     -162.918947     -163.015409      0.11      254.56
       1280        320.0             0.06               237.46    0.109415     -163.028223     -162.918808     -163.015403      0.12      256.67
       1281        320.2             0.07               237.05    0.109228     -163.027756     -162.918528     -163.015399      0.12      258.73
       1282        320.5             0.06               239.04    0.110142     -163.027738     -162.917596     -163.015399      0.12      260.72
       1283        320.8             0.05               239.99    0.110582     -163.028166     -162.917583     -163.015402      0.12      262.64
       1284        321.0             0.06               241.28    0.111175     -163.028984     -162.917809     -163.015409      0.11      264.46
       1285        321.2             0.06               242.99    0.111964     -163.030091     -162.918126     -163.015418      0.10      266.18
       1286        321.5             0.06               243.44    0.112168     -163.031347     -162.919179     -163.015429      0.09      267.78
       1287        321.8             0.06               245.51    0.113123     -163.032595     -162.919472     -163.015440      0.08      269.24
       1288        322.0             0.07               250.37    0.115365     -163.033682     -162.918317     -163.015450      0.07      270.59
       1289        322.2             0.07               252.94    0.116546     -163.034461     -162.917915     -163.015458      0.06      271.81
       1290        322.5             0.06               253.73    0.116913     -163.034802     -162.917889     -163.015464      0.05      272.92
       1291        322.8             0.06               256.22    0.118057     -163.034633     -162.916576     -163.015465      0.05      273.91
       1292        323.0             0.06               257.31    0.118562     -163.033936     -162.915374     -163.015463      0.05      274.80
       1293        323.2             0.06               254.65    0.117337     -163.032748     -162.915411     -163.015456      0.06      275.61
       1294        323.5             0.05               250.73    0.115530     -163.031195     -162.915665     -163.015445      0.07      276.34
       1295        323.8             0.06               247.23    0.113915     -163.029482     -162.915568     -163.015431      0.09      277.02
       1296        324.0             0.06               246.36    0.113515     -163.027856     -162.914341     -163.015415      0.10      277.65
       1297        324.2             0.06               240.65    0.110883     -163.026567     -162.915684     -163.015400      0.12      278.25
       1298        324.5             0.05               238.60    0.109941     -163.025866     -162.915925     -163.015391      0.13      278.85
       1299        324.8             0.06               240.12    0.110639     -163.025912     -162.915272     -163.015389      0.13      279.47
       1300        325.0             0.06               242.52    0.111745     -163.026729     -162.914984     -163.015397      0.12      280.11
       1301        325.2             0.05               243.41    0.112154     -163.028198     -162.916044     -163.015413      0.11      280.80
       1302        325.5             0.06               248.99    0.114729     -163.030076     -162.915347     -163.015432      0.09      281.56
       1303        325.8             0.06               251.11    0.115703     -163.032066     -162.916363     -163.015453      0.06      282.39
       1304        326.0             0.06               256.23    0.118062     -163.033838     -162.915776     -163.015469      0.05      283.30
       1305        326.2             0.06               259.50    0.119569     -163.035141     -162.915572     -163.015479      0.04      284.31
       1306        326.5             0.06               259.80    0.119707     -163.035801     -162.916094     -163.015481      0.03      285.42
       1307        326.8             0.06               257.30    0.118556     -163.035773     -162.917217     -163.015475      0.04      286.64
       1308        327.0             0.05               257.61    0.118699     -163.035136     -162.916437     -163.015465      0.05      287.95
       1309        327.2             0.06               256.05    0.117980     -163.034029     -162.916049     -163.015453      0.06      289.36
       1310        327.5             0.06               252.18    0.116199     -163.032620     -162.916421     -163.015441      0.08      290.86
       1311        327.8             0.06               247.72    0.114142     -163.031097     -162.916954     -163.015431      0.09      293.50
       1312        328.0             0.06               245.11    0.112938     -163.029617     -162.916679     -163.015424      0.09      297.13
       1313        328.2             0.06               243.84    0.112354     -163.028284     -162.915930     -163.015420      0.10      300.77
       1314        328.5             0.06               243.97    0.112415     -163.027149     -162.914734     -163.015419      0.10      304.42
       1315        328.8             0.06               241.17    0.111124     -163.026215     -162.915091     -163.015420      0.10      308.07
       1316        329.0             0.07               238.69    0.109982     -163.025475     -162.915494     -163.015421      0.10      311.70
       1317        329.2             0.06               236.31    0.108884     -163.024914     -162.916030     -163.015422      0.10      315.28
       1318        329.5             0.06               234.12    0.107877     -163.024517     -162.916640     -163.015423      0.10      318.82
       1319        329.8             0.06               235.31    0.108426     -163.024273     -162.915847     -163.015424      0.09      322.32
       1320        330.0             0.06               236.75    0.109087     -163.024161     -162.915075     -163.015426      0.09      325.80
       1321        330.2             0.06               234.36    0.107986     -163.024150     -162.916164     -163.015427      0.09      329.26
       1322        330.5             0.07               234.39    0.108002     -163.024214     -162.916212     -163.015429      0.09      332.68
       1323        330.8             0.06               234.12    0.107877     -163.024325     -162.916448     -163.015432      0.09      336.08
       1324        331.0             0.06               237.11    0.109253     -163.024441     -162.915188     -163.015435      0.08      339.47
       1325        331.2             0.06               238.31    0.109808     -163.024512     -162.914704     -163.015438      0.08      342.88
       1326        331.5             0.06               239.07    0.110156     -163.024482     -162.914326     -163.015440      0.08      346.31
       1327        331.8             0.06               239.68    0.110440     -163.024317     -162.913877     -163.015441      0.08      349.76
       1328        332.0             0.06               239.45    0.110330     -163.023995     -162.913665     -163.015442      0.08      353.26
       1329        332.2             0.06               238.14    0.109729     -163.023518     -162.913790     -163.015440      0.08      356.80
       1330        332.5             0.06               233.98    0.107810     -163.022920     -162.915109     -163.015437      0.08      360.38
       1331        332.8             0.06               234.20    0.107913     -163.022273     -162.914360     -163.015433      0.09      363.99
       1332        333.0             0.06               235.76    0.108629     -163.021659     -162.913030     -163.015427      0.09      367.67
       1333        333.2             0.06               233.28    0.107488     -163.021162     -162.913674     -163.015422      0.10      371.42
       1334        333.5             0.06               231.98    0.106888     -163.020874     -162.913987     -163.015418      0.10      375.21
       1335        333.8             0.06               233.56    0.107618     -163.020874     -162.913256     -163.015417      0.10      379.04
       1336        334.0             0.06               233.81    0.107732     -163.021182     -162.913450     -163.015420      0.10      382.92
       1337        334.2             0.06               235.04    0.108299     -163.021761     -162.913462     -163.015426      0.09      386.82
       1338        334.5             0.06               236.11    0.108795     -163.022537     -162.913742     -163.015433      0.08      390.72
       1339        334.8             0.06               236.02    0.108753     -163.023405     -162.914651     -163.015440      0.08      394.62
       1340        335.0             0.07               236.30    0.108881     -163.024269     -162.915388     -163.015445      0.07      398.47
       1341        335.2             0.06               239.24    0.110234     -163.025063     -162.914829     -163.015449      0.07      402.28
       1342        335.5             0.06               243.10    0.112012     -163.025740     -162.913728     -163.015450      0.07      406.04
       1343        335.8             0.06               244.29    0.112561     -163.026264     -162.913703     -163.015450      0.07      409.73
       1344        336.0             0.06               245.20    0.112983     -163.026621     -162.913639     -163.015449      0.07      413.33
       1345        336.2             0.06               245.31    0.113034     -163.026827     -162.913793     -163.015446      0.07      416.82
       1346        336.5             0.06               247.24    0.113923     -163.026912     -162.912989     -163.015443      0.07      420.18
       1347        336.8             0.06               244.51    0.112664     -163.026922     -162.914257     -163.015439      0.08      423.39
       1348        337.0             0.06               243.63    0.112256     -163.026922     -162.914666     -163.015434      0.08      426.43
       1349        337.2             0.06               244.99    0.112883     -163.026997     -162.914114     -163.015429      0.09      429.29
       1350        337.5             0.05               242.59    0.111777     -163.027211     -162.915434     -163.015426      0.09      431.97
       1351        337.8             0.06               242.62    0.111793     -163.027608     -162.915815     -163.015425      0.09      434.45
       1352        338.0             0.06               242.85    0.111899     -163.028206     -162.916307     -163.015427      0.09      436.72
       1353        338.2             0.06               244.32    0.112577     -163.028976     -162.916399     -163.015431      0.09      438.80
       1354        338.5             0.06               246.82    0.113725     -163.029859     -162.916133     -163.015436      0.08      440.69
       1355        338.8             0.06               249.20    0.114824     -163.030773     -162.915949     -163.015440      0.08      442.41
       1356        339.0             0.06               247.58    0.114080     -163.031634     -162.917554     -163.015444      0.07      443.95
       1357        339.2             0.06               245.44    0.113093     -163.032376     -162.919284     -163.015447      0.07      445.33
       1358        339.5             0.06               250.45    0.115401     -163.032973     -162.917572     -163.015449      0.07      446.56
       1359        339.8             0.06               251.64    0.115950     -163.033401     -162.917452     -163.015449      0.07      447.68
       1360        340.0             0.07               249.93    0.115162     -163.033627     -162.918465     -163.015449      0.07      448.70
       1361        340.2             0.07               249.46    0.114946     -163.033652     -162.918706     -163.015449      0.07      449.64
       1362        340.5             0.07               249.64    0.115028     -163.033493     -162.918465     -163.015448      0.07      450.53
       1363        340.8             0.06               249.33    0.114882     -163.033162     -162.918280     -163.015447      0.07      451.38
       1364        341.0             0.06               251.10    0.115699     -163.032669     -162.916969     -163.015447      0.07      452.21
       1365        341.2             0.06               252.99    0.116572     -163.032010     -162.915438     -163.015447      0.07      453.06
       1366        341.5             0.05               252.02    0.116121     -163.031178     -162.915056     -163.015446      0.07      453.93
       1367        341.8             0.05               249.42    0.114924     -163.030187     -162.915263     -163.015443      0.07      454.83
       1368        342.0             0.05               246.30    0.113490     -163.029094     -162.915604     -163.015438      0.08      455.77
       1369        342.2             0.06               244.72    0.112758     -163.027997     -162.915239     -163.015430      0.09      456.75
       1370        342.5             0.05               240.88    0.110989     -163.027030     -162.916041     -163.015419      0.10      457.79
       1371        342.8             0.06               240.41    0.110772     -163.026371     -162.915599     -163.015408      0.11      458.87
       1372        343.0             0.06               240.26    0.110706     -163.026186     -162.915480     -163.015400      0.12      460.00
       1373        343.2             0.05               239.99    0.110579     -163.026599     -162.916020     -163.015397      0.12      461.17
       1374        343.5             0.06               242.56    0.111767     -163.027657     -162.915891     -163.015400      0.12      462.37
       1375        343.8             0.06               247.72    0.114143     -163.029313     -162.915170     -163.015410      0.11      463.59
       1376        344.0             0.06               254.32    0.117184     -163.031415     -162.914231     -163.015425      0.09      464.83
       1377        344.2             0.06               256.96    0.118401     -163.033725     -162.915324     -163.015442      0.08      466.06
       1378        344.5             0.06               262.37    0.120893     -163.035957     -162.915064     -163.015459      0.06      467.27
       1379        344.8             0.06               267.74    0.123369     -163.037856     -162.914487     -163.015474      0.04      468.46
       1380        345.0             0.06               271.87    0.125272     -163.039180     -162.913908     -163.015485      0.03      469.60
       1381        345.2             0.06               272.94    0.125764     -163.039745     -162.913981     -163.015490      0.02      470.70
       1382        345.5             0.06               271.60    0.125143     -163.039464     -162.914321     -163.015489      0.02      471.73
       1383        345.8             0.06               268.57    0.123749     -163.038373     -162.914624     -163.015480      0.03      472.69
       1384        346.0             0.07               265.37    0.122276     -163.036619     -162.914343     -163.015465      0.05      473.57
       1385        346.2             0.06               257.50    0.118648     -163.034442     -162.915794     -163.015446      0.07      474.37
       1386        346.5             0.06               252.98    0.116564     -163.032170     -162.915606     -163.015425      0.09      475.09
       1387        346.8             0.06               248.94    0.114705     -163.030123     -162.915417     -163.015407      0.11      475.72
       1388        347.0             0.06               245.34    0.113045     -163.028588     -162.915543     -163.015394      0.13      476.28
       1389        347.2             0.06               240.89    0.110994     -163.027780     -162.916786     -163.015388      0.13      476.77
       1390        347.5             0.06               241.04    0.111064     -163.027810     -162.916745     -163.015389      0.13      477.20
       1391        347.8             0.06               243.85    0.112358     -163.028667     -162.916309     -163.015397      0.12      477.59
       1392        348.0             0.06               248.29    0.114406     -163.030231     -162.915825     -163.015410      0.11      477.96
       1393        348.2             0.06               256.12    0.118015     -163.032306     -162.914291     -163.015425      0.09      478.32
       1394        348.5             0.06               261.56    0.120518     -163.034659     -162.914141     -163.015439      0.08      478.70
       1395        348.8             0.06               267.60    0.123301     -163.037037     -162.913736     -163.015451      0.06      479.13
       1396        349.0             0.07               273.87    0.126192     -163.039234     -162.913042     -163.015461      0.05      479.62
       1397        349.2             0.07               279.26    0.128676     -163.041084     -162.912408     -163.015467      0.05      480.19
       1398        349.5             0.06               280.43    0.129214     -163.042462     -162.913248     -163.015471      0.04      480.88
       1399        349.8             0.06               280.30    0.129155     -163.043296     -162.914142     -163.015472      0.04      481.70
       1400        350.0             0.06               282.15    0.130008     -163.043574     -162.913567     -163.015472      0.04      482.66
       1401        350.2             0.06               280.22    0.129116     -163.043303     -162.914187     -163.015470      0.04      483.78
       1402        350.5             0.06               278.80    0.128464     -163.042509     -162.914044     -163.015468      0.05      485.08
       1403        350.8             0.06               276.53    0.127417     -163.041233     -162.913815     -163.015464      0.05      486.55
       1404        351.0             0.06               275.48    0.126935     -163.039530     -162.912595     -163.015460      0.06      488.20
       1405        351.2             0.06               270.26    0.124529     -163.037464     -162.912936     -163.015453      0.06      490.03
       1406        351.5             0.06               264.59    0.121913     -163.035160     -162.913247     -163.015443      0.07      492.03
       1407        351.8             0.06               259.78    0.119698     -163.032782     -162.913083     -163.015431      0.09      494.18
       1408        352.0             0.05               250.61    0.115472     -163.030522     -162.915050     -163.015417      0.10      496.48
       1409        352.2             0.06               245.09    0.112931     -163.028622     -162.915692     -163.015405      0.12      498.87
       1410        352.5             0.05               240.76    0.110935     -163.027283     -162.916348     -163.015395      0.13      501.36
       1411        352.8             0.06               239.66    0.110428     -163.026660     -162.916231     -163.015391      0.13      503.92
       1412        353.0             0.05               240.53    0.110828     -163.026824     -162.915997     -163.015391      0.13      506.53
       1413        353.2             0.06               243.26    0.112086     -163.027765     -162.915679     -163.015397      0.12      509.18
       1414        353.5             0.05               246.92    0.113772     -163.029384     -162.915613     -163.015407      0.11      511.82
       1415        353.8             0.06               250.50    0.115423     -163.031516     -162.916093     -163.015420      0.10      514.44
       1416        354.0             0.06               256.82    0.118337     -163.033944     -162.915607     -163.015435      0.08      517.00
       1417        354.2             0.06               264.54    0.121891     -163.036437     -162.914546     -163.015450      0.07      519.50
       1418        354.5             0.06               270.10    0.124454     -163.038737     -162.914284     -163.015464      0.05      521.91
       1419        354.8             0.06               273.76    0.126139     -163.040594     -162.914455     -163.015477      0.04      524.21
       1420        355.0             0.07               275.22    0.126811     -163.041803     -162.914992     -163.015486      0.03      526.37
       1421        355.2             0.06               280.68    0.129328     -163.042228     -162.912901     -163.015490      0.02      528.38
       1422        355.5             0.06               275.76    0.127064     -163.041795     -162.914732     -163.015489      0.02      530.25
       1423        355.8             0.06               273.77    0.126143     -163.040534     -162.914390     -163.015481      0.03      531.93
       1424        356.0             0.06               272.45    0.125536     -163.038569     -162.913033     -163.015468      0.05      533.45
       1425        356.2             0.06               266.27    0.122687     -163.036093     -162.913405     -163.015451      0.07      534.79
       1426        356.5             0.06               260.34    0.119956     -163.033402     -162.913446     -163.015430      0.09      535.97
       1427        356.8             0.06               257.08    0.118455     -163.030827     -162.912372     -163.015410      0.11      536.97
       1428        357.0             0.05               250.63    0.115481     -163.028681     -162.913200     -163.015392      0.13      537.83
       1429        357.2             0.06               247.83    0.114193     -163.027262     -162.913069     -163.015381      0.14      538.54
       1430        357.5             0.06               248.64    0.114566     -163.026748     -162.912182     -163.015378      0.14      539.14
       1431        357.8             0.06               251.21    0.115750     -163.027190     -162.911439     -163.015384      0.14      539.63
       1432        358.0             0.06               252.79    0.116480     -163.028500     -162.912020     -163.015397      0.12      540.05
       1433        358.2             0.05               257.56    0.118678     -163.030476     -162.911798     -163.015415      0.10      540.40
       1434        358.5             0.06               263.07    0.121216     -163.032854     -162.911637     -163.015435      0.08      540.73
       1435        358.8             0.06               270.43    0.124609     -163.035332     -162.910723     -163.015452      0.06      541.04
       1436        359.0             0.06               278.24    0.128204     -163.037631     -162.909426     -163.015466      0.05      541.37
       1437        359.2             0.06               280.04    0.129033     -163.039510     -162.910477     -163.015476      0.04      541.72
       1438        359.5             0.06               284.28    0.130987     -163.040798     -162.909812     -163.015480      0.03      542.11
       1439        359.8             0.06               283.92    0.130823     -163.041429     -162.910606     -163.015480      0.03      542.56
       1440        360.0             0.06               285.47    0.131535     -163.041386     -162.909850     -163.015478      0.04      543.05
       1441        360.2             0.06               285.80    0.131688     -163.040702     -162.909014     -163.015473      0.04      543.61
       1442        360.5             0.06               284.86    0.131254     -163.039435     -162.908181     -163.015467      0.05      544.23
       1443        360.8             0.06               282.95    0.130377     -163.037673     -162.907297     -163.015458      0.06      544.89
       1444        361.0             0.06               275.65    0.127012     -163.035530     -162.908518     -163.015449      0.07      545.58
       1445        361.2             0.06               268.55    0.123738     -163.033173     -162.909435     -163.015439      0.08      546.30
       1446        361.5             0.06               263.59    0.121453     -163.030769     -162.909316     -163.015430      0.09      547.01
       1447        361.8             0.06               258.04    0.118896     -163.028463     -162.909567     -163.015421      0.10      547.70
       1448        362.0             0.06               252.30    0.116252     -163.026397     -162.910145     -163.015413      0.11      548.35
       1449        362.2             0.05               248.62    0.114559     -163.024702     -162.910143     -163.015406      0.11      548.93
       1450        362.5             0.05               248.68    0.114586     -163.023483     -162.908897     -163.015401      0.12      549.43
       1451        362.8             0.06               249.25    0.114849     -163.022813     -162.907964     -163.015397      0.12      549.83
       1452        363.0             0.06               247.61    0.114089     -163.022734     -162.908645     -163.015396      0.13      550.09
       1453        363.2             0.06               246.05    0.113372     -163.023256     -162.909884     -163.015398      0.12      550.22
       1454        363.5             0.06               247.32    0.113959     -163.024339     -162.910379     -163.015404      0.12      550.18
       1455        363.8             0.06               249.75    0.115079     -163.025890     -162.910811     -163.015413      0.11      549.96
       1456        364.0             0.06               253.56    0.116835     -163.027758     -162.910923     -163.015425      0.09      549.56
       1457        364.2             0.06               258.51    0.119116     -163.029761     -162.910645     -163.015437      0.08      548.96
       1458        364.5             0.06               264.00    0.121645     -163.031703     -162.910058     -163.015449      0.07      548.16
       1459        364.8             0.06               268.70    0.123809     -163.033395     -162.909586     -163.015458      0.06      547.15
       1460        365.0             0.06               271.15    0.124937     -163.034677     -162.909739     -163.015465      0.05      545.94
       1461        365.2             0.06               273.07    0.125823     -163.035431     -162.909608     -163.015470      0.04      544.54
       1462        365.5             0.06               272.11    0.125380     -163.035597     -162.910217     -163.015471      0.04      542.94
       1463        365.8             0.07               272.77    0.125684     -163.035162     -162.909478     -163.015470      0.04      541.18
       1464        366.0             0.07               270.53    0.124651     -163.034155     -162.909503     -163.015466      0.05      539.25
       1465        366.2             0.06               267.72    0.123355     -163.032651     -162.909296     -163.015459      0.06      537.18
       1466        366.5             0.07               261.94    0.120693     -163.030776     -162.910082     -163.015450      0.07      535.00
       1467        366.8             0.06               257.70    0.118743     -163.028712     -162.909969     -163.015438      0.08      532.74
       1468        367.0             0.06               253.82    0.116954     -163.026664     -162.909709     -163.015425      0.09      530.42
       1469        367.2             0.06               249.98    0.115183     -163.024852     -162.909670     -163.015413      0.11      528.06
       1470        367.5             0.06               248.10    0.114318     -163.023495     -162.909177     -163.015402      0.12      525.70
       1471        367.8             0.06               248.62    0.114559     -163.022764     -162.908205     -163.015396      0.13      523.37
       1472        368.0             0.06               250.90    0.115606     -163.022764     -162.907158     -163.015395      0.13      521.08
       1473        368.2             0.06               255.39    0.117677     -163.023516     -162.905839     -163.015399      0.12      518.86
       1474        368.5             0.06               257.06    0.118444     -163.024949     -162.906505     -163.015408      0.11      516.72
       1475        368.8             0.05               260.93    0.120228     -163.026909     -162.906681     -163.015421      0.10      514.71
       1476        369.0             0.06               268.02    0.123497     -163.029206     -162.905709     -163.015436      0.08      512.83
       1477        369.2             0.05               275.78    0.127072     -163.031615     -162.904544     -163.015450      0.07      511.07
       1478        369.5             0.06               279.05    0.128578     -163.033894     -162.905317     -163.015462      0.05      509.44
       1479        369.8             0.06               279.56    0.128815     -163.035821     -162.907006     -163.015471      0.04      507.94
       1480        370.0             0.06               282.73    0.130276     -163.037258     -162.906983     -163.015477      0.04      506.56
       1481        370.2             0.06               284.12    0.130913     -163.038129     -162.907216     -163.015479      0.03      505.29
       1482        370.5             0.06               284.92    0.131282     -163.038377     -162.907094     -163.015480      0.03      504.10
       1483        370.8             0.06               287.40    0.132424     -163.037979     -162.905555     -163.015480      0.03      502.96
       1484        371.0             0.06               285.36    0.131487     -163.036918     -162.905431     -163.015477      0.04      501.86
       1485        371.2             0.06               281.82    0.129857     -163.035213     -162.905357     -163.015472      0.04      500.78
       1486        371.5             0.06               275.87    0.127115     -163.032939     -162.905824     -163.015464      0.05      499.68
       1487        371.8             0.06               272.02    0.125339     -163.030237     -162.904899     -163.015450      0.07      498.55
       1488        372.0             0.06               264.93    0.122073     -163.027295     -162.905221     -163.015433      0.08      497.36
       1489        372.2             0.07               257.03    0.118434     -163.024386     -162.905951     -163.015414      0.11      496.09
       1490        372.5             0.06               252.04    0.116135     -163.021813     -162.905678     -163.015396      0.13      494.73
       1491        372.8             0.05               249.63    0.115020     -163.019841     -162.904821     -163.015383      0.14      493.25
       1492        373.0             0.06               248.16    0.114347     -163.018664     -162.904317     -163.015376      0.15      491.63
       1493        373.2             0.05               246.32    0.113497     -163.018377     -162.904880     -163.015377      0.15      489.87
       1494        373.5             0.06               249.00    0.114730     -163.018962     -162.904232     -163.015385      0.14      487.96
       1495        373.8             0.06               251.39    0.115834     -163.020296     -162.904462     -163.015398      0.12      485.90
       1496        374.0             0.07               254.29    0.117171     -163.022168     -162.904997     -163.015413      0.11      483.67
       1497        374.2             0.07               260.66    0.120103     -163.024339     -162.904235     -163.015428      0.09      481.29
       1498        374.5             0.07               267.50    0.123255     -163.026578     -162.903324     -163.015441      0.08      478.74
       1499        374.8             0.06               273.83    0.126175     -163.028661     -162.902486     -163.015452      0.06      476.04
       1500        375.0             0.06               282.36    0.130105     -163.030394     -162.900289     -163.015460      0.06      473.19
       1501        375.2             0.06               286.46    0.131994     -163.031629     -162.899635     -163.015466      0.05      470.19
       1502        375.5             0.07               290.95    0.134059     -163.032245     -162.898186     -163.015470      0.05      467.08
       1503        375.8             0.07               291.80    0.134454     -163.032180     -162.897726     -163.015470      0.04      463.85
       1504        376.0             0.08               291.02    0.134092     -163.031425     -162.897333     -163.015467      0.05      460.55
       1505        376.2             0.07               287.23    0.132349     -163.030044     -162.897695     -163.015459      0.06      457.19
       1506        376.5             0.08               283.57    0.130661     -163.028180     -162.897519     -163.015447      0.07      453.81
       1507        376.8             0.06               277.97    0.128078     -163.026039     -162.897961     -163.015432      0.09      450.42
       1508        377.0             0.07               275.93    0.127140     -163.023886     -162.896746     -163.015416      0.10      447.05
       1509        377.2             0.07               273.43    0.125989     -163.021977     -162.895988     -163.015401      0.12      443.69
       1510        377.5             0.07               269.49    0.124175     -163.020555     -162.896380     -163.015390      0.13      440.37
       1511        377.8             0.07               270.63    0.124701     -163.019804     -162.895104     -163.015386      0.14      437.11
       1512        378.0             0.06               271.52    0.125111     -163.019802     -162.894691     -163.015388      0.13      433.90
       1513        378.2             0.06               268.68    0.123801     -163.020525     -162.896724     -163.015395      0.13      430.75
       1514        378.5             0.06               272.88    0.125737     -163.021878     -162.896141     -163.015405      0.12      427.69
       1515        378.8             0.07               278.23    0.128199     -163.023737     -162.895538     -163.015415      0.10      424.69
       1516        379.0             0.06               282.19    0.130025     -163.025937     -162.895912     -163.015424      0.09      421.72
       1517        379.2             0.08               286.63    0.132071     -163.028315     -162.896244     -163.015432      0.09      418.80
       1518        379.5             0.06               294.70    0.135790     -163.030736     -162.894947     -163.015440      0.08      415.89
       1519        379.8             0.07               295.69    0.136247     -163.033068     -162.896821     -163.015448      0.07      412.95
       1520        380.0             0.07               298.91    0.137729     -163.035134     -162.897405     -163.015458      0.06      410.01
       1521        380.2             0.07               303.66    0.139916     -163.036792     -162.896876     -163.015469      0.05      407.03
       1522        380.5             0.06               303.04    0.139631     -163.037866     -162.898235     -163.015479      0.04      403.96
       1523        380.8             0.06               302.53    0.139398     -163.038192     -162.898794     -163.015485      0.03      400.82
       1524        381.0             0.06               300.99    0.138687     -163.037682     -162.898995     -163.015486      0.03      397.56
       1525        381.2             0.07               300.52    0.138469     -163.036319     -162.897850     -163.015480      0.03      394.18
       1526        381.5             0.06               295.80    0.136297     -163.034172     -162.897875     -163.015467      0.05      390.63
       1527        381.8             0.06               291.22    0.134188     -163.031425     -162.897238     -163.015449      0.07      386.92
       1528        382.0             0.06               286.08    0.131816     -163.028342     -162.896526     -163.015428      0.09      383.04
       1529        382.2             0.06               278.65    0.128393     -163.025235     -162.896842     -163.015407      0.11      378.96
       1530        382.5             0.06               275.38    0.126885     -163.022445     -162.895559     -163.015388      0.13      374.71
       1531        382.8             0.06               270.52    0.124648     -163.020236     -162.895587     -163.015375      0.15      370.25
       1532        383.0             0.06               269.36    0.124113     -163.018823     -162.894709     -163.015368      0.16      365.61
       1533        383.2             0.06               271.95    0.125307     -163.018305     -162.892998     -163.015368      0.16      360.78
       1534        383.5             0.07               270.85    0.124798     -163.018678     -162.893879     -163.015373      0.15      355.75
       1535        383.8             0.05               271.77    0.125222     -163.019849     -162.894627     -163.015383      0.14      350.58
       1536        384.0             0.06               276.39    0.127354     -163.021675     -162.894321     -163.015394      0.13      345.27
       1537        384.2             0.05               282.11    0.129990     -163.023978     -162.893988     -163.015407      0.11      339.83
       1538        384.5             0.06               286.62    0.132064     -163.026552     -162.894487     -163.015419      0.10      334.27
       1539        384.8             0.06               293.94    0.135438     -163.029186     -162.893748     -163.015431      0.09      328.62
       1540        385.0             0.06               297.03    0.136862     -163.031694     -162.894833     -163.015442      0.07      322.88
       1541        385.2             0.06               300.56    0.138491     -163.033879     -162.895387     -163.015453      0.06      317.11
       1542        385.5             0.06               306.49    0.141221     -163.035587     -162.894366     -163.015462      0.05      311.31
       1543        385.8             0.06               308.60    0.142195     -163.036689     -162.894494     -163.015468      0.05      305.48
       1544        386.0             0.06               311.88    0.143703     -163.037081     -162.893378     -163.015470      0.04      300.32
       1545        386.2             0.06               314.51    0.144919     -163.036723     -162.891804     -163.015468      0.05      296.66
       1546        386.5             0.07               314.30    0.144820     -163.035637     -162.890816     -163.015461      0.05      294.16
       1547        386.8             0.07               309.87    0.142781     -163.033927     -162.891146     -163.015449      0.07      291.73
       1548        387.0             0.06               306.44    0.141197     -163.031797     -162.890599     -163.015434      0.08      289.39
       1549        387.2             0.07               303.07    0.139645     -163.029497     -162.889852     -163.015417      0.10      287.13
       1550        387.5             0.06               297.27    0.136975     -163.027300     -162.890325     -163.015401      0.12      284.96
       1551        387.8             0.07               291.37    0.134254     -163.025485     -162.891231     -163.015388      0.13      282.89
       1552        388.0             0.07               288.32    0.132849     -163.024283     -162.891433     -163.015379      0.14      280.90
       1553        388.2             0.06               287.94    0.132673     -163.023842     -162.891170     -163.015376      0.15      278.98
       1554        388.5             0.07               287.99    0.132699     -163.024223     -162.891524     -163.015379      0.14      277.13
       1555        388.8             0.06               290.91    0.134041     -163.025395     -162.891354     -163.015387      0.14      275.32
       1556        389.0             0.06               296.48    0.136611     -163.027250     -162.890639     -163.015398      0.12      273.53
       1557        389.2             0.07               299.17    0.137847     -163.029610     -162.891764     -163.015412      0.11      271.75
       1558        389.5             0.07               306.21    0.141093     -163.032240     -162.891147     -163.015428      0.09      269.97
       1559        389.8             0.08               313.83    0.144603     -163.034911     -162.890308     -163.015443      0.07      268.16
       1560        390.0             0.06               319.85    0.147379     -163.037373     -162.889994     -163.015456      0.06      266.30
       1561        390.2             0.07               324.14    0.149352     -163.039398     -162.890046     -163.015466      0.05      264.37
       1562        390.5             0.07               327.12    0.150729     -163.040810     -162.890081     -163.015473      0.04      262.38
       1563        390.8             0.07               327.91    0.151093     -163.041496     -162.890403     -163.015476      0.04      260.29
       1564        391.0             0.07               328.01    0.151136     -163.041406     -162.890270     -163.015475      0.04      258.12
       1565        391.2             0.07               325.23    0.149857     -163.040556     -162.890699     -163.015469      0.05      255.84
       1566        391.5             0.07               321.88    0.148311     -163.039033     -162.890722     -163.015459      0.06      253.45
       1567        391.8             0.08               321.03    0.147919     -163.036984     -162.889065     -163.015446      0.07      250.95
       1568        392.0             0.06               315.65    0.145442     -163.034584     -162.889143     -163.015431      0.09      248.34
       1569        392.2             0.07               309.53    0.142623     -163.032070     -162.889447     -163.015416      0.10      245.61
       1570        392.5             0.07               304.21    0.140172     -163.029684     -162.889512     -163.015402      0.12      242.79
       1571        392.8             0.08               302.92    0.139579     -163.027643     -162.888064     -163.015390      0.13      239.87
       1572        393.0             0.07               299.00    0.137773     -163.026101     -162.888328     -163.015383      0.14      236.86
       1573        393.2             0.07               298.07    0.137343     -163.025169     -162.887826     -163.015381      0.14      233.77
       1574        393.5             0.07               297.60    0.137126     -163.024881     -162.887755     -163.015382      0.14      230.61
       1575        393.8             0.07               299.77    0.138127     -163.025203     -162.887076     -163.015388      0.13      227.39
       1576        394.0             0.07               304.06    0.140102     -163.026040     -162.885938     -163.015396      0.13      224.13
       1577        394.2             0.06               303.27    0.139740     -163.027245     -162.887505     -163.015406      0.11      220.81
       1578        394.5             0.06               311.19    0.143388     -163.028642     -162.885253     -163.015417      0.10      217.50
       1579        394.8             0.07               316.21    0.145702     -163.030062     -162.884360     -163.015428      0.09      214.14
       1580        395.0             0.07               317.99    0.146521     -163.031304     -162.884783     -163.015438      0.08      210.77
       1581        395.2             0.06               320.12    0.147503     -163.032202     -162.884699     -163.015446      0.07      207.41
       1582        395.5             0.06               319.51    0.147221     -163.032638     -162.885417     -163.015451      0.07      204.05
       1583        395.8             0.06               320.38    0.147623     -163.032537     -162.884914     -163.015453      0.06      200.71
       1584        396.0             0.06               321.54    0.148155     -163.031872     -162.883716     -163.015453      0.06      197.37
       1585        396.2             0.07               323.77    0.149186     -163.030644     -162.881458     -163.015450      0.07      194.04
       1586        396.5             0.07               319.77    0.147342     -163.028888     -162.881546     -163.015444      0.07      190.68
       1587        396.8             0.06               312.67    0.144068     -163.026704     -162.882636     -163.015437      0.08      187.34
       1588        397.0             0.06               306.22    0.141096     -163.024252     -162.883156     -163.015427      0.09      184.01
       1589        397.2             0.07               301.88    0.139099     -163.021721     -162.882622     -163.015414      0.10      180.69
       1590        397.5             0.06               297.97    0.137296     -163.019314     -162.882018     -163.015401      0.12      177.35
       1591        397.8             0.06               292.50    0.134775     -163.017248     -162.882473     -163.015389      0.13      174.00
       1592        398.0             0.06               290.66    0.133927     -163.015735     -162.881808     -163.015381      0.14      170.65
       1593        398.2             0.06               287.69    0.132561     -163.014907     -162.882346     -163.015380      0.14      167.27
       1594        398.5             0.06               288.83    0.133082     -163.014796     -162.881714     -163.015387      0.13      163.88
       1595        398.8             0.07               292.20    0.134639     -163.015299     -162.880660     -163.015402      0.12      160.47
       1596        399.0             0.06               293.38    0.135181     -163.016187     -162.881005     -163.015421      0.10      157.02
       1597        399.2             0.06               297.46    0.137061     -163.017154     -162.880093     -163.015441      0.08      153.57
       1598        399.5             0.06               299.38    0.137947     -163.017906     -162.879958     -163.015456      0.06      150.09
       1599        399.8             0.06               302.84    0.139539     -163.018197     -162.878658     -163.015463      0.05      146.60
       1600        400.0             0.06               303.09    0.139654     -163.017895     -162.878241     -163.015463      0.05      143.09
       1601        400.2             0.06               300.51    0.138468     -163.016987     -162.878520     -163.015455      0.06      140.09
       1602        400.5             0.06               300.41    0.138421     -163.015586     -162.877164     -163.015443      0.07      138.76
       1603        400.8             0.06               296.25    0.136505     -163.013848     -162.877343     -163.015430      0.09      137.39
       1604        401.0             0.06               292.60    0.134821     -163.011969     -162.877148     -163.015419      0.10      135.99
       1605        401.2             0.06               287.73    0.132579     -163.010121     -162.877542     -163.015410      0.11      134.55
       1606        401.5             0.05               284.01    0.130866     -163.008448     -162.877582     -163.015404      0.12      133.08
       1607        401.8             0.06               283.18    0.130480     -163.007049     -162.876569     -163.015399      0.12      131.59
       1608        402.0             0.06               280.23    0.129121     -163.005981     -162.876860     -163.015396      0.13      130.07
       1609        402.2             0.06               276.78    0.127530     -163.005296     -162.877766     -163.015393      0.13      128.54
       1610        402.5             0.06               277.42    0.127825     -163.005036     -162.877211     -163.015391      0.13      127.00
       1611        402.8             0.06               276.33    0.127323     -163.005212     -162.877889     -163.015392      0.13      125.46
       1612        403.0             0.06               280.62    0.129302     -163.005795     -162.876493     -163.015396      0.13      123.91
       1613        403.2             0.06               282.42    0.130132     -163.006713     -162.876581     -163.015403      0.12      122.36
       1614        403.5             0.06               288.60    0.132977     -163.007829     -162.874852     -163.015412      0.11      120.81
       1615        403.8             0.07               291.56    0.134340     -163.008983     -162.874643     -163.015422      0.10      119.26
       1616        404.0             0.07               292.21    0.134643     -163.009984     -162.875340     -163.015431      0.09      117.72
       1617        404.2             0.06               295.39    0.136105     -163.010672     -162.874567     -163.015439      0.08      116.19
       1618        404.5             0.07               294.88    0.135871     -163.010926     -162.875055     -163.015443      0.07      114.67
       1619        404.8             0.06               291.07    0.134116     -163.010669     -162.876554     -163.015443      0.07      113.16
       1620        405.0             0.06               288.39    0.132884     -163.009907     -162.877023     -163.015441      0.08      111.67
       1621        405.2             0.06               285.54    0.131567     -163.008693     -162.877126     -163.015435      0.08      110.19
       1622        405.5             0.07               283.00    0.130398     -163.007115     -162.876717     -163.015428      0.09      108.73
       1623        405.8             0.07               282.09    0.129977     -163.005281     -162.875304     -163.015421      0.10      107.27
       1624        406.0             0.06               278.69    0.128412     -163.003295     -162.874883     -163.015414      0.11      105.80
       1625        406.2             0.06               276.81    0.127546     -163.001278     -162.873733     -163.015407      0.11      104.34
       1626        406.5             0.06               273.68    0.126105     -162.999338     -162.873232     -163.015400      0.12      102.88
       1627        406.8             0.06               269.66    0.124252     -162.997590     -162.873339     -163.015393      0.13      101.42
       1628        407.0             0.06               265.61    0.122384     -162.996164     -162.873780     -163.015386      0.14       99.96
       1629        407.2             0.06               260.29    0.119933     -162.995190     -162.875257     -163.015379      0.14       98.50
       1630        407.5             0.06               263.23    0.121290     -162.994797     -162.873507     -163.015374      0.15       97.06
       1631        407.8             0.06               263.69    0.121499     -162.995057     -162.873558     -163.015373      0.15       95.60
       1632        408.0             0.06               266.07    0.122598     -162.995978     -162.873380     -163.015377      0.15       94.15
       1633        408.2             0.06               270.10    0.124452     -162.997498     -162.873046     -163.015387      0.14       92.70
       1634        408.5             0.06               275.00    0.126712     -162.999466     -162.872754     -163.015402      0.12       91.24
       1635        408.8             0.06               280.96    0.129459     -163.001645     -162.872186     -163.015421      0.10       89.79
       1636        409.0             0.06               283.25    0.130515     -163.003738     -162.873223     -163.015441      0.08       88.34
       1637        409.2             0.06               285.81    0.131691     -163.005422     -162.873731     -163.015460      0.06       86.89
       1638        409.5             0.06               289.06    0.133188     -163.006432     -162.873244     -163.015473      0.04       85.99
       1639        409.8             0.07               287.76    0.132590     -163.006567     -162.873977     -163.015479      0.04       86.04
       1640        410.0             0.07               289.03    0.133177     -163.005748     -162.872571     -163.015475      0.04       86.09
       1641        410.2             0.06               285.96    0.131761     -163.004026     -162.872265     -163.015462      0.05       86.14
       1642        410.5             0.06               281.91    0.129895     -163.001610     -162.871715     -163.015440      0.08       86.20
       1643        410.8             0.06               276.48    0.127392     -162.998827     -162.871435     -163.015414      0.10       86.25
       1644        411.0             0.06               273.67    0.126098     -162.996084     -162.869985     -163.015388      0.13       86.30
       1645        411.2             0.07               270.06    0.124435     -162.993766     -162.869331     -163.015366      0.16       86.35
       1646        411.5             0.06               267.41    0.123216     -162.992221     -162.869005     -163.015351      0.17       86.40
       1647        411.8             0.06               265.84    0.122493     -162.991691     -162.869198     -163.015344      0.18       86.45
       1648        412.0             0.07               269.88    0.124351     -162.992286     -162.867935     -163.015345      0.18       86.49
       1649        412.2             0.06               270.36    0.124572     -162.993984     -162.869412     -163.015354      0.17       86.53
       1650        412.5             0.07               274.46    0.126462     -162.996624     -162.870162     -163.015369      0.15       86.85
       1651        412.8             0.07               279.31    0.128697     -162.999986     -162.871289     -163.015388      0.13       87.39
       1652        413.0             0.07               289.23    0.133270     -163.003769     -162.870499     -163.015409      0.11       87.92
       1653        413.2             0.06               298.52    0.137547     -163.007659     -162.870112     -163.015430      0.09       90.15
       1654        413.5             0.07               309.00    0.142379     -163.011296     -162.868916     -163.015449      0.07       92.52
       1655        413.8             0.09               313.43    0.144419     -163.014365     -162.869947     -163.015463      0.05       94.90
       1656        414.0             0.07               315.56    0.145401     -163.016606     -162.871205     -163.015471      0.04       97.27
       1657        414.2             0.09               317.95    0.146501     -163.017897     -162.871396     -163.015472      0.04       99.62
       1658        414.5             0.08               317.44    0.146265     -163.018227     -162.871962     -163.015466      0.05      101.94
       1659        414.8             0.08               315.05    0.145168     -163.017676     -162.872508     -163.015456      0.06      104.24
       1660        415.0             0.06               313.95    0.144659     -163.016410     -162.871752     -163.015442      0.08      106.49
       1661        415.2             0.07               309.31    0.142522     -163.014638     -162.872116     -163.015426      0.09      108.70
       1662        415.5             0.06               305.12    0.140589     -163.012604     -162.872015     -163.015411      0.11      110.87
       1663        415.8             0.06               302.07    0.139185     -163.010551     -162.871367     -163.015397      0.12      113.78
       1664        416.0             0.06               295.13    0.135989     -163.008694     -162.872705     -163.015385      0.14      117.13
       1665        416.2             0.06               293.91    0.135427     -163.007231     -162.871804     -163.015378      0.14      120.53
       1666        416.5             0.06               291.39    0.134264     -163.006278     -162.872014     -163.015374      0.15      124.02
       1667        416.8             0.07               292.87    0.134947     -163.005891     -162.870944     -163.015376      0.15      127.57
       1668        417.0             0.06               295.01    0.135930     -163.006045     -162.870115     -163.015382      0.14      131.19
       1669        417.2             0.06               296.34    0.136547     -163.006641     -162.870095     -163.015391      0.13      134.86
       1670        417.5             0.07               299.28    0.137900     -163.007545     -162.869645     -163.015400      0.12      138.53
       1671        417.8             0.08               302.59    0.139424     -163.008613     -162.869189     -163.015408      0.11      142.21
       1672        418.0             0.08               306.18    0.141080     -163.009723     -162.868643     -163.015412      0.11      145.86
       1673        418.2             0.08               306.60    0.141271     -163.010792     -162.869520     -163.015414      0.11      149.46
       1674        418.5             0.08               309.90    0.142794     -163.011782     -162.868988     -163.015415      0.10      152.96
       1675        418.8             0.07               313.69    0.144540     -163.012692     -162.868151     -163.015415      0.10      156.37
       1676        419.0             0.07               317.35    0.146228     -163.013502     -162.867274     -163.015417      0.10      159.66
       1677        419.2             0.07               315.89    0.145552     -163.014167     -162.868615     -163.015423      0.10      162.81
       1678        419.5             0.06               317.05    0.146088     -163.014610     -162.868522     -163.015430      0.09      165.79
       1679        419.8             0.07               315.19    0.145232     -163.014734     -162.869502     -163.015439      0.08      168.59
       1680        420.0             0.06               317.27    0.146189     -163.014428     -162.868239     -163.015446      0.07      171.21
       1681        420.2             0.06               315.59    0.145414     -163.013598     -162.868184     -163.015449      0.07      173.64
       1682        420.5             0.06               315.18    0.145228     -163.012210     -162.866982     -163.015446      0.07      175.89
       1683        420.8             0.06               311.54    0.143551     -163.010311     -162.866761     -163.015437      0.08      177.96
       1684        421.0             0.06               306.22    0.141099     -163.008057     -162.866958     -163.015422      0.10      179.85
       1685        421.2             0.06               300.91    0.138651     -163.005692     -162.867042     -163.015405      0.12      181.57
       1686        421.5             0.06               294.76    0.135815     -163.003499     -162.867684     -163.015388      0.13      183.14
       1687        421.8             0.06               292.11    0.134598     -163.001759     -162.867162     -163.015374      0.15      184.58
       1688        422.0             0.07               292.47    0.134761     -163.000678     -162.865916     -163.015367      0.16      185.91
       1689        422.2             0.07               294.86    0.135864     -163.000356     -162.864492     -163.015367      0.16      187.17
       1690        422.5             0.06               295.44    0.136128     -163.000782     -162.864654     -163.015374      0.15      188.38
       1691        422.8             0.06               298.83    0.137690     -163.001844     -162.864154     -163.015386      0.14      189.58
       1692        423.0             0.06               302.34    0.139312     -163.003359     -162.864047     -163.015400      0.12      190.81
       1693        423.2             0.06               305.10    0.140582     -163.005087     -162.864506     -163.015415      0.10      192.09
       1694        423.5             0.06               309.02    0.142386     -163.006785     -162.864400     -163.015428      0.09      193.47
       1695        423.8             0.06               311.85    0.143689     -163.008234     -162.864544     -163.015439      0.08      194.99
       1696        424.0             0.06               313.41    0.144410     -163.009255     -162.864845     -163.015445      0.07      196.69
       1697        424.2             0.06               315.37    0.145314     -163.009742     -162.864429     -163.015446      0.07      198.59
       1698        424.5             0.06               316.23    0.145709     -163.009666     -162.863958     -163.015442      0.08      200.74
       1699        424.8             0.07               315.43    0.145343     -163.009067     -162.863724     -163.015434      0.08      203.16
       1700        425.0             0.07               311.91    0.143719     -163.008057     -162.864338     -163.015422      0.10      205.87
       1701        425.2             0.06               309.09    0.142421     -163.006810     -162.864389     -163.015409      0.11      208.87
       1702        425.5             0.06               312.35    0.143921     -163.005525     -162.861604     -163.015396      0.13      212.17
       1703        425.8             0.06               305.50    0.140766     -163.004369     -162.863603     -163.015385      0.14      215.82
       1704        426.0             0.05               303.77    0.139970     -163.003523     -162.863554     -163.015377      0.15      219.72
       1705        426.2             0.06               304.47    0.140289     -163.003096     -162.862807     -163.015375      0.15      223.91
       1706        426.5             0.07               305.46    0.140745     -163.003112     -162.862367     -163.015378      0.14      228.36
       1707        426.8             0.07               304.51    0.140311     -163.003515     -162.863204     -163.015385      0.14      233.03
       1708        427.0             0.06               306.58    0.141261     -163.004194     -162.862933     -163.015395      0.13      237.88
       1709        427.2             0.06               306.42    0.141192     -163.005007     -162.863815     -163.015404      0.12      242.89
       1710        427.5             0.06               307.90    0.141870     -163.005802     -162.863933     -163.015413      0.11      248.00
       1711        427.8             0.06               310.09    0.142882     -163.006457     -162.863575     -163.015419      0.10      253.18
       1712        428.0             0.06               312.39    0.143942     -163.006876     -162.862934     -163.015422      0.10      258.40
       1713        428.2             0.06               311.47    0.143516     -163.007007     -162.863491     -163.015422      0.10      263.62
       1714        428.5             0.06               312.26    0.143881     -163.006856     -162.862976     -163.015419      0.10      268.79
       1715        428.8             0.06               309.47    0.142593     -163.006474     -162.863881     -163.015415      0.10      273.90
       1716        429.0             0.05               309.87    0.142780     -163.005947     -162.863166     -163.015409      0.11      278.87
       1717        429.2             0.06               307.43    0.141655     -163.005365     -162.863710     -163.015405      0.12      283.71
       1718        429.5             0.06               306.50    0.141225     -163.004808     -162.863583     -163.015403      0.12      288.38
       1719        429.8             0.06               305.17    0.140612     -163.004326     -162.863714     -163.015403      0.12      292.87
       1720        430.0             0.06               305.85    0.140925     -163.003928     -162.863003     -163.015406      0.11      297.15
       1721        430.2             0.06               307.52    0.141698     -163.003583     -162.861885     -163.015410      0.11      301.22
       1722        430.5             0.07               304.02    0.140083     -163.003235     -162.863151     -163.015414      0.11      305.09
       1723        430.8             0.06               300.96    0.138675     -163.002843     -162.864169     -163.015417      0.10      308.71
       1724        431.0             0.06               299.38    0.137946     -163.002404     -162.864458     -163.015417      0.10      312.10
       1725        431.2             0.06               298.37    0.137480     -163.001931     -162.864451     -163.015416      0.10      315.27
       1726        431.5             0.06               297.59    0.137122     -163.001465     -162.864343     -163.015412      0.11      318.24
       1727        431.8             0.06               299.40    0.137953     -163.001061     -162.863108     -163.015409      0.11      321.02
       1728        432.0             0.06               297.19    0.136934     -163.000770     -162.863836     -163.015406      0.11      323.66
       1729        432.2             0.06               294.79    0.135832     -163.000638     -162.864806     -163.015405      0.12      326.15
       1730        432.5             0.06               297.10    0.136895     -163.000696     -162.863801     -163.015406      0.11      328.53
       1731        432.8             0.06               297.25    0.136966     -163.000928     -162.863962     -163.015409      0.11      330.85
       1732        433.0             0.07               298.30    0.137450     -163.001274     -162.863825     -163.015414      0.11      333.13
       1733        433.2             0.06               298.67    0.137617     -163.001659     -162.864043     -163.015419      0.10      335.41
       1734        433.5             0.06               301.05    0.138715     -163.001996     -162.863281     -163.015424      0.10      337.72
       1735        433.8             0.06               303.08    0.139653     -163.002196     -162.862544     -163.015427      0.09      340.11
       1736        434.0             0.06               300.02    0.138239     -163.002180     -162.863941     -163.015429      0.09      342.59
       1737        434.2             0.06               298.03    0.137324     -163.001919     -162.864595     -163.015427      0.09      345.19
       1738        434.5             0.06               295.75    0.136271     -163.001443     -162.865172     -163.015422      0.10      347.92
       1739        434.8             0.06               295.21    0.136025     -163.000827     -162.864802     -163.015414      0.11      350.80
       1740        435.0             0.06               292.18    0.134628     -163.000179     -162.865551     -163.015405      0.12      353.84
       1741        435.2             0.06               289.92    0.133587     -162.999637     -162.866050     -163.015396      0.13      357.03
       1742        435.5             0.06               290.25    0.133740     -162.999331     -162.865591     -163.015389      0.13      360.36
       1743        435.8             0.07               289.24    0.133274     -162.999346     -162.866072     -163.015386      0.14      363.82
       1744        436.0             0.06               289.63    0.133451     -162.999711     -162.866260     -163.015386      0.14      367.39
       1745        436.2             0.06               288.64    0.132995     -163.000410     -162.867415     -163.015390      0.13      371.03
       1746        436.5             0.07               290.68    0.133936     -163.001381     -162.867445     -163.015395      0.13      374.71
       1747        436.8             0.06               289.42    0.133357     -163.002541     -162.869184     -163.015401      0.12      378.39
       1748        437.0             0.06               293.21    0.135101     -163.003785     -162.868684     -163.015408      0.11      382.03
       1749        437.2             0.06               295.60    0.136205     -163.005013     -162.868808     -163.015416      0.10      385.61
       1750        437.5             0.06               297.40    0.137035     -163.006099     -162.869064     -163.015423      0.10      389.08
       1751        437.8             0.06               300.51    0.138467     -163.006930     -162.868463     -163.015429      0.09      392.42
       1752        438.0             0.06               303.61    0.139892     -163.007414     -162.867521     -163.015433      0.08      395.59
       1753        438.2             0.06               305.07    0.140566     -163.007489     -162.866923     -163.015433      0.08      398.57
       1754        438.5             0.06               300.86    0.138629     -163.007154     -162.868525     -163.015429      0.09      401.33
       1755        438.8             0.05               298.18    0.137394     -163.006505     -162.869111     -163.015420      0.10      403.82
       1756        439.0             0.06               296.85    0.136779     -163.005710     -162.868931     -163.015407      0.11      406.04
       1757        439.2             0.06               296.07    0.136419     -163.004980     -162.868560     -163.015394      0.13      407.98
       1758        439.5             0.06               293.87    0.135407     -163.004527     -162.869120     -163.015383      0.14      409.63
       1759        439.8             0.06               294.05    0.135489     -163.004537     -162.869048     -163.015378      0.14      410.99
       1760        440.0             0.06               297.65    0.137147     -163.005107     -162.867960     -163.015380      0.14      412.07
       1761        440.2             0.06               301.75    0.139037     -163.006210     -162.867172     -163.015391      0.13      412.88
       1762        440.5             0.06               304.63    0.140365     -163.007684     -162.867319     -163.015408      0.11      413.43
       1763        440.8             0.06               308.39    0.142095     -163.009274     -162.867179     -163.015427      0.09      413.74
       1764        441.0             0.06               313.55    0.144476     -163.010694     -162.866218     -163.015445      0.07      413.84
       1765        441.2             0.05               317.83    0.146448     -163.011676     -162.865227     -163.015457      0.06      413.77
       1766        441.5             0.06               318.91    0.146944     -163.012021     -162.865077     -163.015462      0.05      413.55
       1767        441.8             0.06               319.77    0.147340     -163.011656     -162.864316     -163.015458      0.06      413.24
       1768        442.0             0.06               318.41    0.146716     -163.010634     -162.863918     -163.015448      0.07      414.15
       1769        442.2             0.06               315.80    0.145513     -163.009102     -162.863589     -163.015434      0.08      415.18
       1770        442.5             0.07               309.69    0.142695     -163.007261     -162.864566     -163.015421      0.10      416.14
       1771        442.8             0.06               305.97    0.140981     -163.005337     -162.864356     -163.015410      0.11      417.05
       1772        443.0             0.05               301.55    0.138947     -163.003505     -162.864558     -163.015402      0.12      417.94
       1773        443.2             0.06               298.29    0.137444     -163.001892     -162.864448     -163.015397      0.12      418.83
       1774        443.5             0.06               298.47    0.137526     -163.000573     -162.863048     -163.015395      0.13      419.74
       1775        443.8             0.06               297.94    0.137280     -162.999568     -162.862288     -163.015394      0.13      420.70
       1776        444.0             0.06               297.39    0.137029     -162.998875     -162.861846     -163.015393      0.13      421.71
       1777        444.2             0.06               295.58    0.136194     -162.998488     -162.862294     -163.015393      0.13      422.81
       1778        444.5             0.05               292.61    0.134825     -162.998389     -162.863563     -163.015395      0.13      424.00
       1779        444.8             0.06               295.16    0.135999     -162.998544     -162.862545     -163.015399      0.12      425.29
       1780        445.0             0.06               294.66    0.135772     -162.998875     -162.863104     -163.015405      0.12      426.69
       1781        445.2             0.06               297.95    0.137288     -162.999271     -162.861984     -163.015411      0.11      428.20
       1782        445.5             0.06               295.86    0.136322     -162.999613     -162.863291     -163.015417      0.10      429.84
       1783        445.8             0.06               295.73    0.136265     -162.999799     -162.863534     -163.015420      0.10      431.58
       1784        446.0             0.06               295.95    0.136363     -162.999777     -162.863414     -163.015420      0.10      433.42
       1785        446.2             0.06               296.95    0.136824     -162.999535     -162.862710     -163.015417      0.10      435.35
       1786        446.5             0.06               298.90    0.137724     -162.999097     -162.861373     -163.015412      0.11      437.38
       1787        446.8             0.06               299.17    0.137850     -162.998516     -162.860666     -163.015406      0.11      439.47
       1788        447.0             0.05               300.64    0.138528     -162.997861     -162.859334     -163.015401      0.12      441.62
       1789        447.2             0.06               297.49    0.137077     -162.997201     -162.860124     -163.015397      0.12      443.81
       1790        447.5             0.06               296.30    0.136528     -162.996604     -162.860076     -163.015394      0.13      446.01
       1791        447.8             0.06               294.37    0.135635     -162.996120     -162.860485     -163.015393      0.13      448.20
       1792        448.0             0.06               293.58    0.135275     -162.995778     -162.860503     -163.015393      0.13      450.37
       1793        448.2             0.06               296.19    0.136476     -162.995594     -162.859117     -163.015393      0.13      452.49
       1794        448.5             0.07               297.72    0.137182     -162.995573     -162.858391     -163.015392      0.13      454.57
       1795        448.8             0.06               298.23    0.137417     -162.995729     -162.858312     -163.015390      0.13      456.59
       1796        449.0             0.07               300.34    0.138387     -162.996097     -162.857710     -163.015388      0.13      458.52
       1797        449.2             0.06               302.11    0.139204     -162.996724     -162.857520     -163.015386      0.14      460.37
       1798        449.5             0.06               302.98    0.139604     -162.997642     -162.858038     -163.015386      0.14      462.12
       1799        449.8             0.07               306.23    0.141102     -162.998853     -162.857751     -163.015390      0.13      463.77
       1800        450.0             0.06               306.61    0.141278     -163.000308     -162.859030     -163.015398      0.12      465.30
       1801        450.2             0.07               308.67    0.142224     -163.001890     -162.859666     -163.015410      0.11      466.73
       1802        450.5             0.07               312.30    0.143898     -163.003446     -162.859549     -163.015423      0.10      468.04
       1803        450.8             0.06               313.80    0.144588     -163.004789     -162.860201     -163.015436      0.08      469.26
       1804        451.0             0.06               314.80    0.145051     -163.005729     -162.860677     -163.015446      0.07      470.39
       1805        451.2             0.06               313.38    0.144397     -163.006137     -162.861741     -163.015450      0.07      471.43
       1806        451.5             0.07               314.01    0.144686     -163.005972     -162.861286     -163.015448      0.07      472.40
       1807        451.8             0.08               312.98    0.144213     -163.005280     -162.861068     -163.015440      0.08      473.33
       1808        452.0             0.06               313.53    0.144465     -163.004184     -162.859719     -163.015428      0.09      474.22
       1809        452.2             0.06               310.15    0.142908     -163.002852     -162.859944     -163.015416      0.10      475.10
       1810        452.5             0.07               305.59    0.140807     -163.001478     -162.860671     -163.015405      0.11      475.98
       1811        452.8             0.07               302.28    0.139283     -163.000234     -162.860951     -163.015399      0.12      476.89
       1812        453.0             0.06               301.69    0.139008     -162.999224     -162.860216     -163.015397      0.12      477.85
       1813        453.2             0.06               300.92    0.138656     -162.998479     -162.859824     -163.015397      0.12      478.87
       1814        453.5             0.05               299.41    0.137961     -162.997981     -162.860020     -163.015399      0.12      479.99
       1815        453.8             0.06               298.92    0.137733     -162.997688     -162.859955     -163.015402      0.12      481.19
       1816        454.0             0.06               299.59    0.138044     -162.997549     -162.859505     -163.015404      0.12      482.51
       1817        454.2             0.07               301.46    0.138905     -162.997500     -162.858595     -163.015407      0.11      483.94
       1818        454.5             0.06               297.00    0.136850     -162.997469     -162.860619     -163.015409      0.11      485.48
       1819        454.8             0.06               296.13    0.136446     -162.997404     -162.860958     -163.015411      0.11      487.13
       1820        455.0             0.06               294.20    0.135557     -162.997274     -162.861717     -163.015412      0.11      488.86
       1821        455.2             0.06               294.12    0.135521     -162.997057     -162.861535     -163.015411      0.11      490.67
       1822        455.5             0.06               292.70    0.134866     -162.996752     -162.861886     -163.015408      0.11      492.55
       1823        455.8             0.06               292.12    0.134601     -162.996380     -162.861780     -163.015405      0.12      494.47
       1824        456.0             0.07               291.35    0.134246     -162.995977     -162.861730     -163.015402      0.12      496.40
       1825        456.2             0.06               289.94    0.133596     -162.995582     -162.861986     -163.015398      0.12      498.33
       1826        456.5             0.07               290.33    0.133775     -162.995235     -162.861460     -163.015396      0.12      500.21
       1827        456.8             0.06               291.74    0.134425     -162.994964     -162.860539     -163.015395      0.13      502.04
       1828        457.0             0.06               289.38    0.133337     -162.994782     -162.861446     -163.015393      0.13      503.78
       1829        457.2             0.06               286.91    0.132201     -162.994711     -162.862510     -163.015392      0.13      505.41
       1830        457.5             0.06               287.90    0.132654     -162.994781     -162.862127     -163.015391      0.13      506.89
       1831        457.8             0.06               286.09    0.131822     -162.995021     -162.863198     -163.015391      0.13      508.21
       1832        458.0             0.06               282.84    0.130326     -162.995454     -162.865128     -163.015390      0.13      509.36
       1833        458.2             0.06               286.64    0.132074     -162.996118     -162.864044     -163.015390      0.13      510.32
       1834        458.5             0.06               288.63    0.132995     -162.997034     -162.864039     -163.015392      0.13      511.08
       1835        458.8             0.06               289.27    0.133287     -162.998182     -162.864895     -163.015395      0.13      511.64
       1836        459.0             0.07               291.78    0.134442     -162.999530     -162.865088     -163.015400      0.12      511.99
       1837        459.2             0.06               294.21    0.135562     -163.001022     -162.865459     -163.015408      0.11      512.13
       1838        459.5             0.06               298.29    0.137442     -163.002562     -162.865120     -163.015417      0.10      512.07
       1839        459.8             0.06               300.39    0.138410     -163.004024     -162.865615     -163.015428      0.09      511.82
       1840        460.0             0.06               302.46    0.139363     -163.005259     -162.865896     -163.015439      0.08      511.38
       1841        460.2             0.06               304.18    0.140158     -163.006129     -162.865971     -163.015448      0.07      510.78
       1842        460.5             0.06               307.42    0.141652     -163.006528     -162.864876     -163.015452      0.06      510.02
       1843        460.8             0.06               305.71    0.140863     -163.006397     -162.865534     -163.015452      0.06      509.12
       1844        461.0             0.06               304.28    0.140202     -163.005757     -162.865556     -163.015447      0.07      508.13
       1845        461.2             0.07               305.67    0.140844     -163.004712     -162.863867     -163.015438      0.08      507.04
       1846        461.5             0.07               301.22    0.138792     -163.003394     -162.864602     -163.015427      0.09      505.90
       1847        461.8             0.06               299.75    0.138118     -163.001987     -162.863869     -163.015417      0.10      504.73
       1848        462.0             0.06               297.05    0.136873     -163.000662     -162.863789     -163.015407      0.11      503.55
       1849        462.2             0.06               296.17    0.136465     -162.999570     -162.863105     -163.015400      0.12      502.40
       1850        462.5             0.06               294.71    0.135792     -162.998812     -162.863020     -163.015397      0.12      501.29
       1851        462.8             0.06               294.87    0.135868     -162.998441     -162.862574     -163.015397      0.12      500.26
       1852        463.0             0.06               294.56    0.135724     -162.998448     -162.862724     -163.015400      0.12      499.30
       1853        463.2             0.05               296.36    0.136552     -162.998762     -162.862210     -163.015407      0.11      498.45
       1854        463.5             0.06               297.12    0.136906     -162.999257     -162.862351     -163.015416      0.10      497.70
       1855        463.8             0.05               299.90    0.138186     -162.999775     -162.861589     -163.015425      0.09      497.07
       1856        464.0             0.05               297.08    0.136885     -163.000156     -162.863271     -163.015431      0.09      496.54
       1857        464.2             0.05               297.58    0.137115     -163.000284     -162.863169     -163.015434      0.08      496.11
       1858        464.5             0.07               297.51    0.137082     -163.000114     -162.863032     -163.015432      0.09      495.77
       1859        464.8             0.06               298.57    0.137574     -162.999647     -162.862073     -163.015426      0.09      495.51
       1860        465.0             0.06               296.45    0.136595     -162.998938     -162.862343     -163.015418      0.10      495.29
       1861        465.2             0.07               295.86    0.136323     -162.998084     -162.861761     -163.015410      0.11      495.12
       1862        465.5             0.06               292.65    0.134845     -162.997191     -162.862346     -163.015402      0.12      494.95
       1863        465.8             0.07               291.02    0.134094     -162.996363     -162.862269     -163.015397      0.12      494.78
       1864        466.0             0.06               287.81    0.132617     -162.995678     -162.863062     -163.015393      0.13      494.58
       1865        466.2             0.06               287.99    0.132696     -162.995195     -162.862498     -163.015391      0.13      494.33
       1866        466.5             0.07               287.98    0.132694     -162.994938     -162.862244     -163.015391      0.13      494.02
       1867        466.8             0.06               290.18    0.133705     -162.994912     -162.861207     -163.015391      0.13      493.62
       1868        467.0             0.06               293.17    0.135082     -162.995105     -162.860023     -163.015392      0.13      493.13
       1869        467.2             0.06               292.44    0.134749     -162.995496     -162.860747     -163.015394      0.13      492.52
       1870        467.5             0.06               294.58    0.135735     -162.996060     -162.860325     -163.015396      0.13      491.80
       1871        467.8             0.07               292.53    0.134790     -162.996775     -162.861985     -163.015399      0.12      490.95
       1872        468.0             0.06               294.87    0.135867     -162.997600     -162.861733     -163.015404      0.12      489.98
       1873        468.2             0.06               297.67    0.137159     -162.998488     -162.861329     -163.015410      0.11      488.88
       1874        468.5             0.06               298.23    0.137417     -162.999360     -162.861943     -163.015416      0.10      487.66
       1875        468.8             0.06               302.76    0.139502     -163.000137     -162.860635     -163.015422      0.10      486.32
       1876        469.0             0.06               302.02    0.139161     -163.000751     -162.861590     -163.015427      0.09      484.86
       1877        469.2             0.06               301.51    0.138928     -163.001146     -162.862218     -163.015430      0.09      483.30
       1878        469.5             0.06               300.87    0.138632     -163.001315     -162.862684     -163.015431      0.09      481.66
       1879        469.8             0.06               299.21    0.137866     -163.001275     -162.863409     -163.015431      0.09      479.95
       1880        470.0             0.06               298.58    0.137579     -163.001062     -162.863483     -163.015429      0.09      478.19
       1881        470.2             0.07               298.25    0.137426     -163.000724     -162.863298     -163.015427      0.09      476.39
       1882        470.5             0.06               294.27    0.135593     -163.000311     -162.864718     -163.015425      0.09      474.58
       1883        470.8             0.06               293.15    0.135073     -162.999891     -162.864818     -163.015422      0.10      472.78
       1884        471.0             0.06               292.20    0.134636     -162.999528     -162.864892     -163.015420      0.10      471.01
       1885        471.2             0.07               293.07    0.135037     -162.999271     -162.864234     -163.015418      0.10      469.29
       1886        471.5             0.07               289.50    0.133394     -162.999147     -162.865753     -163.015417      0.10      467.63
       1887        471.8             0.06               290.05    0.133648     -162.999183     -162.865536     -163.015416      0.10      466.08
       1888        472.0             0.06               291.05    0.134106     -162.999397     -162.865291     -163.015416      0.10      464.62
       1889        472.2             0.06               292.52    0.134784     -162.999775     -162.864990     -163.015417      0.10      463.29
       1890        472.5             0.06               293.96    0.135449     -163.000285     -162.864836     -163.015420      0.10      462.07
       1891        472.8             0.06               294.54    0.135716     -163.000861     -162.865145     -163.015425      0.09      460.98
       1892        473.0             0.06               297.11    0.136902     -163.001408     -162.864507     -163.015431      0.09      460.03
       1893        473.2             0.06               299.00    0.137772     -163.001805     -162.864032     -163.015438      0.08      459.19
       1894        473.5             0.06               299.71    0.138097     -163.001916     -162.863819     -163.015443      0.07      458.46
       1895        473.8             0.06               299.07    0.137803     -163.001632     -162.863828     -163.015445      0.07      457.83
       1896        474.0             0.06               293.58    0.135272     -163.000900     -162.865629     -163.015443      0.07      457.28
       1897        474.2             0.06               294.69    0.135783     -162.999755     -162.863971     -163.015436      0.08      456.79
       1898        474.5             0.06               291.21    0.134181     -162.998262     -162.864081     -163.015427      0.09      456.33
       1899        474.8             0.06               285.28    0.131449     -162.996552     -162.865103     -163.015416      0.10      455.88
       1900        475.0             0.06               279.61    0.128834     -162.994800     -162.865966     -163.015404      0.12      455.42
       1901        475.2             0.05               278.98    0.128547     -162.993185     -162.864638     -163.015395      0.13      454.93
       1902        475.5             0.06               276.84    0.127558     -162.991835     -162.864277     -163.015387      0.13      454.39
       1903        475.8             0.05               274.32    0.126397     -162.990859     -162.864461     -163.015383      0.14      453.76
       1904        476.0             0.06               272.49    0.125556     -162.990326     -162.864771     -163.015381      0.14      453.03
       1905        476.2             0.06               273.15    0.125859     -162.990262     -162.864403     -163.015383      0.14      452.20
       1906        476.5             0.05               272.80    0.125699     -162.990643     -162.864944     -163.015388      0.13      451.24
       1907        476.8             0.06               277.17    0.127712     -162.991403     -162.863691     -163.015394      0.13      450.14
       1908        477.0             0.05               279.62    0.128839     -162.992449     -162.863610     -163.015403      0.12      448.88
       1909        477.2             0.06               281.40    0.129663     -162.993648     -162.863985     -163.015412      0.11      447.48
       1910        477.5             0.06               285.86    0.131717     -162.994869     -162.863152     -163.015421      0.10      445.92
       1911        477.8             0.06               288.34    0.132859     -162.995984     -162.863125     -163.015429      0.09      444.20
       1912        478.0             0.06               291.08    0.134121     -162.996867     -162.862746     -163.015436      0.08      442.33
       1913        478.2             0.06               292.06    0.134571     -162.997431     -162.862860     -163.015440      0.08      440.30
       1914        478.5             0.05               293.87    0.135406     -162.997627     -162.862221     -163.015441      0.08      438.14
       1915        478.8             0.05               294.64    0.135760     -162.997460     -162.861700     -163.015439      0.08      435.83
       1916        479.0             0.06               294.53    0.135712     -162.996977     -162.861265     -163.015434      0.08      433.41
       1917        479.2             0.05               293.38    0.135183     -162.996267     -162.861084     -163.015428      0.09      430.88
       1918        479.5             0.06               291.73    0.134420     -162.995437     -162.861018     -163.015423      0.10      428.26
       1919        479.8             0.05               287.74    0.132583     -162.994587     -162.862003     -163.015420      0.10      425.57
       1920        480.0             0.06               286.51    0.132016     -162.993787     -162.861772     -163.015421      0.10      422.83
       1921        480.2             0.06               285.38    0.131496     -162.993060     -162.861565     -163.015423      0.10      421.83
       1922        480.5             0.07               282.82    0.130317     -162.992390     -162.862073     -163.015425      0.09      421.34
       1923        480.8             0.06               281.40    0.129663     -162.991764     -162.862101     -163.015425      0.09      420.92
       1924        481.0             0.06               278.61    0.128376     -162.991195     -162.862819     -163.015422      0.10      420.57
       1925        481.2             0.06               277.77    0.127987     -162.990742     -162.862755     -163.015417      0.10      420.31
       1926        481.5             0.06               278.75    0.128442     -162.990494     -162.862052     -163.015410      0.11      420.14
       1927        481.8             0.06               282.15    0.130005     -162.990537     -162.860532     -163.015406      0.11      420.07
       1928        482.0             0.05               282.40    0.130124     -162.990917     -162.860793     -163.015406      0.11      420.10
       1929        482.2             0.06               280.51    0.129251     -162.991612     -162.862360     -163.015411      0.11      420.21
       1930        482.5             0.05               282.09    0.129981     -162.992538     -162.862558     -163.015422      0.10      420.40
       1931        482.8             0.05               287.62    0.132529     -162.993541     -162.861012     -163.015435      0.08      420.66
       1932        483.0             0.06               290.55    0.133879     -162.994396     -162.860517     -163.015448      0.07      420.97
       1933        483.2             0.06               294.00    0.135465     -162.994866     -162.859401     -163.015458      0.06      421.32
       1934        483.5             0.06               294.94    0.135900     -162.994771     -162.858871     -163.015462      0.05      421.69
       1935        483.8             0.06               293.87    0.135408     -162.994024     -162.858617     -163.015459      0.06      422.05
       1936        484.0             0.06               288.73    0.133040     -162.992649     -162.859610     -163.015449      0.07      422.40
       1937        484.2             0.06               284.57    0.131123     -162.990791     -162.859668     -163.015435      0.08      422.70
       1938        484.5             0.07               278.70    0.128417     -162.988658     -162.860241     -163.015419      0.10      422.95
       1939        484.8             0.07               272.79    0.125695     -162.986504     -162.860809     -163.015402      0.12      423.13
       1940        485.0             0.07               269.79    0.124310     -162.984581     -162.860271     -163.015389      0.13      423.23
       1941        485.2             0.06               266.26    0.122685     -162.983091     -162.860406     -163.015379      0.14      423.24
       1942        485.5             0.06               264.27    0.121767     -162.982187     -162.860420     -163.015374      0.15      423.15
       1943        485.8             0.06               263.97    0.121629     -162.981945     -162.860316     -163.015374      0.15      422.96
       1944        486.0             0.06               267.40    0.123212     -162.982358     -162.859146     -163.015380      0.14      422.66
       1945        486.2             0.06               268.96    0.123931     -162.983337     -162.859406     -163.015389      0.13      422.25
       1946        486.5             0.07               271.20    0.124959     -162.984719     -162.859760     -163.015403      0.12      421.73
       1947        486.8             0.06               273.62    0.126077     -162.986307     -162.860230     -163.015417      0.10      421.10
       1948        487.0             0.06               277.48    0.127855     -162.987882     -162.860027     -163.015431      0.09      420.38
       1949        487.2             0.07               281.22    0.129579     -162.989237     -162.859659     -163.015443      0.07      419.55
       1950        487.5             0.06               285.16    0.131394     -162.990193     -162.858799     -163.015451      0.07      418.64
       1951        487.8             0.07               283.24    0.130508     -162.990634     -162.860126     -163.015453      0.06      417.65
       1952        488.0             0.06               282.07    0.129969     -162.990548     -162.860579     -163.015448      0.07      416.58
       1953        488.2             0.07               281.69    0.129793     -162.990035     -162.860242     -163.015439      0.08      415.46
       1954        488.5             0.11               280.72    0.129350     -162.989260     -162.859911     -163.015426      0.09      414.28
       1955        488.8             0.08               279.47    0.128773     -162.988423     -162.859650     -163.015415      0.10      413.05
       1956        489.0             0.07               279.72    0.128885     -162.987713     -162.858828     -163.015407      0.11      411.78
       1957        489.2             0.07               278.35    0.128256     -162.987252     -162.858996     -163.015406      0.11      410.47
       1958        489.5             0.06               278.39    0.128272     -162.987075     -162.858803     -163.015411      0.11      409.14
       1959        489.8             0.06               278.25    0.128208     -162.987125     -162.858916     -163.015420      0.10      407.80
       1960        490.0             0.07               280.02    0.129023     -162.987285     -162.858262     -163.015429      0.09      406.44
       1961        490.2             0.07               284.44    0.131061     -162.987434     -162.856372     -163.015434      0.08      405.07
       1962        490.5             0.07               282.61    0.130220     -162.987484     -162.857263     -163.015432      0.09      403.68
       1963        490.8             0.06               283.78    0.130756     -162.987448     -162.856692     -163.015426      0.09      402.30
       1964        491.0             0.07               283.30    0.130535     -162.987432     -162.856897     -163.015416      0.10      400.90
       1965        491.2             0.06               283.64    0.130692     -162.987573     -162.856881     -163.015407      0.11      399.50
       1966        491.5             0.06               285.42    0.131514     -162.987998     -162.856484     -163.015403      0.12      398.09
       1967        491.8             0.06               286.62    0.132064     -162.988756     -162.856692     -163.015405      0.11      396.67
       1968        492.0             0.06               291.05    0.134109     -162.989796     -162.855686     -163.015414      0.11      395.69
       1969        492.2             0.07               293.83    0.135390     -162.990973     -162.855582     -163.015427      0.09      395.99
       1970        492.5             0.06               296.31    0.136530     -162.992069     -162.855539     -163.015440      0.08      396.24
       1971        492.8             0.07               299.38    0.137946     -162.992865     -162.854919     -163.015452      0.06      396.41
       1972        493.0             0.06               298.99    0.137766     -162.993170     -162.855404     -163.015458      0.06      396.49
       1973        493.2             0.06               300.75    0.138575     -162.992867     -162.854292     -163.015459      0.06      396.45
       1974        493.5             0.06               296.90    0.136803     -162.991924     -162.855120     -163.015453      0.06      396.28
       1975        493.8             0.06               297.18    0.136934     -162.990426     -162.853492     -163.015441      0.08      395.97
       1976        494.0             0.07               294.00    0.135468     -162.988529     -162.853061     -163.015425      0.09      395.49
       1977        494.2             0.06               288.39    0.132881     -162.986474     -162.853593     -163.015405      0.11      394.85
       1978        494.5             0.06               286.69    0.132098     -162.984559     -162.852461     -163.015387      0.14      394.05
       1979        494.8             0.06               286.49    0.132009     -162.983051     -162.851043     -163.015371      0.15      393.07
       1980        495.0             0.06               284.52    0.131101     -162.982166     -162.851065     -163.015362      0.16      391.93
       1981        495.2             0.06               287.13    0.132302     -162.982038     -162.849736     -163.015361      0.16      390.63
       1982        495.5             0.06               290.21    0.133721     -162.982677     -162.848957     -163.015368      0.16      389.18
       1983        495.8             0.06               293.97    0.135453     -162.983966     -162.848513     -163.015382      0.14      387.58
       1984        496.0             0.06               296.51    0.136624     -162.985676     -162.849051     -163.015401      0.12      385.86
       1985        496.2             0.06               301.35    0.138851     -162.987506     -162.848654     -163.015422      0.10      384.04
       1986        496.5             0.07               303.58    0.139880     -162.989139     -162.849260     -163.015442      0.08      382.13
       1987        496.8             0.06               303.44    0.139817     -162.990273     -162.850456     -163.015457      0.06      380.15
       1988        497.0             0.06               303.72    0.139947     -162.990701     -162.850754     -163.015464      0.05      378.13
       1989        497.2             0.06               301.53    0.138938     -162.990341     -162.851403     -163.015462      0.05      376.08
       1990        497.5             0.06               297.98    0.137298     -162.989251     -162.851953     -163.015451      0.07      374.02
       1991        497.8             0.06               295.79    0.136293     -162.987638     -162.851345     -163.015431      0.09      371.97
       1992        498.0             0.06               291.94    0.134517     -162.985811     -162.851295     -163.015408      0.11      369.94
       1993        498.2             0.07               287.71    0.132569     -162.984145     -162.851576     -163.015386      0.14      367.95
       1994        498.5             0.06               284.48    0.131078     -162.983001     -162.851923     -163.015370      0.15      366.00
       1995        498.8             0.06               283.02    0.130408     -162.982643     -162.852235     -163.015364      0.16      364.10
       1996        499.0             0.07               284.10    0.130903     -162.983179     -162.852276     -163.015369      0.15      362.26
       1997        499.2             0.07               287.48    0.132461     -162.984545     -162.852084     -163.015383      0.14      360.47
       1998        499.5             0.06               289.84    0.133549     -162.986524     -162.852976     -163.015403      0.12      358.71
       1999        499.8             0.06               296.07    0.136421     -162.988811     -162.852390     -163.015424      0.09      356.99
       2000        500.0             0.08               303.56    0.139874     -162.991103     -162.851230     -163.015440      0.08      355.28
------------|------------|------|---------|---------|----------|-----------|---------------|---------------|---------------|---------|-------------
       Step |  Sim. Time | Iter |  t_Ener |  t_Grad |     Temp |     E_Kin |         E_Pot |         E_Tot |      Cons.Qty | E.Drift | Av.Press.
            |       [fs] |      |     [s] |     [s] |      [K] | [Hartree] |     [Hartree] |     [Hartree] |     [Hartree] |     [K] |     [bar]


Finished MD run of 2000 steps.


The average temperature during this run was 232.64620 K.


Smallest interatomic distance from active region: 0.909811 Angstrom (atoms 94 - 95).


>>> Invariance Statistics >>>

    The maximal deviation of the gradient from translational invariance was 3.972e-11 kJ mol^-1 Angstrom^-1.
    This would introduce a center of mass drift of 0.000 Kelvin within 1.0 ps.

    The maximal deviation of the gradient from rotational invariance (torque) was 1.288e+01 kJ mol^-1 rad^-1.
    This would introduce an overall rotation of 0.003 Kelvin within 1.0 ps.

<<< Invariance Statistics <<<


### System Geometry ###

  * Region "All" = "Active" = "QM":
      Bounding box: from (   -7.784 |   -5.423 |   -6.394 )
                      to (    6.304 |    5.673 |    7.571 ) Angstrom
      System extent:     (   14.088 |   11.097 |   13.965 ) Angstrom
      Center of mass:    (    0.106 |    0.042 |   -0.033 ) Angstrom

      Angular momentum:  (  -0.02284507 |   0.03229122 |   0.02515127 ) a.m.u. Angstrom^2 fs^-1
      Angular velocity:  (  -0.00000237 |   0.00000313 |   0.00000281 ) fs^-1
      Moment of inertia: (      9298.84 |      -792.84 |       602.16 )
                         (      -792.84 |     10415.54 |      -792.36 ) a.m.u. Angstrom^2
                         (       602.16 |      -792.36 |     10353.01 )
      Singular values:   (     11602.89 |      8858.88 |      9605.63 ) a.m.u. Angstrom^2



Thermostat Summary:
  (*) Region "All": Injected 435.80 kJ mol^-1 of energy into the system (equivalent to 360.24 K).


>>> Timing data >>>
    MD loop was running for 126.814 seconds (2m 06.814s)
    Performance: 0.063 seconds/step, 14194.006 fs/hour.
    Time spent within the MD module (overhead): 0.821 seconds (0.6477 % of total time).
<<< Timing data <<<


Finished MD loop.

-------------------------------------------------------------------------------------------

#######################################################################
########        Finished Executing Input Script (SAN-VM)       ########
#######################################################################

    Total execution time: 126.814 seconds (2m 06.814s)

            26 instructions executed
             7 function calls


Timings for individual modules during the MD run:

XTB module                        ...      125.484 sec (=   2.091 min)  99.0 %
ORCA initialization               ...        0.364 sec (=   0.006 min)   0.3 %
Self time inside of MD module     ...        0.946 sec (=   0.016 min)   0.7 %
------------------------------------------------------------------------------
Sum of individual times           ...      126.793 sec (=   2.113 min) 100.0 %

Total wall time of MD module      ...      127.178 sec (=   2.120 min)
             --> "dark time"      ...        0.385 sec (=   0.006 min)   0.3 %

( The "dark time" is spent in the ORCA-internal routines for energy and gradient calculation,
  but not inside of the sub-programs which do so. It contains operating system overhead for
  spawning new processes in each MD step and some file I/O time. )



    ###########################################################
    ####     ORCA ab initio Molecular Dynamics leaving     ####
    ####     Scriptable Nuclear Dynamics (SANdy) + ORCA    ####
    ####           (c) Martin Brehm, 2016 - 2025           ####
    ####           https://sanscript.org/orcamd            ####
    ###########################################################

