# Simulation Time; Colvar 1 Position / Angstrom; Colvar 1 Internal Force / kJ mol^-1 Angstrom^-1
0.00; 3.8868683455; 0.0000000000
0.25; 3.8880004743; 18.6184691801
0.50; 3.8891328166; 17.4279469019
0.75; 3.8902734987; 16.5337304036
1.00; 3.8914141313; 16.0010293427
1.25; 3.8925559085; 15.8790046698
1.50; 3.8936987588; 16.2041777203
1.75; 3.8948415926; 16.9955227538
2.00; 3.8959919931; 18.2589333703
2.25; 3.8971482277; 19.9727650281
2.50; 3.8983090144; 22.0937320631
2.75; 3.8994771653; 24.5671862236
3.00; 3.9006484835; 27.3099523057
3.25; 3.9018259519; 30.2442318854
3.50; 3.9030248851; 33.3197611352
3.75; 3.9042402194; 36.4348742659
4.00; 3.9054795617; 39.5246780246
4.25; 3.9067443705; 42.5146111306
4.50; 3.9080294456; 45.3241043062
4.75; 3.9093400770; 47.9066735985
5.00; 3.9106781820; 50.2188619838
5.25; 3.9120384223; 52.2154225721
5.50; 3.9134250515; 53.8762003218
5.75; 3.9148491601; 55.1921787041
6.00; 3.9163130557; 56.1479253499
6.25; 3.9178122898; 56.7278287583
6.50; 3.9193428992; 56.9219258509
6.75; 3.9209024411; 56.7267854712
7.00; 3.9224964247; 56.1392040040
7.25; 3.9241273448; 55.1590217118
7.50; 3.9257822497; 53.7981394987
7.75; 3.9274760828; 52.0533308773
8.00; 3.9292020922; 49.9463403470
8.25; 3.9309687601; 47.4846453571
8.50; 3.9327644361; 44.7120400020
8.75; 3.9345745598; 41.6915367970
9.00; 3.9364013656; 38.4694307412
9.25; 3.9382401473; 35.1177931566
9.50; 3.9401000697; 31.6937912554
9.75; 3.9419595696; 28.3250457006
10.00; 3.9438221013; 25.0972788552
10.25; 3.9456930508; 22.1031082924
10.50; 3.9475719167; 19.4437778987
10.75; 3.9494476764; 17.2320438102
11.00; 3.9513242685; 15.5495468193
11.25; 3.9532014883; 14.4678801700
11.50; 3.9550772990; 14.0383608535
11.75; 3.9569390498; 14.2846806747
12.00; 3.9587967979; 15.2021852412
12.25; 3.9606539251; 16.7607441745
12.50; 3.9625129889; 18.9067289445
12.75; 3.9643642025; 21.5518398724
13.00; 3.9662116071; 24.6080661518
13.25; 3.9680578946; 27.9790327428
13.50; 3.9698959296; 31.5479254509
13.75; 3.9717455210; 35.2531768564
14.00; 3.9735928584; 38.9729817503
14.25; 3.9754431687; 42.6337175646
14.50; 3.9773108993; 46.1902946177
14.75; 3.9791915211; 49.5715626339
15.00; 3.9810836284; 52.7191651077
15.25; 3.9830014232; 55.6118651197
15.50; 3.9849353262; 58.2010128080
15.75; 3.9868942279; 60.4690376588
16.00; 3.9888761866; 62.3903097535
16.25; 3.9908899646; 63.9534080958
16.50; 3.9929289369; 65.1394262193
16.75; 3.9950000404; 65.9448166619
17.00; 3.9970988680; 66.3563173241
17.25; 3.9992290207; 66.3722457908
17.50; 4.0013809743; 65.9948150540
17.75; 4.0035595399; 65.2303980320
18.00; 4.0057682721; 64.0895007967
18.25; 4.0080067633; 62.5896660063
18.50; 4.0102635519; 60.7636032439
18.75; 4.0125320081; 58.6511608619
19.00; 4.0148114344; 56.2947819415
19.25; 4.0171125224; 53.7327707666
19.50; 4.0194150627; 51.0464386682
19.75; 4.0217261025; 48.2914527755
20.00; 4.0240511159; 45.5310508855
20.25; 4.0263829092; 42.8491347645
20.50; 4.0287050539; 40.3350133525
20.75; 4.0310300370; 38.0439314534
21.00; 4.0333525333; 36.0436133211
21.25; 4.0356603898; 34.3949069482
21.50; 4.0379424153; 33.1399173015
21.75; 4.0402049054; 32.2902925053
22.00; 4.0424490817; 31.8519379962
22.25; 4.0446773537; 31.8125648084
22.50; 4.0468889288; 32.1471019444
22.75; 4.0490756299; 32.8164617617
23.00; 4.0512417084; 33.7760219026
23.25; 4.0533960536; 34.9798355714
23.50; 4.0555391486; 36.3781546282
23.75; 4.0576561542; 37.9081872810
24.00; 4.0597558565; 39.5266546606
24.25; 4.0618489046; 41.1961560768
24.50; 4.0639174430; 42.8610941866
24.75; 4.0659631438; 44.4859587263
25.00; 4.0679925941; 46.0433417261
25.25; 4.0700067652; 47.5048614941
25.50; 4.0720120823; 48.8492390765
25.75; 4.0739966380; 50.0460652735
26.00; 4.0759733076; 51.0838625293
26.25; 4.0779452200; 51.9462147488
26.50; 4.0799061123; 52.6140268545
26.75; 4.0818577766; 53.0743114185
27.00; 4.0838097139; 53.3168685622
27.25; 4.0857536780; 53.3296164412
27.50; 4.0876815714; 53.1038241146
27.75; 4.0895863586; 52.6354314436
28.00; 4.0914831626; 51.9171012733
28.25; 4.0933565370; 50.9543483499
28.50; 4.0952082611; 49.7521931218
28.75; 4.0970413559; 48.3194708620
29.00; 4.0988574763; 46.6704061973
29.25; 4.1006492253; 44.8360134090
29.50; 4.1024164430; 42.8460618379
29.75; 4.1041589530; 40.7386405012
30.00; 4.1058651410; 38.5731426369
30.25; 4.1075396432; 36.3944899471
30.50; 4.1091761353; 34.2665171086
30.75; 4.1107741992; 32.2460378108
31.00; 4.1123184675; 30.4063250560
31.25; 4.1138194608; 28.7849671861
31.50; 4.1152880821; 27.4152110642
31.75; 4.1167205844; 26.3384267532
32.00; 4.1181166661; 25.5830825168
32.25; 4.1194734977; 25.1687618357
32.50; 4.1207950533; 25.1021756326
32.75; 4.1220711855; 25.3824203058
33.00; 4.1233018180; 25.9965615973
33.25; 4.1244891265; 26.9268628177
33.50; 4.1256353036; 28.1480573670
33.75; 4.1267475834; 29.6372475910
34.00; 4.1278199530; 31.3525245063
34.25; 4.1288609798; 33.2704572877
34.50; 4.1298655400; 35.3420414918
34.75; 4.1308411544; 37.5426757411
35.00; 4.1317882102; 39.8317622221
35.25; 4.1327058723; 42.1647193717
35.50; 4.1336053260; 44.5276601686
35.75; 4.1344825864; 46.8679198403
36.00; 4.1353402742; 49.1501105719
36.25; 4.1361835540; 51.3474269018
36.50; 4.1370057081; 53.4023894722
36.75; 4.1378124586; 55.2905762118
37.00; 4.1386090065; 56.9875557734
37.25; 4.1393969685; 58.4643100979
37.50; 4.1401766630; 59.6901278587
37.75; 4.1409498213; 60.6403243983
38.00; 4.1417149361; 61.2940486487
38.25; 4.1424719925; 61.6367757915
38.50; 4.1432228533; 61.6657197946
38.75; 4.1439689595; 61.3844928968
39.00; 4.1447089067; 60.8060083973
39.25; 4.1454422183; 59.9523192287
39.50; 4.1461698924; 58.8543519823
39.75; 4.1468883124; 57.5579634225
40.00; 4.1475968834; 56.1129493100
40.25; 4.1482933352; 54.5784334586
40.50; 4.1489772613; 53.0134134497
40.75; 4.1496500676; 51.4732347925
41.00; 4.1503098293; 50.0190387633
41.25; 4.1509572023; 48.7017345890
41.50; 4.1515908979; 47.5696200098
41.75; 4.1522087269; 46.6660350610
42.00; 4.1528126275; 46.0121698070
42.25; 4.1533990329; 45.6262805200
42.50; 4.1539735966; 45.5086384380
42.75; 4.1545341037; 45.6528175118
43.00; 4.1550827133; 46.0412072225
43.25; 4.1556215029; 46.6497749522
43.50; 4.1561513779; 47.4462720211
43.75; 4.1566723772; 48.3889035499
44.00; 4.1571815758; 49.4264822376
44.25; 4.1576857282; 50.5226785949
44.50; 4.1581855230; 51.6279371233
44.75; 4.1586844839; 52.6990340946
45.00; 4.1591820026; 53.6848979718
45.25; 4.1596798462; 54.5418649891
45.50; 4.1601779818; 55.2262835483
45.75; 4.1606777785; 55.7009398837
46.00; 4.1611777053; 55.9309062073
46.25; 4.1616799856; 55.8889493900
46.50; 4.1621827783; 55.5488488100
46.75; 4.1626870193; 54.8894728533
47.00; 4.1631929193; 53.8928101205
47.25; 4.1637000627; 52.5469170621
47.50; 4.1642078003; 50.8452047299
47.75; 4.1647173318; 48.7750341769
48.00; 4.1652240149; 46.3528892026
48.25; 4.1657248802; 43.6026367340
48.50; 4.1662196878; 40.5342003726
48.75; 4.1667057554; 37.1768743032
49.00; 4.1671795859; 33.5732576080
49.25; 4.1676381583; 29.7694876824
49.50; 4.1680804175; 25.7989332425
49.75; 4.1685008718; 21.7409384026
50.00; 4.1688964918; 17.6550106785
50.25; 4.1692629567; 13.6175335603
50.50; 4.1695988104; 9.6730408023
50.75; 4.1699008010; 5.8849854754
51.00; 4.1701643709; 2.3303715260
51.25; 4.1703883267; -0.9621001047
51.50; 4.1705715667; -3.9729284973
51.75; 4.1707109821; -6.6562214084
52.00; 4.1708045354; -8.9907210600
52.25; 4.1708509434; -10.9751847068
52.50; 4.1708492895; -12.6177355396
52.75; 4.1707988468; -13.9378950449
53.00; 4.1706992836; -14.9547435437
53.25; 4.1705497684; -15.7009415850
53.50; 4.1703510291; -16.2044419810
53.75; 4.1701031765; -16.4991020895
54.00; 4.1698063190; -16.6215494602
54.25; 4.1694614693; -16.6074759899
54.50; 4.1690680594; -16.4923660028
54.75; 4.1686290544; -16.3116667610
55.00; 4.1681465310; -16.0995629387
55.25; 4.1676194202; -15.8875484618
55.50; 4.1670473536; -15.7064553326
55.75; 4.1664308336; -15.5862790488
56.00; 4.1657715674; -15.5567832249
56.25; 4.1650682364; -15.6459646383
56.50; 4.1643224837; -15.8802526849
56.75; 4.1635313338; -16.2850262492
57.00; 4.1626915959; -16.8831576057
57.25; 4.1618079453; -17.6906526325
57.50; 4.1608779076; -18.7225973339
57.75; 4.1598997712; -19.9875100859
58.00; 4.1588755587; -21.4810385859
58.25; 4.1578031677; -23.1963756445
58.50; 4.1566831831; -25.1126107835
58.75; 4.1555141149; -27.2017121822
59.00; 4.1542940138; -29.4263055420
59.25; 4.1530196030; -31.7418733556
59.50; 4.1516910631; -34.0856068369
59.75; 4.1503013552; -36.4012846071
60.00; 4.1488587630; -38.6019457087
60.25; 4.1473580022; -40.6218619979
60.50; 4.1457938720; -42.3962681083
60.75; 4.1441717952; -43.8541616490
61.00; 4.1424956211; -44.9388642761
61.25; 4.1407557332; -45.6159817296
61.50; 4.1389521492; -45.8580063790
61.75; 4.1370898508; -45.6521486019
62.00; 4.1351705334; -45.0046251584
62.25; 4.1331916291; -43.9323994164
62.50; 4.1311431520; -42.4577409996
62.75; 4.1290344287; -40.6248503733
63.00; 4.1268666496; -38.4788595637
63.25; 4.1246431368; -36.0722231914
63.50; 4.1223728003; -33.4657601744
63.75; 4.1200578282; -30.7132719715
64.00; 4.1177016611; -27.8685819446
64.25; 4.1153109592; -24.9868672045
64.50; 4.1128789812; -22.1037039917
64.75; 4.1103971082; -19.2508962453
65.00; 4.1078848279; -16.4900763314
65.25; 4.1053386970; -13.8545371481
65.50; 4.1027727583; -11.3941870437
65.75; 4.1001878575; -9.1428207939
66.00; 4.0975890080; -7.1357686007
66.25; 4.0949600569; -5.3901107226
66.50; 4.0923233616; -3.9484582461
66.75; 4.0896627565; -2.8261683756
67.00; 4.0869765871; -2.0433539921
67.25; 4.0842777276; -1.6199313870
67.50; 4.0815670403; -1.5616291398
67.75; 4.0788449858; -1.8723482372
68.00; 4.0761189554; -2.5428726312
68.25; 4.0733761874; -3.5545640907
68.50; 4.0706259051; -4.8698682612
68.75; 4.0678696180; -6.4392816871
69.00; 4.0650970817; -8.2057820125
69.25; 4.0623159685; -10.0876233274
69.50; 4.0595203477; -12.0012997589
69.75; 4.0566900999; -13.8643531868
70.00; 4.0538383052; -15.5666745811
70.25; 4.0509704919; -17.0066412261
70.50; 4.0480860735; -18.0931738856
70.75; 4.0451844883; -18.7491865711
71.00; 4.0422655909; -18.9181620264
71.25; 4.0393246364; -18.5643921281
71.50; 4.0363537765; -17.6758391060
71.75; 4.0333578962; -16.2669680847
72.00; 4.0303385151; -14.3731051291
72.25; 4.0273070555; -12.0624454551
72.50; 4.0242683183; -9.4141319981
72.75; 4.0212188872; -6.5100825324
73.00; 4.0181675265; -3.4481198035
73.25; 4.0151177043; -0.3203129298
73.50; 4.0120745961; 2.7833634905
73.75; 4.0090365859; 5.7843686260
74.00; 4.0059832324; 8.6316809184
74.25; 4.0029499216; 11.2303390631
74.50; 3.9999178246; 13.5481286130
74.75; 3.9969079599; 15.5263057045
75.00; 3.9939084744; 17.1398094775
75.25; 3.9909325515; 18.3555020897
75.50; 3.9879636242; 19.1615564975
75.75; 3.9850035349; 19.5452233494
76.00; 3.9820533963; 19.4920026133
76.25; 3.9791284297; 18.9991177717
76.50; 3.9762178438; 18.0657905981
76.75; 3.9733244050; 16.7030650065
77.00; 3.9704374830; 14.9237570343
77.25; 3.9675563984; 12.7462612769
77.50; 3.9646771830; 10.1959915155
77.75; 3.9618115709; 7.3228959499
78.00; 3.9589552537; 4.1734627478
78.25; 3.9560941773; 0.7932725617
78.50; 3.9532229775; -2.7530798057
78.75; 3.9503430389; -6.3812447061
79.00; 3.9474614954; -9.9910934861
79.25; 3.9445793955; -13.4850510424
79.50; 3.9416798123; -16.7837851465
79.75; 3.9387598131; -19.7910358054
80.00; 3.9358289641; -22.4051925608
80.25; 3.9328797594; -24.5549587679
80.50; 3.9299180305; -26.1751950459
80.75; 3.9269207395; -27.2373917219
81.00; 3.9239137300; -27.7192920930
81.25; 3.9208705978; -27.6343974457
81.50; 3.9178022890; -27.0151479574
81.75; 3.9147103486; -25.9170081522
82.00; 3.9116040032; -24.4133887459
82.25; 3.9084836706; -22.5866559604
82.50; 3.9053549982; -20.5282101870
82.75; 3.9022238521; -18.3298217395
83.00; 3.8990627144; -16.0550878161
83.25; 3.8958861866; -13.7918611802
83.50; 3.8926968272; -11.6094595705
83.75; 3.8894846059; -9.5565498864
84.00; 3.8862747328; -7.6942228390
84.25; 3.8830455338; -6.0434069031
84.50; 3.8797837704; -4.6246991490
84.75; 3.8765289147; -3.4732180391
85.00; 3.8732635293; -2.5925521428
85.25; 3.8699870963; -1.9895001710
85.50; 3.8667124413; -1.6670632898
85.75; 3.8634308797; -1.6218684050
86.00; 3.8601395865; -1.8470272819
86.25; 3.8568443930; -2.3330175037
86.50; 3.8535573691; -3.0649107541
86.75; 3.8502694525; -4.0289064673
87.00; 3.8469872909; -5.2032768548
87.25; 3.8437071587; -6.5650341204
87.50; 3.8404179414; -8.0888101867
87.75; 3.8371100261; -9.7393929130
88.00; 3.8338029984; -11.4658349397
88.25; 3.8304878018; -13.2195500387
88.50; 3.8271554173; -14.9450905399
88.75; 3.8238226091; -16.5636931782
89.00; 3.8204900877; -17.9996791376
89.25; 3.8171329389; -19.1854656664
89.50; 3.8137768301; -20.0329060218
89.75; 3.8104229329; -20.4672276073
90.00; 3.8070583554; -20.4237059237
90.25; 3.8036989453; -19.8494941860
90.50; 3.8003158208; -18.7025420295
90.75; 3.7969219252; -16.9685168574
91.00; 3.7934980939; -14.6404769409
91.25; 3.7900653755; -11.7580077120
91.50; 3.7866215043; -8.3669201532
91.75; 3.7831675061; -4.5332097076
92.00; 3.7796947287; -0.3257143824
92.25; 3.7762239145; 4.1416549853
92.50; 3.7727542073; 8.7781006633
92.75; 3.7692925870; 13.4830255900
93.00; 3.7658478232; 18.1605510467
93.25; 3.7624113846; 22.7441794175
93.50; 3.7589870040; 27.1583662399
93.75; 3.7555994448; 31.3133724366
94.00; 3.7522280368; 35.1861303844
94.25; 3.7488847362; 38.7225011401
94.50; 3.7455537018; 41.9082303343
94.75; 3.7422594506; 44.6950574573
95.00; 3.7390062472; 47.0632305781
95.25; 3.7358035230; 48.9927888919
95.50; 3.7326383139; 50.4882731612
95.75; 3.7295217599; 51.5425513901
96.00; 3.7264453275; 52.1603453513
96.25; 3.7234214181; 52.3455251400
96.50; 3.7204303418; 52.1107683224
96.75; 3.7174749091; 51.4735085014
97.00; 3.7145602059; 50.4606592621
97.25; 3.7116785047; 49.1042037441
97.50; 3.7088370639; 47.4533774788
97.75; 3.7060405058; 45.5689723962
98.00; 3.7032834957; 43.5201891592
98.25; 3.7005605826; 41.3863280737
98.50; 3.6978820221; 39.2729090902
98.75; 3.6952217317; 37.2627055354
99.00; 3.6925907134; 35.4744327967
99.25; 3.6899905104; 34.0211184671
99.50; 3.6874155785; 33.0066109586
99.75; 3.6848573937; 32.5241662796
100.00; 3.6823185291; 32.6539362135
100.25; 3.6798093937; 33.4499993654
100.50; 3.6773210884; 34.9421830692
100.75; 3.6748553962; 37.1267761965
101.00; 3.6724258477; 39.9582331880
101.25; 3.6700361543; 43.3706603654
101.50; 3.6676746608; 47.2964569409
101.75; 3.6653510666; 51.6212434038
102.00; 3.6630848958; 56.1995852988
102.25; 3.6608608650; 60.9494982511
102.50; 3.6586831293; 65.7513720356
102.75; 3.6565558029; 70.4917832030
103.00; 3.6544863817; 75.0616086381
103.25; 3.6524854014; 79.3543994447
103.50; 3.6505481702; 83.3093355579
103.75; 3.6486782847; 86.8619022858
104.00; 3.6468779788; 89.9597994881
104.25; 3.6451517004; 92.5593026583
104.50; 3.6434963691; 94.6370431803
104.75; 3.6419128010; 96.1713432860
105.00; 3.6404086979; 97.1417690428
105.25; 3.6389768707; 97.5456746720
105.50; 3.6376142595; 97.3821355369
105.75; 3.6363215996; 96.6561228450
106.00; 3.6350949173; 95.3747091616
106.25; 3.6339325912; 93.5542057252
106.50; 3.6328392399; 91.2307282747
106.75; 3.6318139218; 88.4439668798
107.00; 3.6308518499; 85.2342720653
107.25; 3.6299468719; 81.6463899200
107.50; 3.6291017854; 77.7715852731
107.75; 3.6283094481; 73.6714981747
108.00; 3.6275598317; 69.3993269698
108.25; 3.6268499875; 65.0550645727
108.50; 3.6261761607; 60.7443174058
108.75; 3.6255364424; 56.5912838207
109.00; 3.6249267062; 52.7072358999
109.25; 3.6243443100; 49.2092058577
109.50; 3.6237851850; 46.1952504765
109.75; 3.6232429874; 43.7379780874
110.00; 3.6227190586; 41.9267715702
110.25; 3.6222143517; 40.8170324565
110.50; 3.6217255691; 40.4230507586
110.75; 3.6212509022; 40.7350681162
111.00; 3.6207898811; 41.7186386981
111.25; 3.6203432923; 43.3140161340
111.50; 3.6199121843; 45.4406357844
111.75; 3.6194995114; 47.9943538266
112.00; 3.6191041831; 50.8888039782
112.25; 3.6187307803; 53.9965540534
112.50; 3.6183798399; 57.2239788683
112.75; 3.6180563126; 60.4456375690
113.00; 3.6177596418; 63.5991233794
113.25; 3.6174943221; 66.5805395574
113.50; 3.6172616662; 69.3312051404
113.75; 3.6170645579; 71.7835363043
114.00; 3.6169036370; 73.9060348116
114.25; 3.6167803056; 75.6646771204
114.50; 3.6166957777; 77.0324979673
114.75; 3.6166509079; 77.9815386814
115.00; 3.6166461853; 78.5009348157
115.25; 3.6166816133; 78.5923908743
115.50; 3.6167571346; 78.2544281537
115.75; 3.6168719562; 77.4912238831
116.00; 3.6170240340; 76.3193446293
116.25; 3.6172119087; 74.7531221434
116.50; 3.6174352461; 72.7999635265
116.75; 3.6176907240; 70.4963192865
117.00; 3.6179770715; 67.8660285536
117.25; 3.6182919895; 64.9490639133
117.50; 3.6186321119; 61.8013312403
117.75; 3.6189954888; 58.4737149605
118.00; 3.6193770061; 55.0552525827
118.25; 3.6197718541; 51.6410436758
118.50; 3.6201804294; 48.2878697407
118.75; 3.6205975448; 45.1057476352
119.00; 3.6210189766; 42.1978938079
119.25; 3.6214457133; 39.6300782591
119.50; 3.6218754896; 37.4868137275
119.75; 3.6223044784; 35.8484774856
120.00; 3.6227315136; 34.7684634417
120.25; 3.6231535633; 34.2778570636
120.50; 3.6235699557; 34.3773108089
120.75; 3.6239824232; 35.0445314471
121.00; 3.6243917221; 36.2344647760
121.25; 3.6247976673; 37.8766328615
121.50; 3.6252001227; 39.8802590619
121.75; 3.6256016368; 42.1526437520
122.00; 3.6260011764; 44.5764575774
122.25; 3.6264051582; 47.0782543947
122.50; 3.6268173351; 49.5726025331
122.75; 3.6272373262; 51.9558668951
123.00; 3.6276650585; 54.1410585679
123.25; 3.6281066178; 56.0852988147
123.50; 3.6285609134; 57.7236352120
123.75; 3.6290308630; 59.0186850823
124.00; 3.6295134335; 59.9285048482
124.25; 3.6300091032; 60.4332698505
124.50; 3.6305207580; 60.5228439441
124.75; 3.6310495375; 60.1899375131
125.00; 3.6315947610; 59.4318035260
125.25; 3.6321569051; 58.2492122293
125.50; 3.6327332795; 56.6570741555
125.75; 3.6333221077; 54.6656347349
126.00; 3.6339250421; 52.2806440608
126.25; 3.6345397354; 49.5266954080
126.50; 3.6351624840; 46.4389631692
126.75; 3.6357940571; 43.0372283373
127.00; 3.6364281024; 39.3880443410
127.25; 3.6370614733; 35.5511029470
127.50; 3.6376948903; 31.5635315778
127.75; 3.6383229944; 27.5125636729
128.00; 3.6389437239; 23.4723830812
128.25; 3.6395560564; 19.5177128063
128.50; 3.6401549562; 15.7546711290
128.75; 3.6407370109; 12.2811601647
129.00; 3.6413018551; 9.1615074162
129.25; 3.6418438390; 6.5158928407
129.50; 3.6423648001; 4.4005049660
129.75; 3.6428624083; 2.8808940511
130.00; 3.6433332691; 2.0022312104
130.25; 3.6437771663; 1.7821485065
130.50; 3.6441962977; 2.2190263404
130.75; 3.6445891934; 3.2772450502
131.00; 3.6449590546; 4.9241367816
131.25; 3.6453067051; 7.0954084450
131.50; 3.6456317693; 9.6999763116
131.75; 3.6459367620; 12.6522843470
132.00; 3.6462257372; 15.8763434081
132.25; 3.6465020429; 19.2883868713
132.50; 3.6467681355; 22.7940168209
132.75; 3.6470271119; 26.3106268509
133.00; 3.6472836428; 29.7821345017
133.25; 3.6475408813; 33.1384807866
133.50; 3.6478015503; 36.3124944338
133.75; 3.6480674058; 39.2373522124
134.00; 3.6483414264; 41.8671023909
134.25; 3.6486242679; 44.1426851868
134.50; 3.6489215320; 46.0562803414
134.75; 3.6492345325; 47.5732486281
135.00; 3.6495631346; 48.6621866503
135.25; 3.6499110608; 49.3144617619
135.50; 3.6502761482; 49.5126315693
135.75; 3.6506625215; 49.2540350461
136.00; 3.6510702688; 48.5397241041
136.25; 3.6515009181; 47.3752466583
136.50; 3.6519517313; 45.7861931324
136.75; 3.6524205077; 43.8075277737
137.00; 3.6529059924; 41.4826560333
137.25; 3.6534061272; 38.8691412776
137.50; 3.6539237119; 36.0075359020
137.75; 3.6544548475; 32.9840884946
138.00; 3.6549962106; 29.8921281895
138.25; 3.6555487518; 26.8081518628
138.50; 3.6561054485; 23.8609737579
138.75; 3.6566678933; 21.1336719045
139.00; 3.6572310898; 18.7422683971
139.25; 3.6577957515; 16.7706009911
139.50; 3.6583611136; 15.2999320520
139.75; 3.6589237290; 14.4030052896
140.00; 3.6594827806; 14.1246555250
140.25; 3.6600400839; 14.4855445859
140.50; 3.6605961360; 15.4833095126
140.75; 3.6611516854; 17.0906816937
141.00; 3.6617044821; 19.2441624959
141.25; 3.6622596466; 21.8824833586
141.50; 3.6628178518; 24.9099890406
141.75; 3.6633830515; 28.2344250641
142.00; 3.6639573237; 31.7465400835
142.25; 3.6645440071; 35.3425351861
142.50; 3.6651442538; 38.9093670365
142.75; 3.6657605317; 42.3466461294
143.00; 3.6663992287; 45.5851337432
143.25; 3.6670575650; 48.5204607473
143.50; 3.6677447844; 51.1164644135
143.75; 3.6684623453; 53.3129372742
144.00; 3.6692103378; 55.0597250229
144.25; 3.6699911352; 56.3251672604
144.50; 3.6708033158; 57.0821976693
144.75; 3.6716470208; 57.3175375047
145.00; 3.6725312027; 57.0268043463
145.25; 3.6734455934; 56.2152892563
145.50; 3.6743989448; 54.8842423628
145.75; 3.6753850013; 53.0572915271
146.00; 3.6764056708; 50.7542470645
146.25; 3.6774567317; 48.0129210814
146.50; 3.6785377665; 44.8701716885
146.75; 3.6796478625; 41.3704835132
147.00; 3.6807801596; 37.5867438547
147.25; 3.6819348024; 33.5762046152
147.50; 3.6831044693; 29.4291549850
147.75; 3.6842932066; 25.2021080036
148.00; 3.6854973990; 20.9841746501
148.25; 3.6867132551; 16.8683702153
148.50; 3.6879354702; 12.9540546699
148.75; 3.6891642754; 9.3200036339
149.00; 3.6903898488; 6.0686077394
149.25; 3.6916183821; 3.2475654295
149.50; 3.6928455948; 0.9190515894
149.75; 3.6940656115; -0.8712730442
150.00; 3.6952802731; -2.1121460478
150.25; 3.6964846617; -2.8029367357
150.50; 3.6976740067; -2.9681640460
150.75; 3.6988491605; -2.6557771311
151.00; 3.7000133805; -1.9282126700
151.25; 3.7011683333; -0.8599999051
151.50; 3.7023105293; 0.4604058539
151.75; 3.7034437711; 1.9463687080
152.00; 3.7045728821; 3.5142472082
152.25; 3.7056950018; 5.0720058438
152.50; 3.7068070609; 6.5340964020
152.75; 3.7079159102; 7.8367875356
153.00; 3.7090208288; 8.9169444904
153.25; 3.7101320591; 9.7317588791
153.50; 3.7112436254; 10.2326781300
153.75; 3.7123534815; 10.3876490077
154.00; 3.7134526340; 10.1771795197
154.25; 3.7145537772; 9.5875014755
154.50; 3.7156540041; 8.6156551595
154.75; 3.7167555444; 7.2614231653
155.00; 3.7178445906; 5.5500017233
155.25; 3.7189265342; 3.4871339945
155.50; 3.7200082409; 1.0760244038
155.75; 3.7210781926; -1.6378997116
156.00; 3.7221402571; -4.6409496139
156.25; 3.7231856449; -7.8788586836
156.50; 3.7242143468; -11.3165915186
156.75; 3.7252228512; -14.9040375094
157.00; 3.7262104440; -18.5952098214
157.25; 3.7271683613; -22.3072133380
157.50; 3.7280924168; -25.9674746923
157.75; 3.7289865193; -29.5305901660
158.00; 3.7298491784; -32.9218317559
158.25; 3.7306733213; -36.0398413022
158.50; 3.7314496507; -38.7741891918
158.75; 3.7321802750; -41.0585544823
159.00; 3.7328613121; -42.8114638619
159.25; 3.7334920276; -43.9709769206
159.50; 3.7340700652; -44.4845343288
159.75; 3.7346004981; -44.3263059041
160.00; 3.7350789817; -43.4841540165
160.25; 3.7355064297; -41.9694742643
160.50; 3.7358821790; -39.8233990788
160.75; 3.7362086978; -37.0971333282
161.00; 3.7364889905; -33.8537333689
161.25; 3.7367240352; -30.1962762673
161.50; 3.7369165775; -26.2242999676
161.75; 3.7370704993; -22.0225945632
162.00; 3.7371892531; -17.6898415775
162.25; 3.7372767462; -13.3055809720
162.50; 3.7373365663; -8.9560694941
162.75; 3.7373721593; -4.7311693611
163.00; 3.7373870528; -0.7110305366
163.25; 3.7373847781; 3.0651800433
163.50; 3.7373685428; 6.5593558519
163.75; 3.7373414523; 9.7126664329
164.00; 3.7373061456; 12.5074016050
164.25; 3.7372647041; 14.9455913597
164.50; 3.7372194259; 16.9967900883
164.75; 3.7371721815; 18.6456744494
165.00; 3.7371242808; 19.8924589469
165.25; 3.7370770220; 20.7324819771
165.50; 3.7370309870; 21.1770041432
165.75; 3.7369864010; 21.2423096652
166.00; 3.7369434094; 20.9510819145
166.25; 3.7369014724; 20.3337080778
166.50; 3.7368599772; 19.4336289751
166.75; 3.7368181240; 18.3086582812
167.00; 3.7367749484; 17.0292715224
167.25; 3.7367289449; 15.6695921175
167.50; 3.7366784443; 14.3098471736
167.75; 3.7366216800; 13.0382478571
168.00; 3.7365577609; 11.9700836571
168.25; 3.7364854221; 11.2091422448
168.50; 3.7364036614; 10.8554214231
168.75; 3.7363117915; 10.9991648024
169.00; 3.7362093393; 11.7143627322
169.25; 3.7360965219; 13.0556531433
169.50; 3.7359748639; 15.0395442188
169.75; 3.7358453724; 17.6663241131
170.00; 3.7357096836; 20.9115432409
170.25; 3.7355707764; 24.7013084594
170.50; 3.7354322395; 28.9289340292
170.75; 3.7352975996; 33.4812342889
171.00; 3.7351704396; 38.2446500777
171.25; 3.7350547382; 43.0939251097
171.50; 3.7349546251; 47.9022370094
171.75; 3.7348745298; 52.5330595895
172.00; 3.7348181907; 56.8924207898
172.25; 3.7347893733; 60.8904254075
172.50; 3.7347916642; 64.4521347859
172.75; 3.7348282057; 67.4731683230
173.00; 3.7349018774; 69.9217648270
173.25; 3.7350149874; 71.7576343500
173.50; 3.7351695196; 72.9562092139
173.75; 3.7353660966; 73.4968261383
174.00; 3.7356056964; 73.3736517538
174.25; 3.7358883221; 72.5873374815
174.50; 3.7362133673; 71.1453245742
174.75; 3.7365796101; 69.0614458098
175.00; 3.7369850183; 66.3567078906
175.25; 3.7374276950; 63.0544315356
175.50; 3.7379034910; 59.1972789758
175.75; 3.7384106298; 54.8106223387
176.00; 3.7389449181; 49.9436605421
176.25; 3.7395014591; 44.6574393007
176.50; 3.7400750768; 39.0229185829
176.75; 3.7406625360; 33.0990600093
177.00; 3.7412536351; 27.0262695803
177.25; 3.7418452009; 20.8840291060
177.50; 3.7424323879; 14.7774503697
177.75; 3.7430109478; 8.8063582799
178.00; 3.7435745797; 3.0979262415
178.25; 3.7441167100; -2.1972699304
178.50; 3.7446320085; -6.9541771346
178.75; 3.7451181673; -11.0910831906
179.00; 3.7455713402; -14.5244946338
179.25; 3.7459861851; -17.1806519661
179.50; 3.7463624943; -19.0464487859
179.75; 3.7466970057; -20.1208360360
180.00; 3.7469903195; -20.4470323687
180.25; 3.7472433010; -20.0907251029
180.50; 3.7474549338; -19.1434795781
180.75; 3.7476263221; -17.7147262190
181.00; 3.7477577648; -15.9352990005
181.25; 3.7478521458; -13.9145447941
181.50; 3.7479109977; -11.7820437370
181.75; 3.7479367802; -9.6401640070
182.00; 3.7479316988; -7.6009534394
182.25; 3.7478980957; -5.7246408179
182.50; 3.7478381463; -4.0737675099
182.75; 3.7477540239; -2.6977947351
183.00; 3.7476474799; -1.6257176542
183.25; 3.7475210406; -0.8838097042
183.50; 3.7473752136; -0.4716434534
183.75; 3.7472106150; -0.3877012742
184.00; 3.7470279641; -0.6266213835
184.25; 3.7468283941; -1.1805794582
184.50; 3.7466116570; -2.0487697195
184.75; 3.7463773255; -3.1990634574
185.00; 3.7461248221; -4.6136684540
185.25; 3.7458523415; -6.2785770627
185.50; 3.7455613516; -8.1547098763
185.75; 3.7452488009; -10.2271655439
186.00; 3.7449135318; -12.4622574656
186.25; 3.7445516873; -14.8368813597
186.50; 3.7441642002; -17.2860667692
186.75; 3.7437500579; -19.7472952713
187.00; 3.7433049621; -22.1673704233
187.25; 3.7428299315; -24.4532072479
187.50; 3.7423216327; -26.5269669073
187.75; 3.7417786356; -28.2972364784
188.00; 3.7412002926; -29.6713586007
188.25; 3.7405864333; -30.5645581636
188.50; 3.7399370046; -30.9003267948
188.75; 3.7392466339; -30.6244817949
189.00; 3.7385224933; -29.7089099642
189.25; 3.7377629921; -28.1484955832
189.50; 3.7369678055; -25.9654614627
189.75; 3.7361348943; -23.2012558106
190.00; 3.7352704946; -19.9472493825
190.25; 3.7343810361; -16.3172123088
190.50; 3.7334661363; -12.4103208999
190.75; 3.7325314028; -8.3553694277
191.00; 3.7315826281; -4.2796978137
191.25; 3.7306194447; -0.2760574664
191.50; 3.7296491098; 3.5411841518
191.75; 3.7286734910; 7.0960514827
192.00; 3.7276973898; 10.3170365287
192.25; 3.7267235807; 13.1555296360
192.50; 3.7257516343; 15.5876927408
192.75; 3.7247862486; 17.5877850050
193.00; 3.7238292646; 19.1486705430
193.25; 3.7228825500; 20.2727531549
193.50; 3.7219459941; 20.9719688841
193.75; 3.7210257212; 21.2589361728
194.00; 3.7201178685; 21.1555476806
194.25; 3.7192236738; 20.6845363231
194.50; 3.7183431315; 19.8703944218
194.75; 3.7174798267; 18.7435081547
195.00; 3.7166288518; 17.3251396266
195.25; 3.7157997856; 15.6624002233
195.50; 3.7149870917; 13.7785319929
195.75; 3.7141838979; 11.6935228447
196.00; 3.7133916800; 9.4514478992
196.25; 3.7126029067; 7.0769236041
196.50; 3.7118165517; 4.6187867984
196.75; 3.7110366127; 2.1496841149
197.00; 3.7102604607; -0.2717532254
197.25; 3.7094838566; -2.5868837323
197.50; 3.7087034041; -4.7311486745
197.75; 3.7079206120; -6.6263444646
198.00; 3.7071318111; -8.2113489140
198.25; 3.7063357431; -9.4269565655
198.50; 3.7055275769; -10.2309094096
198.75; 3.7047098260; -10.5860700960
199.00; 3.7038812340; -10.4783899210
199.25; 3.7030383352; -9.9132823970
199.50; 3.7021865885; -8.9200692983
199.75; 3.7013216741; -7.5357520783
200.00; 3.7004423938; -5.8205561009
200.25; 3.6995513818; -3.8532152801
200.50; 3.6986545770; -1.7225500373
200.75; 3.6977458929; 0.5064858787
201.00; 3.6968296812; 2.7437047393
201.25; 3.6959116973; 4.9015180020
201.50; 3.6949920122; 6.9145730685
201.75; 3.6940665621; 8.7349454679
202.00; 3.6931438265; 10.2999044763
202.25; 3.6922193445; 11.5829538860
202.50; 3.6912974750; 12.5536272814
202.75; 3.6903771883; 13.1984574688
203.00; 3.6894607747; 13.5099693989
203.25; 3.6885509441; 13.4896130508
203.50; 3.6876407313; 13.1445524206
203.75; 3.6867330441; 12.4881932345
204.00; 3.6858281897; 11.5385439222
204.25; 3.6849248866; 10.3165335024
204.50; 3.6840258109; 8.8454055786
204.75; 3.6831222915; 7.1371985048
205.00; 3.6822139281; 5.2193403435
205.25; 3.6812988395; 3.1200326905
205.50; 3.6803795458; 0.8828464694
205.75; 3.6794535714; -1.4539857497
206.00; 3.6785165167; -3.8504340007
206.25; 3.6775684050; -6.2481156514
206.50; 3.6766021250; -8.6003137046
206.75; 3.6756144682; -10.8422886387
207.00; 3.6746120690; -12.8806425653
207.25; 3.6735851615; -14.6587807948
207.50; 3.6725293656; -16.1055326183
207.75; 3.6714461921; -17.1449741015
208.00; 3.6703319747; -17.7150461539
208.25; 3.6691846919; -17.7646089898
208.50; 3.6679987033; -17.2565901428
208.75; 3.6667743179; -16.1710511575
209.00; 3.6655235225; -14.5227962637
209.25; 3.6642465491; -12.3399065777
209.50; 3.6629307925; -9.6441794866
209.75; 3.6615829506; -6.5071797852
210.00; 3.6602027186; -2.9985429300
210.25; 3.6587950213; 0.7926171901
210.50; 3.6573685576; 4.7656132441
210.75; 3.6559272134; 8.8306558289
211.00; 3.6544720574; 12.9146749353
211.25; 3.6530018640; 16.9581654150
211.50; 3.6515284631; 20.8747928135
211.75; 3.6500520140; 24.6239222158
212.00; 3.6485784610; 28.1574944860
212.25; 3.6471115286; 31.4438961119
212.50; 3.6456466516; 34.4789056958
212.75; 3.6441863719; 37.2491347353
213.00; 3.6427340972; 39.7443789303
213.25; 3.6412893346; 41.9653958226
213.50; 3.6398597879; 43.9035671397
213.75; 3.6384414006; 45.5695743243
214.00; 3.6370327018; 46.9719425100
214.25; 3.6356280121; 48.1239816492
214.50; 3.6342412176; 49.0247343820
214.75; 3.6328715227; 49.6885579789
215.00; 3.6315151510; 50.1353774618
215.25; 3.6301699475; 50.3870936209
215.50; 3.6288413648; 50.4701160291
215.75; 3.6275252450; 50.4185697809
216.00; 3.6262256649; 50.2716113457
216.25; 3.6249427878; 50.0734470644
216.50; 3.6236771192; 49.8728571671
216.75; 3.6224242998; 49.7206602443
217.00; 3.6211797144; 49.6676951743
217.25; 3.6199484365; 49.7574623830
217.50; 3.6187335268; 50.0271979310
217.75; 3.6175329890; 50.5269586969
218.00; 3.6163390341; 51.2837820682
218.25; 3.6151538212; 52.3076009111
218.50; 3.6139822817; 53.5915437302
218.75; 3.6128249414; 55.1174294974
219.00; 3.6116792589; 56.8569849123
219.25; 3.6105516531; 58.7570416254
219.50; 3.6094432976; 60.7633288968
219.75; 3.6083503882; 62.8252381405
220.00; 3.6072737325; 64.8809734201
220.25; 3.6062157000; 66.8675714988
220.50; 3.6051757461; 68.7309269068
220.75; 3.6041662741; 70.4011964752
221.00; 3.6031811044; 71.8497011875
221.25; 3.6022243581; 73.0394870124
221.50; 3.6012943897; 73.9506490486
221.75; 3.6003975537; 74.5643648482
222.00; 3.5995265364; 74.8790369100
222.25; 3.5986870503; 74.8917593545
222.50; 3.5978792749; 74.6089514567
222.75; 3.5971033084; 74.0418179253
223.00; 3.5963532314; 73.1972515838
223.25; 3.5956350711; 72.0958071820
223.50; 3.5949438863; 70.7480357276
223.75; 3.5942817454; 69.1765810825
224.00; 3.5936467872; 67.3977977213
224.25; 3.5930358733; 65.4252425086
224.50; 3.5924465723; 63.2749229283
224.75; 3.5918800921; 60.9809146936
225.00; 3.5913304041; 58.5501338094
225.25; 3.5907959058; 56.0108403571
225.50; 3.5902747739; 53.3954687964
225.75; 3.5897667114; 50.7479766052
226.00; 3.5892690486; 48.1035695054
226.25; 3.5887801931; 45.4954899105
226.50; 3.5882959555; 42.9516833648
226.75; 3.5878135319; 40.5211822596
227.00; 3.5873320770; 38.2452461371
227.25; 3.5868468162; 36.1421962551
227.50; 3.5863567572; 34.2436684378
227.75; 3.5858616070; 32.5733805746
228.00; 3.5853596872; 31.1395283482
228.25; 3.5848489936; 29.9376681818
228.50; 3.5843283850; 28.9563012038
228.75; 3.5837988708; 28.1776459834
229.00; 3.5832593555; 27.5755242154
229.25; 3.5827104372; 27.1160808395
229.50; 3.5821505535; 26.7622630372
229.75; 3.5815761336; 26.4761238480
230.00; 3.5809905490; 26.2248855495
230.25; 3.5803942482; 25.9794289092
230.50; 3.5797865287; 25.7142452035
230.75; 3.5791674074; 25.4107886896
231.00; 3.5785420394; 25.0603420372
231.25; 3.5779040572; 24.6529611709
231.50; 3.5772548672; 24.1890660127
231.75; 3.5765966138; 23.6760256160
232.00; 3.5759254596; 23.1169016576
232.25; 3.5752420474; 22.5225923643
232.50; 3.5745495703; 21.9074557944
232.75; 3.5738473903; 21.2828750442
233.00; 3.5731344855; 20.6597630759
233.25; 3.5724128478; 20.0521597549
233.50; 3.5716792143; 19.4732749547
233.75; 3.5709367139; 18.9271055925
234.00; 3.5701838749; 18.4219139533
234.25; 3.5694183881; 17.9655942002
234.50; 3.5686461816; 17.5712110395
234.75; 3.5678640434; 17.2474624962
235.00; 3.5670732889; 17.0052720592
235.25; 3.5662724481; 16.8546061525
235.50; 3.5654607459; 16.8069533149
235.75; 3.5646402084; 16.8713630438
236.00; 3.5638121619; 17.0604495867
236.25; 3.5629752185; 17.3874618475
236.50; 3.5621306902; 17.8651011140
236.75; 3.5612779781; 18.5002723618
237.00; 3.5604187458; 19.3035748388
237.25; 3.5595547323; 20.2833095876
237.50; 3.5586900955; 21.4433055816
237.75; 3.5578256200; 22.7891555169
238.00; 3.5569577778; 24.3319410887
238.25; 3.5560879356; 26.0727308273
238.50; 3.5552187575; 28.0064153804
238.75; 3.5543553692; 30.1185379929
239.00; 3.5534987664; 32.3998723428
239.25; 3.5526548951; 34.8259910937
239.50; 3.5518240606; 37.3820430379
239.75; 3.5510092077; 40.0441740362
240.00; 3.5502136350; 42.7845457125
240.25; 3.5494458871; 45.5551012873
240.50; 3.5487062081; 48.3372998973
240.75; 3.5479949071; 51.1137056258
241.00; 3.5473149129; 53.8589271788
241.25; 3.5466702666; 56.5436059320
241.50; 3.5460663092; 59.1343971326
241.75; 3.5455020029; 61.6334260940
242.00; 3.5449798833; 64.0161867131
242.25; 3.5445048062; 66.2560031793
242.50; 3.5440788217; 68.3379939480
242.75; 3.5437051805; 70.2420509341
243.00; 3.5433857019; 71.9572804250
243.25; 3.5431218889; 73.4739822953
243.50; 3.5429161985; 74.7771548949
243.75; 3.5427703903; 75.8562268838
244.00; 3.5426851060; 76.7088455213
244.25; 3.5426614599; 77.3303266778
244.50; 3.5427004854; 77.7191347723
244.75; 3.5428025823; 77.8717448310
245.00; 3.5429692446; 77.7926905653
245.25; 3.5432002073; 77.4902141751
245.50; 3.5434941970; 76.9756023870
245.75; 3.5438516161; 76.2636922903
246.00; 3.5442693746; 75.3844568512
246.25; 3.5447475843; 74.3652040323
246.50; 3.5452873704; 73.2288529855
246.75; 3.5458858395; 72.0149576952
247.00; 3.5465417354; 70.7627898832
247.25; 3.5472541700; 69.5121934630
247.50; 3.5480185754; 68.3085019312
247.75; 3.5488386068; 67.1799188962
248.00; 3.5497175906; 66.1515735422
248.25; 3.5506515874; 65.2511891321
248.50; 3.5516353536; 64.4956607022
248.75; 3.5526686616; 63.8863850614
249.00; 3.5537506430; 63.4147530865
249.25; 3.5548773853; 63.0625841207
249.50; 3.5560615780; 62.7982337636
249.75; 3.5572997039; 62.5877622264
250.00; 3.5585876779; 62.3917159349
250.25; 3.5599251046; 62.1684574564
250.50; 3.5613111151; 61.8754080491
250.75; 3.5627447313; 61.4726242010
251.00; 3.5642254376; 60.9238711306
251.25; 3.5657550063; 60.2002868510
251.50; 3.5673315439; 59.2752631596
251.75; 3.5689572480; 58.1233104029
252.00; 3.5706272587; 56.7321817570
252.25; 3.5723352630; 55.0975428903
252.50; 3.5740936044; 53.2019927267
252.75; 3.5758995095; 51.0461262325
253.00; 3.5777489781; 48.6375365468
253.25; 3.5796335659; 45.9925687344
253.50; 3.5815652314; 43.1025866785
253.75; 3.5835211889; 40.0142661868
254.00; 3.5855039765; 36.7397222904
254.25; 3.5875109004; 33.3021755224
254.50; 3.5895404796; 29.7245435804
254.75; 3.5915797857; 26.0525381377
255.00; 3.5936362116; 22.2991576508
255.25; 3.5957007161; 18.5076942436
255.50; 3.5977643903; 14.7209606353
255.75; 3.5998369038; 10.9483981726
256.00; 3.6019124271; 7.2272218860
256.25; 3.6039809643; 3.6015294508
256.50; 3.6060405045; 0.0967993772
256.75; 3.6080804135; -3.2479749136
257.00; 3.6101026966; -6.4205968694
257.25; 3.6121025215; -9.4031733425
257.50; 3.6140732448; -12.1810773418
257.75; 3.6160362752; -14.7844660757
258.00; 3.6179736764; -17.1946271368
258.25; 3.6198861200; -19.4235673445
258.50; 3.6217577281; -21.4685826772
258.75; 3.6235936680; -23.3537383976
259.00; 3.6253970817; -25.1028257340
259.25; 3.6271684876; -26.7356342220
259.50; 3.6289001917; -28.2626070232
259.75; 3.6305885426; -29.6941367464
260.00; 3.6322314975; -31.0384992190
260.25; 3.6338312257; -32.3020444521
260.50; 3.6353863808; -33.4864882059
260.75; 3.6368957879; -34.5882851556
261.00; 3.6383512438; -35.5957027140
261.25; 3.6397552184; -36.5022066144
261.50; 3.6411083628; -37.2981456180
261.75; 3.6424079954; -37.9709948132
262.00; 3.6436608079; -38.5132948366
262.25; 3.6448585370; -38.9113338457
262.50; 3.6460049159; -39.1575747131
262.75; 3.6470926884; -39.2434205791
263.00; 3.6481259206; -39.1643211799
263.25; 3.6491006402; -38.9178094555
263.50; 3.6500161997; -38.5036887744
263.75; 3.6508759357; -37.9220150901
264.00; 3.6516817298; -37.1747054495
264.25; 3.6524289568; -36.2719290481
264.50; 3.6531206093; -35.2187607304
264.75; 3.6537617487; -34.0170934337
265.00; 3.6543488589; -32.6848550621
265.25; 3.6548795835; -31.2398242118
265.50; 3.6553571914; -29.6914052505
265.75; 3.6557857955; -28.0430249683
266.00; 3.6561656227; -26.3045047804
266.25; 3.6564961011; -24.4988795317
266.50; 3.6567796614; -22.6297729835
266.75; 3.6570175746; -20.7052201281
267.00; 3.6572112147; -18.7308782608
267.25; 3.6573621561; -16.7097048711
267.50; 3.6574725397; -14.6358414822
267.75; 3.6575439664; -12.5113338808
268.00; 3.6575783035; -10.3364123105
268.25; 3.6575776429; -8.1074042869
268.50; 3.6575440921; -5.8101943940
268.75; 3.6574799253; -3.4474456837
269.00; 3.6573870383; -1.0032042030
269.25; 3.6572681798; 1.5136137998
269.50; 3.6571259359; 4.1009119186
269.75; 3.6569626291; 6.7618216680
270.00; 3.6567817148; 9.4793747788
270.25; 3.6565854943; 12.2537971967
270.50; 3.6563762838; 15.0827209563
270.75; 3.6561573387; 17.9487097721
271.00; 3.6559314626; 20.8382152787
271.25; 3.6557012563; 23.7377931597
271.50; 3.6554693372; 26.6333180199
271.75; 3.6552382584; 29.5046233141
272.00; 3.6550106714; 32.3289627490
272.25; 3.6547894562; 35.0815773573
272.50; 3.6545756154; 37.7543336696
272.75; 3.6543730014; 40.3045906372
273.00; 3.6541836367; 42.7102551015
273.25; 3.6540088384; 44.9570266505
273.50; 3.6538491279; 47.0406605928
273.75; 3.6537075705; 48.9231615662
274.00; 3.6535854477; 50.5911791712
274.25; 3.6534828583; 52.0487883201
274.50; 3.6534011064; 53.2818785614
274.75; 3.6533408162; 54.2894705621
275.00; 3.6533021418; 55.0822233976
275.25; 3.6532855272; 55.6667425375
275.50; 3.6532909493; 56.0660789459
275.75; 3.6533183074; 56.3007794765
276.00; 3.6533674176; 56.4015055125
276.25; 3.6534380242; 56.4024633519
276.50; 3.6535298191; 56.3384528351
276.75; 3.6536421360; 56.2450605351
277.00; 3.6537746560; 56.1560768105
277.25; 3.6539270324; 56.1010178311
277.50; 3.6541008485; 56.1029841774
277.75; 3.6542958290; 56.1794090384
278.00; 3.6545112714; 56.3403582846
278.25; 3.6547478699; 56.5847232473
278.50; 3.6550062521; 56.9048053007
278.75; 3.6552851981; 57.2878189741
279.00; 3.6555869639; 57.7173072079
279.25; 3.6559096041; 58.1679016003
279.50; 3.6562542889; 58.6167827912
279.75; 3.6566204725; 59.0393100026
280.00; 3.6570066626; 59.4114165885
280.25; 3.6574167238; 59.7167471505
280.50; 3.6578494449; 59.9325993734
280.75; 3.6583026795; 60.0422385145
281.00; 3.6587765448; 60.0329115670
281.25; 3.6592726355; 59.8916671054
281.50; 3.6597904603; 59.6138375544
281.75; 3.6603281557; 59.1936946409
282.00; 3.6608867356; 58.6259180715
282.25; 3.6614678806; 57.9040732565
282.50; 3.6620693708; 57.0262897797
282.75; 3.6626880181; 55.9966829474
283.00; 3.6633215623; 54.8177521172
283.25; 3.6639667679; 53.4966946598
283.50; 3.6646228569; 52.0393333825
283.75; 3.6652905537; 50.4495529072
284.00; 3.6659651599; 48.7448351449
284.25; 3.6666472844; 46.9326960301
284.50; 3.6673312933; 45.0418193382
284.75; 3.6680182248; 43.0824241544
285.00; 3.6687075446; 41.0723785974
285.25; 3.6693945838; 39.0452215372
285.50; 3.6700799794; 37.0212160540
285.75; 3.6707551483; 35.0488224157
286.00; 3.6714220349; 33.1466374303
286.25; 3.6720752609; 31.3529938817
286.50; 3.6727129194; 29.6940868971
286.75; 3.6733356529; 28.1858942884
287.00; 3.6739389697; 26.8528961653
287.25; 3.6745226253; 25.7028720943
287.50; 3.6750863341; 24.7388590670
287.75; 3.6756285598; 23.9619883994
288.00; 3.6761442627; 23.3728323451
288.25; 3.6766361707; 22.9552420527
288.50; 3.6771021608; 22.7006222763
288.75; 3.6775437990; 22.5976323122
289.00; 3.6779594373; 22.6340624001
289.25; 3.6783497265; 22.7980898176
289.50; 3.6787143924; 23.0799062680
289.75; 3.6790517227; 23.4698116002
290.00; 3.6793628895; 23.9611576210
290.25; 3.6796497845; 24.5512463396
290.50; 3.6799114282; 25.2341945350
290.75; 3.6801487269; 26.0086854870
291.00; 3.6803611371; 26.8697930571
291.25; 3.6805481949; 27.8113594012
291.50; 3.6807097813; 28.8277321523
291.75; 3.6808474807; 29.9203572037
292.00; 3.6809614077; 31.0874776627
292.25; 3.6810519807; 32.3271370278
292.50; 3.6811192138; 33.6323548568
292.75; 3.6811639628; 35.0037445179
293.00; 3.6811863788; 36.4270804936
293.25; 3.6811869979; 37.9087859433
293.50; 3.6811663033; 39.4387740389
293.75; 3.6811248074; 41.0166709177
294.00; 3.6810631737; 42.6367941223
294.25; 3.6809819704; 44.2996429023
294.50; 3.6808822101; 46.0006888119
294.75; 3.6807649536; 47.7426497743
295.00; 3.6806310241; 49.5245197848
295.25; 3.6804811021; 51.3507598443
295.50; 3.6803167264; 53.2193537068
295.75; 3.6801394838; 55.1277656659
296.00; 3.6799491801; 57.0862100273
296.25; 3.6797471323; 59.0916757756
296.50; 3.6795351489; 61.1411704607
296.75; 3.6793149610; 63.2195304835
297.00; 3.6790879621; 65.3136695357
297.25; 3.6788569109; 67.4081965651
297.50; 3.6786227613; 69.4954692052
297.75; 3.6783866396; 71.5615902907
298.00; 3.6781508898; 73.5856162920
298.25; 3.6779168869; 75.5609620337
298.50; 3.6776857729; 77.4834423145
298.75; 3.6774598771; 79.3243546975
299.00; 3.6772407471; 81.0708605442
299.25; 3.6770287750; 82.7243067641
299.50; 3.6768259108; 84.2746147847
299.75; 3.6766334733; 85.7161709938
300.00; 3.6764517967; 87.0511440186
300.25; 3.6762813882; 88.2790157137
300.50; 3.6761227147; 89.3975032607
300.75; 3.6759768773; 90.4072005411
301.00; 3.6758436189; 91.3097855789
301.25; 3.6757236920; 92.1027056363
301.50; 3.6756167792; 92.7908557691
301.75; 3.6755231687; 93.3742164968
302.00; 3.6754430555; 93.8529126475
302.25; 3.6753769789; 94.2275073379
302.50; 3.6753245537; 94.5001826865
302.75; 3.6752852415; 94.6756414924
303.00; 3.6752588258; 94.7548438877
303.25; 3.6752451183; 94.7418077229
303.50; 3.6752436744; 94.6384345874
303.75; 3.6752539846; 94.4497957961
304.00; 3.6752756167; 94.1810401285
304.25; 3.6753080648; 93.8412293518
304.50; 3.6753508203; 93.4424795562
304.75; 3.6754029111; 93.0027894437
305.00; 3.6754639345; 92.5323634511
305.25; 3.6755332357; 92.0519075761
305.50; 3.6756103405; 91.5719751676
305.75; 3.6756945308; 91.1079029728
306.00; 3.6757853693; 90.6719466515
306.25; 3.6758832022; 90.2717245278
306.50; 3.6759873390; 89.9171903773
306.75; 3.6760972932; 89.6126040278
307.00; 3.6762135041; 89.3585043699
307.25; 3.6763355664; 89.1487354416
307.50; 3.6764634772; 88.9754781857
307.75; 3.6765971014; 88.8292777641
308.00; 3.6767356452; 88.6965996334
308.25; 3.6768796549; 88.5612126173
308.50; 3.6770289677; 88.4066430178
308.75; 3.6771844178; 88.2148451349
309.00; 3.6773442270; 87.9711712817
309.25; 3.6775094971; 87.6575359266
309.50; 3.6776789508; 87.2609993616
309.75; 3.6778523710; 86.7674166272
310.00; 3.6780302166; 86.1626429678
310.25; 3.6782123477; 85.4352218286
310.50; 3.6783977387; 84.5797114324
310.75; 3.6785851750; 83.5897368875
311.00; 3.6787735281; 82.4637795637
311.25; 3.6789615571; 81.1989459705
311.50; 3.6791484237; 79.7932012691
311.75; 3.6793323926; 78.2523526456
312.00; 3.6795126481; 76.5748583722
312.25; 3.6796866606; 74.7759831425
312.50; 3.6798534470; 72.8577739771
312.75; 3.6800123407; 70.8178279710
313.00; 3.6801610668; 68.6742338409
313.25; 3.6802973300; 66.4490571423
313.50; 3.6804197569; 64.1535546733
313.75; 3.6805266253; 61.8059549463
314.00; 3.6806158648; 59.4349343236
314.25; 3.6806859022; 57.0557243817
314.50; 3.6807351118; 54.6936851846
314.75; 3.6807616950; 52.3893110145
315.00; 3.6807641768; 50.1698570891
315.25; 3.6807411747; 48.0617076695
315.50; 3.6806915110; 46.0959157332
315.75; 3.6806141223; 44.2942298536
316.00; 3.6805080307; 42.6720217659
316.25; 3.6803723774; 41.2388093136
316.50; 3.6802068592; 40.0039639627
316.75; 3.6800111155; 38.9681841400
317.00; 3.6797849530; 38.1260720672
317.25; 3.6795276499; 37.4649277092
317.50; 3.6792390548; 36.9710167784
317.75; 3.6789184298; 36.6245413183
318.00; 3.6785674659; 36.4083002864
318.25; 3.6781853024; 36.3017745159
318.50; 3.6777736321; 36.2857229490
318.75; 3.6773312133; 36.3412764774
319.00; 3.6768583570; 36.4512853751
319.25; 3.6763561288; 36.5993023149
319.50; 3.6758261535; 36.7706769296
319.75; 3.6752676397; 36.9528485855
320.00; 3.6746829158; 37.1328265870
320.25; 3.6740726727; 37.2993665140
320.50; 3.6734353476; 37.4445157546
320.75; 3.6727759036; 37.5583305314
321.00; 3.6720909328; 37.6336468936
321.25; 3.6713847706; 37.6642454550
321.50; 3.6706516398; 37.6461437558
321.75; 3.6698936829; 37.5752142052
322.00; 3.6691157378; 37.4490758393
322.25; 3.6683146242; 37.2672932616
322.50; 3.6674910107; 37.0305386329
322.75; 3.6666417842; 36.7422044792
323.00; 3.6657704808; 36.4094251872
323.25; 3.6648791902; 36.0439249942
323.50; 3.6639649050; 35.6586951787
323.75; 3.6630313826; 35.2728046593
324.00; 3.6620789708; 34.9068577308
324.25; 3.6611053859; 34.5830541348
324.50; 3.6601139048; 34.3200314512
324.75; 3.6591039229; 34.1493585822
325.00; 3.6580733375; 34.1009510808
325.25; 3.6570255876; 34.2010525143
325.50; 3.6559568875; 34.4750163010
325.75; 3.6548738857; 34.9430416109
326.00; 3.6537780718; 35.6222448782
326.25; 3.6526745695; 36.5228087578
326.50; 3.6515588536; 37.6551528645
326.75; 3.6504365229; 39.0146265468
327.00; 3.6492985148; 40.6081566520
327.25; 3.6481543191; 42.4134541730
327.50; 3.6470061887; 44.4120694106
327.75; 3.6458573839; 46.5780207337
328.00; 3.6447009467; 48.9007007775
328.25; 3.6435476361; 51.3379779303
328.50; 3.6423912482; 53.8821513986
328.75; 3.6412437002; 56.4600027697
329.00; 3.6401100546; 59.0286317477
329.25; 3.6389908088; 61.5560903253
329.50; 3.6378870633; 64.0104275445
329.75; 3.6367981422; 66.3652677700
330.00; 3.6357270434; 68.5884787402
330.25; 3.6346815703; 70.6409287981
330.50; 3.6336584917; 72.5083916609
330.75; 3.6326626629; 74.1636560833
331.00; 3.6316914559; 75.5934921174
331.25; 3.6307482599; 76.7782630336
331.50; 3.6298401254; 77.6973751258
331.75; 3.6289609807; 78.3481014140
332.00; 3.6281165141; 78.7212713613
332.25; 3.6273020591; 78.8175012560
332.50; 3.6265179808; 78.6385390955
332.75; 3.6257672353; 78.1951405238
333.00; 3.6250489262; 77.5018533411
333.25; 3.6243667718; 76.5820955919
333.50; 3.6237148094; 75.4547860803
333.75; 3.6230921372; 74.1491503949
334.00; 3.6224978071; 72.6982622820
334.25; 3.6219309133; 71.1409848172
334.50; 3.6213928488; 69.5279866983
334.75; 3.6208842492; 67.9091405534
335.00; 3.6204008545; 66.3192603627
335.25; 3.6199409392; 64.7988044393
335.50; 3.6195053951; 63.3916442468
335.75; 3.6190914221; 62.1249732007
336.00; 3.6187004246; 61.0317147629
336.25; 3.6183305632; 60.1315945770
336.50; 3.6179807495; 59.4384620253
336.75; 3.6176516620; 58.9440723223
337.00; 3.6173409060; 58.6358128982
337.25; 3.6170504077; 58.4998266106
337.50; 3.6167785080; 58.5122383690
337.75; 3.6165252923; 58.6464056211
338.00; 3.6162895152; 58.8717194070
338.25; 3.6160710383; 59.1571853510
338.50; 3.6158699726; 59.4716885134
338.75; 3.6156843979; 59.7885715055
339.00; 3.6155156544; 60.0789552673
339.25; 3.6153616691; 60.3211524680
339.50; 3.6152234975; 60.4886123220
339.75; 3.6151004986; 60.5713827804
340.00; 3.6149920174; 60.5549605372
340.25; 3.6148968291; 60.4269159813
340.50; 3.6148147096; 60.1775946594
340.75; 3.6147446172; 59.7982334303
341.00; 3.6146848895; 59.2788835601
341.25; 3.6146349857; 58.6192034341
341.50; 3.6145933548; 57.8112976324
341.75; 3.6145589806; 56.8583179341
342.00; 3.6145305482; 55.7703403234
342.25; 3.6145064006; 54.5455345268
342.50; 3.6144851255; 53.1997634367
342.75; 3.6144650907; 51.7418360022
343.00; 3.6144446488; 50.1891142348
343.25; 3.6144219833; 48.5566901757
343.50; 3.6143953718; 46.8696567112
343.75; 3.6143629927; 45.1510302700
344.00; 3.6143229623; 43.4233635961
344.25; 3.6142738028; 41.7265535843
344.50; 3.6142136137; 40.0817454006
344.75; 3.6141404702; 38.5104511676
345.00; 3.6140529106; 37.0411730390
345.25; 3.6139493556; 35.6951724118
345.50; 3.6138284135; 34.4910452443
345.75; 3.6136882902; 33.4368278002
346.00; 3.6135283419; 32.5478688096
346.25; 3.6133461552; 31.8225623888
346.50; 3.6131411003; 31.2655194243
346.75; 3.6129122707; 30.8758338501
347.00; 3.6126595891; 30.6512767837
347.25; 3.6123826293; 30.5874226960
347.50; 3.6120803687; 30.6791903472
347.75; 3.6117513936; 30.9217674911
348.00; 3.6113959035; 31.3096256371
348.25; 3.6110119025; 31.8400201974
348.50; 3.6105974229; 32.5110816496
348.75; 3.6101531662; 33.3166113478
349.00; 3.6096818067; 34.2454901516
349.25; 3.6091822855; 35.2924967176
349.50; 3.6086553544; 36.4471654329
349.75; 3.6081029365; 37.6930794838
350.00; 3.6075238478; 39.0190105909
350.25; 3.6069179453; 40.4094382971
350.50; 3.6062852655; 41.8473795474
350.75; 3.6056276026; 43.3107963971
351.00; 3.6049446223; 44.7709369870
351.25; 3.6042383601; 46.1827174297
351.50; 3.6035100435; 47.5569755196
351.75; 3.6027595690; 48.8777875305
352.00; 3.6019849030; 50.1347470713
352.25; 3.6011858106; 51.3174050318
352.50; 3.6003666221; 52.4125964814
352.75; 3.5995301666; 53.4144818550
353.00; 3.5986755722; 54.3270079958
353.25; 3.5978025925; 55.1579833747
353.50; 3.5969163709; 55.9145047666
353.75; 3.5960181008; 56.6122516432
354.00; 3.5951130891; 57.2682410339
354.25; 3.5941955235; 57.9101192569
354.50; 3.5932637499; 58.5641103854
354.75; 3.5923206394; 59.2535579827
355.00; 3.5913671070; 60.0025035085
355.25; 3.5904057342; 60.8310255855
355.50; 3.5894358367; 61.7581314102
355.75; 3.5884610365; 62.7937897985
356.00; 3.5874776982; 63.9494097217
356.25; 3.5864959905; 65.2137200173
356.50; 3.5855094145; 66.5889167580
356.75; 3.5845211113; 68.0580006127
357.00; 3.5835324362; 69.6003306447
357.25; 3.5825402786; 71.1976663659
357.50; 3.5815477619; 72.8181610665
357.75; 3.5805574443; 74.4286727874
358.00; 3.5795702729; 75.9984091050
358.25; 3.5785922043; 77.4892068944
358.50; 3.5776240269; 78.8739000458
358.75; 3.5766612223; 80.1346505147
359.00; 3.5756990435; 81.2562261556
359.25; 3.5747394717; 82.2178681445
359.50; 3.5737898150; 82.9976850805
359.75; 3.5728510289; 83.5846455374
360.00; 3.5719226988; 83.9715077719
360.25; 3.5710042020; 84.1535733809
360.50; 3.5700947497; 84.1299399215
360.75; 3.5691933586; 83.9015391088
361.00; 3.5683005468; 83.4711737818
361.25; 3.5674200821; 82.8469905075
361.50; 3.5665481677; 82.0372209581
361.75; 3.5656865202; 81.0570629584
362.00; 3.5648342702; 79.9225549352
362.25; 3.5639925922; 78.6563648216
362.50; 3.5631619535; 77.2841128915
362.75; 3.5623357934; 75.8226280502
363.00; 3.5615166565; 74.3068268309
363.25; 3.5606957648; 72.7537630393
363.50; 3.5598758793; 71.2038331225
363.75; 3.5590578082; 69.6984525558
364.00; 3.5582356363; 68.2607712375
364.25; 3.5574144857; 66.9368892258
364.50; 3.5565909015; 65.7550940345
364.75; 3.5557674327; 64.7506338645
365.00; 3.5549385341; 63.9443327056
365.25; 3.5541066101; 63.3594521888
365.50; 3.5532691796; 63.0096058849
365.75; 3.5524318033; 62.8809946161
366.00; 3.5515900948; 62.9815491081
366.25; 3.5507465703; 63.3222537856
366.50; 3.5499049427; 63.8866186532
366.75; 3.5490603699; 64.6587186065
367.00; 3.5482126733; 65.6157204779
367.25; 3.5473650528; 66.7280217245
367.50; 3.5465201176; 67.9642237292
367.75; 3.5456775607; 69.2968267627
368.00; 3.5448378863; 70.6986751912
368.25; 3.5440005147; 72.1453749301
368.50; 3.5431677056; 73.6088591341
368.75; 3.5423381190; 75.0708550615
369.00; 3.5415154094; 76.5054860586
369.25; 3.5406992673; 77.8962223273
369.50; 3.5398946937; 79.2193541193
369.75; 3.5391003651; 80.4639671959
370.00; 3.5383175163; 81.6166576479
370.25; 3.5375433405; 82.6708816891
370.50; 3.5367843747; 83.6095310151
370.75; 3.5360429634; 84.4232068384
371.00; 3.5353142798; 85.1128984185
371.25; 3.5346009073; 85.6732115030
371.50; 3.5339067608; 86.1006153286
371.75; 3.5332325813; 86.3960880732
372.00; 3.5325783890; 86.5630926991
372.25; 3.5319412036; 86.6078751995
372.50; 3.5313237356; 86.5379605860
372.75; 3.5307262731; 86.3639513442
373.00; 3.5301496121; 86.0992618225
373.25; 3.5295942553; 85.7595603869
373.50; 3.5290604815; 85.3629952130
373.75; 3.5285464739; 84.9287741683
374.00; 3.5280571699; 84.4843709498
374.25; 3.5275911443; 84.0501516235
374.50; 3.5271462699; 83.6474892962
374.75; 3.5267234537; 83.3002339954
375.00; 3.5263211778; 83.0292084943
375.25; 3.5259389267; 82.8534766752
375.50; 3.5255792130; 82.7896003877
375.75; 3.5252391562; 82.8478506727
376.00; 3.5249210432; 83.0331697184
376.25; 3.5246241180; 83.3451998182
376.50; 3.5243476151; 83.7671081674
376.75; 3.5240936697; 84.2941387473
377.00; 3.5238632884; 84.9059062534
377.25; 3.5236565244; 85.5785990019
377.50; 3.5234731844; 86.2854505940
377.75; 3.5233146956; 86.9908285155
378.00; 3.5231823358; 87.6566669402
378.25; 3.5230762166; 88.2491495959
378.50; 3.5229971864; 88.7323306382
378.75; 3.5229455918; 89.0735080054
379.00; 3.5229218436; 89.2375205328
379.25; 3.5229262980; 89.1942602680
379.50; 3.5229590832; 88.9203791868
379.75; 3.5230202001; 88.3977166783
380.00; 3.5231095286; 87.6128352695
380.25; 3.5232264960; 86.5598863738
380.50; 3.5233700659; 85.2393224161
380.75; 3.5235395855; 83.6527083892
381.00; 3.5237343142; 81.8055072857
381.25; 3.5239528921; 79.7118683637
381.50; 3.5241943272; 77.3835509365
381.75; 3.5244560718; 74.8506071931
382.00; 3.5247370048; 72.1329972074
382.25; 3.5250342272; 69.2677019334
382.50; 3.5253471189; 66.2721170805
382.75; 3.5256740785; 63.1739392993
383.00; 3.5260135537; 60.0018433663
383.25; 3.5263616263; 56.8086239663
383.50; 3.5267156448; 53.6336790085
383.75; 3.5270740028; 50.5094294682
384.00; 3.5274332833; 47.4855841473
384.25; 3.5277908646; 44.5961874629
384.50; 3.5281455116; 41.8661890188
384.75; 3.5284945673; 39.3287092319
385.00; 3.5288365027; 37.0003399025
385.25; 3.5291696091; 34.9007275334
385.50; 3.5294919870; 33.0430543903
385.75; 3.5298021114; 31.4315163882
386.00; 3.5300996494; 30.0588881571
386.25; 3.5303823079; 28.9188355637
386.50; 3.5306498567; 27.9912652725
386.75; 3.5309009051; 27.2574777886
387.00; 3.5311350549; 26.6912193261
387.25; 3.5313529983; 26.2627282531
387.50; 3.5315542677; 25.9431184443
387.75; 3.5317376635; 25.7047833297
388.00; 3.5319024606; 25.5193350975
388.25; 3.5320483222; 25.3587025038
388.50; 3.5321757013; 25.2010613757
388.75; 3.5322842965; 25.0263049547
389.00; 3.5323744504; 24.8158830142
389.25; 3.5324457924; 24.5595899313
389.50; 3.5324979458; 24.2499445758
389.75; 3.5325308996; 23.8815565677
390.00; 3.5325447276; 23.4494992663
390.25; 3.5325390209; 22.9599949449
390.50; 3.5325136081; 22.4192331380
390.75; 3.5324680326; 21.8302951450
391.00; 3.5324020199; 21.2026441835
391.25; 3.5323151891; 20.5460427084
391.50; 3.5322074357; 19.8742196786
391.75; 3.5320790682; 19.2048026053
392.00; 3.5319288373; 18.5445508803
392.25; 3.5317564825; 17.9091646808
392.50; 3.5315621177; 17.3168021702
392.75; 3.5313445529; 16.7796833900
393.00; 3.5311027440; 16.3155951360
393.25; 3.5308365781; 15.9412062632
393.50; 3.5305467287; 15.6770072004
393.75; 3.5302327879; 15.5399665025
394.00; 3.5298945810; 15.5485287711
394.25; 3.5295323383; 15.7204567574
394.50; 3.5291448538; 16.0732910841
394.75; 3.5287337822; 16.6204080934
395.00; 3.5282999715; 17.3720586136
395.25; 3.5278425689; 18.3395827545
395.50; 3.5273617038; 19.5288309757
395.75; 3.5268599511; 20.9367843839
396.00; 3.5263379826; 22.5613051671
396.25; 3.5257961504; 24.3976641885
396.50; 3.5252379464; 26.4266414129
396.75; 3.5246644956; 28.6320640668
397.00; 3.5240774939; 30.9930128059
397.25; 3.5234771254; 33.4906527110
397.50; 3.5228668609; 36.0890910223
397.75; 3.5222489022; 38.7547307116
398.00; 3.5216257773; 41.4508108993
398.25; 3.5210010761; 44.1343707426
398.50; 3.5203737456; 46.7826112044
398.75; 3.5197448687; 49.3673477537
399.00; 3.5191180960; 51.8434604964
399.25; 3.5184938378; 54.1840393377
399.50; 3.5178773560; 56.3475497846
399.75; 3.5172723883; 58.3014779093
400.00; 3.5166790945; 60.0282796811
400.25; 3.5160977814; 61.5155675501
400.50; 3.5155289497; 62.7505562756
400.75; 3.5149758734; 63.7177371860
401.00; 3.5144380139; 64.3948510606
401.25; 3.5139176033; 64.7880179824
401.50; 3.5134125779; 64.9172345085
401.75; 3.5129260053; 64.7945457394
402.00; 3.5124600351; 64.4366963903
402.25; 3.5120103278; 63.8624652051
402.50; 3.5115757042; 63.0956077639
402.75; 3.5111539259; 62.1638777744
403.00; 3.5107470846; 61.1096004488
403.25; 3.5103536167; 59.9771276379
403.50; 3.5099714775; 58.8088341832
403.75; 3.5096015916; 57.6567219916
404.00; 3.5092392313; 56.5565894648
404.25; 3.5088836748; 55.5554141436
404.50; 3.5085327564; 54.6928382363
404.75; 3.5081861671; 54.0079457228
405.00; 3.5078430271; 53.5359367897
405.25; 3.5075040995; 53.3039334507
405.50; 3.5071661942; 53.3256858259
405.75; 3.5068304564; 53.6058505604
406.00; 3.5064966831; 54.1430431984
406.25; 3.5061642189; 54.9258451457
406.50; 3.5058326407; 55.9350347944
406.75; 3.5055012699; 57.1447104975
407.00; 3.5051734871; 58.5066055142
407.25; 3.5048485238; 59.9823483507
407.50; 3.5045283636; 61.5179846210
407.75; 3.5042157680; 63.0524825709
408.00; 3.5039097105; 64.5431854110
408.25; 3.5036122936; 65.9342669225
408.50; 3.5033247321; 67.1774705562
408.75; 3.5030494394; 68.2236254189
409.00; 3.5027868131; 69.0373323780
409.25; 3.5025367441; 69.5882953794
409.50; 3.5023017255; 69.8482747082
409.75; 3.5020814493; 69.7988728866
410.00; 3.5018762636; 69.4301807719
410.25; 3.5016856494; 68.7378158388
410.50; 3.5015088670; 67.7199129355
410.75; 3.5013449613; 66.3794550378
411.00; 3.5011927114; 64.7207033183
411.25; 3.5010507019; 62.7363088079
411.50; 3.5009176947; 60.4743743459
411.75; 3.5007916250; 57.9558636078
412.00; 3.5006701942; 55.2075374444
412.25; 3.5005508365; 52.2559393312
412.50; 3.5004310729; 49.1408106330
412.75; 3.5003089957; 45.9264434706
413.00; 3.5001814347; 42.6457128398
413.25; 3.5000446806; 39.3237538215
413.50; 3.4998961855; 36.0285334841
413.75; 3.4997327627; 32.8093275211
414.00; 3.4995503792; 29.6956046208
414.25; 3.4993462776; 26.7396000324
414.50; 3.4991191186; 24.0071838046
414.75; 3.4988655765; 21.5281621983
415.00; 3.4985820392; 19.3247369011
415.25; 3.4982684409; 17.4382467334
415.50; 3.4979221387; 15.8779764600
415.75; 3.4975394526; 14.6406091885
416.00; 3.4971209235; 13.7333205647
416.25; 3.4966648767; 13.1371911184
416.50; 3.4961712310; 12.8230673613
416.75; 3.4956370538; 12.7568092497
417.00; 3.4950646694; 12.9002766811
417.25; 3.4944492269; 13.2129168940
417.50; 3.4937949886; 13.6497178817
417.75; 3.4931026264; 14.1683684484
418.00; 3.4923720297; 14.7297544552
418.25; 3.4916049477; 15.2978216064
418.50; 3.4907991530; 15.8443022481
418.75; 3.4899587785; 16.3431532827
419.00; 3.4890836127; 16.7752523652
419.25; 3.4881734406; 17.1274710679
419.50; 3.4872244612; 17.3912974058
419.75; 3.4862388440; 17.5607079626
420.00; 3.4852196659; 17.6330672658
420.25; 3.4841684669; 17.6082902392
420.50; 3.4830830541; 17.4889417298
420.75; 3.4819572648; 17.2777642577
421.00; 3.4807938225; 16.9819676969
421.25; 3.4795862622; 16.6065910203
421.50; 3.4783403006; 16.1617950380
421.75; 3.4770570189; 15.6577870645
422.00; 3.4757322495; 15.1047302715
422.25; 3.4743733487; 14.5193707155
422.50; 3.4729808637; 13.9170130614
422.75; 3.4715498755; 13.3113044632
423.00; 3.4700878462; 12.7227275276
423.25; 3.4685863325; 12.1662622439
423.50; 3.4670480045; 11.6613382683
423.75; 3.4654692176; 11.2246952150
424.00; 3.4638415275; 10.8712671463
424.25; 3.4621760432; 10.6188760752
424.50; 3.4604633645; 10.4774602045
424.75; 3.4587046203; 10.4563469937
425.00; 3.4569088005; 10.5591134988
425.25; 3.4550672661; 10.7855287947
425.50; 3.4531761996; 11.1310272253
425.75; 3.4512493395; 11.5844686006
426.00; 3.4492812540; 12.1341089361
426.25; 3.4472697998; 12.7651760933
426.50; 3.4452234736; 13.4620259684
426.75; 3.4431383602; 14.2081316832
427.00; 3.4410104109; 14.9897227778
427.25; 3.4388496140; 15.7905722414
427.50; 3.4366561584; 16.6012814808
427.75; 3.4344220753; 17.4164098268
428.00; 3.4321603431; 18.2239792578
428.25; 3.4298617969; 19.0220253399
428.50; 3.4275368015; 19.8022471854
428.75; 3.4251992922; 20.5548885803
429.00; 3.4228341947; 21.2792487697
429.25; 3.4204397809; 21.9718910360
429.50; 3.4180144534; 22.6279435297
429.75; 3.4155636415; 23.2396694292
430.00; 3.4130877746; 23.8012092544
430.25; 3.4105930866; 24.3049460895
430.50; 3.4080830186; 24.7437571375
430.75; 3.4055510703; 25.1131714403
431.00; 3.4030001732; 25.4089587670
431.25; 3.4004334286; 25.6207873655
431.50; 3.3978425502; 25.7430584326
431.75; 3.3952350826; 25.7705399754
432.00; 3.3926097614; 25.6994221451
432.25; 3.3899558765; 25.5265442741
432.50; 3.3872873255; 25.2531274170
432.75; 3.3846035227; 24.8805460086
433.00; 3.3818884218; 24.4110806099
433.25; 3.3791595730; 23.8570392609
433.50; 3.3764253097; 23.2346646243
433.75; 3.3736774302; 22.5614150877
434.00; 3.3709111464; 21.8609970639
434.25; 3.3681211626; 21.1620296564
434.50; 3.3653164437; 20.5014595660
434.75; 3.3625039327; 19.9188246855
435.00; 3.3596670144; 19.4507858166
435.25; 3.3568255594; 19.1407771537
435.50; 3.3539652052; 19.0254085415
435.75; 3.3510914380; 19.1408290812
436.00; 3.3481960336; 19.5147123124
436.25; 3.3452965150; 20.1631758760
436.50; 3.3423798802; 21.0990065065
436.75; 3.3394593632; 22.3177802022
437.00; 3.3365303330; 23.8089224676
437.25; 3.3335945279; 25.5471524579
437.50; 3.3306491132; 27.5037895842
437.75; 3.3277027734; 29.6346296041
438.00; 3.3247653604; 31.8872336342
438.25; 3.3218299543; 34.2180437717
438.50; 3.3189054814; 36.5704900746
438.75; 3.3159898012; 38.8977096267
439.00; 3.3131090695; 41.1327102373
439.25; 3.3102518246; 43.2412603080
439.50; 3.3074102014; 45.1901633275
439.75; 3.3045862224; 46.9427024609
440.00; 3.3017864369; 48.4640097696
440.25; 3.2990135224; 49.7268286390
440.50; 3.2962610873; 50.7130330422
440.75; 3.2935355140; 51.4026536206
441.00; 3.2908503040; 51.7790125056
441.25; 3.2881942290; 51.8341086282
441.50; 3.2855756045; 51.5615582301
441.75; 3.2829968825; 50.9605227344
442.00; 3.2804521594; 50.0317532808
442.25; 3.2779455044; 48.7839992949
442.50; 3.2754748549; 47.2291786457
442.75; 3.2730437401; 45.3890257202
443.00; 3.2706542496; 43.2914793869
443.25; 3.2682837375; 40.9493992074
443.50; 3.2659323904; 38.4024268148
443.75; 3.2636119199; 35.7100927229
444.00; 3.2613068069; 32.9061231179
444.25; 3.2590212522; 30.0542318723
444.50; 3.2567618374; 27.2233956593
444.75; 3.2545152700; 24.4587432122
445.00; 3.2522880505; 21.8266218577
445.25; 3.2500677365; 19.3650937641
445.50; 3.2478639066; 17.1337427829
445.75; 3.2456685076; 15.1608497548
446.00; 3.2434801288; 13.4706704629
446.25; 3.2412932972; 12.0718025673
446.50; 3.2391166605; 10.9678715194
446.75; 3.2369415181; 10.1400379000
447.00; 3.2347684114; 9.5621223602
447.25; 3.2326094986; 9.2042393969
447.50; 3.2304533521; 9.0219099057
447.75; 3.2283113552; 8.9715212907
448.00; 3.2261662449; 9.0025271088
448.25; 3.2240173630; 9.0746400109
448.50; 3.2218837301; 9.1444240503
448.75; 3.2197568764; 9.1836271443
449.00; 3.2176451189; 9.1688223647
449.25; 3.2155551541; 9.0777210510
449.50; 3.2134775813; 8.8950929257
449.75; 3.2114147818; 8.6274339182
450.00; 3.2093621098; 8.2583908249
450.25; 3.2073300407; 7.7855926818
450.50; 3.2053187043; 7.2110827957
450.75; 3.2033209277; 6.5361042800
451.00; 3.2013389351; 5.7644373061
451.25; 3.1993789104; 4.8995188034
451.50; 3.1974337054; 3.9444383296
451.75; 3.1954914977; 2.8927865568
452.00; 3.1935600858; 1.7567520007
452.25; 3.1916456460; 0.5435079572
452.50; 3.1897450616; -0.7444968010
452.75; 3.1878458866; -2.1098071266
453.00; 3.1859485983; -3.5437624889
453.25; 3.1840563729; -5.0331420143
453.50; 3.1821620412; -6.5698426740
453.75; 3.1802719572; -8.1314249128
454.00; 3.1783764288; -9.7052311825
454.25; 3.1764703570; -11.2708743918
454.50; 3.1745570686; -12.7986867330
454.75; 3.1726361986; -14.2601609739
455.00; 3.1707122964; -15.6213638207
455.25; 3.1687676577; -16.8649200015
455.50; 3.1668159331; -17.9545153641
455.75; 3.1648492633; -18.8692203270
456.00; 3.1628774865; -19.5832409673
456.25; 3.1608945910; -20.0802047135
456.50; 3.1588952090; -20.3517946954
456.75; 3.1568898524; -20.3937292184
457.00; 3.1548583256; -20.2060943398
457.25; 3.1528101720; -19.7936551399
457.50; 3.1507562016; -19.1669033926
457.75; 3.1486862008; -18.3345503527
458.00; 3.1466081812; -17.3121873438
458.25; 3.1445159256; -16.1011874778
458.50; 3.1424123003; -14.7267888024
458.75; 3.1403071257; -13.2101108546
459.00; 3.1381856711; -11.5547933050
459.25; 3.1360552709; -9.7948276331
459.50; 3.1339164244; -7.9373004068
459.75; 3.1317699690; -5.9880007309
460.00; 3.1296111949; -3.9564729283
460.25; 3.1274597029; -1.8758200051
460.50; 3.1253031999; 0.2508877630
460.75; 3.1231450634; 2.3987701564
461.00; 3.1210030979; 4.5287193825
461.25; 3.1188769018; 6.6178477721
461.50; 3.1167630588; 8.6447538524
461.75; 3.1146502683; 10.5974967918
462.00; 3.1125582880; 12.4312575028
462.25; 3.1104790857; 14.1293408507
462.50; 3.1084109165; 15.6678437050
462.75; 3.1063597393; 17.0216907662
463.00; 3.1043163649; 18.1797480446
463.25; 3.1022802856; 19.1299582170
463.50; 3.1002613527; 19.8615466546
463.75; 3.0982672784; 20.3746156800
464.00; 3.0962826708; 20.6814086362
464.25; 3.0943140581; 20.7980067666
464.50; 3.0923718141; 20.7492409549
464.75; 3.0904391049; 20.5670353725
465.00; 3.0885227418; 20.2901762829
465.25; 3.0866337280; 19.9621403771
465.50; 3.0847567303; 19.6236095450
465.75; 3.0828933182; 19.3171857574
466.00; 3.0810450404; 19.0825308726
466.25; 3.0792062098; 18.9522413826
466.50; 3.0773780701; 18.9519862129
466.75; 3.0755631348; 19.0984814028
467.00; 3.0737672893; 19.3974485555
467.25; 3.0719823479; 19.8469437329
467.50; 3.0702094036; 20.4347004229
467.75; 3.0684502331; 21.1403728137
468.00; 3.0667026985; 21.9385761654
468.25; 3.0649707732; 22.7955729329
468.50; 3.0632634685; 23.6720078032
468.75; 3.0615736627; 24.5354412555
469.00; 3.0599011087; 25.3500747225
469.25; 3.0582443605; 26.0806795433
469.50; 3.0566174884; 26.6863829836
469.75; 3.0550106679; 27.1379844741
470.00; 3.0534354520; 27.4014285716
470.25; 3.0518790763; 27.4503605721
470.50; 3.0503488696; 27.2586059138
470.75; 3.0488450651; 26.8039597454
471.00; 3.0473716900; 26.0699564571
471.25; 3.0459220768; 25.0406022220
471.50; 3.0445021876; 23.7137783358
471.75; 3.0431008980; 22.0794243691
472.00; 3.0417243314; 20.1531358383
472.25; 3.0403614281; 17.9367026799
472.50; 3.0390096212; 15.4522378297
472.75; 3.0376711497; 12.7409494976
473.00; 3.0363386555; 9.8349314120
473.25; 3.0350152787; 6.7977752528
473.50; 3.0336970659; 3.6856712112
473.75; 3.0323806603; 0.5617131847
474.00; 3.0310606464; -2.5134972726
474.25; 3.0297381966; -5.4644980096
474.50; 3.0284064780; -8.2387573223
474.75; 3.0270645093; -10.7733883015
475.00; 3.0257065061; -13.0249193011
475.25; 3.0243350633; -14.9466837952
475.50; 3.0229421070; -16.5210623823
475.75; 3.0215393089; -17.7213787455
476.00; 3.0201229276; -18.5522567273
476.25; 3.0186902350; -19.0284069243
476.50; 3.0172417803; -19.1726833159
476.75; 3.0157798150; -19.0155341766
477.00; 3.0142986044; -18.5914891116
477.25; 3.0128033878; -17.9394187848
477.50; 3.0112877582; -17.0935091635
477.75; 3.0097560403; -16.0916016459
478.00; 3.0082121937; -14.9688708498
478.25; 3.0066535367; -13.7520330771
478.50; 3.0050892436; -12.4733271145
478.75; 3.0035140279; -11.1501255921
479.00; 3.0019334211; -9.8063943420
479.25; 3.0003498928; -8.4609894913
479.50; 2.9987641204; -7.1295662021
479.75; 2.9971703800; -5.8213890952
480.00; 2.9955669957; -4.5485360647
480.25; 2.9939566341; -3.3260484005
480.50; 2.9923468603; -2.1730743727
480.75; 2.9907330236; -1.0986048273
481.00; 2.9891255756; -0.1209012333
481.25; 2.9875263594; 0.7490995215
481.50; 2.9859296555; 1.5074734648
481.75; 2.9843338773; 2.1506659303
482.00; 2.9827402416; 2.6765928723
482.25; 2.9811412287; 3.0907419269
482.50; 2.9795474119; 3.3980858522
482.75; 2.9779536334; 3.6084195531
483.00; 2.9763649303; 3.7383642692
483.25; 2.9747788626; 3.8115329719
483.50; 2.9731965232; 3.8482916602
483.75; 2.9716209041; 3.8734317360
484.00; 2.9700461869; 3.9134603415
484.25; 2.9684743757; 3.9965796407
484.50; 2.9669015407; 4.1483924433
484.75; 2.9653399905; 4.3878216102
485.00; 2.9637835690; 4.7326343307
485.25; 2.9622277900; 5.1964986487
485.50; 2.9606747836; 5.7858487979
485.75; 2.9591303366; 6.4994263757
486.00; 2.9575869337; 7.3356480178
486.25; 2.9560469441; 8.2834385279
486.50; 2.9545258109; 9.3173611101
486.75; 2.9530149400; 10.4221870291
487.00; 2.9515077494; 11.5820909556
487.25; 2.9500165775; 12.7648462417
487.50; 2.9485439282; 13.9450477911
487.75; 2.9470885218; 15.1019880793
488.00; 2.9456486496; 16.2160826027
488.25; 2.9442274463; 17.2646670867
488.50; 2.9428175810; 18.2343435761
488.75; 2.9414189053; 19.1084819035
489.00; 2.9400320184; 19.8703205220
489.25; 2.9386665754; 20.4992481474
489.50; 2.9373206716; 20.9818695897
489.75; 2.9359917552; 21.3030372031
490.00; 2.9346794506; 21.4456324613
490.25; 2.9333787349; 21.3935815270
490.50; 2.9320927766; 21.1323303451
490.75; 2.9308292622; 20.6491660750
491.00; 2.9295866387; 19.9306866151
491.25; 2.9283595101; 18.9628941336
491.50; 2.9271471816; 17.7369278579
491.75; 2.9259542333; 16.2534884390
492.00; 2.9247806676; 14.5143638133
492.25; 2.9236109705; 12.5040426724
492.50; 2.9224557947; 10.2540124920
492.75; 2.9213126847; 7.7819627805
493.00; 2.9201746049; 5.1024929957
493.25; 2.9190428256; 2.2549926081
493.50; 2.9179169001; -0.7184698388
493.75; 2.9167862558; -3.7980878098
494.00; 2.9156540029; -6.9243424554
494.25; 2.9145172285; -10.0542514144
494.50; 2.9133715903; -13.1503852601
494.75; 2.9122166434; -16.1657759522
495.00; 2.9110533680; -19.0622035952
495.25; 2.9098796333; -21.8124937396
495.50; 2.9086860903; -24.4169762528
495.75; 2.9074771574; -26.8544271075
496.00; 2.9062461255; -29.1331477213
496.25; 2.9049883810; -31.2605222326
496.50; 2.9037080126; -33.2359419680
496.75; 2.9024038021; -35.0722736524
497.00; 2.9010721498; -36.7846113556
497.25; 2.8997062849; -38.3933423380
497.50; 2.8983123974; -39.9021695521
497.75; 2.8968893992; -41.3226764089
498.00; 2.8954329438; -42.6694201442
498.25; 2.8939357596; -43.9570676073
498.50; 2.8924076780; -45.1845608747
498.75; 2.8908536291; -46.3548515188
499.00; 2.8892633437; -47.4823999768
499.25; 2.8876339112; -48.5758545198
499.50; 2.8859660423; -49.6411704238
499.75; 2.8842585181; -50.6853543254
500.00; 2.8825181576; -51.7104531745
500.25; 2.8807412024; -52.7255791404
500.50; 2.8789265732; -53.7345972307
500.75; 2.8770770909; -54.7357816463
501.00; 2.8751854726; -55.7320850688
501.25; 2.8732500720; -56.7191150203
501.50; 2.8712755290; -57.6864697656
501.75; 2.8692554655; -58.6276994551
502.00; 2.8672029968; -59.5163567469
502.25; 2.8651074274; -60.3307170844
502.50; 2.8629621141; -61.0319157050
502.75; 2.8607656146; -61.5947559546
503.00; 2.8585238942; -61.9767700042
503.25; 2.8562255585; -62.1334548694
503.50; 2.8538786953; -62.0102054578
503.75; 2.8514841113; -61.5567164128
504.00; 2.8490584172; -60.7296651741
504.25; 2.8465881697; -59.4832564545
504.50; 2.8440816756; -57.7869693226
504.75; 2.8415326558; -55.6093349932
505.00; 2.8389380326; -52.9341001582
505.25; 2.8363053761; -49.7683265213
505.50; 2.8336176847; -46.1029128949
505.75; 2.8309004992; -41.9973155825
506.00; 2.8281650874; -37.5078486097
506.25; 2.8254001905; -32.6643654297
506.50; 2.8226266606; -27.5590966282
506.75; 2.8198375675; -22.2403788780
507.00; 2.8170527972; -16.8097633291
507.25; 2.8142723482; -11.3317191318
507.50; 2.8114980403; -5.8724883961
507.75; 2.8087287856; -0.4902859046
508.00; 2.8059917620; 4.7055635209
508.25; 2.8032580855; 9.7175951417
508.50; 2.8005501785; 14.4566700027
508.75; 2.7978749306; 18.8683437297
509.00; 2.7952291808; 22.9206336949
509.25; 2.7926129621; 26.5813464017
509.50; 2.7900322949; 29.8156328836
509.75; 2.7874924071; 32.5974979319
510.00; 2.7850019549; 34.9051187335
510.25; 2.7825517972; 36.7412747606
510.50; 2.7801575748; 38.0967094508
510.75; 2.7778149481; 38.9851334217
511.00; 2.7755176984; 39.4266362318
511.25; 2.7732651148; 39.4472755922
511.50; 2.7710526640; 39.0815037030
511.75; 2.7688852266; 38.3723396297
512.00; 2.7667606855; 37.3689395702
512.25; 2.7646952171; 36.1411887223
512.50; 2.7626711055; 34.7462817065
512.75; 2.7606914929; 33.2568506577
513.00; 2.7587611633; 31.7507171589
513.25; 2.7568608250; 30.2869519681
513.50; 2.7549881790; 28.9340524216
513.75; 2.7531575014; 27.7656423669
514.00; 2.7513596886; 26.8282057465
514.25; 2.7495924371; 26.1606520788
514.50; 2.7478602153; 25.7893133846
514.75; 2.7461612182; 25.7208333419
515.00; 2.7444889817; 25.9454661952
515.25; 2.7428546917; 26.4354182519
515.50; 2.7412476255; 27.1535409261
515.75; 2.7396809060; 28.0426013520
516.00; 2.7381477143; 29.0478480893
516.25; 2.7366465540; 30.1082304946
516.50; 2.7351870460; 31.1542166740
516.75; 2.7337587705; 32.1356974016
517.00; 2.7323664307; 32.9955646399
517.25; 2.7310087254; 33.6867906079
517.50; 2.7296801238; 34.1717892181
517.75; 2.7283878029; 34.4164117583
518.00; 2.7271279747; 34.4001801310
518.25; 2.7259045577; 34.1102323325
518.50; 2.7247128990; 33.5382213012
518.75; 2.7235590303; 32.6868670410
519.00; 2.7224394490; 31.5594029938
519.25; 2.7213466235; 30.1559664289
519.50; 2.7202817907; 28.4922048669
519.75; 2.7192420594; 26.5820336976
520.00; 2.7182319969; 24.4546242645
520.25; 2.7172412980; 22.1204328762
520.50; 2.7162678996; 19.5923460041
520.75; 2.7153150002; 16.9026934247
521.00; 2.7143806936; 14.0723942713
521.25; 2.7134637491; 11.1309791781
521.50; 2.7125582041; 8.0911056766
521.75; 2.7116567510; 4.9615212333
522.00; 2.7107603814; 1.7811391087
522.25; 2.7098625821; -1.4391616346
522.50; 2.7089643830; -4.6537083492
522.75; 2.7080603102; -7.8397677805
523.00; 2.7071482036; -10.9621517934
523.25; 2.7062226859; -13.9954796880
523.50; 2.7052778594; -16.9139556807
523.75; 2.7043172146; -19.6624835596
524.00; 2.7033363015; -22.2116065469
524.25; 2.7023296245; -24.5358187434
524.50; 2.7013028428; -26.5874517304
524.75; 2.7002523037; -28.3459823301
525.00; 2.6991753569; -29.7941138462
525.25; 2.6980675569; -30.9226926305
525.50; 2.6969332850; -31.7215178467
525.75; 2.6957657412; -32.1959773870
526.00; 2.6945692368; -32.3526783275
526.25; 2.6933408151; -32.2072648598
526.50; 2.6920757855; -31.7784961638
526.75; 2.6907783269; -31.0912802636
527.00; 2.6894518998; -30.1746683823
527.25; 2.6880995810; -29.0603942205
527.50; 2.6867217935; -27.7796436270
527.75; 2.6853067698; -26.3517593400
528.00; 2.6838693577; -24.8220724270
528.25; 2.6824009979; -23.2124296494
528.50; 2.6809131674; -21.5637118058
528.75; 2.6793978197; -19.8958864241
529.00; 2.6778563946; -18.2384284856
529.25; 2.6762956328; -16.6259997429
529.50; 2.6747163543; -15.0865735932
529.75; 2.6731172738; -13.6460454246
530.00; 2.6715045054; -12.3361714573
530.25; 2.6698672188; -11.1743600001
530.50; 2.6682239977; -10.1974253377
530.75; 2.6665623573; -9.4188747290
531.00; 2.6648780964; -8.8563845859
531.25; 2.6631789757; -8.5270588503
531.50; 2.6614589879; -8.4374784920
531.75; 2.6597312147; -8.5872611118
532.00; 2.6579903897; -8.9644115031
532.25; 2.6562323765; -9.5470360976
532.50; 2.6544696849; -10.2941872475
532.75; 2.6526870817; -11.1618804916
533.00; 2.6508884816; -12.0856645877
533.25; 2.6490648208; -12.9966248538
533.50; 2.6472312420; -13.8051181600
533.75; 2.6453853029; -14.4258896854
534.00; 2.6435237398; -14.7753764218
534.25; 2.6416415832; -14.7762752014
534.50; 2.6397380944; -14.3615085484
534.75; 2.6378232572; -13.4830196542
535.00; 2.6358958325; -12.1109839708
535.25; 2.6339583838; -10.2401617577
535.50; 2.6320141691; -7.8893808676
535.75; 2.6300722560; -5.1077431058
536.00; 2.6281183639; -1.9266606675
536.25; 2.6261576498; 1.5811603638
536.50; 2.6241943946; 5.3329216594
536.75; 2.6222344731; 9.2384167699
537.00; 2.6202757898; 13.2213370128
537.25; 2.6183343817; 17.1682015088
537.50; 2.6163996864; 21.0256028446
537.75; 2.6144852200; 24.6980272736
538.00; 2.6125970551; 28.1125510168
538.25; 2.6107339024; 31.2203619622
538.50; 2.6089002414; 33.9711581796
538.75; 2.6070846614; 36.3449469207
539.00; 2.6052895019; 38.3085408181
539.25; 2.6035306693; 39.8223322672
539.50; 2.6018094183; 40.8719644867
539.75; 2.6001159580; 41.4539339055
540.00; 2.5984568741; 41.5634006383
540.25; 2.5968385081; 41.2044630530
540.50; 2.5952580111; 40.3873990087
540.75; 2.5937048834; 39.1230686426
541.00; 2.5921994874; 37.4529509384
541.25; 2.5907287015; 35.3963042251
541.50; 2.5892876790; 32.9863365189
541.75; 2.5878800285; 30.2778557909
542.00; 2.5865002627; 27.3171801769
542.25; 2.5851450314; 24.1609668439
542.50; 2.5838076914; 20.8640192208
542.75; 2.5824844388; 17.4925687408
543.00; 2.5811740736; 14.1222045418
543.25; 2.5798711069; 10.8180171943
543.50; 2.5785742145; 7.6544797949
543.75; 2.5772721302; 4.6768925636
544.00; 2.5759743090; 1.9711280612
544.25; 2.5746724518; -0.4277402662
544.50; 2.5733639938; -2.4848716224
544.75; 2.5720459250; -4.1803520433
545.00; 2.5707172079; -5.5062251850
545.25; 2.5693715868; -6.4738075415
545.50; 2.5680129821; -7.0984348376
545.75; 2.5666420563; -7.4100974871
546.00; 2.5652526212; -7.4488132609
546.25; 2.5638507946; -7.2564542735
546.50; 2.5624405815; -6.8791082412
546.75; 2.5610145609; -6.3598807613
547.00; 2.5595805520; -5.7439232107
547.25; 2.5581433505; -5.0714574676
547.50; 2.5567007456; -4.3745201115
547.75; 2.5552466592; -3.6779139222
548.00; 2.5537864189; -3.0064411360
548.25; 2.5523240962; -2.3794050423
548.50; 2.5508585851; -1.8087947160
548.75; 2.5493919934; -1.3045032983
549.00; 2.5479210220; -0.8715945411
549.25; 2.5464484294; -0.5154313145
549.50; 2.5449660552; -0.2374302618
549.75; 2.5434800323; -0.0422726133
550.00; 2.5419924402; 0.0650676570
550.25; 2.5405087139; 0.0810478922
550.50; 2.5390235830; 0.0021441141
550.75; 2.5375307096; -0.1764549381
551.00; 2.5360286109; -0.4580923562
551.25; 2.5345302748; -0.8429385483
551.50; 2.5330304567; -1.3316063274
551.75; 2.5315269099; -1.9205118978
552.00; 2.5300157696; -2.5994965895
552.25; 2.5284912678; -3.3634212795
552.50; 2.5269632461; -4.1885128102
552.75; 2.5254282077; -5.0535024838
553.00; 2.5238827018; -5.9274310489
553.25; 2.5223256224; -6.7721556033
553.50; 2.5207630827; -7.5451806440
553.75; 2.5191886560; -8.2074640086
554.00; 2.5176150282; -8.7130669953
554.25; 2.5160292282; -9.0282239951
554.50; 2.5144302230; -9.1214637603
554.75; 2.5128145224; -8.9691462578
555.00; 2.5111994478; -8.5599763181
555.25; 2.5095782448; -7.8916441383
555.50; 2.5079554698; -6.9747727832
555.75; 2.5063282582; -5.8295271741
556.00; 2.5047045681; -4.4899340728
556.25; 2.5030712779; -2.9773754307
556.50; 2.5014332402; -1.3343911824
556.75; 2.4997887063; 0.4016319495
557.00; 2.4981415336; 2.1879006929
557.25; 2.4964901384; 3.9880537108
557.50; 2.4948501496; 5.7486488543
557.75; 2.4932111419; 7.4476165143
558.00; 2.4915788854; 9.0507981299
558.25; 2.4899589566; 10.5275557614
558.50; 2.4883414747; 11.8656516992
558.75; 2.4867345451; 13.0399018261
559.00; 2.4851397293; 14.0344790675
559.25; 2.4835630928; 14.8362004106
559.50; 2.4820064733; 15.4363539119
559.75; 2.4804679500; 15.8345491950
560.00; 2.4789413860; 16.0350619933
560.25; 2.4774382123; 16.0449481583
560.50; 2.4759561980; 15.8775580643
560.75; 2.4744958264; 15.5578066517
561.00; 2.4730625039; 15.1144571510
561.25; 2.4716527853; 14.5814786790
561.50; 2.4702687019; 14.0083097976
561.75; 2.4689014040; 13.4403778311
562.00; 2.4675518565; 12.9372101745
562.25; 2.4662261427; 12.5836882815
562.50; 2.4649199987; 12.4177465515
562.75; 2.4636317911; 12.4870567380
563.00; 2.4623594917; 12.8449206961
563.25; 2.4611069510; 13.5304318819
563.50; 2.4598694133; 14.5895353894
563.75; 2.4586466198; 16.0346026023
564.00; 2.4574499898; 17.8496101380
564.25; 2.4562749791; 20.0249300300
564.50; 2.4551225341; 22.5276781303
564.75; 2.4539998796; 25.2960713559
565.00; 2.4529063451; 28.2707897218
565.25; 2.4518453180; 31.3781102784
565.50; 2.4508192348; 34.5390181786
565.75; 2.4498331928; 37.6622953561
566.00; 2.4488915377; 40.6613200586
566.25; 2.4479945190; 43.4664192534
566.50; 2.4471446243; 46.0063384014
566.75; 2.4463476492; 48.2068710483
567.00; 2.4456023020; 50.0241849257
567.25; 2.4449114489; 51.4141460253
567.50; 2.4442784657; 52.3390539188
567.75; 2.4436959011; 52.7887221962
568.00; 2.4431652813; 52.7466894510
568.25; 2.4426892468; 52.2077458885
568.50; 2.4422682613; 51.1775430295
568.75; 2.4419021066; 49.6705916548
569.00; 2.4415889512; 47.7049573491
569.25; 2.4413270061; 45.3056268333
569.50; 2.4411141610; 42.5023584540
569.75; 2.4409484213; 39.3352614704
570.00; 2.4408285165; 35.8751398222
570.25; 2.4407507503; 32.1496248629
570.50; 2.4407126039; 28.2420075307
570.75; 2.4407107313; 24.2210239282
571.00; 2.4407416729; 20.1277994607
571.25; 2.4408021435; 16.0164970739
571.50; 2.4408884409; 11.9695615801
571.75; 2.4409964658; 8.0794351942
572.00; 2.4411228423; 4.4008988029
572.25; 2.4412643637; 0.9840663918
572.50; 2.4414174238; -2.1139828874
572.75; 2.4415793822; -4.8646320970
573.00; 2.4417469000; -7.2301044491
573.25; 2.4419189182; -9.2351914866
573.50; 2.4420922753; -10.8727209591
573.75; 2.4422659038; -12.1730118903
574.00; 2.4424374148; -13.1663327010
574.25; 2.4426056092; -13.9079372567
574.50; 2.4427690611; -14.4551202476
574.75; 2.4429271295; -14.8647004260
575.00; 2.4430796485; -15.2028619101
575.25; 2.4432258852; -15.5309525585
575.50; 2.4433646128; -15.9078144251
575.75; 2.4434956761; -16.3883136524
576.00; 2.4436191079; -17.0210278014
576.25; 2.4437331772; -17.8385826133
576.50; 2.4438370502; -18.8705123936
576.75; 2.4439304167; -20.1453310410
577.00; 2.4440113451; -21.6631631793
577.25; 2.4440788948; -23.4355092818
577.50; 2.4441313574; -25.4565541064
577.75; 2.4441669459; -27.7101403223
578.00; 2.4441837944; -30.1750009700
578.25; 2.4441798782; -32.8392521492
578.50; 2.4441529403; -35.6757772919
578.75; 2.4441004601; -38.6663096147
579.00; 2.4440199982; -41.7695213942
579.25; 2.4439085835; -44.9607182875
579.50; 2.4437637776; -48.1936633617
579.75; 2.4435827884; -51.4330729981
580.00; 2.4433630092; -54.6329589945
580.25; 2.4431026893; -57.7357269322
580.50; 2.4427980544; -60.7261604856
580.75; 2.4424457386; -63.5719272423
581.00; 2.4420443404; -66.2271609161
581.25; 2.4415900018; -68.6672142433
581.50; 2.4410773654; -70.8735639267
581.75; 2.4405067329; -72.8041536085
582.00; 2.4398831667; -74.4140686910
582.25; 2.4391985444; -75.7044735314
582.50; 2.4384547885; -76.6578952587
582.75; 2.4376474960; -77.2743420004
583.00; 2.4367799789; -77.5537307175
583.25; 2.4358481991; -77.5085880269
583.50; 2.4348498435; -77.1544861202
583.75; 2.4337886696; -76.5154147838
584.00; 2.4326636370; -75.6212265717
584.25; 2.4314749409; -74.5038376390
584.50; 2.4302262821; -73.2054740248
584.75; 2.4289192428; -71.7691502301
585.00; 2.4275514138; -70.2282531722
585.25; 2.4261213286; -68.6180846467
585.50; 2.4246365350; -66.9817623976
585.75; 2.4230927749; -65.3459865490
586.00; 2.4214949793; -63.7384813907
586.25; 2.4198399718; -62.1877838642
586.50; 2.4181340626; -60.7222611224
586.75; 2.4163903768; -59.3728028444
587.00; 2.4146003005; -58.1463824066
587.25; 2.4127664361; -57.0531139765
587.50; 2.4108944961; -56.1037030589
587.75; 2.4089844416; -55.3023866103
588.00; 2.4070347239; -54.6493852756
588.25; 2.4050545625; -54.1465149249
588.50; 2.4030382436; -53.7877317095
588.75; 2.4009912466; -53.5681988996
589.00; 2.3989145968; -53.4815439965
589.25; 2.3968075046; -53.5154572633
589.50; 2.3946710754; -53.6528478746
589.75; 2.3925031916; -53.8760164338
590.00; 2.3903061866; -54.1598813451
590.25; 2.3880715523; -54.4749144751
590.50; 2.3857970697; -54.7866052192
590.75; 2.3834852916; -55.0537395419
591.00; 2.3811424869; -55.2267763612
591.25; 2.3787761391; -55.2527785724
591.50; 2.3763868245; -55.0877323871
591.75; 2.3739749054; -54.6803916492
592.00; 2.3715317027; -53.9783404622
592.25; 2.3690686101; -52.9379140708
592.50; 2.3665914204; -51.5226194072
592.75; 2.3640832303; -49.6948223610
593.00; 2.3615493136; -47.4409357492
593.25; 2.3589981686; -44.7569204723
593.50; 2.3564247897; -41.6460092429
593.75; 2.3538334390; -38.1365836027
594.00; 2.3512450298; -34.2970730857
594.25; 2.3486290874; -30.1345602628
594.50; 2.3460090334; -25.7494789230
594.75; 2.3433736322; -21.1960780408
595.00; 2.3407496314; -16.5994084535
595.25; 2.3381403837; -12.0498973341
595.50; 2.3355480890; -7.6340229624
595.75; 2.3329775529; -3.4387856337
596.00; 2.3304321772; 0.4568486877
596.25; 2.3279142926; 3.9834322816
596.50; 2.3254249219; 7.0810909244
596.75; 2.3229518173; 9.7135156784
597.00; 2.3204923237; 11.8407028890
597.25; 2.3180561756; 13.4199568825
597.50; 2.3156578928; 14.4185134347
597.75; 2.3132882845; 14.8256538372
598.00; 2.3109583084; 14.6330130707
598.25; 2.3086651102; 13.8429708742
598.50; 2.3064043713; 12.4647494856
598.75; 2.3041837930; 10.5239942368
599.00; 2.3019933390; 8.0424576945
599.25; 2.2998396220; 5.0661507996
599.50; 2.2977119745; 1.6312607225
599.75; 2.2956195222; -2.1863113365
600.00; 2.2935509077; -6.3352191946
600.25; 2.2915037940; -10.7391194300
600.50; 2.2894666941; -15.3377351998
600.75; 2.2874404892; -20.0398635943
601.00; 2.2854297369; -24.7302122269
601.25; 2.2834156005; -29.3537574333
601.50; 2.2813970711; -33.8154574010
601.75; 2.2793696948; -38.0351102062
602.00; 2.2773256007; -41.9466953647
602.25; 2.2752652304; -45.4806405415
602.50; 2.2731863199; -48.5886042017
602.75; 2.2710835399; -51.2451338833
603.00; 2.2689669017; -53.4215331974
603.25; 2.2668257716; -55.1317978100
603.50; 2.2646572455; -56.4053120528
603.75; 2.2624694463; -57.2798620719
604.00; 2.2602522338; -57.8148350739
604.25; 2.2580066834; -58.0688073583
604.50; 2.2557284027; -58.1076035921
604.75; 2.2534116501; -58.0006279622
605.00; 2.2510856712; -57.8176641506
605.25; 2.2487333360; -57.6233290278
605.50; 2.2463561649; -57.4773278498
605.75; 2.2439419805; -57.4276771806
606.00; 2.2414953822; -57.5172456096
606.25; 2.2390307529; -57.7753335854
606.50; 2.2365418078; -58.2268741035
606.75; 2.2340158317; -58.8868191217
607.00; 2.2314524730; -59.7591266118
607.25; 2.2288455806; -60.8453306531
607.50; 2.2262114155; -62.1322744769
607.75; 2.2235399425; -63.6120941905
608.00; 2.2208303886; -65.2672315642
608.25; 2.2180802922; -67.0779194567
608.50; 2.2152759184; -69.0290861444
608.75; 2.2124309341; -71.0848797441
609.00; 2.2095482877; -73.2116436082
609.25; 2.2066225639; -75.3851912083
609.50; 2.2036530507; -77.5776911571
609.75; 2.2006395050; -79.7555462353
610.00; 2.1975739078; -81.8931615117
610.25; 2.1944587079; -83.9561119994
610.50; 2.1912972709; -85.9085755904
610.75; 2.1880693145; -87.7359707957
611.00; 2.1847944904; -89.3837294929
611.25; 2.1814488401; -90.8395438076
611.50; 2.1780473813; -92.0686716531
611.75; 2.1745727573; -93.0522669626
612.00; 2.1710333796; -93.7637343948
612.25; 2.1674288400; -94.1831105915
612.50; 2.1637507394; -94.2922037323
612.75; 2.1599995335; -94.0829363858
613.00; 2.1562028038; -93.5462476246
613.25; 2.1523241537; -92.6741487360
613.50; 2.1483647969; -91.4668175591
613.75; 2.1443444436; -89.9354147236
614.00; 2.1402530172; -88.0861303875
614.25; 2.1360826560; -85.9258336112
614.50; 2.1318467647; -83.4768751530
614.75; 2.1275556394; -80.7642298278
615.00; 2.1232041591; -77.8038547144
615.25; 2.1188048851; -74.6255775475
615.50; 2.1143488942; -71.2423249143
615.75; 2.1098427170; -67.6779300622
616.00; 2.1053115816; -63.9723956451
616.25; 2.1007102534; -60.1044730128
616.50; 2.0960596621; -56.1072130822
616.75; 2.0913677912; -52.0018488242
617.00; 2.0866367460; -47.8027709897
617.25; 2.0818453226; -43.5039556218
617.50; 2.0770014880; -39.1232530396
617.75; 2.0721344334; -34.6969800988
618.00; 2.0672279569; -30.2206483167
618.25; 2.0623138782; -25.7306779283
618.50; 2.0573778794; -21.2217763506
618.75; 2.0524016452; -16.6833919939
619.00; 2.0474272183; -12.1585828911
619.25; 2.0424374323; -7.6353048834
619.50; 2.0374563430; -3.1374616770
619.75; 2.0324922831; 1.3278649474
620.00; 2.0275197717; 5.7856480425
620.25; 2.0225506507; 10.2304091431
620.50; 2.0175833995; 14.6694892739
620.75; 2.0126262423; 19.1037835218
621.00; 2.0076941241; 23.5307331868
621.25; 2.0027607882; 27.9870188464
621.50; 1.9978575565; 32.4587472009
621.75; 1.9929593468; 36.9858760140
622.00; 1.9880971809; 41.5570280709
622.25; 1.9832566943; 46.2024710566
622.50; 1.9784370189; 50.9377855243
622.75; 1.9736614748; 55.7531362337
623.00; 1.9689183744; 60.6692834147
623.25; 1.9642284531; 65.6689086255
623.50; 1.9595784542; 70.7659839406
623.75; 1.9549681076; 75.9548027614
624.00; 1.9503800694; 81.2421200681
624.25; 1.9458497530; 86.5685851491
624.50; 1.9413659811; 91.9237328148
624.75; 1.9369489424; 97.2553950094
625.00; 1.9325849157; 102.5494927747
625.25; 1.9283039101; 107.7372021016
625.50; 1.9240995305; 112.7948018986
625.75; 1.9199891923; 117.6691650203
626.00; 1.9159703661; 122.3341985888
626.25; 1.9120454853; 126.7617495385
626.50; 1.9082009718; 130.9450778433
626.75; 1.9044469767; 134.8576096157
627.00; 1.9007714215; 138.5006006389
627.25; 1.8971755229; 141.8648170720
627.50; 1.8937019577; 144.9083488388
627.75; 1.8903271824; 147.6556366810
628.00; 1.8870516137; 150.1170865678
628.25; 1.8838633094; 152.3133374162
628.50; 1.8807727938; 154.2524730935
628.75; 1.8778012917; 155.9411368008
629.00; 1.8749378359; 157.4070140482
629.25; 1.8721765402; 158.6758988299
629.50; 1.8695182947; 159.7723719866
629.75; 1.8669607124; 160.7223844243
630.00; 1.8645045317; 161.5497506267
630.25; 1.8621544812; 162.2752106940
630.50; 1.8599117344; 162.9173400518
630.75; 1.8577810760; 163.4931484759
631.00; 1.8557559065; 164.0174364939
631.25; 1.8538312740; 164.5007854565
631.50; 1.8520083762; 164.9476578448
631.75; 1.8502891175; 165.3569653040
632.00; 1.8486757125; 165.7228427356
632.25; 1.8471646637; 166.0360317340
632.50; 1.8457529690; 166.2821445111
632.75; 1.8444379416; 166.4431600897
633.00; 1.8432206993; 166.4990542911
633.25; 1.8421068081; 166.4269702080
633.50; 1.8410933316; 166.2027135511
633.75; 1.8401734952; 165.8010020378
634.00; 1.8393441255; 165.1962809408
634.25; 1.8386118203; 164.3743357283
634.50; 1.8379745154; 163.3185117003
634.75; 1.8374282098; 162.0109046374
635.00; 1.8369729367; 160.4461827236
635.25; 1.8366086596; 158.6275562700
635.50; 1.8363332769; 156.5574354609
635.75; 1.8361433049; 154.2315129293
636.00; 1.8360369634; 151.6638548428
636.25; 1.8360123081; 148.8850096992
636.50; 1.8360664643; 145.9004521213
636.75; 1.8361971938; 142.7174445961
637.00; 1.8364015285; 139.3704796508
637.25; 1.8366781187; 135.8618976814
637.50; 1.8370233809; 132.2323780907
637.75; 1.8374332263; 128.5218949046
638.00; 1.8379046131; 124.7583890879
638.25; 1.8384342409; 120.9713714064
638.50; 1.8390165650; 117.2048774801
638.75; 1.8396510625; 113.4687061440
639.00; 1.8403329120; 109.7959798621
639.25; 1.8410602067; 106.2035981871
639.50; 1.8418343034; 102.6932277442
639.75; 1.8426463657; 99.3125521435
640.00; 1.8434920522; 96.0847814987
640.25; 1.8443731895; 93.0019577449
640.50; 1.8452865338; 90.0853462742
640.75; 1.8462260954; 87.3594428829
641.00; 1.8471956025; 84.8183725396
641.25; 1.8481890857; 82.4760005209
641.50; 1.8492058800; 80.3303312689
641.75; 1.8502454025; 78.3765752232
642.00; 1.8513092486; 76.6134235051
642.25; 1.8523949810; 75.0387112335
642.50; 1.8534952871; 73.6562498826
642.75; 1.8546198273; 72.4550110646
643.00; 1.8557624210; 71.4142120595
643.25; 1.8569243002; 70.5131050514
643.50; 1.8580984937; 69.7408932217
643.75; 1.8592872521; 69.0769943055
644.00; 1.8604940782; 68.4995967282
644.25; 1.8617177647; 67.9868286883
644.50; 1.8629518470; 67.5212709610
644.75; 1.8642022019; 67.0793682842
645.00; 1.8654732543; 66.6389821293
645.25; 1.8667590660; 66.1842441991
645.50; 1.8680584961; 65.6974331830
645.75; 1.8693762406; 65.1617842663
646.00; 1.8707204209; 64.5594333344
646.25; 1.8720751275; 63.8845409321
646.50; 1.8734528316; 63.1241765055
646.75; 1.8748563658; 62.2680638521
647.00; 1.8762784471; 61.3101362542
647.25; 1.8777147305; 60.2465189404
647.50; 1.8791709807; 59.0708186827
647.75; 1.8806435396; 57.7824376929
648.00; 1.8821306589; 56.3816004335
648.25; 1.8836332090; 54.8682089770
648.50; 1.8851497909; 53.2447320677
648.75; 1.8866813100; 51.5151601891
649.00; 1.8882220823; 49.6945271449
649.25; 1.8897740255; 47.7931832699
649.50; 1.8913324113; 45.8346860160
649.75; 1.8929000332; 43.8388968728
650.00; 1.8944711286; 41.8441124567
650.25; 1.8960532714; 39.8755405138
650.50; 1.8976444649; 37.9788485886
650.75; 1.8992376060; 36.2085152677
651.00; 1.9008293729; 34.6234064174
651.25; 1.9024220277; 33.2769663702
651.50; 1.9040208639; 32.2207650207
651.75; 1.9056230721; 31.5107761580
652.00; 1.9072273188; 31.1949727607
652.25; 1.9088403398; 31.3113825301
652.50; 1.9104555391; 31.8847006655
652.75; 1.9120703576; 32.9183134788
653.00; 1.9136956468; 34.4086606731
653.25; 1.9153337424; 36.3326891453
653.50; 1.9169727067; 38.6220447845
653.75; 1.9186259436; 41.2339631638
654.00; 1.9202892189; 44.0814976327
654.25; 1.9219672081; 47.0781263021
654.50; 1.9236619768; 50.1285823492
654.75; 1.9253820412; 53.1542608823
655.00; 1.9271282200; 56.0618168187
655.25; 1.9289027314; 58.7663534390
655.50; 1.9307068489; 61.1921439552
655.75; 1.9325561044; 63.2887824962
656.00; 1.9344446973; 64.9904086212
656.25; 1.9363814522; 66.2628166186
656.50; 1.9383602553; 67.0676710445
656.75; 1.9403855714; 67.3843113459
657.00; 1.9424591638; 67.2036401556
657.25; 1.9445789952; 66.5289762366
657.50; 1.9467390875; 65.3669585056
657.75; 1.9489406289; 63.7367276720
658.00; 1.9512019479; 61.6470018353
658.25; 1.9535129329; 59.1346657484
658.50; 1.9558691365; 56.2381235772
658.75; 1.9582719685; 52.9933110787
659.00; 1.9607175184; 49.4482160207
659.25; 1.9631990619; 45.6588626093
659.50; 1.9657026112; 41.6962045968
659.75; 1.9682410524; 37.5918049530
660.00; 1.9708119701; 33.4033319232
660.25; 1.9734081895; 29.1976801800
660.50; 1.9760244953; 25.0388593944
660.75; 1.9786582305; 20.9865065260
661.00; 1.9813155439; 17.0870684753
661.25; 1.9839840517; 13.4057679337
661.50; 1.9866552114; 10.0026534693
661.75; 1.9893239819; 6.9233741012
662.00; 1.9919965635; 4.1918188836
662.25; 1.9946814302; 1.8248650121
662.50; 1.9973681177; -0.1536442233
662.75; 2.0000478449; -1.7375726657
663.00; 2.0027219583; -2.9443630767
663.25; 2.0053971155; -3.8089255204
663.50; 2.0080821989; -4.3607336994
663.75; 2.0107670341; -4.6456027954
664.00; 2.0134556045; -4.7230105906
664.25; 2.0161398038; -4.6549965348
664.50; 2.0188132966; -4.4941418787
664.75; 2.0214787124; -4.2946222653
665.00; 2.0241374193; -4.1247912740
665.25; 2.0267843749; -4.0373804876
665.50; 2.0294245628; -4.0771583156
665.75; 2.0320680170; -4.2828543373
666.00; 2.0347195472; -4.6829232194
666.25; 2.0373625747; -5.2947627893
666.50; 2.0400087432; -6.1368097784
666.75; 2.0426421786; -7.2122315951
667.00; 2.0452637922; -8.5054242146
667.25; 2.0478746972; -9.9954699436
667.50; 2.0504704167; -11.6944445055
667.75; 2.0530541233; -13.5790738501
668.00; 2.0556228600; -15.6297148844
668.25; 2.0581911017; -17.8378436157
668.50; 2.0607440856; -20.1698261896
668.75; 2.0632697086; -22.5954392773
669.00; 2.0657807227; -25.1059814025
669.25; 2.0682774691; -27.6764682794
669.50; 2.0707420418; -30.2750137295
669.75; 2.0731632569; -32.8737047765
670.00; 2.0755430590; -35.4443915056
670.25; 2.0778761254; -37.9696433265
670.50; 2.0801645207; -40.4329148520
670.75; 2.0824217137; -42.8301569522
671.00; 2.0846292097; -45.1160949405
671.25; 2.0867943528; -47.2699515575
671.50; 2.0889150978; -49.2606278553
671.75; 2.0909841739; -51.0481147494
672.00; 2.0930135380; -52.6137570632
672.25; 2.0949837008; -53.9102287836
672.50; 2.0969051305; -54.9127649876
672.75; 2.0987719179; -55.5937300954
673.00; 2.1005768990; -55.9309547335
673.25; 2.1023259791; -55.9087013558
673.50; 2.1040232910; -55.5236728029
673.75; 2.1056629288; -54.7846969165
674.00; 2.1072459999; -53.7040338445
674.25; 2.1087755295; -52.3154760455
674.50; 2.1102497398; -50.6502022637
674.75; 2.1116721939; -48.7483660210
675.00; 2.1130430548; -46.6623846362
675.25; 2.1143699744; -44.4301906152
675.50; 2.1156579020; -42.1049848506
675.75; 2.1169071829; -39.7153205167
676.00; 2.1181176393; -37.3458279807
676.25; 2.1192920517; -35.0392280686
676.50; 2.1204330973; -32.8385931419
676.75; 2.1215391688; -30.7922345014
677.00; 2.1226187760; -28.9241229199
677.25; 2.1236655444; -27.2939158004
677.50; 2.1246810211; -25.9203099128
677.75; 2.1256694247; -24.8230471338
678.00; 2.1266360262; -24.0175745042
678.25; 2.1275809292; -23.5093576711
678.50; 2.1285088809; -23.3198604196
678.75; 2.1294145113; -23.4539704333
679.00; 2.1302995220; -23.9103752379
679.25; 2.1311634704; -24.6750206779
679.50; 2.1320050234; -25.7446374256
679.75; 2.1328216929; -27.0914392025
680.00; 2.1336118475; -28.6813678822
680.25; 2.1343770622; -30.4817152663
680.50; 2.1351163505; -32.4482106908
680.75; 2.1358284644; -34.5262304721
681.00; 2.1365112293; -36.6579545176
681.25; 2.1371631484; -38.7751482422
681.50; 2.1377817272; -40.8065170483
681.75; 2.1383658230; -42.6805991093
682.00; 2.1389151488; -44.3302660394
682.25; 2.1394276386; -45.6833766611
682.50; 2.1399029862; -46.6831920300
682.75; 2.1403402838; -47.2692656864
683.00; 2.1407403105; -47.3996488439
683.25; 2.1411014791; -47.0456081403
683.50; 2.1414241998; -46.1940274366
683.75; 2.1417096228; -44.8500860764
684.00; 2.1419591312; -43.0349632669
684.25; 2.1421748343; -40.7835309964
684.50; 2.1423589320; -38.1445701296
684.75; 2.1425135630; -35.1950069052
685.00; 2.1426412796; -32.0157558974
685.25; 2.1427458866; -28.6655095570
685.50; 2.1428298219; -25.2475496286
685.75; 2.1428963683; -21.8356395048
686.00; 2.1429484851; -18.5296590354
686.25; 2.1429891920; -15.4020728864
686.50; 2.1430214330; -12.5147686503
686.75; 2.1430475882; -9.9525428564
687.00; 2.1430701004; -7.7567027510
687.25; 2.1430909240; -5.9739852152
687.50; 2.1431117094; -4.6365782351
687.75; 2.1431334781; -3.7825720738
688.00; 2.1431570007; -3.4242809507
688.25; 2.1431825366; -3.5679579514
688.50; 2.1432099764; -4.2119123430
688.75; 2.1432386804; -5.3431984380
689.00; 2.1432673680; -6.9266038133
689.25; 2.1432947879; -8.9408363214
689.50; 2.1433190717; -11.3452837429
689.75; 2.1433380064; -14.0917877407
690.00; 2.1433490765; -17.1365008839
690.25; 2.1433494228; -20.3947444953
690.50; 2.1433360788; -23.8017375627
690.75; 2.1433059583; -27.2870214084
691.00; 2.1432555654; -30.8077054372
691.25; 2.1431817388; -34.2811200773
691.50; 2.1430809373; -37.6441389492
691.75; 2.1429502357; -40.8149251187
692.00; 2.1427866525; -43.7237393743
692.25; 2.1425876829; -46.3097139508
692.50; 2.1423500291; -48.5286067973
692.75; 2.1420716989; -50.3426657684
693.00; 2.1417493500; -51.7231664690
693.25; 2.1413846390; -52.6366494988
693.50; 2.1409742373; -53.0845598145
693.75; 2.1405176808; -53.0735877808
694.00; 2.1400159746; -52.6236167017
694.25; 2.1394662191; -51.7651134884
694.50; 2.1388742227; -50.5525964522
694.75; 2.1382429694; -49.0358558234
695.00; 2.1375685886; -47.2581258333
695.25; 2.1368558170; -45.2851464021
695.50; 2.1361043340; -43.1687964785
695.75; 2.1353161428; -40.9679351493
696.00; 2.1344907691; -38.7272911080
696.25; 2.1336328243; -36.5030614190
696.50; 2.1327413826; -34.3308901844
696.75; 2.1318230786; -32.2619414254
697.00; 2.1308733507; -30.3117126972
697.25; 2.1299046203; -28.5267222668
697.50; 2.1289128973; -26.9169142011
697.75; 2.1279066575; -25.5083909131
698.00; 2.1268787013; -24.2997589877
698.25; 2.1258308356; -23.2988051555
698.50; 2.1247627071; -22.4984593379
698.75; 2.1236752736; -21.9120952945
699.00; 2.1225690860; -21.5390946963
699.25; 2.1214453149; -21.3770978030
699.50; 2.1203086888; -21.4213407105
699.75; 2.1191611798; -21.6617274248
700.00; 2.1179983714; -22.0910264414
700.25; 2.1168186298; -22.6992329021
700.50; 2.1156163403; -23.4736413670
700.75; 2.1144008887; -24.3873448591
701.00; 2.1131756495; -25.4153064210
701.25; 2.1119264112; -26.5439423960
701.50; 2.1106498303; -27.7495518430
701.75; 2.1093477233; -28.9936839749
702.00; 2.1080255563; -30.2415618829
702.25; 2.1066763504; -31.4667802793
702.50; 2.1052999089; -32.6321866486
702.75; 2.1038992956; -33.7017273714
703.00; 2.1024779425; -34.6422242831
703.25; 2.1010232590; -35.4326714361
703.50; 2.0995420763; -36.0447715272
703.75; 2.0980289943; -36.4600470235
704.00; 2.0964838012; -36.6610370312
704.25; 2.0949086017; -36.6378305958
704.50; 2.0933107173; -36.3842033841
704.75; 2.0916834311; -35.8896595629
705.00; 2.0900258787; -35.1679104426
705.25; 2.0883344458; -34.2142050184
705.50; 2.0866201147; -33.0394864697
705.75; 2.0848829693; -31.6530106173
706.00; 2.0831189012; -30.0713434547
706.25; 2.0813360077; -28.2986657925
706.50; 2.0795324255; -26.3528293297
706.75; 2.0777222827; -24.2644020809
707.00; 2.0758916999; -22.0339951471
707.25; 2.0740430270; -19.6805518335
707.50; 2.0721807601; -17.2257582584
707.75; 2.0703091365; -14.6924988877
708.00; 2.0684284699; -12.0986236169
708.25; 2.0665382004; -9.4603382311
708.50; 2.0646440273; -6.8023549047
708.75; 2.0627434920; -4.1365737284
709.00; 2.0608439946; -1.4882820452
709.25; 2.0589444099; 1.1310235214
709.50; 2.0570482010; 3.7062761961
709.75; 2.0551560544; 6.2280390293
710.00; 2.0532729618; 8.6835194210
710.25; 2.0514127528; 11.0522861837
710.50; 2.0495679611; 13.3472548398
710.75; 2.0477408297; 15.5647537362
711.00; 2.0459280171; 17.7170178991
711.25; 2.0441348446; 19.8066439942
711.50; 2.0423561903; 21.8504742094
711.75; 2.0405971498; 23.8519896891
712.00; 2.0388620349; 25.8202246806
712.25; 2.0371395944; 27.7844595534
712.50; 2.0354427977; 29.7427425239
712.75; 2.0337746461; 31.7032608799
713.00; 2.0321339747; 33.6754078148
713.25; 2.0305268169; 35.6563515677
713.50; 2.0289595328; 37.6398319556
713.75; 2.0274268089; 39.6301080181
714.00; 2.0259277744; 41.6202139730
714.25; 2.0244650153; 43.5949083631
714.50; 2.0230403676; 45.5360829880
714.75; 2.0216571757; 47.4202361430
715.00; 2.0203120384; 49.2326384638
715.25; 2.0190133364; 50.9365873626
715.50; 2.0177580771; 52.5176439676
715.75; 2.0165538293; 53.9484517637
716.00; 2.0153947771; 55.2159367911
716.25; 2.0142838632; 56.3035969228
716.50; 2.0132256132; 57.1947000342
716.75; 2.0122159853; 57.8850319668
717.00; 2.0112568970; 58.3685654847
717.25; 2.0103543091; 58.6420124010
717.50; 2.0095021993; 58.7120218541
717.75; 2.0087045254; 58.5835033989
718.00; 2.0079611659; 58.2670663752
718.25; 2.0072690409; 57.7757079347
718.50; 2.0066300632; 57.1240954699
718.75; 2.0060448201; 56.3345179649
719.00; 2.0055092685; 55.4265038211
719.25; 2.0050265152; 54.4293143053
719.50; 2.0045921957; 53.3586620510
719.75; 2.0042059892; 52.2382905884
720.00; 2.0038668520; 51.0901612185
720.25; 2.0035730224; 49.9293909879
720.50; 2.0033247484; 48.7750179146
720.75; 2.0031219008; 47.6531017284
721.00; 2.0029635632; 46.5756369052
721.25; 2.0028492737; 45.5560778586
721.50; 2.0027782478; 44.5987687798
721.75; 2.0027499941; 43.7046557487
722.00; 2.0027641196; 42.8718464619
722.25; 2.0028201824; 42.0886830309
722.50; 2.0029177482; 41.3391742979
722.75; 2.0030567550; 40.6009986926
723.00; 2.0032366438; 39.8498337657
723.25; 2.0034578048; 39.0496526421
723.50; 2.0037197302; 38.1671748889
723.75; 2.0040215614; 37.1674324591
724.00; 2.0043644988; 36.0077205393
724.25; 2.0047453016; 34.6621923812
724.50; 2.0051623051; 33.1039221081
724.75; 2.0056165800; 31.2996100777
725.00; 2.0061093908; 29.2217637365
725.25; 2.0066357087; 26.8738724265
725.50; 2.0071910164; 24.2672497701
725.75; 2.0077737735; 21.4060078037
726.00; 2.0083803506; 18.3100094538
726.25; 2.0090143242; 14.9692909430
726.50; 2.0096712733; 11.4144354793
726.75; 2.0103459721; 7.6854803846
727.00; 2.0110357146; 3.8128017446
727.25; 2.0117410894; -0.1902725446
727.50; 2.0124530804; -4.2550232795
727.75; 2.0131671781; -8.3372855447
728.00; 2.0138865716; -12.4374696827
728.25; 2.0146030233; -16.4922233527
728.50; 2.0153134480; -20.4685636863
728.75; 2.0160130602; -24.3256422027
729.00; 2.0166971462; -28.0238289294
729.25; 2.0173631860; -31.5430261470
729.50; 2.0180080323; -34.8517454317
729.75; 2.0186293615; -37.9356169382
730.00; 2.0192264737; -40.7835071145
730.25; 2.0197937684; -43.3669142559
730.50; 2.0203285821; -45.6677443484
730.75; 2.0208290510; -47.6804355824
731.00; 2.0212951026; -49.4064303977
731.25; 2.0217223195; -50.8317613214
731.50; 2.0221107869; -51.9641761768
731.75; 2.0224588635; -52.8092343379
732.00; 2.0227655246; -53.3758506519
732.25; 2.0230308461; -53.6709519084
732.50; 2.0232539337; -53.7044711669
732.75; 2.0234343399; -53.4983877435
733.00; 2.0235728721; -53.0623257167
733.25; 2.0236695406; -52.4128739577
733.50; 2.0237244818; -51.5696234670
733.75; 2.0237390261; -50.5379051269
734.00; 2.0237138410; -49.3362315271
734.25; 2.0236498570; -47.9826614522
734.50; 2.0235484225; -46.4902712711
734.75; 2.0234101632; -44.8595462592
735.00; 2.0232367339; -43.1035771822
735.25; 2.0230299955; -41.2341219890
735.50; 2.0227911370; -39.2550563817
735.75; 2.0225219976; -37.1798642970
736.00; 2.0222248890; -35.0153681776
736.25; 2.0219013256; -32.7675836196
736.50; 2.0215524417; -30.4383541486
736.75; 2.0211820529; -28.0396291357
737.00; 2.0207899357; -25.5619891353
737.25; 2.0203800930; -23.0236292527
737.50; 2.0199543024; -20.4279788965
737.75; 2.0195150313; -17.7819565669
738.00; 2.0190651526; -15.0941293941
738.25; 2.0186047826; -12.3558971315
738.50; 2.0181387547; -9.5858237442
738.75; 2.0176715047; -6.7975811252
739.00; 2.0172002760; -3.9630527637
739.25; 2.0167283557; -1.0880937226
739.50; 2.0162598748; 1.8182263369
739.75; 2.0157972892; 4.7573130187
740.00; 2.0153430102; 7.7299913132
740.25; 2.0148997715; 10.7361423317
740.50; 2.0144705819; 13.7705256483
740.75; 2.0140580746; 16.8289137729
741.00; 2.0136656725; 19.8979443746
741.25; 2.0132948084; 22.9727158459
741.50; 2.0129503571; 26.0171113403
741.75; 2.0126337293; 29.0197242548
742.00; 2.0123469526; 31.9605277491
742.25; 2.0120931328; 34.8055714692
742.50; 2.0118742126; 37.5309389469
742.75; 2.0116928464; 40.1030684022
743.00; 2.0115520830; 42.4832212519
743.25; 2.0114540448; 44.6457103487
743.50; 2.0114002379; 46.5788334917
743.75; 2.0113925570; 48.2630253641
744.00; 2.0114325843; 49.6768936378
744.25; 2.0115221650; 50.8256011195
744.50; 2.0116625399; 51.7009351152
744.75; 2.0118540780; 52.2974387714
745.00; 2.0120985154; 52.6190415189
745.25; 2.0123957253; 52.6697896838
745.50; 2.0127450963; 52.4568329436
745.75; 2.0131477363; 51.9879000840
746.00; 2.0136017768; 51.2757885451
746.25; 2.0141055668; 50.3320475234
746.50; 2.0146606759; 49.1641432319
746.75; 2.0152665752; 47.7755634645
747.00; 2.0159214846; 46.1907116826
747.25; 2.0166231250; 44.4261152461
747.50; 2.0173708589; 42.4948539555
747.75; 2.0181592329; 40.4197413208
748.00; 2.0189910878; 38.1982827377
748.25; 2.0198638697; 35.8588768028
748.50; 2.0207767681; 33.4149188702
748.75; 2.0217251815; 30.8949489315
749.00; 2.0227109112; 28.3081036924
749.25; 2.0237308145; 25.6777263948
749.50; 2.0247867899; 23.0095893742
749.75; 2.0258705053; 20.3437751310
750.00; 2.0269837980; 17.6948122522
750.25; 2.0281242818; 15.0851133992
750.50; 2.0292918874; 12.5325438981
750.75; 2.0304816712; 10.0639354489
751.00; 2.0316928019; 7.6959166749
751.25; 2.0329236149; 5.4499747579
751.50; 2.0341694923; 3.3514361720
751.75; 2.0354337919; 1.4098151570
752.00; 2.0367185519; -0.3646847845
752.25; 2.0380232928; -1.9569508231
752.50; 2.0393457780; -3.3529878517
752.75; 2.0406865409; -4.5521317020
753.00; 2.0420367533; -5.5437137366
753.25; 2.0433972528; -6.3296533201
753.50; 2.0447710934; -6.9163517725
753.75; 2.0461583331; -7.3119773791
754.00; 2.0475499456; -7.5280282004
754.25; 2.0489453203; -7.5840278964
754.50; 2.0503427093; -7.5044550051
754.75; 2.0517562442; -7.3147416608
755.00; 2.0531872386; -7.0396316745
755.25; 2.0546296643; -6.7101803919
755.50; 2.0560905003; -6.3560673569
755.75; 2.0575596183; -6.0112419980
756.00; 2.0590414545; -5.7056415329
756.25; 2.0605287636; -5.4700674657
756.50; 2.0620249592; -5.3277404979
756.75; 2.0635346824; -5.3100446536
757.00; 2.0650634494; -5.4358644882
757.25; 2.0666015939; -5.7226165238
757.50; 2.0681568917; -6.1863525436
757.75; 2.0697302997; -6.8371406585
758.00; 2.0713204216; -7.6782986454
758.25; 2.0729302745; -8.7147810225
758.50; 2.0745614582; -9.9464378738
758.75; 2.0762018200; -11.3584049596
759.00; 2.0778605804; -12.9456195335
759.25; 2.0795251010; -14.6812967306
759.50; 2.0811990877; -16.5511298762
759.75; 2.0828918389; -18.5436408046
760.00; 2.0845913800; -20.6198795434
760.25; 2.0863002909; -22.7574911774
760.50; 2.0880210854; -24.9329916497
760.75; 2.0897461180; -27.1100452784
761.00; 2.0914725351; -29.2595232927
761.25; 2.0932012310; -31.3591301530
761.50; 2.0949302802; -33.3869081783
761.75; 2.0966565820; -35.3216653122
762.00; 2.0983754522; -37.1469129323
762.25; 2.1000920090; -38.8605579746
762.50; 2.1018008876; -40.4569611550
762.75; 2.1034999583; -41.9385434013
763.00; 2.1051944031; -43.3194672403
763.25; 2.1068829113; -44.6130306386
763.50; 2.1085613119; -45.8341217398
763.75; 2.1102322373; -47.0025516401
764.00; 2.1118954209; -48.1399207531
764.25; 2.1135383105; -49.2604256127
764.50; 2.1151601559; -50.3892496356
764.75; 2.1167681711; -51.5539232653
765.00; 2.1183592935; -52.7655425374
765.25; 2.1199392834; -54.0418137930
765.50; 2.1215049343; -55.3951846611
765.75; 2.1230492736; -56.8270939997
766.00; 2.1245789334; -58.3473234032
766.25; 2.1260882896; -59.9506248277
766.50; 2.1275736407; -61.6300568078
766.75; 2.1290415394; -63.3877015421
767.00; 2.1304868751; -65.2094253740
767.25; 2.1318991618; -67.0713992844
767.50; 2.1332781176; -68.9582127128
767.75; 2.1346299097; -70.8687961007
768.00; 2.1359506435; -72.7821985840
768.25; 2.1372394012; -74.6821015040
768.50; 2.1384944135; -76.5514443348
768.75; 2.1397173515; -78.3788004807
769.00; 2.1409047146; -80.1509013700
769.25; 2.1420507285; -81.8491397919
769.50; 2.1431599985; -83.4622508425
769.75; 2.1442340340; -84.9818495531
770.00; 2.1452701705; -86.3960137141
770.25; 2.1462665816; -87.6952855126
770.50; 2.1472213127; -88.8730936233
770.75; 2.1481342062; -89.9302320647
771.00; 2.1490065048; -90.8564927157
771.25; 2.1498329189; -91.6478398172
771.50; 2.1506125306; -92.3004826320
771.75; 2.1513476388; -92.8149888670
772.00; 2.1520384225; -93.1897408452
772.25; 2.1526865605; -93.4183436294
772.50; 2.1532886987; -93.4952912588
772.75; 2.1538483264; -93.4150573592
773.00; 2.1543647404; -93.1713997551
773.25; 2.1548351701; -92.7590667141
773.50; 2.1552600112; -92.1719435660
773.75; 2.1556407102; -91.4031454051
774.00; 2.1559803128; -90.4423329549
774.25; 2.1562790577; -89.2866760727
774.50; 2.1565379278; -87.9340733248
774.75; 2.1567591944; -86.3795663992
775.00; 2.1569437058; -84.6303477750
775.25; 2.1570930576; -82.6928606199
775.50; 2.1572096029; -80.5708370428
775.75; 2.1572957124; -78.2704068456
776.00; 2.1573538648; -75.7971546250
776.25; 2.1573860864; -73.1822382048
776.50; 2.1573948276; -70.4648140873
776.75; 2.1573828923; -67.6476831703
777.00; 2.1573530096; -64.7436873675
777.25; 2.1573079055; -61.7730177205
777.50; 2.1572503911; -58.7458283250
777.75; 2.1571837913; -55.7021886617
778.00; 2.1571105755; -52.6417685153
778.25; 2.1570340725; -49.5999665684
778.50; 2.1569567887; -46.5829083882
778.75; 2.1568822483; -43.6274066751
779.00; 2.1568128276; -40.7317219940
779.25; 2.1567515880; -37.9224577102
779.50; 2.1567010384; -35.2065206742
779.75; 2.1566639042; -32.5993046745
780.00; 2.1566427239; -30.1161519384
780.25; 2.1566399148; -27.7787664285
780.50; 2.1566576284; -25.5871666194
780.75; 2.1566979347; -23.5486860901
781.00; 2.1567627984; -21.6669646261
781.25; 2.1568540484; -19.9447682578
781.50; 2.1569734244; -18.3819869270
781.75; 2.1571211646; -16.9891890800
782.00; 2.1572996490; -15.7541074840
782.25; 2.1575101407; -14.6666165609
782.50; 2.1577521840; -13.7183121639
782.75; 2.1580258370; -12.9113010435
783.00; 2.1583320757; -12.2245987606
783.25; 2.1586711665; -11.6445358627
783.50; 2.1590438548; -11.1577102108
783.75; 2.1594513711; -10.7526479971
784.00; 2.1598920402; -10.4227439847
784.25; 2.1603648717; -10.1626683621
784.50; 2.1608728339; -9.9731093477
784.75; 2.1614102524; -9.8574206607
785.00; 2.1619833774; -9.8236954976
785.25; 2.1625876547; -9.8829555484
785.50; 2.1632239723; -10.0507490123
785.75; 2.1638927686; -10.3434096242
786.00; 2.1645947756; -10.7800620214
786.25; 2.1653236313; -11.3716518478
786.50; 2.1660773508; -12.1305922678
786.75; 2.1668592355; -13.0718656794
787.00; 2.1676697963; -14.2042400137
787.25; 2.1685064165; -15.5280351802
787.50; 2.1693672302; -17.0382588871
787.75; 2.1702505046; -18.7263053827
788.00; 2.1711512174; -20.5675441584
788.25; 2.1720643249; -22.5313523112
788.50; 2.1729949867; -24.6062684155
788.75; 2.1739431403; -26.7671940222
789.00; 2.1749008246; -28.9696820720
789.25; 2.1758686080; -31.1886729270
789.50; 2.1768394442; -33.3836390065
789.75; 2.1778115502; -35.5297502270
790.00; 2.1787856588; -37.6131813076
790.25; 2.1797598316; -39.6217630221
790.50; 2.1807271657; -41.5331515824
790.75; 2.1816858318; -43.3491130883
791.00; 2.1826399495; -45.0815634766
791.25; 2.1835837059; -46.7292112231
791.50; 2.1845155609; -48.3036828733
791.75; 2.1854387003; -49.8277961302
792.00; 2.1863473350; -51.3120525601
792.25; 2.1872380575; -52.7738613976
792.50; 2.1881113391; -54.2266216049
792.75; 2.1889690670; -55.6910473460
793.00; 2.1898074087; -57.1821260819
793.25; 2.1906241589; -58.7122611177
793.50; 2.1914140147; -60.2915938970
793.75; 2.1921784513; -61.9389304198
794.00; 2.1929194928; -63.6742493654
794.25; 2.1936333520; -65.5018363341
794.50; 2.1943149035; -67.4214154842
794.75; 2.1949634880; -69.4405192267
795.00; 2.1955774692; -71.5600673473
795.25; 2.1961528036; -73.7716240316
795.50; 2.1966892530; -76.0741276483
795.75; 2.1971833341; -78.4499523989
796.00; 2.1976319616; -80.8800269981
796.25; 2.1980354524; -83.3620337339
796.50; 2.1983876729; -85.8508351299
796.75; 2.1986876417; -88.3312115353
797.00; 2.1989327901; -90.7743395897
797.25; 2.1991202849; -93.1473101288
797.50; 2.1992476676; -95.4185817841
797.75; 2.1993119224; -97.5444208074
798.00; 2.1993107112; -99.4897882316
798.25; 2.1992417382; -101.2169919718
798.50; 2.1991028707; -102.6872573937
798.75; 2.1988922501; -103.8619307646
799.00; 2.1986081895; -104.7059287091
799.25; 2.1982486049; -105.1878403944
799.50; 2.1978149184; -105.2760322799
799.75; 2.1973064352; -104.9490255271
800.00; 2.1967209459; -104.1892777355
800.25; 2.1960616796; -102.9920007110
800.50; 2.1953281913; -101.3556812591
800.75; 2.1945217270; -99.2897114142
801.00; 2.1936386994; -96.7993954193
801.25; 2.1926851742; -93.9309153576
801.50; 2.1916660947; -90.7116190158
801.75; 2.1905758433; -87.1521562226
802.00; 2.1894221383; -83.3094194775
802.25; 2.1882119142; -79.2404745242
802.50; 2.1869429995; -74.9723812804
802.75; 2.1856193979; -70.5527686314
803.00; 2.1842482664; -66.0386572127
803.25; 2.1828294689; -61.4602533118
803.50; 2.1813690229; -56.8639397311
803.75; 2.1798649227; -52.2680929122
804.00; 2.1783263029; -47.7251484134
804.25; 2.1767536701; -43.2566031954
804.50; 2.1751504216; -38.8901816318
804.75; 2.1735178617; -34.6450175788
805.00; 2.1718744671; -30.5816729268
805.25; 2.1702069846; -26.6784875621
805.50; 2.1685286956; -22.9720955276
805.75; 2.1668361235; -19.4618952967
806.00; 2.1651312607; -16.1548588906
806.25; 2.1634120487; -13.0489928076
806.50; 2.1616772630; -10.1413575043
806.75; 2.1599295742; -7.4340303275
807.00; 2.1581837430; -4.9470632295
807.25; 2.1564416918; -2.6740767614
807.50; 2.1546951688; -0.5922472327
807.75; 2.1529531750; 1.3020066028
808.00; 2.1512154635; 3.0270837046
808.25; 2.1494839055; 4.6130091963
808.50; 2.1477578815; 6.0799485697
808.75; 2.1460387065; 7.4598196883
809.00; 2.1443233930; 8.7861731735
809.25; 2.1426208680; 10.0822152052
809.50; 2.1409221119; 11.3966214373
809.75; 2.1392264992; 12.7581146321
810.00; 2.1375332406; 14.1930972128
810.25; 2.1358454348; 15.7223479149
810.50; 2.1341716612; 17.3573136432
810.75; 2.1325114710; 19.1085333965
811.00; 2.1308669581; 20.9778852695
811.25; 2.1292388089; 22.9624555655
811.50; 2.1276224794; 25.0583122792
811.75; 2.1260216301; 27.2390467086
812.00; 2.1244468534; 29.4742151365
812.25; 2.1228895700; 31.7517570373
812.50; 2.1213531930; 34.0393306191
812.75; 2.1198403736; 36.3029412783
813.00; 2.1183410443; 38.5281035459
813.25; 2.1168638489; 40.6729856018
813.50; 2.1154145151; 42.7005233867
813.75; 2.1139853557; 44.5936528685
814.00; 2.1125824174; 46.3170540677
814.25; 2.1112083869; 47.8430042383
814.50; 2.1098587940; 49.1548714123
814.75; 2.1085466021; 50.2229041248
815.00; 2.1072726071; 51.0337000466
815.25; 2.1060373832; 51.5745573333
815.50; 2.1048375577; 51.8406520506
815.75; 2.1036747835; 51.8261150066
816.00; 2.1025449815; 51.5314048017
816.25; 2.1014471027; 50.9609235238
816.50; 2.1003818130; 50.1241810463
816.75; 2.0993393066; 49.0195891095
817.00; 2.0983273448; 47.6698900318
817.25; 2.0973418407; 46.0896387851
817.50; 2.0963817435; 44.2995496311
817.75; 2.0954468703; 42.3260133757
818.00; 2.0945323893; 40.1904815843
818.25; 2.0936359517; 37.9205262457
818.50; 2.0927558109; 35.5483283118
818.75; 2.0918895715; 33.1076045127
819.00; 2.0910373605; 30.6406945094
819.25; 2.0901962060; 28.1821083466
819.50; 2.0893612332; 25.7611167882
819.75; 2.0885324045; 23.4205058505
820.00; 2.0877046181; 21.1873173754
820.25; 2.0868756241; 19.0939351521
820.50; 2.0860468846; 17.1778842505
820.75; 2.0852134355; 15.4580240972
821.00; 2.0843734032; 13.9564286390
821.25; 2.0835276874; 12.6948466285
821.50; 2.0826750096; 11.6860760093
821.75; 2.0818114462; 10.9354427218
822.00; 2.0809378898; 10.4487293423
822.25; 2.0800529539; 10.2252765693
822.50; 2.0791593001; 10.2612954015
822.75; 2.0782535097; 10.5484943612
823.00; 2.0773378449; 11.0739229990
823.25; 2.0764127860; 11.8221943371
823.50; 2.0754824250; 12.7720827508
823.75; 2.0745471132; 13.9022063775
824.00; 2.0736028529; 15.1966591540
824.25; 2.0726491610; 16.6349327725
824.50; 2.0716820462; 18.2008573836
824.75; 2.0707089583; 19.8609874626
825.00; 2.0697282559; 21.5963000778
825.25; 2.0687397129; 23.3876324093
825.50; 2.0677463049; 25.2102156845
825.75; 2.0667548817; 27.0337262294
826.00; 2.0657616644; 28.8489066983
826.25; 2.0647680819; 30.6398023394
826.50; 2.0637797126; 32.3803743118
826.75; 2.0627922542; 34.0734494913
827.00; 2.0618105811; 35.6960066475
827.25; 2.0608332551; 37.2466667380
827.50; 2.0598615438; 38.7173535030
827.75; 2.0588984679; 40.1022936726
828.00; 2.0579430705; 41.4011554892
828.25; 2.0569976445; 42.6139932988
828.50; 2.0560665027; 43.7398980318
828.75; 2.0551454930; 44.7875550244
829.00; 2.0542378937; 45.7586284372
829.25; 2.0533419793; 46.6603105068
829.50; 2.0524582549; 47.5041838811
829.75; 2.0515882338; 48.2982015792
830.00; 2.0507302849; 49.0515072803
830.25; 2.0498898411; 49.7695040886
830.50; 2.0490652369; 50.4562649671
830.75; 2.0482569190; 51.1212697718
831.00; 2.0474649371; 51.7651322869
831.25; 2.0466937474; 52.3892615802
831.50; 2.0459426104; 53.0013930178
831.75; 2.0452090686; 53.5989341168
832.00; 2.0444934516; 54.1868647316
832.25; 2.0437978586; 54.7662426712
832.50; 2.0431261402; 55.3345302112
832.75; 2.0424742485; 55.8943598758
833.00; 2.0418430473; 56.4428584666
833.25; 2.0412318316; 56.9766653868
833.50; 2.0406423681; 57.4894951464
833.75; 2.0400776779; 57.9691342481
834.00; 2.0395375154; 58.4057101548
834.25; 2.0390214103; 58.7873387346
834.50; 2.0385314536; 59.0987976594
834.75; 2.0380694040; 59.3201825337
835.00; 2.0376343460; 59.4404654626
835.25; 2.0372259916; 59.4459645991
835.50; 2.0368443510; 59.3225834252
835.75; 2.0364883349; 59.0572222387
836.00; 2.0361575199; 58.6385784313
836.25; 2.0358513532; 58.0549803822
836.50; 2.0355700204; 57.3036174703
836.75; 2.0353115016; 56.3735741287
837.00; 2.0350761689; 55.2785974518
837.25; 2.0348630842; 54.0109770255
837.50; 2.0346712156; 52.5798350065
837.75; 2.0344992964; 50.9930324846
838.00; 2.0343455375; 49.2582133613
838.25; 2.0342082746; 47.3835016727
838.50; 2.0340871079; 45.3986426227
838.75; 2.0339795917; 43.3053308102
839.00; 2.0338842171; 41.1224556153
839.25; 2.0337992058; 38.8667383721
839.50; 2.0337229108; 36.5550294341
839.75; 2.0336533866; 34.1984333486
840.00; 2.0335887183; 31.8084442068
840.25; 2.0335269009; 29.3923677713
840.50; 2.0334659459; 26.9558403592
840.75; 2.0334041177; 24.5167277964
841.00; 2.0333397034; 22.0936966998
841.25; 2.0332700463; 19.6675380430
841.50; 2.0331936342; 17.2618803567
841.75; 2.0331083484; 14.8801237366
842.00; 2.0330125382; 12.5392822566
842.25; 2.0329032545; 10.2230169302
842.50; 2.0327795610; 7.9653421695
842.75; 2.0326396902; 5.7802110028
843.00; 2.0324812746; 3.6720783371
843.25; 2.0323029250; 1.6619310957
843.50; 2.0321028359; -0.2366239655
843.75; 2.0318789064; -2.0130980654
844.00; 2.0316311537; -3.6399869175
844.25; 2.0313560683; -5.1152485055
844.50; 2.0310522134; -6.4232773462
844.75; 2.0307203678; -7.5415948353
845.00; 2.0303586564; -8.4606126181
845.25; 2.0299665600; -9.1686681019
845.50; 2.0295425350; -9.6583632261
845.75; 2.0290870367; -9.9218588343
846.00; 2.0286005460; -9.9519567325
846.25; 2.0280834192; -9.7451404852
846.50; 2.0275371467; -9.3003272805
846.75; 2.0269609891; -8.6168899488
847.00; 2.0263545035; -7.6930527303
847.25; 2.0257175515; -6.5285096605
847.50; 2.0250564259; -5.1355333945
847.75; 2.0243694225; -3.5122778615
848.00; 2.0236596385; -1.6681588431
848.25; 2.0229299320; 0.3865073587
848.50; 2.0221821848; 2.6417472942
848.75; 2.0214153140; 5.0950161337
849.00; 2.0206295942; 7.7394867433
849.25; 2.0198293331; 10.5526612332
849.50; 2.0190223805; 13.4950455970
849.75; 2.0182091715; 16.5586269451
850.00; 2.0173898642; 19.7222745524
850.25; 2.0165716472; 22.9458709897
850.50; 2.0157551031; 26.2118058963
850.75; 2.0149422780; 29.4967111504
851.00; 2.0141413522; 32.7528824429
851.25; 2.0133491781; 35.9798408970
851.50; 2.0125674103; 39.1582931425
851.75; 2.0118020153; 42.2537344502
852.00; 2.0110572915; 45.2415161253
852.25; 2.0103371673; 48.1015236151
852.50; 2.0096419172; 50.8314281670
852.75; 2.0089765254; 53.4138940030
853.00; 2.0083417970; 55.8494500137
853.25; 2.0077398235; 58.1382925594
853.50; 2.0071720934; 60.2879809766
853.75; 2.0066426671; 62.2952620642
854.00; 2.0061553721; 64.1582545284
854.25; 2.0057097180; 65.8978943849
854.50; 2.0053089101; 67.5169340464
854.75; 2.0049532161; 69.0230564206
855.00; 2.0046421543; 70.4337717244
855.25; 2.0043782529; 71.7498064148
855.50; 2.0041637780; 72.9716978895
855.75; 2.0039993377; 74.1034968366
856.00; 2.0038869585; 75.1398178565
856.25; 2.0038272131; 76.0825386903
856.50; 2.0038211080; 76.9304009193
856.75; 2.0038695968; 77.6813915264
857.00; 2.0039734716; 78.3330464586
857.25; 2.0041339213; 78.8870469416
857.50; 2.0043512991; 79.3405015547
857.75; 2.0046267513; 79.6942095986
858.00; 2.0049611538; 79.9489723248
858.25; 2.0053539986; 80.1040612167
858.50; 2.0058053564; 80.1598645663
858.75; 2.0063147565; 80.1164813079
859.00; 2.0068836672; 79.9734875919
859.25; 2.0075103184; 79.7302213149
859.50; 2.0081966057; 79.3822407165
859.75; 2.0089432959; 78.9250501766
860.00; 2.0097461747; 78.3559290388
860.25; 2.0106109738; 77.6627056694
860.50; 2.0115305254; 76.8440331270
860.75; 2.0125073965; 75.8897034899
861.00; 2.0135411249; 74.7933909611
861.25; 2.0146340001; 73.5454057999
861.50; 2.0157838256; 72.1414580583
861.75; 2.0169871538; 70.5798808077
862.00; 2.0182488196; 68.8496136341
862.25; 2.0195601937; 66.9585076388
862.50; 2.0209290510; 64.8916322624
862.75; 2.0223500088; 62.6567179427
863.00; 2.0238233935; 60.2524817555
863.25; 2.0253446947; 57.6876455394
863.50; 2.0269107193; 54.9668579532
863.75; 2.0285160148; 52.0988356223
864.00; 2.0301695308; 49.0697610426
864.25; 2.0318617838; 45.8971611053
864.50; 2.0335898565; 42.5857541331
864.75; 2.0353463982; 39.1496052226
865.00; 2.0371386291; 35.5728133728
865.25; 2.0389524816; 31.8825988999
865.50; 2.0408048915; 28.0441212402
865.75; 2.0426760035; 24.1003628615
866.00; 2.0445642188; 20.0569315769
866.25; 2.0464604950; 15.9368608248
866.50; 2.0483580493; 11.7605715225
866.75; 2.0502563234; 7.5368062526
867.00; 2.0521606938; 3.2611566348
867.25; 2.0540597146; -1.0297980394
867.50; 2.0559638879; -5.3483289219
867.75; 2.0578542252; -9.6392131949
868.00; 2.0597336674; -13.9010646552
868.25; 2.0616096831; -18.1268482402
868.50; 2.0634691522; -22.2775816541
868.75; 2.0653223987; -26.3621782963
869.00; 2.0671610711; -30.3428488932
869.25; 2.0689737953; -34.1914726164
869.50; 2.0707528394; -37.8725005421
869.75; 2.0724997063; -41.3791988935
870.00; 2.0742196062; -44.7124074530
870.25; 2.0759035245; -47.8467889369
870.50; 2.0775456030; -50.7656147763
870.75; 2.0791461094; -53.4654353933
871.00; 2.0807044676; -55.9427033197
871.25; 2.0822218790; -58.1977619905
871.50; 2.0836950246; -60.2247884020
871.75; 2.0851204504; -62.0185803791
872.00; 2.0864927917; -63.5693548173
872.25; 2.0878102548; -64.8762104690
872.50; 2.0890777235; -65.9434448106
872.75; 2.0902900678; -66.7654137563
873.00; 2.0914540289; -67.3450559352
873.25; 2.0925630312; -67.6780521976
873.50; 2.0936260738; -67.7670829946
873.75; 2.0946409085; -67.6127803347
874.00; 2.0956039587; -67.2197875464
874.25; 2.0965128557; -66.5973605192
874.50; 2.0973735048; -65.7526423895
874.75; 2.0981872602; -64.6978944257
875.00; 2.0989545315; -63.4501573874
875.25; 2.0996779813; -62.0253503512
875.50; 2.1003596385; -60.4453878200
875.75; 2.1010005578; -58.7360736275
876.00; 2.1016045496; -56.9165153225
876.25; 2.1021705602; -55.0224903848
876.50; 2.1027014900; -53.0784167604
876.75; 2.1031970271; -51.1219441321
877.00; 2.1036597704; -49.1764777008
877.25; 2.1040927657; -47.2591668005
877.50; 2.1044989403; -45.3821102279
877.75; 2.1048789437; -43.5699867107
878.00; 2.1052334700; -41.8359586931
878.25; 2.1055644518; -40.1853089176
878.50; 2.1058742713; -38.6120462634
878.75; 2.1061624844; -37.1214287007
879.00; 2.1064324929; -35.6905907663
879.25; 2.1066839365; -34.3144458750
879.50; 2.1069178289; -32.9812380729
879.75; 2.1071367348; -31.6592835039
880.00; 2.1073420686; -30.3296544033
880.25; 2.1075351393; -28.9712957517
880.50; 2.1077162059; -27.5680281345
880.75; 2.1078861586; -26.1000057341
881.00; 2.1080468556; -24.5437986776
881.25; 2.1081988982; -22.8875844511
881.50; 2.1083456362; -21.0927033713
881.75; 2.1084882366; -19.1481614804
882.00; 2.1086283121; -17.0428645738
882.25; 2.1087677903; -14.7668869959
882.50; 2.1089090911; -12.3090320547
882.75; 2.1090527882; -9.6982688751
883.00; 2.1092027927; -6.9122914537
883.25; 2.1093607306; -3.9806136349
883.50; 2.1095297883; -0.9140511987
883.75; 2.1097124687; 2.2535510902
884.00; 2.1099116621; 5.4885249741
884.25; 2.1101300016; 8.7447127928
884.50; 2.1103697639; 11.9730225110
884.75; 2.1106336815; 15.1269571535
885.00; 2.1109242584; 18.1552499354
885.25; 2.1112471044; 21.0422486514
885.50; 2.1116020864; 23.7158564197
885.75; 2.1119912412; 26.1340283967
886.00; 2.1124169430; 28.2583873450
886.25; 2.1128836369; 30.0652727775
886.50; 2.1133885358; 31.5096208924
886.75; 2.1139322647; 32.5656556309
887.00; 2.1145152111; 33.2136867178
887.25; 2.1151418218; 33.4473640630
887.50; 2.1158060507; 33.2579739395
887.75; 2.1165105557; 32.6453332051
888.00; 2.1172538416; 31.6151094039
888.25; 2.1180327750; 30.1808497520
888.50; 2.1188470344; 28.3562996822
888.75; 2.1196969797; 26.1566598868
889.00; 2.1205797846; 23.6076695412
889.25; 2.1214946169; 20.7325836349
889.50; 2.1224363739; 17.5703067722
889.75; 2.1234023936; 14.1547028190
890.00; 2.1243963762; 10.4988032318
890.25; 2.1254091887; 6.6634582384
890.50; 2.1264375220; 2.6902287979
890.75; 2.1274785748; -1.3805880532
891.00; 2.1285322508; -5.5177441740
891.25; 2.1295934101; -9.6688733884
891.50; 2.1306606397; -13.7962419814
891.75; 2.1317228732; -17.8251547330
892.00; 2.1327811476; -21.7287071722
892.25; 2.1338365768; -25.4817512920
892.50; 2.1348809900; -29.0284555334
892.75; 2.1359099997; -32.3314400461
893.00; 2.1369206333; -35.3629619578
893.25; 2.1379147347; -38.1154267964
893.50; 2.1388922597; -40.5806396032
893.75; 2.1398443180; -42.7344086971
894.00; 2.1407697077; -44.5778817714
894.25; 2.1416679188; -46.1206796298
894.50; 2.1425393046; -47.3791422535
894.75; 2.1433801213; -48.3678046084
895.00; 2.1441892413; -49.1088492902
895.25; 2.1449675441; -49.6294875267
895.50; 2.1457109012; -49.9553018958
895.75; 2.1464169899; -50.1151395808
896.00; 2.1470902467; -50.1400875053
896.25; 2.1477287231; -50.0590258195
896.50; 2.1483310802; -49.8988592492
896.75; 2.1488976053; -49.6880287258
897.00; 2.1494283834; -49.4527091437
897.25; 2.1499229362; -49.2180439614
897.50; 2.1503832352; -49.0068129049
897.75; 2.1508091378; -48.8391069838
898.00; 2.1511986917; -48.7357154061
898.25; 2.1515533314; -48.7152988236
898.50; 2.1518724890; -48.7936369375
898.75; 2.1521569824; -48.9875003336
899.00; 2.1524068929; -49.3078380428
899.25; 2.1526213753; -49.7590012269
899.50; 2.1527990935; -50.3444750448
899.75; 2.1529387594; -51.0614250303
900.00; 2.1530404239; -51.9071351303
900.25; 2.1531032876; -52.8669566258
900.50; 2.1531267549; -53.9278519777
900.75; 2.1531098218; -55.0624619642
901.00; 2.1530515341; -56.2396081037
901.25; 2.1529508600; -57.4213468874
901.50; 2.1528059448; -58.5690466062
901.75; 2.1526169169; -59.6217121908
902.00; 2.1523833530; -60.5222422715
902.25; 2.1521043956; -61.2146915776
902.50; 2.1517781272; -61.6452302181
902.75; 2.1514046032; -61.7578956297
903.00; 2.1509832249; -61.5026088555
903.25; 2.1505140984; -60.8363571744
903.50; 2.1499975912; -59.7249463327
903.75; 2.1494359200; -58.1487034814
904.00; 2.1488312366; -56.1012462961
904.25; 2.1481858929; -53.5898287301
904.50; 2.1474984254; -50.6183477820
904.75; 2.1467725354; -47.2215526947
905.00; 2.1460107593; -43.4391794164
905.25; 2.1452239025; -39.3616659799
905.50; 2.1444098869; -35.0193540586
905.75; 2.1435704726; -30.4626326085
906.00; 2.1427113367; -25.7668339752
906.25; 2.1418374485; -21.0073522333
906.50; 2.1409511220; -16.2336981721
906.75; 2.1400560885; -11.5035454376
907.00; 2.1391577471; -6.8775885787
907.25; 2.1382609288; -2.4051059089
907.50; 2.1373724657; 1.8562179988
907.75; 2.1364862019; 5.9181956989
908.00; 2.1356171227; 9.7005189435
908.25; 2.1347672040; 13.1843255435
908.50; 2.1339369330; 16.3650282899
908.75; 2.1331302717; 19.2244262756
909.00; 2.1323432260; 21.7721383780
909.25; 2.1315849900; 23.9796715563
909.50; 2.1308572437; 25.8446034912
909.75; 2.1301616228; 27.3658455678
910.00; 2.1294959845; 28.5570713431
910.25; 2.1288654751; 29.4137653441
910.50; 2.1282682391; 29.9451994579
910.75; 2.1277046345; 30.1629489504
911.00; 2.1271751710; 30.0799415038
911.25; 2.1266826621; 29.7129732670
911.50; 2.1262255193; 29.0821067694
911.75; 2.1258029465; 28.2099736610
912.00; 2.1254141008; 27.1241608147
912.25; 2.1250597453; 25.8594910956
912.50; 2.1247368792; 24.4414200034
912.75; 2.1244453538; 22.9088146304
913.00; 2.1241824322; 21.2867273735
913.25; 2.1239455011; 19.5985820551
913.50; 2.1237331822; 17.8743135929
913.75; 2.1235448093; 16.1495235962
914.00; 2.1233795022; 14.4560672836
914.25; 2.1232345007; 12.8022019842
914.50; 2.1231078868; 11.1988104619
914.75; 2.1229991014; 9.6684766837
915.00; 2.1229060119; 8.2045111220
915.25; 2.1228273342; 6.8142116830
915.50; 2.1227613410; 5.4882294811
915.75; 2.1227064745; 4.2168131346
916.00; 2.1226614771; 2.9939346418
916.25; 2.1226249726; 1.8093875614
916.50; 2.1225954472; 0.6473109821
916.75; 2.1225716742; -0.4982223398
917.00; 2.1225523860; -1.6350002234
917.25; 2.1225362160; -2.7711222050
917.50; 2.1225219072; -3.9059359295
917.75; 2.1225081741; -5.0432002526
918.00; 2.1224936980; -6.1822187512
918.25; 2.1224771757; -7.3242404949
918.50; 2.1224573463; -8.4636682055
918.75; 2.1224329667; -9.5950178417
919.00; 2.1224028419; -10.7109599526
919.25; 2.1223659265; -11.7985448815
919.50; 2.1223206216; -12.8640442805
919.75; 2.1222660213; -13.8979474030
920.00; 2.1222005519; -14.9040178265
920.25; 2.1221232753; -15.8741773350
920.50; 2.1220331898; -16.8040584382
920.75; 2.1219290937; -17.6917052145
921.00; 2.1218090624; -18.5398081393
921.25; 2.1216730575; -19.3356353885
921.50; 2.1215192853; -20.0799826771
921.75; 2.1213474808; -20.7678938808
922.00; 2.1211566756; -21.3904445135
922.25; 2.1209466966; -21.9455754216
922.50; 2.1207157602; -22.4275705091
922.75; 2.1204636843; -22.8214187180
923.00; 2.1201888346; -23.1212481956
923.25; 2.1198899660; -23.3137043899
923.50; 2.1195670383; -23.3967529040
923.75; 2.1192181525; -23.3660370622
924.00; 2.1188446589; -23.2193234448
924.25; 2.1184462267; -22.9591661714
924.50; 2.1180228757; -22.5878065429
924.75; 2.1175729088; -22.1045074488
925.00; 2.1170932628; -21.5182974719
925.25; 2.1165870201; -20.8419855825
925.50; 2.1160572245; -20.0898110049
925.75; 2.1154988047; -19.2662103183
926.00; 2.1149141315; -18.3879119960
926.25; 2.1143037573; -17.4651225288
926.50; 2.1136701340; -16.5100710738
926.75; 2.1130125066; -15.5292193749
927.00; 2.1123308212; -14.5271582946
927.25; 2.1116210592; -13.4995796391
927.50; 2.1108863334; -12.4487033227
927.75; 2.1101284927; -11.3709938253
928.00; 2.1093524374; -10.2621207686
928.25; 2.1085539118; -9.1053765350
928.50; 2.1077375483; -7.8917426054
928.75; 2.1069007470; -6.5950488878
929.00; 2.1060460013; -5.2014149429
929.25; 2.1051722283; -3.6852884581
929.50; 2.1042866842; -2.0376375605
929.75; 2.1033909428; -0.2401483919
930.00; 2.1024778253; 1.7407973329
930.25; 2.1015562106; 3.9029740029
930.50; 2.1006280124; 6.2509895186
930.75; 2.0996967770; 8.7871810462
931.00; 2.0987679951; 11.4997203120
931.25; 2.0978352185; 14.4104096266
931.50; 2.0969051551; 17.4953407054
931.75; 2.0959798966; 20.7544645847
932.00; 2.0950619101; 24.1685987420
932.25; 2.0941559068; 27.7083304885
932.50; 2.0932643655; 31.3563920150
932.75; 2.0923905421; 35.0765509504
933.00; 2.0915389422; 38.8353631361
933.25; 2.0907082476; 42.6176336017
933.50; 2.0899075468; 46.3686354452
933.75; 2.0891382311; 50.0587207345
934.00; 2.0884043127; 53.6461432410
934.25; 2.0877075491; 57.0990187707
934.50; 2.0870501726; 60.3819440764
934.75; 2.0864320569; 63.4670082579
935.00; 2.0858564873; 66.3163691755
935.25; 2.0853271346; 68.8936049337
935.50; 2.0848475049; 71.1629054356
935.75; 2.0844199790; 73.0987464444
936.00; 2.0840434529; 74.6930150973
936.25; 2.0837203612; 75.9294688797
936.50; 2.0834525120; 76.8015750183
936.75; 2.0832395973; 77.3165766948
937.00; 2.0830826590; 77.4874209062
937.25; 2.0829812759; 77.3374779217
937.50; 2.0829349570; 76.8965636916
937.75; 2.0829434580; 76.2013222255
938.00; 2.0830060924; 75.3036770684
938.25; 2.0831217294; 74.2588720081
938.50; 2.0832903230; 73.1122044073
938.75; 2.0835096502; 71.9326384252
939.00; 2.0837798954; 70.7676178436
939.25; 2.0840992461; 69.6738537502
939.50; 2.0844656039; 68.6998618768
939.75; 2.0848790358; 67.8797129802
940.00; 2.0853395494; 67.2384368821
940.25; 2.0858447069; 66.7925889399
940.50; 2.0863951115; 66.5422793386
940.75; 2.0869898644; 66.4766186063
941.00; 2.0876294908; 66.5730089807
941.25; 2.0883139156; 66.7980826231
941.50; 2.0890452398; 67.1124210281
941.75; 2.0898246379; 67.4699486480
942.00; 2.0906470306; 67.8167871260
942.25; 2.0915149041; 68.1003807780
942.50; 2.0924332494; 68.2685925333
942.75; 2.0933982194; 68.2684474291
943.00; 2.0944058510; 68.0511070486
943.25; 2.0954639197; 67.5702721190
943.50; 2.0965698613; 66.7866112979
943.75; 2.0977161235; 65.6715411832
944.00; 2.0989027819; 64.1960169605
944.25; 2.1001314136; 62.3341763636
944.50; 2.1013931439; 60.0867020106
944.75; 2.1026863901; 57.4445149349
945.00; 2.1040179069; 54.3837995397
945.25; 2.1053845700; 50.9132402537
945.50; 2.1067746535; 47.0707531312
945.75; 2.1081972561; 42.8406009262
946.00; 2.1096399844; 38.2711170408
946.25; 2.1110943403; 33.4084718010
946.50; 2.1125590811; 28.2819724857
946.75; 2.1140271733; 22.9448864477
947.00; 2.1154969757; 17.4369983423
947.25; 2.1169632231; 11.8167958101
947.50; 2.1184197394; 6.1529639664
947.75; 2.1198627433; 0.5011992878
948.00; 2.1212820854; -5.0445648609
948.25; 2.1226790792; -10.4381967365
948.50; 2.1240467570; -15.6031828338
948.75; 2.1253842452; -20.4779860358
949.00; 2.1266820387; -24.9869268884
949.25; 2.1279425265; -29.0989848346
949.50; 2.1291591722; -32.7629140098
949.75; 2.1303262038; -35.9407997200
950.00; 2.1314398557; -38.6168130996
950.25; 2.1324929237; -40.7792006203
950.50; 2.1334906068; -42.4573301767
950.75; 2.1344362274; -43.6826430849
951.00; 2.1353241423; -44.4856058537
951.25; 2.1361578829; -44.9129116168
951.50; 2.1369321012; -45.0105284734
951.75; 2.1376459140; -44.8300301109
952.00; 2.1382989049; -44.4237620384
952.25; 2.1388936968; -43.8400961764
952.50; 2.1394284702; -43.1275467442
952.75; 2.1399083088; -42.3221098648
953.00; 2.1403306300; -41.4664479046
953.25; 2.1406973966; -40.5902022769
953.50; 2.1410091119; -39.7199040138
953.75; 2.1412667656; -38.8805737320
954.00; 2.1414703999; -38.0948123963
954.25; 2.1416211106; -37.3762283624
954.50; 2.1417198488; -36.7342968119
954.75; 2.1417668822; -36.1790168337
955.00; 2.1417630370; -35.7110236711
955.25; 2.1417086627; -35.3350837141
955.50; 2.1416041973; -35.0578592659
955.75; 2.1414498804; -34.8735696625
956.00; 2.1412459665; -34.7770187240
956.25; 2.1409926507; -34.7614472970
956.50; 2.1406915461; -34.8185022270
956.75; 2.1403414176; -34.9370802064
957.00; 2.1399433618; -35.1021069227
957.25; 2.1395004786; -35.2943659224
957.50; 2.1390094077; -35.4940522963
957.75; 2.1384698584; -35.6773462554
958.00; 2.1378832461; -35.8167093032
958.25; 2.1372483024; -35.8827576498
958.50; 2.1365638119; -35.8433273918
958.75; 2.1358353056; -35.6646347167
959.00; 2.1350569563; -35.3113470982
959.25; 2.1342351277; -34.7538098558
959.50; 2.1333677711; -33.9577839892
959.75; 2.1324593864; -32.8976336303
960.00; 2.1315112141; -31.5485390721
960.25; 2.1305162809; -29.8763611808
960.50; 2.1294826167; -27.8710245070
960.75; 2.1284149297; -25.5245855080
961.00; 2.1273119721; -22.8260783547
961.25; 2.1261791541; -19.7844092709
961.50; 2.1250170972; -16.4001453640
961.75; 2.1238281070; -12.6846921406
962.00; 2.1226154801; -8.6577085031
962.25; 2.1213854947; -4.3549176919
962.50; 2.1201434259; 0.1848021401
962.75; 2.1188993717; 4.9000559971
963.00; 2.1176508274; 9.7715264720
963.25; 2.1164031245; 14.7471926759
963.50; 2.1151594015; 19.7804257471
963.75; 2.1139307598; 24.7894060250
964.00; 2.1127176346; 29.7331480483
964.25; 2.1115257948; 34.5484754105
964.50; 2.1103512965; 39.2112335382
964.75; 2.1092046151; 43.6397397282
965.00; 2.1080896636; 47.7790630418
965.25; 2.1070129235; 51.5671778323
965.50; 2.1059783293; 54.9545688869
965.75; 2.1049910226; 57.8921935750
966.00; 2.1040458570; 60.3657579270
966.25; 2.1031452214; 62.3431358636
966.50; 2.1022905158; 63.8013623595
966.75; 2.1014862512; 64.7176282411
967.00; 2.1007381896; 65.0802129679
967.25; 2.1000462867; 64.8928401971
967.50; 2.0994077724; 64.1652367524
967.75; 2.0988257357; 62.9218110365
968.00; 2.0982998427; 61.1940036908
968.25; 2.0978277407; 59.0133669498
968.50; 2.0974078503; 56.4239309837
968.75; 2.0970388212; 53.4764277328
969.00; 2.0967196188; 50.2376832986
969.25; 2.0964457807; 46.7439575272
969.50; 2.0962153042; 43.0608330856
969.75; 2.0960253421; 39.2417910892
970.00; 2.0958733905; 35.3585140603
970.25; 2.0957558975; 31.4532608161
970.50; 2.0956702574; 27.5915600642
970.75; 2.0956130203; 23.8046986594
971.00; 2.0955816269; 20.1646503900
971.25; 2.0955729214; 16.6811944811
971.50; 2.0955841530; 13.3929932266
971.75; 2.0956127268; 10.3087946491
972.00; 2.0956560950; 7.4483467041
972.25; 2.0957118332; 4.8205543596
972.50; 2.0957781283; 2.4057284720
972.75; 2.0958527717; 0.2007393165
973.00; 2.0959340717; -1.8193867339
973.25; 2.0960207401; -3.6885868831
973.50; 2.0961111420; -5.4339217371
973.75; 2.0962036669; -7.0890623233
974.00; 2.0962973020; -8.6941657206
974.25; 2.0963909945; -10.2895587279
974.50; 2.0964835914; -11.9121802270
974.75; 2.0965736481; -13.5897442317
975.00; 2.0966601992; -15.3561917986
975.25; 2.0967417189; -17.2289772685
975.50; 2.0968173648; -19.2370091180
975.75; 2.0968853223; -21.3820561206
976.00; 2.0969441400; -23.6724527926
976.25; 2.0969919653; -26.0998871754
976.50; 2.0970270567; -28.6580844896
976.75; 2.0970476839; -31.3496103345
977.00; 2.0970516332; -34.1338132791
977.25; 2.0970368633; -36.9958920365
977.50; 2.0970012018; -39.9155972194
977.75; 2.0969423950; -42.8707443478
978.00; 2.0968581269; -45.8370179307
978.25; 2.0967462761; -48.7831664161
978.50; 2.0966046017; -51.6831039146
978.75; 2.0964306505; -54.5169512264
979.00; 2.0962225047; -57.2570421470
979.25; 2.0959782458; -59.8797676758
979.50; 2.0956956702; -62.3665527693
979.75; 2.0953713599; -64.7109748039
980.00; 2.0950050776; -66.8848793465
980.25; 2.0945919336; -68.8920169494
980.50; 2.0941297026; -70.7202055362
980.75; 2.0936182693; -72.3502763322
981.00; 2.0930570062; -73.7700892844
981.25; 2.0924421784; -74.9784128974
981.50; 2.0917776752; -75.9604207524
981.75; 2.0910596552; -76.7170863458
982.00; 2.0902852989; -77.2469255174
982.25; 2.0894565237; -77.5463997907
982.50; 2.0885727431; -77.6144135293
982.75; 2.0876336741; -77.4510098481
983.00; 2.0866429655; -77.0579487779
983.25; 2.0856014187; -76.4372006519
983.50; 2.0845094783; -75.5920180191
983.75; 2.0833658108; -74.5237348239
984.00; 2.0821722889; -73.2364834983
984.25; 2.0809275110; -71.7311259391
984.50; 2.0796318013; -70.0100358523
984.75; 2.0782885035; -68.0795988446
985.00; 2.0768941168; -65.9363495690
985.25; 2.0754565733; -63.5939773060
985.50; 2.0739857246; -61.0705557934
985.75; 2.0724775729; -58.3614582789
986.00; 2.0709312171; -55.4657078044
986.25; 2.0693447698; -52.3814716782
986.50; 2.0677202200; -49.1135623026
986.75; 2.0660745773; -45.6983476677
987.00; 2.0644079612; -42.1391784382
987.25; 2.0627278244; -38.4554134549
987.50; 2.0610232292; -34.6269367671
987.75; 2.0593002097; -30.6715919747
988.00; 2.0575660857; -26.6118109235
988.25; 2.0558266083; -22.4685269345
988.50; 2.0540817337; -18.2508650428
988.75; 2.0523363709; -13.9814449314
989.00; 2.0505958301; -9.6858546597
989.25; 2.0488559877; -5.3681629041
989.50; 2.0471249546; -1.0652027610
989.75; 2.0454129430; 3.1798936288
990.00; 2.0437191093; 7.3506279002
990.25; 2.0420577011; 11.3919698107
990.50; 2.0404115592; 15.3255886334
990.75; 2.0387927871; 19.1029977554
991.00; 2.0372133126; 22.6782877011
991.25; 2.0356604200; 26.0637611199
991.50; 2.0341426690; 29.2255984502
991.75; 2.0326566806; 32.1597385721
992.00; 2.0312080319; 34.8475354315
992.25; 2.0298098262; 37.2610721459
992.50; 2.0284440441; 39.4313522397
992.75; 2.0271319128; 41.3305258157
993.00; 2.0258670378; 42.9738342561
993.25; 2.0246469310; 44.3752324404
993.50; 2.0234776732; 45.5415029504
993.75; 2.0223544037; 46.4936918049
994.00; 2.0212761856; 47.2504794944
994.25; 2.0202425955; 47.8315804549
994.50; 2.0192571442; 48.2555538345
994.75; 2.0183192520; 48.5439090971
995.00; 2.0174321853; 48.7168525868
995.25; 2.0165938860; 48.7946232089
995.50; 2.0158090672; 48.7967292191
995.75; 2.0150747953; 48.7423438262
996.00; 2.0143907167; 48.6488409630
996.25; 2.0137575410; 48.5327293176
996.50; 2.0131745104; 48.4085005830
996.75; 2.0126420199; 48.2869953017
997.00; 2.0121602115; 48.1784985539
997.25; 2.0117303064; 48.0911882541
997.50; 2.0113510191; 48.0301576562
997.75; 2.0110207550; 47.9978099386
998.00; 2.0107402228; 47.9937034752
998.25; 2.0105088167; 48.0138449395
998.50; 2.0103269438; 48.0505885065
998.75; 2.0101942636; 48.0945648260
999.00; 2.0101101563; 48.1296715261
999.25; 2.0100739597; 48.1368870182
999.50; 2.0100856172; 48.0950557841
999.75; 2.0101446683; 47.9808198949
1000.00; 2.0102508337; 47.7684594918
