time_fs,time_s,Al_N_A,Al_O1_A,Al_O4_A,Al_O7_A,Al_O10_A,Al_O13_A,Al_O16_A,host_H2,host_H3,host_H5,host_H6,host_H8,host_H9,host_H11,host_H12,host_H14,host_H15,host_H17,host_H18,host_H20,host_H21,host_H22,H_count_O1,H_count_O4,H_count_O7,H_count_O10,H_count_O13,H_count_O16,H_count_N19
0.0,0.0,6.408834020387841,2.0211206137121622,1.991406714091806,2.570491881051004,1.9981977269700635,1.955274731461671,1.9013388961734667,1,1,4,4,7,7,10,10,13,13,16,16,19,19,19,2,2,2,2,2,2,3
1.0,1e-15,6.406317413344211,2.024985138034396,1.9813839425599051,2.5677507996126834,2.000755553318232,1.9541920608177954,1.8993122486584264,1,1,4,4,7,7,10,10,13,13,16,16,19,19,19,2,2,2,2,2,2,3
2.0,2e-15,6.403698424916008,2.0291056267897334,1.9723687842299438,2.564608040003513,2.003096302618575,1.9527790433875474,1.8976171135143607,1,1,4,4,7,7,10,10,13,13,16,16,19,19,19,2,2,2,2,2,2,3
3.0,3.0000000000000002e-15,6.400998709499603,2.0332884920097034,1.9643582331311675,2.5607382653757287,2.0045631605695413,1.9506472917901616,1.8960508018840372,1,1,4,4,7,7,10,10,13,13,16,16,19,19,19,2,2,2,2,2,2,3
4.0,4e-15,6.398049836590925,2.0372266066640194,1.9571327226727915,2.5557161889706164,2.004826739219178,1.947424532007644,1.8943964907331459,1,1,4,4,7,7,10,10,13,13,16,16,19,19,19,2,2,2,2,2,2,3
5.0,5.000000000000001e-15,6.394520240606144,2.0406041662219594,1.9503109981740552,2.54920824349866,2.0041428539600274,1.9428954456750247,1.8925674883715338,1,1,4,4,7,7,10,10,13,13,16,16,19,19,19,2,2,2,2,2,2,3
6.0,6.0000000000000005e-15,6.389965274478172,2.0432234843108925,1.9434260321587842,2.5411256936229356,2.0031136624995085,1.9370786063408143,1.8906811143112856,1,1,4,4,7,7,10,10,13,13,16,16,19,19,19,2,2,2,2,2,2,3
7.0,7e-15,6.383968901321059,2.045075203512926,1.9361133538025237,2.5316186404377343,2.002292265101398,1.9301814174680207,1.8890130521988717,1,1,4,4,7,7,10,10,13,13,16,16,19,19,19,2,2,2,2,2,2,3
8.0,8e-15,6.376403156787182,2.0463132838033986,1.928368704066695,2.520947252852229,2.0020042924399513,1.9224949547925765,1.887883373173458,1,1,4,4,7,7,10,10,13,13,16,16,19,19,19,2,2,2,2,2,2,3
9.0,9.000000000000001e-15,6.367571404601406,2.047141422439906,1.9206115377751871,2.5093422448123306,2.002322144862251,1.9143037558044755,1.8875377908746216,1,1,4,4,7,7,10,10,13,13,16,16,19,19,19,2,2,2,2,2,2,3
10.0,1.0000000000000002e-14,6.358005751895193,2.0476838333549137,1.91340835005241,2.4968909076590373,2.003059140301052,1.9058104482784775,1.8880624411796716,1,1,4,4,7,7,10,10,13,13,16,16,19,19,19,2,2,2,2,2,2,3
11.0,1.1e-14,6.348178629133882,2.047908545788399,1.9071809517310165,2.483481645553199,2.003760046671982,1.8970909230937756,1.8893502269232183,1,1,4,4,7,7,10,10,13,13,16,16,19,19,19,2,2,2,2,2,2,3
12.0,1.2000000000000001e-14,6.338373439804597,2.0476178929667355,1.902112552603329,2.468819287466538,2.003767969011108,1.8880978524732976,1.8911193260255528,1,1,4,4,7,7,10,10,13,13,16,16,19,19,19,2,2,2,2,2,2,3
13.0,1.3000000000000001e-14,6.328667535150233,2.04649344570044,1.8981623057464383,2.452521363895741,2.0025099321115882,1.878722277995279,1.8929945788511366,1,1,4,4,7,7,10,10,13,13,16,16,19,19,19,2,2,2,2,2,2,3
14.0,1.4e-14,6.3189530350180405,2.0441954051614113,1.895100017145717,2.434309594398475,1.9999272924166989,1.8689222784336512,1.8946573367573536,1,1,4,4,7,7,10,10,13,13,16,16,19,19,19,2,2,2,2,2,2,3
15.0,1.5000000000000002e-14,6.3089635526084615,2.040494876819637,1.8925540876071414,2.4141856505264667,1.996561290916861,1.8588480787700494,1.8959965357433284,1,1,4,4,7,7,10,10,13,13,16,16,19,19,19,2,2,2,2,2,2,3
16.0,1.6e-14,6.298347288887937,2.0353743622974463,1.8901236208416778,2.3924469088958626,1.9931651346117445,1.8488567832992617,1.8971381090370687,1,1,4,4,7,7,10,10,13,13,16,16,19,19,19,2,2,2,2,2,2,3
17.0,1.7e-14,6.286861578592376,2.0290591318914726,1.8875747298825898,2.369559932940408,1.9903420262185612,1.8394086364059397,1.898340482460505,1,1,4,4,7,7,10,10,13,13,16,16,19,19,19,2,2,2,2,2,2,3
18.0,1.8000000000000002e-14,6.274593944905164,2.0219620748217424,1.8850206682626873,2.346007406678727,1.988422639895088,1.8309312831873144,1.8998563232463614,1,1,4,4,7,7,10,10,13,13,16,16,19,19,19,2,2,2,2,2,2,3
19.0,1.9e-14,6.261930895770785,2.014541303928948,1.882878514454261,2.322164355873318,1.9874450827749726,1.8237111468470468,1.9018307624327968,1,1,4,4,7,7,10,10,13,13,16,16,19,19,19,2,2,2,2,2,2,3
20.0,2.0000000000000003e-14,6.249293716298425,2.007144319453722,1.8815995130753527,2.298199753566905,1.9871377437213862,1.8178266593599746,1.904252570253135,1,1,4,4,7,7,10,10,13,13,16,16,19,19,19,2,2,2,2,2,2,3
21.0,2.1000000000000002e-14,6.236946050528682,1.9999192587602594,1.8814486217311155,2.2740413060058366,1.9869312488910829,1.8131404270686344,1.9069469902777065,1,1,4,4,7,7,10,10,13,13,16,16,19,19,19,2,2,2,2,2,2,3
22.0,2.2e-14,6.224957910256915,1.9928051038426065,1.882440299752186,2.249421661260887,1.9861226210665928,1.809356869118436,1.909610690701305,1,1,4,4,7,7,10,10,13,13,16,16,19,19,19,2,2,2,2,2,2,3
23.0,2.3000000000000003e-14,6.213246669498371,1.9856009539592365,1.884350919702015,2.224029909493353,1.984276543929585,1.8061525691085736,1.9119055314710527,1,1,4,4,7,7,10,10,13,13,16,16,19,19,19,2,2,2,2,2,2,3
24.0,2.4000000000000002e-14,6.20162654096403,1.9781103737908305,1.8867557243279631,2.1977265978964304,1.9815615325947085,1.8033392634189065,1.9135998529950582,1,1,4,4,7,7,10,10,13,13,16,16,19,19,19,2,2,2,2,2,2,3
25.0,2.5e-14,6.18984282902429,1.9702899327022536,1.8891160950057255,2.170648933679557,1.9785782163273475,1.8009481973067416,1.9146690780913598,1,1,4,4,7,7,10,10,13,13,16,16,19,19,19,2,2,2,2,2,2,3
26.0,2.6000000000000003e-14,6.177643884580873,1.9623086179104556,1.8909518997273524,2.143128193730723,1.975926958144092,1.7991715231844796,1.91526789509296,1,1,4,4,7,7,10,10,13,13,16,16,19,19,19,2,2,2,2,2,2,3
27.0,2.7000000000000002e-14,6.164925069168573,1.95449473794897,1.8920609564892261,2.1155304675678246,1.9739664338707263,1.7982276390293193,1.9156142157563794,1,1,4,4,7,7,10,10,13,13,16,16,19,19,19,2,2,2,2,2,2,3
28.0,2.8e-14,6.151823122489453,1.9472067588332922,1.8926384602966468,2.088145241455131,1.9727701237267903,1.7982499277469493,1.9158802298748787,1,1,4,4,7,7,10,10,13,13,16,16,19,19,19,2,2,2,2,2,2,3
29.0,2.9e-14,6.13860811094398,1.9406845006603075,1.893130363987516,2.0611109192814507,1.972131085361747,1.7992306201486927,1.9161276076618106,1,1,4,4,7,7,10,10,13,13,16,16,19,19,19,2,2,2,2,2,2,3
30.0,3.0000000000000005e-14,6.125506369436713,1.934951481928408,1.8939461815198637,2.0343662939966913,1.9715725956949346,1.80101466150022,1.9162828768157036,1,1,4,4,7,7,10,10,13,13,16,16,19,19,19,2,2,2,2,2,2,3
31.0,3.1e-14,6.112632475619363,1.9297983423655434,1.8952867579966528,2.007661542870467,1.9704275150156505,1.8033347241150242,1.9161440334477025,1,1,4,4,7,7,10,10,13,13,16,16,19,19,19,2,2,2,2,2,2,3
32.0,3.2e-14,6.100013971637717,1.924842217353851,1.8971084114643308,1.9806488934018016,1.9680982532261175,1.8058943275631956,1.9154281871283843,1,1,4,4,7,7,10,10,13,13,16,16,19,19,19,2,2,2,2,2,2,3
33.0,3.3000000000000005e-14,6.087634857122122,1.9196642857646338,1.8991407089166759,1.9530645982999153,1.964434518579129,1.8084956110040895,1.9138756467817002,1,1,4,4,7,7,10,10,13,13,16,16,19,19,19,2,2,2,2,2,2,3
34.0,3.4e-14,6.075444958035275,1.9139860300003388,1.9009392017314233,1.9249059731020948,1.959836128381268,1.8111539769637688,1.9113804463799478,1,1,4,4,7,7,10,10,13,13,16,16,19,19,19,2,2,2,2,2,2,3
35.0,3.5e-14,6.063347210636387,1.907771673144819,1.9020098656088742,1.8964571701056296,1.9549401770724115,1.8141070501762555,1.9080475991942336,1,1,4,4,7,7,10,10,13,13,16,16,19,19,19,2,2,2,2,2,2,3
36.0,3.6000000000000004e-14,6.051256409602505,1.9012021849899734,1.9020221879927948,1.8681839470731985,1.9502869875918691,1.8177076574752948,1.9041377122067866,1,1,4,4,7,7,10,10,13,13,16,16,19,19,19,2,2,2,2,2,2,3
37.0,3.7e-14,6.039223900958815,1.8945762019398882,1.9010319089978192,1.8406102450493471,1.946184659157827,1.8222830215053354,1.899965303299858,1,1,4,4,7,7,10,10,13,13,16,16,19,19,19,2,2,2,2,2,2,3
38.0,3.8e-14,6.027471702891202,1.8881957384513794,1.899490092945884,1.8142269370279775,1.9426816647684029,1.8280292439800763,1.8958100269895153,1,1,4,4,7,7,10,10,13,13,16,16,19,19,19,2,2,2,2,2,2,3
39.0,3.9000000000000004e-14,6.0162769782533,1.88226621295904,1.8979596006936488,1.7894112245038118,1.9395523555885734,1.834960002252031,1.891852422952367,1,1,4,4,7,7,10,10,13,13,16,16,19,19,19,2,2,2,2,2,2,3
40.0,4.0000000000000006e-14,6.005863765000047,1.8768416202895857,1.8968248983532454,1.7663779926166026,1.9363102830812136,1.8429037594698436,1.8881376225259618,1,1,4,4,7,7,10,10,13,13,16,16,19,19,19,2,2,2,2,2,2,3
41.0,4.1e-14,5.996387510877905,1.8718270577516183,1.8961795307730722,1.7451863698009407,1.932357283844588,1.8515527447368396,1.884579614626164,1,1,4,4,7,7,10,10,13,13,16,16,19,19,19,2,2,2,2,2,2,3
42.0,4.2000000000000004e-14,5.987963365122481,1.8670501745672063,1.8958278098080572,1.7258252755281327,1.927342367807379,1.8605761041522284,1.881031199652377,1,1,4,4,7,7,10,10,13,13,16,16,19,19,19,2,2,2,2,2,2,3
43.0,4.3000000000000006e-14,5.9806745845794484,1.8623975378481221,1.8953307241167885,1.7083701676195673,1.9214729231356256,1.8697703146801208,1.8774244734954457,1,1,4,4,7,7,10,10,13,13,16,16,19,19,19,2,2,2,2,2,2,3
44.0,4.4e-14,5.974544178711192,1.8579377843689246,1.8941070812987744,1.6931047853559844,1.9153772202515849,1.8791531491855162,1.873893724402767,1,1,4,4,7,7,10,10,13,13,16,16,19,19,19,2,2,2,2,2,2,3
45.0,4.5000000000000004e-14,5.96952369761599,1.8539346026750094,1.8916258336497365,1.6805065566244888,1.9097040424875495,1.8889177461449698,1.8707656060836177,1,1,4,4,7,7,10,10,13,13,16,16,19,19,19,2,2,2,2,2,2,3
46.0,4.6000000000000006e-14,5.965547872779458,1.8507604689799617,1.887656535488473,1.6711141736090547,1.9048742343493434,1.8992888602799396,1.8684364807130986,1,1,4,4,7,7,10,10,13,13,16,16,19,19,19,2,2,2,2,2,2,3
47.0,4.7e-14,5.962603596186047,1.8487824470474663,1.8824103496294475,1.665375086253953,1.9010231545183485,1.9103817045720282,1.8672420800731344,1,1,4,4,7,7,10,10,13,13,16,16,19,19,19,2,2,2,2,2,2,3
48.0,4.8000000000000004e-14,5.960702884963824,1.8482529917879056,1.8763918149896128,1.6635214030007406,1.8979979058336265,1.9221224204401186,1.8673662741903474,1,1,4,4,7,7,10,10,13,13,16,16,19,19,19,2,2,2,2,2,2,3
49.0,4.9000000000000006e-14,5.959797132086934,1.8492326427557915,1.8700982967921405,1.665494600514093,1.8953570733948053,1.9342453799238994,1.8687926500647363,1,1,4,4,7,7,10,10,13,13,16,16,19,19,19,2,2,2,2,2,2,3
50.0,5e-14,5.959757294183219,1.851569880324002,1.8638363143761212,1.6709432062689975,1.8924476725763162,1.946343577795964,1.871304759519753,1,1,4,4,7,7,10,10,13,13,16,16,19,19,19,2,2,2,2,2,2,3
51.0,5.1000000000000004e-14,5.9604229500940376,1.8549451851599545,1.8576843180387557,1.6792925927704554,1.8886765782738253,1.9579640495236292,1.8745482488553502,1,1,4,4,7,7,10,10,13,13,16,16,19,19,19,2,2,2,2,2,2,3
52.0,5.2000000000000006e-14,5.961642356095343,1.8589801034459104,1.8515223636393319,1.6898791302526306,1.8839053734994486,1.9687408294016664,1.8781676656353736,1,1,4,4,7,7,10,10,13,13,16,16,19,19,19,2,2,2,2,2,2,3
53.0,5.3e-14,5.963257928963044,1.8633792499355142,1.845097123427586,1.702123456429403,1.8785556560322287,1.9785203288196411,1.8819720613481945,1,1,4,4,7,7,10,10,13,13,16,16,19,19,19,2,2,2,2,2,2,3
54.0,5.4000000000000003e-14,5.965067250344567,1.868019808333596,1.838144417523612,1.7156634392147792,1.873282685027958,1.9873934318091717,1.8859997624764295,1,1,4,4,7,7,10,10,13,13,16,16,19,19,19,2,2,2,2,2,2,3
55.0,5.5000000000000005e-14,5.966823251072289,1.8729320812285781,1.830579659023334,1.7303488284413993,1.8686321735715754,1.995600506229278,1.8904258000610608,1,1,4,4,7,7,10,10,13,13,16,16,19,19,19,2,2,2,2,2,2,3
56.0,5.6e-14,5.968299772982047,1.8782127542666232,1.8226741039736707,1.7461178168096354,1.8649123802774437,2.003390431587206,1.8954193877073497,1,1,4,4,7,7,10,10,13,13,16,16,19,19,19,2,2,2,2,2,2,3
57.0,5.700000000000001e-14,5.969352482610711,1.8839267215878837,1.8150428705598833,1.7628564798150823,1.862180767548362,2.0109117147958324,1.9010449897340609,1,1,4,4,7,7,10,10,13,13,16,16,19,19,19,2,2,2,2,2,2,3
58.0,5.8e-14,5.969890495153043,1.8900377530309986,1.808395041754016,1.7803335844704666,1.860231576415746,2.0181684967786295,1.9072239660661037,1,1,4,4,7,7,10,10,13,13,16,16,19,19,19,2,2,2,2,2,2,3
59.0,5.9e-14,5.969830085441185,1.8963848865612118,1.8032739165478382,1.7982107165173447,1.858599539682665,2.0250301960453037,1.91374020421745,1,1,4,4,7,7,10,10,13,13,16,16,19,19,19,2,2,2,2,2,2,3
60.0,6.000000000000001e-14,5.969111498528903,1.9026961815269252,1.7999475902437831,1.816074248540197,1.856692795948196,2.03128273815179,1.9202741266841878,1,1,4,4,7,7,10,10,13,13,16,16,19,19,19,2,2,2,2,2,2,3
61.0,6.1e-14,5.967739378975392,1.908644893338025,1.7984017975639621,1.833486677866668,1.8541403013528297,2.0367287055511376,1.9264807276316922,1,1,4,4,7,7,10,10,13,13,16,16,19,19,19,2,2,2,2,2,2,3
62.0,6.2e-14,5.9657732563285695,1.9139593308995666,1.7983773314680056,1.850089033381701,1.851129602679743,2.0413135139066734,1.9321270514117106,1,1,4,4,7,7,10,10,13,13,16,16,19,19,19,2,2,2,2,2,2,3
63.0,6.300000000000001e-14,5.963258926257408,1.9185498890798385,1.799468143399967,1.8657566491589581,1.8483064629601411,2.045195387454691,1.9372245845731446,1,1,4,4,7,7,10,10,13,13,16,16,19,19,19,2,2,2,2,2,2,3
64.0,6.4e-14,5.960164353589737,1.9225489514275544,1.8013116213184055,1.8806589073791704,1.8463667106875807,2.048684608693518,1.942019602895379,1,1,4,4,7,7,10,10,13,13,16,16,19,19,19,2,2,2,2,2,2,3
65.0,6.5e-14,5.956402360151809,1.9262391437701496,1.8037899625495202,1.8951438784828034,1.8457827083536678,2.0521016133370953,1.9468525252101876,1,1,4,4,7,7,10,10,13,13,16,16,19,19,19,2,2,2,2,2,2,3
66.0,6.600000000000001e-14,5.951934084853837,1.9299344195862798,1.8070979986990787,1.909552606800365,1.84672963092352,2.055652844324394,1.9520153438700667,1,1,4,4,7,7,10,10,13,13,16,16,19,19,19,2,2,2,2,2,2,3
67.0,6.7e-14,5.946814578470351,1.933869098151702,1.8116024571229845,1.9240810017426742,1.8490747709403146,2.059363515531301,1.957667033407541,1,1,4,4,7,7,10,10,13,13,16,16,19,19,19,2,2,2,2,2,2,3
68.0,6.8e-14,5.941123369538051,1.93812474431024,1.8176044292214235,1.9387308280719129,1.852376980439607,2.0630678043036297,1.9638014165765467,1,1,4,4,7,7,10,10,13,13,16,16,19,19,19,2,2,2,2,2,2,3
69.0,6.900000000000001e-14,5.934908635492397,1.9426030282686995,1.825186232481456,1.953314981593524,1.855958632026173,2.0664524996665197,1.9702494094411316,1,1,4,4,7,7,10,10,13,13,16,16,19,19,19,2,2,2,2,2,2,3
70.0,7e-14,5.928208519838374,1.9470534735398637,1.8341728728491413,1.967505779512556,1.8591623992825608,2.069159000934505,1.9767235266287952,1,1,4,4,7,7,10,10,13,13,16,16,19,19,19,2,2,2,2,2,2,3
71.0,7.1e-14,5.921082409345131,1.9511747214047641,1.8441507880165857,1.9809491933075605,1.8617430399021286,2.07092740569193,1.9829294461756435,1,1,4,4,7,7,10,10,13,13,16,16,19,19,19,2,2,2,2,2,2,3
72.0,7.200000000000001e-14,5.9135828142222815,1.9547707890801453,1.8545450416501863,1.9934383759196648,1.8640039148549856,2.0717044410898846,1.98872502189539,1,1,4,4,7,7,10,10,13,13,16,16,19,19,19,2,2,2,2,2,2,3
73.0,7.3e-14,5.905682806676952,1.9578510956690265,1.8647978095155873,2.0050291589008213,1.8664997805038173,2.0716271026690376,1.9942032046540303,1,1,4,4,7,7,10,10,13,13,16,16,19,19,19,2,2,2,2,2,2,3
74.0,7.4e-14,5.897255845407925,1.960586872650401,1.8745776745590497,2.0159734012751946,1.8696881713753473,2.07090415980024,1.9996053326686052,1,1,4,4,7,7,10,10,13,13,16,16,19,19,19,2,2,2,2,2,2,3
75.0,7.500000000000001e-14,5.888172601219895,1.9631858797064334,1.8838744914344954,2.0265464935558786,1.8737851763356719,2.069698394017143,2.005161059830244,1,1,4,4,7,7,10,10,13,13,16,16,19,19,19,2,2,2,2,2,2,3
76.0,7.6e-14,5.8784303608331,1.9657800600112383,1.8929255963398361,2.036905197701012,1.8787433444797081,2.068063063084556,2.010974569277399,1,1,4,4,7,7,10,10,13,13,16,16,19,19,19,2,2,2,2,2,2,3
77.0,7.7e-14,5.868145750626259,1.9683623844632836,1.9020377514039672,2.0470294091704253,1.8842532604231967,2.065925641506231,2.016983360845636,1,1,4,4,7,7,10,10,13,13,16,16,19,19,19,2,2,2,2,2,2,3
78.0,7.800000000000001e-14,5.857443304151471,1.9707723214028032,1.9114230552343587,2.0567319048730743,1.8897761514604325,2.063105081525991,2.022970423551896,1,1,4,4,7,7,10,10,13,13,16,16,19,19,19,2,2,2,2,2,2,3
79.0,7.9e-14,5.846399771068682,1.9727200337529556,1.9211166294645243,2.065704423534207,1.8946890637356217,2.059369228923695,2.028608622681263,1,1,4,4,7,7,10,10,13,13,16,16,19,19,19,2,2,2,2,2,2,3
80.0,8.000000000000001e-14,5.83506674847509,1.973858279198185,1.9309569451442004,2.0736070140013205,1.8986012460972437,2.0545460856597035,2.0335373916509147,1,1,4,4,7,7,10,10,13,13,16,16,19,19,19,2,2,2,2,2,2,3
81.0,8.100000000000001e-14,5.823490405336906,1.973906061396176,1.9405993246418987,2.0802087688138418,1.901638802993559,2.048650733375284,2.0374727204608107,1,1,4,4,7,7,10,10,13,13,16,16,19,19,19,2,2,2,2,2,2,3
82.0,8.2e-14,5.811665714341853,1.9727730342165417,1.949616467801786,2.085533226040143,1.9043578798446827,2.0419243585800104,2.040315343494178,1,1,4,4,7,7,10,10,13,13,16,16,19,19,19,2,2,2,2,2,2,3
83.0,8.300000000000001e-14,5.799462157325111,1.9705768013394724,1.9577046560879812,2.089875655428679,1.9073913760088343,2.0347319705279876,2.042161674892467,1,1,4,4,7,7,10,10,13,13,16,16,19,19,19,2,2,2,2,2,2,3
84.0,8.400000000000001e-14,5.786655887317707,1.9675503572674216,1.9648447750122957,2.0936643521409692,1.9111944842838156,2.0274166160385882,2.04319996547803,1,1,4,4,7,7,10,10,13,13,16,16,19,19,19,2,2,2,2,2,2,3
85.0,8.5e-14,5.773108937899787,1.9639401851928375,1.971287964531082,2.0972960135920293,1.9159576028504495,2.02021059827301,2.043596279580652,1,1,4,4,7,7,10,10,13,13,16,16,19,19,19,2,2,2,2,2,2,3
86.0,8.600000000000001e-14,5.758919547767388,1.9599444887361754,1.9774058096925533,2.1010294117621457,1.9215724551870867,2.013206550142201,2.0434355862237874,1,1,4,4,7,7,10,10,13,13,16,16,19,19,19,2,2,2,2,2,2,3
87.0,8.700000000000001e-14,5.744330073209074,1.9556678248016424,1.9835232103740412,2.104944018956988,1.9276203681646107,2.0063352816154048,2.042707388935257,1,1,4,4,7,7,10,10,13,13,16,16,19,19,19,2,2,2,2,2,2,3
88.0,8.8e-14,5.729550461997641,1.9510884559304975,1.989804608064742,2.108940225571874,1.9334455778256507,1.9993739467194924,2.041312866544473,1,1,4,4,7,7,10,10,13,13,16,16,19,19,19,2,2,2,2,2,2,3
89.0,8.900000000000001e-14,5.714703946098791,1.9460698286550027,1.9962026000156423,2.1127786322314477,1.938407132795873,1.992036221077056,2.0390950896695377,1,1,4,4,7,7,10,10,13,13,16,16,19,19,19,2,2,2,2,2,2,3
90.0,9.000000000000001e-14,5.699870140656871,1.9404506175423863,2.0024425225240914,2.1161836958594487,1.942268780203637,1.9841392662497808,2.035912448496665,1,1,4,4,7,7,10,10,13,13,16,16,19,19,19,2,2,2,2,2,2,3
91.0,9.1e-14,5.685097061466006,1.9341980968430883,2.0080695346754576,2.1190131367443987,1.945352432904184,1.975738036008436,2.031748478772242,1,1,4,4,7,7,10,10,13,13,16,16,19,19,19,2,2,2,2,2,2,3
92.0,9.200000000000001e-14,5.67031311923001,1.9274939928146508,2.0126286519948393,2.121380290148021,1.9482471177732916,1.9670806767903266,2.026765014817161,1,1,4,4,7,7,10,10,13,13,16,16,19,19,19,2,2,2,2,2,2,3
93.0,9.300000000000001e-14,5.655299060956177,1.9206748355438528,2.0158909836346917,2.1235899424574756,1.951438760577996,1.9584490209392416,2.0212379889566914,1,1,4,4,7,7,10,10,13,13,16,16,19,19,19,2,2,2,2,2,2,3
94.0,9.4e-14,5.639839285429941,1.9141036060847427,2.0179439989266053,2.125959558939932,1.9551469433642992,1.9500324915855902,2.015442030734757,1,1,4,4,7,7,10,10,13,13,16,16,19,19,19,2,2,2,2,2,2,3
95.0,9.500000000000001e-14,5.623948568242783,1.9080696158281543,2.0191015153661716,2.12867336963057,1.95929432944402,1.941880648586209,2.0095692468715143,1,1,4,4,7,7,10,10,13,13,16,16,19,19,19,2,2,2,2,2,2,3
96.0,9.600000000000001e-14,5.607887856492224,1.9027225832062413,2.019742299650006,2.1317151972096653,1.96350623955065,1.9338925896842751,2.0036872690546357,1,1,4,4,7,7,10,10,13,13,16,16,19,19,19,2,2,2,2,2,2,3
97.0,9.7e-14,5.5919552417964145,1.8980300343239735,2.020164693184966,2.134860631357312,1.9671476548497342,1.9258273839821598,1.9977208090232725,1,1,4,4,7,7,10,10,13,13,16,16,19,19,19,2,2,2,2,2,2,3
98.0,9.800000000000001e-14,5.576332121191897,1.8937778715461175,2.0205017978834587,2.137708608952593,1.9694839928624588,1.9173677250319112,1.9914707282426294,1,1,4,4,7,7,10,10,13,13,16,16,19,19,19,2,2,2,2,2,2,3
99.0,9.900000000000001e-14,5.56106622572245,1.8896367310226607,2.0206966324558073,2.1397650271772086,1.9700367649012087,1.9082458724509228,1.9846860483155957,1,1,4,4,7,7,10,10,13,13,16,16,19,19,19,2,2,2,2,2,2,3
100.0,1e-13,5.546096745710201,1.8853127342080716,2.020521130261167,2.140598435097436,1.968905054255245,1.8983859669609746,1.9771900982355397,1,1,4,4,7,7,10,10,13,13,16,16,19,19,19,2,2,2,2,2,2,3
101.0,1.0100000000000001e-13,5.531239431560818,1.8807192199200404,2.0196579466854767,2.140013516559273,1.9666590873380843,1.8879523565370209,1.9689930278869172,1,1,4,4,7,7,10,10,13,13,16,16,19,19,19,2,2,2,2,2,2,3
102.0,1.0200000000000001e-13,5.516165063285299,1.8760164144819298,2.017862754247136,2.1380971473983172,1.9639506000473628,1.8772584503567797,1.9602841092842997,1,1,4,4,7,7,10,10,13,13,16,16,19,19,19,2,2,2,2,2,2,3
103.0,1.03e-13,5.500470442442932,1.8714887287401853,2.0151290148262966,2.135095987343336,1.9612500465629092,1.8666284571585208,1.9513128621967037,1,1,4,4,7,7,10,10,13,13,16,16,19,19,19,2,2,2,2,2,2,3
104.0,1.0400000000000001e-13,5.483870904598941,1.8673985719216837,2.0117293045154634,2.13125706459116,1.9587693440017337,1.8563054047013616,1.9422737462304014,1,1,4,4,7,7,10,10,13,13,16,16,19,19,19,2,2,2,2,2,2,3
105.0,1.0500000000000001e-13,5.466361032751442,1.8639035821763608,2.008119753434742,2.1267323560582723,1.956447373024303,1.846414850735235,1.9332520229576409,1,1,4,4,7,7,10,10,13,13,16,16,19,19,19,2,2,2,2,2,2,3
106.0,1.06e-13,5.448140950701505,1.8610220790285097,2.004775949455176,2.1215412642070164,1.9539425071700443,1.8369532644279742,1.9242066703690888,1,1,4,4,7,7,10,10,13,13,16,16,19,19,19,2,2,2,2,2,2,3
107.0,1.0700000000000001e-13,5.429417489950278,1.8586261430434894,2.0020459833284963,2.115566499978139,1.9506972313306685,1.8278071755834011,1.914977174670745,1,1,4,4,7,7,10,10,13,13,16,16,19,19,19,2,2,2,2,2,2,3
108.0,1.0800000000000001e-13,5.410298389835778,1.8564706411105847,2.0000762267899965,2.108593801859581,1.9462034346088648,1.8188281357570943,1.905332718212749,1,1,4,4,7,7,10,10,13,13,16,16,19,19,19,2,2,2,2,2,2,3
109.0,1.09e-13,5.390796224355237,1.8542865806111812,1.9987984677628396,2.100421665886879,1.940407978783226,1.809954274477656,1.8950857877211982,1,1,4,4,7,7,10,10,13,13,16,16,19,19,19,2,2,2,2,2,2,3
110.0,1.1000000000000001e-13,5.370848916099003,1.8519423108721522,1.9979599507961454,2.091016410302378,1.9338316683058971,1.8013057837825337,1.8842405722485274,1,1,4,4,7,7,10,10,13,13,16,16,19,19,19,2,2,2,2,2,2,3
111.0,1.1100000000000001e-13,5.350303946906045,1.849565404783765,1.9972121800857956,2.0805916524903885,1.927230103648518,1.793163030492636,1.8730532241131186,1,1,4,4,7,7,10,10,13,13,16,16,19,19,19,2,2,2,2,2,2,3
112.0,1.12e-13,5.328922812725383,1.847493578414958,1.9962622485635901,2.0695280557017868,1.9212182617221663,1.7858478805229296,1.861934322716063,1,1,4,4,7,7,10,10,13,13,16,16,19,19,19,2,2,2,2,2,2,3
113.0,1.1300000000000001e-13,5.306491592678067,1.8461092381805801,1.9950071808689134,2.0582162758792277,1.9161188761161747,1.779606626359359,1.8512910447404705,1,1,4,4,7,7,10,10,13,13,16,16,19,19,19,2,2,2,2,2,2,3
114.0,1.1400000000000002e-13,5.283010461225272,1.845701022040817,1.9935685077899545,2.0469445147986045,1.9119443147501345,1.7745482875348355,1.8414237401307327,1,1,4,4,7,7,10,10,13,13,16,16,19,19,19,2,2,2,2,2,2,3
115.0,1.1500000000000001e-13,5.258750408037983,1.8463938356185676,1.9922165086248576,2.035845995066278,1.9083985044274898,1.7706250453102432,1.8324793254690717,1,1,4,4,7,7,10,10,13,13,16,16,19,19,19,2,2,2,2,2,2,3
116.0,1.16e-13,5.2340879836592125,1.8481266061660169,1.9912296912944645,2.024875879669468,1.9049144097717623,1.767647485768481,1.8244309083648198,1,1,4,4,7,7,10,10,13,13,16,16,19,19,19,2,2,2,2,2,2,3
117.0,1.17e-13,5.20932825403137,1.8506669999578782,1.9907758126339747,2.0138307074052118,1.900845326392176,1.7653489691417472,1.817098466733328,1,1,4,4,7,7,10,10,13,13,16,16,19,19,19,2,2,2,2,2,2,3
118.0,1.18e-13,5.184650489316178,1.853672609197116,1.9908595249895817,2.0024340645898313,1.8958460806356805,1.763495271062867,1.8102355207508458,1,1,4,4,7,7,10,10,13,13,16,16,19,19,19,2,2,2,2,2,2,3
119.0,1.19e-13,5.160123281055244,1.856818810288264,1.991320668515444,1.9904811607386668,1.8901413709207966,1.7619942687468977,1.8036822165978923,1,1,4,4,7,7,10,10,13,13,16,16,19,19,19,2,2,2,2,2,2,3
120.0,1.2000000000000002e-13,5.135697737643809,1.8599563808527808,1.991871801697612,1.9779578935150357,1.8843464729545656,1.760932238099483,1.7975030133653007,1,1,4,4,7,7,10,10,13,13,16,16,19,19,19,2,2,2,2,2,2,3
121.0,1.2100000000000001e-13,5.111189517526259,1.863163448455616,1.992188034322688,1.965037383896411,1.8790845912332592,1.7605082793636193,1.7919806128927316,1,1,4,4,7,7,10,10,13,13,16,16,19,19,19,2,2,2,2,2,2,3
122.0,1.22e-13,5.086329206841807,1.866634098600796,1.9920346328586196,1.9519746493153818,1.874768741229174,1.7609241544371266,1.7874681933459116,1,1,4,4,7,7,10,10,13,13,16,16,19,19,19,2,2,2,2,2,2,3
123.0,1.23e-13,5.060914003548332,1.870525858109905,1.991369814322584,1.9390025278187684,1.871551599642203,1.7622991134234016,1.7842362174037436,1,1,4,4,7,7,10,10,13,13,16,16,19,19,19,2,2,2,2,2,2,3
124.0,1.24e-13,5.034961967370089,1.8748711685035826,1.9903593033954903,1.9262798242175405,1.8693217944446363,1.764628726723097,1.782391285284814,1,1,4,4,7,7,10,10,13,13,16,16,19,19,19,2,2,2,2,2,2,3
125.0,1.25e-13,5.008684149096502,1.8795576632600257,1.9892831197776806,1.9138687500267533,1.86771121064283,1.7677821594328456,1.781853687115274,1,1,4,4,7,7,10,10,13,13,16,16,19,19,19,2,2,2,2,2,2,3
126.0,1.2600000000000002e-13,4.9823119082851735,1.8843495525507121,1.9883951963538418,1.9017307304723292,1.8661908421846705,1.7715422569657586,1.7823757427412334,1,1,4,4,7,7,10,10,13,13,16,16,19,19,19,2,2,2,2,2,2,3
127.0,1.2700000000000001e-13,4.955984291648631,1.8889332149127533,1.9878196155856995,1.889763091164996,1.864354322230564,1.7756894674718264,1.7836049230630622,1,1,4,4,7,7,10,10,13,13,16,16,19,19,19,2,2,2,2,2,2,3
128.0,1.28e-13,4.929745519483774,1.8929968373239314,1.987505287917707,1.8778832682763775,1.8622606773236214,1.7801120090603904,1.7852011691840506,1,1,4,4,7,7,10,10,13,13,16,16,19,19,19,2,2,2,2,2,2,3
129.0,1.29e-13,4.903567383507552,1.896350051261698,1.9872292500821735,1.8661236938639616,1.8604503050732908,1.7848877387870024,1.7869883078757673,1,1,4,4,7,7,10,10,13,13,16,16,19,19,19,2,2,2,2,2,2,3
130.0,1.3e-13,4.877341968561781,1.89901664816872,1.9866661011684965,1.854668877985907,1.8596036957590751,1.7902669293386384,1.789041497749118,1,1,4,4,7,7,10,10,13,13,16,16,19,19,19,2,2,2,2,2,2,3
131.0,1.3100000000000002e-13,4.850881857765029,1.9012049525064678,1.985538326498606,1.8438085873320909,1.8602308767152813,1.7965562349042778,1.7916202712810836,1,1,4,4,7,7,10,10,13,13,16,16,19,19,19,2,2,2,2,2,2,3
132.0,1.3200000000000002e-13,4.823984535983251,1.9031829619423877,1.9837646525362838,1.8338563046535228,1.8625537423983232,1.8039871650867492,1.7950101388294257,1,1,4,4,7,7,10,10,13,13,16,16,19,19,19,2,2,2,2,2,2,3
133.0,1.3300000000000001e-13,4.79656314380276,1.905165944944904,1.9814887097146785,1.8250851538802464,1.8664835143907497,1.8126285446936778,1.7993950982384734,1,1,4,4,7,7,10,10,13,13,16,16,19,19,19,2,2,2,2,2,2,3
134.0,1.34e-13,4.768722596213262,1.9072597120068449,1.9789815971174591,1.817686748379336,1.8716183663400767,1.8223546762558576,1.8047996112062414,1,1,4,4,7,7,10,10,13,13,16,16,19,19,19,2,2,2,2,2,2,3
135.0,1.35e-13,4.740674751586967,1.9094482749220847,1.9764967473174089,1.811743282879421,1.8772999141539455,1.8328734185531284,1.8110849640748614,1,1,4,4,7,7,10,10,13,13,16,16,19,19,19,2,2,2,2,2,2,3
136.0,1.36e-13,4.712613569201245,1.911609303565898,1.9741556113839456,1.8072287553455988,1.882836631029762,1.8438085897418386,1.8179873384301763,1,1,4,4,7,7,10,10,13,13,16,16,19,19,19,2,2,2,2,2,2,3
137.0,1.3700000000000002e-13,4.684676891559769,1.9135608403844413,1.9718927596054387,1.804050116360129,1.8878786386916704,1.8548214487358408,1.8251999394435543,1,1,4,4,7,7,10,10,13,13,16,16,19,19,19,2,2,2,2,2,2,3
138.0,1.3800000000000002e-13,4.656957754677232,1.9151526623349628,1.9694537022124141,1.8021186719210602,1.8926102693233193,1.8657324336121568,1.8325050293367884,1,1,4,4,7,7,10,10,13,13,16,16,19,19,19,2,2,2,2,2,2,3
139.0,1.3900000000000001e-13,4.629487328707873,1.9163757261451144,1.966464314899814,1.801411766316777,1.8975197429073987,1.8765680183737214,1.8398996536035777,1,1,4,4,7,7,10,10,13,13,16,16,19,19,19,2,2,2,2,2,2,3
140.0,1.4e-13,4.60220126612724,1.9173954921127432,1.9626057868227929,1.8019727919439177,1.903046797808119,1.8874840876907104,1.8475975317428186,1,1,4,4,7,7,10,10,13,13,16,16,19,19,19,2,2,2,2,2,2,3
141.0,1.41e-13,4.5749446288252065,1.91846420774996,1.9578196922881712,1.8038502369157412,1.909404552437174,1.8986284659890402,1.8558920041525753,1,1,4,4,7,7,10,10,13,13,16,16,19,19,19,2,2,2,2,2,2,3
142.0,1.42e-13,4.547546950240311,1.919794833844531,1.9523596732449697,1.80703020095656,1.9165424394484545,1.910036347675512,1.8649989567112464,1,1,4,4,7,7,10,10,13,13,16,16,19,19,19,2,2,2,2,2,2,3
143.0,1.4300000000000002e-13,4.519928605111346,1.9214816274380822,1.946658815065653,1.8113958710959095,1.9241473921306294,1.9215886660300436,1.8749665959833863,1,1,4,4,7,7,10,10,13,13,16,16,19,19,19,2,2,2,2,2,2,3
144.0,1.4400000000000002e-13,4.492122582567318,1.9234784293705844,1.941152487711788,1.816711923038764,1.9316743315670335,1.9330280450092134,1.8856582821289258,1,1,4,4,7,7,10,10,13,13,16,16,19,19,19,2,2,2,2,2,2,3
145.0,1.4500000000000001e-13,4.464193980450535,1.925615829058406,1.9361539417651654,1.822626001170856,1.938486546729998,1.9440233493117463,1.8967888431999151,1,1,4,4,7,7,10,10,13,13,16,16,19,19,19,2,2,2,2,2,2,3
146.0,1.46e-13,4.436175477158584,1.9276473894703678,1.9317967100616598,1.8286864397770242,1.944169100222395,1.9542714417611342,1.9080020154348052,1,1,4,4,7,7,10,10,13,13,16,16,19,19,19,2,2,2,2,2,2,3
147.0,1.47e-13,4.408062874004204,1.9293301718723357,1.9280245918950834,1.8343880196574223,1.948826119856307,1.9636134664724938,1.9189865334902372,1,1,4,4,7,7,10,10,13,13,16,16,19,19,19,2,2,2,2,2,2,3
148.0,1.48e-13,4.379828266145084,1.9305333899138404,1.9246330994209546,1.8392418805981956,1.9530125094191182,1.9721097359049482,1.9296000057885159,1,1,4,4,7,19,10,10,13,13,16,16,19,19,19,2,2,1,2,2,2,4
149.0,1.4900000000000002e-13,4.351579521778594,1.931311081575861,1.9214000585173772,1.842833668659269,1.9573825535080525,1.9800089301444694,1.939914032556272,1,1,4,4,7,19,10,10,13,13,16,16,19,19,19,2,2,1,2,2,2,4
150.0,1.5000000000000002e-13,4.324309749712076,1.93186109925703,1.9182770000346732,1.844848174181713,1.962416479337498,1.9876256523121472,1.9501323876779364,1,1,4,4,7,19,10,10,13,13,16,16,19,19,19,2,2,1,2,2,2,4
151.0,1.5100000000000001e-13,4.3013957296206975,1.9324030499146303,1.915469777733922,1.8450933945394652,1.968325196542876,1.9952200943760072,1.960467023811856,1,1,4,4,7,19,10,10,13,13,16,16,19,19,19,2,2,1,2,2,2,4
152.0,1.52e-13,4.286883812762624,1.9330783467305175,1.9133192299864916,1.8434898940094018,1.9750400713215408,2.0029288800085308,1.9710511720024946,1,1,4,4,7,19,10,10,13,13,16,16,19,19,19,2,2,1,2,2,2,4
153.0,1.53e-13,4.277190450006575,1.9338957954587772,1.9121368791941988,1.8400478516232588,1.9821023418879915,2.010614421236285,1.9817228132371445,1,1,4,4,7,19,10,10,13,13,16,16,19,19,19,2,2,1,2,2,2,4
154.0,1.54e-13,4.268185184115051,1.9347426930305756,1.912020958388001,1.8348574383525729,1.9888510263516108,2.01802552449134,1.9922108362613256,1,1,4,4,7,19,10,10,13,13,16,16,19,19,19,2,2,1,2,2,2,4
155.0,1.5500000000000002e-13,4.258503860618375,1.9354278271018226,1.9128257169566893,1.8280643937648715,1.9947148469201217,2.024914355623326,2.0022293406180647,1,1,4,4,7,7,10,10,13,13,16,16,19,19,19,2,2,2,2,2,2,3
156.0,1.5600000000000002e-13,4.247892696279323,1.9357550380796482,1.914206215749259,1.8198776008716004,1.999542988312847,2.0311403538477455,2.011553207190943,1,1,4,4,7,7,10,10,13,13,16,16,19,19,19,2,2,2,2,2,2,3
157.0,1.57e-13,4.236307542810048,1.9356212048498918,1.915679522504034,1.8104158514877056,2.0036615383473686,2.0367336930227733,2.0201049208885857,1,1,4,4,7,7,10,10,13,13,16,16,19,19,19,2,2,2,2,2,2,3
158.0,1.58e-13,4.2236893507383515,1.9350978077646688,1.9167220705527455,1.7996383173482842,2.00758476541146,2.0418705497375513,2.027995359262038,1,1,4,4,7,7,10,10,13,13,16,16,19,19,19,2,2,2,2,2,2,3
159.0,1.59e-13,4.2099410104315815,1.9344239935423357,1.9169374789824216,1.7875481852505868,2.0117213366481956,2.0467764914762068,2.035474079211144,1,1,4,4,7,7,10,10,13,13,16,16,19,19,19,2,2,2,2,2,2,3
160.0,1.6000000000000003e-13,4.194974216434637,1.9339068280887157,1.916210872820921,1.7744191821114073,2.01624536392127,2.0516149925903067,2.0428079480398966,1,1,4,4,7,7,10,10,13,13,16,16,19,19,19,2,2,2,2,2,2,3
161.0,1.6100000000000002e-13,4.178831372832726,1.9338053873068595,1.91471051956317,1.7607382872180475,2.0210673368614795,2.056416176552904,2.0501712601591726,1,1,4,4,7,7,10,10,13,13,16,16,19,19,19,2,2,2,2,2,2,3
162.0,1.6200000000000002e-13,4.1617875909308895,1.934255969527512,1.912746870062323,1.7469318613127636,2.025843168292267,2.0610645902093077,2.0575989698427586,1,1,4,4,7,7,10,10,13,13,16,16,19,19,19,2,2,2,2,2,2,3
163.0,1.63e-13,4.144310947994285,1.935249392654247,1.9106250490162753,1.7331901974263915,2.0300281808758474,2.0653362556289188,2.064991607190605,1,1,4,4,7,7,10,10,13,13,16,16,19,19,19,2,2,2,2,2,2,3
164.0,1.64e-13,4.12691763039155,1.9366487608589347,1.9085593453797793,1.7194941117069862,2.0330463195426627,2.0689772355521012,2.0721563206446265,1,1,4,4,7,19,10,10,13,13,16,16,19,19,19,2,2,1,2,2,2,4
165.0,1.65e-13,4.110163178089301,1.9382425567147878,1.9066322972386835,1.7057632975929484,2.0345955513915372,2.07180793172417,2.07888555215008,1,1,4,4,7,19,10,10,13,13,16,16,19,19,19,2,2,1,2,2,2,4
166.0,1.6600000000000002e-13,4.0950622889313175,1.9398365718214694,1.9047709758204585,1.691982382671099,2.034853010580778,2.0738022686942834,2.0850631622630798,1,1,4,4,7,19,10,10,13,13,16,16,19,19,19,2,2,1,2,2,2,4
167.0,1.6700000000000002e-13,4.08404794312089,1.9413595448538814,1.9027531192273608,1.6782794010150055,2.034319818986208,2.0750834911298135,2.0907438006369303,1,1,4,4,7,19,10,10,13,13,16,16,19,19,19,2,2,1,2,2,2,4
168.0,1.6800000000000002e-13,4.0811864048392925,1.9429052945643552,1.9002900128072384,1.664930036769269,2.03349729896915,2.075839820613171,2.0961451747796973,1,1,4,4,7,19,10,10,13,13,16,16,19,19,19,2,2,1,2,2,2,4
169.0,1.69e-13,4.086294118372066,1.944637546104118,1.89720624090818,1.6524710800275184,2.0327042783457014,2.076209851008983,2.101475190148028,1,1,4,4,7,19,10,10,13,13,16,16,19,19,19,2,2,1,2,2,2,4
170.0,1.7e-13,4.094855412989605,1.9466633037198058,1.8935369976749608,1.641588616721085,2.0320205848448896,2.076220068354636,2.1068283902582374,1,1,4,4,7,19,10,10,13,13,16,16,19,19,19,2,2,1,2,2,2,4
171.0,1.71e-13,4.104326217784918,1.948975908455441,1.8894292171653666,1.6328593213526963,2.0312729456438263,2.0757679680782695,2.1121939714252798,1,1,4,4,7,19,10,10,13,13,16,16,19,19,19,2,2,1,2,2,2,4
172.0,1.7200000000000002e-13,4.113978351154075,1.9514442999840922,1.885031303902876,1.6266947724648768,2.0300693418229745,2.074649437995839,2.1174376422449206,1,1,4,4,7,19,10,10,13,13,16,16,19,19,19,2,2,1,2,2,2,4
173.0,1.7300000000000002e-13,4.1237507984063395,1.9538462775785777,1.8804222143841545,1.6233141612850464,2.0279146144870883,2.0726314263958474,2.1223374900179777,1,1,4,4,7,7,10,10,13,13,16,16,19,19,19,2,2,2,2,2,2,3
174.0,1.7400000000000002e-13,4.133631837307741,1.9559224526310044,1.8755789598879626,1.6227952197160755,2.0244653365542473,2.0695451389090835,2.1266583642910657,1,1,4,4,7,7,10,10,13,13,16,16,19,19,19,2,2,2,2,2,2,3
175.0,1.75e-13,4.1434854587887395,1.9574456813921222,1.87037666025956,1.6251735162888636,2.019802330774513,2.0653681960548544,2.130239937633702,1,1,4,4,7,7,10,10,13,13,16,16,19,19,19,2,2,2,2,2,2,3
176.0,1.76e-13,4.153039940566954,1.958309432367459,1.8646226340322056,1.6304842279857066,2.0144355951204163,2.060260589946809,2.1330701080059504,1,1,4,4,7,7,10,10,13,13,16,16,19,19,19,2,2,2,2,2,2,3
177.0,1.77e-13,4.161927619464979,1.9585994024813165,1.8581282067573106,1.6386985798982643,2.009023763784217,2.054520093311276,2.135307378686057,1,1,4,4,7,7,10,10,13,13,16,16,19,19,19,2,2,2,2,2,2,3
178.0,1.7800000000000002e-13,4.16972561479198,1.9585706783910888,1.8508305407693058,1.6496341461278066,2.004099735256512,2.04847886329244,2.1372182611678756,1,1,4,4,7,19,10,10,13,13,16,16,19,19,19,2,2,1,2,2,2,4
179.0,1.7900000000000002e-13,4.175986797316151,1.9585360984249496,1.8429006963685997,1.6629066582679264,1.9999470443084022,2.042403845925405,2.1390682842942566,1,1,4,4,7,19,10,10,13,13,16,16,19,19,19,2,2,1,2,2,2,4
180.0,1.8000000000000002e-13,4.180332996927286,1.9587510637060492,1.8347281763497467,1.6779227275602522,1.9965647609883517,2.03643373891124,2.1410325137526733,1,1,4,4,7,19,10,10,13,13,16,16,19,19,19,2,2,1,2,2,2,4
181.0,1.81e-13,4.182745245186386,1.9593461157751753,1.826794704956975,1.6939134835810359,1.9936654816822899,2.030558986261504,2.1431525995056653,1,1,4,4,7,19,10,10,13,13,16,16,19,19,19,2,2,1,2,2,2,4
182.0,1.82e-13,4.184125544636644,1.9603069517365186,1.8195321828859972,1.7100519885327987,1.9907410980116877,2.0246483375700586,2.145341384882955,1,1,4,4,7,19,10,10,13,13,16,16,19,19,19,2,2,1,2,2,2,4
183.0,1.83e-13,4.18705817377001,1.9614953070835113,1.8132207422524547,1.7256573363951115,1.9872791651484731,2.0185216841876747,2.1474353626969642,1,1,4,4,7,19,10,10,13,13,16,16,19,19,19,2,2,1,2,2,2,4
184.0,1.8400000000000002e-13,4.194890021047707,1.9627146934157058,1.8079480630194606,1.7403796876748432,1.9830766346405797,2.012041327388027,2.149286624625796,1,1,4,4,7,19,10,10,13,13,16,16,19,19,19,2,2,1,2,2,2,4
185.0,1.8500000000000002e-13,4.206724255544128,1.9637944284080169,1.8036972018259894,1.7540108024196204,1.9784208416738278,2.005265111818669,2.150829142769301,1,1,4,4,7,19,10,10,13,13,16,16,19,19,19,2,2,1,2,2,2,4
186.0,1.8600000000000002e-13,4.219219863752484,1.9647033484557905,1.8003338468135177,1.7664981725734603,1.9738460216641216,1.998385344466573,2.152143765614333,1,1,4,4,7,19,10,10,13,13,16,16,19,19,19,2,2,1,2,2,2,4
187.0,1.87e-13,4.230530136666458,1.9655754692986942,1.7976645929322699,1.7779247502574793,1.9697812287173073,1.9915754989726853,2.1534277553951586,1,1,4,4,7,19,10,10,13,13,16,16,19,19,19,2,2,1,2,2,2,4
188.0,1.88e-13,4.239943383023861,1.9666064451681908,1.7955818768236886,1.788356096485541,1.9664207637157218,1.984921308774751,2.154884655668125,1,1,4,4,7,19,10,10,13,13,16,16,19,19,19,2,2,1,2,2,2,4
189.0,1.89e-13,4.247130112222686,1.9679290809423275,1.7941434335552118,1.7977729109059288,1.9637135732068085,1.9783851144143167,2.1566278368075666,1,1,4,4,7,19,10,10,13,13,16,16,19,19,19,2,2,1,2,2,2,4
190.0,1.9000000000000002e-13,4.251856311508016,1.9695405101728907,1.7935447643987648,1.8060516626589338,1.9613825748804663,1.9718111296353287,2.158627827894778,1,1,4,4,7,19,10,10,13,13,16,16,19,19,19,2,2,1,2,2,2,4
191.0,1.9100000000000002e-13,4.254062888719404,1.9712849882080685,1.7940346838193773,1.812978380129018,1.9589712788199765,1.9649757914564832,2.1607020623251856,1,1,4,4,7,19,10,10,13,13,16,16,19,19,19,2,2,1,2,2,2,4
192.0,1.9200000000000001e-13,4.25398656950905,1.9728840296459884,1.795830276254282,1.8183325048967858,1.955985455040042,1.9576697548300221,2.1625535884487377,1,1,4,4,7,19,10,10,13,13,16,16,19,19,19,2,2,1,2,2,2,4
193.0,1.93e-13,4.252050367820858,1.9740124675346855,1.799058129708259,1.8220134730838953,1.952158075997665,1.9497876172012136,2.163862945506583,1,1,4,4,7,19,10,10,13,13,16,16,19,19,19,2,2,1,2,2,2,4
194.0,1.94e-13,4.2487404437054614,1.9744054041611496,1.8037228669628667,1.8240926948188418,1.9476468743077753,1.9413919829388342,2.164399724812628,1,1,4,4,7,19,10,10,13,13,16,16,19,19,19,2,2,1,2,2,2,4
195.0,1.9500000000000003e-13,4.244678360389158,1.9739608513769582,1.8097016015493819,1.8247464501603754,1.9429251996406722,1.9327038563267398,2.164097775859721,1,1,4,4,7,19,10,10,13,13,16,16,19,19,19,2,2,1,2,2,2,4
196.0,1.9600000000000002e-13,4.240882657784373,1.9727696395768777,1.8167859355989793,1.8241444697019762,1.9384939219120376,1.924023372023417,2.163044503620347,1,1,4,4,7,19,10,10,13,13,16,16,19,19,19,2,2,1,2,2,2,4
197.0,1.9700000000000002e-13,4.238998877688235,1.9710373138847888,1.82479379726996,1.8223842739662215,1.934680841909292,1.915621429376012,2.1613935374908135,1,1,4,4,7,19,10,10,13,13,16,16,19,19,19,2,2,1,2,2,2,4
198.0,1.9800000000000001e-13,4.240488665693214,1.968962008219752,1.8336898625346045,1.8194775318258876,1.931581710928843,1.9076638921690439,2.159263356549849,1,1,4,4,7,19,10,10,13,13,16,16,19,19,19,2,2,1,2,2,2,4
199.0,1.99e-13,4.244613914970448,1.9666665248384705,1.8435374637888615,1.815388527842376,1.929081831492795,1.9002388355227675,2.156689188752696,1,1,4,4,7,19,10,10,13,13,16,16,19,19,19,2,2,1,2,2,2,4
200.0,2e-13,4.249146380793644,1.9641678989140257,1.8544147159355793,1.8100890910752616,1.9268625922045128,1.8933366222280072,2.1536042359969727,1,1,4,4,7,19,10,10,13,13,16,16,19,19,19,2,2,1,2,2,2,4
201.0,2.0100000000000003e-13,4.2525179348844135,1.9613778776380928,1.8663697554370289,1.803626619091028,1.9244798643370429,1.8868524931472508,2.149846001261163,1,1,4,4,7,19,10,10,13,13,16,16,19,19,19,2,2,1,2,2,2,4
202.0,2.0200000000000002e-13,4.2541853262043245,1.9581587936622253,1.8793490114512077,1.7962305433061665,1.9215799377560245,1.8806911054681243,2.145221415163597,1,1,4,4,7,19,10,10,13,13,16,16,19,19,19,2,2,1,2,2,2,4
203.0,2.0300000000000002e-13,4.254214851664993,1.9544116560867157,1.8931572530393022,1.7883261002053756,1.9181287933075153,1.8748624509570728,2.1396033204996154,1,1,4,4,7,19,10,10,13,13,16,16,19,19,19,2,2,1,2,2,2,4
204.0,2.0400000000000001e-13,4.252874620662942,1.9501649903875924,1.9074566894404328,1.7804052434716644,1.9144234051305695,1.8695089089182846,2.133008852124175,1,1,4,4,7,19,10,10,13,13,16,16,19,19,19,2,2,1,2,2,2,4
205.0,2.05e-13,4.250395307806262,1.9456094562113266,1.92181066676204,1.7728696095486554,1.9108792877673881,1.8648624108443728,2.125607423534408,1,1,4,4,7,19,10,10,13,13,16,16,19,19,19,2,2,1,2,2,2,4
206.0,2.06e-13,4.246874061816562,1.9410426485492513,1.935784002000667,1.7659429568475193,1.9078284653933122,1.8611666251700154,2.117654693233049,1,1,4,4,7,19,10,10,13,13,16,16,19,19,19,2,2,1,2,2,2,4
207.0,2.0700000000000003e-13,4.2422539600501645,1.936760496325957,1.9490848255001925,1.7596448046257833,1.9054334768225034,1.858598367191572,2.109398788161078,1,1,4,4,7,19,10,10,13,13,16,16,19,19,19,2,2,1,2,2,2,4
208.0,2.0800000000000002e-13,4.236357299849309,1.9329619614817861,1.961657947028122,1.7537931526544503,1.9036667114302233,1.8572098640062844,2.101001109209382,1,1,4,4,7,19,10,10,13,13,16,16,19,19,19,2,2,1,2,2,2,4
209.0,2.0900000000000002e-13,4.229035559749614,1.9297003093606666,1.973643421194135,1.7480560607249993,1.9023127047566912,1.8569107022874152,2.092489233061634,1,1,4,4,7,19,10,10,13,13,16,16,19,19,19,2,2,1,2,2,2,4
210.0,2.1000000000000001e-13,4.220549372183753,1.9268852675298613,1.985249704560343,1.7420985228997312,1.9010106702699563,1.8575032246091951,2.0837554159744758,1,1,4,4,7,19,10,10,13,13,16,16,19,19,19,2,2,1,2,2,2,4
211.0,2.11e-13,4.212134425151111,1.9243286993328417,1.9966463172424593,1.7357810233805036,1.8993890811439829,1.858766616562831,2.074603255515104,1,1,4,4,7,19,10,10,13,13,16,16,19,19,19,2,2,1,2,2,2,4
212.0,2.12e-13,4.206000246881552,1.9218264538631245,2.0079031215380505,1.7292450440126954,1.8972859246615335,1.8605520331311267,2.064834047811411,1,1,4,4,7,19,10,10,13,13,16,16,19,19,19,2,2,1,2,2,2,4
213.0,2.1300000000000003e-13,4.20340230966912,1.9192655279485098,2.018893756945444,1.722855463452986,1.8948976599743366,1.8628197615867224,2.0543941435549815,1,1,4,4,7,19,10,10,13,13,16,16,19,19,19,2,2,1,2,2,2,4
214.0,2.1400000000000002e-13,4.203278354554449,1.9166796155774646,2.029284570447747,1.7170595049728068,1.8926802577115536,1.865607724200517,2.043437948611384,1,1,4,4,7,19,10,10,13,13,16,16,19,19,19,2,2,1,2,2,2,4
215.0,2.1500000000000002e-13,4.204195315769866,1.9141912779271422,2.0387144126171575,1.7122216833154333,1.8910897509011393,1.8689852979786814,2.032189482346946,1,1,4,4,7,19,10,10,13,13,16,16,19,19,19,2,2,1,2,2,2,4
216.0,2.1600000000000001e-13,4.205397134585236,1.9119181602082906,2.046943234624678,1.708572265870402,1.890420452825829,1.8729869788580322,2.0208455424695186,1,1,4,4,7,19,10,10,13,13,16,16,19,19,19,2,2,1,2,2,2,4
217.0,2.17e-13,4.206527272277666,1.9099006062798767,2.0539626663548334,1.7061967141662098,1.8907551655811008,1.877559822936659,2.009520289523403,1,1,4,4,7,19,10,10,13,13,16,16,19,19,19,2,2,1,2,2,2,4
218.0,2.18e-13,4.2072929592190675,1.908075978677544,2.0599815300977746,1.7050633891710947,1.8919592531540232,1.8825461465372746,1.9982213070742418,1,1,4,4,7,19,10,10,13,13,16,16,19,19,19,2,2,1,2,2,2,4
219.0,2.1900000000000003e-13,4.207348837364225,1.9062925389587668,2.065304759035307,1.7051030297532501,1.8937023247593348,1.8877129244469033,1.9868542252021153,1,1,4,4,7,19,10,10,13,13,16,16,19,19,19,2,2,1,2,2,2,4
220.0,2.2000000000000002e-13,4.206389003328227,1.9043543242963978,2.0702118582302376,1.706289226937863,1.8955523707836022,1.8928259429073042,1.9752682483057382,1,1,4,4,7,19,10,10,13,13,16,16,19,19,19,2,2,1,2,2,2,4
221.0,2.2100000000000002e-13,4.204337638688444,1.9020922495959196,2.0748811953418542,1.7086292844645372,1.897179874777605,1.8977381721820865,1.9633479017940485,1,1,4,4,7,19,10,10,13,13,16,16,19,19,19,2,2,1,2,2,2,4
222.0,2.2200000000000001e-13,4.201455375045573,1.899443986448364,2.079355965737763,1.7120727999872127,1.8985666113910564,1.9024459696458524,1.9511044910003266,1,1,4,4,7,19,10,10,13,13,16,16,19,19,19,2,2,1,2,2,2,4
223.0,2.23e-13,4.198330064228544,1.8965025735903607,2.0835469606110224,1.716446663108187,1.899998422423522,1.9070819815072741,1.9387002787825733,1,1,4,4,7,19,10,10,13,13,16,16,19,19,19,2,2,1,2,2,2,4
224.0,2.24e-13,4.195973910863276,1.8934958156521906,2.0872812381900077,1.7214690091228677,1.901846360826121,1.9118478908545875,1.926398495028424,1,1,4,4,7,19,10,10,13,13,16,16,19,19,19,2,2,1,2,2,2,4
225.0,2.2500000000000003e-13,4.196124141406787,1.890699006195837,2.0904186303454644,1.7268151754065502,1.9043662758842443,1.9169276433815268,1.914462768887409,1,1,4,4,7,19,10,10,13,13,16,16,19,19,19,2,2,1,2,2,2,4
226.0,2.2600000000000002e-13,4.200797734384472,1.8883363255351675,2.092984820344848,1.7321866907943086,1.9076230999706556,1.922421081539292,1.9030587205357226,1,1,4,4,7,19,10,10,13,13,16,16,19,19,19,2,2,1,2,2,2,4
227.0,2.2700000000000002e-13,4.209697467419414,1.8865511582701595,2.0951604266980426,1.7372945698382212,1.911437090554379,1.9282344919916743,1.8923581441933701,1,1,4,4,7,19,10,10,13,13,16,16,19,19,19,2,2,1,2,2,2,4
228.0,2.2800000000000004e-13,4.220235077166177,1.8853641665901437,2.0971852077214637,1.7419465482540826,1.915389748198985,1.934092167252078,1.8824925701812856,1,1,4,4,7,19,10,10,13,13,16,16,19,19,19,2,2,1,2,2,2,4
229.0,2.2900000000000003e-13,4.230319269090196,1.8846604283982522,2.0992540793870615,1.7461744465570936,1.9189569258580663,1.9396944687606568,1.8734272878129428,1,1,4,4,7,19,10,10,13,13,16,16,19,19,19,2,2,1,2,2,2,4
230.0,2.3000000000000003e-13,4.238847195240582,1.8842544365895562,2.1014424124926463,1.7501712841535038,1.9216860231389672,1.9448189835161747,1.8650559604436787,1,1,4,4,7,19,10,10,13,13,16,16,19,19,19,2,2,1,2,2,2,4
231.0,2.3100000000000003e-13,4.245335823851189,1.8839837539951763,2.103689325312906,1.754153873072754,1.9234054063900485,1.9493790664733168,1.8573167880593084,1,1,4,4,7,19,10,10,13,13,16,16,19,19,19,2,2,1,2,2,2,4
232.0,2.32e-13,4.249651278855873,1.8837997331459233,2.105809496656567,1.7582569612017944,1.9242881734608897,1.9534116259147427,1.8502698239318138,1,1,4,4,7,19,10,10,13,13,16,16,19,19,19,2,2,1,2,2,2,4
233.0,2.33e-13,4.2518643793510424,1.8838022539595094,2.1075411427480817,1.7624944444772748,1.9247072272428434,1.9570228713462738,1.8440888945309468,1,1,4,4,7,19,10,10,13,13,16,16,19,19,19,2,2,1,2,2,2,4
234.0,2.34e-13,4.2521441719147814,1.8841871275104083,2.108652715360913,1.7667576735349297,1.9250394229317438,1.9603196979393454,1.838993192211998,1,1,4,4,7,19,10,10,13,13,16,16,19,19,19,2,2,1,2,2,2,4
235.0,2.35e-13,4.250671310040406,1.8851428645758843,2.1090871880895055,1.7708206206581307,1.9255482076520758,1.9633450855143102,1.835170901737577,1,1,4,4,7,19,10,10,13,13,16,16,19,19,19,2,2,1,2,2,2,4
236.0,2.36e-13,4.2476116533327355,1.886761543528192,2.109036993774152,1.7743672231583076,1.9263342258973088,1.9660412632074147,1.8327173399153034,1,1,4,4,7,19,10,10,13,13,16,16,19,19,19,2,2,1,2,2,2,4
237.0,2.37e-13,4.243181525911758,1.8889972209816537,2.1088687622216504,1.777072167770113,1.9273139755169668,1.9682598022622777,1.8315987889197811,1,1,4,4,7,19,10,10,13,13,16,16,19,19,19,2,2,1,2,2,2,4
238.0,2.38e-13,4.23782275602692,1.8916717036225188,2.108972808536789,1.7787128126489051,1.9282360378271697,1.9698221073292275,1.8316574114111959,1,1,4,4,7,19,10,10,13,13,16,16,19,19,19,2,2,1,2,2,2,4
239.0,2.3900000000000004e-13,4.2324629511006515,1.894520905829189,2.1096465044319332,1.7792275481643176,1.9287950226682409,1.9706100893228176,1.8326623906682773,1,1,4,4,7,19,10,10,13,13,16,16,19,19,19,2,2,1,2,2,2,4
240.0,2.4000000000000004e-13,4.2285909021749175,1.8972779347668127,2.111036546537758,1.778677402677458,1.928864162970385,1.9706315161207555,1.834397918398091,1,1,4,4,7,19,10,10,13,13,16,16,19,19,19,2,2,1,2,2,2,4
241.0,2.4100000000000003e-13,4.227364759138015,1.8997626452109109,2.1131160573312058,1.7771689192145188,1.9286809894370929,1.9700177443750595,1.8367422453757927,1,1,4,4,7,19,10,10,13,13,16,16,19,19,19,2,2,1,2,2,2,4
242.0,2.4200000000000003e-13,4.2283355002783996,1.901936736256645,2.1156806509174495,1.7748121101419385,1.9287746802313008,1.9689806537599361,1.8396782231377273,1,1,4,4,7,19,10,10,13,13,16,16,19,19,19,2,2,1,2,2,2,4
243.0,2.43e-13,4.230225824314707,1.9039126483259474,2.118437005714637,1.771682355188569,1.929696658842853,1.9677412536507448,1.8432684709344944,1,1,4,4,7,19,10,10,13,13,16,16,19,19,19,2,2,1,2,2,2,4
244.0,2.44e-13,4.232176103081523,1.9058688632530725,2.1211651155463005,1.7677851071543154,1.9318074146347723,1.9664550603701891,1.8475989281980456,1,1,4,4,7,19,10,10,13,13,16,16,19,19,19,2,2,1,2,2,2,4
245.0,2.45e-13,4.233817827398028,1.907945790203181,2.123837258690973,1.763073823705919,1.9351968899550918,1.9651699034797767,1.8527123006484711,1,1,4,4,7,19,10,10,13,13,16,16,19,19,19,2,2,1,2,2,2,4
246.0,2.46e-13,4.234970418450932,1.9101846935474984,2.126592868562357,1.7575454876740035,1.9396713714463185,1.9638232716619026,1.8585631616456093,1,1,4,4,7,19,10,10,13,13,16,16,19,19,19,2,2,1,2,2,2,4
247.0,2.47e-13,4.235439091681225,1.9125140417397957,2.1296109801167717,1.7513549974466591,1.9447807951496574,1.962284397331239,1.8650074048209875,1,1,4,4,7,19,10,10,13,13,16,16,19,19,19,2,2,1,2,2,2,4
248.0,2.48e-13,4.234954132043062,1.9147762030352278,2.133000905467579,1.744814457940442,1.949930771375005,1.9604353352356427,1.8718306833434386,1,1,4,4,7,19,10,10,13,13,16,16,19,19,19,2,2,1,2,2,2,4
249.0,2.49e-13,4.233248683524121,1.91679220602743,2.136751884354267,1.7382644640910974,1.9546106933631189,1.9582511516064967,1.8788069092497486,1,1,4,4,7,19,10,10,13,13,16,16,19,19,19,2,2,1,2,2,2,4
250.0,2.5e-13,4.230275952106161,1.9184564596233729,2.1407190213119494,1.7319410203616405,1.9586281022524814,1.955828376498912,1.8857674951524577,1,1,4,4,7,19,10,10,13,13,16,16,19,19,19,2,2,1,2,2,2,4
251.0,2.5100000000000004e-13,4.226439558824893,1.9198237602152672,2.1446389622711477,1.7259037728459097,1.9621339414449563,1.953350966061382,1.8926575879051968,1,1,4,4,7,19,10,10,13,13,16,16,19,19,19,2,2,1,2,2,2,4
252.0,2.5200000000000004e-13,4.222746843930684,1.9211194020890558,2.14819326315733,1.720022660953015,1.9654241430169468,1.9510198747963488,1.899546614447743,1,1,4,4,7,19,10,10,13,13,16,16,19,19,19,2,2,1,2,2,2,4
253.0,2.5300000000000003e-13,4.220909685685512,1.9226504757573242,2.15112606839402,1.7140186033365976,1.9687359648950786,1.9489777414633829,1.906586946300076,1,1,4,4,7,19,10,10,13,13,16,16,19,19,19,2,2,1,2,2,2,4
254.0,2.5400000000000003e-13,4.222737318743127,1.9246845378786839,2.153352822847481,1.7075747861688197,1.9721541705477708,1.9472574753951135,1.9139435570050882,1,1,4,4,7,19,10,10,13,13,16,16,19,19,19,2,2,1,2,2,2,4
255.0,2.55e-13,4.228227013131259,1.9273344211810348,2.1549314792050485,1.7006109599119799,1.9755437784936467,1.9457872391082283,1.9216313440862471,1,1,4,4,7,19,10,10,13,13,16,16,19,19,19,2,2,1,2,2,2,4
256.0,2.56e-13,4.2354469831093144,1.9305099619251482,2.155974113809796,1.6934404417683673,1.978572831105728,1.9444062075710666,1.9294908729990552,1,1,4,4,7,19,10,10,13,13,16,16,19,19,19,2,2,1,2,2,2,4
257.0,2.57e-13,4.242561882725834,1.933970003905566,2.1565523804875193,1.686619697181451,1.980829468281549,1.94292610725533,1.9372952632558051,1,1,4,4,7,19,10,10,13,13,16,16,19,19,19,2,2,1,2,2,2,4
258.0,2.58e-13,4.248496091293154,1.937401268735241,2.156637746121271,1.680718771304743,1.9819740881498942,1.9412290484042658,1.9447896102481583,1,1,4,4,7,19,10,10,13,13,16,16,19,19,19,2,2,1,2,2,2,4
259.0,2.59e-13,4.252771360153442,1.9405276709177848,2.1560939124553316,1.6761492276053684,1.9819405154590872,1.9393176543645572,1.9517430247716485,1,1,4,4,7,19,10,10,13,13,16,16,19,19,19,2,2,1,2,2,2,4
260.0,2.6e-13,4.255342808657731,1.9432128286863464,2.1546975734947367,1.6731018452859585,1.9810303383596166,1.9373017795328082,1.9580019903231085,1,1,4,4,7,19,10,10,13,13,16,16,19,19,19,2,2,1,2,2,2,4
261.0,2.61e-13,4.256452587254988,1.9454971417964142,2.152193696549062,1.6715341332159552,1.9797882729605474,1.9353472731693429,1.9635279629208138,1,1,4,4,7,19,10,10,13,13,16,16,19,19,19,2,2,1,2,2,2,4
262.0,2.6200000000000004e-13,4.256502887041369,1.9475348378899084,2.1484042512077104,1.6711964681736535,1.9787746015789949,1.9336116070390958,1.9683886076853212,1,1,4,4,7,19,10,10,13,13,16,16,19,19,19,2,2,1,2,2,2,4
263.0,2.6300000000000004e-13,4.256092558923239,1.9494770459956048,2.1433581576139216,1.6717288765776868,1.9783991416129043,1.932185530176667,1.9726992689921858,1,1,4,4,7,19,10,10,13,13,16,16,19,19,19,2,2,1,2,2,2,4
264.0,2.6400000000000004e-13,4.2562521386411625,1.951381435638034,2.1373176966976466,1.6728354889040897,1.9788399034362203,1.9310530992145856,1.9765597013042941,1,1,4,4,7,19,10,10,13,13,16,16,19,19,19,2,2,1,2,2,2,4
265.0,2.6500000000000003e-13,4.258844625250858,1.9531798422221105,2.1306406159880598,1.6744435005339107,1.9800147200306124,1.9300930713861766,1.980014633375736,1,1,4,4,7,19,10,10,13,13,16,16,19,19,19,2,2,1,2,2,2,4
266.0,2.6600000000000003e-13,4.2665156272484355,1.9546961652757768,2.123593103906378,1.6767002570265621,1.9816118096085364,1.9291413747615997,1.983043974993414,1,1,4,4,7,19,10,10,13,13,16,16,19,19,19,2,2,1,2,2,2,4
267.0,2.67e-13,4.28017500533478,1.9556841987934923,2.116304880639291,1.6798195709609092,1.9832012338523666,1.9281006337001645,1.9855484951989046,1,1,4,4,7,19,10,10,13,13,16,16,19,19,19,2,2,1,2,2,2,4
268.0,2.68e-13,4.297269226690715,1.955912486861166,2.10884014480282,1.6839072150012389,1.984452309405084,1.9270217736872168,1.9873743275149387,1,1,4,4,7,19,10,10,13,13,16,16,19,19,19,2,2,1,2,2,2,4
269.0,2.69e-13,4.315140812169097,1.9553069925382274,2.1010732266502017,1.688949394049014,1.9853831448542147,1.9260669504544838,1.9884532037377307,1,1,4,4,7,19,10,10,13,13,16,16,19,19,19,2,2,1,2,2,2,4
270.0,2.7e-13,4.332422041978306,1.9539984071317862,2.092736238399932,1.6948168077313563,1.986308502082257,1.925435645802404,1.9888553887983886,1,1,4,4,7,19,10,10,13,13,16,16,19,19,19,2,2,1,2,2,2,4
271.0,2.71e-13,4.348644199736278,1.9522693600977508,2.083557225609093,1.7012710580041919,1.9875914088557955,1.925294015893596,1.9887754803036524,1,1,4,4,7,19,10,10,13,13,16,16,19,19,19,2,2,1,2,2,2,4
272.0,2.72e-13,4.363783804625615,1.9504435597904375,2.07343305581492,1.7080134828115714,1.9894455232759025,1.9257171065143133,1.9884700811710019,1,1,4,4,7,19,10,10,13,13,16,16,19,19,19,2,2,1,2,2,2,4
273.0,2.73e-13,4.377972075637149,1.948783224566933,2.0625268292110146,1.7147915826389482,1.9918579923878599,1.9266493779905975,1.9881804215128538,1,1,4,4,7,19,10,10,13,13,16,16,19,19,19,2,2,1,2,2,2,4
274.0,2.7400000000000004e-13,4.391389558509804,1.9474238755527196,2.0511814881312325,1.7214999907860757,1.9945865850448032,1.9279047146989425,1.9880671505951653,1,1,4,4,7,19,10,10,13,13,16,16,19,19,19,2,2,1,2,2,2,4
275.0,2.7500000000000004e-13,4.4043532960485035,1.9463529291484385,2.0397412914915263,1.7281611541243398,1.9972006723367033,1.929232155657863,1.9881748372209898,1,1,4,4,7,19,10,10,13,13,16,16,19,19,19,2,2,1,2,2,2,4
276.0,2.7600000000000004e-13,4.417585601365291,1.9454371943616173,2.028426173450534,1.7348182326155117,1.9991784421805079,1.9304341383230121,1.9884378953178878,1,1,4,4,7,19,10,10,13,13,16,16,19,19,19,2,2,1,2,2,2,4
277.0,2.7700000000000003e-13,4.432451030037311,1.9445026873247249,2.0172778707062347,1.7414630614651243,2.000085059768216,1.9314617160473684,1.9887345916195236,1,1,4,4,7,19,10,10,13,13,16,16,19,19,19,2,2,1,2,2,2,4
278.0,2.7800000000000003e-13,4.450200925792703,1.9434493686043592,2.006163893467602,1.7480162124896306,1.9997599697335322,1.9324110364448512,1.988976134844122,1,1,4,4,7,19,10,10,13,13,16,16,19,19,19,2,2,1,2,2,2,4
279.0,2.79e-13,4.470072729088731,1.942343518738338,1.9948954423785377,1.7542851380400957,1.9983633136859187,1.933437329440753,1.9891806048029272,1,1,4,4,7,19,10,10,13,13,16,16,19,19,19,2,2,1,2,2,2,4
280.0,2.8e-13,4.4899246842692015,1.9414037427573358,1.9833155495607426,1.7599936219688723,1.996252229813296,1.934667358228735,1.9894812410143967,1,1,4,4,7,19,10,10,13,13,16,16,19,19,19,2,2,1,2,2,2,4
281.0,2.81e-13,4.508283946461029,1.9408849841825255,1.9713632310073028,1.764896103417036,1.9937874281726735,1.9361439488791592,1.9900633048566978,1,1,4,4,7,19,10,10,13,13,16,16,19,19,19,2,2,1,2,2,2,4
282.0,2.82e-13,4.524622357042402,1.940962579399304,1.9591762946412068,1.7688874440310025,1.9912164946602546,1.9377951946373184,1.9910786144944774,1,1,4,4,7,19,10,10,13,13,16,16,19,19,19,2,2,1,2,2,2,4
283.0,2.83e-13,4.538907172967944,1.9416662703254384,1.9470745854397675,1.7720557437478743,1.9886338776480446,1.9394351923659952,1.9925817156031245,1,1,4,4,7,19,10,10,13,13,16,16,19,19,19,2,2,1,2,2,2,4
284.0,2.84e-13,4.551285720799174,1.9428641621423377,1.9354341422463757,1.7746001798912534,1.9859720380272712,1.9408174640002134,1.9945010710378854,1,1,4,4,7,19,10,10,13,13,16,16,19,19,19,2,2,1,2,2,2,4
285.0,2.85e-13,4.561950245812777,1.9442927360161084,1.9245670158893804,1.7766799691839488,1.983033837241389,1.9417478256098661,1.99664962500742,1,1,4,4,7,19,10,10,13,13,16,16,19,19,19,2,2,1,2,2,2,4
286.0,2.8600000000000004e-13,4.571108204125425,1.9456361418552643,1.914662850061247,1.7783120926871128,1.97961990876284,1.9421972879299358,1.9987797601117687,1,1,4,4,7,19,10,10,13,13,16,16,19,19,19,2,2,1,2,2,2,4
287.0,2.8700000000000004e-13,4.579080900461482,1.9466451094249484,1.9057712010500678,1.779342868985101,1.9757317539774601,1.9423196185352485,2.0006792814075296,1,1,4,4,7,19,10,10,13,13,16,16,19,19,19,2,2,1,2,2,2,4
288.0,2.8800000000000004e-13,4.586582778160564,1.9472421606175592,1.897804291256296,1.779469956109715,1.9716728942269963,1.942364062416929,2.002268135643199,1,1,4,4,7,19,10,10,13,13,16,16,19,19,19,2,2,1,2,2,2,4
289.0,2.8900000000000003e-13,4.595069266435623,1.947537002111004,1.890580852736465,1.7783049863409899,1.9679217763120382,1.942567511352661,2.0036271141387725,1,1,4,4,7,19,10,10,13,13,16,16,19,19,19,2,2,1,2,2,2,4
290.0,2.9000000000000003e-13,4.606334652288615,1.9477426376754758,1.883933635208564,1.7754916958377704,1.964909890630625,1.9430850179116836,2.004940047124092,1,1,4,4,7,19,10,10,13,13,16,16,19,19,19,2,2,1,2,2,2,4
291.0,2.91e-13,4.620505343568736,1.9480619330090514,1.8778752959203517,1.7708919701360344,1.9628979698044533,1.9439529696741824,2.00639183844925,1,1,4,4,7,19,10,10,13,13,16,16,19,19,19,2,2,1,2,2,2,4
292.0,2.92e-13,4.635701620425864,1.9486058060134988,1.872633826434648,1.764722142262685,1.9619139269957169,1.9450707031384553,2.008084851623206,1,1,4,4,7,19,10,10,13,13,16,16,19,19,19,2,2,1,2,2,2,4
293.0,2.93e-13,4.650217701391695,1.949361774342874,1.8684676520945565,1.7574056517732466,1.9617108389017681,1.9462409051274647,2.0100129528863326,1,1,4,4,7,19,10,10,13,13,16,16,19,19,19,2,2,1,2,2,2,4
294.0,2.94e-13,4.663273440277235,1.9502054450858193,1.8655402681962838,1.74935135890636,1.9618186844843168,1.947269072732519,2.0120638760742704,1,1,4,4,7,19,10,10,13,13,16,16,19,19,19,2,2,1,2,2,2,4
295.0,2.95e-13,4.674693779742968,1.9509491048242147,1.8638788336067382,1.7408365511696542,1.9616943425145899,1.9480811345104403,2.014051539916174,1,1,4,4,7,19,10,10,13,13,16,16,19,19,19,2,2,1,2,2,2,4
296.0,2.96e-13,4.684510787282529,1.9514326729785796,1.863369478663525,1.7319883592114567,1.960965980173156,1.9487720702401077,2.0157887793552955,1,1,4,4,7,19,10,10,13,13,16,16,19,19,19,2,2,1,2,2,2,4
297.0,2.9700000000000005e-13,4.692789437984252,1.9516358271530734,1.863761856917175,1.7227812751592089,1.9596068338966586,1.9495468038197963,2.0171901590281025,1,1,4,4,7,19,10,10,13,13,16,16,19,19,19,2,2,1,2,2,2,4
298.0,2.9800000000000004e-13,4.699675098998829,1.951729090717525,1.8647147794884764,1.713060413814641,1.957853377325765,1.9506172206161563,2.018330932525933,1,1,4,4,7,19,10,10,13,13,16,16,19,19,19,2,2,1,2,2,2,4
299.0,2.9900000000000004e-13,4.705599247915992,1.9520084521273753,1.8659044302101786,1.702682372484134,1.955981778123753,1.9521263988018132,2.019403421688685,1,1,4,4,7,19,10,10,13,13,16,16,19,19,19,2,2,1,2,2,2,4
300.0,3.0000000000000003e-13,4.711568962958372,1.9527673679944555,1.8671585485056668,1.6917205244883273,1.9541502763873464,1.9541103963726278,2.02061590088023,1,1,4,4,7,19,10,10,13,13,16,16,19,19,19,2,2,1,2,2,2,4
301.0,3.0100000000000003e-13,4.718982234700823,1.9541911308369055,1.8685150285858672,1.6805332642716242,1.9523426667940806,1.9564865190040737,2.022104270498794,1,1,4,4,7,19,10,10,13,13,16,16,19,19,19,2,2,1,2,2,2,4
302.0,3.0200000000000003e-13,4.72833289157052,1.956303402019596,1.8701391978015969,1.6696470378732586,1.950364627083237,1.9590687958878288,2.0238808561011896,1,1,4,4,7,19,10,10,13,13,16,16,19,19,19,2,2,1,2,2,2,4
303.0,3.03e-13,4.7386686457598,1.9589575238785213,1.8721833307438716,1.659586080279186,1.9478738848322403,1.9616341421372459,2.025821219511901,1,1,4,4,7,19,10,10,13,13,16,16,19,19,19,2,2,1,2,2,2,4
304.0,3.04e-13,4.74892585015801,1.9618851026942818,1.874700661700718,1.6507186535176872,1.9444799584832329,1.964044793260908,2.027699990781955,1,1,4,4,7,19,10,10,13,13,16,16,19,19,19,2,2,1,2,2,2,4
305.0,3.05e-13,4.758644762551285,1.9647936016860594,1.8776212113853528,1.6432076548361232,1.9399525686057408,1.9663275440513823,2.0292673768188862,1,1,4,4,7,19,10,10,13,13,16,16,19,19,19,2,2,1,2,2,2,4
306.0,3.06e-13,4.767764658399403,1.9674778041154717,1.8807512059252118,1.6370494693550885,1.934432111468952,1.9686394315486246,2.0303438458778174,1,1,4,4,7,19,10,10,13,13,16,16,19,19,19,2,2,1,2,2,2,4
307.0,3.07e-13,4.776324868623692,1.9698926578862213,1.8837946753808872,1.632159104360692,1.928436506604713,1.9711746661953684,2.0308922700321896,1,1,4,4,7,19,10,10,13,13,16,16,19,19,19,2,2,1,2,2,2,4
308.0,3.08e-13,4.784384172495446,1.9721360721862025,1.8864416307978291,1.6285011267244789,1.922639511887135,1.9740936786823156,2.031015609467395,1,1,4,4,7,19,10,10,13,13,16,16,19,19,19,2,2,1,2,2,2,4
309.0,3.0900000000000005e-13,4.792174742358751,1.9743481731176424,1.8885139543297838,1.626221851267234,1.9176244484213538,1.9774828899454966,2.030877921229975,1,1,4,4,7,19,10,10,13,13,16,16,19,19,19,2,2,1,2,2,2,4
310.0,3.1000000000000004e-13,4.800427830207807,1.9766083416894633,1.890072645806473,1.6256217444467596,1.9137387807712665,1.9813329511866618,2.0306117907819003,1,1,4,4,7,19,10,10,13,13,16,16,19,19,19,2,2,1,2,2,2,4
311.0,3.1100000000000004e-13,4.810534070542103,1.978882747296982,1.8913774225177264,1.6269857149681652,1.9110362996805832,1.985541311641058,2.0302594293940963,1,1,4,4,7,19,10,10,13,13,16,16,19,19,19,2,2,1,2,2,2,4
312.0,3.1200000000000003e-13,4.823742556181862,1.9810137317309504,1.8927344075155907,1.6304505890166558,1.9092840881415523,1.9899515194068773,2.02975334963814,1,1,4,4,7,19,10,10,13,13,16,16,19,19,19,2,2,1,2,2,2,4
313.0,3.1300000000000003e-13,4.839640774935341,1.982737842372738,1.8943610190386309,1.6359493797921354,1.9080516538918524,1.9944235129752008,2.0289347985799924,1,1,4,4,7,19,10,10,13,13,16,16,19,19,19,2,2,1,2,2,2,4
314.0,3.14e-13,4.856677043243923,1.983760675315909,1.896329496361118,1.6432129170401453,1.906925111179416,1.9989199069808292,2.027613513420368,1,1,4,4,7,19,10,10,13,13,16,16,19,19,19,2,2,1,2,2,2,4
315.0,3.15e-13,4.873649261180496,1.983876826649351,1.8985721038104422,1.651836890210268,1.9057819489401162,2.003525482150679,2.0256603166092857,1,1,4,4,7,19,10,10,13,13,16,16,19,19,19,2,2,1,2,2,2,4
316.0,3.16e-13,4.889982291168635,1.9830720088345326,1.9009167841900934,1.6613884793696887,1.9048662271767072,2.0083838382925996,2.023088795130951,1,1,4,4,7,19,10,10,13,13,16,16,19,19,19,2,2,1,2,2,2,4
317.0,3.17e-13,4.905467759607539,1.981538352501191,1.9031558644040982,1.671542053405898,1.9045925561022203,2.013630173604408,2.0200655240181353,1,1,4,4,7,19,10,10,13,13,16,16,19,19,19,2,2,1,2,2,2,4
318.0,3.18e-13,4.92006852735859,1.9795908991863578,1.9051516195383589,1.6821516094520943,1.905298147181846,2.019343672791316,2.016844011063574,1,1,4,4,7,19,10,10,13,13,16,16,19,19,19,2,2,1,2,2,2,4
319.0,3.19e-13,4.933902653144656,1.9775473144508864,1.906934890445848,1.6931702999522815,1.907100773640573,2.0255092225123716,2.0136730351147856,1,1,4,4,7,19,10,10,13,13,16,16,19,19,19,2,2,1,2,2,2,4
320.0,3.2000000000000005e-13,4.947414186753602,1.9756275682961855,1.9087078304582439,1.7045228205472185,1.9098571014498296,2.032005425835751,2.010716904040404,1,1,4,4,7,19,10,10,13,13,16,16,19,19,19,2,2,1,2,2,2,4
321.0,3.2100000000000005e-13,4.961583400735112,1.9738948065841784,1.9107344908339285,1.7160535218017814,1.9131850556884629,2.0386405968967014,2.008007469880612,1,1,4,4,7,19,10,10,13,13,16,16,19,19,19,2,2,1,2,2,2,4
322.0,3.2200000000000004e-13,4.977530409493511,1.9722488698224074,1.913217990893639,1.727517670700976,1.9165346275711859,2.045222237892862,2.005444939711806,1,1,4,4,7,19,10,10,13,13,16,16,19,19,19,2,2,1,2,2,2,4
323.0,3.2300000000000004e-13,4.995097503399448,1.9704825177186431,1.9162318895819053,1.738557128053517,1.9193311708530447,2.0516129014813584,2.0028536924913953,1,1,4,4,7,19,10,10,13,13,16,16,19,19,19,2,2,1,2,2,2,4
324.0,3.2400000000000003e-13,5.012800072706808,1.968399277221967,1.9197165169535177,1.7487481832195324,1.9212185936092707,2.0577627474426117,2.0000732020708516,1,1,4,4,7,19,10,10,13,13,16,16,19,19,19,2,2,1,2,2,2,4
325.0,3.2500000000000003e-13,5.02937816227038,1.9659520654315077,1.9235252771927756,1.7577370449361387,1.9222287637333135,2.0637015926075466,1.997049111241679,1,1,4,4,7,19,10,10,13,13,16,16,19,19,19,2,2,1,2,2,2,4
326.0,3.26e-13,5.044298103457313,1.9633030842223123,1.9274877051188741,1.765362591841848,1.9227000924221624,2.0694946045807923,1.9938689086569872,1,1,4,4,7,19,10,10,13,13,16,16,19,19,19,2,2,1,2,2,2,4
327.0,3.27e-13,5.0574826058885725,1.960745048712134,1.9314889345950759,1.7716864305830555,1.9230670138358872,2.075204961109107,1.9907103246927638,1,1,4,4,7,19,10,10,13,13,16,16,19,19,19,2,2,1,2,2,2,4
328.0,3.28e-13,5.069021009930605,1.9585569980207462,1.9355476218693446,1.7768831783566752,1.923695457600523,2.0808601063017074,1.9877510871787902,1,1,4,4,7,19,10,10,13,13,16,16,19,19,19,2,2,1,2,2,2,4
329.0,3.29e-13,5.079045695271447,1.956894288534237,1.939832256632635,1.7810905083240276,1.9247997487493926,2.086414961947239,1.9850994881876718,1,1,4,4,7,19,10,10,13,13,16,16,19,19,19,2,2,1,2,2,2,4
330.0,3.3e-13,5.087841482713031,1.9557353953151548,1.9445843416987985,1.7843279963472922,1.9264016990300006,2.0917414256499423,1.9827573941610779,1,1,4,4,7,19,10,10,13,13,16,16,19,19,19,2,2,1,2,2,2,4
331.0,3.31e-13,5.096163423698472,1.9548749517111874,1.9500157479894737,1.7864917926239274,1.9283257477220375,2.0966865416767018,1.9806076945132214,1,1,4,4,7,19,10,10,13,13,16,16,19,19,19,2,2,1,2,2,2,4
332.0,3.3200000000000005e-13,5.105396955869154,1.9539741457514759,1.9562515332542874,1.78737464699545,1.930275147332083,2.10116476038399,1.978441300328418,1,1,4,4,7,19,10,10,13,13,16,16,19,19,19,2,2,1,2,2,2,4
333.0,3.3300000000000005e-13,5.11670291881698,1.9526753906721546,1.96329634530548,1.7867041255120621,1.932013314828217,2.105184764654711,1.9760398024606864,1,1,4,4,7,19,10,10,13,13,16,16,19,19,19,2,2,1,2,2,2,4
334.0,3.3400000000000004e-13,5.129538250416678,1.9507650346455163,1.9709757206350942,1.7842703133261109,1.9335582462735934,2.1087893867347254,1.9732999355238512,1,1,4,4,7,19,10,10,13,13,16,16,19,19,19,2,2,1,2,2,2,4
335.0,3.3500000000000004e-13,5.142481139395744,1.9482714930606633,1.9790283319544066,1.7800919891433737,1.9352298069156462,2.1120480753038096,1.9702836772398298,1,1,4,4,7,19,10,10,13,13,16,16,19,19,19,2,2,1,2,2,2,4
336.0,3.3600000000000003e-13,5.154566679516518,1.9454163435311214,1.9872232627473894,1.7744285620801261,1.937474652030256,2.1150354969755907,1.9671774724909377,1,1,4,4,7,19,10,10,13,13,16,16,19,19,19,2,2,1,2,2,2,4
337.0,3.3700000000000003e-13,5.165372571736234,1.9424808449688595,1.9954358360770523,1.7676440787564718,1.9406544070896221,2.1177927302924213,1.9642059076675114,1,1,4,4,7,19,10,10,13,13,16,16,19,19,19,2,2,1,2,2,2,4
338.0,3.38e-13,5.174759676633405,1.939688750032599,2.0036833138688293,1.7600593724666223,1.94492141446643,2.12029478423129,1.961550722229449,1,1,4,4,7,19,10,10,13,13,16,16,19,19,19,2,2,1,2,2,2,4
339.0,3.39e-13,5.182741880256736,1.9371458005823823,2.0120751229308005,1.7518780817552553,1.950167405377037,2.1224399368471785,1.959302463891537,1,1,4,4,7,19,10,10,13,13,16,16,19,19,19,2,2,1,2,2,2,4
340.0,3.4e-13,5.189544706522357,1.9348207876139567,2.0207072733513254,1.743162614338709,1.9560230246779617,2.1240862849865216,1.9574403254561945,1,1,4,4,7,19,10,10,13,13,16,16,19,19,19,2,2,1,2,2,2,4
341.0,3.41e-13,5.195824706599727,1.9325624562996675,2.0295856618393473,1.733832628643785,1.9619386631486797,2.1251303006706665,1.9558424561463155,1,1,4,4,7,19,10,10,13,13,16,16,19,19,19,2,2,1,2,2,2,4
342.0,3.42e-13,5.202963963513021,1.9301707289439634,2.038610115600244,1.7237158302613549,1.9673734461259977,2.125560137360596,1.9543412080950273,1,1,4,4,7,19,10,10,13,13,16,16,19,19,19,2,2,1,2,2,2,4
343.0,3.43e-13,5.212748636491041,1.9275225198833466,2.047591848968751,1.7126913806680304,1.9720113505493404,2.1254330675536073,1.9528181606098567,1,1,4,4,7,19,10,10,13,13,16,16,19,19,19,2,2,1,2,2,2,4
344.0,3.4400000000000005e-13,5.225451085504651,1.9247030309971984,2.056228301323116,1.7009277230166036,1.9758095344220328,2.124819979223921,1.951297306377094,1,1,4,4,7,19,10,10,13,13,16,16,19,19,19,2,2,1,2,2,2,4
345.0,3.4500000000000004e-13,5.239354457626483,1.9220150093834656,2.0641517330713426,1.6889279513590532,1.9789017397776323,2.1237738155202495,1.9499523919337185,1,1,4,4,7,19,10,10,13,13,16,16,19,19,19,2,2,1,2,2,2,4
346.0,3.4600000000000004e-13,5.252839613130374,1.919829909597302,2.071095162872384,1.6772686514098187,1.9814718792167074,2.1223046034681055,1.9490117333715409,1,1,4,4,7,19,10,10,13,13,16,16,19,19,19,2,2,1,2,2,2,4
347.0,3.4700000000000004e-13,5.265121052958167,1.9184407933940923,2.0769663756755854,1.6664283827528583,1.9836339742290672,2.120360545575252,1.948657630153383,1,1,4,4,7,19,10,10,13,13,16,16,19,19,19,2,2,1,2,2,2,4
348.0,3.4800000000000003e-13,5.275969325202218,1.9179762109755687,2.0818358443599525,1.6567257365895687,1.9853733993046447,2.1178279939807987,1.9489612468320112,1,1,4,4,7,19,10,10,13,13,16,16,19,19,19,2,2,1,2,2,2,4
349.0,3.4900000000000003e-13,5.285446071537513,1.9183673999763393,2.0858507920792193,1.6482928480646293,1.9865345001626007,2.1145687951408827,1.9498547240030983,1,1,4,4,7,19,10,10,13,13,16,16,19,19,19,2,2,1,2,2,2,4
350.0,3.5e-13,5.2938256574318485,1.9193634063231242,2.0891346331482774,1.6410745293394016,1.986850759239272,2.110495064285492,1.9511412480765948,1,1,4,4,7,19,10,10,13,13,16,16,19,19,19,2,2,1,2,2,2,4
351.0,3.51e-13,5.3017022063493,1.9206071490559646,2.0917249280451005,1.634912604055717,1.9860476819298205,2.105627760567196,1.9525507058961091,1,1,4,4,7,19,10,10,13,13,16,16,19,19,19,2,2,1,2,2,2,4
352.0,3.52e-13,5.310236578544483,1.9217740457224617,2.0935600773454643,1.629728190055265,1.9840225522934773,2.100077495783275,1.9538402354936153,1,1,4,4,7,19,10,10,13,13,16,16,19,19,19,2,2,1,2,2,2,4
353.0,3.53e-13,5.321099866606657,1.9227153466465245,2.0944986708876345,1.625674380297726,1.980976009694608,2.0939747881378983,1.9548992455477157,1,1,4,4,7,19,10,10,13,13,16,16,19,19,19,2,2,1,2,2,2,4
354.0,3.54e-13,5.33528596560312,1.9234970691240816,2.0943603189463964,1.623099818010999,1.9773647463331874,2.0874244134770024,1.955782354030099,1,1,4,4,7,19,10,10,13,13,16,16,19,19,19,2,2,1,2,2,2,4
355.0,3.5500000000000005e-13,5.352013380355278,1.924304812787335,2.093001261326067,1.6223675344460564,1.973732988191622,2.0805027586384663,1.956645032148632,1,1,4,4,7,19,10,10,13,13,16,16,19,19,19,2,2,1,2,2,2,4
356.0,3.5600000000000005e-13,5.369892320396327,1.9253076170319599,2.0904136388090024,1.6236760485761532,1.9705276316651235,2.073226251502345,1.957643771585308,1,1,4,4,7,19,10,10,13,13,16,16,19,19,19,2,2,1,2,2,2,4
357.0,3.5700000000000004e-13,5.3879777496821335,1.9265654351620785,2.086768081783315,1.6269824828061608,1.9679839644541544,2.065528000578299,1.9588599641937794,1,1,4,4,7,19,10,10,13,13,16,16,19,19,19,2,2,1,2,2,2,4
358.0,3.5800000000000004e-13,5.405747511184407,1.9279953849991456,2.082355831273468,1.6319933023186255,1.9660858084578399,2.0572969782139063,1.9602649980694586,1,1,4,4,7,19,10,10,13,13,16,16,19,19,19,2,2,1,2,2,2,4
359.0,3.5900000000000004e-13,5.422925960762391,1.9293816538930575,2.0774732405869183,1.638212153780802,1.964575491518245,2.0484712273832986,1.9617212209530446,1,1,4,4,7,19,10,10,13,13,16,16,19,19,19,2,2,1,2,2,2,4
360.0,3.6000000000000003e-13,5.439490765995366,1.9304290045487635,2.0723324360954907,1.6450882910307183,1.9630558054996037,2.0391245215759284,1.963019635798543,1,1,4,4,7,19,10,10,13,13,16,16,19,19,19,2,2,1,2,2,2,4
361.0,3.6100000000000003e-13,5.45582462414458,1.930871388183366,2.067026171899011,1.6522435626223728,1.9612162576210348,2.0294588168103105,1.9639615827929424,1,1,4,4,7,19,10,10,13,13,16,16,19,19,19,2,2,1,2,2,2,4
362.0,3.62e-13,5.472913234347696,1.9306097821327595,2.0615274271684365,1.659597911077007,1.95904251666402,2.019704773868558,1.9644645666206022,1,1,4,4,7,19,10,10,13,13,16,16,19,19,19,2,2,1,2,2,2,4
363.0,3.63e-13,5.49234474924771,1.9297826247858354,2.0557202902821095,1.667260519008123,1.9567943979557134,2.0100307050034236,1.9646187775646011,1,1,4,4,7,19,10,10,13,13,16,16,19,19,19,2,2,1,2,2,2,4
364.0,3.64e-13,5.5153284793735455,1.92870443958378,2.049470040820168,1.6753274585387756,1.954803976614252,2.0005113216182466,1.9646430134058077,1,1,4,4,7,19,10,10,13,13,16,16,19,19,19,2,2,1,2,2,2,4
365.0,3.65e-13,5.541154779879281,1.9277301838982197,2.0427297027506857,1.6837379779485036,1.953298674220366,1.9911411039177487,1.9647800000571154,1,1,4,4,7,19,10,10,13,13,16,16,19,19,19,2,2,1,2,2,2,4
366.0,3.66e-13,5.567932551573572,1.9271319693002005,2.035606919188962,1.6922367113632724,1.9523139873093813,1.981831122652256,1.965202807531149,1,1,4,4,7,19,10,10,13,13,16,16,19,19,19,2,2,1,2,2,2,4
367.0,3.6700000000000005e-13,5.594080713294409,1.9270295134823856,2.0283325724409598,1.700404311083583,1.951675790975991,1.972430678041983,1.965965852785528,1,1,4,4,7,19,10,10,13,13,16,16,19,19,19,2,2,1,2,2,2,4
368.0,3.6800000000000005e-13,5.618627633051778,1.927374647109951,2.021165874505037,1.7077413689121632,1.9510284067430312,1.9628217336102882,1.9669977414887134,1,1,4,4,7,19,10,10,13,13,16,16,19,19,19,2,2,1,2,2,2,4
369.0,3.6900000000000004e-13,5.641090351263247,1.9279823979673307,2.0143082531695975,1.7138417015844483,1.949917240788381,1.9530155652052075,1.9681284392004226,1,1,4,4,7,19,10,10,13,13,16,16,19,19,19,2,2,1,2,2,2,4
370.0,3.7000000000000004e-13,5.6614099788975025,1.9286190050667218,2.007872051264389,1.7185696802268127,1.947959595216971,1.9431661255065107,1.969153478186186,1,1,4,4,7,19,10,10,13,13,16,16,19,19,19,2,2,1,2,2,2,4
371.0,3.7100000000000003e-13,5.679981807360828,1.9291407162385652,2.0018821355124228,1.7220682135970546,1.945050282086274,1.933494342512107,1.9699314604846059,1,1,4,4,7,19,10,10,13,13,16,16,19,19,19,2,2,1,2,2,2,4
372.0,3.7200000000000003e-13,5.6977989422921,1.9296043728596175,1.9962823041139344,1.7245925668912596,1.941422255110405,1.9241817047698615,1.9704663590014944,1,1,4,4,7,19,10,10,13,13,16,16,19,19,19,2,2,1,2,2,2,4
373.0,3.7300000000000003e-13,5.716427783648705,1.9302444918882633,1.9909771618798882,1.7263311051425563,1.9375100686404874,1.9153156217437382,1.970900322276704,1,1,4,4,7,19,10,10,13,13,16,16,19,19,19,2,2,1,2,2,2,4
374.0,3.74e-13,5.737055554688667,1.931337164045223,1.9859182619825766,1.7273125940470546,1.9337667765519009,1.9068951045573104,1.9714230137773818,1,1,4,4,7,19,10,10,13,13,16,16,19,19,19,2,2,1,2,2,2,4
375.0,3.75e-13,5.7591596797088025,1.933060616653511,1.9811929185105623,1.7273857756462603,1.9305423580915475,1.898863348193639,1.9721715815494967,1,1,4,4,7,19,10,10,13,13,16,16,19,19,19,2,2,1,2,2,2,4
376.0,3.76e-13,5.781229088938044,1.935420157081133,1.977026215607977,1.726262392310102,1.9280099526766745,1.8911349511055946,1.9731722925828734,1,1,4,4,7,19,10,10,13,13,16,16,19,19,19,2,2,1,2,2,2,4
377.0,3.77e-13,5.802095511251514,1.9382399701373756,1.9736892506579649,1.7236432255591074,1.926133848394885,1.8836544656329777,1.9743285831155912,1,1,4,4,7,19,10,10,13,13,16,16,19,19,19,2,2,1,2,2,2,4
378.0,3.78e-13,5.821158404242874,1.9412033419825565,1.9713892015375325,1.7194182490011838,1.924698836385956,1.8764611287304154,1.9754441142554071,1,1,4,4,7,19,10,10,13,13,16,16,19,19,19,2,2,1,2,2,2,4
379.0,3.7900000000000005e-13,5.838201315057878,1.943942472416595,1.9702009930352244,1.7137902348120988,1.9234383540298647,1.8696774427524607,1.9762792609741606,1,1,4,4,7,19,10,10,13,13,16,16,19,19,19,2,2,1,2,2,2,4
380.0,3.8000000000000005e-13,5.8533183349666755,1.9461692181795671,1.9700542102018217,1.7071843385984482,1.922247045552997,1.8634400850946076,1.976638207258406,1,1,4,4,7,19,10,10,13,13,16,16,19,19,19,2,2,1,2,2,2,4
381.0,3.8100000000000004e-13,5.867015578369647,1.947787869195192,1.9707635297371415,1.7000529291644086,1.9213099642440654,1.8578499820174605,1.9764556576310826,1,1,4,4,7,19,10,10,13,13,16,16,19,19,19,2,2,1,2,2,2,4
382.0,3.8200000000000004e-13,5.88040956161978,1.9489089111710245,1.9720921513740928,1.6927285220639543,1.9210111884014633,1.852952956498285,1.9758224682440628,1,1,4,4,7,19,10,10,13,13,16,16,19,19,19,2,2,1,2,2,2,4
383.0,3.8300000000000003e-13,5.895273070923267,1.9497519342099179,1.9738375967541189,1.685353387579366,1.9217291580415425,1.8487376235342523,1.9749218547042364,1,1,4,4,7,19,10,10,13,13,16,16,19,19,19,2,2,1,2,2,2,4
384.0,3.8400000000000003e-13,5.913311528906885,1.950519933616277,1.9758984082319533,1.6778858849283433,1.923681470559901,1.8451516996765325,1.9739297378844316,1,1,4,4,7,19,10,10,13,13,16,16,19,19,19,2,2,1,2,2,2,4
385.0,3.8500000000000003e-13,5.934643446697909,1.9513157728221036,1.9782726709238367,1.6701969202018714,1.9268485881397732,1.8421351992300423,1.9729444864676904,1,1,4,4,7,19,10,10,13,13,16,16,19,19,19,2,2,1,2,2,2,4
386.0,3.86e-13,5.957916332401354,1.9521131518968042,1.980988827211883,1.6622305442663885,1.9309577488358036,1.8396469388211905,1.971956004608591,1,1,4,4,7,19,10,10,13,13,16,16,19,19,19,2,2,1,2,2,2,4
387.0,3.87e-13,5.9817410286550885,1.9527726031343993,1.9840177691799268,1.6541698516446932,1.9355388749851392,1.8376792960370358,1.9708497894329577,1,1,4,4,7,19,10,10,13,13,16,16,19,19,19,2,2,1,2,2,2,4
388.0,3.88e-13,6.005180033477516,1.9531017741709018,1.987216816516088,1.6464645582426125,1.9400570282780665,1.8362460405131489,1.9694482297601021,1,1,4,4,7,19,10,10,13,13,16,16,19,19,19,2,2,1,2,2,2,4
389.0,3.89e-13,6.0276689427815615,1.9529620258218388,1.990330783152496,1.63966551651358,1.9441065684760734,1.8353492965335774,1.9675858846289516,1,1,4,4,7,19,10,10,13,13,16,16,19,19,19,2,2,1,2,2,2,4
390.0,3.9000000000000005e-13,6.049008351026376,1.9523802517596982,1.9930414636394786,1.6342347604869412,1.947545478331535,1.83496585140779,1.9651979611364216,1,1,4,4,7,19,10,10,13,13,16,16,19,19,19,2,2,1,2,2,2,4
391.0,3.9100000000000005e-13,6.069517607725005,1.9515827714222849,1.9950483812911686,1.6304383021078308,1.9504615178702511,1.8350591967104108,1.9623690690962794,1,1,4,4,7,19,10,10,13,13,16,16,19,19,19,2,2,1,2,2,2,4
392.0,3.9200000000000005e-13,6.0902202975227375,1.950912277929921,1.996155819105586,1.628301280741835,1.9530390285444728,1.8355973170819988,1.959294274166027,1,1,4,4,7,19,10,10,13,13,16,16,19,19,19,2,2,1,2,2,2,4
393.0,3.9300000000000004e-13,6.112845050236222,1.950690636868658,1.996320517773197,1.6276273045849297,1.9554386720406374,1.8365632958502056,1.9561783235982235,1,1,4,4,7,19,10,10,13,13,16,16,19,19,19,2,2,1,2,2,2,4
394.0,3.9400000000000004e-13,6.139046031182595,1.9511168060754371,1.9956338653235357,1.6281143343272944,1.9577256528691434,1.8379552067767535,1.9531495715308949,1,1,4,4,7,19,10,10,13,13,16,16,19,19,19,2,2,1,2,2,2,4
395.0,3.9500000000000003e-13,6.168739940658106,1.9522204608032045,1.9942570273416411,1.6295506542325835,1.9598308239436115,1.839774966529095,1.9502310332555086,1,1,4,4,7,19,10,10,13,13,16,16,19,19,19,2,2,1,2,2,2,4
396.0,3.9600000000000003e-13,6.200209182195253,1.9538584140443922,1.9923442877655257,1.6319593460553796,1.961557443451434,1.8420177051346012,1.9473401509524477,1,1,4,4,7,19,10,10,13,13,16,16,19,19,19,2,2,1,2,2,2,4
397.0,3.97e-13,6.231770233470755,1.9557712455291438,1.9899797217500677,1.6355511656389927,1.9626593384602997,1.8446718686276686,1.9443105832419827,1,1,4,4,7,19,10,10,13,13,16,16,19,19,19,2,2,1,2,2,2,4
398.0,3.98e-13,6.262348150840577,1.9576935284696522,1.9871623263801235,1.6405350907353489,1.962989134522147,1.847716679071312,1.9409598123219562,1,1,4,4,7,19,10,10,13,13,16,16,19,19,19,2,2,1,2,2,2,4
399.0,3.99e-13,6.291350853465397,1.9594789449291248,1.9838403021833542,1.6469601316424192,1.9626474137322456,1.8511231352590134,1.9371800041086518,1,1,4,4,7,19,10,10,13,13,16,16,19,19,19,2,2,1,2,2,2,4
400.0,4e-13,6.318586180149026,1.9611639937772047,1.979975800920797,1.654648844894887,1.9619905509661406,1.8548628464452817,1.9330033214303446,1,1,4,4,7,19,10,10,13,13,16,16,19,19,19,2,2,1,2,2,2,4
401.0,4.01e-13,6.344330841783592,1.9629174359297812,1.9756100911426737,1.6632009520203213,1.9614867897204777,1.8589167737660268,1.9285916468315754,1,1,4,4,7,19,10,10,13,13,16,16,19,19,19,2,2,1,2,2,2,4
402.0,4.0200000000000005e-13,6.3694435002447864,1.9649216147778201,1.9708945816033303,1.6720675743541216,1.9615445578811908,1.8632756011540985,1.9241549448168482,1,1,4,4,7,19,10,10,13,13,16,16,19,19,19,2,2,1,2,2,2,4
403.0,4.0300000000000005e-13,6.395365190030529,1.9672726537235885,1.9660704017010369,1.6807211078566793,1.9623984270028412,1.8679329856451474,1.9198573195670043,1,1,4,4,7,19,10,10,13,13,16,16,19,19,19,2,2,1,2,2,2,4
404.0,4.0400000000000005e-13,6.42358468734465,1.96993561688423,1.9614087391049493,1.6888614150485606,1.9640592489642734,1.8728783849278368,1.9157637117702417,1,1,4,4,7,19,10,10,13,13,16,16,19,19,19,2,2,1,2,2,2,4
405.0,4.0500000000000004e-13,6.454442189541705,1.972741890736035,1.9571427356397761,1.6964791753889505,1.9663108329735506,1.8780931132551508,1.9118386074013751,1,1,4,4,7,19,10,10,13,13,16,16,19,19,19,2,2,1,2,2,2,4
406.0,4.0600000000000004e-13,6.486913621769342,1.9754278314744331,1.9534091581943294,1.7037223624422677,1.9687780126840198,1.8835554966232364,1.9079745768736889,1,1,4,4,7,19,10,10,13,13,16,16,19,19,19,2,2,1,2,2,2,4
407.0,4.0700000000000003e-13,6.519708306371672,1.977726039808954,1.9502176727916782,1.7107184780081475,1.9711100580708325,1.8892497468289362,1.904040161423807,1,1,4,4,7,19,10,10,13,13,16,16,19,19,19,2,2,1,2,2,2,4
408.0,4.0800000000000003e-13,6.551836860324517,1.9794795155551272,1.9474735429585563,1.7174572905746552,1.9731862852522328,1.8951573556894312,1.8999551494269442,1,1,4,4,7,19,10,10,13,13,16,16,19,19,19,2,2,1,2,2,2,4
409.0,4.09e-13,6.582591133249547,1.9807196454178038,1.9450390031299825,1.7237482646181068,1.9751517832661687,1.9012466150182783,1.895759233756662,1,1,4,4,7,19,10,10,13,13,16,16,19,19,19,2,2,1,2,2,2,4
410.0,4.1e-13,6.611557065697189,1.9816488249884778,1.9428045440108663,1.729239044608946,1.9772642946254255,1.9074719156150064,1.8916207442020718,1,1,4,4,7,19,10,10,13,13,16,16,19,19,19,2,2,1,2,2,2,4
411.0,4.11e-13,6.638827264358173,1.9825377338158752,1.9407423032538265,1.7335053936520761,1.9797195415528324,1.9137715878687516,1.8877748224962223,1,1,4,4,7,19,10,10,13,13,16,16,19,19,19,2,2,1,2,2,2,4
412.0,4.12e-13,6.665237875754413,1.983611117442032,1.9389218861362738,1.7362283718999671,1.9825559696285415,1.9200657951687354,1.8844327199759214,1,1,4,4,7,19,10,10,13,13,16,16,19,19,19,2,2,1,2,2,2,4
413.0,4.13e-13,6.692323858037158,1.9849756659064546,1.937480785592983,1.7373651983184122,1.9856300886650948,1.9262711965156614,1.8817118471732155,1,1,4,4,7,19,10,10,13,13,16,16,19,19,19,2,2,1,2,2,2,4
414.0,4.1400000000000005e-13,6.721621745137404,1.986596284159666,1.9365628555379466,1.737138028021635,1.9886326524711642,1.9323314938415999,1.8796128438288813,1,1,4,4,7,19,10,10,13,13,16,16,19,19,19,2,2,1,2,2,2,4
415.0,4.1500000000000005e-13,6.753384514871365,1.9883127109746233,1.9362557612821625,1.7358590306737323,1.9911490574916229,1.9382370023313227,1.8780386763766783,1,1,4,4,7,19,10,10,13,13,16,16,19,19,19,2,2,1,2,2,2,4
416.0,4.1600000000000004e-13,6.786424557628129,1.9899012713616657,1.9365535171242403,1.7337659444889408,1.9928064162259782,1.944014334549893,1.876840595461098,1,1,4,4,7,19,10,10,13,13,16,16,19,19,19,2,2,1,2,2,2,4
417.0,4.1700000000000004e-13,6.819268506557597,1.9911807657722747,1.9373576272446755,1.7309410613339309,1.9934709326444744,1.9496974882022726,1.8758847900037077,1,1,4,4,7,19,10,10,13,13,16,16,19,19,19,2,2,1,2,2,2,4
418.0,4.1800000000000004e-13,6.850773550685838,1.992110144256253,1.9385139571285268,1.7272982355822313,1.9933242534179918,1.9552986442389833,1.875121786403153,1,1,4,4,7,19,10,10,13,13,16,16,19,19,19,2,2,1,2,2,2,4
419.0,4.1900000000000003e-13,6.880164924543091,1.9928062867473002,1.9398687576184739,1.7226269137759322,1.9927491072532852,1.9607961226660704,1.874615612714353,1,1,4,4,7,19,10,10,13,13,16,16,19,19,19,2,2,1,2,2,2,4
420.0,4.2000000000000003e-13,6.907069405884888,1.9934660021506247,1.9413250471839931,1.7167118810150117,1.9921524117403926,1.9661339159643652,1.8745064528623363,1,1,4,4,7,19,10,10,13,13,16,16,19,19,19,2,2,1,2,2,2,4
421.0,4.21e-13,6.931668584932398,1.9942540818428567,1.9428796773405108,1.7095167718678297,1.9918399573164978,1.9712230431425206,1.874932249715513,1,1,4,4,7,19,10,10,13,13,16,16,19,19,19,2,2,1,2,2,2,4
422.0,4.22e-13,6.954828234582845,1.9952232225846918,1.9446232370803738,1.7012942952266035,1.9919500833449961,1.9759619066018013,1.8759590518003328,1,1,4,4,7,19,10,10,13,13,16,16,19,19,19,2,2,1,2,2,2,4
423.0,4.23e-13,6.977984856685393,1.9962861737560247,1.9466923926107746,1.692492889719418,1.9924264408060828,1.980291132818251,1.8775504170168795,1,1,4,4,7,19,10,10,13,13,16,16,19,19,19,2,2,1,2,2,2,4
424.0,4.24e-13,7.00250153125023,1.9972325153326658,1.949193736590494,1.683566818337435,1.9930416286687567,1.984239231330115,1.8795777712295816,1,1,4,4,7,19,10,10,13,13,16,16,19,19,19,2,2,1,2,2,2,4
425.0,4.2500000000000006e-13,7.028683222910645,1.9977833362820439,1.9521376487573239,1.6748564389173546,1.9935097327444564,1.9879047542477617,1.8818570139170943,1,1,4,4,7,19,10,10,13,13,16,16,19,19,19,2,2,1,2,2,2,4
426.0,4.2600000000000005e-13,7.05577269616206,1.9976841910279355,1.95541225136743,1.6665437834850905,1.993686244958508,1.9913943768884417,1.8842084399229357,1,1,4,4,7,19,10,10,13,13,16,16,19,19,19,2,2,1,2,2,2,4
427.0,4.2700000000000005e-13,7.082843459199635,1.9968069923755432,1.958804754126537,1.6586484722205523,1.9937057061034524,1.9947736261459936,1.8865294836640252,1,1,4,4,7,19,10,10,13,13,16,16,19,19,19,2,2,1,2,2,2,4
428.0,4.2800000000000004e-13,7.109237502629004,1.995196041989783,1.962054441999582,1.6510883883526868,1.9939073961600904,1.998047334740881,1.8888408045863727,1,1,4,4,7,19,10,10,13,13,16,16,19,19,19,2,2,1,2,2,2,4
429.0,4.2900000000000004e-13,7.1345465726474195,1.9930235207960216,1.9649200685724835,1.6438186858187154,1.9946412359895742,2.001160686304994,1.8912710887549795,1,1,4,4,7,19,10,10,13,13,16,16,19,19,19,2,2,1,2,2,2,4
430.0,4.3000000000000004e-13,7.158580547479181,1.9904926828296863,1.9672413178169261,1.6369887045048461,1.9961179429621014,2.0040109267870068,1.8939879864769626,1,1,4,4,7,19,10,10,13,13,16,16,19,19,19,2,2,1,2,2,2,4
431.0,4.3100000000000003e-13,7.181506389154261,1.9877546402603692,1.9689686532292208,1.6309743587716221,1.998341695631932,2.006475989912165,1.8971200695711088,1,1,4,4,7,19,10,10,13,13,16,16,19,19,19,2,2,1,2,2,2,4
432.0,4.3200000000000003e-13,7.204102093946995,1.9848643801578658,1.970142371069362,1.6262383437471053,2.001096747683114,2.008473434472202,1.9007076692063876,1,1,4,4,7,19,10,10,13,13,16,16,19,19,19,2,2,1,2,2,2,4
433.0,4.33e-13,7.227823199605048,1.9817700362623611,1.9708301872080332,1.6231445917970442,2.0039844854386364,2.010020661646549,1.9046986249590487,1,1,4,4,7,19,10,10,13,13,16,16,19,19,19,2,2,1,2,2,2,4
434.0,4.34e-13,7.254248405897913,1.9783404771671083,1.9710593514822257,1.6218539013907278,2.006531656022603,2.0112286166564215,1.9089775294490992,1,1,4,4,7,19,10,10,13,13,16,16,19,19,19,2,2,1,2,2,2,4
435.0,4.35e-13,7.283931764341672,1.974445220992929,1.9707795954539933,1.6223044516509453,2.00836496102432,2.0122287835599115,1.9134088155565583,1,1,4,4,7,19,10,10,13,13,16,16,19,19,19,2,2,1,2,2,2,4
436.0,4.36e-13,7.316079272089711,1.97005994884651,1.9698702952127054,1.6242374582288204,2.0093655599707936,2.0131056785947945,1.9178952332625152,1,1,4,4,7,19,10,10,13,13,16,16,19,19,19,2,2,1,2,2,2,4
437.0,4.3700000000000006e-13,7.34946704033549,1.9653227056320037,1.9681816759369755,1.6272971984923925,2.0096630171133505,2.013870864217143,1.9224388945118385,1,1,4,4,7,19,10,10,13,13,16,16,19,19,19,2,2,1,2,2,2,4
438.0,4.3800000000000005e-13,7.3830381336028355,1.9604989775450867,1.9655943224480277,1.6312053566050098,2.0094873097162944,2.014464621898949,1.92714594783811,1,1,4,4,7,19,10,10,13,13,16,16,19,19,19,2,2,1,2,2,2,4
439.0,4.3900000000000005e-13,7.415948418310695,1.9558812582415526,1.9620802502463022,1.6358909505194477,2.009031115749968,2.0147717583680547,1.9321664509468954,1,1,4,4,7,19,10,10,13,13,16,16,19,19,19,2,2,1,2,2,2,4
440.0,4.4000000000000004e-13,7.4475707068075945,1.9516881062416291,1.957741991810791,1.6414489083966723,2.008381490638108,2.0146569796037115,1.9376140073847012,1,1,4,4,7,19,10,10,13,13,16,16,19,19,19,2,2,1,2,2,2,4
441.0,4.4100000000000004e-13,7.477678046624968,1.9480063800445493,1.9528041526684048,1.6479770958283153,2.007498179206484,2.0140299479960926,1.9435079567174625,1,1,4,4,7,19,10,10,13,13,16,16,19,19,19,2,2,1,2,2,2,4
442.0,4.4200000000000004e-13,7.506713950588854,1.9447777523998209,1.9475506499447148,1.655440783469263,2.0062217482441396,2.0129118890009843,1.9497574944527352,1,1,4,4,7,19,10,10,13,13,16,16,19,19,19,2,2,1,2,2,2,4
443.0,4.4300000000000003e-13,7.535812568583112,1.9418268208187135,1.9422362855808186,1.6636275657963489,2.0043270817234244,2.011435328013077,1.9561906598204177,1,1,4,4,7,19,10,10,13,13,16,16,19,19,19,2,2,1,2,2,2,4
444.0,4.4400000000000003e-13,7.566213967579518,1.9389371961435469,1.93702395144839,1.672165108188024,2.001646982261813,2.0097687727493905,1.9626079900512992,1,1,4,4,7,19,10,10,13,13,16,16,19,19,19,2,2,1,2,2,2,4
445.0,4.45e-13,7.598242005852264,1.9359570374741764,1.9319776181279797,1.6805748945132342,1.9982218801694385,2.008040104152963,1.968835001292211,1,1,4,4,7,19,10,10,13,13,16,16,19,19,19,2,2,1,2,2,2,4
446.0,4.46e-13,7.631108737206772,1.932872878457822,1.9270953380310638,1.6883975631539947,1.9943384586530217,2.006301488534851,1.9747711947101008,1,1,4,4,7,19,10,10,13,13,16,16,19,19,19,2,2,1,2,2,2,4
447.0,4.47e-13,7.663749419230862,1.9297945363699085,1.9223586995326707,1.695373222126011,1.9904040173031794,2.004525440335751,1.9804210196390803,1,1,4,4,7,19,10,10,13,13,16,16,19,19,19,2,2,1,2,2,2,4
448.0,4.48e-13,7.695332421083781,1.9268726550283715,1.9177934699920896,1.7015074916548831,1.986783895059434,2.0026222846411463,1.985865051581293,1,1,4,4,7,19,10,10,13,13,16,16,19,19,19,2,2,1,2,2,2,4
449.0,4.4900000000000006e-13,7.7252785899307055,1.9242112655351742,1.9135112701417736,1.7069576429861661,1.9836986128232896,2.000478816671696,1.9911920134089962,1,1,4,4,7,19,10,10,13,13,16,16,19,19,19,2,2,1,2,2,2,4
450.0,4.5000000000000005e-13,7.753222306956356,1.921815606418171,1.9097034097656624,1.7118625048737195,1.9811802679645965,1.998022649943076,1.9964397549649964,1,1,4,4,7,19,10,10,13,13,16,16,19,19,19,2,2,1,2,2,2,4
451.0,4.5100000000000005e-13,7.779108887368427,1.9195820379959472,1.9065856633059415,1.7162321962191402,1.9790711276130275,1.9952876563989093,2.0015680107153533,1,1,4,4,7,19,10,10,13,13,16,16,19,19,19,2,2,1,2,2,2,4
452.0,4.5200000000000004e-13,7.803399469066001,1.9173246447706116,1.9043215831396154,1.7199136084832387,1.977073295835349,1.9924179310746886,2.006465800461538,1,1,4,4,7,19,10,10,13,13,16,16,19,19,19,2,2,1,2,2,2,4
453.0,4.5300000000000004e-13,7.827139133321762,1.9148354162123253,1.9029631077070759,1.722618276055184,1.9748740332013628,1.9895929135986246,2.0109908966675336,1,1,4,4,7,19,10,10,13,13,16,16,19,19,19,2,2,1,2,2,2,4
454.0,4.5400000000000003e-13,7.851583675625481,1.911968968990905,1.9024369413205215,1.724014338239621,1.9723127225001211,1.9869426679939823,2.0150259522778526,1,1,4,4,7,19,10,10,13,13,16,16,19,19,19,2,2,1,2,2,2,4
455.0,4.550000000000001e-13,7.8774409765378675,1.9087177778842281,1.9025782650768732,1.7238801006195408,1.9694561607243914,1.9845119220119234,2.018530153033687,1,1,4,4,7,19,10,10,13,13,16,16,19,19,19,2,2,1,2,2,2,4
456.0,4.560000000000001e-13,7.904511471842645,1.9052276323323538,1.9031945880403753,1.722240740439722,1.9665106012859566,1.9822665273700335,2.0215675876552996,1,1,4,4,7,19,10,10,13,13,16,16,19,19,19,2,2,1,2,2,2,4
457.0,4.570000000000001e-13,7.932137762690363,1.9017344497317774,1.904135213293219,1.71935565292871,1.9636706266764672,1.9801182961788852,2.0242915143936866,1,1,4,4,7,19,10,10,13,13,16,16,19,19,19,2,2,1,2,2,2,4
458.0,4.580000000000001e-13,7.959655527378051,1.8984695526860271,1.9053361146117933,1.715564295937504,1.9610214074611776,1.9779639280941617,2.026881886544357,1,1,4,4,7,19,10,10,13,13,16,16,19,19,19,2,2,1,2,2,2,4
459.0,4.590000000000001e-13,7.986480180526508,1.8955872513012049,1.9068194304992083,1.7111347604195193,1.9585086119630823,1.9757387967957156,2.0294735251243075,1,1,4,4,7,19,10,10,13,13,16,16,19,19,19,2,2,1,2,2,2,4
460.0,4.600000000000001e-13,8.01210535803903,1.8931305436691181,1.9086509961662401,1.7061869962981353,1.9559478519001965,1.9734653715398123,2.032111748790335,1,1,4,4,7,19,10,10,13,13,16,16,19,19,19,2,2,1,2,2,2,4
461.0,4.610000000000001e-13,8.036258352037768,1.891035423037752,1.9108773577838243,1.7006816892443437,1.95306731360394,1.9712527850456973,2.034744885705279,1,1,4,4,7,19,10,10,13,13,16,16,19,19,19,2,2,1,2,2,2,4
462.0,4.620000000000001e-13,8.059216960089756,1.8891756793370504,1.9134731089642099,1.6944688014560665,1.949599628550228,1.9692360387146255,2.0372490227408253,1,1,4,4,7,19,10,10,13,13,16,16,19,19,19,2,2,1,2,2,2,4
463.0,4.63e-13,8.08194038868626,1.8874419961423228,1.916322204553782,1.6874087949277219,1.9454129466767145,1.967504149323476,2.0394789190649627,1,1,4,4,7,19,10,10,13,13,16,16,19,19,19,2,2,1,2,2,2,4
464.0,4.64e-13,8.105614544075346,1.8858221388597818,1.919239493590339,1.6795371996709179,1.9405996935623357,1.966067733980306,2.0413296206025118,1,1,4,4,7,19,10,10,13,13,16,16,19,19,19,2,2,1,2,2,2,4
465.0,4.65e-13,8.130825815457955,1.8844287437807112,1.9220226975646781,1.671151101889405,1.9354415167279602,1.964869646952473,2.0427820807776205,1,1,4,4,7,19,10,10,13,13,16,16,19,19,19,2,2,1,2,2,2,4
466.0,4.66e-13,8.157286524162279,1.8834486985661083,1.9245170435475387,1.6627214834779414,1.9302870792213984,1.9638167977626189,2.0439055392500727,1,1,4,4,7,19,10,10,13,13,16,16,19,19,19,2,2,1,2,2,2,4
467.0,4.67e-13,8.184340637395312,1.883050140065718,1.926662740888357,1.654714592950321,1.9254353657491985,1.9628175859768289,2.044809959749197,1,1,4,4,7,19,10,10,13,13,16,16,19,19,19,2,2,1,2,2,2,4
468.0,4.68e-13,8.211385654538894,1.8833049898549785,1.9284998446147634,1.6474608560737831,1.921069013363034,1.9618196152611962,2.045578155993764,1,1,4,4,7,19,10,10,13,13,16,16,19,19,19,2,2,1,2,2,2,4
469.0,4.69e-13,8.237941763297268,1.8841534925071577,1.9301301940105393,1.6411029347135115,1.9172283094173952,1.9608373560236607,2.0462171314910207,1,1,4,4,7,19,10,10,13,13,16,16,19,19,19,2,2,1,2,2,2,4
470.0,4.7e-13,8.263639710525318,1.8854117320824642,1.931655657899226,1.635601070610736,1.9138164943212623,1.9599463349650759,2.046645509637809,1,1,4,4,7,19,10,10,13,13,16,16,19,19,19,2,2,1,2,2,2,4
471.0,4.71e-13,8.288313239306419,1.8868203349172812,1.9331190253352264,1.6308095548148331,1.910657759687628,1.9592371183736703,2.046712716958715,1,1,4,4,7,19,10,10,13,13,16,16,19,19,19,2,2,1,2,2,2,4
472.0,4.72e-13,8.31220284991104,1.8881248446947836,1.934471828990962,1.626635120635851,1.9076262658531296,1.9587619467979853,2.0462424431157205,1,1,4,4,7,19,10,10,13,13,16,16,19,19,19,2,2,1,2,2,2,4
473.0,4.73e-13,8.336060022157367,1.8891613409698327,1.935583374381661,1.6231886426701787,1.9047793443735817,1.9585096477902246,2.045092270801076,1,1,4,4,7,19,10,10,13,13,16,16,19,19,19,2,2,1,2,2,2,4
474.0,4.74e-13,8.360841966095233,1.8899036779106397,1.9362914671647113,1.6207821006358785,1.9023649425700522,1.9584149597116882,2.0432099847585246,1,1,4,4,7,19,10,10,13,13,16,16,19,19,19,2,2,1,2,2,2,4
475.0,4.75e-13,8.387112413273398,1.8904395532458622,1.9364731136598259,1.6197706636195184,1.9006959236983065,1.9583889332178122,2.0406546527970737,1,1,4,4,7,19,10,10,13,13,16,16,19,19,19,2,2,1,2,2,2,4
476.0,4.76e-13,8.414811560047601,1.8908959608805926,1.9361000285744565,1.6203806956472124,1.9000085927554224,1.9583537438578382,2.0375642472646263,1,1,4,4,7,19,10,10,13,13,16,16,19,19,19,2,2,1,2,2,2,4
477.0,4.77e-13,8.443562810469206,1.891363312856935,1.9352519376663706,1.6226139724461808,1.9003802113888824,1.9582723747014865,2.0340887188044667,1,1,4,4,7,19,10,10,13,13,16,16,19,19,19,2,2,1,2,2,2,4
478.0,4.780000000000001e-13,8.472956769405753,1.8918505880255458,1.9340845275528236,1.6262313392883185,1.9017041798820906,1.9581676660477523,2.030330541812588,1,1,4,4,7,19,10,10,13,13,16,16,19,19,19,2,2,1,2,2,2,4
479.0,4.790000000000001e-13,8.502605595768722,1.8922790154647378,1.932769146715493,1.6308096980262698,1.9037070980938395,1.958118837914299,2.0263163115388405,1,1,4,4,7,19,10,10,13,13,16,16,19,19,19,2,2,1,2,2,2,4
480.0,4.800000000000001e-13,8.532124880507649,1.892513224968208,1.9314311799888382,1.635886744573403,1.9060166873458626,1.958225673398078,2.0220006996633013,1,1,4,4,7,19,10,10,13,13,16,16,19,19,19,2,2,1,2,2,2,4
481.0,4.810000000000001e-13,8.561189992589895,1.8924261845943777,1.9301143313017708,1.6411526314129932,1.9082910616386963,1.9585601504783312,2.017298972638145,1,1,4,4,7,19,10,10,13,13,16,16,19,19,19,2,2,1,2,2,2,4
482.0,4.820000000000001e-13,8.589756368755314,1.891979006052227,1.9287851529561801,1.6465461249095699,1.910360138908426,1.9591364263311246,2.0121424823929552,1,1,4,4,7,19,10,10,13,13,16,16,19,19,19,2,2,1,2,2,2,4
483.0,4.830000000000001e-13,8.618314300012866,1.891271981738273,1.927374479053298,1.6521691127920421,1.9122701198844414,1.9599109003136812,2.0065333267306324,1,1,4,4,7,19,10,10,13,13,16,16,19,19,19,2,2,1,2,2,2,4
484.0,4.840000000000001e-13,8.647722428346498,1.8905255165569372,1.9258388639968418,1.6581157192749276,1.914194251866101,1.9608052500622488,2.000565063667793,1,1,4,4,7,19,10,10,13,13,16,16,19,19,19,2,2,1,2,2,2,4
485.0,4.850000000000001e-13,8.678542437822214,1.8900001534001576,1.9242133714193248,1.664341639705869,1.9163038572929216,1.961737806595599,1.9943985056396571,1,1,4,4,7,19,10,10,13,13,16,16,19,19,19,2,2,1,2,2,2,4
486.0,4.86e-13,8.710634673832368,1.8899056847665379,1.9226295075602986,1.6706108547264655,1.918683394866426,1.9626534185578195,1.9882051214595637,1,1,4,4,7,19,10,10,13,13,16,16,19,19,19,2,2,1,2,2,2,4
487.0,4.87e-13,8.743441765605187,1.890339218530141,1.9212899261426124,1.6765193160393836,1.9212972820661351,1.9635495936155785,1.9821041032028777,1,1,4,4,7,19,10,10,13,13,16,16,19,19,19,2,2,1,2,2,2,4
488.0,4.88e-13,8.776365131260084,1.8912687714479686,1.9204136075354656,1.68159636225909,1.923991126964473,1.964486396975151,1.9761272352673327,1,1,4,4,7,19,10,10,13,13,16,16,19,19,19,2,2,1,2,2,2,4
489.0,4.89e-13,8.808879765389255,1.8925623547663168,1.9201751298307363,1.68547819163864,1.926531181685247,1.9655613112049664,1.9702221317707669,1,1,4,4,7,19,10,10,13,13,16,16,19,19,19,2,2,1,2,2,2,4
490.0,4.9e-13,8.84052109314776,1.8940568245064031,1.9206629348315458,1.6880635388049354,1.9287034557343719,1.9668580859499656,1.9642852749246111,1,1,4,4,7,19,10,10,13,13,16,16,19,19,19,2,2,1,2,2,2,4
491.0,4.91e-13,8.870905194133577,1.8956422912614892,1.9218717531772833,1.68951071894061,1.9304537088203764,1.968403752409449,1.9582137098623134,1,1,4,4,7,19,10,10,13,13,16,16,19,19,19,2,2,1,2,2,2,4
492.0,4.92e-13,8.899892321040182,1.8973183795523447,1.923731323695689,1.6900815116558563,1.9319605315269999,1.9701554869104092,1.9519586243507512,1,1,4,4,7,19,10,10,13,13,16,16,19,19,19,2,2,1,2,2,2,4
493.0,4.93e-13,8.927812309304729,1.8991871595559984,1.9261621699271854,1.6899742487930776,1.9335588836761166,1.9720165581402633,1.9455543983597676,1,1,4,4,7,19,10,10,13,13,16,16,19,19,19,2,2,1,2,2,2,4
494.0,4.94e-13,8.955365840038315,1.9013894232348454,1.9291321011320046,1.6892314069016197,1.9355858725580117,1.9738692035648027,1.9391049558572662,1,1,4,4,7,19,10,10,13,13,16,16,19,19,19,2,2,1,2,2,2,4
495.0,4.95e-13,8.98311272633483,1.9040260975183996,1.9326800542786577,1.6877223928022822,1.9382590674150075,1.9756116112877073,1.9327392722808514,1,1,4,4,7,19,10,10,13,13,16,16,19,19,19,2,2,1,2,2,2,4
496.0,4.96e-13,9.011131189653034,1.907103453951837,1.9368953206403465,1.6851976909730642,1.941614954547822,1.9771937961072705,1.9265632544743367,1,1,4,4,7,19,10,10,13,13,16,16,19,19,19,2,2,1,2,2,2,4
497.0,4.97e-13,9.039197261078254,1.9105197400403904,1.941867536729931,1.6814254297331506,1.945495748557857,1.9786411357647444,1.9206245488739655,1,1,4,4,7,19,10,10,13,13,16,16,19,19,19,2,2,1,2,2,2,4
498.0,4.98e-13,9.0670565718135,1.914093012082909,1.9476307488848834,1.6763688900675013,1.9495878897275813,1.9800381390283575,1.914905352893357,1,1,4,4,7,19,10,10,13,13,16,16,19,19,19,2,2,1,2,2,2,4
499.0,4.99e-13,9.0945000744797,1.9176215859808807,1.9541226158643332,1.6702728381452456,1.9535310540347728,1.9814712589178225,1.9093454046265608,1,1,4,4,7,19,10,10,13,13,16,16,19,19,19,2,2,1,2,2,2,4
500.0,5e-13,9.121329112793154,1.9209607628768248,1.961177035249084,1.6635696829694984,1.9570844192612842,1.9829716638896526,1.903882453375272,1,1,4,4,7,19,10,10,13,13,16,16,19,19,19,2,2,1,2,2,2,4
501.0,5.010000000000001e-13,9.147343482143732,1.924082301793913,1.968554813075735,1.6566992329972308,1.9602371197589405,1.9844910890450724,1.8984968720483002,1,1,4,4,7,19,10,10,13,13,16,16,19,19,19,2,2,1,2,2,2,4
502.0,5.020000000000001e-13,9.172474000903128,1.927082527184003,1.9760016884789322,1.6499753279436167,1.9631533042684028,1.9859124459814113,1.893244060124353,1,1,4,4,7,19,10,10,13,13,16,16,19,19,19,2,2,1,2,2,2,4
503.0,5.030000000000001e-13,9.197036432107243,1.9301336494891552,1.9833128159654316,1.6435286029332061,1.9660192598042232,1.9870846760768641,1.8882507966639372,1,1,4,4,7,19,10,10,13,13,16,16,19,19,19,2,2,1,2,2,2,4
504.0,5.040000000000001e-13,9.22175354709479,1.9334087373824884,1.9903711522882044,1.6373164256344581,1.968924220109578,1.9878683244719686,1.8836714255720524,1,1,4,4,7,19,10,10,13,13,16,16,19,19,19,2,2,1,2,2,2,4
505.0,5.050000000000001e-13,9.247359561818095,1.9370171009977266,1.997139165856408,1.6312131948475481,1.9718130245036727,1.9881804011025128,1.8796320590192581,1,1,4,4,7,19,10,10,13,13,16,16,19,19,19,2,2,1,2,2,2,4
506.0,5.060000000000001e-13,9.27420633704078,1.9409693207881287,2.00361181674445,1.62518050348869,1.9744857059236465,1.9880232200398928,1.8761937977688052,1,1,4,4,7,19,10,10,13,13,16,16,19,19,19,2,2,1,2,2,2,4
507.0,5.070000000000001e-13,9.302267485776031,1.9451814702439905,2.009764412519295,1.6194139273849673,1.9766363031290912,1.9874737823903175,1.8733421617471753,1,1,4,4,7,19,10,10,13,13,16,16,19,19,19,2,2,1,2,2,2,4
508.0,5.080000000000001e-13,9.331354339048586,1.9495202883957163,2.015518462288429,1.6143281483134633,1.9779437907273307,1.986629414470929,1.8710016725057088,1,1,4,4,7,19,10,10,13,13,16,16,19,19,19,2,2,1,2,2,2,4
509.0,5.090000000000001e-13,9.361230310505919,1.9538739151072286,2.0207344856934264,1.6103909355201453,1.9782091583974937,1.9855469074583647,1.8690713061726425,1,1,4,4,7,19,10,10,13,13,16,16,19,19,19,2,2,1,2,2,2,4
510.0,5.1e-13,9.39160332794375,1.958215059340388,2.025237144429443,1.6079479944938437,1.9774639633446327,1.9842128834493766,1.8674680715469096,1,1,4,4,7,19,10,10,13,13,16,16,19,19,19,2,2,1,2,2,2,4
511.0,5.11e-13,9.42211254291653,1.962618586831414,2.0288688860295383,1.6071241953863644,1.9759520383379496,1.9825514515603406,1.8661632139270317,1,1,4,4,7,19,10,10,13,13,16,16,19,19,19,2,2,1,2,2,2,4
512.0,5.12e-13,9.45244821216291,1.96722008321611,2.0315496704156346,1.6078041196749375,1.974003787982761,1.9804577582557283,1.865192582342588,1,1,4,4,7,19,10,10,13,13,16,16,19,19,19,2,2,1,2,2,2,4
513.0,5.13e-13,9.482619380642495,1.9721419096850126,2.03331169935197,1.6096891226563446,1.9719098685966474,1.9778420372693222,1.864630736722887,1,1,4,4,7,19,10,10,13,13,16,16,19,19,19,2,2,1,2,2,2,4
514.0,5.14e-13,9.51302396478679,1.9774286859245145,2.034287892251156,1.6124433463081338,1.969848047033404,1.9746719269307007,1.8645424368645411,1,1,4,4,7,19,10,10,13,13,16,16,19,19,19,2,2,1,2,2,2,4
515.0,5.15e-13,9.544113134525839,1.983014209046397,2.0346624417861343,1.6158751770562347,1.9678588179563397,1.9710008817936917,1.8649410739225938,1,1,4,4,7,19,10,10,13,13,16,16,19,19,19,2,2,1,2,2,2,4
516.0,5.16e-13,9.57606025198287,1.9887267801726387,2.0346098203939036,1.620013308656718,1.9658584625377906,1.966961893104631,1.8657725602666255,1,1,4,4,7,19,10,10,13,13,16,16,19,19,19,2,2,1,2,2,2,4
517.0,5.17e-13,9.608784226145636,1.9943357563746433,2.0342456969674108,1.6250085693763248,1.963697030347351,1.9627163370024927,1.86692765232948,1,1,4,4,7,19,10,10,13,13,16,16,19,19,19,2,2,1,2,2,2,4
518.0,5.18e-13,9.642119780586727,1.9996243810802243,2.0336052212261375,1.6309649496826075,1.9612683413098548,1.9583897283522522,1.8682760217774017,1,1,4,4,7,19,10,10,13,13,16,16,19,19,19,2,2,1,2,2,2,4
519.0,5.19e-13,9.675875536205286,2.0044551279845813,2.0326572378332903,1.637822059591469,1.9586210524417198,1.9540354727123705,1.869708559073579,1,1,4,4,7,19,10,10,13,13,16,16,19,19,19,2,2,1,2,2,2,4
520.0,5.2e-13,9.709785631837594,2.008797507571758,2.0313520502366758,1.6453187527340911,1.9559705451786376,1.9496355931334988,1.871174923124163,1,1,4,4,7,19,10,10,13,13,16,16,19,19,19,2,2,1,2,2,2,4
521.0,5.21e-13,9.743462671060755,2.012705420174839,2.029680685009535,1.6530284740082382,1.9535963031049488,1.9451285281971127,1.8727002052225534,1,1,4,4,7,19,10,10,13,13,16,16,19,19,19,2,2,1,2,2,2,4
522.0,5.22e-13,9.776488995161616,2.016258136373782,2.0277109048966984,1.6604653979646822,1.951720018631793,1.9404526401723565,1.87436703655413,1,1,4,4,7,19,10,10,13,13,16,16,19,19,19,2,2,1,2,2,2,4
523.0,5.23e-13,9.808698727219912,2.0194989607308864,2.0255784828897134,1.6672509182459916,1.9504337988652012,1.9355916661639039,1.8762692876146403,1,1,4,4,7,19,10,10,13,13,16,16,19,19,19,2,2,1,2,2,2,4
524.0,5.240000000000001e-13,9.840341024236572,2.0224000899482926,2.0234420328049905,1.6732502973981995,1.9496804648266188,1.930604377676855,1.8784645253951908,1,1,4,4,7,19,10,10,13,13,16,16,19,19,19,2,2,1,2,2,2,4
525.0,5.250000000000001e-13,9.871851435863954,2.0248622604195563,2.021427626775477,1.678555427941833,1.9492740507020732,1.9256201413549792,1.8809487575946813,1,1,4,4,7,19,10,10,13,13,16,16,19,19,19,2,2,1,2,2,2,4
526.0,5.260000000000001e-13,9.90354206644403,2.0267482986370315,2.0195865974650293,1.6833346542557464,1.9489598331970437,1.9207934288593973,1.883660829027366,1,1,4,4,7,19,10,10,13,13,16,16,19,19,19,2,2,1,2,2,2,4
527.0,5.270000000000001e-13,9.935538888735003,2.0279419581193445,2.017880309394841,1.6876832062610663,1.9485118207146188,1.9162425716472442,1.8865106750622562,1,1,4,4,7,19,10,10,13,13,16,16,19,19,19,2,2,1,2,2,2,4
528.0,5.280000000000001e-13,9.967863874788883,2.028408033644103,2.0161987452635866,1.6915460373664561,1.9478306159742587,1.9120108362921264,1.8894177710093936,1,1,4,4,7,19,10,10,13,13,16,16,19,19,19,2,2,1,2,2,2,4
529.0,5.290000000000001e-13,10.00047842832352,2.0282217397533073,2.0144107665205717,1.6947108339903274,1.946972329912574,1.908064157052069,1.8923456166135775,1,1,4,4,7,19,10,10,13,13,16,16,19,19,19,2,2,1,2,2,2,4
530.0,5.300000000000001e-13,10.033256551046726,2.0275478319039584,2.0124267829437863,1.6968664610297175,1.946088060523236,1.9043184047410402,1.8953190238726334,1,1,4,4,7,19,10,10,13,13,16,16,19,19,19,2,2,1,2,2,2,4
531.0,5.310000000000001e-13,10.065928353529504,2.0265785754115533,2.0102408163772294,1.6977300979594316,1.9453342905061322,1.9006844819463944,1.8984113366353146,1,1,4,4,7,19,10,10,13,13,16,16,19,19,19,2,2,1,2,2,2,4
532.0,5.320000000000001e-13,10.09811559079982,2.025463553562312,2.00792979890252,1.6972017061313203,1.9448105890912535,1.8971170024123307,1.901702402946319,1,1,4,4,7,19,10,10,13,13,16,16,19,19,19,2,2,1,2,2,2,4
533.0,5.330000000000001e-13,10.12959213776452,2.0242611991485466,2.0056151714425163,1.6954321188962655,1.9445324467588414,1.8936468076183017,1.9052310089850641,1,1,4,4,7,19,10,10,13,13,16,16,19,19,19,2,2,1,2,2,2,4
534.0,5.34e-13,10.160519341921116,2.0229257449078353,2.003407848105904,1.6927338876361702,1.944431673329001,1.8903774876893473,1.9089691016633383,1,1,4,4,7,19,10,10,13,13,16,16,19,19,19,2,2,1,2,2,2,4
535.0,5.35e-13,10.191281414821413,2.021334617532042,2.0013616004996275,1.6894193188666164,1.9443859054786934,1.8874433161407533,1.912824886086286,1,1,4,4,7,19,10,10,13,13,16,16,19,19,19,2,2,1,2,2,2,4
536.0,5.36e-13,10.222164976523437,2.019348582193198,1.9994509676632224,1.6856834733976238,1.9442828165040282,1.8849512494309286,1.9166676337958952,1,1,4,4,7,19,10,10,13,13,16,16,19,19,19,2,2,1,2,2,2,4
537.0,5.37e-13,10.253278478185754,2.016878592067844,1.997579928359791,1.681561170072686,1.944105036180101,1.8829387296596456,1.9203647223404923,1,1,4,4,7,19,10,10,13,13,16,16,19,19,19,2,2,1,2,2,2,4
538.0,5.38e-13,10.284656181031808,2.01392400648251,1.9956222829570491,1.6769467038309873,1.943980018986448,1.8813654396380024,1.9238189192808781,1,1,4,4,7,19,10,10,13,13,16,16,19,19,19,2,2,1,2,2,2,4
539.0,5.39e-13,10.316330592369162,2.01056238273771,1.9934794706327972,1.6716815251309065,1.9441429864541533,1.8801378054025337,1.9269936691221836,1,1,4,4,7,19,10,10,13,13,16,16,19,19,19,2,2,1,2,2,2,4
540.0,5.4e-13,10.348290062858519,2.006899447719999,1.9911233964069865,1.6657044144951394,1.9448404693691195,1.879154513013537,1.9299128113081034,1,1,4,4,7,19,10,10,13,13,16,16,19,19,19,2,2,1,2,2,2,4
541.0,5.41e-13,10.380348663525298,2.0030100670191677,1.9885985923905423,1.659181080836627,1.9462411004711082,1.878354241388227,1.9326315805999275,1,1,4,4,7,19,10,10,13,13,16,16,19,19,19,2,2,1,2,2,2,4
542.0,5.42e-13,10.41211153522407,1.9988980852428186,1.985986078224787,1.652496717212335,1.9483845765209014,1.8777466886742777,1.9351944965180785,1,1,4,4,7,19,10,10,13,13,16,16,19,19,19,2,2,1,2,2,2,4
543.0,5.43e-13,10.443242908618041,1.994486257645438,1.9833510588239096,1.6461113712175006,1.9511695022438693,1.8774118956021733,1.9376048535883532,1,1,4,4,7,19,10,10,13,13,16,16,19,19,19,2,2,1,2,2,2,4
544.0,5.44e-13,10.473785642646316,1.9896386086836955,1.9806974376909245,1.6403997845425133,1.9543822018501176,1.8774635770646348,1.9398191261466864,1,1,4,4,7,19,10,10,13,13,16,16,19,19,19,2,2,1,2,2,2,4
545.0,5.45e-13,10.504098869943128,1.9842127611850875,1.9779467304807612,1.6355618750544587,1.9577706467837566,1.8779934208778755,1.941763912810373,1,1,4,4,7,19,10,10,13,13,16,16,19,19,19,2,2,1,2,2,2,4
546.0,5.46e-13,10.534563441562081,1.9781253247516872,1.9749496273112979,1.6316088459277454,1.9611489208854436,1.8790269335990464,1.9433667903142358,1,1,4,4,7,19,10,10,13,13,16,16,19,19,19,2,2,1,2,2,2,4
547.0,5.470000000000001e-13,10.565441759187982,1.9713984144707934,1.9715290201149718,1.628413664369425,1.9644733912473908,1.8805106229167667,1.9445917853091594,1,1,4,4,7,19,10,10,13,13,16,16,19,19,19,2,2,1,2,2,2,4
548.0,5.480000000000001e-13,10.596916036195891,1.9641620571001794,1.9675408265167702,1.6258321449488617,1.9678241897213484,1.8823331303451238,1.9454666870046393,1,1,4,4,7,19,10,10,13,13,16,16,19,19,19,2,2,1,2,2,2,4
549.0,5.490000000000001e-13,10.629122806853065,1.9566134746996668,1.962923757297101,1.6238547890978807,1.971310843198935,1.8843699827055658,1.946086454347245,1,1,4,4,7,19,10,10,13,13,16,16,19,19,19,2,2,1,2,2,2,4
550.0,5.500000000000001e-13,10.662100574712738,1.9489555231667748,1.9577101560402899,1.622669884564928,1.9749818533774337,1.886532455895045,1.9465862650436863,1,1,4,4,7,19,10,10,13,13,16,16,19,19,19,2,2,1,2,2,2,4
551.0,5.510000000000001e-13,10.695680324328258,1.9413432163627258,1.9519966699981923,1.6225725305068595,1.9787783535576424,1.8887998742259322,1.9470963968241164,1,1,4,4,7,19,10,10,13,13,16,16,19,19,19,2,2,1,2,2,2,4
552.0,5.520000000000001e-13,10.729460948753152,1.9338589678774336,1.9459001290257059,1.6238030563419088,1.9825271325031764,1.8912214800027543,1.9477025544462907,1,1,4,4,7,19,10,10,13,13,16,16,19,19,19,2,2,1,2,2,2,4
553.0,5.530000000000001e-13,10.763052021473914,1.9265189679504084,1.939516364543327,1.6264289099942824,1.9859680892579645,1.8938852754268878,1.9484297113325952,1,1,4,4,7,19,10,10,13,13,16,16,19,19,19,2,2,1,2,2,2,4
554.0,5.540000000000001e-13,10.796397594096355,1.919306356361031,1.9328912592126892,1.6303072295735812,1.988822754091374,1.8968672208033603,1.9492539575112133,1,1,4,4,7,19,10,10,13,13,16,16,19,19,19,2,2,1,2,2,2,4
555.0,5.550000000000001e-13,10.829757863599768,1.9122245982821553,1.9260188740781274,1.6351182092154402,1.9908966401543269,1.9001863291108922,1.950133353534797,1,1,4,4,7,19,10,10,13,13,16,16,19,19,19,2,2,1,2,2,2,4
556.0,5.560000000000001e-13,10.863428423358496,1.9053472750534428,1.918874373597449,1.6404615900905677,1.9921678229153696,1.9037850051416492,1.9510413556257433,1,1,4,4,7,19,10,10,13,13,16,16,19,19,19,2,2,1,2,2,2,4
557.0,5.57e-13,10.897569767842203,1.89883150880972,1.9114688149039387,1.64600227276175,1.9927920139851287,1.9075410903421126,1.9519898285295154,1,1,4,4,7,19,10,10,13,13,16,16,19,19,19,2,2,1,2,2,2,4
558.0,5.58e-13,10.93223596705371,1.892881160456982,1.9038929093800114,1.6515915483016346,1.9930159096930367,1.9113084298080185,1.9530335325785066,1,1,4,4,7,19,10,10,13,13,16,16,19,19,19,2,2,1,2,2,2,4
559.0,5.59e-13,10.96744043936008,1.8876824653844964,1.8963232599115354,1.657260611859778,1.9930671840181466,1.9149690596240156,1.9542509952935812,1,1,4,4,7,19,10,10,13,13,16,16,19,19,19,2,2,1,2,2,2,4
560.0,5.6e-13,11.003133298128656,1.8833468315296065,1.8889897199880843,1.6630979048918184,1.9930783727078625,1.9184732014833252,1.9557089128939389,1,1,4,4,7,19,10,10,13,13,16,16,19,19,19,2,2,1,2,2,2,4
561.0,5.61e-13,11.039070794472938,1.8798841609782126,1.8821257776099478,1.6691198011303658,1.993053317276546,1.9218493616164833,1.957428635651809,1,1,4,4,7,19,10,10,13,13,16,16,19,19,19,2,2,1,2,2,2,4
562.0,5.62e-13,11.074726455587472,1.8772122501948434,1.8759223864374852,1.6752024007708295,1.9928717698997052,1.9251787479291549,1.9593720198715385,1,1,4,4,7,19,10,10,13,13,16,16,19,19,19,2,2,1,2,2,2,4
563.0,5.63e-13,11.109510346729401,1.8751963121203015,1.870492846290344,1.6810811062586193,1.9923421047631453,1.9285455077776532,1.9614539959260135,1,1,4,4,7,19,10,10,13,13,16,16,19,19,19,2,2,1,2,2,2,4
564.0,5.64e-13,11.143147664501962,1.8737060084446038,1.8658608729640536,1.6864094795162805,1.9913095950787887,1.9319885491998523,1.9635745830682465,1,1,4,4,7,19,10,10,13,13,16,16,19,19,19,2,2,1,2,2,2,4
565.0,5.65e-13,11.1757513089,1.8726660981180439,1.8619845814143199,1.6908670095800973,1.9897733196243677,1.935476862637836,1.9656524369594186,1,1,4,4,7,19,10,10,13,13,16,16,19,19,19,2,2,1,2,2,2,4
566.0,5.66e-13,11.207605994279698,1.8720771644152476,1.858809825886069,1.6942794146709503,1.987913247596909,1.938915386710226,1.9676470723216728,1,1,4,4,7,19,10,10,13,13,16,16,19,19,19,2,2,1,2,2,2,4
567.0,5.67e-13,11.238996778033625,1.871999048708683,1.856324151304042,1.6966716505817852,1.9859958345059159,1.9421792159249631,1.969566488542705,1,1,4,4,7,19,10,10,13,13,16,16,19,19,19,2,2,1,2,2,2,4
568.0,5.68e-13,11.270180968352692,1.8725079263176505,1.8545788250359119,1.698204326787365,1.9842414714280137,1.945164893276589,1.971457694967751,1,1,4,4,7,19,10,10,13,13,16,16,19,19,19,2,2,1,2,2,2,4
569.0,5.69e-13,11.301382141432859,1.8736489235777842,1.8536679963178548,1.6990513661878048,1.9827365046456782,1.9478356170513709,1.9733799585362688,1,1,4,4,7,19,10,10,13,13,16,16,19,19,19,2,2,1,2,2,2,4
570.0,5.7e-13,11.332703252022666,1.875405522986875,1.853683696332917,1.6993046120630264,1.9814047019876424,1.9502381631125978,1.9753726421070903,1,1,4,4,7,19,10,10,13,13,16,16,19,19,19,2,2,1,2,2,2,4
571.0,5.710000000000001e-13,11.363976521692633,1.877696435655296,1.8546700823073752,1.6989361512320613,1.9800260818914137,1.9524822347325403,1.9774350818819972,1,1,4,4,7,19,10,10,13,13,16,16,19,19,19,2,2,1,2,2,2,4
572.0,5.720000000000001e-13,11.394722279129542,1.8804016843623539,1.856593196722269,1.6978125498972079,1.9783032352821865,1.9546898853665773,1.979528718652012,1,1,4,4,7,19,10,10,13,13,16,16,19,19,19,2,2,1,2,2,2,4
573.0,5.730000000000001e-13,11.42441022589239,1.8834097468197915,1.8593351428201577,1.695760462373442,1.9759754968422438,1.9569414087129793,1.9815986066173348,1,1,4,4,7,19,10,10,13,13,16,16,19,19,19,2,2,1,2,2,2,4
574.0,5.740000000000001e-13,11.45284301564427,1.8866645196241765,1.8627174508713773,1.6926766001657898,1.972937645731793,1.9592448479871178,1.9836003544699454,1,1,4,4,7,19,10,10,13,13,16,16,19,19,19,2,2,1,2,2,2,4
575.0,5.750000000000001e-13,11.480237847481302,1.8901893412535082,1.8665507928181624,1.6886263559908177,1.9692763196677576,1.9615392451484814,1.9855191090762663,1,1,4,4,7,19,10,10,13,13,16,16,19,19,19,2,2,1,2,2,2,4
576.0,5.760000000000001e-13,11.507015286634905,1.8940754298916387,1.8706909272390402,1.6838501949928644,1.9651941913331312,1.9637269829105555,1.9873752624355239,1,1,4,4,7,19,10,10,13,13,16,16,19,19,19,2,2,1,2,2,2,4
577.0,5.770000000000001e-13,11.533608520507622,1.8984387541261123,1.8750703079664106,1.6786707809668249,1.9608960730427707,1.9657226258976386,1.989215326443963,1,1,4,4,7,19,10,10,13,13,16,16,19,19,19,2,2,1,2,2,2,4
578.0,5.780000000000001e-13,11.56040401846789,1.903364652247767,1.8796884249980865,1.673378322170615,1.9565110718665033,1.9674979054014619,1.9910883783083908,1,1,4,4,7,19,10,10,13,13,16,16,19,19,19,2,2,1,2,2,2,4
579.0,5.790000000000001e-13,11.587728917590091,1.9088645528124855,1.884572645942811,1.6681561211934766,1.952063751895021,1.9691010569253649,1.9930165792261123,1,1,4,4,7,19,10,10,13,13,16,16,19,19,19,2,2,1,2,2,2,4
580.0,5.800000000000001e-13,11.61579286315473,1.914861835001829,1.8897341425547145,1.663057199520009,1.9474824387813712,1.970639506849132,1.9949752883778447,1,1,4,4,7,19,10,10,13,13,16,16,19,19,19,2,2,1,2,2,2,4
581.0,5.81e-13,11.644555408842777,1.921210243057195,1.8951343004223598,1.6580324256853833,1.9426434419434107,1.9722330271731354,1.9968935808213808,1,1,4,4,7,19,10,10,13,13,16,16,19,19,19,2,2,1,2,2,2,4
582.0,5.82e-13,11.673626688415489,1.9277358019840358,1.9006694600506047,1.6530144993241638,1.9374545862818715,1.973960992301311,1.998674194397905,1,1,4,4,7,19,10,10,13,13,16,16,19,19,19,2,2,1,2,2,2,4
583.0,5.83e-13,11.702442254723447,1.9342856882854638,1.9061821984708847,1.6480339617955864,1.9319505993638975,1.9758296583166788,2.0002213561558038,1,1,4,4,7,19,10,10,13,13,16,16,19,19,19,2,2,1,2,2,2,4
584.0,5.84e-13,11.730654656656329,1.9407649271952974,1.9115031941402465,1.6432873614198795,1.9263299659578328,1.9777722442241439,2.0014627159079152,1,1,4,4,7,19,10,10,13,13,16,16,19,19,19,2,2,1,2,2,2,4
585.0,5.85e-13,11.758307813308738,1.947142915113148,1.916506714264071,1.6390927964541935,1.920893925045109,1.9796782673375835,2.002359699291528,1,1,4,4,7,19,10,10,13,13,16,16,19,19,19,2,2,1,2,2,2,4
586.0,5.86e-13,11.785701045178739,1.9534261884999433,1.9211468475696267,1.6357711708769254,1.9159372514388755,1.9814403961540208,2.002905420236169,1,1,4,4,7,19,10,10,13,13,16,16,19,19,19,2,2,1,2,2,2,4
587.0,5.87e-13,11.81321545617681,1.9596126884508622,1.9254530845618718,1.6335378949314316,1.9116613934770024,1.9830001084182216,2.003110296469625,1,1,4,4,7,19,10,10,13,13,16,16,19,19,19,2,2,1,2,2,2,4
588.0,5.88e-13,11.84124470290767,1.965653072678396,1.929494114743204,1.6324443513324296,1.908131900370151,1.9843716818030166,2.002979585059927,1,1,4,4,7,19,10,10,13,13,16,16,19,19,19,2,2,1,2,2,2,4
589.0,5.89e-13,11.87017173551068,1.9714369975597579,1.9333330962808988,1.6323746679581437,1.9052759566698798,1.9856326965791038,2.0024943458536693,1,1,4,4,7,19,10,10,13,13,16,16,19,19,19,2,2,1,2,2,2,4
590.0,5.9e-13,11.900274937330154,1.9768067320715146,1.9369916708226056,1.6331035036850083,1.9029213046308229,1.986885357650793,2.0016086651484466,1,1,4,4,7,19,10,10,13,13,16,16,19,19,19,2,2,1,2,2,2,4
591.0,5.91e-13,11.931512762880967,1.981590673863166,1.9404306015275798,1.6344113664414601,1.900878052430169,1.9882074097661973,2.0002668806817474,1,1,4,4,7,19,10,10,13,13,16,16,19,19,19,2,2,1,2,2,2,4
592.0,5.92e-13,11.963368257860097,1.9856461541164632,1.943555095514521,1.636203277545376,1.899039438250608,1.9896154354449531,1.9984314582798082,1,1,4,4,7,19,10,10,13,13,16,16,19,19,19,2,2,1,2,2,2,4
593.0,5.93e-13,11.995075517660972,1.9889000597852884,1.9462505401074868,1.6385401171197176,1.8974372054980975,1.991054939468098,1.9961045234964774,1,1,4,4,7,19,10,10,13,13,16,16,19,19,19,2,2,1,2,2,2,4
594.0,5.940000000000001e-13,12.026098534803749,1.9913692625313293,1.948437474551991,1.6415551233637735,1.896204278365338,1.9924203339263393,1.993332748399995,1,1,4,4,7,19,10,10,13,13,16,16,19,19,19,2,2,1,2,2,2,4
595.0,5.950000000000001e-13,12.056354325899218,1.9931448342467424,1.9501128317284544,1.645331110078369,1.8954818285449926,1.9935957915644216,1.9901991629907192,1,1,4,4,7,19,10,10,13,13,16,16,19,19,19,2,2,1,2,2,2,4
596.0,5.960000000000001e-13,12.086076327563786,1.9943478655370117,1.9513529935120106,1.6498142548024157,1.895340404145684,1.9945020778966198,1.9868050859280701,1,1,4,4,7,19,10,10,13,13,16,16,19,19,19,2,2,1,2,2,2,4
597.0,5.970000000000001e-13,12.1156082712062,1.995080053335317,1.952281871932143,1.654786094919946,1.8957436753760195,1.9951299178549193,1.98324423215455,1,1,4,4,7,19,10,10,13,13,16,16,19,19,19,2,2,1,2,2,2,4
598.0,5.980000000000001e-13,12.145309405477994,1.995391111626991,1.9530268724637132,1.6598965558648717,1.8965508344202784,1.9955444247862484,1.9795776459667485,1,1,4,4,7,19,10,10,13,13,16,16,19,19,19,2,2,1,2,2,2,4
599.0,5.990000000000001e-13,12.175524997342068,1.9952744675737244,1.9536811043251998,1.6647626675198428,1.897552629188315,1.9958563005428505,1.9758242787337068,1,1,4,4,7,19,10,10,13,13,16,16,19,19,19,2,2,1,2,2,2,4
600.0,6.000000000000001e-13,12.206508972691498,1.994691871779739,1.9542824977517719,1.6691058790843505,1.8985382421322592,1.9961711624677232,1.9719763474722134,1,1,4,4,7,19,10,10,13,13,16,16,19,19,19,2,2,1,2,2,2,4
601.0,6.010000000000001e-13,12.238251397279193,1.993615586718079,1.9548157607234258,1.6728435950711213,1.8993771109435837,1.9965412988185172,1.9680300348513213,1,1,4,4,7,19,10,10,13,13,16,16,19,19,19,2,2,1,2,2,2,4
602.0,6.020000000000001e-13,12.27033519364429,1.9920675035620004,1.955239322079042,1.6760595500859163,1.9000750595402207,1.996940486588819,1.9640101833294845,1,1,4,4,7,19,10,10,13,13,16,16,19,19,19,2,2,1,2,2,2,4
603.0,6.030000000000001e-13,12.302088510296452,1.9901338779293265,1.955531008559205,1.6788854608954231,1.9007645778342284,1.9972701554808705,1.9599731840975394,1,1,4,4,7,19,10,10,13,13,16,16,19,19,19,2,2,1,2,2,2,4
604.0,6.040000000000001e-13,12.332991536141739,1.987946144983173,1.9557290887148129,1.6813862441607894,1.9016347646964946,1.9973951208627245,1.955991535654846,1,1,4,4,7,19,10,10,13,13,16,16,19,19,19,2,2,1,2,2,2,4
605.0,6.05e-13,12.36290646014611,1.985637526802169,1.9559411801797466,1.6834973944358445,1.9028501516258671,1.9971961539942156,1.9521335837931335,1,1,4,4,7,19,10,10,13,13,16,16,19,19,19,2,2,1,2,2,2,4
606.0,6.06e-13,12.391992315938067,1.983297454399595,1.9563164993874118,1.685019874926118,1.904495183410825,1.9966186027641453,1.94844405735405,1,1,4,4,7,19,10,10,13,13,16,16,19,19,19,2,2,1,2,2,2,4
607.0,6.07e-13,12.420542462307177,1.9809433486372077,1.9569995367066606,1.6856769686885653,1.9065513494450175,1.995695647627265,1.944929362304441,1,1,4,4,7,19,10,10,13,13,16,16,19,19,19,2,2,1,2,2,2,4
608.0,6.08e-13,12.448912833543822,1.9785200679637305,1.958087256891947,1.6852334556444808,1.9089075061259797,1.9945314306489172,1.9415557125663971,1,1,4,4,7,19,10,10,13,13,16,16,19,19,19,2,2,1,2,2,2,4
609.0,6.09e-13,12.4775046689628,1.9759274234031852,1.9596031225506207,1.6836259818088144,1.9114079743391001,1.9932476388916476,1.9382669441046865,1,1,4,4,7,19,10,10,13,13,16,16,19,19,19,2,2,1,2,2,2,4
610.0,6.1e-13,12.506685492377962,1.973064076470978,1.9614958113416952,1.6810032054012078,1.9139331186959032,1.9919220772876287,1.9350157615447654,1,1,4,4,7,19,10,10,13,13,16,16,19,19,19,2,2,1,2,2,2,4
611.0,6.11e-13,12.536570647418081,1.9698676742193328,1.9636634007747036,1.6776417427026848,1.9164747472623922,1.9905505770554257,1.9317890808644183,1,1,4,4,7,19,10,10,13,13,16,16,19,19,19,2,2,1,2,2,2,4
612.0,6.12e-13,12.566795183452493,1.9663364161505887,1.9659974296451803,1.673815054358446,1.9191478845667427,1.989045006538211,1.9286142343089592,1,1,4,4,7,19,10,10,13,13,16,16,19,19,19,2,2,1,2,2,2,4
613.0,6.13e-13,12.596639128374903,1.9625246165142658,1.968428569420291,1.6696959570153327,1.9221236238865593,1.9872646065548127,1.925547320999342,1,1,4,4,7,19,10,10,13,13,16,16,19,19,19,2,2,1,2,2,2,4
614.0,6.14e-13,12.625492639044795,1.9585141694067632,1.970946977675088,1.6653156033110164,1.925535124036816,1.9850702599367023,1.9226535705216288,1,1,4,4,7,19,10,10,13,13,16,16,19,19,19,2,2,1,2,2,2,4
615.0,6.15e-13,12.65316164632509,1.9543782802622236,1.9735831389204108,1.6605846659102474,1.9294105800970252,1.9823827349562109,1.919988120454982,1,1,4,4,7,19,10,10,13,13,16,16,19,19,19,2,2,1,2,2,2,4
616.0,6.16e-13,12.679830415980915,1.9501556223433525,1.9763652015884388,1.6553822589322276,1.9336474661495897,1.9792199048174812,1.917580944345022,1,1,4,4,7,19,10,10,13,13,16,16,19,19,19,2,2,1,2,2,2,4
617.0,6.170000000000001e-13,12.705899442408818,1.945844241721297,1.9792784537415966,1.6496911400785057,1.9380256843592132,1.9756915966899675,1.9154319192329545,1,1,4,4,7,19,10,10,13,13,16,16,19,19,19,2,2,1,2,2,2,4
618.0,6.180000000000001e-13,12.731873189267812,1.9414158311529035,1.982243405551219,1.6436945847843483,1.9422617915182008,1.9719484021425575,1.9135214855123925,1,1,4,4,7,19,10,10,13,13,16,16,19,19,19,2,2,1,2,2,2,4
619.0,6.190000000000001e-13,12.758287398501471,1.9368443042490404,1.9851184204856696,1.6377474319345624,1.9460995213195509,1.9681114830451667,1.9118337704768151,1,1,4,4,7,19,10,10,13,13,16,16,19,19,19,2,2,1,2,2,2,4
620.0,6.200000000000001e-13,12.78558660946561,1.9321379801921799,1.9877268729977668,1.632247254557158,1.9493990334233235,1.9642225000071472,1.910376956705369,1,1,4,4,7,19,10,10,13,13,16,16,19,19,19,2,2,1,2,2,2,4
621.0,6.210000000000001e-13,12.81391929884748,1.9273620831699656,1.9899033196556697,1.6275064780944257,1.952166584515649,1.9602326588909993,1.9091873359795442,1,1,4,4,7,19,10,10,13,13,16,16,19,19,19,2,2,1,2,2,2,4
622.0,6.220000000000001e-13,12.84298960606367,1.9226411646886226,1.9915420071646328,1.6236812074617295,1.9545034255478595,1.9560296373419606,1.9083188128425692,1,1,4,4,7,19,10,10,13,13,16,16,19,19,19,2,2,1,2,2,2,4
623.0,6.230000000000001e-13,12.872207457091658,1.9181344299257443,1.9926226568498326,1.6207581488869396,1.9565203879184896,1.951490537702856,1.9078270017220151,1,1,4,4,7,19,10,10,13,13,16,16,19,19,19,2,2,1,2,2,2,4
624.0,6.240000000000001e-13,12.901087160931471,1.9139927523469022,1.9931971969387166,1.6186051372481256,1.9582719961465684,1.946543215870921,1.907752162031026,1,1,4,4,7,19,10,10,13,13,16,16,19,19,19,2,2,1,2,2,2,4
625.0,6.250000000000001e-13,12.929504596910634,1.9103192385553704,1.9933498617921965,1.617085821066076,1.9597272231302447,1.9412115480463368,1.9081039040713021,1,1,4,4,7,19,10,10,13,13,16,16,19,19,19,2,2,1,2,2,2,4
626.0,6.260000000000001e-13,12.957655022358445,1.9071505493741414,1.9931542951784362,1.6161885546681625,1.960773087976593,1.9356204084551307,1.9088527641405888,1,1,4,4,7,19,10,10,13,13,16,16,19,19,19,2,2,1,2,2,2,4
627.0,6.270000000000001e-13,12.9859010234788,1.9044638798574294,1.9926456912270414,1.6160660307556678,1.961251716992626,1.9299520946386224,1.9099359566973588,1,1,4,4,7,19,10,10,13,13,16,16,19,19,19,2,2,1,2,2,2,4
628.0,6.28e-13,13.014674285386425,1.9022047742759751,1.9918138888459407,1.6169471309467534,1.961032935900361,1.9243755834332692,1.9112776658440824,1,1,4,4,7,19,10,10,13,13,16,16,19,19,19,2,2,1,2,2,2,4
629.0,6.29e-13,13.0444225174685,1.900323126702275,1.9906202233638868,1.6189999544552898,1.960101940182259,1.918987534847735,1.9128117216194565,1,1,4,4,7,19,10,10,13,13,16,16,19,19,19,2,2,1,2,2,2,4
630.0,6.3e-13,13.075518962337028,1.898801039831529,1.9890354636612126,1.6222365156345493,1.9586054489508293,1.9137900203379126,1.9144920558191836,1,1,4,4,7,19,10,10,13,13,16,16,19,19,19,2,2,1,2,2,2,4
631.0,6.31e-13,13.108072146449317,1.8976613575320904,1.987083278702928,1.6264846355807145,1.9568112948736314,1.9087088730092545,1.916290199432595,1,1,4,4,7,19,10,10,13,13,16,16,19,19,19,2,2,1,2,2,2,4
632.0,6.32e-13,13.141719026447356,1.8969538417493006,1.9848626706396781,1.6314214962281888,1.955008597572059,1.9036453602430825,1.9181881240069305,1,1,4,4,7,19,10,10,13,13,16,16,19,19,19,2,2,1,2,2,2,4
633.0,6.33e-13,13.175692977928147,1.8967241577207268,1.9825315570418618,1.6366711616844583,1.953412549101186,1.8985415674459736,1.920170611495846,1,1,4,4,7,19,10,10,13,13,16,16,19,19,19,2,2,1,2,2,2,4
634.0,6.34e-13,13.209232649076071,1.8969804051881312,1.9802612839889058,1.6419452835785615,1.9521093327712318,1.8934308840442036,1.9222159056097714,1,1,4,4,7,19,10,10,13,13,16,16,19,19,19,2,2,1,2,2,2,4
635.0,6.35e-13,13.24192646511572,1.8976742339133181,1.9781894720630475,1.647139777915004,1.9510454692315626,1.8884480935227168,1.9242860457048472,1,1,4,4,7,19,10,10,13,13,16,16,19,19,19,2,2,1,2,2,2,4
636.0,6.36e-13,13.273752593303202,1.8987047107715795,1.9763900121957758,1.6523066309626186,1.9500607505047778,1.883789357545419,1.9263248422327646,1,1,4,4,7,19,10,10,13,13,16,16,19,19,19,2,2,1,2,2,2,4
637.0,6.37e-13,13.304963307239337,1.8999438886866464,1.9748657607311717,1.6575332090537624,1.9489670504892396,1.8796433105987083,1.9282678073955721,1,1,4,4,7,19,10,10,13,13,16,16,19,19,19,2,2,1,2,2,2,4
638.0,6.38e-13,13.335978829830884,1.9012739508556153,1.9735651072555782,1.6628271518653062,1.947654972126042,1.876129722093899,1.9300591602413275,1,1,4,4,7,19,10,10,13,13,16,16,19,19,19,2,2,1,2,2,2,4
639.0,6.39e-13,13.367306201872266,1.9026213776976855,1.9724199940670926,1.668061104511067,1.9461648224535935,1.8732703844425407,1.9316648515481047,1,1,4,4,7,19,10,10,13,13,16,16,19,19,19,2,2,1,2,2,2,4
640.0,6.400000000000001e-13,13.399399322372606,1.9039752719447043,1.9713921217079569,1.672978880265783,1.9446603160615863,1.8709996441626637,1.9330766022187271,1,1,4,4,7,19,10,10,13,13,16,16,19,19,19,2,2,1,2,2,2,4
641.0,6.410000000000001e-13,13.432400869592007,1.905381521114106,1.970502265671156,1.6772558722186308,1.943329204848901,1.869210755989324,1.9343096582205426,1,1,4,4,7,19,10,10,13,13,16,16,19,19,19,2,2,1,2,2,2,4
642.0,6.420000000000001e-13,13.46592742545829,1.9069141545310508,1.9698238545645999,1.680610576881024,1.9422882343111816,1.8678208934726113,1.9353959750880072,1,1,4,4,7,19,10,10,13,13,16,16,19,19,19,2,2,1,2,2,2,4
643.0,6.430000000000001e-13,13.499211012178725,1.9086369995165506,1.9694473281854252,1.6829248714940335,1.9415338650733778,1.8668252347937275,1.9363717438311518,1,1,4,4,7,19,10,10,13,13,16,16,19,19,19,2,2,1,2,2,2,4
644.0,6.440000000000001e-13,13.531544776783463,1.9105738869990143,1.9694391980567225,1.6842803931594414,1.9409388795548073,1.866311436679762,1.9372612849324555,1,1,4,4,7,19,10,10,13,13,16,16,19,19,19,2,2,1,2,2,2,4
645.0,6.450000000000001e-13,13.562610283153973,1.9127004006785335,1.9698146614865906,1.6848755217351286,1.9402882454178858,1.866424213133667,1.938066139370304,1,1,4,4,7,19,10,10,13,13,16,16,19,19,19,2,2,1,2,2,2,4
646.0,6.460000000000001e-13,13.592495777298149,1.9149598721074286,1.970529846180472,1.684897880330939,1.9393529892827424,1.8672999801185575,1.9387668402542308,1,1,4,4,7,19,10,10,13,13,16,16,19,19,19,2,2,1,2,2,2,4
647.0,6.470000000000001e-13,13.621555300140095,1.9172947437998011,1.9714947111547496,1.6844342054082,1.9379894199549963,1.86900648457085,1.9393354249647807,1,1,4,4,7,19,10,10,13,13,16,16,19,19,19,2,2,1,2,2,2,4
648.0,6.480000000000001e-13,13.650288165114464,1.919677509290452,1.9726056676253583,1.6834407746519642,1.9362152233344994,1.8715122653665013,1.9397485240076873,1,1,4,4,7,19,10,10,13,13,16,16,19,19,19,2,2,1,2,2,2,4
649.0,6.490000000000001e-13,13.67926842955129,1.9221263457610325,1.973789202193254,1.6817698009557598,1.934202966683121,1.8746957485543925,1.9399939412992866,1,1,4,4,7,19,10,10,13,13,16,16,19,19,19,2,2,1,2,2,2,4
650.0,6.500000000000001e-13,13.709036328374834,1.9246975024063586,1.975032445219657,1.6792524263284283,1.9321947225247593,1.878389667384874,1.9400720733497783,1,1,4,4,7,19,10,10,13,13,16,16,19,19,19,2,2,1,2,2,2,4
651.0,6.510000000000001e-13,13.739881444588482,1.9274561423944858,1.976379126594391,1.6758211867844377,1.9304042871118698,1.8824427958619614,1.939994097033068,1,1,4,4,7,19,10,10,13,13,16,16,19,19,19,2,2,1,2,2,2,4
652.0,6.52e-13,13.771614471511096,1.9304377537312694,1.97789411532833,1.6716011439516472,1.928954293917393,1.8867711135818046,1.939775219364094,1,1,4,4,7,19,10,10,13,13,16,16,19,19,19,2,2,1,2,2,2,4
653.0,6.53e-13,13.803612355593707,1.9336201446605654,1.9796200400705721,1.6668880102128514,1.9278518150160668,1.8913752680749978,1.9394229882674403,1,1,4,4,7,19,10,10,13,13,16,16,19,19,19,2,2,1,2,2,2,4
654.0,6.54e-13,13.835197624167641,1.9369208366976458,1.9815466631537046,1.6620279164032996,1.926999710941814,1.896315712132034,1.9389270965510312,1,1,4,4,7,19,10,10,13,13,16,16,19,19,19,2,2,1,2,2,2,4
655.0,6.55e-13,13.865986000033882,1.940218814756429,1.9835999952684955,1.657295466474658,1.9262494310840126,1.901657612141248,1.9382593124473082,1,1,4,4,7,19,10,10,13,13,16,16,19,19,19,2,2,1,2,2,2,4
656.0,6.56e-13,13.895961912994242,1.9433888274956086,1.985651992607589,1.65282968044507,1.9254902880129126,1.90741504165667,1.9373846032194868,1,1,4,4,7,19,10,10,13,13,16,16,19,19,19,2,2,1,2,2,2,4
657.0,6.57e-13,13.925392285322541,1.9463320731933618,1.9875506102514129,1.6486302062151879,1.924735020017463,1.9135187203420863,1.936275632108449,1,1,4,4,7,19,10,10,13,13,16,16,19,19,19,2,2,1,2,2,2,4
658.0,6.58e-13,13.954747392064798,1.94899378280738,1.9891636949842455,1.6446077984951009,1.9241352859398975,1.919819810860658,1.9349226825241583,1,1,4,4,7,19,10,10,13,13,16,16,19,19,19,2,2,1,2,2,2,4
659.0,6.59e-13,13.984645753668065,1.9513648745817551,1.99041567047735,1.6406860419867697,1.9239081175165529,1.9261313119474612,1.933338165734282,1,1,4,4,7,19,10,10,13,13,16,16,19,19,19,2,2,1,2,2,2,4
660.0,6.6e-13,14.015725341750407,1.9534663961326075,1.9912918937772466,1.6369164599073711,1.924231836730138,1.9322889971527015,1.931557441914213,1,1,4,4,7,19,10,10,13,13,16,16,19,19,19,2,2,1,2,2,2,4
661.0,6.61e-13,14.048357480033548,1.9553219264386947,1.9918102395637203,1.6335197183283925,1.9251730139656076,1.9382024592898106,1.9296345431192083,1,1,4,4,7,19,10,10,13,13,16,16,19,19,19,2,2,1,2,2,2,4
662.0,6.62e-13,14.082333083879343,1.9569312854155607,1.9919826466087882,1.6308107596555665,1.9266586929419718,1.943870452662467,1.927631353074663,1,1,4,4,7,19,10,10,13,13,16,16,19,19,19,2,2,1,2,2,2,4
663.0,6.63e-13,14.11691215463534,1.9582613910403683,1.9917880739747809,1.6290654629427526,1.928490314442543,1.9493594347820071,1.9256029057947763,1,1,4,4,7,19,10,10,13,13,16,16,19,19,19,2,2,1,2,2,2,4
664.0,6.640000000000001e-13,14.151277989445974,1.959259757285884,1.9911636261016437,1.6284166399954147,1.930401974574373,1.954757681828053,1.9235893063551373,1,1,4,4,7,19,10,10,13,13,16,16,19,19,19,2,2,1,2,2,2,4
665.0,6.650000000000001e-13,14.184926206179979,1.95988351339824,1.9900144598912253,1.6288168913871424,1.932154408400661,1.9601234301211423,1.9216220074717096,1,1,4,4,7,19,10,10,13,13,16,16,19,19,19,2,2,1,2,2,2,4
666.0,6.660000000000001e-13,14.217749221079153,1.9601294879403728,1.9882423101817888,1.6300645352555043,1.9336266283142707,1.9654479067830573,1.9197381301596654,1,1,4,4,7,19,10,10,13,13,16,16,19,19,19,2,2,1,2,2,2,4
667.0,6.670000000000001e-13,14.24995060645627,1.9600506595187936,1.9857863019139343,1.631888889958286,1.9348466529613066,1.9706466025786284,1.9179893933892753,1,1,4,4,7,19,10,10,13,13,16,16,19,19,19,2,2,1,2,2,2,4
668.0,6.680000000000001e-13,14.281950523337125,1.9597519873391758,1.9826569211314016,1.634077884748363,1.935938719077356,1.9755848663212803,1.9164402249958556,1,1,4,4,7,19,10,10,13,13,16,16,19,19,19,2,2,1,2,2,2,4
669.0,6.690000000000001e-13,14.314301500567769,1.9593663741662508,1.9789407251178597,1.6365763424431157,1.9370322656742982,1.9801316648193235,1.915159547234971,1,1,4,4,7,19,10,10,13,13,16,16,19,19,19,2,2,1,2,2,2,4
670.0,6.700000000000001e-13,14.347546261654095,1.9590187710127018,1.9747732076248294,1.6394724978463122,1.9381906942473959,1.9842176550492403,1.9142096917006994,1,1,4,4,7,19,10,10,13,13,16,16,19,19,19,2,2,1,2,2,2,4
671.0,6.710000000000001e-13,14.381973507760586,1.9587924742257208,1.970299774282868,1.6428871318821512,1.939379696101671,1.9878650808109157,1.9136334229239702,1,1,4,4,7,19,10,10,13,13,16,16,19,19,19,2,2,1,2,2,2,4
672.0,6.720000000000001e-13,14.417384115593004,1.958711962494346,1.965644869674279,1.646854887496048,1.9404713544525856,1.9911726635982652,1.9134429147086007,1,1,4,4,7,19,10,10,13,13,16,16,19,19,19,2,2,1,2,2,2,4
673.0,6.730000000000001e-13,14.453135419704003,1.958751102717925,1.9608932465368194,1.651260137429628,1.9412847805076014,1.994267552257892,1.9136185663931928,1,1,4,4,7,19,10,10,13,13,16,16,19,19,19,2,2,1,2,2,2,4
674.0,6.740000000000001e-13,14.488498894449297,1.9588644738329934,1.956085027242247,1.655839406954301,1.9416635184270103,1.9972489516575902,1.9141226997061032,1,1,4,4,7,19,10,10,13,13,16,16,19,19,19,2,2,1,2,2,2,4
675.0,6.750000000000001e-13,14.52299327053572,1.959023782912798,1.9512326222054421,1.6602428133868832,1.9415639256883168,2.000145147554329,1.914919177646918,1,1,4,4,7,19,10,10,13,13,16,16,19,19,19,2,2,1,2,2,2,4
676.0,6.76e-13,14.55647861222843,1.9592370544645106,1.9463569328489458,1.6641459935819876,1.9410986776576356,2.0028978550944965,1.9159829396760955,1,1,4,4,7,19,10,10,13,13,16,16,19,19,19,2,2,1,2,2,2,4
677.0,6.77e-13,14.589101289388221,1.959543224004389,1.9415238789412492,1.6673712296711551,1.9404962899775773,2.0053795415772457,1.9172960395349548,1,1,4,4,7,19,10,10,13,13,16,16,19,19,19,2,2,1,2,2,2,4
678.0,6.78e-13,14.621228097011915,1.9599901613260677,1.9368558040000592,1.6699334857198214,1.9400040538055565,2.0074423068988354,1.9188397071184935,1,1,4,4,7,19,10,10,13,13,16,16,19,19,19,2,2,1,2,2,2,4
679.0,6.79e-13,14.653389290443373,1.9606065816845262,1.9325071292805565,1.6719710413265036,1.9397963848526918,2.008982165685563,1.9205891469779455,1,1,4,4,7,19,10,10,13,13,16,16,19,19,19,2,2,1,2,2,2,4
680.0,6.8e-13,14.68615959128972,1.9613783595434184,1.9286213245823303,1.67362162413715,1.9399235292248729,2.0099858415278,1.9225098827613312,1,1,4,4,7,19,10,10,13,13,16,16,19,19,19,2,2,1,2,2,2,4
681.0,6.81e-13,14.719909641200601,1.9622391142295752,1.9252932531094742,1.6749271779654695,1.940303581803292,2.0105326517247986,1.9245546590125673,1,1,4,4,7,19,10,10,13,13,16,16,19,19,19,2,2,1,2,2,2,4
682.0,6.82e-13,14.75450704280751,1.9630824043931687,1.922549900607982,1.6757975202559792,1.9407565470509782,2.0107526247067495,1.926665497393475,1,1,4,4,7,19,10,10,13,13,16,16,19,19,19,2,2,1,2,2,2,4
683.0,6.83e-13,14.78928444244607,1.9637944694195508,1.9203497200417432,1.67603376874593,1.941082858899754,2.010766009511319,1.928786535449365,1,1,4,4,7,19,10,10,13,13,16,16,19,19,19,2,2,1,2,2,2,4
684.0,6.84e-13,14.823408114868098,1.9642925344444537,1.9186021626100962,1.6754110136084392,1.941166226214024,2.0106325694906713,1.9308819417014205,1,1,4,4,7,19,10,10,13,13,16,16,19,19,19,2,2,1,2,2,2,4
685.0,6.85e-13,14.856278884417138,1.9645472766579233,1.9172077490444253,1.6737991644242078,1.941037646327327,2.0103285147036076,1.9329437583760243,1,1,4,4,7,19,10,10,13,13,16,16,19,19,19,2,2,1,2,2,2,4
686.0,6.86e-13,14.88768086279658,1.9645825049746404,1.9161018230850444,1.6712547147287489,1.9408472311928264,2.0097572348097823,1.9349852612585388,1,1,4,4,7,19,10,10,13,13,16,16,19,19,19,2,2,1,2,2,2,4
687.0,6.870000000000001e-13,14.917754273320336,1.9644587877928323,1.9152762734871187,1.668008108940423,1.9407686138851354,2.0087925858821736,1.9370291975679492,1,1,4,4,7,19,10,10,13,13,16,16,19,19,19,2,2,1,2,2,2,4
688.0,6.880000000000001e-13,14.94693022463102,1.9642483969270208,1.9147653889171043,1.6643567793354932,1.940906654445422,2.0073423197446747,1.9390991236823554,1,1,4,4,7,19,10,10,13,13,16,16,19,19,19,2,2,1,2,2,2,4
689.0,6.890000000000001e-13,14.975845189408108,1.9640080273136147,1.9146071999143472,1.6605466264138147,1.941249073460368,2.0054026727787364,1.9412127833358672,1,1,4,4,7,19,10,10,13,13,16,16,19,19,19,2,2,1,2,2,2,4
690.0,6.900000000000001e-13,15.00517215533241,1.9637595726206198,1.9148051808557174,1.6567010434424918,1.9416639670695377,2.0030711008205406,1.943376422876769,1,1,4,4,7,19,10,10,13,13,16,16,19,19,19,2,2,1,2,2,2,4
691.0,6.910000000000001e-13,15.035334967241281,1.9634894028275156,1.9153064750545739,1.6528108358382267,1.9419371664496223,2.0005101708656836,1.9455823918824964,1,1,4,4,7,19,10,10,13,13,16,16,19,19,19,2,2,1,2,2,2,4
692.0,6.920000000000001e-13,15.066248087727793,1.963168607964617,1.9160008308452143,1.648783565146407,1.9418471451357422,1.9978848360159147,1.947814542855865,1,1,4,4,7,19,10,10,13,13,16,16,19,19,19,2,2,1,2,2,2,4
693.0,6.930000000000001e-13,15.097360197871112,1.962782823024974,1.9167408601233313,1.6445446153632153,1.941261296394358,1.9953034883499732,1.9500593180490473,1,1,4,4,7,19,10,10,13,13,16,16,19,19,19,2,2,1,2,2,2,4
694.0,6.940000000000001e-13,15.128010111514978,1.9623519630147894,1.917380962008528,1.6401490954705096,1.9402026685894953,1.9927842005145393,1.9523118616548494,1,1,4,4,7,19,10,10,13,13,16,16,19,19,19,2,2,1,2,2,2,4
695.0,6.950000000000001e-13,15.1577671734996,1.9619296199318312,1.917821482074855,1.635824353180378,1.938836194311155,1.9902563485194287,1.9545706552737263,1,1,4,4,7,19,10,10,13,13,16,16,19,19,19,2,2,1,2,2,2,4
696.0,6.960000000000001e-13,15.186553531779035,1.961586533174058,1.918034365506678,1.631902959911551,1.937386571389355,1.9875985131088747,1.95682748426121,1,1,4,4,7,19,10,10,13,13,16,16,19,19,19,2,2,1,2,2,2,4
697.0,6.970000000000001e-13,15.214607567022012,1.961386333934721,1.9180544389197998,1.6287010127476387,1.9360477159766918,1.9847031902091288,1.9590615752132605,1,1,4,4,7,19,10,10,13,13,16,16,19,19,19,2,2,1,2,2,2,4
698.0,6.980000000000001e-13,15.242410696184256,1.9613599815091138,1.9179427159962326,1.6264185892500107,1.9349242453652677,1.9815406292820528,1.9612387718452666,1,1,4,4,7,19,10,10,13,13,16,16,19,19,19,2,2,1,2,2,2,4
699.0,6.990000000000001e-13,15.270613306406403,1.961487794704044,1.9177448348852069,1.6250934112859377,1.9340113893524453,1.978183080684569,1.9633136680688703,1,1,4,4,7,19,10,10,13,13,16,16,19,19,19,2,2,1,2,2,2,4
700.0,7e-13,15.299902910483665,1.9616994976709141,1.9174629209436618,1.624614979943373,1.9332121656960428,1.974773823214711,1.965233124958134,1,1,4,4,7,19,10,10,13,13,16,16,19,19,19,2,2,1,2,2,2,4
701.0,7.01e-13,15.330757911477658,1.96189526569285,1.917048500336267,1.6248003210447928,1.932394012736441,1.9714636554868066,1.9669422628585929,1,1,4,4,7,19,10,10,13,13,16,16,19,19,19,2,2,1,2,2,2,4
702.0,7.02e-13,15.363165667320631,1.9619774526721023,1.9164178073046023,1.6255103466933594,1.9314753954766268,1.9683515081723562,1.968392068437847,1,1,4,4,7,19,10,10,13,13,16,16,19,19,19,2,2,1,2,2,2,4
703.0,7.03e-13,15.396567675513955,1.9618756734653486,1.9154869785602422,1.6267404465887148,1.9304993982108274,1.9654499337020546,1.9695445807276173,1,1,4,4,7,19,10,10,13,13,16,16,19,19,19,2,2,1,2,2,2,4
704.0,7.04e-13,15.430166355063301,1.961554719894451,1.9142149575126983,1.6286129850214701,1.9296359923783597,1.9626817211762646,1.9703725357699406,1,1,4,4,7,19,10,10,13,13,16,16,19,19,19,2,2,1,2,2,2,4
705.0,7.05e-13,15.463309547700524,1.9610083700576864,1.9126316459139363,1.631279975811744,1.9291071245065956,1.9599122724167775,1.9708562047913345,1,1,4,4,7,19,10,10,13,13,16,16,19,19,19,2,2,1,2,2,2,4
706.0,7.06e-13,15.49567030875412,1.9602457372838908,1.9108331487168853,1.634813634548222,1.9290916536783647,1.9570122566671888,1.9709829997871013,1,1,4,4,7,19,10,10,13,13,16,16,19,19,19,2,2,1,2,2,2,4
707.0,7.07e-13,15.527248640092816,1.9592748267964866,1.9089480053995902,1.6391396285259336,1.9296601057585412,1.9539258320931134,1.9707499984712957,1,1,4,4,7,19,10,10,13,13,16,16,19,19,19,2,2,1,2,2,2,4
708.0,7.08e-13,15.558336439918584,1.9580874158214465,1.9070940976220698,1.6440274146175784,1.9307515411380363,1.9507046098597838,1.970165298441149,1,1,4,4,7,19,10,10,13,13,16,16,19,19,19,2,2,1,2,2,2,4
709.0,7.09e-13,15.589475705919996,1.956653494244687,1.9053451404760375,1.6491432187210198,1.9321914644979687,1.9474839484211357,1.9692456879999127,1,1,4,4,7,19,10,10,13,13,16,16,19,19,19,2,2,1,2,2,2,4
710.0,7.100000000000001e-13,15.621314850373372,1.954931999889811,1.9037181401429901,1.6541580975222314,1.933750700151103,1.9444196262552318,1.9680140967347322,1,1,4,4,7,19,10,10,13,13,16,16,19,19,19,2,2,1,2,2,2,4
711.0,7.110000000000001e-13,15.65429631217708,1.9528956946275888,1.902185540098364,1.6588642166788883,1.9352333404013125,1.9416249822008635,1.9665015611916035,1,1,4,4,7,19,10,10,13,13,16,16,19,19,19,2,2,1,2,2,2,4
712.0,7.120000000000001e-13,15.688313735515234,1.9505562925609423,1.9007083052776705,1.663222246000192,1.9365553706028502,1.9391333938492705,1.9647510365362082,1,1,4,4,7,19,10,10,13,13,16,16,19,19,19,2,2,1,2,2,2,4
713.0,7.130000000000001e-13,15.722696407194011,1.9479731911613225,1.8992773573463746,1.6673073603876039,1.9377635290591855,1.9368896890332474,1.9628148239753005,1,1,4,4,7,19,10,10,13,13,16,16,19,19,19,2,2,1,2,2,2,4
714.0,7.140000000000001e-13,15.75658641627623,1.9452420722249235,1.8979432896866755,1.6712027206811304,1.9389811332544389,1.9347731840261606,1.960745130172622,1,1,4,4,7,19,10,10,13,13,16,16,19,19,19,2,2,1,2,2,2,4
715.0,7.150000000000001e-13,15.78932124971796,1.9424728842368573,1.8968164426359002,1.6749096087605286,1.940324829772,1.9326527588066549,1.9585866182084402,1,1,4,4,7,19,10,10,13,13,16,16,19,19,19,2,2,1,2,2,2,4
716.0,7.160000000000001e-13,15.820585778942899,1.9397650724890372,1.8960370071176977,1.6783058750147826,1.941842540216961,1.9304547423480012,1.9563750028648548,1,1,4,4,7,19,10,10,13,13,16,16,19,19,19,2,2,1,2,2,2,4
717.0,7.170000000000001e-13,15.85040940690452,1.9371857990890153,1.8957326369875163,1.681158485657428,1.9434878724331892,1.9282058133314217,1.9541378829299227,1,1,4,4,7,19,10,10,13,13,16,16,19,19,19,2,2,1,2,2,2,4
718.0,7.180000000000001e-13,15.879131686588453,1.9347589420603948,1.8959833029175706,1.6831947322319631,1.9451289738871211,1.9260216632607532,1.9518944358926227,1,1,4,4,7,19,10,10,13,13,16,16,19,19,19,2,2,1,2,2,2,4
719.0,7.190000000000001e-13,15.907347019763815,1.9324730638702567,1.8968054398711272,1.68421773932132,1.9465916905379514,1.924049073943623,1.9496557840727364,1,1,4,4,7,19,10,10,13,13,16,16,19,19,19,2,2,1,2,2,2,4
720.0,7.200000000000001e-13,15.935756636788629,1.9303077611537898,1.8981593937420635,1.6842016749018556,1.9477327449485309,1.922398546448785,1.9474300496602204,1,1,4,4,7,19,10,10,13,13,16,16,19,19,19,2,2,1,2,2,2,4
721.0,7.210000000000001e-13,15.964893857615397,1.9282618183423228,1.8999774527035977,1.6832915321980875,1.9485164947504556,1.9210989819996298,1.9452288855588575,1,1,4,4,7,19,10,10,13,13,16,16,19,19,19,2,2,1,2,2,2,4
722.0,7.220000000000001e-13,15.99483684089457,1.9263636944863725,1.902202010263796,1.6817118135502485,1.9490473469219112,1.920084573578046,1.9430675721636326,1,1,4,4,7,19,10,10,13,13,16,16,19,19,19,2,2,1,2,2,2,4
723.0,7.23e-13,16.02516167227844,1.92466023362272,1.904818438730536,1.6796556858760732,1.9495290514187371,1.9192148683588368,1.940956304199221,1,1,4,4,7,19,10,10,13,13,16,16,19,19,19,2,2,1,2,2,2,4
724.0,7.24e-13,16.055213071728552,1.9231950388566739,1.907862937331519,1.677211522854467,1.9501774854973746,1.918327361257836,1.9388917564678263,1,1,4,4,7,19,10,10,13,13,16,16,19,19,19,2,2,1,2,2,2,4
725.0,7.25e-13,16.08443517503017,1.9219883895976582,1.911397378789032,1.6743446057614446,1.9511401213777346,1.9173078926539249,1.9368571391137215,1,1,4,4,7,19,10,10,13,13,16,16,19,19,19,2,2,1,2,2,2,4
726.0,7.26e-13,16.11254472996435,1.9210236492795598,1.9154663850005291,1.670936457695054,1.9524509945775956,1.9161418721524623,1.9348288224870662,1,1,4,4,7,19,10,10,13,13,16,16,19,19,19,2,2,1,2,2,2,4
727.0,7.27e-13,16.13956934340174,1.9202450239640585,1.920059914497637,1.6668788888661878,1.9540237825860114,1.9149128398635222,1.9327836761456998,1,1,4,4,7,19,10,10,13,13,16,16,19,19,19,2,2,1,2,2,2,4
728.0,7.28e-13,16.16584669162547,1.9195720844113866,1.9250969203631556,1.6621870315622524,1.9556842140318473,1.913751005189865,1.9307054397277585,1,1,4,4,7,19,10,10,13,13,16,16,19,19,19,2,2,1,2,2,2,4
729.0,7.29e-13,16.191994244557176,1.918929172293664,1.9304347722045265,1.6570537226449686,1.9572435764075822,1.9127660796886323,1.9285910411890037,1,1,4,4,7,19,10,10,13,13,16,16,19,19,19,2,2,1,2,2,2,4
730.0,7.3e-13,16.218775975931973,1.9182746910145114,1.9359009132873886,1.6517968261422458,1.9585913265549453,1.9119973906612753,1.9264553306965788,1,1,4,4,7,19,10,10,13,13,16,16,19,19,19,2,2,1,2,2,2,4
731.0,7.31e-13,16.246813615248048,1.9176130471133561,1.9413350973777297,1.6467457203407543,1.9597502675503715,1.9113952676382238,1.9243297546706488,1,1,4,4,7,19,10,10,13,13,16,16,19,19,19,2,2,1,2,2,2,4
732.0,7.32e-13,16.27624158441067,1.9169869418488503,1.946624645284502,1.6421446438223937,1.960849325276706,1.910836037849033,1.922253876483801,1,1,4,4,7,19,10,10,13,13,16,16,19,19,19,2,2,1,2,2,2,4
733.0,7.33e-13,16.30660657708167,1.9164596438029728,1.9517177493558269,1.6381038176663427,1.96203647455529,1.9101690581752664,1.920265215034515,1,1,4,4,7,19,10,10,13,13,16,16,19,19,19,2,2,1,2,2,2,4
734.0,7.340000000000001e-13,16.33715662400956,1.9160948665025628,1.9566091931595797,1.6346008743786966,1.9633937605326064,1.9092843568212814,1.9183930917256256,1,1,4,4,7,19,10,10,13,13,16,16,19,19,19,2,2,1,2,2,2,4
735.0,7.350000000000001e-13,16.367222562027013,1.9159388420211811,1.9613045566966383,1.6315413300697936,1.964891162783143,1.9081685269223203,1.916658761855402,1,1,4,4,7,19,10,10,13,13,16,16,19,19,19,2,2,1,2,2,2,4
736.0,7.360000000000001e-13,16.39641897690152,1.9160097065232802,1.9657840882118631,1.6288651128354454,1.966381938794097,1.906913129820784,1.9150783443273698,1,1,4,4,7,19,10,10,13,13,16,16,19,19,19,2,2,1,2,2,2,4
737.0,7.370000000000001e-13,16.424694177978967,1.9163011236152152,1.9699843007081599,1.6266393418402623,1.9676362643992586,1.9056707473962986,1.9136667014770128,1,1,4,4,7,19,10,10,13,13,16,16,19,19,19,2,2,1,2,2,2,4
738.0,7.380000000000001e-13,16.452333009215167,1.9168021207958028,1.9738031469256798,1.6250626170001585,1.9684131026734595,1.9045881733032046,1.9124429605796596,1,1,4,4,7,19,10,10,13,13,16,16,19,19,19,2,2,1,2,2,2,4
739.0,7.390000000000001e-13,16.479914056745926,1.9175218724719183,1.977127342618747,1.6243749602947306,1.9685549438411019,1.9037500218620729,1.9114362111976426,1,1,4,4,7,19,10,10,13,13,16,16,19,19,19,2,2,1,2,2,2,4
740.0,7.400000000000001e-13,16.50815213715507,1.9185010795946376,1.9798731918636903,1.6247461663682619,1.9680563107638027,1.9031506262591884,1.9106843185953828,1,1,4,4,7,19,10,10,13,13,16,16,19,19,19,2,2,1,2,2,2,4
741.0,7.410000000000001e-13,16.537603524095882,1.9198023667751947,1.9820237398639298,1.6262048068643469,1.967056112933025,1.9026993340131906,1.910222201042197,1,1,4,4,7,19,10,10,13,13,16,16,19,19,19,2,2,1,2,2,2,4
742.0,7.420000000000001e-13,16.56836359941407,1.9214889186624167,1.9836422975108414,1.6286217576708506,1.965761510555984,1.9022591237500865,1.9100667585987963,1,1,4,4,7,19,10,10,13,13,16,16,19,19,19,2,2,1,2,2,2,4
743.0,7.430000000000001e-13,16.600014269883975,1.9236027096594788,1.9848528363452491,1.6317474558944305,1.9643579631563153,1.901711155131962,1.910207864462585,1,1,4,4,7,19,10,10,13,13,16,16,19,19,19,2,2,1,2,2,2,4
744.0,7.440000000000001e-13,16.631881750855744,1.9261483988872692,1.9857977405740077,1.6353024959613944,1.9629470894504601,1.901017621104651,1.910609697959501,1,1,4,4,7,19,10,10,13,13,16,16,19,19,19,2,2,1,2,2,2,4
745.0,7.450000000000001e-13,16.663353315833916,1.9290856186229783,1.986593547343755,1.6390904178090187,1.961523198693398,1.900244677592325,1.911219008552862,1,1,4,4,7,19,10,10,13,13,16,16,19,19,19,2,2,1,2,2,2,4
746.0,7.460000000000001e-13,16.69405664443239,1.9323340455816151,1.9873034861610555,1.6430582540617242,1.9599882158311577,1.8995308930013066,1.9119760117237394,1,1,4,4,7,19,10,10,13,13,16,16,19,19,19,2,2,1,2,2,2,4
747.0,7.47e-13,16.72392156217858,1.9357935697606203,1.9879334047082173,1.6472581461234617,1.9582072670149748,1.8990237144779065,1.9128264295635227,1,1,4,4,7,19,10,10,13,13,16,16,19,19,19,2,2,1,2,2,2,4
748.0,7.48e-13,16.75319481694936,1.9393712232529046,1.9884516110308463,1.6517477012380155,1.9560980940154888,1.8988188007363536,1.9137322198849842,1,1,4,4,7,19,10,10,13,13,16,16,19,19,19,2,2,1,2,2,2,4
749.0,7.49e-13,16.782412060302224,1.9429988962927298,1.988826661320243,1.656503309198381,1.953711057829602,1.898924407969672,1.914674289650839,1,1,4,4,7,19,10,10,13,13,16,16,19,19,19,2,2,1,2,2,2,4
750.0,7.5e-13,16.8122680609852,1.9466343296549535,1.9890682040185999,1.6613824740258278,1.9512367203236107,1.8992587003546848,1.9156434246034937,1,1,4,4,7,19,10,10,13,13,16,16,19,19,19,2,2,1,2,2,2,4
751.0,7.51e-13,16.843346677034678,1.9502511539958265,1.9892474921897432,1.6661355362148218,1.948929916044655,1.8996811065488821,1.9166260539881894,1,1,4,4,7,19,10,10,13,13,16,16,19,19,19,2,2,1,2,2,2,4
752.0,7.52e-13,16.87580141897627,1.9538265351796953,1.9894825646609788,1.6704632858710688,1.9470076994354708,1.9000521402055608,1.917595811037852,1,1,4,4,7,19,10,10,13,13,16,16,19,19,19,2,2,1,2,2,2,4
753.0,7.53e-13,16.90922662366347,1.9573312476292772,1.989896753187571,1.6741145364131749,1.9455755480980637,1.9003001254160434,1.9185157989160808,1,1,4,4,7,19,10,10,13,13,16,16,19,19,19,2,2,1,2,2,2,4
754.0,7.54e-13,16.942869662850864,1.9607249189484028,1.9905742549080692,1.6769803289696479,1.9445974961627395,1.900458483685207,1.9193482882559558,1,1,4,4,7,19,10,10,13,13,16,16,19,19,19,2,2,1,2,2,2,4
755.0,7.55e-13,16.97598369092242,1.9639580069859666,1.9915330628230745,1.6791109640579076,1.943910311669949,1.9006496875466516,1.9200656491332093,1,1,4,4,7,19,10,10,13,13,16,16,19,19,19,2,2,1,2,2,2,4
756.0,7.56e-13,17.00805849531895,1.9669818355038429,1.9927220490931885,1.6806414228985003,1.943282618551982,1.901028103406299,1.9206597033902464,1,1,4,4,7,19,10,10,13,13,16,16,19,19,19,2,2,1,2,2,2,4
757.0,7.570000000000001e-13,17.03890334109998,1.9697643533783264,1.9940416831911894,1.6816881768117704,1.9425113405631638,1.9017160143244314,1.9211480101915188,1,1,4,4,7,19,10,10,13,13,16,16,19,19,19,2,2,1,2,2,2,4
758.0,7.580000000000001e-13,17.06867427822808,1.9723024872896584,1.9953833906926768,1.68227843564409,1.9415157312754425,1.902758416175937,1.9215731471849231,1,1,4,4,7,19,10,10,13,13,16,16,19,19,19,2,2,1,2,2,2,4
759.0,7.590000000000001e-13,17.09786820433041,1.9746239426011263,1.9966756113821285,1.682329480426303,1.9403649422681821,1.904108527120551,1.9219903660255415,1,1,4,4,7,19,10,10,13,13,16,16,19,19,19,2,2,1,2,2,2,4
760.0,7.600000000000001e-13,17.127194950173784,1.9767788619522912,1.9979131955729623,1.6816773028703027,1.9392174395514201,1.9056480923983632,1.9224479780822807,1,1,4,4,7,19,10,10,13,13,16,16,19,19,19,2,2,1,2,2,2,4
761.0,7.610000000000001e-13,17.157271449923453,1.9788256251004361,1.9991501436936405,1.6801536719841423,1.9382247092724343,1.9072390179754266,1.922972181590899,1,1,4,4,7,19,10,10,13,13,16,16,19,19,19,2,2,1,2,2,2,4
762.0,7.620000000000001e-13,17.1882701816353,1.9808143267149199,2.000460477277025,1.6776910198631783,1.9374594920723307,1.9087890707782245,1.9235633871390372,1,1,4,4,7,19,10,10,13,13,16,16,19,19,19,2,2,1,2,2,2,4
763.0,7.630000000000001e-13,17.21981721758077,1.9827723464201772,2.0018919528496504,1.6743911454032565,1.9368861837992672,1.9102993235144112,1.9242027762917666,1,1,4,4,7,19,10,10,13,13,16,16,19,19,19,2,2,1,2,2,2,4
764.0,7.640000000000001e-13,17.251246350109245,1.984698292553033,2.003435253844715,1.6704961134578413,1.9363696263919405,1.9118635125357315,1.9248642708384136,1,1,4,4,7,19,10,10,13,13,16,16,19,19,19,2,2,1,2,2,2,4
765.0,7.650000000000001e-13,17.281936407927223,1.9865675405445735,2.0050168923490976,1.6662859297164498,1.9357226310246582,1.9136190808176505,1.925526942427206,1,1,4,4,7,19,10,10,13,13,16,16,19,19,19,2,2,1,2,2,2,4
766.0,7.660000000000001e-13,17.31150128850156,1.9883474306077291,2.0065154980406095,1.6619800191897829,1.9347887560473545,1.9156807295478078,1.9261839258941817,1,1,4,4,7,19,10,10,13,13,16,16,19,19,19,2,2,1,2,2,2,4
767.0,7.670000000000001e-13,17.339854946046984,1.9900118251662697,2.0077973181326154,1.6576864339443362,1.9335313557706806,1.918087666115847,1.9268433040646984,1,1,4,4,7,19,10,10,13,13,16,16,19,19,19,2,2,1,2,2,2,4
768.0,7.680000000000001e-13,17.367247277126793,1.9915456253377317,2.0087611704370385,1.6534007585700397,1.9320710524593039,1.9207808336541932,1.9275174197331177,1,1,4,4,7,19,10,10,13,13,16,16,19,19,19,2,2,1,2,2,2,4
769.0,7.690000000000001e-13,17.39427047810017,1.992939692486096,2.009371304257236,1.6490531152680878,1.930637073454648,1.9236169528055598,1.928205552752403,1,1,4,4,7,19,10,10,13,13,16,16,19,19,19,2,2,1,2,2,2,4
770.0,7.700000000000001e-13,17.42173701221967,1.9941823451171985,2.00965524268036,1.6446014640719098,1.929468210870841,1.9264174988232745,1.9288819689889267,1,1,4,4,7,19,10,10,13,13,16,16,19,19,19,2,2,1,2,2,2,4
771.0,7.71e-13,17.450388498692163,1.9952513036566228,2.009667461749305,1.6401304332593436,1.9287265243059135,1.9290373019312588,1.9294968616846775,1,1,4,4,7,19,10,10,13,13,16,16,19,19,19,2,2,1,2,2,2,4
772.0,7.72e-13,17.4805615441614,1.996107291695908,2.009442863574875,1.6358798591484984,1.928452232813896,1.9314206721622438,1.929988641628942,1,1,4,4,7,19,10,10,13,13,16,16,19,19,19,2,2,1,2,2,2,4
773.0,7.73e-13,17.512056765813014,1.9966927235241505,2.0089640927567696,1.6321707352949901,1.9285591525825863,1.9336127471567714,1.9303010449791735,1,1,4,4,7,19,10,10,13,13,16,16,19,19,19,2,2,1,2,2,2,4
774.0,7.74e-13,17.544320781103753,1.9969391632022286,2.0081528151717123,1.6292856712473556,1.9288719004092436,1.9357203762841861,1.9303982501107622,1,1,4,4,7,19,10,10,13,13,16,16,19,19,19,2,2,1,2,2,2,4
775.0,7.75e-13,17.576748506996186,1.9967830429656226,2.006886019489929,1.627379936285739,1.9292050269598395,1.9378484598413803,1.9302736289897109,1,1,4,4,7,19,10,10,13,13,16,16,19,19,19,2,2,1,2,2,2,4
776.0,7.76e-13,17.608889293751684,1.9961829416594896,2.005033581082639,1.6264503901598095,1.9294579706105424,1.9400452653284441,1.929950461403116,1,1,4,4,7,19,10,10,13,13,16,16,19,19,19,2,2,1,2,2,2,4
777.0,7.77e-13,17.640544218108086,1.9951291767054367,2.0025055640797627,1.626359971021935,1.929667490490342,1.9422747422340418,1.9294734824782174,1,1,4,4,7,19,10,10,13,13,16,16,19,19,19,2,2,1,2,2,2,4
778.0,7.78e-13,17.671832013119904,1.9936424070937278,1.999287698024118,1.6269153468022601,1.9299756473810443,1.9444217516802793,1.9288936260253102,1,1,4,4,7,19,10,10,13,13,16,16,19,19,19,2,2,1,2,2,2,4
779.0,7.79e-13,17.70321769367528,1.9917648199821667,1.995442537754804,1.6279785325662772,1.9305398679775077,1.9463313064377459,1.9282536793447487,1,1,4,4,7,19,10,10,13,13,16,16,19,19,19,2,2,1,2,2,2,4
780.0,7.800000000000001e-13,17.73540201395891,1.9895486562989322,1.9910761281520524,1.6295450543275203,1.9314484324818821,1.947873100771524,1.9275828771349919,1,1,4,4,7,19,10,10,13,13,16,16,19,19,19,2,2,1,2,2,2,4
781.0,7.810000000000001e-13,17.769019540515572,1.9870447761283871,1.9862932020683737,1.6317232542855833,1.9326765421346217,1.9490031384728912,1.9269016023434662,1,1,4,4,7,19,10,10,13,13,16,16,19,19,19,2,2,1,2,2,2,4
782.0,7.820000000000001e-13,17.804272401577663,1.984294651336493,1.9811652433489417,1.6346331326385115,1.9340839933767269,1.9497853765366988,1.9262311350660297,1,1,4,4,7,19,10,10,13,13,16,16,19,19,19,2,2,1,2,2,2,4
783.0,7.830000000000001e-13,17.84078425708876,1.9813296195977326,1.9757187299105314,1.6383032300339706,1.9354512990413866,1.9503596590982244,1.9256027833007396,1,1,4,4,7,19,10,10,13,13,16,16,19,19,19,2,2,1,2,2,2,4
784.0,7.840000000000001e-13,17.87780854870147,1.9781802262738746,1.969942666701914,1.6426183552925016,1.9365531397552675,1.9508775609321678,1.9250640970432058,1,1,4,4,7,19,10,10,13,13,16,16,19,19,19,2,2,1,2,2,2,4
785.0,7.850000000000001e-13,17.914559410013446,1.9748926347285958,1.9638163432510083,1.647325581802217,1.93724789862474,1.9514407760730779,1.9246808341523989,1,1,4,4,7,19,10,10,13,13,16,16,19,19,19,2,2,1,2,2,2,4
786.0,7.860000000000001e-13,17.950425748238136,1.9715391393228876,1.9573508183418347,1.6520920672461166,1.9375347458723873,1.9520642383245486,1.9245308055621015,1,1,4,4,7,19,10,10,13,13,16,16,19,19,19,2,2,1,2,2,2,4
787.0,7.870000000000001e-13,17.98507454162406,1.9682119203762067,1.9506224507665064,1.6566079494499881,1.9375381540743617,1.9526712657677767,1.9246868944068134,1,1,4,4,7,19,10,10,13,13,16,16,19,19,19,2,2,1,2,2,2,4
788.0,7.880000000000001e-13,18.01852334582698,1.9650038029697772,1.9437763097307241,1.6606930281679892,1.9374340073201743,1.9531232746299108,1.9251964937103754,1,1,4,4,7,19,10,10,13,13,16,16,19,19,19,2,2,1,2,2,2,4
789.0,7.890000000000001e-13,18.051168863280967,1.961987106659734,1.9369950978635981,1.6643325462468161,1.9373685913702916,1.953280868024019,1.9260690407849044,1,1,4,4,7,19,10,10,13,13,16,16,19,19,19,2,2,1,2,2,2,4
790.0,7.900000000000001e-13,18.08367410821729,1.9591979509088338,1.9304519467158356,1.6676127501674398,1.937406548316843,1.9530733610728677,1.9272777699614991,1,1,4,4,7,19,10,10,13,13,16,16,19,19,19,2,2,1,2,2,2,4
791.0,7.910000000000001e-13,18.116673543896525,1.9566303585555311,1.9242727345045167,1.6706116024538837,1.9375146756495571,1.952536279970001,1.9287724014909935,1,1,4,4,7,19,10,10,13,13,16,16,19,19,19,2,2,1,2,2,2,4
792.0,7.920000000000001e-13,18.150433778649063,1.954243806916187,1.9185210951896734,1.6733153361514541,1.9375799672690925,1.9517921284422657,1.9304956793102352,1,1,4,4,7,19,10,10,13,13,16,16,19,19,19,2,2,1,2,2,2,4
793.0,7.930000000000001e-13,18.18472356868029,1.9519841972221477,1.913204113239043,1.6755897654497711,1.9374636157686904,1.9509894180510905,1.9323993912709638,1,1,4,4,7,19,10,10,13,13,16,16,19,19,19,2,2,1,2,2,2,4
794.0,7.94e-13,18.218982496579574,1.9498106595848357,1.9082959377856097,1.6772073479018244,1.9370815867158897,1.950236611135256,1.9344563372009471,1,1,4,4,7,19,10,10,13,13,16,16,19,19,19,2,2,1,2,2,2,4
795.0,7.95e-13,18.25259466608715,1.947712528376953,1.9037758045262343,1.6779255676637812,1.936470868882046,1.9495590542045096,1.9366612068785354,1,1,4,4,7,19,10,10,13,13,16,16,19,19,19,2,2,1,2,2,2,4
796.0,7.96e-13,18.285083898454076,1.9457052578014389,1.8996637896866067,1.6775956116895772,1.935790796541472,1.948888939181297,1.9390169502940533,1,1,4,4,7,19,10,10,13,13,16,16,19,19,19,2,2,1,2,2,2,4
797.0,7.97e-13,18.316227757688175,1.9438114621486278,1.896031526719395,1.6762403080414534,1.9352548685689852,1.9480900699923027,1.9415145567666223,1,1,4,4,7,19,10,10,13,13,16,16,19,19,19,2,2,1,2,2,2,4
798.0,7.98e-13,18.34614295336833,1.9420421556832217,1.8929797100519123,1.6740383474961043,1.9350408989241468,1.9470153742666783,1.9441199033280907,1,1,4,4,7,19,10,10,13,13,16,16,19,19,19,2,2,1,2,2,2,4
799.0,7.99e-13,18.375322214587147,1.9403865072610667,1.89059626539101,1.6712278392901354,1.935225862650688,1.9455796562124836,1.946775256290353,1,1,4,4,7,19,10,10,13,13,16,16,19,19,19,2,2,1,2,2,2,4
800.0,8e-13,18.404529460103536,1.9388108820911873,1.8889184928863898,1.6680012077205915,1.9357610356730186,1.9438087477227766,1.9494134514041834,1,1,4,4,7,19,10,10,13,13,16,16,19,19,19,2,2,1,2,2,2,4
801.0,8.01e-13,18.434512101611748,1.9372676478103008,1.8879146431015417,1.6644438190312982,1.9364875039546385,1.9418325226770858,1.951976657592959,1,1,4,4,7,19,10,10,13,13,16,16,19,19,19,2,2,1,2,2,2,4
802.0,8.02e-13,18.465653182287262,1.9357150213366812,1.8874890957236652,1.6605286060939322,1.9371920803568061,1.9398292069981626,1.9544321801871842,1,1,4,4,7,19,10,10,13,13,16,16,19,19,19,2,2,1,2,2,2,4
803.0,8.030000000000001e-13,18.497799499768586,1.934142015286346,1.8875084620722506,1.656165073258005,1.9376950782333269,1.937956333190256,1.9567814980807092,1,1,4,4,7,19,10,10,13,13,16,16,19,19,19,2,2,1,2,2,2,4
804.0,8.040000000000001e-13,18.530395650280965,1.932583162277311,1.887841865423622,1.6512946935936887,1.9379307852414986,1.9362987802198248,1.9590586481043213,1,1,4,4,7,19,10,10,13,13,16,16,19,19,19,2,2,1,2,2,2,4
805.0,8.050000000000001e-13,18.562774065088085,1.9311107252615025,1.8884002119840675,1.6459928559561612,1.9379649807987527,1.9348476076185976,1.9613142646912272,1,1,4,4,7,19,10,10,13,13,16,16,19,19,19,2,2,1,2,2,2,4
806.0,8.060000000000001e-13,18.594384949280578,1.9298100815903918,1.889154105247965,1.640503814530965,1.9379371327189276,1.9335137697101987,1.9635904919882823,1,1,4,4,7,19,10,10,13,13,16,16,19,19,19,2,2,1,2,2,2,4
807.0,8.070000000000001e-13,18.624926262145912,1.9287541249054634,1.8901199060067464,1.6351751108188162,1.9379745682605218,1.932176577754428,1.9659002979197473,1,1,4,4,7,19,10,10,13,13,16,16,19,19,19,2,2,1,2,2,2,4
808.0,8.080000000000001e-13,18.654430709171628,1.92798693953594,1.8913236880223656,1.630343247494619,1.9381287692465807,1.9307548195786608,1.9682211787566044,1,1,4,4,7,19,10,10,13,13,16,16,19,19,19,2,2,1,2,2,2,4
809.0,8.090000000000001e-13,18.683312075171486,1.9275178071645847,1.8927644744339587,1.6262398453453426,1.9383503958349697,1.9292651142932422,1.9705047111028333,1,1,4,4,7,19,10,10,13,13,16,16,19,19,19,2,2,1,2,2,2,4
810.0,8.100000000000001e-13,18.71227673246231,1.9273252161436298,1.8943936533725376,1.622948537392406,1.9385014321317415,1.927827812436909,1.9726963895178344,1,1,4,4,7,19,10,10,13,13,16,16,19,19,19,2,2,1,2,2,2,4
811.0,8.110000000000001e-13,18.742040940238322,1.9273718540633473,1.8961160366311773,1.6204206279605033,1.9384031465673979,1.9266169088219398,1.974755674461344,1,1,4,4,7,19,10,10,13,13,16,16,19,19,19,2,2,1,2,2,2,4
812.0,8.120000000000001e-13,18.77297873495067,1.9276265680375773,1.8978110562788557,1.6185492777286221,1.93791382278593,1.9257885571068254,1.9766677598578124,1,1,4,4,7,19,10,10,13,13,16,16,19,19,19,2,2,1,2,2,2,4
813.0,8.130000000000001e-13,18.804953634602207,1.9280799460476175,1.899369096808927,1.6172781453013383,1.93700670696316,1.9254236042325263,1.978442368613116,1,1,4,4,7,19,10,10,13,13,16,16,19,19,19,2,2,1,2,2,2,4
814.0,8.140000000000001e-13,18.83745543203985,1.9287412431079705,1.9007308608051212,1.61667900483194,1.9357970721141424,1.9255003076913,1.9800988955045917,1,1,4,4,7,19,10,10,13,13,16,16,19,19,19,2,2,1,2,2,2,4
815.0,8.150000000000001e-13,18.869872895982347,1.9296198307357006,1.9019089355722008,1.6169341143285159,1.9344946117242183,1.9259025382371686,1.9816436204290295,1,1,4,4,7,19,10,10,13,13,16,16,19,19,19,2,2,1,2,2,2,4
816.0,8.160000000000001e-13,18.90169611273319,1.9307063574119046,1.902976848413629,1.6182375174296146,1.9333162003144344,1.926464603502952,1.983051304207268,1,1,4,4,7,19,10,10,13,13,16,16,19,19,19,2,2,1,2,2,2,4
817.0,8.170000000000001e-13,18.93262876862437,1.9319640882913236,1.9040322154559266,1.620689062489192,1.9324108756226133,1.9270426958259725,1.984261870790167,1,1,4,4,7,19,10,10,13,13,16,16,19,19,19,2,2,1,2,2,2,4
818.0,8.18e-13,18.962679804121155,1.933330726487042,1.9051548546687407,1.6242332677874136,1.9318199188355925,1.9275817428011117,1.9851941216370825,1,1,4,4,7,19,10,10,13,13,16,16,19,19,19,2,2,1,2,2,2,4
819.0,8.19e-13,18.992234070932554,1.9347282173949918,1.9063785640085353,1.6286568713791993,1.9314734877150508,1.9281365303166205,1.9857698371858608,1,1,4,4,7,19,10,10,13,13,16,16,19,19,19,2,2,1,2,2,2,4
820.0,8.2e-13,19.02198717580549,1.936078523299493,1.9076849168028334,1.633647022722739,1.931225449096759,1.928833447118983,1.9859373102253721,1,1,4,4,7,19,10,10,13,13,16,16,19,19,19,2,2,1,2,2,2,4
821.0,8.21e-13,19.052670432292498,1.9373214748281553,1.9090193276003777,1.6388968791011633,1.9309256870200138,1.9298016776918152,1.9856844926026105,1,1,4,4,7,19,10,10,13,13,16,16,19,19,19,2,2,1,2,2,2,4
822.0,8.22e-13,19.084696362209474,1.9384269575840831,1.9103238442223733,1.6442106173376003,1.930505090626864,1.9311123731800417,1.9850383314322808,1,1,4,4,7,19,10,10,13,13,16,16,19,19,19,2,2,1,2,2,2,4
823.0,8.23e-13,19.117969757467115,1.939394516573412,1.911574889257706,1.6495399368282937,1.9300204444675881,1.9327458007676603,1.9840511509011494,1,1,4,4,7,19,10,10,13,13,16,16,19,19,19,2,2,1,2,2,2,4
824.0,8.24e-13,19.15198842846594,1.9402419322159703,1.9128074589530952,1.6549289396383646,1.9296224980292789,1.9345925714112797,1.9827782781253078,1,1,4,4,7,19,10,10,13,13,16,16,19,19,19,2,2,1,2,2,2,4
825.0,8.25e-13,19.186098052442293,1.94099168694536,1.9141097925965795,1.6604149493359448,1.9294725288467505,1.9364899454208246,1.9812574520319015,1,1,4,4,7,19,10,10,13,13,16,16,19,19,19,2,2,1,2,2,2,4
826.0,8.26e-13,19.219702923395985,1.9416630024325447,1.9155908665644994,1.6659486751870152,1.9296640264840386,1.938286581926149,1.9795010204796522,1,1,4,4,7,19,10,10,13,13,16,16,19,19,19,2,2,1,2,2,2,4
827.0,8.270000000000001e-13,19.252395065359075,1.942270166501231,1.9173398429416861,1.6713621860169128,1.9301805392786013,1.9399109489021757,1.9775038610058195,1,1,4,4,7,19,10,10,13,13,16,16,19,19,19,2,2,1,2,2,2,4
828.0,8.280000000000001e-13,19.284062774852536,1.942824558050485,1.9193965922069232,1.6763899951925316,1.9308923442768282,1.9414036688566798,1.9752612696904337,1,1,4,4,7,19,10,10,13,13,16,16,19,19,19,2,2,1,2,2,2,4
829.0,8.290000000000001e-13,19.314977519505053,1.9433389737443367,1.9217433705647191,1.680743064261343,1.9315908365681813,1.9428908835521619,1.9727874666783016,1,1,4,4,7,19,10,10,13,13,16,16,19,19,19,2,2,1,2,2,2,4
830.0,8.300000000000001e-13,19.345741900306045,1.943834619383501,1.924319076111355,1.684213235304611,1.9320589516326099,1.9445181004749348,1.9701273146267382,1,1,4,4,7,19,10,10,13,13,16,16,19,19,19,2,2,1,2,2,2,4
831.0,8.310000000000001e-13,19.377020235723517,1.9443473839435408,1.927051184862533,1.6867487254513152,1.9321583664706499,1.9463833657771623,1.967357603699805,1,1,4,4,7,19,10,10,13,13,16,16,19,19,19,2,2,1,2,2,2,4
832.0,8.320000000000001e-13,19.4091790447948,1.944926253313884,1.9298937595984849,1.6884436184650082,1.9318868557566624,1.9484948342278803,1.9645754321913294,1,1,4,4,7,19,10,10,13,13,16,16,19,19,19,2,2,1,2,2,2,4
833.0,8.330000000000001e-13,19.442095267948236,1.945621194367307,1.9328545797586456,1.6894531587379653,1.9313650886182647,1.9507613719546026,1.9618737966388056,1,1,4,4,7,19,10,10,13,13,16,16,19,19,19,2,2,1,2,2,2,4
834.0,8.340000000000001e-13,19.475259610484642,1.9464675377099234,1.9359957684342528,1.689897913865069,1.9307644153786354,1.9530197975034067,1.9593141525641815,1,1,4,4,7,19,10,10,13,13,16,16,19,19,19,2,2,1,2,2,2,4
835.0,8.350000000000001e-13,19.50802379106286,1.9474762983278244,1.9394051846260838,1.6898035488421321,1.9302261829356213,1.9550960037378073,1.9569110843699344,1,1,4,4,7,19,10,10,13,13,16,16,19,19,19,2,2,1,2,2,2,4
836.0,8.360000000000001e-13,19.53979750310954,1.9486331518248847,1.9431538387360379,1.6890898797316536,1.9298096250323888,1.9568788151482999,1.9546366109906366,1,1,4,4,7,19,10,10,13,13,16,16,19,19,19,2,2,1,2,2,2,4
837.0,8.370000000000001e-13,19.570175520100516,1.9499038807415483,1.9472606227754539,1.6876104227382072,1.9294756369260624,1.9583658981480554,1.9524400441221021,1,1,4,4,7,19,10,10,13,13,16,16,19,19,19,2,2,1,2,2,2,4
838.0,8.380000000000001e-13,19.59906031096652,1.9512434182528107,1.9516779058657259,1.6852377869189634,1.9291057422241757,1.9596499856140768,1.9502738892141542,1,1,4,4,7,19,10,10,13,13,16,16,19,19,19,2,2,1,2,2,2,4
839.0,8.390000000000001e-13,19.62676452976493,1.952606563439924,1.9563011086348905,1.6819609295543048,1.9285577991074925,1.9608567843028082,1.9481155441541815,1,1,4,4,7,19,10,10,13,13,16,16,19,19,19,2,2,1,2,2,2,4
840.0,8.400000000000001e-13,19.653965342925854,1.9539572710271,1.9609999305064005,1.6779279139842913,1.9277475697724022,1.9620753767296661,1.945976864138904,1,1,4,4,7,19,10,10,13,13,16,16,19,19,19,2,2,1,2,2,2,4
841.0,8.410000000000001e-13,19.681434155942327,1.9552704496774727,1.9656597214424005,1.673399005284499,1.9267145088613378,1.963311803887845,1.9438970729510372,1,1,4,4,7,19,10,10,13,13,16,16,19,19,19,2,2,1,2,2,2,4
842.0,8.42e-13,19.709680824467924,1.9565241748318505,1.9702138799039886,1.6686495171898632,1.9256216983077514,1.9644757648648814,1.9419212534414443,1,1,4,4,7,19,10,10,13,13,16,16,19,19,19,2,2,1,2,2,2,4
843.0,8.43e-13,19.738763385349763,1.9576891943198984,1.974649899850907,1.6638846387683448,1.9246862543322172,1.9654026592647773,1.9400746278982364,1,1,4,4,7,19,10,10,13,13,16,16,19,19,19,2,2,1,2,2,2,4
844.0,8.44e-13,19.768364166748057,1.9587249673712699,1.9789861062442295,1.6591961354599776,1.9240884933452838,1.9659105515044983,1.9383464082994708,1,1,4,4,7,19,10,10,13,13,16,16,19,19,19,2,2,1,2,2,2,4
845.0,8.45e-13,19.797999309390345,1.9595845995724388,1.9832324485957384,1.654568980379301,1.9239070753487557,1.9658760594254139,1.936691754459736,1,1,4,4,7,19,10,10,13,13,16,16,19,19,19,2,2,1,2,2,2,4
846.0,8.46e-13,19.827203252376474,1.9602245190961176,1.9873557540083702,1.649940243892761,1.9240950807888868,1.9652897552055635,1.9350503953032536,1,1,4,4,7,19,10,10,13,13,16,16,19,19,19,2,2,1,2,2,2,4
847.0,8.47e-13,19.85566746740097,1.9606140036456472,1.9912645706680143,1.6452953251584612,1.924496278323317,1.9642539421961722,1.933373274962621,1,1,4,4,7,19,10,10,13,13,16,16,19,19,19,2,2,1,2,2,2,4
848.0,8.48e-13,19.88337338877071,1.9607425864776795,1.9948185263958391,1.6407490995304226,1.9249015476059905,1.9629262489278188,1.9316462824216798,1,1,4,4,7,19,10,10,13,13,16,16,19,19,19,2,2,1,2,2,2,4
849.0,8.49e-13,19.910691512671523,1.9606247914322426,1.9978597615914204,1.6365476900345948,1.9251361244549796,1.9614476641161485,1.9299022185168244,1,1,4,4,7,19,10,10,13,13,16,16,19,19,19,2,2,1,2,2,2,4
850.0,8.500000000000001e-13,19.938329400037315,1.9603001071394899,2.0002572712990387,1.6329862163907802,1.9251380383206607,1.9598894000824578,1.9282150131470854,1,1,4,4,7,19,10,10,13,13,16,16,19,19,19,2,2,1,2,2,2,4
851.0,8.510000000000001e-13,19.96706474735798,1.9598250226590497,2.0019457406058954,1.6303038478935241,1.9249737276485666,1.9582314355692103,1.926676255796254,1,1,4,4,7,19,10,10,13,13,16,16,19,19,19,2,2,1,2,2,2,4
852.0,8.520000000000001e-13,19.997397240793553,1.9592590971184318,2.002938082682069,1.6286122333269597,1.924780144888089,1.9563754035546068,1.9253636533103344,1,1,4,4,7,19,10,10,13,13,16,16,19,19,19,2,2,1,2,2,2,4
853.0,8.530000000000001e-13,20.02934702522844,1.9586524955788862,2.003305315432805,1.6278745722118857,1.9246799062832083,1.954192443285426,1.9243158573160202,1,1,4,4,7,19,10,10,13,13,16,16,19,19,19,2,2,1,2,2,2,4
854.0,8.540000000000001e-13,20.062508717528534,1.9580402971285344,2.003136584978292,1.6279380024384345,1.924718535009846,1.9515953108076582,1.923524280548821,1,1,4,4,7,19,10,10,13,13,16,16,19,19,19,2,2,1,2,2,2,4
855.0,8.550000000000001e-13,20.096258090396034,1.9574436801660255,2.0025006531484517,1.6286170272638294,1.9248403107991983,1.9486000846830067,1.9229442064609577,1,1,4,4,7,19,10,10,13,13,16,16,19,19,19,2,2,1,2,2,2,4
856.0,8.560000000000001e-13,20.129949842391294,1.9568748773305262,2.0014240139737702,1.6297970200333534,1.924900671108265,1.945335733943782,1.9225191637705084,1,1,4,4,7,19,10,10,13,13,16,16,19,19,19,2,2,1,2,2,2,4
857.0,8.570000000000001e-13,20.16306599595451,1.9563442124162653,1.999892071644043,1.6314893843581209,1.924714032756413,1.9419942711190104,1.922208286285462,1,1,4,4,7,19,10,10,13,13,16,16,19,19,19,2,2,1,2,2,2,4
858.0,8.580000000000001e-13,20.19535355968438,1.955868252495607,1.9978728120153972,1.6337935996012547,1.9241316021785875,1.9387566216848802,1.9220050732719318,1,1,4,4,7,19,10,10,13,13,16,16,19,19,19,2,2,1,2,2,2,4
859.0,8.590000000000001e-13,20.226942292329007,1.955474435803092,1.9953553805166488,1.6368005969280273,1.9231194956216981,1.9357330074202184,1.921938301110496,1,1,4,4,7,19,10,10,13,13,16,16,19,19,19,2,2,1,2,2,2,4
860.0,8.600000000000001e-13,20.258331336810098,1.955195195264904,1.9923859659097198,1.6405064441829966,1.9217866606990337,1.9329340821096523,1.922052282763301,1,1,4,4,7,19,10,10,13,13,16,16,19,19,19,2,2,1,2,2,2,4
861.0,8.610000000000001e-13,20.290151267335904,1.9550519815460259,1.98907889946113,1.6447740556800552,1.9203388729614763,1.930276254509403,1.922375154338172,1,1,4,4,7,19,10,10,13,13,16,16,19,19,19,2,2,1,2,2,2,4
862.0,8.620000000000001e-13,20.32281472611889,1.9550395282484887,1.9855947632529363,1.6493469639979592,1.918992954037897,1.92762365057768,1.9228921276722537,1,1,4,4,7,19,10,10,13,13,16,16,19,19,19,2,2,1,2,2,2,4
863.0,8.630000000000001e-13,20.356303313217,1.955120594029596,1.9820979212634355,1.653912500750299,1.9179018352926562,1.9248595735337508,1.9235369292744562,1,1,4,4,7,19,10,10,13,13,16,16,19,19,19,2,2,1,2,2,2,4
864.0,8.640000000000001e-13,20.39021390150052,1.95523281280035,1.9787144273698833,1.6582024720997834,1.917113903352387,1.921956283896696,1.9242048960709504,1,1,4,4,7,19,10,10,13,13,16,16,19,19,19,2,2,1,2,2,2,4
865.0,8.65e-13,20.423957131199785,1.9553032328174433,1.9755067591900377,1.6620821378103936,1.91656913281715,1.918999146918881,1.9247821907832499,1,1,4,4,7,19,10,10,13,13,16,16,19,19,19,2,2,1,2,2,2,4
866.0,8.66e-13,20.45694667115547,1.9552647604704685,1.972472760983409,1.6655620427507147,1.9161337104592953,1.9161489694763132,1.925179304582251,1,1,4,4,7,19,10,10,13,13,16,16,19,19,19,2,2,1,2,2,2,4
867.0,8.67e-13,20.488740298111217,1.9550710065279557,1.9695688392208928,1.6687255362994695,1.9156721694108807,1.9135719963174216,1.92535506064196,1,1,4,4,7,19,10,10,13,13,16,16,19,19,19,2,2,1,2,2,2,4
868.0,8.68e-13,20.51917361249779,1.9547049082653263,1.966749899441567,1.6716315684183058,1.9151329609479018,1.91137851131271,1.9253212667282384,1,1,4,4,7,19,10,10,13,13,16,16,19,19,19,2,2,1,2,2,2,4
869.0,8.69e-13,20.548482651374737,1.9541765869429306,1.9640092876597859,1.674248620531505,1.9145938983230857,1.9095896858014378,1.9251258301516723,1,1,4,4,7,19,10,10,13,13,16,16,19,19,19,2,2,1,2,2,2,4
870.0,8.7e-13,20.577295892602496,1.9535098342476804,1.9613961725327134,1.6764386998427374,1.9142298071948103,1.908135736564112,1.9248222358587954,1,1,4,4,7,19,10,10,13,13,16,16,19,19,19,2,2,1,2,2,2,4
871.0,8.71e-13,20.606390521354562,1.9527257644184843,1.9590004276182118,1.6779907021756293,1.9142267845764125,1.9068880483018744,1.9244404964026842,1,1,4,4,7,19,10,10,13,13,16,16,19,19,19,2,2,1,2,2,2,4
872.0,8.72e-13,20.63633619513081,1.9518342279813363,1.9569161126087273,1.6786983344790594,1.914700358856897,1.9057232219046187,1.9239735223257066,1,1,4,4,7,19,10,10,13,13,16,16,19,19,19,2,2,1,2,2,2,4
873.0,8.730000000000001e-13,20.667270110035343,1.9508362512097919,1.955203950685429,1.6784571195091489,1.915650328162892,1.904595225258007,1.9233842836452129,1,1,4,4,7,19,10,10,13,13,16,16,19,19,19,2,2,1,2,2,2,4
874.0,8.740000000000001e-13,20.698917313031316,1.9497329378980148,1.9538678182792992,1.677320283739449,1.9169562025641527,1.9035724826696352,1.9226293628515574,1,1,4,4,7,19,10,10,13,13,16,16,19,19,19,2,2,1,2,2,2,4
875.0,8.750000000000001e-13,20.73077263400104,1.9485353165169557,1.9528526340034442,1.6754663088218387,1.9184126893269549,1.9028127002370603,1.9216881100390828,1,1,4,4,7,19,10,10,13,13,16,16,19,19,19,2,2,1,2,2,2,4
876.0,8.760000000000001e-13,20.762290783990153,1.947272614317125,1.952064925794459,1.6731056515707177,1.9198029791494007,1.902494727286796,1.9205838199465997,1,1,4,4,7,19,10,10,13,13,16,16,19,19,19,2,2,1,2,2,2,4
877.0,8.770000000000001e-13,20.793026203807692,1.9459966067017618,1.9514100139254411,1.6703929457203808,1.920988626485584,1.9027490138847913,1.919386357510634,1,1,4,4,7,19,10,10,13,13,16,16,19,19,19,2,2,1,2,2,2,4
878.0,8.780000000000001e-13,20.822760113119482,1.9447763134247356,1.9508305956798833,1.667382304619691,1.9219669739074314,1.9036132394790246,1.9181932403169952,1,1,4,4,7,19,10,10,13,13,16,16,19,19,19,2,2,1,2,2,2,4
879.0,8.790000000000001e-13,20.851628711199364,1.9436802524601382,1.950327096979201,1.664030798758048,1.9228554600047156,1.9050206779706014,1.9170959830804457,1,1,4,4,7,19,10,10,13,13,16,16,19,19,19,2,2,1,2,2,2,4
880.0,8.800000000000001e-13,20.880147783185382,1.9427540088591841,1.9499474447340892,1.6602499323644269,1.9238170147112013,1.9068244709993065,1.9161471643451784,1,1,4,4,7,19,10,10,13,13,16,16,19,19,19,2,2,1,2,2,2,4
881.0,8.810000000000001e-13,20.909009963189924,1.9420062599417676,1.9497521660837442,1.655996642519502,1.9249790934889621,1.9088570333396973,1.9153439411200166,1,1,4,4,7,19,10,10,13,13,16,16,19,19,19,2,2,1,2,2,2,4
882.0,8.820000000000001e-13,20.93874157624824,1.9414099238887117,1.9497744004287318,1.6513603256806177,1.926382500345835,1.9110057177372055,1.9146348673027056,1,1,4,4,7,19,10,10,13,13,16,16,19,19,19,2,2,1,2,2,2,4
883.0,8.830000000000001e-13,20.969464753643244,1.940915248972452,1.9499926977464443,1.6465790583763789,1.9279669477041361,1.913263014318577,1.9139465771238549,1,1,4,4,7,19,10,10,13,13,16,16,19,19,19,2,2,1,2,2,2,4
884.0,8.840000000000001e-13,21.000906334181103,1.9404673324395831,1.9503258673736366,1.6419663037844696,1.9295930396668228,1.9157164939968299,1.91321877466405,1,1,4,4,7,19,10,10,13,13,16,16,19,19,19,2,2,1,2,2,2,4
885.0,8.850000000000001e-13,21.032571024475732,1.9400215680009374,1.9506514237560775,1.6378050157819724,1.9311011801364697,1.9184872076930821,1.9124313381861866,1,1,4,4,7,19,10,10,13,13,16,16,19,19,19,2,2,1,2,2,2,4
886.0,8.860000000000001e-13,21.063916784386294,1.9395520030623672,1.950842144807787,1.6342712073178798,1.9323939425058225,1.921657759341476,1.911610684466981,1,1,4,4,7,19,10,10,13,13,16,16,19,19,19,2,2,1,2,2,2,4
887.0,8.870000000000001e-13,21.094486692589303,1.9390486017954045,1.9508068984428837,1.6314078480477725,1.9334997287835851,1.9252235492123293,1.9108130640591905,1,1,4,4,7,19,10,10,13,13,16,16,19,19,19,2,2,1,2,2,2,4
888.0,8.880000000000001e-13,21.124049718005185,1.938503597901708,1.9505157940210118,1.6291497966793667,1.9345701499468426,1.9290785050396861,1.9100940881675161,1,1,4,4,7,19,10,10,13,13,16,16,19,19,19,2,2,1,2,2,2,4
889.0,8.89e-13,21.1527542954804,1.9378955359363117,1.9499951986120474,1.6273980707082527,1.935810381132075,1.93303699149329,1.9094802475720098,1,1,4,4,7,19,10,10,13,13,16,16,19,19,19,2,2,1,2,2,2,4
890.0,8.9e-13,21.181161180125233,1.9371822427609056,1.949296279024192,1.6261186737631121,1.9373910097798903,1.9368902573388065,1.9089559668513958,1,1,4,4,7,19,10,10,13,13,16,16,19,19,19,2,2,1,2,2,2,4
891.0,8.91e-13,21.210023774883723,1.9363080207753314,1.948456460148777,1.6254017723556828,1.9393852045492965,1.940483129036678,1.908471410020418,1,1,4,4,7,19,10,10,13,13,16,16,19,19,19,2,2,1,2,2,2,4
892.0,8.92e-13,21.23992999036451,1.93522087253137,1.9474729047895012,1.6254297083740847,1.9417446223670072,1.943772649292149,1.907968029060163,1,1,4,4,7,19,10,10,13,13,16,16,19,19,19,2,2,1,2,2,2,4
893.0,8.93e-13,21.271069095656298,1.9338906067280834,1.9462972275895893,1.6263791085966388,1.9443141304426674,1.9468293507545145,1.9074114746545416,1,1,4,4,7,19,10,10,13,13,16,16,19,19,19,2,2,1,2,2,2,4
894.0,8.94e-13,21.30323902281782,1.9323201077013437,1.9448522380610556,1.6283268804181221,1.9468868193001705,1.9497820503352141,1.9068167693582727,1,1,4,4,7,19,10,10,13,13,16,16,19,19,19,2,2,1,2,2,2,4
895.0,8.95e-13,21.335996302365245,1.9305470380839558,1.943065788287095,1.6312031439911894,1.9492901163091487,1.9527447612197637,1.906253715796535,1,1,4,4,7,19,10,10,13,13,16,16,19,19,19,2,2,1,2,2,2,4
896.0,8.96e-13,21.368815889467005,1.9286365750626182,1.9409096541491462,1.634798301226591,1.9514633090980547,1.9557619652932468,1.9058303842095794,1,1,4,4,7,19,10,10,13,13,16,16,19,19,19,2,2,1,2,2,2,4
897.0,8.970000000000001e-13,21.401232271058777,1.9266662374909784,1.938424324843948,1.638822840285463,1.953473477519837,1.9587863651695112,1.9056624190924571,1,1,4,4,7,19,10,10,13,13,16,16,19,19,19,2,2,1,2,2,2,4
898.0,8.980000000000001e-13,21.43299173021109,1.9247073820137952,1.9357144123532097,1.643008434905276,1.9554581849019554,1.9616912818052346,1.9058407607994987,1,1,4,4,7,19,10,10,13,13,16,16,19,19,19,2,2,1,2,2,2,4
899.0,8.990000000000001e-13,21.464193115855625,1.922811773913587,1.9329171732414265,1.6472027082983163,1.9575399632468728,1.9643172152235944,1.9064103371732983,1,1,4,4,7,19,10,10,13,13,16,16,19,19,19,2,2,1,2,2,2,4
900.0,9.000000000000001e-13,21.49530449767535,1.92100920575563,1.9301616988376482,1.6513910476467033,1.959761697387164,1.966542926992427,1.9073669978662098,1,1,4,4,7,19,10,10,13,13,16,16,19,19,19,2,2,1,2,2,2,4
901.0,9.010000000000001e-13,21.52696239242081,1.919315227022551,1.9275371403087018,1.6556308508153796,1.9620604772221504,1.9683480242020437,1.908673415507014,1,1,4,4,7,19,10,10,13,13,16,16,19,19,19,2,2,1,2,2,2,4
902.0,9.020000000000001e-13,21.559654609279615,1.9177432890792294,1.9250805318663058,1.6599541415697292,1.9642787790741698,1.9698241290291532,1.9102875574592644,1,1,4,4,7,19,10,10,13,13,16,16,19,19,19,2,2,1,2,2,2,4
903.0,9.030000000000001e-13,21.593501717406973,1.9163151089690351,1.9227863656702455,1.6642986224960523,1.96621198214516,1.9711258350926375,1.9121908959052438,1,1,4,4,7,19,10,10,13,13,16,16,19,19,19,2,2,1,2,2,2,4
904.0,9.040000000000001e-13,21.628240711609532,1.9150655667080032,1.920634586360483,1.6684884541370715,1.9676876717683847,1.9723969852995216,1.9144025882899516,1,1,4,4,7,19,10,10,13,13,16,16,19,19,19,2,2,1,2,2,2,4
905.0,9.050000000000001e-13,21.663349621751614,1.9140401842489057,1.9186268097129433,1.6722645514729295,1.968646757753117,1.9737119408472403,1.916972411853612,1,1,4,4,7,19,10,10,13,13,16,16,19,19,19,2,2,1,2,2,2,4
906.0,9.060000000000001e-13,21.698202215321682,1.9132835361243534,1.9168127246913762,1.6753610568330508,1.969174552273164,1.9750488588862425,1.9199553202292154,1,1,4,4,7,19,10,10,13,13,16,16,19,19,19,2,2,1,2,2,2,4
907.0,9.070000000000001e-13,21.73221138892719,1.912821556996513,1.915290137596385,1.6776045101823425,1.9694568920183495,1.9762971179679583,1.9233793799013166,1,1,4,4,7,19,10,10,13,13,16,16,19,19,19,2,2,1,2,2,2,4
908.0,9.080000000000001e-13,21.764983095511308,1.9126468784158859,1.9141772959707124,1.6789766412999882,1.969694096372339,1.977298324901778,1.9272214676659176,1,1,4,4,7,19,10,10,13,13,16,16,19,19,19,2,2,1,2,2,2,4
909.0,9.090000000000001e-13,21.796479372429076,1.9127165299473576,1.9135731343731806,1.6795908803480806,1.9700239667553399,1.977914033342652,1.9314004647641492,1,1,4,4,7,19,10,10,13,13,16,16,19,19,19,2,2,1,2,2,2,4
910.0,9.100000000000002e-13,21.827081342764924,1.9129635490206665,1.9135243086724183,1.6796033013605154,1.9704792569171679,1.978092522107396,1.9357917271230776,1,1,4,4,7,19,10,10,13,13,16,16,19,19,19,2,2,1,2,2,2,4
911.0,9.11e-13,21.857414877990035,1.9133165876602294,1.9140108512692833,1.6791225124615135,1.9709830564318602,1.9778923290417554,1.9402599277072488,1,1,4,4,7,19,10,10,13,13,16,16,19,19,19,2,2,1,2,2,2,4
912.0,9.120000000000002e-13,21.888017064596944,1.913718960891355,1.9149549064182818,1.6781598527900679,1.971383385475908,1.9774457218909411,1.9446968310008093,1,1,4,4,7,19,10,10,13,13,16,16,19,19,19,2,2,1,2,2,2,4
913.0,9.13e-13,21.919090637938314,1.9141401996000447,1.9162493436905559,1.6766290113695166,1.9715260056259527,1.976891361752797,1.9490466172731222,1,1,4,4,7,19,10,10,13,13,16,16,19,19,19,2,2,1,2,2,2,4
914.0,9.140000000000001e-13,21.950477176535987,1.9145776026540802,1.9177963336303343,1.6743941208453283,1.9713415529702214,1.976316566068132,1.9533080273912122,1,1,4,4,7,19,10,10,13,13,16,16,19,19,19,2,2,1,2,2,2,4
915.0,9.15e-13,21.98178126938152,1.9150477464527305,1.9195390472416478,1.671357820127082,1.9708932599916325,1.9757278654813892,1.95751422968081,1,1,4,4,7,19,10,10,13,13,16,16,19,19,19,2,2,1,2,2,2,4
916.0,9.160000000000001e-13,22.012523400898278,1.9155709952154196,1.921469863315692,1.6675495477624958,1.9703461946842387,1.9750518696526713,1.9617007586581594,1,1,4,4,7,19,10,10,13,13,16,16,19,19,19,2,2,1,2,2,2,4
917.0,9.17e-13,22.04227834172725,1.916156639552186,1.9236107466251575,1.6631509263214874,1.9698812483861516,1.974165966199959,1.9658762990632108,1,1,4,4,7,19,10,10,13,13,16,16,19,19,19,2,2,1,2,2,2,4
918.0,9.180000000000001e-13,22.070824410145537,1.9167970493395017,1.9259779563529131,1.6584363114981608,1.9696112544252553,1.9729560704018017,1.9700073509760623,1,1,4,4,7,19,10,10,13,13,16,16,19,19,19,2,2,1,2,2,2,4
919.0,9.19e-13,22.098300519100523,1.9174735243689884,1.928549657303209,1.6536759610715417,1.9695336268162493,1.9713816392954717,1.974022413626043,1,1,4,4,7,19,10,10,13,13,16,16,19,19,19,2,2,1,2,2,2,4
920.0,9.200000000000001e-13,22.125256357225222,1.9181699181025365,1.9312503392698597,1.64905880155158,1.9695241841626951,1.9695092450887268,1.977835953250544,1,1,4,4,7,19,10,10,13,13,16,16,19,19,19,2,2,1,2,2,2,4
921.0,9.21e-13,22.15246815588456,1.9188866780058615,1.9339581989472292,1.6446583928171612,1.969371541960101,1.967488497196815,1.9813843836152412,1,1,4,4,7,19,10,10,13,13,16,16,19,19,19,2,2,1,2,2,2,4
922.0,9.220000000000001e-13,22.18061311132958,1.919649002569344,1.9365322699195022,1.6404491927665446,1.9688505497387414,1.965488979830982,1.9846549936362834,1,1,4,4,7,19,10,10,13,13,16,16,19,19,19,2,2,1,2,2,2,4
923.0,9.23e-13,22.210034635267377,1.9205063821713835,1.9388497186055018,1.6363735133419934,1.9678145100768545,1.9636385795914508,1.9876913823015483,1,1,4,4,7,19,10,10,13,13,16,16,19,19,19,2,2,1,2,2,2,4
924.0,9.240000000000001e-13,22.240699807427777,1.9215227147564136,1.9408388032466746,1.6324372549647022,1.9662566711572131,1.9619863704455045,1.990572364453795,1,1,4,4,7,19,10,10,13,13,16,16,19,19,19,2,2,1,2,2,2,4
925.0,9.25e-13,22.272296506505253,1.9227576353168967,1.9424914277527703,1.6287763215685256,1.9642972452339031,1.9604937788164956,1.9933745050677207,1,1,4,4,7,19,10,10,13,13,16,16,19,19,19,2,2,1,2,2,2,4
926.0,9.26e-13,22.304372496832503,1.9242458747787081,1.9438481227849103,1.6256378843806647,1.9621080765144534,1.959055273015542,1.9961353082588957,1,1,4,4,7,19,10,10,13,13,16,16,19,19,19,2,2,1,2,2,2,4
927.0,9.27e-13,22.336463467499055,1.9259843796630316,1.944963935762345,1.62328966662176,1.9598292552217988,1.9575492675121893,1.9988320223487588,1,1,4,4,7,19,10,10,13,13,16,16,19,19,19,2,2,1,2,2,2,4
928.0,9.28e-13,22.36822263001413,1.9279334936872004,1.9458737472671401,1.6219219953713482,1.9575167326144394,1.955905724527811,2.0013836238542404,1,1,4,4,7,19,10,10,13,13,16,16,19,19,19,2,2,1,2,2,2,4
929.0,9.29e-13,22.39957173219252,1.9300305519884948,1.9465716576858718,1.6215886234542323,1.9551280046712285,1.9541538015853606,2.0036760374123466,1,1,4,4,7,19,10,10,13,13,16,16,19,19,19,2,2,1,2,2,2,4
930.0,9.3e-13,22.430799490983944,1.9322092195842069,1.947011123946936,1.6221984051695155,1.9525437580814449,1.952414762568312,2.0056026895807126,1,1,4,4,7,19,10,10,13,13,16,16,19,19,19,2,2,1,2,2,2,4
931.0,9.310000000000002e-13,22.462453722280515,1.9344166831305527,1.9471252854394354,1.623560596106626,1.9496260248527513,1.9508455477096924,2.0071020699808453,1,1,4,4,7,19,10,10,13,13,16,16,19,19,19,2,2,1,2,2,2,4
932.0,9.32e-13,22.495041186755223,1.9366219670581555,1.946860926878417,1.6254760247721929,1.9463022635722709,1.9495722040780243,2.0081717284361287,1,1,4,4,7,19,10,10,13,13,16,16,19,19,19,2,2,1,2,2,2,4
933.0,9.330000000000002e-13,22.528761674035056,1.9388116863386302,1.9462117628535147,1.6278331142345157,1.9426333828537454,1.9486444847170008,2.008851800984928,1,1,4,4,7,19,10,10,13,13,16,16,19,19,19,2,2,1,2,2,2,4
934.0,9.34e-13,22.56343904400848,1.9409751952741046,1.9452336841383189,1.6306426495714113,1.9388135245081746,1.9480198330385088,2.0091894996554527,1,1,4,4,7,19,10,10,13,13,16,16,19,19,19,2,2,1,2,2,2,4
935.0,9.350000000000002e-13,22.59862208957911,1.943086701116643,1.9440315518234956,1.633985061630948,1.9350977071472109,1.947577945043169,2.009203649774573,1,1,4,4,7,19,10,10,13,13,16,16,19,19,19,2,2,1,2,2,2,4
936.0,9.36e-13,22.633731819074825,1.9450945842111387,1.9427246323260543,1.6379156628452234,1.9317081624476538,1.9471679103136794,2.0088650148529053,1,1,4,4,7,19,10,10,13,13,16,16,19,19,19,2,2,1,2,2,2,4
937.0,9.370000000000001e-13,22.668189934783832,1.9469247198242916,1.9414093211892753,1.6423897418167288,1.9287671999075968,1.9466783784479122,2.0081002972142987,1,1,4,4,7,19,10,10,13,13,16,16,19,19,19,2,2,1,2,2,2,4
938.0,9.38e-13,22.701558805498514,1.9484969041813078,1.940134974727603,1.6472353931255264,1.9262709981494663,1.946096918191356,2.0068192835979,1,1,4,4,7,19,10,10,13,13,16,16,19,19,19,2,2,1,2,2,2,4
939.0,9.390000000000001e-13,22.733718618965447,1.94974686408524,1.938900107291877,1.6521772730621502,1.9241034985024696,1.9455179916559766,2.004955798436369,1,1,4,4,7,19,10,10,13,13,16,16,19,19,19,2,2,1,2,2,2,4
940.0,9.4e-13,22.764977590075134,1.950644095022273,1.9376690167826178,1.6569090982419932,1.9220914707032002,1.945094043884564,2.002503523096026,1,1,4,4,7,19,10,10,13,13,16,16,19,19,19,2,2,1,2,2,2,4
941.0,9.410000000000001e-13,22.795940156105523,1.9511995008466652,1.936404004348136,1.661194154002491,1.920092553628212,1.9449648559060588,1.9995275815988038,1,1,4,4,7,19,10,10,13,13,16,16,19,19,19,2,2,1,2,2,2,4
942.0,9.42e-13,22.827183403812366,1.9514608104419735,1.9351004602976838,1.664938686299456,1.9180763394413514,1.9452019128822182,1.9961455020033212,1,1,4,4,7,19,10,10,13,13,16,16,19,19,19,2,2,1,2,2,2,4
943.0,9.430000000000001e-13,22.859002111182456,1.951496588289701,1.9338069889431062,1.6681838653458185,1.9161423506489812,1.9457823470158653,1.9924884268553886,1,1,4,4,7,19,10,10,13,13,16,16,19,19,19,2,2,1,2,2,2,4
944.0,9.44e-13,22.89135719696975,1.9513735813826811,1.9326183163328459,1.6710256836894148,1.914461143560872,1.9465949560224862,1.9886605968112006,1,1,4,4,7,19,10,10,13,13,16,16,19,19,19,2,2,1,2,2,2,4
945.0,9.450000000000001e-13,22.92396206869871,1.9511369699013998,1.9316449122466584,1.673523163340732,1.9131850777645831,1.9474805364847518,1.9847131568228977,1,1,4,4,7,19,10,10,13,13,16,16,19,19,19,2,2,1,2,2,2,4
946.0,9.46e-13,22.956399853286772,1.9508028760688714,1.9309760916253824,1.6756417588445955,1.9123806749214667,1.9483009778252287,1.980641515085554,1,1,4,4,7,19,10,10,13,13,16,16,19,19,19,2,2,1,2,2,2,4
947.0,9.470000000000001e-13,22.98823737667751,1.9503657415551414,1.9306530304742107,1.6772456632125357,1.9120011305725055,1.9490075056914407,1.9764073314562294,1,1,4,4,7,19,10,10,13,13,16,16,19,19,19,2,2,1,2,2,2,4
948.0,9.48e-13,23.01915959239339,1.9498154929125313,1.9306606872304382,1.6781398302741333,1.9118976285398857,1.9496633251389353,1.9719768575057302,1,1,4,4,7,19,10,10,13,13,16,16,19,19,19,2,2,1,2,2,2,4
949.0,9.49e-13,23.049125415783138,1.9491550915247495,1.9309406767060608,1.6781544777049067,1.9118688636710173,1.9504028164494536,1.9673584249122127,1,1,4,4,7,19,10,10,13,13,16,16,19,19,19,2,2,1,2,2,2,4
950.0,9.5e-13,23.078456549160975,1.9484108590813536,1.9314210856980316,1.6772372719202235,1.911742700867245,1.951357928635672,1.9626182974833186,1,1,4,4,7,19,10,10,13,13,16,16,19,19,19,2,2,1,2,2,2,4
951.0,9.51e-13,23.107733025878378,1.947631013767291,1.932051922902692,1.6754921254236108,1.911459062323947,1.9525943334229432,1.957864580009929,1,1,4,4,7,19,10,10,13,13,16,16,19,19,19,2,2,1,2,2,2,4
952.0,9.52e-13,23.13752628010598,1.9468709138599758,1.9328288107832259,1.673132403253051,1.9111013042448417,1.9540784102210815,1.9532080838806551,1,1,4,4,7,19,10,10,13,13,16,16,19,19,19,2,2,1,2,2,2,4
953.0,9.53e-13,23.16816169162974,1.9461696325826363,1.9337908344192825,1.6703860083379911,1.910851548943439,1.9556785102882468,1.9487214478342163,1,1,4,4,7,19,10,10,13,13,16,16,19,19,19,2,2,1,2,2,2,4
954.0,9.54e-13,23.199633746334552,1.9455293574568506,1.934993255511494,1.6674134708954205,1.9109040996043838,1.9572012292392837,1.9444148955017349,1,1,4,4,7,19,10,10,13,13,16,16,19,19,19,2,2,1,2,2,2,4
955.0,9.55e-13,23.23165323346047,1.9449090957233548,1.936470337943407,1.6642698856114988,1.9113888417857336,1.958459550770515,1.940236648462405,1,1,4,4,7,19,10,10,13,13,16,16,19,19,19,2,2,1,2,2,2,4
956.0,9.560000000000002e-13,23.263753081137423,1.9442368818755322,1.9382062449661335,1.6609159818431174,1.912329571007889,1.9593487255829298,1.936097970880769,1,1,4,4,7,19,10,10,13,13,16,16,19,19,19,2,2,1,2,2,2,4
957.0,9.57e-13,23.29541163041284,1.943434602687054,1.9401251893649043,1.6572774168507636,1.9136403684166565,1.9598837611495068,1.9319154148984177,1,1,4,4,7,19,10,10,13,13,16,16,19,19,19,2,2,1,2,2,2,4
958.0,9.580000000000002e-13,23.32620194852219,1.9424438553357517,1.9421038163020687,1.6533367628708149,1.9151607002539017,1.9601710543838256,1.9276533241246934,1,1,4,4,7,19,10,10,13,13,16,16,19,19,19,2,2,1,2,2,2,4
959.0,9.59e-13,23.35597424247575,1.9412420416757312,1.9440018733109072,1.649207874306533,1.9167270186851832,1.9603375460999801,1.923344431766637,1,1,4,4,7,19,10,10,13,13,16,16,19,19,19,2,2,1,2,2,2,4
960.0,9.600000000000002e-13,23.384984317125156,1.9398440404052408,1.945701059974113,1.6451342657905585,1.9182574378344237,1.9604632201074623,1.9190768419949935,1,1,4,4,7,19,10,10,13,13,16,16,19,19,19,2,2,1,2,2,2,4
961.0,9.61e-13,23.413805428578897,1.938289757237225,1.9471350969306664,1.6414096380422205,1.919798182089285,1.9605424374720237,1.9149559696940013,1,1,4,4,7,19,10,10,13,13,16,16,19,19,19,2,2,1,2,2,2,4
962.0,9.620000000000001e-13,23.443036385830418,1.9366232532204097,1.9482953657989832,1.6382778686697836,1.9214947606638633,1.9604791189771766,1.9110632004431811,1,1,4,4,7,19,10,10,13,13,16,16,19,19,19,2,2,1,2,2,2,4
963.0,9.63e-13,23.473036033694523,1.9348737917092267,1.9492092257094167,1.6358661382620499,1.9235099223720833,1.9601159192109763,1.9074303863145712,1,1,4,4,7,19,10,10,13,13,16,16,19,19,19,2,2,1,2,2,2,4
964.0,9.640000000000001e-13,23.50383472245126,1.9330487270678074,1.9499054420881206,1.6341675912043427,1.9259427597998873,1.9592961164866762,1.9040372812990138,1,1,4,4,7,19,10,10,13,13,16,16,19,19,19,2,2,1,2,2,2,4
965.0,9.65e-13,23.535190667281,1.9311414100383453,1.9503847126934661,1.6330748090841163,1.9287820307690233,1.9579397648225605,1.9008308808388108,1,1,4,4,7,19,10,10,13,13,16,16,19,19,19,2,2,1,2,2,2,4
966.0,9.660000000000001e-13,23.566701151923557,1.9291492984516587,1.950607410403284,1.6324590204480913,1.9318997338750592,1.9560902232875748,1.897761182436389,1,1,4,4,7,19,10,10,13,13,16,16,19,19,19,2,2,1,2,2,2,4
967.0,9.67e-13,23.59792417190329,1.927092885033166,1.9505024283765744,1.6322642335042659,1.9350840290614288,1.9538954830808672,1.8948202474424778,1,1,4,4,7,19,10,10,13,13,16,16,19,19,19,2,2,1,2,2,2,4
968.0,9.680000000000001e-13,23.62852006146088,1.9250267404360086,1.949994382347652,1.632553495926969,1.938108567920677,1.9515388873162365,1.8920641579153048,1,1,4,4,7,19,10,10,13,13,16,16,19,19,19,2,2,1,2,2,2,4
969.0,9.69e-13,23.65841672996471,1.9230391282246646,1.9490406268861007,1.633468685655886,1.94081899004965,1.9491656749403794,1.8896041883811765,1,1,4,4,7,19,10,10,13,13,16,16,19,19,19,2,2,1,2,2,2,4
970.0,9.700000000000001e-13,23.68791399362671,1.9212391007739005,1.947661265952183,1.635137182921515,1.943191438473408,1.946835954894655,1.8875712472475539,1,1,4,4,7,19,10,10,13,13,16,16,19,19,19,2,2,1,2,2,2,4
971.0,9.71e-13,23.71759065803782,1.9197327702389246,1.9459443380583377,1.6375890230431442,1.9453219602117213,1.9445106904855067,1.886071429291927,1,1,4,4,7,19,10,10,13,13,16,16,19,19,19,2,2,1,2,2,2,4
972.0,9.72e-13,23.74804038270376,1.9185973102962421,1.9440219003125567,1.6407199458287602,1.9473566315673076,1.9420726547940155,1.8851523476502396,1,1,4,4,7,19,10,10,13,13,16,16,19,19,19,2,2,1,2,2,2,4
973.0,9.73e-13,23.779633953065577,1.917864529391789,1.942030373638855,1.644306001781789,1.9494119669654155,1.9393828819896524,1.8847910491843642,1,1,4,4,7,19,10,10,13,13,16,16,19,19,19,2,2,1,2,2,2,4
974.0,9.74e-13,23.812423642184374,1.9175211921155415,1.9400752436335003,1.6480661833102597,1.9515227884986979,1.9363581608891953,1.8849058780226102,1,1,4,4,7,19,10,10,13,13,16,16,19,19,19,2,2,1,2,2,2,4
975.0,9.75e-13,23.846168679160563,1.917524574404609,1.938212415912945,1.6517587764287323,1.9536263387624426,1.9330279111905408,1.885389307958127,1,1,4,4,7,19,10,10,13,13,16,16,19,19,19,2,2,1,2,2,2,4
976.0,9.76e-13,23.880423952129167,1.9178254764370037,1.9364506496020244,1.6552639722121048,1.9555828064686562,1.92952870514022,1.8861515619306617,1,1,4,4,7,19,10,10,13,13,16,16,19,19,19,2,2,1,2,2,2,4
977.0,9.77e-13,23.914651477117495,1.9183887373190158,1.9347739904682826,1.6585928701732036,1.9572325035938851,1.9260409077159564,1.8871544348902258,1,1,4,4,7,19,10,10,13,13,16,16,19,19,19,2,2,1,2,2,2,4
978.0,9.78e-13,23.94834971466546,1.9192032254679092,1.9331768555624271,1.6618174087775779,1.958477265131432,1.922713995841318,1.8884155755747087,1,1,4,4,7,19,10,10,13,13,16,16,19,19,19,2,2,1,2,2,2,4
979.0,9.790000000000002e-13,23.9812190963972,1.9202776449494459,1.9316948583110705,1.6649777683805955,1.9593452644701785,1.9196169764231488,1.8899817994587553,1,1,4,4,7,19,10,10,13,13,16,16,19,19,19,2,2,1,2,2,2,4
980.0,9.8e-13,24.01331669167025,1.9216234250190822,1.9304130174989564,1.668020125823858,1.9599917857463665,1.9167222365484478,1.8918886574864966,1,1,4,4,7,19,10,10,13,13,16,16,19,19,19,2,2,1,2,2,2,4
981.0,9.810000000000002e-13,24.045039431505305,1.9232329491422953,1.929445050484272,1.670783675832968,1.9606322786900308,1.9139212673941657,1.8941269379778731,1,1,4,4,7,19,10,10,13,13,16,16,19,19,19,2,2,1,2,2,2,4
982.0,9.82e-13,24.076881301199474,1.9250649343812458,1.9288962091349502,1.673037083255649,1.9614539313189068,1.9110739770350922,1.896628465074573,1,1,4,4,7,19,10,10,13,13,16,16,19,19,19,2,2,1,2,2,2,4
983.0,9.830000000000002e-13,24.10915813401888,1.927044929868541,1.928829457786224,1.6745572762493044,1.9625507856204876,1.9080827639435665,1.8992742518493217,1,1,4,4,7,19,10,10,13,13,16,16,19,19,19,2,2,1,2,2,2,4
984.0,9.84e-13,24.14187807205642,1.9290812796975918,1.9292478167359215,1.6752223644577522,1.9638973792717842,1.9049564876752396,1.9019236932875114,1,1,4,4,7,19,10,10,13,13,16,16,19,19,19,2,2,1,2,2,2,4
985.0,9.850000000000001e-13,24.17476815523105,1.9310906942357733,1.9300978648105873,1.6750610693495818,1.9653617121809892,1.9018199527015693,1.9044583870259277,1,1,4,4,7,19,10,10,13,13,16,16,19,19,19,2,2,1,2,2,2,4
986.0,9.86e-13,24.20738061960291,1.9330228406441483,1.931293523615422,1.674218877087709,1.9667593714182185,1.8988612165198462,1.9068225892268944,1,1,4,4,7,19,10,10,13,13,16,16,19,19,19,2,2,1,2,2,2,4
987.0,9.870000000000001e-13,24.23921027166319,1.9348739040684906,1.9327524528231328,1.6728687754169642,1.9679390440331157,1.896256091176175,1.9090372787868388,1,1,4,4,7,19,10,10,13,13,16,16,19,19,19,2,2,1,2,2,2,4
988.0,9.88e-13,24.26982070615219,1.9366838095391745,1.9344287323042146,1.6711281149244495,1.96885934362131,1.8941104759773293,1.9111801213091795,1,1,4,4,7,19,10,10,13,13,16,16,19,19,19,2,2,1,2,2,2,4
989.0,9.890000000000001e-13,24.299011368627312,1.9385179047369752,1.9363247288451158,1.6690169402833728,1.9696039584796263,1.892434712724008,1.9133441903141242,1,1,4,4,7,19,10,10,13,13,16,16,19,19,19,2,2,1,2,2,2,4
990.0,9.9e-13,24.326969732497417,1.9404397877083468,1.9384759721586395,1.6664644304335297,1.9703239325509194,1.8911498719638602,1.915595820320632,1,1,4,4,7,19,10,10,13,13,16,16,19,19,19,2,2,1,2,2,2,4
991.0,9.910000000000001e-13,24.354236599951793,1.9424869803985956,1.9409187975667976,1.6633627698084499,1.9711521865689159,1.8901269271424788,1.917947425470341,1,1,4,4,7,19,10,10,13,13,16,16,19,19,19,2,2,1,2,2,2,4
992.0,9.92e-13,24.381453279107095,1.9446600172218687,1.943657550435614,1.65965638425567,1.9721393110400354,1.889254580402592,1.9203526392506876,1,1,4,4,7,19,10,10,13,13,16,16,19,19,19,2,2,1,2,2,2,4
993.0,9.930000000000001e-13,24.40910234868745,1.9469287530969275,1.9466448317650134,1.655421870557011,1.9732283325292872,1.8885076933927192,1.9227254688907882,1,1,4,4,7,19,10,10,13,13,16,16,19,19,19,2,2,1,2,2,2,4
994.0,9.94e-13,24.437397989138557,1.9492519519158287,1.9497815831507355,1.6508784845672366,1.9742671433031926,1.8879708844648992,1.9249790268841105,1,1,4,4,7,19,10,10,13,13,16,16,19,19,19,2,2,1,2,2,2,4
995.0,9.950000000000001e-13,24.466305763992516,1.9516006102990928,1.952938142845941,1.6463179562007109,1.9750576068993804,1.8877983895165409,1.927068096291055,1,1,4,4,7,19,10,10,13,13,16,16,19,19,19,2,2,1,2,2,2,4
996.0,9.96e-13,24.495613514816952,1.9539736173459208,1.955989375553203,1.6420064743882825,1.9754348045319825,1.8881400348403965,1.9290115210924992,1,1,4,4,7,19,10,10,13,13,16,16,19,19,19,2,2,1,2,2,2,4
997.0,9.97e-13,24.525011171262854,1.9563982005284688,1.9588488264430879,1.6381138994408546,1.975344794435934,1.8890771704747593,1.930880038614427,1,1,4,4,7,19,10,10,13,13,16,16,19,19,19,2,2,1,2,2,2,4
998.0,9.98e-13,24.554192729850563,1.9589136596501509,1.9614846359519542,1.6346905881072245,1.9748713063860666,1.8905897452954559,1.9327575517962388,1,1,4,4,7,19,10,10,13,13,16,16,19,19,19,2,2,1,2,2,2,4
999.0,9.99e-13,24.583004975404403,1.9615448259896435,1.963908794916212,1.6316937814560866,1.97419093865456,1.8925573629911046,1.9346969130104745,1,1,4,4,7,19,10,10,13,13,16,16,19,19,19,2,2,1,2,2,2,4
1000.0,1e-12,24.61159542801309,1.9642773176596582,1.9661464796486168,1.629059888292363,1.9734913717598357,1.894794157866462,1.9366893091109614,1,1,4,4,7,19,10,10,13,13,16,16,19,19,19,2,2,1,2,2,2,4
1001.0,1.001e-12,24.640415745253495,1.9670475294757506,1.968202182050122,1.626795528727089,1.9729006785033476,1.8971146384501172,1.9386574580819531,1,1,4,4,7,19,10,10,13,13,16,16,19,19,19,2,2,1,2,2,2,4
1002.0,1.0020000000000002e-12,24.67002296453553,1.9697535748331139,1.9700386536468528,1.6250268500089415,1.9724499958987993,1.8994086315693681,1.9404760202427367,1,1,4,4,7,19,10,10,13,13,16,16,19,19,19,2,2,1,2,2,2,4
1003.0,1.003e-12,24.70083204973402,1.972282614091889,1.9715761775799163,1.6239644642930766,1.9720717434102641,1.9016811532715592,1.9420148086865634,1,1,4,4,7,19,10,10,13,13,16,16,19,19,19,2,2,1,2,2,2,4
1004.0,1.0040000000000002e-12,24.7329761521896,1.9745417851815932,1.9727121468303361,1.6238111802482535,1.9716340252806848,1.9040280823270153,1.9431882292968425,1,1,4,4,7,19,10,10,13,13,16,16,19,19,19,2,2,1,2,2,2,4
1005.0,1.005e-12,24.766291892605498,1.9764793289562452,1.9733548816628828,1.6246746285917137,1.9710095588309193,1.9065679163511464,1.9439860847072956,1,1,4,4,7,19,10,10,13,13,16,16,19,19,19,2,2,1,2,2,2,4
1006.0,1.0060000000000002e-12,24.800378988966646,1.9780883169918888,1.973458116135484,1.626522772082087,1.970155436767108,1.9093740927297018,1.9444687702098733,1,1,4,4,7,19,10,10,13,13,16,16,19,19,19,2,2,1,2,2,2,4
1007.0,1.007e-12,24.83469694243383,1.9793937002297646,1.9730393280835297,1.6291905547802292,1.969153121888728,1.9124356735065648,1.944732196832678,1,1,4,4,7,19,10,10,13,13,16,16,19,19,19,2,2,1,2,2,2,4
1008.0,1.0080000000000001e-12,24.86869754012807,1.9804287987312021,1.972170902425042,1.6324372761662351,1.9681755355889856,1.9156509185488737,1.9448637235577797,1,1,4,4,7,19,10,10,13,13,16,16,19,19,19,2,2,1,2,2,2,4
1009.0,1.009e-12,24.90200447569778,1.981212242591632,1.9709498352003272,1.6360393922865557,1.9674059278004248,1.9188532829511562,1.9449089262869261,1,1,4,4,7,19,10,10,13,13,16,16,19,19,19,2,2,1,2,2,2,4
1010.0,1.0100000000000001e-12,24.934585132302622,1.981736540081647,1.9694624882894616,1.6398733423161436,1.9669605535729175,1.9218686694804141,1.9448598471775222,1,1,4,4,7,19,10,10,13,13,16,16,19,19,19,2,2,1,2,2,2,4
1011.0,1.011e-12,24.966758337855506,1.9819740057798854,1.9677598279910922,1.6439311872227125,1.966844907663841,1.92458941188844,1.9446680665382685,1,1,4,4,7,19,10,10,13,13,16,16,19,19,19,2,2,1,2,2,2,4
1012.0,1.0120000000000001e-12,24.998981586944616,1.9818970959930515,1.9658511129617768,1.6482598728587803,1.9669485909960907,1.9270245565572786,1.9442800143916155,1,1,4,4,7,19,10,10,13,13,16,16,19,19,19,2,2,1,2,2,2,4
1013.0,1.013e-12,25.03159706725991,1.9815023268660332,1.9637175164225216,1.6528742383163615,1.9670785114988305,1.929288399972105,1.9436814743747595,1,1,4,4,7,19,10,10,13,13,16,16,19,19,19,2,2,1,2,2,2,4
1014.0,1.0140000000000001e-12,25.064703573264232,1.9808257161164393,1.9613410536963243,1.657695408637705,1.9670282599749107,1.9315356988336485,1.9429278482269563,1,1,4,4,7,19,10,10,13,13,16,16,19,19,19,2,2,1,2,2,2,4
1015.0,1.015e-12,25.098156890695716,1.979942674614243,1.9587366325460536,1.6625344623527258,1.966663493830009,1.933887564131941,1.9421404574579422,1,1,4,4,7,19,10,10,13,13,16,16,19,19,19,2,2,1,2,2,2,4
1016.0,1.0160000000000001e-12,25.131636479755354,1.9789520708127648,1.9559706341734082,1.6671237266712897,1.9659762340044107,1.9363817281407754,1.9414703770756156,1,1,4,4,7,19,10,10,13,13,16,16,19,19,19,2,2,1,2,2,2,4
1017.0,1.017e-12,25.16473611161906,1.9779497241142985,1.9531542775043507,1.6711917833482188,1.965068820380908,1.9389569070104404,1.9410496486072777,1,1,4,4,7,19,10,10,13,13,16,16,19,19,19,2,2,1,2,2,2,4
1018.0,1.0180000000000001e-12,25.197073218139664,1.9770012995868933,1.9504154139259764,1.6745549365089103,1.9640825002842572,1.9414710622304627,1.9409517901954843,1,1,4,4,7,19,10,10,13,13,16,16,19,19,19,2,2,1,2,2,2,4
1019.0,1.019e-12,25.228432252970396,1.9761257209758507,1.9478638604687752,1.6771704079512193,1.9631214265361256,1.9437528047497044,1.9411742111584458,1,1,4,4,7,19,10,10,13,13,16,16,19,19,19,2,2,1,2,2,2,4
1020.0,1.02e-12,25.25890599432873,1.9752965989494,1.945564915323185,1.6791119316852627,1.9622054905064197,1.9456754616422431,1.941646760436142,1,1,4,4,7,19,10,10,13,13,16,16,19,19,19,2,2,1,2,2,2,4
1021.0,1.021e-12,25.28890569122013,1.9744609089371028,1.9435294047262421,1.6804890552111051,1.9612588498853891,1.947217697778671,1.9422660829498724,1,1,4,4,7,19,10,10,13,13,16,16,19,19,19,2,2,1,2,2,2,4
1022.0,1.022e-12,25.318983666034107,1.973566806761654,1.9417237415584627,1.6813661830403177,1.960133659261391,1.9484674646689093,1.9429456429044327,1,1,4,4,7,19,10,10,13,13,16,16,19,19,19,2,2,1,2,2,2,4
1023.0,1.023e-12,25.349605526440715,1.9725869861716445,1.9400968761952144,1.6817184046937548,1.9586692690213523,1.949566231888215,1.9436570154499273,1,1,4,4,7,19,10,10,13,13,16,16,19,19,19,2,2,1,2,2,2,4
1024.0,1.024e-12,25.38100784769861,1.97152698374113,1.938613897881688,1.6814323600410668,1.956773433565723,1.9506345990358294,1.9444375380324332,1,1,4,4,7,19,10,10,13,13,16,16,19,19,19,2,2,1,2,2,2,4
1025.0,1.0250000000000002e-12,25.413160406756948,1.9704158909308165,1.9372790925979166,1.680353187110221,1.9544837200023029,1.951717950297415,1.9453608690301762,1,1,4,4,7,19,10,10,13,13,16,16,19,19,19,2,2,1,2,2,2,4
1026.0,1.026e-12,25.44580156862281,1.9692846157161885,1.9361355059484706,1.678367791296562,1.9519625851764275,1.9527658957502982,1.9464906232004542,1,1,4,4,7,19,10,10,13,13,16,16,19,19,19,2,2,1,2,2,2,4
1027.0,1.0270000000000002e-12,25.47851435471662,1.9681417245819184,1.9352414406396266,1.675485336541687,1.9494274570414842,1.953645951699806,1.9478416318427703,1,1,4,4,7,19,10,10,13,13,16,16,19,19,19,2,2,1,2,2,2,4
1028.0,1.028e-12,25.510833130322514,1.9669588011331443,1.9346376719904161,1.6718583222938774,1.9470643292290641,1.9541905769719916,1.949362352828366,1,1,4,4,7,19,10,10,13,13,16,16,19,19,19,2,2,1,2,2,2,4
1029.0,1.0290000000000002e-12,25.542402152824106,1.9656731099490985,1.934321160007345,1.6677271024744567,1.9449672009994448,1.9542693901892374,1.9509423869860445,1,1,4,4,7,19,10,10,13,13,16,16,19,19,19,2,2,1,2,2,2,4
1030.0,1.03e-12,25.57316141618284,1.9642082558772367,1.934235262573287,1.6633304584434578,1.9431151079803202,1.9538557492180835,1.9524449327691316,1,1,4,4,7,19,10,10,13,13,16,16,19,19,19,2,2,1,2,2,2,4
1031.0,1.0310000000000002e-12,25.60341086729824,1.9625044220167014,1.9342798837573538,1.6588333945649343,1.9413868892235415,1.9530435453137698,1.953757063555132,1,1,4,4,7,19,10,10,13,13,16,16,19,19,19,2,2,1,2,2,2,4
1032.0,1.032e-12,25.633644803075647,1.9605439068286576,1.9343388359949154,1.6542965979317046,1.9396154518979607,1.9520009930217395,1.9548357805196581,1,1,4,4,7,19,10,10,13,13,16,16,19,19,19,2,2,1,2,2,2,4
1033.0,1.0330000000000001e-12,25.66429315712581,1.9583604224694304,1.9343142074025175,1.649694608016139,1.937671438188592,1.9508960924265728,1.9557218840366497,1,1,4,4,7,19,10,10,13,13,16,16,19,19,19,2,2,1,2,2,2,4
1034.0,1.034e-12,25.69555501741308,1.9560296744574721,1.9341519500996016,1.6449818604653301,1.935535938476897,1.9498360534755297,1.9565134049189652,1,1,4,4,7,19,10,10,13,13,16,16,19,19,19,2,2,1,2,2,2,4
1035.0,1.0350000000000001e-12,25.727365038575453,1.9536463090063836,1.9338463549875582,1.6401831197897099,1.9333107552170983,1.948838123564741,1.9573168265515892,1,1,4,4,7,19,10,10,13,13,16,16,19,19,19,2,2,1,2,2,2,4
1036.0,1.036e-12,25.759449133545814,1.9512950697169211,1.93342153668842,1.63545332096058,1.9311578876762787,1.9478329360447932,1.9582017460457317,1,1,4,4,7,19,10,10,13,13,16,16,19,19,19,2,2,1,2,2,2,4
1037.0,1.0370000000000001e-12,25.791414220636206,1.949027326348141,1.9329010518451153,1.6310574986988193,1.9292141616114906,1.946701725152267,1.9591745936684548,1,1,4,4,7,19,10,10,13,13,16,16,19,19,19,2,2,1,2,2,2,4
1038.0,1.038e-12,25.82285214813236,1.946853518489282,1.9322816940115637,1.6272848134854903,1.927529333403824,1.9453430007978092,1.960176958117995,1,1,4,4,7,19,10,10,13,13,16,16,19,19,19,2,2,1,2,2,2,4
1039.0,1.0390000000000001e-12,25.85348103069083,1.9447552740119651,1.9315227096495773,1.6243559622830395,1.9260438226185075,1.9437424463768878,1.9611091604679736,1,1,4,4,7,19,10,10,13,13,16,16,19,19,19,2,2,1,2,2,2,4
1040.0,1.04e-12,25.883310990909195,1.9427111638578425,1.930554210916478,1.6223655693189998,1.924604122337561,1.942001004616762,1.9618749952285068,1,1,4,4,7,19,10,10,13,13,16,16,19,19,19,2,2,1,2,2,2,4
1041.0,1.0410000000000001e-12,25.912699347981388,1.9407225024191528,1.9293017980028653,1.6212725436327473,1.9230144271299943,1.9402979714339097,1.9624303657383597,1,1,4,4,7,19,10,10,13,13,16,16,19,19,19,2,2,1,2,2,2,4
1042.0,1.042e-12,25.942196945250927,1.9388256152833567,1.9277181273880672,1.6209426025579103,1.921116958958933,1.938816369206114,1.9628069501191518,1,1,4,4,7,19,10,10,13,13,16,16,19,19,19,2,2,1,2,2,2,4
1043.0,1.043e-12,25.972312590733928,1.9370853008666864,1.9258078093969533,1.6212343662282656,1.9188681381924224,1.9376764552703065,1.9630944178800511,1,1,4,4,7,19,10,10,13,13,16,16,19,19,19,2,2,1,2,2,2,4
1044.0,1.044e-12,26.00335759515011,1.9355727310697664,1.9236327562611035,1.622088616275014,1.91636233623517,1.936900377455734,1.9633936930483569,1,1,4,4,7,19,10,10,13,13,16,16,19,19,19,2,2,1,2,2,2,4
1045.0,1.045e-12,26.035399285089007,1.9343363936531681,1.9212945987803316,1.623557819170331,1.9137852924349739,1.9364106694002632,1.9637681906817563,1,1,4,4,7,19,10,10,13,13,16,16,19,19,19,2,2,1,2,2,2,4
1046.0,1.046e-12,26.068283887937415,1.9333775912833369,1.9189026789999246,1.6257520973148714,1.9113315003434208,1.936063096377787,1.9642127480937113,1,1,4,4,7,19,10,10,13,13,16,16,19,19,19,2,2,1,2,2,2,4
1047.0,1.047e-12,26.101688206639047,1.9326423270864395,1.9165435329389178,1.628746222288082,1.9091337579297631,1.9357113293168395,1.964648303748213,1,1,4,4,7,19,10,10,13,13,16,16,19,19,19,2,2,1,2,2,2,4
1048.0,1.0480000000000002e-12,26.135195433730534,1.932034871423625,1.914264851351156,1.6325068526244098,1.9072277394910127,1.9352812691372967,1.9649437263640785,1,1,4,4,7,19,10,10,13,13,16,16,19,19,19,2,2,1,2,2,2,4
1049.0,1.049e-12,26.1684294065217,1.9314485773648702,1.9120784250056502,1.6368672053426925,1.9055534658870044,1.9348114008805912,1.9649613084707305,1,1,4,4,7,19,10,10,13,13,16,16,19,19,19,2,2,1,2,2,2,4
1050.0,1.0500000000000002e-12,26.201241935863834,1.9308005349626247,1.9099796482694953,1.6415535403292911,1.9039933578127293,1.9344299828931037,1.9646105786985284,1,1,4,4,7,19,10,10,13,13,16,16,19,19,19,2,2,1,2,2,2,4
1051.0,1.051e-12,26.233815299084167,1.930053463933446,1.9079758627985592,1.6462597440620599,1.9024435142242524,1.9342874910674532,1.9638824585776755,1,1,4,4,7,19,10,10,13,13,16,16,19,19,19,2,2,1,2,2,2,4
1052.0,1.0520000000000002e-12,26.266550135927346,1.9292157097414677,1.9061103997327153,1.6507467834109992,1.9008914011025317,1.9344887138314089,1.9628426226557163,1,1,4,4,7,19,10,10,13,13,16,16,19,19,19,2,2,1,2,2,2,4
1053.0,1.053e-12,26.299832022540844,1.9283227097663362,1.904469283883279,1.6549112200392129,1.8994494720620079,1.935052395415557,1.9615909832548553,1,1,4,4,7,19,10,10,13,13,16,16,19,19,19,2,2,1,2,2,2,4
1054.0,1.0540000000000002e-12,26.333852188588093,1.9274104158054448,1.9031660440803777,1.658773024363228,1.898316378888057,1.935903614726876,1.9602135277631476,1,1,4,4,7,19,10,10,13,13,16,16,19,19,19,2,2,1,2,2,2,4
1055.0,1.055e-12,26.368540440191794,1.926492150834587,1.9023121989262017,1.6623958013739535,1.8976934028838464,1.9368988573008985,1.958747881853967,1,1,4,4,7,19,10,10,13,13,16,16,19,19,19,2,2,1,2,2,2,4
1056.0,1.0560000000000001e-12,26.403583439353476,1.9255483165981646,1.901987338203752,1.665799481528195,1.8977069194813336,1.9378829171911462,1.9571714667965403,1,1,4,4,7,19,10,10,13,13,16,16,19,19,19,2,2,1,2,2,2,4
1057.0,1.057e-12,26.438492249843904,1.92453437637764,1.9022214043146735,1.6689095503045213,1.898366291065082,1.9387619439457908,1.9554150576702458,1,1,4,4,7,19,10,10,13,13,16,16,19,19,19,2,2,1,2,2,2,4
1058.0,1.0580000000000001e-12,26.47270630191157,1.9234053437524652,1.9029955262040221,1.6715543441302119,1.8995621266591107,1.9395531703998987,1.9534005356761706,1,1,4,4,7,19,10,10,13,13,16,16,19,19,19,2,2,1,2,2,2,4
1059.0,1.059e-12,26.505750330193813,1.9221458014102253,1.9042603219691017,1.6735106803675108,1.9011035791625737,1.9403750189264921,1.9510911335210994,1,1,4,4,7,19,10,10,13,13,16,16,19,19,19,2,2,1,2,2,2,4
1060.0,1.0600000000000001e-12,26.537425121961974,1.9207895562053554,1.9059649162662708,1.6745887018452443,1.9027908092614458,1.9413849848615667,1.9485284262217253,1,1,4,4,7,19,10,10,13,13,16,16,19,19,19,2,2,1,2,2,2,4
1061.0,1.061e-12,26.56789841430434,1.9194182334552878,1.9080838927988113,1.6747197425775469,1.904499081428855,1.9427070390985386,1.9458314373314223,1,1,4,4,7,19,10,10,13,13,16,16,19,19,19,2,2,1,2,2,2,4
1062.0,1.0620000000000001e-12,26.597584912806127,1.9181397988412907,1.9106285600453394,1.6739877418358873,1.9062266176468157,1.9443820619572505,1.943157523856001,1,1,4,4,7,19,10,10,13,13,16,16,19,19,19,2,2,1,2,2,2,4
1063.0,1.063e-12,26.626922754953963,1.9170566401108866,1.9136364220767488,1.6725781822349315,1.9080724407751528,1.9463512304723047,1.9406487369893939,1,1,4,4,7,19,10,10,13,13,16,16,19,19,19,2,2,1,2,2,2,4
1064.0,1.0640000000000001e-12,26.656213197403567,1.9162354700663171,1.9171441815120118,1.670685508568348,1.9101636041163317,1.9484723661499506,1.9383890254572693,1,1,4,4,7,19,10,10,13,13,16,16,19,19,19,2,2,1,2,2,2,4
1065.0,1.065e-12,26.685563742978076,1.9156894906875161,1.9211576108620865,1.6684372639049045,1.9125810922140118,1.9505693510257853,1.9363843532426919,1,1,4,4,7,19,10,10,13,13,16,16,19,19,19,2,2,1,2,2,2,4
1066.0,1.0660000000000001e-12,26.71489967975211,1.9153802606674302,1.9256324969569147,1.6658617858036417,1.9153163232728758,1.9525049517032864,1.934569503957295,1,1,4,4,7,19,10,10,13,13,16,16,19,19,19,2,2,1,2,2,2,4
1067.0,1.067e-12,26.744009535564178,1.9152405223232587,1.9304744497806616,1.6629040083173514,1.918264649106342,1.9542417803896526,1.9328421843722072,1,1,4,4,7,19,10,10,13,13,16,16,19,19,19,2,2,1,2,2,2,4
1068.0,1.068e-12,26.772614201035427,1.9152087380056628,1.9355568032300168,1.6594878659592538,1.9212538163206048,1.955848593908152,1.931115849247662,1,1,4,4,7,19,10,10,13,13,16,16,19,19,19,2,2,1,2,2,2,4
1069.0,1.069e-12,26.800484461836152,1.9152574972048124,1.940749138067665,1.6556065523342944,1.924104356845832,1.9574473992156316,1.9293666259972646,1,1,4,4,7,19,10,10,13,13,16,16,19,19,19,2,2,1,2,2,2,4
1070.0,1.07e-12,26.827607819345154,1.9154005534259464,1.9459456367731836,1.6513891876087587,1.9267071143812897,1.9591404606810927,1.9276453371615463,1,1,4,4,7,19,10,10,13,13,16,16,19,19,19,2,2,1,2,2,2,4
1071.0,1.0710000000000002e-12,26.854289035158363,1.915676499535317,1.9510812894718461,1.6470904269747468,1.929078036871743,1.9609560196015154,1.9260474106931007,1,1,4,4,7,19,10,10,13,13,16,16,19,19,19,2,2,1,2,2,2,4
1072.0,1.072e-12,26.881063159482505,1.9161198372750046,1.9561280306231745,1.643008680329636,1.931349498303833,1.9628273218222185,1.924661991702287,1,1,4,4,7,19,10,10,13,13,16,16,19,19,19,2,2,1,2,2,2,4
1073.0,1.0730000000000002e-12,26.90849046461433,1.9167332334801581,1.9610725599094865,1.639391707174827,1.9337029380018291,1.9646044840486148,1.9235289097236212,1,1,4,4,7,19,10,10,13,13,16,16,19,19,19,2,2,1,2,2,2,4
1074.0,1.074e-12,26.93698011547307,1.9174726221096867,1.965887791438119,1.636376832688776,1.9362875980936562,1.9660985591880666,1.9226188130000783,1,1,4,4,7,19,10,10,13,13,16,16,19,19,19,2,2,1,2,2,2,4
1075.0,1.0750000000000002e-12,26.966698326942307,1.9182522313106665,1.970512409495678,1.633978853730894,1.939163190300595,1.9671515349136044,1.921839835764803,1,1,4,4,7,19,10,10,13,13,16,16,19,19,19,2,2,1,2,2,2,4
1076.0,1.076e-12,26.997552511915835,1.9189703935045181,1.9748488828585695,1.6321252008325664,1.9422794551176805,1.9677037405558013,1.9210702560551844,1,1,4,4,7,19,10,10,13,13,16,16,19,19,19,2,2,1,2,2,2,4
1077.0,1.0770000000000002e-12,27.029231773180058,1.9195471109120412,1.978780912765515,1.630732644067038,1.9454941211087873,1.9678145114693026,1.9202103247011686,1,1,4,4,7,19,10,10,13,13,16,16,19,19,19,2,2,1,2,2,2,4
1078.0,1.078e-12,27.06129065396631,1.9199549710293133,1.982202185225804,1.6297928350684998,1.9486272662857873,1.967620207551484,1.9192316626265382,1,1,4,4,7,19,10,10,13,13,16,16,19,19,19,2,2,1,2,2,2,4
1079.0,1.0790000000000001e-12,27.093288714895216,1.9202274887241162,1.985044830429385,1.6294078308393893,1.9515393788559794,1.9672621704128477,1.9181953998374748,1,1,4,4,7,19,10,10,13,13,16,16,19,19,19,2,2,1,2,2,2,4
1080.0,1.08e-12,27.124982194461577,1.9204426748511234,1.9872959972320792,1.6297449181298747,1.9541964965352197,1.966825879029356,1.9172272802575954,1,1,4,4,7,19,10,10,13,13,16,16,19,19,19,2,2,1,2,2,2,4
1081.0,1.0810000000000001e-12,27.15645146044175,1.9206923631528112,1.988994791695108,1.6309459699839968,1.956677629871383,1.966310155669658,1.916466108938996,1,1,4,4,7,19,10,10,13,13,16,16,19,19,19,2,2,1,2,2,2,4
1082.0,1.082e-12,27.188024826901664,1.921050924849481,1.9902101171033075,1.6330506954186856,1.9591179107686543,1.965629122082881,1.9160138642244147,1,1,4,4,7,19,10,10,13,13,16,16,19,19,19,2,2,1,2,2,2,4
1083.0,1.0830000000000001e-12,27.220063983234713,1.9215543801139299,1.9910104601219727,1.6359643809619158,1.9616288845638812,1.9646476476877073,1.915906019311296,1,1,4,4,7,19,10,10,13,13,16,16,19,19,19,2,2,1,2,2,2,4
1084.0,1.084e-12,27.252782408924087,1.9221965972924933,1.9914395712552557,1.6394740229437614,1.964238918038635,1.9632462449039265,1.9161075078837935,1,1,4,4,7,19,10,10,13,13,16,16,19,19,19,2,2,1,2,2,2,4
1085.0,1.0850000000000001e-12,27.28616845092973,1.9229447172884488,1.9915077565779993,1.6433111902054587,1.9668703932194194,1.9613905417884674,1.9165351481919972,1,1,4,4,7,19,10,10,13,13,16,16,19,19,19,2,2,1,2,2,2,4
1086.0,1.086e-12,27.319997759383735,1.923768681266936,1.9912019305586384,1.6472457707706512,1.969355029417915,1.9591614409754887,1.9171029653383616,1,1,4,4,7,19,10,10,13,13,16,16,19,19,19,2,2,1,2,2,2,4
1087.0,1.0870000000000001e-12,27.353893487969827,1.9246699889441394,1.9905092794887038,1.651162447530382,1.971485510317071,1.9567212830141292,1.917772624131207,1,1,4,4,7,19,10,10,13,13,16,16,19,19,19,2,2,1,2,2,2,4
1088.0,1.088e-12,27.387403177436205,1.9256929020724443,1.9894442019546879,1.6550637541491504,1.9730922891913272,1.9542423618976286,1.9185793419367596,1,1,4,4,7,19,10,10,13,13,16,16,19,19,19,2,2,1,2,2,2,4
1089.0,1.0890000000000001e-12,27.42010947845752,1.926911867856802,1.9880648365532962,1.6590008880364169,1.9741136470759253,1.9518420670746603,1.919614693750077,1,1,4,4,7,19,10,10,13,13,16,16,19,19,19,2,2,1,2,2,2,4
1090.0,1.09e-12,27.451797879533565,1.9284029781947,1.9864695375024897,1.6629874258510606,1.9746161713618269,1.949547427760949,1.9209781607922483,1,1,4,4,7,19,10,10,13,13,16,16,19,19,19,2,2,1,2,2,2,4
1091.0,1.091e-12,27.48258409853108,1.9302129988805563,1.984773918703293,1.6669437535994034,1.974750968690819,1.9472923956334418,1.9227261928877746,1,1,4,4,7,19,10,10,13,13,16,16,19,19,19,2,2,1,2,2,2,4
1092.0,1.092e-12,27.5128591484209,1.932337512550843,1.9830796187289204,1.670688311498826,1.974677657303582,1.9449477895918938,1.9248407217244332,1,1,4,4,7,19,10,10,13,13,16,16,19,19,19,2,2,1,2,2,2,4
1093.0,1.093e-12,27.543097897186072,1.9347156971651294,1.9814496413572893,1.6739742033047587,1.9744995307324673,1.9423816159210692,1.9272241014922409,1,1,4,4,7,19,10,10,13,13,16,16,19,19,19,2,2,1,2,2,2,4
1094.0,1.0940000000000002e-12,27.57368285928245,1.9372450331882403,1.9798998354599577,1.6765654190220673,1.9742308099361456,1.9395298802536587,1.929720816327177,1,1,4,4,7,19,10,10,13,13,16,16,19,19,19,2,2,1,2,2,2,4
1095.0,1.095e-12,27.604808344473145,1.9398127032762065,1.978408476767927,1.678325361854421,1.973798858523171,1.9364373903587337,1.9321634442772473,1,1,4,4,7,19,10,10,13,13,16,16,19,19,19,2,2,1,2,2,2,4
1096.0,1.0960000000000002e-12,27.636455671933938,1.9423318181471716,1.9769400913472122,1.6792617999853738,1.9730815836122173,1.933238865099505,1.934429219930885,1,1,4,4,7,19,10,10,13,13,16,16,19,19,19,2,2,1,2,2,2,4
1097.0,1.097e-12,27.668412387967663,1.9447639565296981,1.9754738581830857,1.6794921357863544,1.971975446679928,1.9300956855904128,1.9364778195142731,1,1,4,4,7,19,10,10,13,13,16,16,19,19,19,2,2,1,2,2,2,4
1098.0,1.0980000000000002e-12,27.700324104950024,1.947116547713683,1.9740229218586203,1.6791578162542082,1.9704673698485071,1.9271311331057326,1.9383460661814003,1,1,4,4,7,19,10,10,13,13,16,16,19,19,19,2,2,1,2,2,2,4
1099.0,1.099e-12,27.7318065616535,1.9494201708867254,1.9726345617449674,1.6783458240849147,1.9686648032220622,1.9243919214285352,1.940105971343401,1,1,4,4,7,19,10,10,13,13,16,16,19,19,19,2,2,1,2,2,2,4
1100.0,1.1000000000000002e-12,27.762632776046615,1.9516999830908022,1.9713710738660202,1.6770497712392818,1.9667586916128035,1.9218403206657888,1.9418146493029096,1,1,4,4,7,19,10,10,13,13,16,16,19,19,19,2,2,1,2,2,2,4
1101.0,1.101e-12,27.792886114402602,1.953953645348086,1.970281375260415,1.6751774774614863,1.9649445067453768,1.91937588382633,1.9434795878629263,1,1,4,4,7,19,10,10,13,13,16,16,19,19,19,2,2,1,2,2,2,4
1102.0,1.1020000000000002e-12,27.822925164997198,1.9561429913318833,1.96937706586954,1.6726045595720587,1.9633490918251164,1.9168859696589173,1.9450478623718952,1,1,4,4,7,19,10,10,13,13,16,16,19,19,19,2,2,1,2,2,2,4
1103.0,1.103e-12,27.853191600807467,1.9582033224624553,1.9686226170622476,1.669261469203881,1.9619910879314373,1.9143117614953944,1.9464203814170815,1,1,4,4,7,19,10,10,13,13,16,16,19,19,19,2,2,1,2,2,2,4
1104.0,1.1040000000000001e-12,27.88401779016028,1.960068669090165,1.9679433061295202,1.6652096528946208,1.9607799201402136,1.911695490657177,1.9474895299396144,1,1,4,4,7,19,10,10,13,13,16,16,19,19,19,2,2,1,2,2,2,4
1105.0,1.105e-12,27.915520381552003,1.9617034039880368,1.967248251401024,1.6606504868511829,1.9595520323024982,1.9091748714418233,1.9481899126792481,1,1,4,4,7,19,10,10,13,13,16,16,19,19,19,2,2,1,2,2,2,4
1106.0,1.1060000000000001e-12,27.94757998290336,1.9631234609747041,1.9664596545629942,1.6558579196290744,1.9581399612471646,1.9069274307738233,1.9485365815420972,1,1,4,4,7,19,10,10,13,13,16,16,19,19,19,2,2,1,2,2,2,4
1107.0,1.107e-12,27.979878426923825,1.9643943240558435,1.9655347739558262,1.6510853683966205,1.9564503801867617,1.9051020344262846,1.9486242931174946,1,1,4,4,7,19,10,10,13,13,16,16,19,19,19,2,2,1,2,2,2,4
1108.0,1.1080000000000001e-12,28.011971772120923,1.965607502232508,1.9644696943791533,1.646499362757296,1.9545063144467152,1.9037708710100243,1.9485872233942096,1,1,4,4,7,19,10,10,13,13,16,16,19,19,19,2,2,1,2,2,2,4
1109.0,1.109e-12,28.04340997873632,1.9668474635953987,1.9632838586361308,1.6421592588358869,1.9524244804883497,1.902912310585881,1.9485445805735333,1,1,4,4,7,19,10,10,13,13,16,16,19,19,19,2,2,1,2,2,2,4
1110.0,1.1100000000000001e-12,28.07391766943191,1.9681622121212943,1.9619942017247491,1.6380435401895643,1.9503468237403665,1.9024248300639544,1.9485580334363024,1,1,4,4,7,19,10,10,13,13,16,16,19,19,19,2,2,1,2,2,2,4
1111.0,1.111e-12,28.10354149105508,1.9695468927077089,1.960591330384312,1.6341187822719863,1.9483713458343799,1.9021718184291398,1.9486131529495732,1,1,4,4,7,19,10,10,13,13,16,16,19,19,19,2,2,1,2,2,2,4
1112.0,1.1120000000000001e-12,28.132622166956804,1.9709466928958377,1.9590279162979356,1.6304254271519907,1.9465119762085277,1.902047420437235,1.9486281922850484,1,1,4,4,7,19,10,10,13,13,16,16,19,19,19,2,2,1,2,2,2,4
1113.0,1.113e-12,28.161621454726138,1.9722797081159404,1.9572246978706973,1.6271235480191446,1.944693588385715,1.9020328666922892,1.9484890386279774,1,1,4,4,7,19,10,10,13,13,16,16,19,19,19,2,2,1,2,2,2,4
1114.0,1.114e-12,28.190950492496533,1.9734713486150322,1.9550930141200324,1.6244587790956373,1.9427807841557136,1.9022056368737241,1.9481015118763472,1,1,4,4,7,19,10,10,13,13,16,16,19,19,19,2,2,1,2,2,2,4
1115.0,1.115e-12,28.22086957778488,1.9744830706303405,1.9525654829712815,1.622673218091094,1.9406375362623653,1.9026946455782385,1.9474371783730624,1,1,4,4,7,19,10,10,13,13,16,16,19,19,19,2,2,1,2,2,2,4
1116.0,1.116e-12,28.251450014106712,1.9753197699727387,1.9496209809276375,1.6219191935159276,1.9382006873338717,1.9036131578764997,1.9465442631143433,1,1,4,4,7,19,10,10,13,13,16,16,19,19,19,2,2,1,2,2,2,4
1117.0,1.117e-12,28.28257502814439,1.9760134568669638,1.9462912784825581,1.6222134395168384,1.9355279931424232,1.9050059680334739,1.9455166745805414,1,1,4,4,7,19,10,10,13,13,16,16,19,19,19,2,2,1,2,2,2,4
1118.0,1.118e-12,28.313971216369616,1.976594273263402,1.9426470281430042,1.6234414916682929,1.932786015536405,1.9068265902271249,1.9444435988218949,1,1,4,4,7,19,10,10,13,13,16,16,19,19,19,2,2,1,2,2,2,4
1119.0,1.1190000000000002e-12,28.34529892599711,1.9770630717392186,1.9387720923515388,1.6254104719337643,1.9301860569453306,1.908946078481119,1.9433678414933595,1,1,4,4,7,19,10,10,13,13,16,16,19,19,19,2,2,1,2,2,2,4
1120.0,1.12e-12,28.376328755520465,1.9773763912152116,1.9347377063112805,1.6279362318730761,1.9279086500209395,1.9111932311971649,1.9422670586688489,1,1,4,4,7,19,10,10,13,13,16,16,19,19,19,2,2,1,2,2,2,4
1121.0,1.1210000000000002e-12,28.407105760188507,1.9774503941963923,1.930586222717558,1.6309219975387306,1.9260498827775219,1.913420241153774,1.941060451314758,1,1,4,4,7,19,10,10,13,13,16,16,19,19,19,2,2,1,2,2,2,4
1122.0,1.122e-12,28.437946575314673,1.977184798917129,1.926330834556944,1.634372901710835,1.924601874458833,1.91556718031067,1.9396402457458306,1,1,4,4,7,19,10,10,13,13,16,16,19,19,19,2,2,1,2,2,2,4
1123.0,1.1230000000000002e-12,28.469282221297572,1.9764991827375444,1.9219719477588442,1.6383373257386074,1.9234694474987315,1.9176848236669242,1.9379214492094812,1,1,4,4,7,19,10,10,13,13,16,16,19,19,19,2,2,1,2,2,2,4
1124.0,1.124e-12,28.50147910995742,1.9753651365935176,1.9175235798706163,1.6428234799318167,1.9225219927825221,1.919898785280192,1.935890039094943,1,1,4,4,7,19,10,10,13,13,16,16,19,19,19,2,2,1,2,2,2,4
1125.0,1.1250000000000002e-12,28.53471431423266,1.9738174312740764,1.9130366362414668,1.647741088030778,1.9216671100568172,1.9223409174866324,1.933621441064748,1,1,4,4,7,19,10,10,13,13,16,16,19,19,19,2,2,1,2,2,2,4
1126.0,1.126e-12,28.568918696157805,1.9719393145691781,1.9086053255488507,1.6528882468490702,1.9209087435159313,1.9250879457939645,1.9312560770771396,1,1,4,4,7,19,10,10,13,13,16,16,19,19,19,2,2,1,2,2,2,4
1127.0,1.1270000000000001e-12,28.603785832518778,1.9698314268159347,1.9043525491290496,1.657985622185239,1.9203489627943175,1.9281293099202699,1.9289480809827875,1,1,4,4,7,19,10,10,13,13,16,16,19,19,19,2,2,1,2,2,2,4
1128.0,1.128e-12,28.638834333834474,1.9675797251123541,1.9004034020039922,1.662750075325193,1.920132260026599,1.9313676264955488,1.9268165958373773,1,1,4,4,7,19,10,10,13,13,16,16,19,19,19,2,2,1,2,2,2,4
1129.0,1.1290000000000001e-12,28.67352311346804,1.965234269506839,1.8968600485783162,1.6669801344919624,1.9203721010671133,1.9346505174068538,1.9249179973418127,1,1,4,4,7,19,10,10,13,13,16,16,19,19,19,2,2,1,2,2,2,4
1130.0,1.13e-12,28.707430951758724,1.962804329920681,1.8937853108872336,1.670605565690467,1.9210972466175984,1.9378313902711255,1.9232422810284775,1,1,4,4,7,19,10,10,13,13,16,16,19,19,19,2,2,1,2,2,2,4
1131.0,1.1310000000000001e-12,28.7404242711548,1.9602715060302305,1.8911994277736137,1.673664966237003,1.9222325047830748,1.9408385872387255,1.9217338922588951,1,1,4,4,7,19,10,10,13,13,16,16,19,19,19,2,2,1,2,2,2,4
1132.0,1.132e-12,28.772667198791066,1.9576177472379437,1.889092733575185,1.67623009781097,1.9236149930224526,1.943710495573703,1.920334752473187,1,1,4,4,7,19,10,10,13,13,16,16,19,19,19,2,2,1,2,2,2,4
1133.0,1.1330000000000001e-12,28.804472437769686,1.9548555940079138,1.887449982812305,1.678330086277853,1.9250432593028008,1.9465692478763557,1.9190336232257812,1,1,4,4,7,19,10,10,13,13,16,16,19,19,19,2,2,1,2,2,2,4
1134.0,1.134e-12,28.83612609416848,1.9520432024990693,1.8862746279141291,1.6799104675267422,1.9263482742251028,1.949551950769331,1.9178928541523739,1,1,4,4,7,19,10,10,13,13,16,16,19,19,19,2,2,1,2,2,2,4
1135.0,1.1350000000000001e-12,28.867775352642596,1.9492746605729956,1.8855997806399931,1.6808362034366586,1.9274567675714158,1.9527425174689126,1.917032485788313,1,1,4,4,7,19,10,10,13,13,16,16,19,19,19,2,2,1,2,2,2,4
1136.0,1.136e-12,28.899392676566745,1.946650796317335,1.8854800341446685,1.6809386230544479,1.9284088059281854,1.9561326232328577,1.916581581814574,1,1,4,4,7,19,10,10,13,13,16,16,19,19,19,2,2,1,2,2,2,4
1137.0,1.1370000000000001e-12,28.93079235443263,1.9442452643245751,1.8859694734771317,1.6800947618597937,1.9293180896161084,1.9596184066136109,1.9166262950854616,1,1,4,4,7,19,10,10,13,13,16,16,19,19,19,2,2,1,2,2,2,4
1138.0,1.138e-12,28.961667526110645,1.94208033183338,1.8870971483127683,1.6783005737235024,1.93030444513478,1.9630305018759553,1.917177456374343,1,1,4,4,7,19,10,10,13,13,16,16,19,19,19,2,2,1,2,2,2,4
1139.0,1.139e-12,28.991660333116297,1.940120729947111,1.8888494461605445,1.6756875639802613,1.9314362334846211,1.9661926554922011,1.9181641212350453,1,1,4,4,7,19,10,10,13,13,16,16,19,19,19,2,2,1,2,2,2,4
1140.0,1.14e-12,29.020516398193337,1.938287731102558,1.8911657840580416,1.6724690112337444,1.9327010881483833,1.9689926042092072,1.9194537274316448,1,1,4,4,7,19,10,10,13,13,16,16,19,19,19,2,2,1,2,2,2,4
1141.0,1.141e-12,29.04826174553673,1.9364907187642015,1.8939512004237382,1.668855212450227,1.9340083790574827,1.9714280022506214,1.9208972856096849,1,1,4,4,7,19,10,10,13,13,16,16,19,19,19,2,2,1,2,2,2,4
1142.0,1.1420000000000002e-12,29.07523381066778,1.9346646710968618,1.897101829634999,1.6649873801261899,1.9352235525943882,1.9735936981989728,1.9223860059101598,1,1,4,4,7,19,10,10,13,13,16,16,19,19,19,2,2,1,2,2,2,4
1143.0,1.143e-12,29.101945535118187,1.932794668111345,1.9005313861173176,1.660913448582537,1.9362288016404023,1.9756201558337811,1.9238899909598244,1,1,4,4,7,19,10,10,13,13,16,16,19,19,19,2,2,1,2,2,2,4
1144.0,1.1440000000000002e-12,29.12890992939126,1.930914653338765,1.9041853540861011,1.656609140172526,1.936986624607883,1.9776044316917378,1.9254545287173626,1,1,4,4,7,19,10,10,13,13,16,16,19,19,19,2,2,1,2,2,2,4
1145.0,1.145e-12,29.15651127419384,1.9290839663876238,1.9080368403650336,1.6520401780132266,1.937567010286797,1.9795655312540086,1.9271586260774827,1,1,4,4,7,19,10,10,13,13,16,16,19,19,19,2,2,1,2,2,2,4
1146.0,1.1460000000000002e-12,29.18493480062314,1.927355916468747,1.9120681595338727,1.6472441744299242,1.9381161590531097,1.981433524889627,1.9290638776415223,1,1,4,4,7,19,10,10,13,13,16,16,19,19,19,2,2,1,2,2,2,4
1147.0,1.147e-12,29.214145131374565,1.925752676580934,1.9162487306088698,1.6423817917331758,1.9387878462901944,1.9830724605032224,1.93117855142008,1,1,4,4,7,19,10,10,13,13,16,16,19,19,19,2,2,1,2,2,2,4
1148.0,1.1480000000000002e-12,29.243911918483402,1.924255674395061,1.9205182583106655,1.6377158574613975,1.9396780327297387,1.9843337282727602,1.933445800254503,1,1,4,4,7,19,10,10,13,13,16,16,19,19,19,2,2,1,2,2,2,4
1149.0,1.149e-12,29.2738996024254,1.922815304552038,1.92478198785748,1.6335324265564108,1.9407874806634118,1.9851253851348691,1.9357569860961825,1,1,4,4,7,19,10,10,13,13,16,16,19,19,19,2,2,1,2,2,2,4
1150.0,1.1500000000000001e-12,29.303838540702586,1.921377746997409,1.928922371041981,1.6300551703744202,1.942018153255176,1.9854633728943893,1.9379895727957235,1,1,4,4,7,19,10,10,13,13,16,16,19,19,19,2,2,1,2,2,2,4
1151.0,1.151e-12,29.33369998385654,1.919918401157928,1.932825395679472,1.627391292789125,1.9432045406403007,1.9854686208041195,1.940060892119565,1,1,4,4,7,19,10,10,13,13,16,16,19,19,19,2,2,1,2,2,2,4
1152.0,1.1520000000000001e-12,29.363727050020604,1.9184647771442223,1.9364094119200121,1.6255237841916395,1.9441756764197522,1.9853104651064848,1.9419708725623441,1,1,4,4,7,19,10,10,13,13,16,16,19,19,19,2,2,1,2,2,2,4
1153.0,1.153e-12,29.394303406150048,1.9170953335600183,1.9396416940725871,1.624352170112762,1.944825895968456,1.9851344012703054,1.9438045590927542,1,1,4,4,7,19,10,10,13,13,16,16,19,19,19,2,2,1,2,2,2,4
1154.0,1.1540000000000001e-12,29.42577709030836,1.9159153977665657,1.942534642440467,1.6237725153574118,1.9451546664584087,1.9850098712823798,1.9456913991407676,1,1,4,4,7,19,10,10,13,13,16,16,19,19,19,2,2,1,2,2,2,4
1155.0,1.155e-12,29.458329698505057,1.9150234218835915,1.9451259427930023,1.6237587595071825,1.9452485831718394,1.9849109396583948,1.9477474131615315,1,1,4,4,7,19,10,10,13,13,16,16,19,19,19,2,2,1,2,2,2,4
1156.0,1.1560000000000001e-12,29.491916129219625,1.9144811949790022,1.9474536767158515,1.6243880437026392,1.9452207135080648,1.9847313678135872,1.9500290679233183,1,1,4,4,7,19,10,10,13,13,16,16,19,19,19,2,2,1,2,2,2,4
1157.0,1.157e-12,29.526269270811532,1.9142974763761211,1.9495372181820076,1.6257881915181194,1.9451470656391487,1.9843328280540034,1.9525130772810877,1,1,4,4,7,19,10,10,13,13,16,16,19,19,19,2,2,1,2,2,2,4
1158.0,1.1580000000000001e-12,29.560947363463946,1.9144303149757447,1.9513703714306163,1.6280489439724568,1.9450278762904427,1.9836144754460847,1.9551043168706694,1,1,4,4,7,19,10,10,13,13,16,16,19,19,19,2,2,1,2,2,2,4
1159.0,1.159e-12,29.59541995076773,1.9148080523243114,1.9529294752932735,1.6311518684509705,1.944781097135358,1.9825712309034598,1.9576702273847886,1,1,4,4,7,19,10,10,13,13,16,16,19,19,19,2,2,1,2,2,2,4
1160.0,1.1600000000000001e-12,29.62922790272131,1.9153620696080913,1.954194628857376,1.6349457018887956,1.9442677485781632,1.9813016638229861,1.9600950055208093,1,1,4,4,7,19,10,10,13,13,16,16,19,19,19,2,2,1,2,2,2,4
1161.0,1.161e-12,29.662168796556724,1.916055853599511,1.955174356243316,1.639172928254873,1.9433469508991108,1.9799590697824427,1.962329668178455,1,1,4,4,7,19,10,10,13,13,16,16,19,19,19,2,2,1,2,2,2,4
1162.0,1.162e-12,29.69435384422839,1.916893963779246,1.9559196523364375,1.6435423150830026,1.9419447828269871,1.9786803550024596,1.9644057775293349,1,1,4,4,7,19,10,10,13,13,16,16,19,19,19,2,2,1,2,2,2,4
1163.0,1.163e-12,29.726100352706496,1.9179068885237665,1.9565190750487889,1.6478235554279046,1.9401014111567758,1.977531416766121,1.9664034600071316,1,1,4,4,7,19,10,10,13,13,16,16,19,19,19,2,2,1,2,2,2,4
1164.0,1.164e-12,29.757770717332235,1.9191227958871122,1.9570773015540501,1.651912529605288,1.9379635074930017,1.9764847994802264,1.9683969755627382,1,1,4,4,7,19,10,10,13,13,16,16,19,19,19,2,2,1,2,2,2,4
1165.0,1.1650000000000002e-12,29.789645741768467,1.9205408603161402,1.9576880473324065,1.6558203300819012,1.9357265124188054,1.975430823799216,1.9704089731036982,1,1,4,4,7,19,10,10,13,13,16,16,19,19,19,2,2,1,2,2,2,4
1166.0,1.166e-12,29.821848939509984,1.922116065829505,1.9584123382636256,1.6595980267137374,1.9335631575999026,1.9742206806943547,1.9723898526609145,1,1,4,4,7,19,10,10,13,13,16,16,19,19,19,2,2,1,2,2,2,4
1167.0,1.1670000000000002e-12,29.85431400569647,1.923760948701639,1.9592701024983623,1.6632529796301925,1.9315711110155747,1.9727329023098161,1.974225296498803,1,1,4,4,7,19,10,10,13,13,16,16,19,19,19,2,2,1,2,2,2,4
1168.0,1.168e-12,29.88679092772268,1.925365197902979,1.9602477435168386,1.6666992344547202,1.9297531484464616,1.9709354951765172,1.975769823474188,1,1,4,4,7,19,10,10,13,13,16,16,19,19,19,2,2,1,2,2,2,4
1169.0,1.1690000000000002e-12,29.918914138436467,1.9268284660282493,1.9613189676011293,1.669754255959311,1.9280323017837948,1.9689057446175315,1.9768993641222,1,1,4,4,7,19,10,10,13,13,16,16,19,19,19,2,2,1,2,2,2,4
1170.0,1.17e-12,29.950369573317303,1.9280935201647436,1.9624701221682401,1.6721836190550032,1.9263007797474057,1.9667928370257692,1.977563416092604,1,1,4,4,7,19,10,10,13,13,16,16,19,19,19,2,2,1,2,2,2,4
1171.0,1.1710000000000002e-12,29.98108447074315,1.9291623460668736,1.9637175877788182,1.6737843887354913,1.9244903414851688,1.9647494509576195,1.9778068559160378,1,1,4,4,7,19,10,10,13,13,16,16,19,19,19,2,2,1,2,2,2,4
1172.0,1.172e-12,30.01128102013316,1.9300863586071404,1.9651069479809204,1.6744706436183083,1.9226281705666552,1.9628717406314422,1.977745596784583,1,1,4,4,7,19,10,10,13,13,16,16,19,19,19,2,2,1,2,2,2,4
1173.0,1.1730000000000002e-12,30.04136811787115,1.9309384770762605,1.9666948620694324,1.6743039592657996,1.9208385784278463,1.96116854828413,1.9775132255904257,1,1,4,4,7,19,10,10,13,13,16,16,19,19,19,2,2,1,2,2,2,4
1174.0,1.174e-12,30.07177766193519,1.9317817248549054,1.9685235945344703,1.6734448573021976,1.919288503874324,1.95956333434175,1.9772094103288333,1,1,4,4,7,19,10,10,13,13,16,16,19,19,19,2,2,1,2,2,2,4
1175.0,1.1750000000000001e-12,30.10282407687829,1.932645627925407,1.970599657394374,1.672063858844767,1.9181144849967235,1.9579282609373068,1.9768693773181294,1,1,4,4,7,19,10,10,13,13,16,16,19,19,19,2,2,1,2,2,2,4
1176.0,1.176e-12,30.13461098377056,1.9335173349024708,1.9728849625349785,1.6702673514582265,1.9173684081071813,1.9561447826412373,1.9764600843803857,1,1,4,4,7,19,10,10,13,13,16,16,19,19,19,2,2,1,2,2,2,4
1177.0,1.1770000000000001e-12,30.167000198751396,1.9343512805402987,1.9753042437500181,1.6680658286823091,1.9169973961589235,1.9541677469424108,1.9759034383616343,1,1,4,4,7,19,10,10,13,13,16,16,19,19,19,2,2,1,2,2,2,4
1178.0,1.178e-12,30.19964662684767,1.9350958833717429,1.977766332170112,1.6653898017090947,1.9168596190874472,1.9520551561919062,1.975122397170891,1,1,4,4,7,19,10,10,13,13,16,16,19,19,19,2,2,1,2,2,2,4
1179.0,1.1790000000000001e-12,30.23208984121274,1.935725668618827,1.9801902043288975,1.6621516245840153,1.916773862737707,1.9499417188359638,1.974093077977421,1,1,4,4,7,19,10,10,13,13,16,16,19,19,19,2,2,1,2,2,2,4
1180.0,1.18e-12,30.263911377524995,1.9362608088835758,1.982524102900848,1.658334338813236,1.9165915317976963,1.9479743693581508,1.972872761589272,1,1,4,4,7,19,10,10,13,13,16,16,19,19,19,2,2,1,2,2,2,4
1181.0,1.1810000000000001e-12,30.294914776967698,1.936761482562859,1.9847485694568603,1.6540566866390152,1.916259715302677,1.9462480799147188,1.9715822159889782,1,1,4,4,7,19,10,10,13,13,16,16,19,19,19,2,2,1,2,2,2,4
1182.0,1.182e-12,30.32519769775045,1.9373005998472625,1.986862162688448,1.6495636832888183,1.9158360972149242,1.9447682295968214,1.9703533352378817,1,1,4,4,7,19,10,10,13,13,16,16,19,19,19,2,2,1,2,2,2,4
1183.0,1.1830000000000001e-12,30.35507022656763,1.937929818170445,1.9888583152861645,1.6451487432695953,1.9154470633306881,1.94344667818774,1.969274139285966,1,1,4,4,7,19,10,10,13,13,16,16,19,19,19,2,2,1,2,2,2,4
1184.0,1.184e-12,30.384906220695537,1.9386532118745157,1.9907048752742447,1.6410626511208257,1.9152203554856642,1.9421308634419356,1.9683550727252266,1,1,4,4,7,19,10,10,13,13,16,16,19,19,19,2,2,1,2,2,2,4
1185.0,1.185e-12,30.415012257099946,1.9394173865375146,1.9923349661933925,1.6374541692068556,1.9152292540079132,1.9406615904554754,1.967523954437018,1,1,4,4,7,19,10,10,13,13,16,16,19,19,19,2,2,1,2,2,2,4
1186.0,1.186e-12,30.445545625661953,1.9401228401510653,1.9936534771657441,1.6343559817505746,1.9154655643105674,1.9389410151946767,1.9666494862066348,1,1,4,4,7,19,10,10,13,13,16,16,19,19,19,2,2,1,2,2,2,4
1187.0,1.187e-12,30.476485513732023,1.9406557751278923,1.9945576935951983,1.631718145073045,1.915844551870932,1.936974615861349,1.9655893959330808,1,1,4,4,7,19,10,10,13,13,16,16,19,19,19,2,2,1,2,2,2,4
1188.0,1.1880000000000002e-12,30.507641802610976,1.9409287468806753,1.9949637611863247,1.6294838988609213,1.9162417822405844,1.934858863062377,1.9642484275448953,1,1,4,4,7,19,10,10,13,13,16,16,19,19,19,2,2,1,2,2,2,4
1189.0,1.189e-12,30.538699002546732,1.9409096991064285,1.9948273645246866,1.6276745260326175,1.9165553427424822,1.932725459648101,1.962617242939789,1,1,4,4,7,19,10,10,13,13,16,16,19,19,19,2,2,1,2,2,2,4
1190.0,1.1900000000000002e-12,30.56934556265821,1.9406238820838142,1.994149591081816,1.6264238728428424,1.9167685772478087,1.930678110966897,1.9607677062383992,1,1,4,4,7,19,10,10,13,13,16,16,19,19,19,2,2,1,2,2,2,4
1191.0,1.191e-12,30.59946555718176,1.940129834153159,1.9929656415631567,1.6259315714040852,1.9169737526898127,1.9287492345466444,1.958808069278553,1,1,4,4,7,19,10,10,13,13,16,16,19,19,19,2,2,1,2,2,2,4
1192.0,1.1920000000000002e-12,30.62923173911959,1.9394851357107934,1.9913229013656437,1.6263709520431329,1.9173369202866322,1.926887122066991,1.9568279549672032,1,1,4,4,7,19,10,10,13,13,16,16,19,19,19,2,2,1,2,2,2,4
1193.0,1.193e-12,30.659030730793326,1.9387188742985624,1.9892597219704813,1.6278105814243222,1.9180274340627397,1.9249755018206622,1.9548607705814522,1,1,4,4,7,19,10,10,13,13,16,16,19,19,19,2,2,1,2,2,2,4
1194.0,1.1940000000000002e-12,30.68931067919978,1.9378202328986887,1.9867937748101125,1.6301795472436347,1.9191522393713512,1.9228834990710189,1.9528732106397433,1,1,4,4,7,19,10,10,13,13,16,16,19,19,19,2,2,1,2,2,2,4
1195.0,1.195e-12,30.720441122673876,1.9367466743471844,1.9839236377014369,1.6332826565260838,1.920718564658139,1.920532471960654,1.9507817288992884,1,1,4,4,7,19,10,10,13,13,16,16,19,19,19,2,2,1,2,2,2,4
1196.0,1.1960000000000002e-12,30.752614079319724,1.935450586084178,1.9806427370453055,1.6368647421582874,1.9226317802272028,1.9179462010529804,1.948493199345854,1,1,4,4,7,19,10,10,13,13,16,16,19,19,19,2,2,1,2,2,2,4
1197.0,1.197e-12,30.785795264290492,1.9339151059183217,1.9769601207775978,1.6407061234280431,1.9247295962647293,1.9152496131615637,1.9459585810572295,1,1,4,4,7,19,10,10,13,13,16,16,19,19,19,2,2,1,2,2,2,4
1198.0,1.1980000000000001e-12,30.819731656944622,1.9321807542873048,1.9729185309114212,1.6446976985644524,1.9268462395922694,1.9126162607648771,1.943213557740538,1,1,4,4,7,19,10,10,13,13,16,16,19,19,19,2,2,1,2,2,2,4
1199.0,1.199e-12,30.85401926643784,1.9303464766192018,1.9686006178983633,1.648841983864705,1.9288820784014333,1.9101999467612893,1.9403790446805216,1,1,4,4,7,19,10,10,13,13,16,16,19,19,19,2,2,1,2,2,2,4
1200.0,1.2000000000000001e-12,30.88824636664513,1.9285437694907424,1.964118363146411,1.653183781689651,1.9308389674256,1.9080830694279043,1.9376183701361573,1,1,4,4,7,19,10,10,13,13,16,16,19,19,19,2,2,1,2,2,2,4
1201.0,1.201e-12,30.92217081480847,1.9268980742152957,1.9595895735532887,1.6577255790612002,1.9327979209642492,1.9062546502566402,1.935076865555594,1,1,4,4,7,19,10,10,13,13,16,16,19,19,19,2,2,1,2,2,2,4
1202.0,1.2020000000000001e-12,30.95580441196098,1.9254954614135842,1.9551134086467208,1.6623735505119126,1.9348569079354656,1.9046220441050579,1.932834560747759,1,1,4,4,7,19,10,10,13,13,16,16,19,19,19,2,2,1,2,2,2,4
1203.0,1.203e-12,30.989350859868306,1.9243652575101011,1.9507554953479906,1.6669287035914604,1.9370685371740213,1.9030558273512044,1.9308869665323554,1,1,4,4,7,19,10,10,13,13,16,16,19,19,19,2,2,1,2,2,2,4
1204.0,1.2040000000000001e-12,31.02307032752387,1.9234824964668418,1.946547325232921,1.671124305410338,1.9394039588660033,1.9014575654563075,1.9291551708156545,1,1,4,4,7,19,10,10,13,13,16,16,19,19,19,2,2,1,2,2,2,4
1205.0,1.205e-12,31.057151261617577,1.9227901357576356,1.9424988601101132,1.6747048554125257,1.9417496735911786,1.8998182888765875,1.9275233532302314,1,1,4,4,7,19,10,10,13,13,16,16,19,19,19,2,2,1,2,2,2,4
1206.0,1.2060000000000001e-12,31.091623445181355,1.9222348798650846,1.9386195284531826,1.6775161328893542,1.9439373787184235,1.8982299708187804,1.9258945688735531,1,1,4,4,7,19,10,10,13,13,16,16,19,19,19,2,2,1,2,2,2,4
1207.0,1.207e-12,31.12632639217195,1.92179977579628,1.9349376969405134,1.6795485739331886,1.9458024804566236,1.8968410416007822,1.9242401690015871,1,1,4,4,7,19,10,10,13,13,16,16,19,19,19,2,2,1,2,2,2,4
1208.0,1.2080000000000001e-12,31.16092730219955,1.9215147904187622,1.9315088417839326,1.6809004274628805,1.947252208087457,1.8957878587423718,1.922612324840858,1,1,4,4,7,19,10,10,13,13,16,16,19,19,19,2,2,1,2,2,2,4
1209.0,1.209e-12,31.194974791724746,1.9214395924731709,1.9284081220804612,1.6816917094077959,1.948307395730792,1.8951395937472406,1.92111098985685,1,1,4,4,7,19,10,10,13,13,16,16,19,19,19,2,2,1,2,2,2,4
1210.0,1.21e-12,31.228020515553926,1.9216307440579798,1.925710530875023,1.6819863196290623,1.9490902384023787,1.894873466763995,1.9198278489487528,1,1,4,4,7,19,10,10,13,13,16,16,19,19,19,2,2,1,2,2,2,4
1211.0,1.2110000000000002e-12,31.25980086059753,1.9221111042086911,1.9234678745688316,1.6817544505352355,1.9497667784535493,1.8948828883238167,1.9187990799050638,1,1,4,4,7,19,10,10,13,13,16,16,19,19,19,2,2,1,2,2,2,4
1212.0,1.212e-12,31.290345920890804,1.922853275388114,1.921693394507981,1.6808813295710454,1.9504794190749524,1.8950187134020493,1.9179838747810793,1,1,4,4,7,19,10,10,13,13,16,16,19,19,19,2,2,1,2,2,2,4
1213.0,1.2130000000000002e-12,31.319937933557345,1.923781662638014,1.9203600330738853,1.6792219429415711,1.9512992853668625,1.8951549679477877,1.917272115361911,1,1,4,4,7,19,10,10,13,13,16,16,19,19,19,2,2,1,2,2,2,4
1214.0,1.214e-12,31.348983047019953,1.9247937200455472,1.9194126831758644,1.6766876795714216,1.9522093896531503,1.8952519978646047,1.9165189997510734,1,1,4,4,7,19,10,10,13,13,16,16,19,19,19,2,2,1,2,2,2,4
1215.0,1.2150000000000002e-12,31.37787826082698,1.925796046105814,1.918790302508318,1.6733206265291956,1.953120488816979,1.8953788756483787,1.9155998125991673,1,1,4,4,7,19,10,10,13,13,16,16,19,19,19,2,2,1,2,2,2,4
1216.0,1.216e-12,31.406905632712718,1.9267409210975381,1.9184483299883808,1.669300145264083,1.953919292491645,1.8956789209971612,1.914464027894855,1,1,4,4,7,19,10,10,13,13,16,16,19,19,19,2,2,1,2,2,2,4
1217.0,1.2170000000000002e-12,31.436168193470593,1.9276435470492366,1.918369969793102,1.6648763105164912,1.9545350106066872,1.8963022456647007,1.913157671564562,1,1,4,4,7,19,10,10,13,13,16,16,19,19,19,2,2,1,2,2,2,4
1218.0,1.218e-12,31.465576650440582,1.9285699669005119,1.9185604463911592,1.6602798561418683,1.95498892850749,1.8973442755737415,1.911797901830093,1,1,4,4,7,19,10,10,13,13,16,16,19,19,19,2,2,1,2,2,2,4
1219.0,1.2190000000000002e-12,31.494895241636087,1.9296047294413161,1.9190281330803545,1.6556587209373552,1.9553917895460187,1.898812189294498,1.9105176056842117,1,1,4,4,7,19,10,10,13,13,16,16,19,19,19,2,2,1,2,2,2,4
1220.0,1.22e-12,31.523871312904358,1.930816368000969,1.9197627054097903,1.6510588269623696,1.9558903377377899,1.9006246336915327,1.9094118362029224,1,1,4,4,7,19,10,10,13,13,16,16,19,19,19,2,2,1,2,2,2,4
1221.0,1.2210000000000001e-12,31.552411407724605,1.9322340346954618,1.9207202921616753,1.6464503807462672,1.9565987860897849,1.9026454943389086,1.9085063728520557,1,1,4,4,7,19,10,10,13,13,16,16,19,19,19,2,2,1,2,2,2,4
1222.0,1.222e-12,31.580673764062112,1.9338410047439574,1.9218214969352658,1.6417978885496072,1.9575495532305844,1.9047456075775104,1.9077547447276753,1,1,4,4,7,19,10,10,13,13,16,16,19,19,19,2,2,1,2,2,2,4
1223.0,1.2230000000000001e-12,31.609020051454728,1.9355866375646724,1.9229635806384824,1.6371468743742041,1.9586766359801886,1.9068679761026854,1.9070637206708976,1,1,4,4,7,19,10,10,13,13,16,16,19,19,19,2,2,1,2,2,2,4
1224.0,1.224e-12,31.637890490486914,1.9374142761261692,1.9240437124081566,1.6326702502245583,1.9598326152081529,1.9090583411346351,1.906342243107706,1,1,4,4,7,19,10,10,13,13,16,16,19,19,19,2,2,1,2,2,2,4
1225.0,1.2250000000000001e-12,31.667670386005142,1.9392942610699924,1.9249843945903449,1.6286344334139773,1.9608371557864697,1.9114389740564974,1.9055562353921034,1,1,4,4,7,19,10,10,13,13,16,16,19,19,19,2,2,1,2,2,2,4
1226.0,1.226e-12,31.698576589011537,1.941243269555239,1.925748634659732,1.6253100196567638,1.961544952638254,1.9141437715039318,1.9047578859869496,1,1,4,4,7,19,10,10,13,13,16,16,19,19,19,2,2,1,2,2,2,4
1227.0,1.2270000000000001e-12,31.730591625311163,1.9433173088464402,1.9263372325620627,1.6228845983252602,1.96190239854096,1.9172539269482494,1.9040675473334194,1,1,4,4,7,19,10,10,13,13,16,16,19,19,19,2,2,1,2,2,2,4
1228.0,1.228e-12,31.763466901278445,1.9455829074900155,1.9267710446909314,1.6214152058179376,1.9619584273695294,1.9207603653398255,1.9036197385169547,1,1,4,4,7,19,10,10,13,13,16,16,19,19,19,2,2,1,2,2,2,4
1229.0,1.2290000000000001e-12,31.796781646310944,1.9480828580075575,1.9270685826389846,1.6208308823579074,1.96182451574851,1.9245592698974676,1.90350641497391,1,1,4,4,7,19,10,10,13,13,16,16,19,19,19,2,2,1,2,2,2,4
1230.0,1.23e-12,31.83006385525305,1.9508113264633307,1.9272293714987405,1.6209842671905634,1.9616134294541094,1.9284812793887531,1.903741867080709,1,1,4,4,7,19,10,10,13,13,16,16,19,19,19,2,2,1,2,2,2,4
1231.0,1.2310000000000001e-12,31.862965089820204,1.9537063113555238,1.9272294051387853,1.6217391387268436,1.9613892547931406,1.9323507698654985,1.9042572398490798,1,1,4,4,7,19,10,10,13,13,16,16,19,19,19,2,2,1,2,2,2,4
1232.0,1.232e-12,31.895381049718107,1.9566614706330274,1.9270308591336351,1.623048394010668,1.9611442138066988,1.9360542700580974,1.9049247919512815,1,1,4,4,7,19,10,10,13,13,16,16,19,19,19,2,2,1,2,2,2,4
1233.0,1.233e-12,31.927440513243315,1.9595551415358927,1.9266034901078037,1.6249652561455774,1.9608052257696564,1.9395810420391117,1.905606863840194,1,1,4,4,7,19,10,10,13,13,16,16,19,19,19,2,2,1,2,2,2,4
1234.0,1.2340000000000002e-12,31.959404702306955,1.9622872010670882,1.925948716078019,1.6275798939551702,1.9602699955384608,1.9430095180875062,1.9062136895987818,1,1,4,4,7,19,10,10,13,13,16,16,19,19,19,2,2,1,2,2,2,4
1235.0,1.235e-12,31.991542250601103,1.964806164034907,1.925113240403921,1.6309321176778302,1.9594654880507376,1.946450328508743,1.9067407703608112,1,1,4,4,7,19,10,10,13,13,16,16,19,19,19,2,2,1,2,2,2,4
1236.0,1.2360000000000002e-12,32.024016111287736,1.9671116460999056,1.9241837898645857,1.6349511566617327,1.9584039270656104,1.9499826020521882,1.907261673672785,1,1,4,4,7,19,10,10,13,13,16,16,19,19,19,2,2,1,2,2,2,4
1237.0,1.237e-12,32.05681368933717,1.9692333033322258,1.923265294987019,1.6394428896478226,1.9571996424997604,1.9536125090649776,1.9078820748496301,1,1,4,4,7,19,10,10,13,13,16,16,19,19,19,2,2,1,2,2,2,4
1238.0,1.2380000000000002e-12,32.08973488716165,1.9712008318735397,1.9224537123443255,1.6441263043239724,1.9560322050532748,1.957263312181721,1.9086851858547915,1,1,4,4,7,19,10,10,13,13,16,16,19,19,19,2,2,1,2,2,2,4
1239.0,1.239e-12,32.12242710521191,1.973019339695062,1.9218152499968242,1.6487109024653452,1.9550800914847075,1.9607960254857102,1.9096948032205892,1,1,4,4,7,19,10,10,13,13,16,16,19,19,19,2,2,1,2,2,2,4
1240.0,1.2400000000000002e-12,32.1544920438949,1.9746584431282435,1.9213785315057221,1.652987388306097,1.954460633507883,1.9640583994093102,1.9108654365655908,1,1,4,4,7,19,10,10,13,13,16,16,19,19,19,2,2,1,2,2,2,4
1241.0,1.241e-12,32.1856647790327,1.9760588110585493,1.9211417990515454,1.6568790524266372,1.9541966041447631,1.9669497218260306,1.9121002957097357,1,1,4,4,7,19,10,10,13,13,16,16,19,19,19,2,2,1,2,2,2,4
1242.0,1.2420000000000002e-12,32.215943395160615,1.9771551153550218,1.9210928586022924,1.6604160646060728,1.954215711188374,1.9694684375295988,1.913293821477191,1,1,4,4,7,19,10,10,13,13,16,16,19,19,19,2,2,1,2,2,2,4
1243.0,1.243e-12,32.24557843532428,1.977907883653134,1.9212337098828705,1.6636551429633692,1.9543840674719661,1.9717098352996505,1.9143858651388177,1,1,4,4,7,19,10,10,13,13,16,16,19,19,19,2,2,1,2,2,2,4
1244.0,1.2440000000000002e-12,32.274965405668404,1.9783287315988185,1.921596106251298,1.6666021449816117,1.9545671806180758,1.9738152646384208,1.9154008828712465,1,1,4,4,7,19,10,10,13,13,16,16,19,19,19,2,2,1,2,2,2,4
1245.0,1.245e-12,32.30451115886321,1.9784837129474255,1.9222388181981047,1.6691723176679603,1.9546938427958205,1.9759058405595877,1.9164460059430817,1,1,4,4,7,19,10,10,13,13,16,16,19,19,19,2,2,1,2,2,2,4
1246.0,1.2460000000000001e-12,32.33451033469679,1.978472038040329,1.9232283051874461,1.6711966551040642,1.9547849941457494,1.9780329289908445,1.9176674944468575,1,1,4,4,7,19,10,10,13,13,16,16,19,19,19,2,2,1,2,2,2,4
1247.0,1.247e-12,32.365061889805006,1.9783924729880245,1.9246134307858045,1.6724738898693428,1.954928022295325,1.980159160604127,1.9191922915607176,1,1,4,4,7,19,10,10,13,13,16,16,19,19,19,2,2,1,2,2,2,4
1248.0,1.2480000000000001e-12,32.39605175154579,1.9783130881356668,1.9264059718030673,1.6728539592498841,1.9552173451353723,1.9821716053676655,1.9210836013156223,1,1,4,4,7,19,10,10,13,13,16,16,19,19,19,2,2,1,2,2,2,4
1249.0,1.249e-12,32.42719484406111,1.9782538956385984,1.9285732061292364,1.6723119003857745,1.9556982958813895,1.9839246856918522,1.9233229886113317,1,1,4,4,7,19,10,10,13,13,16,16,19,19,19,2,2,1,2,2,2,4
1250.0,1.2500000000000001e-12,32.45813656952361,1.9781861811550103,1.9310449077729694,1.6709607718250914,1.9563365240327142,1.9853025155020607,1.9258209806724722,1,1,4,4,7,19,10,10,13,13,16,16,19,19,19,2,2,1,2,2,2,4
1251.0,1.251e-12,32.48860958827274,1.978049758484135,1.9337344487571626,1.6689926927497816,1.957018340085558,1.9862732749077052,1.9284549875375327,1,1,4,4,7,19,10,10,13,13,16,16,19,19,19,2,2,1,2,2,2,4
1252.0,1.2520000000000001e-12,32.51855507159267,1.9777838471180378,1.9365659559012867,1.6665922928740953,1.9575814757307008,1.986900673491084,1.9311238250567984,1,1,4,4,7,19,10,10,13,13,16,16,19,19,19,2,2,1,2,2,2,4
1253.0,1.253e-12,32.5481285366025,1.9773578694936522,1.9394934490822187,1.6638729114641269,1.9578709919599215,1.9873044384693581,1.9337930762196822,1,1,4,4,7,19,10,10,13,13,16,16,19,19,19,2,2,1,2,2,2,4
1254.0,1.2540000000000001e-12,32.57761566240526,1.9767843453541318,1.9425016796872936,1.6608556891830217,1.9578018749758967,1.987597336714338,1.9365036583404045,1,1,4,4,7,19,10,10,13,13,16,16,19,19,19,2,2,1,2,2,2,4
1255.0,1.255e-12,32.60731832805424,1.9761062565068532,1.9455895225304927,1.6574935550670757,1.957394814256122,1.9878328544901553,1.9393376943051395,1,1,4,4,7,19,10,10,13,13,16,16,19,19,19,2,2,1,2,2,2,4
1256.0,1.256e-12,32.63744489385185,1.9753682520345632,1.9487462626625802,1.6537360166861226,1.9567610815926786,1.9879809090123093,1.9423645716120403,1,1,4,4,7,19,10,10,13,13,16,16,19,19,19,2,2,1,2,2,2,4
1257.0,1.2570000000000002e-12,32.6680347510703,1.9745879910909296,1.9519322411965236,1.6496113663534138,1.9560476645402747,1.9879346156522832,1.945597120247351,1,1,4,4,7,19,10,10,13,13,16,16,19,19,19,2,2,1,2,2,2,4
1258.0,1.258e-12,32.69894034264057,1.9737393995459374,1.9550710556072974,1.6452754173524806,1.9553761059328385,1.9875470173976342,1.9489731997120656,1,1,4,4,7,19,10,10,13,13,16,16,19,19,19,2,2,1,2,2,2,4
1259.0,1.2590000000000002e-12,32.7298560653434,1.972752686578445,1.9580563206925004,1.6409867664379558,1.9548010526615947,1.9866904966569172,1.952364793105221,1,1,4,4,7,19,10,10,13,13,16,16,19,19,19,2,2,1,2,2,2,4
1260.0,1.26e-12,32.7604074773742,1.9715324375124264,1.9607722287861016,1.6370259171561639,1.9542970069110532,1.985315911633325,1.9556125573392293,1,1,4,4,7,19,10,10,13,13,16,16,19,19,19,2,2,1,2,2,2,4
1261.0,1.2610000000000002e-12,32.79031409482492,1.969990047785073,1.9631218903075915,1.6336108604714914,1.9537752519729508,1.9834770938074602,1.958578943867315,1,1,4,4,7,19,10,10,13,13,16,16,19,19,19,2,2,1,2,2,2,4
1262.0,1.262e-12,32.819527819090084,1.9680785519571609,1.9650499459729294,1.6308473251258557,1.9531298781467972,1.981303711163498,1.9611988643348144,1,1,4,4,7,19,10,10,13,13,16,16,19,19,19,2,2,1,2,2,2,4
1263.0,1.2630000000000002e-12,32.84825065822746,1.9658117704623594,1.966546641746462,1.6287257629236682,1.9522989479443853,1.9789417786354049,1.9634989053224625,1,1,4,4,7,19,10,10,13,13,16,16,19,19,19,2,2,1,2,2,2,4
1264.0,1.264e-12,32.87685316404382,1.9632567183765797,1.96763285932019,1.6271639821438109,1.9513078242955149,1.976496407837213,1.9655725978909735,1,1,4,4,7,19,10,10,13,13,16,16,19,19,19,2,2,1,2,2,2,4
1265.0,1.2650000000000002e-12,32.905754427921146,1.9605052478431646,1.968335274925759,1.6260856358374738,1.9502636389945902,1.9739980227433256,1.9675281292189901,1,1,4,4,7,19,10,10,13,13,16,16,19,19,19,2,2,1,2,2,2,4
1266.0,1.266e-12,32.93529682710974,1.9576414336868748,1.9686644983926602,1.625496068923394,1.9493042731981989,1.9713984985361568,1.9694380593228957,1,1,4,4,7,19,10,10,13,13,16,16,19,19,19,2,2,1,2,2,2,4
1267.0,1.2670000000000002e-12,32.96565019007329,1.9547180570475848,1.9686048507065297,1.6255005595887793,1.9485350553337755,1.9685982800991344,1.9713106327882763,1,1,4,4,7,19,10,10,13,13,16,16,19,19,19,2,2,1,2,2,2,4
1268.0,1.268e-12,32.99678008728178,1.951748342912625,1.9681192233328193,1.6262485639085602,1.9479836400014765,1.9655004423501503,1.9730883016177243,1,1,4,4,7,19,10,10,13,13,16,16,19,19,19,2,2,1,2,2,2,4
1269.0,1.2690000000000001e-12,33.02847761376867,1.9487154835000418,1.9671679017198032,1.6278469239520108,1.9475853793591216,1.9620726902223482,1.9746726630205127,1,1,4,4,7,19,10,10,13,13,16,16,19,19,19,2,2,1,2,2,2,4
1270.0,1.27e-12,33.06044976157145,1.945597954486713,1.9657347401675784,1.6302940417026381,1.9472006555858545,1.9583818806659206,1.9759707603521521,1,1,4,4,7,19,10,10,13,13,16,16,19,19,19,2,2,1,2,2,2,4
1271.0,1.2710000000000001e-12,33.09246528868011,1.9423999364240947,1.9638481581563234,1.6334588463175554,1.946662158560802,1.9545753656666776,1.9769462841051506,1,1,4,4,7,19,10,10,13,13,16,16,19,19,19,2,2,1,2,2,2,4
1272.0,1.272e-12,33.124472205136904,1.9391702135670135,1.9615839344500037,1.6371089043469256,1.9458393186921377,1.9508220385359798,1.9776460218954008,1,1,4,4,7,19,10,10,13,13,16,16,19,19,19,2,2,1,2,2,2,4
1273.0,1.2730000000000001e-12,33.15661188099191,1.9359972612901255,1.9590484281134952,1.6409812239050017,1.9446895538287396,1.9472500011507787,1.9781817795919447,1,1,4,4,7,19,10,10,13,13,16,16,19,19,19,2,2,1,2,2,2,4
1274.0,1.274e-12,33.18914918631916,1.93298293452771,1.9563514256117516,1.6448725199662417,1.9432649337083792,1.9439069100852984,1.978678716164461,1,1,4,4,7,19,10,10,13,13,16,16,19,19,19,2,2,1,2,2,2,4
1275.0,1.2750000000000001e-12,33.22236521824583,1.9302096647320277,1.9535814189735712,1.6486980347794629,1.9416724102984428,1.9407513103347036,1.979220676440984,1,1,4,4,7,19,10,10,13,13,16,16,19,19,19,2,2,1,2,2,2,4
1276.0,1.276e-12,33.25644003659693,1.9277157103280158,1.9507925846758378,1.6524758124883379,1.940016187114894,1.93767637901055,1.9798161868252302,1,1,4,4,7,19,10,10,13,13,16,16,19,19,19,2,2,1,2,2,2,4
1277.0,1.2770000000000001e-12,33.291363301037535,1.925485644680336,1.9480067484836874,1.6562520355265944,1.938352088766243,1.9345625976795038,1.9803934256671643,1,1,4,4,7,19,10,10,13,13,16,16,19,19,19,2,2,1,2,2,2,4
1278.0,1.278e-12,33.32691190006088,1.923458370344751,1.9452295529167043,1.6600223808257422,1.9366676390844413,1.9313419501787286,1.9808240250632594,1,1,4,4,7,19,10,10,13,13,16,16,19,19,19,2,2,1,2,2,2,4
1279.0,1.2790000000000001e-12,33.36268353865105,1.921551913204948,1.9424752438138102,1.6636878435163316,1.9348907928320032,1.9280402249752846,1.9809703220183166,1,1,4,4,7,19,10,10,13,13,16,16,19,19,19,2,2,1,2,2,2,4
1280.0,1.2800000000000002e-12,33.39818164672914,1.919697107240186,1.939788108324722,1.6670562338000963,1.932926744830158,1.9247692999244213,1.9807409819609638,1,1,4,4,7,19,10,10,13,13,16,16,19,19,19,2,2,1,2,2,2,4
1281.0,1.281e-12,33.432967919793015,1.9178644717676472,1.9372475724322715,1.6698896632205438,1.9307143262828252,1.9216753041685988,1.9801273352829083,1,1,4,4,7,19,10,10,13,13,16,16,19,19,19,2,2,1,2,2,2,4
1282.0,1.2820000000000002e-12,33.46680754328909,1.9160695741849543,1.9349536840842518,1.6719861576948236,1.9282768773989065,1.9188764392076527,1.9791974260007967,1,1,4,4,7,19,10,10,13,13,16,16,19,19,19,2,2,1,2,2,2,4
1283.0,1.283e-12,33.499714089979975,1.9143557345928703,1.9330015334412356,1.673258417837178,1.925734599809903,1.9164198932334273,1.978052664103758,1,1,4,4,7,19,10,10,13,13,16,16,19,19,19,2,2,1,2,2,2,4
1284.0,1.2840000000000002e-12,33.531896962462,1.9127664968945068,1.9314569505694834,1.6737569206905376,1.923267456737496,1.9142684703080848,1.9767752725554548,1,1,4,4,7,19,10,10,13,13,16,16,19,19,19,2,2,1,2,2,2,4
1285.0,1.285e-12,33.563655033889084,1.911322393529604,1.9303429537783252,1.6736187064565553,1.921052078233395,1.9123191452995487,1.9753918749869535,1,1,4,4,7,19,10,10,13,13,16,16,19,19,19,2,2,1,2,2,2,4
1286.0,1.2860000000000002e-12,33.5952471156622,1.9100100912044904,1.9296409573652207,1.6729816692217812,1.9192060548493828,1.9104517470676123,1.9738636027443028,1,1,4,4,7,19,10,10,13,13,16,16,19,19,19,2,2,1,2,2,2,4
1287.0,1.287e-12,33.62678556207115,1.9087864437183102,1.9293060343459152,1.6719167005201827,1.9177581273963378,1.908593043655976,1.972103219421357,1,1,4,4,7,19,10,10,13,13,16,16,19,19,19,2,2,1,2,2,2,4
1288.0,1.2880000000000002e-12,33.65820199485578,1.9075971660939828,1.9292912940077893,1.6704019346960761,1.9166494458395502,1.9067636208999916,1.9700153745184048,1,1,4,4,7,19,10,10,13,13,16,16,19,19,19,2,2,1,2,2,2,4
1289.0,1.289e-12,33.689276460103905,1.906405443499855,1.9295707118399081,1.668343182657644,1.9157666416905303,1.9050766437959377,1.9675481717914873,1,1,4,4,7,19,10,10,13,13,16,16,19,19,19,2,2,1,2,2,2,4
1290.0,1.2900000000000002e-12,33.71971769510931,1.9052177340643437,1.930147985181595,1.6656374053831358,1.9149997259606986,1.9036891083560656,1.9647318258488515,1,1,4,4,7,19,10,10,13,13,16,16,19,19,19,2,2,1,2,2,2,4
1291.0,1.291e-12,33.749303086122254,1.9040907443351878,1.9310456928943907,1.662258721276106,1.914300010045618,1.9027361312156283,1.9616788853191702,1,1,4,4,7,19,10,10,13,13,16,16,19,19,19,2,2,1,2,2,2,4
1292.0,1.2920000000000001e-12,33.77800955065062,1.9031143525220284,1.9322818857636477,1.6583167808080737,1.9137029606924434,1.9022799874676668,1.9585436743999962,1,1,4,4,7,19,10,10,13,13,16,16,19,19,19,2,2,1,2,2,2,4
1293.0,1.293e-12,33.80605089881708,1.9023806501571372,1.9338471089001064,1.6540417466518162,1.9133010521599498,1.9022893432170056,1.9554659864818538,1,1,4,4,7,19,10,10,13,13,16,16,19,19,19,2,2,1,2,2,2,4
1294.0,1.2940000000000001e-12,33.83382293799264,1.9019544333417084,1.9356918409759163,1.6497062987183433,1.9131878304492957,1.9026525154867164,1.9525271113718343,1,1,4,4,7,19,10,10,13,13,16,16,19,19,19,2,2,1,2,2,2,4
1295.0,1.295e-12,33.8617954825072,1.9018552450571151,1.9377284976320488,1.6455385433780454,1.9134069929101185,1.9032234466335158,1.9497318634854854,1,1,4,4,7,19,10,10,13,13,16,16,19,19,19,2,2,1,2,2,2,4
1296.0,1.2960000000000001e-12,33.89038025661454,1.9020549825718478,1.9398472524918096,1.6416682125113078,1.9139259977394985,1.9038870639759,1.9470188652161213,1,1,4,4,7,19,10,10,13,13,16,16,19,19,19,2,2,1,2,2,2,4
1297.0,1.297e-12,33.91981823017478,1.9024922370117228,1.9419413670910677,1.6381189139821017,1.914638609184893,1.9046126054996624,1.9442959292490576,1,1,4,4,7,19,10,10,13,13,16,16,19,19,19,2,2,1,2,2,2,4
1298.0,1.2980000000000001e-12,33.95013798383931,1.903100296623837,1.9439323393967058,1.6348470288619987,1.9153953576281098,1.9054614117323363,1.9414903212693175,1,1,4,4,7,19,10,10,13,13,16,16,19,19,19,2,2,1,2,2,2,4
1299.0,1.299e-12,33.98117717704781,1.9038372694638994,1.9457819477090632,1.631819004491917,1.9160558475920804,1.906544544246791,1.9385923422394058,1,1,4,4,7,19,10,10,13,13,16,16,19,19,19,2,2,1,2,2,2,4
1300.0,1.3000000000000001e-12,34.01264380164913,1.9047009780514603,1.947484661347051,1.6290911848563785,1.9165444615478167,1.9079586882214694,1.9356664702217103,1,1,4,4,7,19,10,10,13,13,16,16,19,19,19,2,2,1,2,2,2,4
1301.0,1.301e-12,34.04423510943096,1.905719947645604,1.9490474210823918,1.626833724188719,1.916880463648998,1.9097340851447138,1.932821487173031,1,1,4,4,7,19,10,10,13,13,16,16,19,19,19,2,2,1,2,2,2,4
1302.0,1.3020000000000001e-12,34.0757735843434,1.9069273820313655,1.9504686495592582,1.6252762194224086,1.9171633880666066,1.9118116820245041,1.9301594996635087,1,1,4,4,7,19,10,10,13,13,16,16,19,19,19,2,2,1,2,2,2,4
1303.0,1.303e-12,34.10727274491884,1.9083336528185761,1.9517257337285012,1.6246151654959833,1.917524384923318,1.9140533874694012,1.927732857133608,1,1,4,4,7,19,10,10,13,13,16,16,19,19,19,2,2,1,2,2,2,4
1304.0,1.304e-12,34.13891197568205,1.9099094105116543,1.9527751413842531,1.624938835780963,1.9180723730099958,1.9162844220491377,1.9255247312927681,1,1,4,4,7,19,10,10,13,13,16,16,19,19,19,2,2,1,2,2,2,4
1305.0,1.3050000000000002e-12,34.17094928466256,1.9115843939414006,1.953565011510076,1.6261971561482094,1.9188570158423697,1.9183576508696192,1.923456080100969,1,1,4,4,7,19,10,10,13,13,16,16,19,19,19,2,2,1,2,2,2,4
1306.0,1.306e-12,34.203599799496885,1.913263054871624,1.9540562616039021,1.6282221722257562,1.9198570071817767,1.9202120293368004,1.921417045296302,1,1,4,4,7,19,10,10,13,13,16,16,19,19,19,2,2,1,2,2,2,4
1307.0,1.3070000000000002e-12,34.23692507031451,1.914854224130695,1.9542435678926129,1.6307957558630943,1.9209958202351056,1.9218905830635389,1.919315486411549,1,1,4,4,7,19,10,10,13,13,16,16,19,19,19,2,2,1,2,2,2,4
1308.0,1.308e-12,34.27078772138435,1.916304260351497,1.9541651545675816,1.6337416049313083,1.9221834504390256,1.9235065768061914,1.9171238528440533,1,1,4,4,7,19,10,10,13,13,16,16,19,19,19,2,2,1,2,2,2,4
1309.0,1.3090000000000002e-12,34.30486933601264,1.917616632259769,1.9538948551102273,1.6369897133034208,1.9233706615508455,1.925180963175117,1.9148986870988958,1,1,4,4,7,19,10,10,13,13,16,16,19,19,19,2,2,1,2,2,2,4
1310.0,1.31e-12,34.33873777243324,1.918846249195103,1.9535204805735331,1.640566636108567,1.9245860876164422,1.926985114175267,1.9127592576637766,1,1,4,4,7,19,10,10,13,13,16,16,19,19,19,2,2,1,2,2,2,4
1311.0,1.3110000000000002e-12,34.37198252035905,1.920072915194159,1.953119535057849,1.6445229237997192,1.9259298222275865,1.9289096375988195,1.9108384727791987,1,1,4,4,7,19,10,10,13,13,16,16,19,19,19,2,2,1,2,2,2,4
1312.0,1.312e-12,34.404362775800195,1.9213696035028234,1.9527424316687254,1.6488520604144208,1.9275264929408054,1.930865598538625,1.9092338685627508,1,1,4,4,7,19,10,10,13,13,16,16,19,19,19,2,2,1,2,2,2,4
1313.0,1.3130000000000002e-12,34.435875888005434,1.922779128359856,1.9524082281376702,1.6534428708752222,1.929467304734187,1.9327185016894122,1.9079786850469174,1,1,4,4,7,19,10,10,13,13,16,16,19,19,19,2,2,1,2,2,2,4
1314.0,1.314e-12,34.46673173906072,1.924305442199392,1.9521130911120081,1.6580788855491326,1.9317684542248812,1.9343476328475036,1.9070391706117038,1,1,4,4,7,19,10,10,13,13,16,16,19,19,19,2,2,1,2,2,2,4
1315.0,1.3150000000000002e-12,34.497264987143346,1.9259215083361603,1.9518485514567243,1.6624846110044824,1.9343577992595764,1.9357065260865838,1.9063383559494609,1,1,4,4,7,19,10,10,13,13,16,16,19,19,19,2,2,1,2,2,2,4
1316.0,1.316e-12,34.52781095432525,1.927591701690639,1.9516220122266799,1.6664083816997495,1.937091679364157,1.9368484956990952,1.9058009835855538,1,1,4,4,7,19,10,10,13,13,16,16,19,19,19,2,2,1,2,2,2,4
1317.0,1.3170000000000001e-12,34.55858759626425,1.9293005206718725,1.9514687815777019,1.669705530383181,1.9397990400263634,1.9378998941638386,1.9054021102661547,1,1,4,4,7,19,10,10,13,13,16,16,19,19,19,2,2,1,2,2,2,4
1318.0,1.318e-12,34.589641083510976,1.9310725915406248,1.9514480172473663,1.6723685819743195,1.942340704900839,1.9389994817061822,1.9051918606405789,1,1,4,4,7,19,10,10,13,13,16,16,19,19,19,2,2,1,2,2,2,4
1319.0,1.3190000000000001e-12,34.620856344576694,1.9329703593070835,1.951624447108921,1.674481960004312,1.9446556219898716,1.9402383390722666,1.9052781623891524,1,1,4,4,7,19,10,10,13,13,16,16,19,19,19,2,2,1,2,2,2,4
1320.0,1.32e-12,34.652008404092705,1.9350698976909495,1.9520459956494864,1.6761374486392837,1.946765975992336,1.9416239345144415,1.9057773705435197,1,1,4,4,7,19,10,10,13,13,16,16,19,19,19,2,2,1,2,2,2,4
1321.0,1.3210000000000001e-12,34.682864006926984,1.9374291547267872,1.9527278069996337,1.677363634213506,1.9487407171232531,1.943076575361133,1.9067613337616967,1,1,4,4,7,19,10,10,13,13,16,16,19,19,19,2,2,1,2,2,2,4
1322.0,1.322e-12,34.713299229487376,1.9400636694292543,1.9536483009527843,1.6780964605937487,1.9506436514824708,1.944458934464813,1.9082245342830713,1,1,4,4,7,19,10,10,13,13,16,16,19,19,19,2,2,1,2,2,2,4
1323.0,1.3230000000000001e-12,34.74336263724948,1.9429370729239577,1.9547578720911922,1.678195945063841,1.9524928003034079,1.945632404285503,1.9100800139340728,1,1,4,4,7,19,10,10,13,13,16,16,19,19,19,2,2,1,2,2,2,4
1324.0,1.324e-12,34.77326569018304,1.9459685530850706,1.9559975457604273,1.677506523803545,1.954243627751812,1.9465192860725369,1.9121842187881772,1,1,4,4,7,19,10,10,13,13,16,16,19,19,19,2,2,1,2,2,2,4
1325.0,1.3250000000000001e-12,34.80331561447626,1.9490563525087905,1.9573208790887329,1.6759421408763213,1.9557987876021732,1.9471375201674135,1.9143846926791759,1,1,4,4,7,19,10,10,13,13,16,16,19,19,19,2,2,1,2,2,2,4
1326.0,1.326e-12,34.83380388550844,1.9521103399162376,1.9587087048061491,1.6735488194879662,1.9570432514440297,1.9475863390616255,1.916573427330088,1,1,4,4,7,19,10,10,13,13,16,16,19,19,19,2,2,1,2,2,2,4
1327.0,1.3270000000000001e-12,34.86488921794221,1.9550795577883837,1.9601681714066834,1.6704985778587784,1.9578968209435035,1.947993970969748,1.9187193611570497,1,1,4,4,7,19,10,10,13,13,16,16,19,19,19,2,2,1,2,2,2,4
1328.0,1.3280000000000002e-12,34.89653777674026,1.9579599294982122,1.9617166754986406,1.6670189414404943,1.9583612250884928,1.948459088752707,1.9208609062534703,1,1,4,4,7,19,10,10,13,13,16,16,19,19,19,2,2,1,2,2,2,4
1329.0,1.329e-12,34.92852822842041,1.9607782889842051,1.9633596998876939,1.663308023664118,1.9585310706426429,1.94901117370035,1.9230641329668405,1,1,4,4,7,19,10,10,13,13,16,16,19,19,19,2,2,1,2,2,2,4
1330.0,1.3300000000000002e-12,34.960501881266,1.9635635136151877,1.9650733486554037,1.6594787607775365,1.958558873121614,1.9495998728866166,1.9253723850282023,1,1,4,4,7,19,10,10,13,13,16,16,19,19,19,2,2,1,2,2,2,4
1331.0,1.331e-12,34.99207860251532,1.966321297635239,1.9667985272338024,1.655547036432115,1.9585959317452708,1.9501152836924895,1.9277722786347316,1,1,4,4,7,19,10,10,13,13,16,16,19,19,19,2,2,1,2,2,2,4
1332.0,1.3320000000000002e-12,35.023003478114326,1.9690219289599349,1.9684482600259983,1.651466035148687,1.9587395425743634,1.950435891572731,1.9301862295749723,1,1,4,4,7,19,10,10,13,13,16,16,19,19,19,2,2,1,2,2,2,4
1333.0,1.333e-12,35.053237293331826,1.971603739908811,1.9699258307246357,1.6471999828648132,1.959004576624402,1.950488635237563,1.932492073621088,1,1,4,4,7,19,10,10,13,13,16,16,19,19,19,2,2,1,2,2,2,4
1334.0,1.3340000000000002e-12,35.082958856495054,1.97399197928105,1.9711478895186714,1.6428049145371642,1.9593247966732525,1.9502907487401306,1.9345650996846069,1,1,4,4,7,19,10,10,13,13,16,16,19,19,19,2,2,1,2,2,2,4
1335.0,1.335e-12,35.11249274447645,1.9761281672797115,1.9720625829089224,1.6384615530040483,1.9595847923287908,1.9499466415323228,1.936328948053128,1,1,4,4,7,19,10,10,13,13,16,16,19,19,19,2,2,1,2,2,2,4
1336.0,1.3360000000000002e-12,35.14218108781078,1.9779970771392852,1.9726526905127433,1.6344327921726138,1.9596756500827692,1.94960213045751,1.9377902330548984,1,1,4,4,7,19,10,10,13,13,16,16,19,19,19,2,2,1,2,2,2,4
1337.0,1.337e-12,35.17225168362765,1.9796357130149103,1.9729222604073362,1.6309768881183773,1.9595507733328608,1.9493840636406772,1.9390353101304505,1,1,4,4,7,19,10,10,13,13,16,16,19,19,19,2,2,1,2,2,2,4
1338.0,1.3380000000000002e-12,35.20275803254288,1.9811179393731344,1.9728752575419866,1.6282684820404894,1.9592478735840702,1.949353639628303,1.9401897991313304,1,1,4,4,7,19,10,10,13,13,16,16,19,19,19,2,2,1,2,2,2,4
1339.0,1.339e-12,35.23359400291898,1.9825237348473141,1.9724975330083636,1.6263586953610167,1.9588615977649466,1.9494873031869195,1.9413640844437163,1,1,4,4,7,19,10,10,13,13,16,16,19,19,19,2,2,1,2,2,2,4
1340.0,1.3400000000000001e-12,35.26454417812383,1.983908629375013,1.9717496327499564,1.6251837363503259,1.9584876673488227,1.949689040000827,1.9426108375227276,1,1,4,4,7,19,10,10,13,13,16,16,19,19,19,2,2,1,2,2,2,4
1341.0,1.341e-12,35.29537917270859,1.985285108829583,1.9705729251559871,1.6246204067991796,1.9581720260750743,1.9498327275931642,1.9439085492067916,1,1,4,4,7,19,10,10,13,13,16,16,19,19,19,2,2,1,2,2,2,4
1342.0,1.3420000000000001e-12,35.32597449548728,1.9866204414697826,1.9689076335680014,1.6245710208057833,1.9578847101188213,1.9498225790941046,1.945174194451139,1,1,4,4,7,19,10,10,13,13,16,16,19,19,19,2,2,1,2,2,2,4
1343.0,1.343e-12,35.35638535570527,1.987850965770386,1.9667171836901696,1.6250309749373035,1.957523064647161,1.9496428306334943,1.9463015998274902,1,1,4,4,7,19,10,10,13,13,16,16,19,19,19,2,2,1,2,2,2,4
1344.0,1.3440000000000001e-12,35.3868500450154,1.9889092741606151,1.9640082753925212,1.6260886840109183,1.9569435929682197,1.9493659179948721,1.9472129355839736,1,1,4,4,7,19,10,10,13,13,16,16,19,19,19,2,2,1,2,2,2,4
1345.0,1.345e-12,35.417727379006564,1.9897536664515245,1.9608355649525921,1.6278585414603801,1.9560165963155547,1.949114236690801,1.9478988965648079,1,1,4,4,7,19,10,10,13,13,16,16,19,19,19,2,2,1,2,2,2,4
1346.0,1.3460000000000001e-12,35.44937738340313,1.9903840314652756,1.9572881241309812,1.6303971432554905,1.9546841777119872,1.949001034296578,1.9484231471162985,1,1,4,4,7,19,10,10,13,13,16,16,19,19,19,2,2,1,2,2,2,4
1347.0,1.347e-12,35.482028872011085,1.990834327148626,1.95346529516836,1.633648065267919,1.9529901951132091,1.9490808483323525,1.9488878131412706,1,1,4,4,7,19,10,10,13,13,16,16,19,19,19,2,2,1,2,2,2,4
1348.0,1.3480000000000001e-12,35.515709491523445,1.991146919634609,1.949452524336079,1.6374332038641068,1.9510622138620655,1.9493259256765192,1.9493815497139024,1,1,4,4,7,19,10,10,13,13,16,16,19,19,19,2,2,1,2,2,2,4
1349.0,1.349e-12,35.550247590059165,1.9913438963390162,1.945306900126442,1.6414921598217522,1.9490584382461762,1.9496337594712523,1.9499373991850828,1,1,4,4,7,19,10,10,13,13,16,16,19,19,19,2,2,1,2,2,2,4
1350.0,1.3500000000000001e-12,35.585307921778465,1.9914085830350126,1.9410579620894237,1.6455602895255301,1.9471118002618384,1.9498653127261807,1.9505159730432147,1,1,4,4,7,19,10,10,13,13,16,16,19,19,19,2,2,1,2,2,2,4
1351.0,1.3510000000000002e-12,35.62047839097004,1.991282914772829,1.9367228072020557,1.6494543817660465,1.9452935197652412,1.9499043609077085,1.951017203837304,1,1,4,4,7,19,10,10,13,13,16,16,19,19,19,2,2,1,2,2,2,4
1352.0,1.352e-12,35.65540463222618,1.9908810597534259,1.9323290640751425,1.6531143560275086,1.9436030663542296,1.9497121418492047,1.9513172251843165,1,1,4,4,7,19,10,10,13,13,16,16,19,19,19,2,2,1,2,2,2,4
1353.0,1.3530000000000002e-12,35.68990265943939,1.9901163315446149,1.927935444661045,1.6565711128850473,1.9419863005241333,1.9493450302461814,1.9513194215878027,1,1,4,4,7,19,10,10,13,13,16,16,19,19,19,2,2,1,2,2,2,4
1354.0,1.354e-12,35.72399793147763,1.988932728526696,1.9236376286555101,1.6598689838186547,1.9403797288750828,1.9489239828488407,1.9509981740792675,1,1,4,4,7,19,10,10,13,13,16,16,19,19,19,2,2,1,2,2,2,4
1355.0,1.3550000000000002e-12,35.75787762449784,1.987326398975814,1.9195546332074778,1.6629949072673094,1.9387660814610432,1.9485766347176305,1.950411485673846,1,1,4,4,7,19,10,10,13,13,16,16,19,19,19,2,2,1,2,2,2,4
1356.0,1.356e-12,35.79176535105858,1.9853446278563034,1.9158026682778988,1.6658442279441266,1.9372096015417954,1.948383259166019,1.9496746125066637,1,1,4,4,7,19,10,10,13,13,16,16,19,19,19,2,2,1,2,2,2,4
1357.0,1.3570000000000002e-12,35.82577569610776,1.9830633599747842,1.9124689789138205,1.668230897817203,1.9358444132751569,1.9483462509679914,1.9489108768679853,1,1,4,4,7,19,10,10,13,13,16,16,19,19,19,2,2,1,2,2,2,4
1358.0,1.358e-12,35.85984177676447,1.9805564880751723,1.9095955329209613,1.6699418076540347,1.9348223439319705,1.9483901690870626,1.948205614193278,1,1,4,4,7,19,10,10,13,13,16,16,19,19,19,2,2,1,2,2,2,4
1359.0,1.3590000000000002e-12,35.89372901671522,1.977871743912482,1.9071784522866269,1.6708195814434197,1.934253060053563,1.9483940493556913,1.9475811582814753,1,1,4,4,7,19,10,10,13,13,16,16,19,19,19,2,2,1,2,2,2,4
1360.0,1.36e-12,35.92708618427331,1.9750214882742227,1.9051835312406245,1.6708307801073925,1.9341643152567247,1.948248405282335,1.9469991149563632,1,1,4,4,7,19,10,10,13,13,16,16,19,19,19,2,2,1,2,2,2,4
1361.0,1.3610000000000002e-12,35.959540793915,1.9719892828353656,1.9035717158517647,1.6700718548515723,1.9344916345593381,1.9479129002588385,1.9463879951103145,1,1,4,4,7,19,10,10,13,13,16,16,19,19,19,2,2,1,2,2,2,4
1362.0,1.362e-12,35.99083137461956,1.9687495106013808,1.9023237566850835,1.6687087977020663,1.935098338692287,1.9474403097171467,1.9456880739142555,1,1,4,4,7,19,10,10,13,13,16,16,19,19,19,2,2,1,2,2,2,4
1363.0,1.3630000000000001e-12,36.020908181681655,1.9652938822324406,1.9014515046374818,1.6668955085577615,1.9358226262879104,1.9469509111252097,1.944895027288953,1,1,4,4,7,19,10,10,13,13,16,16,19,19,19,2,2,1,2,2,2,4
1364.0,1.364e-12,36.049957493225655,1.9616522485197003,1.9009889234944413,1.6647156284003541,1.936537503962773,1.946574915505784,1.9440780396280894,1,1,4,4,7,19,10,10,13,13,16,16,19,19,19,2,2,1,2,2,2,4
1365.0,1.3650000000000001e-12,36.0783480254562,1.9578941847279532,1.9009679204723196,1.6621656358495907,1.937194204311539,1.9463952760800372,1.9433592246759956,1,1,4,4,7,19,10,10,13,13,16,16,19,19,19,2,2,1,2,2,2,4
1366.0,1.366e-12,36.10651326091662,1.9541091965465591,1.9013927304369895,1.6591821412610528,1.9378228883029818,1.9464132472456883,1.9428658628288762,1,1,4,4,7,19,10,10,13,13,16,16,19,19,19,2,2,1,2,2,2,4
1367.0,1.3670000000000001e-12,36.13481591469838,1.9503772158735684,1.9022244627818845,1.655709190237685,1.938493407017975,1.9465450291729787,1.942681332377381,1,1,4,4,7,19,10,10,13,13,16,16,19,19,19,2,2,1,2,2,2,4
1368.0,1.368e-12,36.16346833261703,1.946743391069455,1.9033815345112166,1.6517784334441414,1.9392643760727708,1.9466511040495413,1.9428153257492369,1,1,4,4,7,19,10,10,13,13,16,16,19,19,19,2,2,1,2,2,2,4
1369.0,1.3690000000000001e-12,36.19252012892188,1.9432062662697576,1.9047559174533635,1.6475505396498744,1.940146241813513,1.9465923628777857,1.9432017531464094,1,1,4,4,7,19,10,10,13,13,16,16,19,19,19,2,2,1,2,2,2,4
1370.0,1.37e-12,36.22187613742714,1.939722482653825,1.9062398367538897,1.6432841305429107,1.941088591287204,1.9462906988585902,1.9437236713799475,1,1,4,4,7,19,10,10,13,13,16,16,19,19,19,2,2,1,2,2,2,4
1371.0,1.3710000000000001e-12,36.25135861860125,1.9362264292264557,1.9077531766149658,1.6392544323203602,1.9419927800084282,1.9457606489598076,1.9442581742982503,1,1,4,4,7,19,10,10,13,13,16,16,19,19,19,2,2,1,2,2,2,4
1372.0,1.372e-12,36.2808160675078,1.9326593725664125,1.909258495612395,1.6356739797303785,1.942747646382346,1.945092913391782,1.9447248375971096,1,1,4,4,7,19,10,10,13,13,16,16,19,19,19,2,2,1,2,2,2,4
1373.0,1.3730000000000001e-12,36.310221744043254,1.928996994522334,1.9107554333130923,1.6326488953203588,1.9432790185710445,1.9444031364138035,1.9451141437696176,1,1,4,4,7,19,10,10,13,13,16,16,19,19,19,2,2,1,2,2,2,4
1374.0,1.3740000000000002e-12,36.33971839225796,1.925260549712482,1.9122587241646218,1.6301790926774913,1.9435906817051418,1.9437762086644592,1.9454796983081724,1,1,4,4,7,19,10,10,13,13,16,16,19,19,19,2,2,1,2,2,2,4
1375.0,1.375e-12,36.369595405023325,1.9215050315926434,1.9137722781622157,1.628203347476328,1.943770532147534,1.9432292738851562,1.9458997696385996,1,1,4,4,7,19,10,10,13,13,16,16,19,19,19,2,2,1,2,2,2,4
1376.0,1.3760000000000002e-12,36.40018983918808,1.91779339704711,1.9152719553760402,1.626676943817245,1.9439559542649572,1.9427031868748417,1.9464311011156377,1,1,4,4,7,19,10,10,13,13,16,16,19,19,19,2,2,1,2,2,2,4
1377.0,1.377e-12,36.431743214787254,1.9141721607906779,1.916703327825746,1.625640928646849,1.9442795985753896,1.9420848525217123,1.9470767561903948,1,1,4,4,7,19,10,10,13,13,16,16,19,19,19,2,2,1,2,2,2,4
1378.0,1.3780000000000002e-12,36.46430290870803,1.9106576757438993,1.9179953590309102,1.6252305158705995,1.9448223442953958,1.9412570533797433,1.9477780589459142,1,1,4,4,7,19,10,10,13,13,16,16,19,19,19,2,2,1,2,2,2,4
1379.0,1.379e-12,36.4977059713172,1.9072363310727252,1.9190855351344738,1.625614028889491,1.945588941757111,1.9401582512072217,1.9484322025340532,1,1,4,4,7,19,10,10,13,13,16,16,19,19,19,2,2,1,2,2,2,4
1380.0,1.3800000000000002e-12,36.5316119568783,1.9038795334704761,1.9199461666691442,1.6269079308865664,1.946511056970724,1.9388203373957036,1.9489311917903813,1,1,4,4,7,19,10,10,13,13,16,16,19,19,19,2,2,1,2,2,2,4
1381.0,1.381e-12,36.565588771816614,1.900569456940707,1.9205988235789009,1.6291163217107372,1.9474773833200858,1.9373603385191667,1.9492092104536578,1,1,4,4,7,19,10,10,13,13,16,16,19,19,19,2,2,1,2,2,2,4
1382.0,1.3820000000000002e-12,36.599246194218466,1.897324726425831,1.9211081879996246,1.6321148345414038,1.9483836346323797,1.9359321828159073,1.9492761046164937,1,1,4,4,7,19,10,10,13,13,16,16,19,19,19,2,2,1,2,2,2,4
1383.0,1.383e-12,36.63235604840428,1.894211726306105,1.9215579801886438,1.6356815416162775,1.9491803983227751,1.9346672842685428,1.949216130668745,1,1,4,4,7,19,10,10,13,13,16,16,19,19,19,2,2,1,2,2,2,4
1384.0,1.3840000000000002e-12,36.66490872424549,1.891332630472197,1.9220218659494785,1.639569552935143,1.9498898497989539,1.9336299087442332,1.9491513421669777,1,1,4,4,7,19,10,10,13,13,16,16,19,19,19,2,2,1,2,2,2,4
1385.0,1.385e-12,36.6970863661623,1.8887963850553346,1.9225426994603934,1.6435950774065629,1.950580231699288,1.9328003717286986,1.949190387724365,1,1,4,4,7,19,10,10,13,13,16,16,19,19,19,2,2,1,2,2,2,4
1386.0,1.3860000000000002e-12,36.72915117358226,1.8866888164487845,1.9231275183564502,1.6476872937048745,1.9513170298135136,1.9320904514740103,1.9493875693924765,1,1,4,4,7,19,10,10,13,13,16,16,19,19,19,2,2,1,2,2,2,4
1387.0,1.387e-12,36.761301985189185,1.885053867937163,1.9237584940797083,1.6518642123411313,1.952119749501886,1.9313892308053864,1.9497258647734548,1,1,4,4,7,19,10,10,13,13,16,16,19,19,19,2,2,1,2,2,2,4
1388.0,1.3880000000000001e-12,36.79359543713983,1.883889525364205,1.9244156795122276,1.6561577016939877,1.9529410213895497,1.9306241385593137,1.9501276786172335,1,1,4,4,7,19,10,10,13,13,16,16,19,19,19,2,2,1,2,2,2,4
1389.0,1.389e-12,36.8259485339978,1.883158352918078,1.9251019420303408,1.6605418786373798,1.9536717660350515,1.9298051799239422,1.9504908702458252,1,1,4,4,7,19,10,10,13,13,16,16,19,19,19,2,2,1,2,2,2,4
1390.0,1.3900000000000001e-12,36.8581654558885,1.8828104331572884,1.925858213469346,1.6648963992847121,1.954170311256879,1.9290247711296802,1.9507376826189184,1,1,4,4,7,19,10,10,13,13,16,16,19,19,19,2,2,1,2,2,2,4
1391.0,1.391e-12,36.88999235782286,1.882809960181033,1.926759488433864,1.6690130980619444,1.954308851603901,1.9284149523711702,1.9508529426839931,1,1,4,4,7,19,10,10,13,13,16,16,19,19,19,2,2,1,2,2,2,4
1392.0,1.3920000000000001e-12,36.92121589244892,1.8831522438329564,1.9278930650600135,1.6726453543722883,1.954020355063742,1.9280892530984297,1.9508888673076785,1,1,4,4,7,19,10,10,13,13,16,16,19,19,19,2,2,1,2,2,2,4
1393.0,1.393e-12,36.951761788497414,1.883860540208588,1.9293307166493188,1.6755883659642345,1.9533218932720386,1.9280968252048603,1.9509333172502776,1,1,4,4,7,19,10,10,13,13,16,16,19,19,19,2,2,1,2,2,2,4
1394.0,1.3940000000000001e-12,36.98174826744306,1.8849651050823046,1.931107972357109,1.6777523702531967,1.9522999875488567,1.9284030638917837,1.951060995963872,1,1,4,4,7,19,10,10,13,13,16,16,19,19,19,2,2,1,2,2,2,4
1395.0,1.395e-12,37.01147100417052,1.8864776357433266,1.9332184797120457,1.679177353983824,1.9510687803830435,1.9289016056803734,1.951293110920584,1,1,4,4,7,19,10,10,13,13,16,16,19,19,19,2,2,1,2,2,2,4
1396.0,1.3960000000000001e-12,37.041308547554074,1.88837378729971,1.935623949666697,1.679977603416819,1.9497255180458153,1.9294564839082577,1.9515807967244176,1,1,4,4,7,19,10,10,13,13,16,16,19,19,19,2,2,1,2,2,2,4
1397.0,1.3970000000000002e-12,37.07158029712355,1.8905890988347522,1.9382750216107563,1.680259490759479,1.9483213926698837,1.929962007711825,1.9518161577795272,1,1,4,4,7,19,10,10,13,13,16,16,19,19,19,2,2,1,2,2,2,4
1398.0,1.3980000000000001e-12,37.10244332351873,1.89302933509275,1.9411360877880077,1.680060653441329,1.9468535856195814,1.930392158866274,1.9518682480337872,1,1,4,4,7,19,10,10,13,13,16,16,19,19,19,2,2,1,2,2,2,4
1399.0,1.3990000000000002e-12,37.13386612009355,1.8955936700876288,1.9442033211454823,1.6793301055484573,1.9452796096053815,1.9308100594311806,1.9516328069308477,1,1,4,4,7,19,10,10,13,13,16,16,19,19,19,2,2,1,2,2,2,4
1400.0,1.4e-12,37.16564146704434,1.8982031883356183,1.9475045954101136,1.6779517775206063,1.9435525015951913,1.9313329468871117,1.9510737233575064,1,1,4,4,7,19,10,10,13,13,16,16,19,19,19,2,2,1,2,2,2,4
1401.0,1.4010000000000002e-12,37.19744153263175,1.9008221160618424,1.9510796866140538,1.6758081539220877,1.9416653466354699,1.9320759656236597,1.9502339435142002,1,1,4,4,7,19,10,10,13,13,16,16,19,19,19,2,2,1,2,2,2,4
1402.0,1.402e-12,37.22893047363348,1.9034604169810523,1.9549514973642297,1.6728627115676749,1.9396802527775683,1.9331026352686693,1.9492099983144113,1,1,4,4,7,19,10,10,13,13,16,16,19,19,19,2,2,1,2,2,2,4
1403.0,1.4030000000000002e-12,37.259893267040795,1.9061564625901755,1.959102978260007,1.6692121534557036,1.937719859842769,1.934398397301137,1.9481055927608757,1,1,4,4,7,19,10,10,13,13,16,16,19,19,19,2,2,1,2,2,2,4
1404.0,1.404e-12,37.29032257282144,1.9089504890372235,1.9634697010017057,1.6650666300602475,1.9359247008094405,1.9358740048155056,1.9469880474920285,1,1,4,4,7,19,10,10,13,13,16,16,19,19,19,2,2,1,2,2,2,4
1405.0,1.4050000000000002e-12,37.320417630731264,1.911862081115716,1.967949739306725,1.660672480163236,1.9344021535064932,1.9373998433890973,1.9458648116031596,1,1,4,4,7,19,10,10,13,13,16,16,19,19,19,2,2,1,2,2,2,4
1406.0,1.406e-12,37.35047530136061,1.9148791177495796,1.972425877015369,1.656231646873637,1.9331910730520063,1.938862066160619,1.9446869919419565,1,1,4,4,7,19,10,10,13,13,16,16,19,19,19,2,2,1,2,2,2,4
1407.0,1.4070000000000002e-12,37.380726928075916,1.9179600475721663,1.9767922112896679,1.651855688560811,1.9322513570047404,1.9402151129440472,1.9433787733981553,1,1,4,4,7,19,10,10,13,13,16,16,19,19,19,2,2,1,2,2,2,4
1408.0,1.408e-12,37.41124025003158,1.921049680427421,1.9809764311199693,1.647562194293112,1.9314795245735767,1.9414998736711497,1.9418829105311541,1,1,4,4,7,19,10,10,13,13,16,16,19,19,19,2,2,1,2,2,2,4
1409.0,1.4090000000000002e-12,37.44192405026067,1.9241038517035893,1.9849461405943045,1.643314419318535,1.9307483596916732,1.9428164459631252,1.9402014862560388,1,1,4,4,7,19,10,10,13,13,16,16,19,19,19,2,2,1,2,2,2,4
1410.0,1.41e-12,37.472566238198624,1.9271103723147867,1.9886936857768707,1.6390969576130467,1.9299591729654895,1.9442698656018202,1.9384088716951642,1,1,4,4,7,19,10,10,13,13,16,16,19,19,19,2,2,1,2,2,2,4
1411.0,1.4110000000000001e-12,37.502889344585334,1.930093507943235,1.9922086685734934,1.6349914430402468,1.9290813996013478,1.945917921575668,1.936628292932244,1,1,4,4,7,19,10,10,13,13,16,16,19,19,19,2,2,1,2,2,2,4
1412.0,1.412e-12,37.5326475897583,1.9330987773242945,1.995454537329247,1.6311966630168169,1.928155375659201,1.94774032984584,1.9349850492326468,1,1,4,4,7,19,10,10,13,13,16,16,19,19,19,2,2,1,2,2,2,4
1413.0,1.4130000000000001e-12,37.56173821688778,1.9361667025348646,1.9983603692463903,1.627972914252416,1.9272585145964618,1.9496370596476993,1.9335602822816038,1,1,4,4,7,19,10,10,13,13,16,16,19,19,19,2,2,1,2,2,2,4
1414.0,1.414e-12,37.59027231415855,1.939309421536323,2.0008303980595965,1.6255505007051787,1.926458510306774,1.951458026837202,1.9323640527191441,1,1,4,4,7,19,10,10,13,13,16,16,19,19,19,2,2,1,2,2,2,4
1415.0,1.4150000000000001e-12,37.61856645959081,1.942498996523895,2.0027672497300824,1.6240564945968092,1.9257779776670902,1.9530574592056287,1.9313361891478356,1,1,4,4,7,19,10,10,13,13,16,16,19,19,19,2,2,1,2,2,2,4
1416.0,1.416e-12,37.64704537587856,1.945669753794471,2.004100556161898,1.6234863610812829,1.9251812752809399,1.9543506015599945,1.930374635797022,1,1,4,4,7,19,10,10,13,13,16,16,19,19,19,2,2,1,2,2,2,4
1417.0,1.4170000000000001e-12,37.676098217593335,1.948733511941049,2.004810087536423,1.6237238194734254,1.9245858719903353,1.9553414170153174,1.929382443865798,1,1,4,4,7,19,10,10,13,13,16,16,19,19,19,2,2,1,2,2,2,4
1418.0,1.418e-12,37.70597717633086,1.9516049152874986,2.004931777634801,1.6246053934029634,1.92389673893189,1.9561056053728338,1.9283133178842262,1,1,4,4,7,19,10,10,13,13,16,16,19,19,19,2,2,1,2,2,2,4
1419.0,1.4190000000000001e-12,37.736765627806264,1.954227336340104,2.0045417534886183,1.6260080372381285,1.9230555913435674,1.9567422044206642,1.9271917757269155,1,1,4,4,7,19,10,10,13,13,16,16,19,19,19,2,2,1,2,2,2,4
1420.0,1.4200000000000002e-12,37.76837235638289,1.9565853334932528,2.0037268209376937,1.6279080003064077,1.922082845724419,1.957321528323408,1.9260972571535557,1,1,4,4,7,19,10,10,13,13,16,16,19,19,19,2,2,1,2,2,2,4
1421.0,1.4210000000000001e-12,37.80055982277339,1.9586969551821207,2.0025566505086285,1.6303665150711097,1.9210851114120482,1.957850506457377,1.9251230295681945,1,1,4,4,7,19,10,10,13,13,16,16,19,19,19,2,2,1,2,2,2,4
1422.0,1.4220000000000002e-12,37.8330350442777,1.9605920145580507,2.0010693557157686,1.63345503874669,1.920220453854775,1.9582645579868005,1.9243324441619438,1,1,4,4,7,19,10,10,13,13,16,16,19,19,19,2,2,1,2,2,2,4
1423.0,1.423e-12,37.86557214798594,1.9622895304109496,1.9992735980843146,1.6371758399071088,1.9196417956999816,1.9584490387918618,1.9237311649125304,1,1,4,4,7,19,10,10,13,13,16,16,19,19,19,2,2,1,2,2,2,4
1424.0,1.4240000000000002e-12,37.898110006469096,1.9637847056684583,1.9971657793928295,1.641417607058021,1.9194471188457438,1.9582869827197007,1.9232642127362112,1,1,4,4,7,19,10,10,13,13,16,16,19,19,19,2,2,1,2,2,2,4
1425.0,1.425e-12,37.93078026993101,1.9650492613552408,1.9947549426879458,1.6459587774991842,1.9196531039095948,1.9577155190019488,1.922838725156568,1,1,4,4,7,19,10,10,13,13,16,16,19,19,19,2,2,1,2,2,2,4
1426.0,1.4260000000000002e-12,37.963832366894216,1.9660436936446946,1.992084550869907,1.650516560022179,1.9201975427767721,1.9567599067258288,1.9223663468345393,1,1,4,4,7,19,10,10,13,13,16,16,19,19,19,2,2,1,2,2,2,4
1427.0,1.427e-12,37.997480099739974,1.9667377627157892,1.989239279695496,1.6548296905898972,1.9209705705581837,1.9555240638897573,1.9218085414682582,1,1,4,4,7,19,10,10,13,13,16,16,19,19,19,2,2,1,2,2,2,4
1428.0,1.4280000000000002e-12,38.031776834835846,1.9671321043297454,1.9863304732963984,1.6587401904978012,1.9218674674812506,1.954144981732686,1.9212013806528545,1,1,4,4,7,19,10,10,13,13,16,16,19,19,19,2,2,1,2,2,2,4
1429.0,1.429e-12,38.06658411731495,1.9672696489759778,1.983466757968261,1.6622211301517729,1.9228402398987168,1.9527375041629653,1.9206449020999383,1,1,4,4,7,19,10,10,13,13,16,16,19,19,19,2,2,1,2,2,2,4
1430.0,1.4300000000000002e-12,38.101593381653615,1.9672283058894422,1.9807253918458005,1.665329314771256,1.923915503875162,1.95135360599318,1.9202631503670535,1,1,4,4,7,19,10,10,13,13,16,16,19,19,19,2,2,1,2,2,2,4
1431.0,1.431e-12,38.13638280569405,1.967098168504162,1.9781369636742956,1.6681214017011907,1.9251660536242667,1.9499678862854004,1.9201565055705603,1,1,4,4,7,19,10,10,13,13,16,16,19,19,19,2,2,1,2,2,2,4
1432.0,1.4320000000000002e-12,38.170523426451425,1.9669556245671849,1.9756875840744348,1.6705866569969203,1.926657306535256,1.948493057328922,1.920366710241926,1,1,4,4,7,19,10,10,13,13,16,16,19,19,19,2,2,1,2,2,2,4
1433.0,1.433e-12,38.203706368602994,1.9668458367899917,1.9733367864446512,1.672621745014787,1.9284005800046455,1.9468235068731508,1.920865639157631,1,1,4,4,7,19,10,10,13,13,16,16,19,19,19,2,2,1,2,2,2,4
1434.0,1.4340000000000002e-12,38.2358394015439,1.9667783009179831,1.971044574888319,1.674051805125167,1.9303315734999666,1.9448919018022135,1.921570946289299,1,1,4,4,7,19,10,10,13,13,16,16,19,19,19,2,2,1,2,2,2,4
1435.0,1.435e-12,38.26706603245988,1.9667348077915403,1.968796806286328,1.674693686708043,1.9323177602009047,1.9427088315046994,1.9223845158178272,1,1,4,4,7,19,10,10,13,13,16,16,19,19,19,2,2,1,2,2,2,4
1436.0,1.4360000000000001e-12,38.29768071980594,1.9666864318837343,1.9666168286399996,1.6744401200688641,1.9341917590919595,1.9403613700655593,1.9232385384756696,1,1,4,4,7,19,10,10,13,13,16,16,19,19,19,2,2,1,2,2,2,4
1437.0,1.437e-12,38.327981824058554,1.9666137802961565,1.9645568086450274,1.6733181018096408,1.9358026900060004,1.9379744403506842,1.924125790000707,1,1,4,4,7,19,10,10,13,13,16,16,19,19,19,2,2,1,2,2,2,4
1438.0,1.4380000000000001e-12,38.35816947355682,1.9665213173300888,1.9626724735714267,1.671478492367314,1.937067905688258,1.9356587681931925,1.9250972690644694,1,1,4,4,7,19,10,10,13,13,16,16,19,19,19,2,2,1,2,2,2,4
1439.0,1.439e-12,38.388324535728614,1.9664368813119386,1.9609945766281391,1.6691234047350922,1.9379974189577647,1.9334690060636333,1.9262293241060642,1,1,4,4,7,19,10,10,13,13,16,16,19,19,19,2,2,1,2,2,2,4
1440.0,1.4400000000000001e-12,38.41840880548163,1.9663961225536912,1.959511270944068,1.6664225295108668,1.938675328938436,1.9313860938592073,1.9275791319951332,1,1,4,4,7,19,10,10,13,13,16,16,19,19,19,2,2,1,2,2,2,4
1441.0,1.441e-12,38.44828032559069,1.966421309790223,1.9581678009690222,1.663461085026505,1.9392123106948602,1.929328432990525,1.9291495461288621,1,1,4,4,7,19,10,10,13,13,16,16,19,19,19,2,2,1,2,2,2,4
1442.0,1.4420000000000001e-12,38.47776204631155,1.9665058899274082,1.9568824528075262,1.6602327141606397,1.9396972554205687,1.927190114053853,1.9308760125508655,1,1,4,4,7,19,10,10,13,13,16,16,19,19,19,2,2,1,2,2,2,4
1443.0,1.4430000000000002e-12,38.506750317111205,1.9666107138162363,1.9555729981475567,1.65667768052384,1.940166891701535,1.924894676730328,1.9326394362856985,1,1,4,4,7,19,10,10,13,13,16,16,19,19,19,2,2,1,2,2,2,4
1444.0,1.4440000000000001e-12,38.535312143478265,1.9666721755076293,1.9541835121105045,1.6527574025293958,1.9405996243206725,1.922438520332379,1.934301921980706,1,1,4,4,7,19,10,10,13,13,16,16,19,19,19,2,2,1,2,2,2,4
1445.0,1.4450000000000002e-12,38.56372110473791,1.9666196387097932,1.9526987372422424,1.648532034456686,1.9409342010374002,1.9198982172278263,1.9357531972924895,1,1,4,4,7,19,10,10,13,13,16,16,19,19,19,2,2,1,2,2,2,4
1446.0,1.446e-12,38.592394652753306,1.9663974886299023,1.951138069429756,1.6441885207413323,1.9411093307589273,1.917399430453759,1.9369465796588892,1,1,4,4,7,19,10,10,13,13,16,16,19,19,19,2,2,1,2,2,2,4
1447.0,1.4470000000000002e-12,38.62174951754087,1.965983755583939,1.9495324592909122,1.639995696650137,1.9411101581110493,1.9150682875235718,1.9379060495432394,1,1,4,4,7,19,10,10,13,13,16,16,19,19,19,2,2,1,2,2,2,4
1448.0,1.448e-12,38.65206896000982,1.9653956361428584,1.9478963808354024,1.6362174044733213,1.9409954858891898,1.9129878364249915,1.9387021198372494,1,1,4,4,7,19,10,10,13,13,16,16,19,19,19,2,2,1,2,2,2,4
1449.0,1.4490000000000002e-12,38.683447536423834,1.9646778554062587,1.9462081102715412,1.6330347589663394,1.94088490142921,1.9111734321233762,1.9394108216042163,1,1,4,4,7,19,10,10,13,13,16,16,19,19,19,2,2,1,2,2,2,4
1450.0,1.45e-12,38.71578353480146,1.9638808211003678,1.944406749845603,1.6305094568768754,1.94091239558214,1.9095745559461856,1.9400756548554192,1,1,4,4,7,19,10,10,13,13,16,16,19,19,19,2,2,1,2,2,2,4
1451.0,1.4510000000000002e-12,38.74880574931452,1.963040818832654,1.942407122676727,1.6285960232304426,1.9411741357355572,1.908104772398107,1.9406870173701551,1,1,4,4,7,19,10,10,13,13,16,16,19,19,19,2,2,1,2,2,2,4
1452.0,1.452e-12,38.7821582926475,1.962170211835985,1.940127367634848,1.627199488326731,1.9416936206334376,1.9066919249882799,1.9411853589520391,1,1,4,4,7,19,10,10,13,13,16,16,19,19,19,2,2,1,2,2,2,4
1453.0,1.4530000000000002e-12,38.81553010923236,1.9612592551012735,1.9375189329491356,1.6262590824277428,1.942413542518872,1.9053257459339694,1.9414880526932663,1,1,4,4,7,19,10,10,13,13,16,16,19,19,19,2,2,1,2,2,2,4
1454.0,1.454e-12,38.84877759691502,1.960287652555734,1.9345851537617025,1.6258105881348763,1.9432156386962587,1.9040740257955997,1.9415315478615278,1,1,4,4,7,19,10,10,13,13,16,16,19,19,19,2,2,1,2,2,2,4
1455.0,1.4550000000000002e-12,38.8819738238281,1.959242044155918,1.9313782968224706,1.6259798284754996,1.9439644294277292,1.9030573202538899,1.941309379728056,1,1,4,4,7,19,10,10,13,13,16,16,19,19,19,2,2,1,2,2,2,4
1456.0,1.456e-12,38.91533363462049,1.9581325484597762,1.9279774434875783,1.6269119387717148,1.944559894388475,1.9023998470944217,1.9408841871827818,1,1,4,4,7,19,10,10,13,13,16,16,19,19,19,2,2,1,2,2,2,4
1457.0,1.4570000000000002e-12,38.949050832342515,1.9569989417798745,1.92446007206018,1.628686898612297,1.9449730967861785,1.9021822323588475,1.940366218195921,1,1,4,4,7,19,10,10,13,13,16,16,19,19,19,2,2,1,2,2,2,4
1458.0,1.458e-12,38.983179338805655,1.9559005001671097,1.9208795891888366,1.63126534277121,1.9452439427052224,1.902412396826194,1.93987041456485,1,1,4,4,7,19,10,10,13,13,16,16,19,19,19,2,2,1,2,2,2,4
1459.0,1.4590000000000001e-12,39.01762309431432,1.9548939798826925,1.9172563670307492,1.6344824297959066,1.9454447824422187,1.9030227719208817,1.9394735159245524,1,1,4,4,7,19,10,10,13,13,16,16,19,19,19,2,2,1,2,2,2,4
1460.0,1.46e-12,39.052163248038916,1.9540122800682909,1.9135865481859897,1.6380904850644165,1.9456345762860237,1.903896978229651,1.9391888455186863,1,1,4,4,7,19,10,10,13,13,16,16,19,19,19,2,2,1,2,2,2,4
1461.0,1.4610000000000001e-12,39.08648526511979,1.9532534763132996,1.9098662100014674,1.6418389099593769,1.9458266346464335,1.9049198884806657,1.9389666933628338,1,1,4,4,7,19,10,10,13,13,16,16,19,19,19,2,2,1,2,2,2,4
1462.0,1.462e-12,39.12024221024464,1.9525823016754646,1.9061203974928196,1.6455584306996953,1.9459791066306358,1.906029996244972,1.9387201929151268,1,1,4,4,7,19,10,10,13,13,16,16,19,19,19,2,2,1,2,2,2,4
1463.0,1.4630000000000001e-12,39.1531654859966,1.9519418628534748,1.902421896900649,1.6491982563982082,1.946009142937686,1.9072442040974904,1.9383684005985795,1,1,4,4,7,19,10,10,13,13,16,16,19,19,19,2,2,1,2,2,2,4
1464.0,1.464e-12,39.18517850752509,1.951272172282277,1.8988882209518665,1.6527900137932547,1.945828250257872,1.9086401045684216,1.9378775136650002,1,1,4,4,7,19,10,10,13,13,16,16,19,19,19,2,2,1,2,2,2,4
1465.0,1.4650000000000001e-12,39.216444713914875,1.9505296852135439,1.895657608498267,1.6563690946725207,1.9453890349985892,1.9103095731941115,1.9372777167853799,1,1,4,4,7,19,10,10,13,13,16,16,19,19,19,2,2,1,2,2,2,4
1466.0,1.466e-12,39.24730438018794,1.9496991599234599,1.8928567186988585,1.6599048463560284,1.9447220423720906,1.9123099951374962,1.9366469989125767,1,1,4,4,7,19,10,10,13,13,16,16,19,19,19,2,2,1,2,2,2,4
1467.0,1.4670000000000001e-12,39.278129057827044,1.948791239822336,1.8905742989364367,1.6632689834788015,1.9439393953759705,1.9146320263296344,1.936073442341684,1,1,4,4,7,19,10,10,13,13,16,16,19,19,19,2,2,1,2,2,2,4
1468.0,1.4680000000000002e-12,39.309196771279325,1.947827208130028,1.8888489877641506,1.6662508777404668,1.9432001454768677,1.91719332244089,1.9356163136903255,1,1,4,4,7,19,10,10,13,13,16,16,19,19,19,2,2,1,2,2,2,4
1469.0,1.4690000000000001e-12,39.34064246256202,1.9468205200171065,1.887675027100623,1.6686178726755172,1.9426568219886569,1.9198624553070338,1.935282274411852,1,1,4,4,7,19,10,10,13,13,16,16,19,19,19,2,2,1,2,2,2,4
1470.0,1.4700000000000002e-12,39.37244004264103,1.9457655943525087,1.887024738416311,1.6701999243390786,1.9424098699791044,1.9225081190835898,1.9350245977686897,1,1,4,4,7,19,10,10,13,13,16,16,19,19,19,2,2,1,2,2,2,4
1471.0,1.471e-12,39.404402449612775,1.9446376456393615,1.886877893474792,1.6709539857070799,1.942484553918795,1.9250540252467225,1.9347655505190253,1,1,4,4,7,19,10,10,13,13,16,16,19,19,19,2,2,1,2,2,2,4
1472.0,1.4720000000000002e-12,39.43624035667044,1.9434020178648839,1.8872436019187189,1.6709634837640452,1.9428341169114338,1.9275091619660665,1.9344351511235265,1,1,4,4,7,19,10,10,13,13,16,16,19,19,19,2,2,1,2,2,2,4
1473.0,1.473e-12,39.46768458867181,1.9420295120472135,1.8881626851951623,1.6703740834931584,1.9433694156125774,1.9299542967948713,1.9340101553163997,1,1,4,4,7,19,10,10,13,13,16,16,19,19,19,2,2,1,2,2,2,4
1474.0,1.4740000000000002e-12,39.49862015518876,1.9405130337376182,1.8896887452808986,1.6693122526386708,1.944008093845071,1.9324950956486724,1.9335325272942279,1,1,4,4,7,19,10,10,13,13,16,16,19,19,19,2,2,1,2,2,2,4
1475.0,1.475e-12,39.52915762417191,1.9388783037689865,1.8918582010021165,1.6678297237677187,1.9447212350019125,1.935209214512518,1.9330968603311327,1,1,4,4,7,19,10,10,13,13,16,16,19,19,19,2,2,1,2,2,2,4
1476.0,1.4760000000000002e-12,39.55958151814911,1.9371816121348706,1.8946640726537267,1.6658909627179672,1.945547971133256,1.9381089523692054,1.9328148819939397,1,1,4,4,7,19,10,10,13,13,16,16,19,19,19,2,2,1,2,2,2,4
1477.0,1.477e-12,39.59019356984459,1.9354942548758602,1.8980442098848853,1.6634062892036219,1.9465671222918024,1.941129366601158,1.9327756450520381,1,1,4,4,7,19,10,10,13,13,16,16,19,19,19,2,2,1,2,2,2,4
1478.0,1.4780000000000002e-12,39.62117039193641,1.9338812841424853,1.9018890091355576,1.660303385731154,1.9478457452384825,1.944147137137054,1.9330174089321746,1,1,4,4,7,19,10,10,13,13,16,16,19,19,19,2,2,1,2,2,2,4
1479.0,1.479e-12,39.65251795616495,1.9323848045181875,1.9060665839098248,1.6566066083554094,1.949394633224306,1.9470284175056727,1.933520113645396,1,1,4,4,7,19,10,10,13,13,16,16,19,19,19,2,2,1,2,2,2,4
1480.0,1.4800000000000002e-12,39.68407969173262,1.931018014077993,1.9104548861003277,1.6524727840325673,1.9511479078090448,1.949686913301415,1.9342205998729762,1,1,4,4,7,19,10,10,13,13,16,16,19,19,19,2,2,1,2,2,2,4
1481.0,1.481e-12,39.71556390844266,1.9297698226526956,1.9149667490606632,1.6481548821844638,1.95296985909652,1.95211915746677,1.935045884041197,1,1,4,4,7,19,10,10,13,13,16,16,19,19,19,2,2,1,2,2,2,4
1482.0,1.4820000000000001e-12,39.746616258173795,1.928616823355307,1.919557065951823,1.6439200675349137,1.954687595466803,1.9543949160311227,1.9359509321037565,1,1,4,4,7,19,10,10,13,13,16,16,19,19,19,2,2,1,2,2,2,4
1483.0,1.483e-12,39.77694008490606,1.9275389933429434,1.9242092714325476,1.639972841953285,1.956142576489419,1.9566119337505736,1.9369413631936714,1,1,4,4,7,19,10,10,13,13,16,16,19,19,19,2,2,1,2,2,2,4
1484.0,1.4840000000000001e-12,39.80641967817658,1.9265330563542866,1.9289090988970166,1.636414428139623,1.9572416483301598,1.9588434621738113,1.938068126488908,1,1,4,4,7,19,10,10,13,13,16,16,19,19,19,2,2,1,2,2,2,4
1485.0,1.485e-12,39.83518231194109,1.9256158263450034,1.9336195655506059,1.6332476771007804,1.957980455782086,1.9611013170549443,1.9393986360183435,1,1,4,4,7,19,10,10,13,13,16,16,19,19,19,2,2,1,2,2,2,4
1486.0,1.4860000000000001e-12,39.86354847151672,1.9248148644872631,1.9382680672468304,1.6304273014292914,1.9584253359097443,1.9633237733790854,1.9409807358708144,1,1,4,4,7,19,10,10,13,13,16,16,19,19,19,2,2,1,2,2,2,4
1487.0,1.487e-12,39.89189299739142,1.9241519999561603,1.9427503360993514,1.6279396029701236,1.958667680664469,1.9653911411376783,1.942815275683293,1,1,4,4,7,19,10,10,13,13,16,16,19,19,19,2,2,1,2,2,2,4
1488.0,1.4880000000000001e-12,39.920522367477595,1.9236290306490238,1.9469518561744574,1.6258663165339062,1.9587776133870196,1.9671687302172907,1.944846902228962,1,1,4,4,7,19,10,10,13,13,16,16,19,19,19,2,2,1,2,2,2,4
1489.0,1.489e-12,39.949626912857646,1.9232221524911572,1.9507796640051698,1.6243833131604288,1.9587750402073894,1.9685636998863065,1.9469765215562385,1,1,4,4,7,19,10,10,13,13,16,16,19,19,19,2,2,1,2,2,2,4
1490.0,1.4900000000000001e-12,39.97926042555878,1.922886401023041,1.954189407169566,1.6236934324879995,1.9586243897680349,1.9695649352589704,1.9490922460856144,1,1,4,4,7,19,10,10,13,13,16,16,19,19,19,2,2,1,2,2,2,4
1491.0,1.4910000000000002e-12,40.009326914932146,1.9225681879191072,1.957193692479631,1.6239414276716715,1.9582537500049897,1.9702409362754327,1.95110765547321,1,1,4,4,7,19,10,10,13,13,16,16,19,19,19,2,2,1,2,2,2,4
1492.0,1.4920000000000001e-12,40.03961671104062,1.9222226126211188,1.9598478728115674,1.6251554765883673,1.9575952033595398,1.9707006457525977,1.9529901999532848,1,1,4,4,7,19,10,10,13,13,16,16,19,19,19,2,2,1,2,2,2,4
1493.0,1.4930000000000002e-12,40.069908749190624,1.921830061097309,1.9622210343116728,1.6272328546068882,1.9566319644249694,1.9710431387668952,1.9547651323070017,1,1,4,4,7,19,10,10,13,13,16,16,19,19,19,2,2,1,2,2,2,4
1494.0,1.494e-12,40.10010140746123,1.9214038511391787,1.9643655930153026,1.62997429892923,1.9554251987194957,1.9713186837247711,1.956493858683086,1,1,4,4,7,19,10,10,13,13,16,16,19,19,19,2,2,1,2,2,2,4
1495.0,1.4950000000000002e-12,40.13030220735055,1.920983837958985,1.9662987387627808,1.6331594672595031,1.9540998799489797,1.9715118916499692,1.9582392206583004,1,1,4,4,7,19,10,10,13,13,16,16,19,19,19,2,2,1,2,2,2,4
1496.0,1.496e-12,40.160806511708806,1.9206196320013733,1.9680015418284031,1.6366326655614771,1.952796870886718,1.971550421267986,1.960033754042671,1,1,4,4,7,19,10,10,13,13,16,16,19,19,19,2,2,1,2,2,2,4
1497.0,1.4970000000000002e-12,40.19196164489143,1.9203530648366913,1.969435491174562,1.6403449820550056,1.9516192668253696,1.971339499984027,1.9618621732024069,1,1,4,4,7,19,10,10,13,13,16,16,19,19,19,2,2,1,2,2,2,4
1498.0,1.498e-12,40.22401795600221,1.920207636458603,1.9705707291063568,1.6443236446846095,1.9505960655530483,1.9708129526304363,1.963664470409657,1,1,4,4,7,19,10,10,13,13,16,16,19,19,19,2,2,1,2,2,2,4
1499.0,1.4990000000000002e-12,40.257056653734296,1.9201872182284574,1.9714127935207642,1.6485975326468871,1.9496728938914933,1.9699747979382305,1.965360536982049,1,1,4,4,7,19,10,10,13,13,16,16,19,19,19,2,2,1,2,2,2,4
1500.0,1.5e-12,40.290971395852054,1.9202829343526542,1.972013754842541,1.6531286721419796,1.948731980970062,1.9689044851502804,1.9668876480719186,1,1,4,4,7,19,10,10,13,13,16,16,19,19,19,2,2,1,2,2,2,4
1501.0,1.5010000000000002e-12,40.32547302544767,1.9204853809311033,1.9724605870016851,1.657779713743092,1.9476373408702066,1.9677240687540194,1.9682324197001637,1,1,4,4,7,19,10,10,13,13,16,16,19,19,19,2,2,1,2,2,2,4
1502.0,1.502e-12,40.360143401611246,1.9207976374304259,1.972846947200905,1.662325067062506,1.9462899510103402,1.966549833684027,1.969438806836595,1,1,4,4,7,19,10,10,13,13,16,16,19,19,19,2,2,1,2,2,2,4
1503.0,1.5030000000000002e-12,40.394554454565935,1.9212423070528655,1.9732426088926556,1.666505472684158,1.9446652784297829,1.965451766236179,1.9705873068515563,1,1,4,4,7,19,10,10,13,13,16,16,19,19,19,2,2,1,2,2,2,4
1504.0,1.504e-12,40.428415537341856,1.9218570172512064,1.9736739336236393,1.6701112311503092,1.9428099086025765,1.964432961888946,1.9717573256740393,1,1,4,4,7,19,10,10,13,13,16,16,19,19,19,2,2,1,2,2,2,4
1505.0,1.5050000000000002e-12,40.461669486409725,1.9226796732804268,1.9741223104604662,1.673051104327799,1.940801803914054,1.9634334828547575,1.9729910080761976,1,1,4,4,7,19,10,10,13,13,16,16,19,19,19,2,2,1,2,2,2,4
1506.0,1.506e-12,40.4944611463807,1.9237315234988093,1.9745404797228898,1.675357870210122,1.9387020171403773,1.9623595784706958,1.9742722509309,1,1,4,4,7,19,10,10,13,13,16,16,19,19,19,2,2,1,2,2,2,4
1507.0,1.5070000000000001e-12,40.52699319876296,1.9250059845712297,1.9748806318615728,1.6771280480676944,1.9365223746577458,1.961131375449988,1.9755273877489778,1,1,4,4,7,19,10,10,13,13,16,16,19,19,19,2,2,1,2,2,2,4
1508.0,1.508e-12,40.559395856618025,1.9264666759844025,1.9751229984775163,1.6784425198472424,1.9342174285738678,1.9597271115535346,1.9766491189495026,1,1,4,4,7,19,10,10,13,13,16,16,19,19,19,2,2,1,2,2,2,4
1509.0,1.5090000000000001e-12,40.59169226049681,1.9280544972669311,1.975291753452546,1.6793116445990934,1.9317005327607981,1.9581968807360088,1.977536823408823,1,1,4,4,7,19,10,10,13,13,16,16,19,19,19,2,2,1,2,2,2,4
1510.0,1.51e-12,40.62380404794494,1.9297010190021915,1.9754489389625438,1.6796607660010323,1.928881969496045,1.9566386748240312,1.9781342699050621,1,1,4,4,7,19,10,10,13,13,16,16,19,19,19,2,2,1,2,2,2,4
1511.0,1.5110000000000001e-12,40.65554956229401,1.9313441617365161,1.9756692533197993,1.6793577508159434,1.9257192042439988,1.955155306578059,1.9784440161326846,1,1,4,4,7,19,10,10,13,13,16,16,19,19,19,2,2,1,2,2,2,4
1512.0,1.512e-12,40.6866699618248,1.9329406713733153,1.9760085015399529,1.6782782096584552,1.922255930602716,1.9538150758543646,1.9785123403284948,1,1,4,4,7,19,10,10,13,13,16,16,19,19,19,2,2,1,2,2,2,4
1513.0,1.5130000000000001e-12,40.71691964586477,1.934469469962292,1.9764799412537597,1.6763838298847658,1.9186240819623728,1.9526287852037676,1.9783956839229875,1,1,4,4,7,19,10,10,13,13,16,16,19,19,19,2,2,1,2,2,2,4
1514.0,1.5140000000000002e-12,40.74619767973711,1.9359237136660878,1.9770474415501005,1.6737646404491127,1.915004948172583,1.9515478897020433,1.9781263003034615,1,1,4,4,7,19,10,10,13,13,16,16,19,19,19,2,2,1,2,2,2,4
1515.0,1.5150000000000001e-12,40.774643863131445,1.9372969945239151,1.9776376931688409,1.6706112991675361,1.9115724942888201,1.9504860775717645,1.9776908048932234,1,1,4,4,7,19,10,10,13,13,16,16,19,19,19,2,2,1,2,2,2,4
1516.0,1.5160000000000002e-12,40.80262012018996,1.9385714833766956,1.9781667792752637,1.6671398615135902,1.908447359859476,1.9493604674103915,1.9770287503656179,1,1,4,4,7,19,10,10,13,13,16,16,19,19,19,2,2,1,2,2,2,4
1517.0,1.517e-12,40.83057732978818,1.939713281261724,1.978570668675844,1.6635197582443386,1.905675460702804,1.9481360084395143,1.9760528636479577,1,1,4,4,7,19,10,10,13,13,16,16,19,19,19,2,2,1,2,2,2,4
1518.0,1.5180000000000002e-12,40.85891182013398,1.9406764975668052,1.9788259923061768,1.6598345378995358,1.903232730826109,1.9468470684066783,1.974685788663884,1,1,4,4,7,19,10,10,13,13,16,16,19,19,19,2,2,1,2,2,2,4
1519.0,1.519e-12,40.8878938809865,1.9414146210136114,1.9789495511441313,1.6560823582960384,1.9010554998464828,1.9455822219488372,1.9728974404451853,1,1,4,4,7,19,10,10,13,13,16,16,19,19,19,2,2,1,2,2,2,4
1520.0,1.5200000000000002e-12,40.91763778227699,1.9418955185743556,1.9789759148659896,1.652218371450833,1.899090364903041,1.944444305549407,1.9707228506242846,1,1,4,4,7,19,10,10,13,13,16,16,19,19,19,2,2,1,2,2,2,4
1521.0,1.521e-12,40.94808042833042,1.9421142148475241,1.9789254201368756,1.6482290022085058,1.8973409074535643,1.9435090440926497,1.9682510491887917,1,1,4,4,7,19,10,10,13,13,16,16,19,19,19,2,2,1,2,2,2,4
1522.0,1.5220000000000002e-12,40.97900245680583,1.9420966602644971,1.9787786847794295,1.6441999339184814,1.895880583195594,1.9427975020944457,1.965592234002162,1,1,4,4,7,19,10,10,13,13,16,16,19,19,19,2,2,1,2,2,2,4
1523.0,1.523e-12,41.010127755275114,1.941890682899413,1.978468348042923,1.6403269847455118,1.8948212687148909,1.9422684971358282,1.9628391481671088,1,1,4,4,7,19,10,10,13,13,16,16,19,19,19,2,2,1,2,2,2,4
1524.0,1.5240000000000002e-12,41.041275554024296,1.941548135786625,1.9778913200162813,1.636858106863979,1.8942591792587706,1.9418341419480978,1.960038097446124,1,1,4,4,7,19,10,10,13,13,16,16,19,19,19,2,2,1,2,2,2,4
1525.0,1.525e-12,41.07247755860096,1.9411076172097714,1.9769374106487054,1.6340092150501526,1.894229575391281,1.9413970994224263,1.9571799660328268,1,1,4,4,7,19,10,10,13,13,16,16,19,19,19,2,2,1,2,2,2,4
1526.0,1.5260000000000002e-12,41.103965051730675,1.9405850767535178,1.9755242237535486,1.6319014640988954,1.8946870768967938,1.9408962132247087,1.9542155081201207,1,1,4,4,7,19,10,10,13,13,16,16,19,19,19,2,2,1,2,2,2,4
1527.0,1.527e-12,41.136023408316504,1.939974179465571,1.9736237750233552,1.6305392535895582,1.895513857405745,1.9403355837427174,1.951091115171187,1,1,4,4,7,19,10,10,13,13,16,16,19,19,19,2,2,1,2,2,2,4
1528.0,1.5280000000000002e-12,41.16884036141678,1.9392546241642754,1.9712669411630905,1.629831658224847,1.8965538703219682,1.9397783241513642,1.9477892025099721,1,1,4,4,7,19,10,10,13,13,16,16,19,19,19,2,2,1,2,2,2,4
1529.0,1.529e-12,41.20244829963608,1.9384057928668088,1.9685230812289005,1.6296538709001802,1.8976657449840277,1.9393107565722563,1.9443501137897024,1,1,4,4,7,19,10,10,13,13,16,16,19,19,19,2,2,1,2,2,2,4
1530.0,1.5300000000000001e-12,41.23672107737435,1.9374210258774862,1.9654668967398325,1.6299276181678721,1.8987736436051765,1.9389998117392446,1.9408635605063134,1,1,4,4,7,19,10,10,13,13,16,16,19,19,19,2,2,1,2,2,2,4
1531.0,1.531e-12,41.27137464432126,1.9363151841196955,1.9621509120718457,1.6306700608357596,1.899888728565611,1.9388621475897616,1.9374367435814115,1,1,4,4,7,19,10,10,13,13,16,16,19,19,19,2,2,1,2,2,2,4
1532.0,1.5320000000000001e-12,41.306002501407704,1.9351201181864086,1.9585938473195628,1.6319729945414172,1.9010891879531642,1.9388530384601173,1.9341558582011604,1,1,4,4,7,19,10,10,13,13,16,16,19,19,19,2,2,1,2,2,2,4
1533.0,1.533e-12,41.340181735876335,1.9338699492810496,1.9547874574764164,1.6339291832479483,1.9024739493378364,1.9388783171643837,1.93105671314951,1,1,4,4,7,19,10,10,13,13,16,16,19,19,19,2,2,1,2,2,2,4
1534.0,1.5340000000000001e-12,41.37362063483396,1.9325851916971473,1.9507192267581674,1.6365579059406705,1.904116667121682,1.93882919361531,1.9281151545492563,1,1,4,4,7,19,10,10,13,13,16,16,19,19,19,2,2,1,2,2,2,4
1535.0,1.535e-12,41.40626838128528,1.931264057052821,1.9464027992887276,1.6397656196174168,1.9060379409458903,1.9386293630986882,1.9252617105308574,1,1,4,4,7,19,10,10,13,13,16,16,19,19,19,2,2,1,2,2,2,4
1536.0,1.5360000000000001e-12,41.43830791314967,1.9298835912011005,1.9419018923688351,1.6433513359775103,1.9082011081144405,1.9382702388076385,1.9224175212236716,1,1,4,4,7,19,10,10,13,13,16,16,19,19,19,2,2,1,2,2,2,4
1537.0,1.5370000000000002e-12,41.47003403449668,1.9284090973457806,1.9373338101706543,1.6470555644434899,1.9105320407438087,1.9378117486290007,1.9195377005721932,1,1,4,4,7,19,10,10,13,13,16,16,19,19,19,2,2,1,2,2,2,4
1538.0,1.5380000000000001e-12,41.50172068203908,1.9268088737582552,1.9328475749054586,1.6506421151916304,1.912959710337841,1.9373491791256114,1.9166391092132715,1,1,4,4,7,19,10,10,13,13,16,16,19,19,19,2,2,1,2,2,2,4
1539.0,1.5390000000000002e-12,41.53355441494274,1.9250698988735577,1.928587294303799,1.653975084001241,1.9154628591763017,1.936967758586742,1.9137966344362642,1,1,4,4,7,19,10,10,13,13,16,16,19,19,19,2,2,1,2,2,2,4
1540.0,1.5400000000000001e-12,41.56560153364655,1.9232080125622693,1.9246596153238023,1.6570387056298825,1.9180953493765656,1.936706561625704,1.911113116628875,1,1,4,4,7,19,10,10,13,13,16,16,19,19,19,2,2,1,2,2,2,4
1541.0,1.5410000000000002e-12,41.597776152565935,1.9212667718391734,1.9211181897671912,1.6598862284029217,1.9209703064805037,1.9365423290784507,1.9086809588315696,1,1,4,4,7,19,10,10,13,13,16,16,19,19,19,2,2,1,2,2,2,4
1542.0,1.542e-12,41.6298466848028,1.9193052054285162,1.9179683596331192,1.662559159535659,1.9242114317884669,1.9363970739757874,1.9065517369742289,1,1,4,4,7,19,10,10,13,13,16,16,19,19,19,2,2,1,2,2,2,4
1543.0,1.5430000000000002e-12,41.661521449424086,1.9173814290030506,1.9151888856034385,1.6650262466143022,1.9278995819443019,1.9361704403952686,1.9047228796922437,1,1,4,4,7,19,10,10,13,13,16,16,19,19,19,2,2,1,2,2,2,4
1544.0,1.544e-12,41.69259544986611,1.9155407106161915,1.9127627371812794,1.6671642632336174,1.9320380139725009,1.9357885041417826,1.9031463782788456,1,1,4,4,7,19,10,10,13,13,16,16,19,19,19,2,2,1,2,2,2,4
1545.0,1.5450000000000002e-12,41.72308173182864,1.9138119827001545,1.910703144898729,1.6687835565238487,1.9365453964253778,1.9352447301870481,1.901759099608869,1,1,4,4,7,19,10,10,13,13,16,16,19,19,19,2,2,1,2,2,2,4
1546.0,1.546e-12,41.75323109226433,1.9122120853764613,1.9090608728692395,1.66969331532684,1.9412768705863042,1.9346058404162223,1.9005239365835966,1,1,4,4,7,19,10,10,13,13,16,16,19,19,19,2,2,1,2,2,2,4
1547.0,1.5470000000000002e-12,41.78341368877695,1.910755196005132,1.9079079123829024,1.6697840821819,1.946068428914638,1.9339790782356987,1.89946007139012,1,1,4,4,7,19,10,10,13,13,16,16,19,19,19,2,2,1,2,2,2,4
1548.0,1.548e-12,41.81395959673034,1.9094641486699073,1.9073062218006347,1.6690800250689506,1.9507905400088268,1.9334633531272711,1.898642996742038,1,1,4,4,7,19,10,10,13,13,16,16,19,19,19,2,2,1,2,2,2,4
1549.0,1.5490000000000002e-12,41.84506541522295,1.9083780355552966,1.9072777980750677,1.6677210565000202,1.9553847716957335,1.9331089633610605,1.8981747624107905,1,1,4,4,7,19,10,10,13,13,16,16,19,19,19,2,2,1,2,2,2,4
1550.0,1.55e-12,41.87675943976271,1.9075510304200012,1.9077898582469093,1.6658882430347455,1.9598600603775385,1.932898547399832,1.8981426865744195,1,1,4,4,7,19,10,10,13,13,16,16,19,19,19,2,2,1,2,2,2,4
1551.0,1.5510000000000002e-12,41.90888386600673,1.9070416465521571,1.9087600705402241,1.663724700337879,1.9642528108121882,1.9327531139772534,1.898585614753402,1,1,4,4,7,19,10,10,13,13,16,16,19,19,19,2,2,1,2,2,2,4
1552.0,1.552e-12,41.94111316831564,1.906897564447335,1.9100795340563081,1.661289845932722,1.9685792685539558,1.9325635072652072,1.8994780671660736,1,1,4,4,7,19,10,10,13,13,16,16,19,19,19,2,2,1,2,2,2,4
1553.0,1.5530000000000001e-12,41.97304824425727,1.9071436054494224,1.9116456411961902,1.6585576546593732,1.9728049571441204,1.9322400626051992,1.900736893872506,1,1,4,4,7,19,10,10,13,13,16,16,19,19,19,2,2,1,2,2,2,4
1554.0,1.554e-12,42.004373698944065,1.9077773231396382,1.9133912213919158,1.6554588252886986,1.9768397900240857,1.9317576033510946,1.9022505354127328,1,1,4,4,7,19,10,10,13,13,16,16,19,19,19,2,2,1,2,2,2,4
1555.0,1.5550000000000001e-12,42.034996160431646,1.9087720668864336,1.915295451687652,1.6519561812769468,1.9805575849424257,1.9311669167710224,1.9039213556069414,1,1,4,4,7,19,10,10,13,13,16,16,19,19,19,2,2,1,2,2,2,4
1556.0,1.556e-12,42.06506169141576,1.9100856594473345,1.9173706659433847,1.648117603333579,1.983834834213043,1.9305657206418005,1.9057001622890766,1,1,4,4,7,19,10,10,13,13,16,16,19,19,19,2,2,1,2,2,2,4
1557.0,1.5570000000000001e-12,42.094838698905484,1.911672685181356,1.9196327047743411,1.6441357452243928,1.9865970613276323,1.9300507020484925,1.9075928710903893,1,1,4,4,7,19,10,10,13,13,16,16,19,19,19,2,2,1,2,2,2,4
1558.0,1.558e-12,42.124579291391235,1.9134968294719528,1.9220710186540284,1.6402756435620391,1.9888520504388463,1.9296763935641794,1.9096379368517291,1,1,4,4,7,19,10,10,13,13,16,16,19,19,19,2,2,1,2,2,2,4
1559.0,1.5590000000000001e-12,42.15445554843484,1.9155376432248996,1.9246325282327443,1.636786798356196,1.9906888563167215,1.9294341631829026,1.9118709153491371,1,1,4,4,7,19,10,10,13,13,16,16,19,19,19,2,2,1,2,2,2,4
1560.0,1.5600000000000002e-12,42.1845412064488,1.9177872099280058,1.927224661534755,1.6338319402081591,1.992240998467574,1.9292551641424107,1.9142938921200263,1,1,4,4,7,19,10,10,13,13,16,16,19,19,19,2,2,1,2,2,2,4
1561.0,1.5610000000000001e-12,42.21478705129498,1.9202392719067518,1.9297359755405465,1.6314587902173028,1.9936353723660576,1.9290376617334375,1.9168599128861186,1,1,4,4,7,19,10,10,13,13,16,16,19,19,19,2,2,1,2,2,2,4
1562.0,1.5620000000000002e-12,42.24501344955267,1.9228780990223047,1.9320672547580267,1.6296181279085342,1.9949512537697371,1.9286933083302684,1.9194767344536205,1,1,4,4,7,19,10,10,13,13,16,16,19,19,19,2,2,1,2,2,2,4
1563.0,1.5630000000000001e-12,42.27497291441995,1.9256732891485964,1.934160493858349,1.6282239676988564,1.996201746340806,1.9281933433829914,1.9220306652879244,1,1,4,4,7,19,10,10,13,13,16,16,19,19,19,2,2,1,2,2,2,4
1564.0,1.5640000000000002e-12,42.30448641142543,1.9285817123414368,1.9360113784423614,1.627234324812345,1.9973408594262698,1.9275864261505342,1.9244247317548315,1,1,4,4,7,19,10,10,13,13,16,16,19,19,19,2,2,1,2,2,2,4
1565.0,1.565e-12,42.33358023301075,1.9315551117872125,1.9376579714203679,1.6267049324259615,1.9982941029066033,1.9269756745136197,1.926614088728232,1,1,4,4,7,19,10,10,13,13,16,16,19,19,19,2,2,1,2,2,2,4
1566.0,1.5660000000000002e-12,42.36251754543372,1.9345510999749367,1.939151707273633,1.6267741027170395,1.9990032497066608,1.9264720131118915,1.9286183021502363,1,1,4,4,7,19,10,10,13,13,16,16,19,19,19,2,2,1,2,2,2,4
1567.0,1.567e-12,42.39169326515383,1.9375441923504377,1.9405259803063943,1.627589252637768,1.999464320238811,1.9261503426455973,1.930503864815736,1,1,4,4,7,19,10,10,13,13,16,16,19,19,19,2,2,1,2,2,2,4
1568.0,1.5680000000000002e-12,42.42148637671052,1.9405318176181756,1.9417767253178886,1.6292257265838583,1.9997350052311988,1.9260238739132278,1.9323489167234682,1,1,4,4,7,19,10,10,13,13,16,16,19,19,19,2,2,1,2,2,2,4
1569.0,1.569e-12,42.45216978470708,1.9435312393050304,1.9428623307270942,1.6316392080799913,1.9999054771287221,1.9260415360091787,1.9342084473953438,1,1,4,4,7,19,10,10,13,13,16,16,19,19,19,2,2,1,2,2,2,4
1570.0,1.5700000000000002e-12,42.48386860827039,1.9465677728310826,1.94372211683792,1.634665855571969,2.0000518326755237,1.9261101164205465,1.9360921008480811,1,1,4,4,7,19,10,10,13,13,16,16,19,19,19,2,2,1,2,2,2,4
1571.0,1.571e-12,42.51652530201528,1.9496604549367562,1.9443059863262466,1.6380683615798064,2.0001979671567702,1.926137485740914,1.9379602098198911,1,1,4,4,7,19,10,10,13,13,16,16,19,19,19,2,2,1,2,2,2,4
1572.0,1.5720000000000002e-12,42.549890518513465,1.9528121282322863,1.944602833089793,1.6416160146527257,2.0002999208699466,1.9260806372943073,1.939740498803089,1,1,4,4,7,19,10,10,13,13,16,16,19,19,19,2,2,1,2,2,2,4
1573.0,1.573e-12,42.583591856238534,1.9560070071560047,1.9446538114812553,1.6451644890014936,2.0002551512541746,1.9259705108584477,1.941362582274561,1,1,4,4,7,19,10,10,13,13,16,16,19,19,19,2,2,1,2,2,2,4
1574.0,1.5740000000000002e-12,42.61728773041402,1.9592147897385102,1.9445428238637392,1.6486845787557016,1.9999339788105135,1.9258960681861952,1.942795669261195,1,1,4,4,7,19,10,10,13,13,16,16,19,19,19,2,2,1,2,2,2,4
1575.0,1.575e-12,42.65082577410799,1.962398972819332,1.9443689925356888,1.6522193655878938,1.999224516296272,1.9259598156641202,1.9440666320682334,1,1,4,4,7,19,10,10,13,13,16,16,19,19,19,2,2,1,2,2,2,4
1576.0,1.5760000000000002e-12,42.68428238600835,1.9655264016101894,1.9442151395649772,1.6558046552113563,1.9980736036251203,1.9262322565963326,1.9452464011592465,1,1,4,4,7,19,10,10,13,13,16,16,19,19,19,2,2,1,2,2,2,4
1577.0,1.577e-12,42.71784908710177,1.9685739092048644,1.944125950218082,1.659402874792655,1.9965029546177235,1.9267233154531538,1.9464144971142163,1,1,4,4,7,19,10,10,13,13,16,16,19,19,19,2,2,1,2,2,2,4
1578.0,1.5780000000000001e-12,42.75168180910521,1.9715286801403518,1.944103511935239,1.6628776507273795,1.9945917050679463,1.927376636767734,1.9476219517855187,1,1,4,4,7,19,10,10,13,13,16,16,19,19,19,2,2,1,2,2,2,4
1579.0,1.579e-12,42.7858291388727,1.974382116250285,1.944121373135491,1.6660152829113484,1.9924372231468963,1.9280884333751336,1.948867769122126,1,1,4,4,7,19,10,10,13,13,16,16,19,19,19,2,2,1,2,2,2,4
1580.0,1.5800000000000001e-12,42.82021834382267,1.9771204102747262,1.944151950141017,1.6685868529898753,1.9901166638728756,1.9287484244481075,1.9500951842270506,1,1,4,4,7,19,10,10,13,13,16,16,19,19,19,2,2,1,2,2,2,4
1581.0,1.581e-12,42.85463964675891,1.9797169256815943,1.9441951258345365,1.6704301714624792,1.9876649066366612,1.9292891271835317,1.951209053282493,1,1,4,4,7,19,10,10,13,13,16,16,19,19,19,2,2,1,2,2,2,4
1582.0,1.5820000000000001e-12,42.88874576348877,1.9821300278954979,1.9442937339108768,1.6715081665929616,1.9850729782532606,1.9297171992055855,1.952111588677345,1,1,4,4,7,19,10,10,13,13,16,16,19,19,19,2,2,1,2,2,2,4
1583.0,1.5830000000000002e-12,42.922124739795684,1.9843069457657376,1.9445270638312477,1.6719021878074314,1.9823060752343808,1.9301056225091124,1.952743631973611,1,1,4,4,7,19,10,10,13,13,16,16,19,19,19,2,2,1,2,2,2,4
1584.0,1.5840000000000001e-12,42.95444982361799,1.9861923160017338,1.9449851100492,1.671745365882288,1.979337715691142,1.9305529301355926,1.9531087846024768,1,1,4,4,7,19,10,10,13,13,16,16,19,19,19,2,2,1,2,2,2,4
1585.0,1.5850000000000002e-12,42.98562540408938,1.987739367861178,1.9457362591260154,1.6711433446960406,1.9761881336803557,1.9311359543801272,1.9532655358155582,1,1,4,4,7,19,10,10,13,13,16,16,19,19,19,2,2,1,2,2,2,4
1586.0,1.5860000000000001e-12,43.015820090041444,1.988920226334656,1.9468024637448171,1.670123344716508,1.972945115306478,1.9318771758940536,1.9532947850832136,1,1,4,4,7,19,10,10,13,13,16,16,19,19,19,2,2,1,2,2,2,4
1587.0,1.5870000000000002e-12,43.04536310829991,1.9897303635070602,1.948150899527238,1.6686263271906074,1.96975035570639,1.9327341918570575,1.953262665067213,1,1,4,4,7,19,10,10,13,13,16,16,19,19,19,2,2,1,2,2,2,4
1588.0,1.588e-12,43.07460664274364,1.9901846019281446,1.9497052101924075,1.6665435315371289,1.9667561185277596,1.9336131710637738,1.9531942410310024,1,1,4,4,7,19,10,10,13,13,16,16,19,19,19,2,2,1,2,2,2,4
1589.0,1.5890000000000002e-12,43.10384741119824,1.990307137932394,1.9513728336175666,1.6637888503754295,1.9640757992178983,1.9344054097809338,1.9530654027682144,1,1,4,4,7,19,10,10,13,13,16,16,19,19,19,2,2,1,2,2,2,4
1590.0,1.59e-12,43.13328649726248,1.9901213947475516,1.9530766150490955,1.6603761745504348,1.9617509860292548,1.9350362279215867,1.9528154940453437,1,1,4,4,7,19,10,10,13,13,16,16,19,19,19,2,2,1,2,2,2,4
1591.0,1.5910000000000002e-12,43.16298290478013,1.989643914228294,1.9547754816854475,1.656451613255249,1.959744153247837,1.9355012968881764,1.9523791033426918,1,1,4,4,7,19,10,10,13,13,16,16,19,19,19,2,2,1,2,2,2,4
1592.0,1.592e-12,43.19282722539153,1.9888828650145636,1.9564643991350212,1.6522542379038425,1.9579573614712455,1.9358658823987696,1.9517261568632818,1,1,4,4,7,19,10,10,13,13,16,16,19,19,19,2,2,1,2,2,2,4
1593.0,1.5930000000000002e-12,43.22259427022244,1.987840712484777,1.9581546443969795,1.648033594193832,1.956273173433033,1.9362274440243843,1.9508883979573952,1,1,4,4,7,19,10,10,13,13,16,16,19,19,19,2,2,1,2,2,2,4
1594.0,1.594e-12,43.2520842340244,1.9865210066630818,1.959845255814704,1.643975050075625,1.95460422335418,1.9366667936674398,1.949954174450287,1,1,4,4,7,19,10,10,13,13,16,16,19,19,19,2,2,1,2,2,2,4
1595.0,1.5950000000000002e-12,43.281281285554954,1.984937161291723,1.961499592450124,1.6401636600817238,1.9529260702175875,1.9372120538396065,1.9490352946836085,1,1,4,4,7,19,10,10,13,13,16,16,19,19,19,2,2,1,2,2,2,4
1596.0,1.596e-12,43.310412867660574,1.983117701904875,1.9630370860547646,1.6365939596359347,1.9512729062155134,1.9378251871123353,1.9482260542426855,1,1,4,4,7,19,10,10,13,13,16,16,19,19,19,2,2,1,2,2,2,4
1597.0,1.5970000000000002e-12,43.33985935158951,1.9811033165385834,1.9643439116525854,1.6332234558998564,1.9497009143267823,1.9384124675519427,1.9475724720617076,1,1,4,4,7,19,10,10,13,13,16,16,19,19,19,2,2,1,2,2,2,4
1598.0,1.598e-12,43.369999503347806,1.978936903753959,1.965299948552639,1.6300518271840374,1.9482438756293936,1.9388578920437238,1.9470603673539173,1,1,4,4,7,19,10,10,13,13,16,16,19,19,19,2,2,1,2,2,2,4
1599.0,1.5990000000000002e-12,43.40110406309014,1.976652380793939,1.9658122591372917,1.6271809421222676,1.9468832707438273,1.9390713397175963,1.946625317619318,1,1,4,4,7,19,10,10,13,13,16,16,19,19,19,2,2,1,2,2,2,4
1600.0,1.6e-12,43.43328605897252,1.9742673482571687,1.9658404614238791,1.624809340721515,1.9455423604817808,1.9390292280691026,1.946183500170751,1,1,4,4,7,19,10,10,13,13,16,16,19,19,19,2,2,1,2,2,2,4
1601.0,1.6010000000000001e-12,43.46646479143433,1.971781235309553,1.9654020722163807,1.6231631195251337,1.9441049245941624,1.9387817246988523,1.945673520881645,1,1,4,4,7,19,10,10,13,13,16,16,19,19,19,2,2,1,2,2,2,4
1602.0,1.602e-12,43.500351783724376,1.9691785431993982,1.9645560332842205,1.6224103502346459,1.9424548276810798,1.93842177126768,1.9450881416223227,1,1,4,4,7,19,10,10,13,13,16,16,19,19,19,2,2,1,2,2,2,4
1603.0,1.6030000000000001e-12,43.534511775468715,1.9664370987976911,1.9633734416726238,1.6226025201942884,1.940524491452439,1.9380379600073951,1.9444758999905372,1,1,4,4,7,19,10,10,13,13,16,16,19,19,19,2,2,1,2,2,2,4
1604.0,1.604e-12,43.56851667757655,1.963539834088466,1.9619090419410472,1.6236618223800503,1.938329402020795,1.9376763790510072,1.9439129720745856,1,1,4,4,7,19,10,10,13,13,16,16,19,19,19,2,2,1,2,2,2,4
1605.0,1.6050000000000001e-12,43.602120495770066,1.960485018604666,1.9601853566626155,1.625417060978075,1.9359670966241278,1.9373234638840142,1.943464443557748,1,1,4,4,7,19,10,10,13,13,16,16,19,19,19,2,2,1,2,2,2,4
1606.0,1.6060000000000002e-12,43.6353291224351,1.9572888980153236,1.9581952864270842,1.6276794842255606,1.9335802137927995,1.9369118775641334,1.9431542436369276,1,1,4,4,7,19,10,10,13,13,16,16,19,19,19,2,2,1,2,2,2,4
1607.0,1.6070000000000001e-12,43.668316506512134,1.9539798307614957,1.9559223194929707,1.6303257427400095,1.9313049056589182,1.9363487320190413,1.9429529178659832,1,1,4,4,7,19,10,10,13,13,16,16,19,19,19,2,2,1,2,2,2,4
1608.0,1.6080000000000002e-12,43.70128553112969,1.9505885381374592,1.9533700714904525,1.633335116074519,1.9292284187031683,1.9355603667287054,1.9427857207472814,1,1,4,4,7,19,10,10,13,13,16,16,19,19,19,2,2,1,2,2,2,4
1609.0,1.6090000000000001e-12,43.73438646016481,1.947139684068674,1.9505863563483015,1.6367548193360655,1.9273686939728718,1.9345350639901007,1.9425603010954329,1,1,4,4,7,19,10,10,13,13,16,16,19,19,19,2,2,1,2,2,2,4
1610.0,1.6100000000000002e-12,43.767686754663984,1.9436480866020152,1.9476684345814936,1.6406232287758475,1.9256804555009799,1.933337049155403,1.94220654790918,1,1,4,4,7,19,10,10,13,13,16,16,19,19,19,2,2,1,2,2,2,4
1611.0,1.6110000000000001e-12,43.80113545436383,1.940120331922501,1.9447456920656039,1.6449020452836343,1.9240870790949143,1.932081215543825,1.9417102358718734,1,1,4,4,7,19,10,10,13,13,16,16,19,19,19,2,2,1,2,2,2,4
1612.0,1.6120000000000002e-12,43.83452841977864,1.9365615719459441,1.9419476209968103,1.6494466643270553,1.9225283095850343,1.9308860597302142,1.9411201668736404,1,1,4,4,7,19,10,10,13,13,16,16,19,19,19,2,2,1,2,2,2,4
1613.0,1.613e-12,43.867538304022865,1.9329855434984462,1.939371366574779,1.6540220831212764,1.9210008835837558,1.9298309927509598,1.9405245303818557,1,1,4,4,7,19,10,10,13,13,16,16,19,19,19,2,2,1,2,2,2,4
1614.0,1.6140000000000002e-12,43.89984551613007,1.92942332428387,1.9370619626914316,1.658362473037957,1.9195657998995344,1.9289333413117113,1.9400119099563242,1,1,4,4,7,19,10,10,13,13,16,16,19,19,19,2,2,1,2,2,2,4
1615.0,1.615e-12,43.931308993342,1.9259253512110315,1.9350128770439363,1.6622557247296899,1.9183164525476437,1.9281487546848544,1.9396371310390974,1,1,4,4,7,19,10,10,13,13,16,16,19,19,19,2,2,1,2,2,2,4
1616.0,1.6160000000000002e-12,43.96204936081518,1.9225546958751307,1.9331867108745728,1.6656083153081755,1.917328672947468,1.9273954103018827,1.9394030658625154,1,1,4,4,7,19,10,10,13,13,16,16,19,19,19,2,2,1,2,2,2,4
1617.0,1.617e-12,43.99238291526331,1.919375503753083,1.9315478452920434,1.668445362931447,1.91661993040782,1.9265976266127385,1.9392624800498943,1,1,4,4,7,19,10,10,13,13,16,16,19,19,19,2,2,1,2,2,2,4
1618.0,1.6180000000000002e-12,44.0226832249533,1.9164419650060065,1.9300919601932298,1.6708484130550596,1.916132844752568,1.9257323436515688,1.9391404777284174,1,1,4,4,7,19,10,10,13,13,16,16,19,19,19,2,2,1,2,2,2,4
1619.0,1.619e-12,44.05327547248527,1.9137908769634104,1.9288574804861336,1.6728774110224374,1.9157461891243401,1.924850802435383,1.938972092018741,1,1,4,4,7,19,10,10,13,13,16,16,19,19,19,2,2,1,2,2,2,4
1620.0,1.6200000000000002e-12,44.08437663507375,1.9114387732277953,1.9279134661629558,1.6745184972323086,1.9153105487046747,1.9240591742494149,1.9387381230890541,1,1,4,4,7,19,10,10,13,13,16,16,19,19,19,2,2,1,2,2,2,4
1621.0,1.621e-12,44.11604256999212,1.9093846973188116,1.9273312237210414,1.6756731359156798,1.914698525883687,1.9234720994617127,1.9384769367629593,1,1,4,4,7,19,10,10,13,13,16,16,19,19,19,2,2,1,2,2,2,4
1622.0,1.6220000000000002e-12,44.14812670941892,1.9076185906706495,1.9271540310798885,1.6761900511534098,1.9138488349216236,1.9231673809309038,1.9382643777993593,1,1,4,4,7,19,10,10,13,13,16,16,19,19,19,2,2,1,2,2,2,4
1623.0,1.623e-12,44.18030800368036,1.9061319365599474,1.9273777538867138,1.6759343345888604,1.9127807963509864,1.9231597654735793,1.9381755903842763,1,1,4,4,7,19,10,10,13,13,16,16,19,19,19,2,2,1,2,2,2,4
1624.0,1.6240000000000001e-12,44.21222691151163,1.9049245772511885,1.9279500180337126,1.67486479140254,1.911571856664532,1.9233987955726708,1.9382498449423706,1,1,4,4,7,19,10,10,13,13,16,16,19,19,19,2,2,1,2,2,2,4
1625.0,1.625e-12,44.243670716859924,1.9040036526406239,1.9287888657785037,1.6730694744938641,1.9103145850527727,1.9237906005244674,1.9384715208982517,1,1,4,4,7,19,10,10,13,13,16,16,19,19,19,2,2,1,2,2,2,4
1626.0,1.6260000000000001e-12,44.27466917414394,1.9033760548407335,1.929814187441952,1.670731598113737,1.9090772621541838,1.9242396896035494,1.9387714926520752,1,1,4,4,7,19,10,10,13,13,16,16,19,19,19,2,2,1,2,2,2,4
1627.0,1.627e-12,44.305427031695174,1.903039356708413,1.930978099066255,1.6680525386399496,1.9078825503123427,1.9246965044217954,1.939048963038155,1,1,4,4,7,19,10,10,13,13,16,16,19,19,19,2,2,1,2,2,2,4
1628.0,1.6280000000000001e-12,44.33618100185919,1.9029751420700365,1.932279187248314,1.6651806537981644,1.906708165800268,1.9251846299598567,1.9392089839620026,1,1,4,4,7,19,10,10,13,13,16,16,19,19,19,2,2,1,2,2,2,4
1629.0,1.629e-12,44.367105569999026,1.9031464596009022,1.93375289413469,1.6621750091099317,1.9055086495473863,1.9257882415681837,1.939200636051845,1,1,4,4,7,19,10,10,13,13,16,16,19,19,19,2,2,1,2,2,2,4
1630.0,1.6300000000000001e-12,44.398279349721456,1.9035009475969,1.9354434139015542,1.6590117743394197,1.904252661740407,1.9266085776508604,1.939034219652841,1,1,4,4,7,19,10,10,13,13,16,16,19,19,19,2,2,1,2,2,2,4
1631.0,1.6310000000000002e-12,44.429657118646766,1.9039805627687867,1.9373708112175212,1.6556333125946934,1.9029605178418303,1.9277172019852324,1.9387670925402523,1,1,4,4,7,19,10,10,13,13,16,16,19,19,19,2,2,1,2,2,2,4
1632.0,1.6320000000000001e-12,44.461040492807314,1.9045356396650426,1.939507662863962,1.65202526367283,1.9017197251674374,1.9291266554597346,1.9384692862250343,1,1,4,4,7,19,10,10,13,13,16,16,19,19,19,2,2,1,2,2,2,4
1633.0,1.6330000000000002e-12,44.492105565539546,1.9051368273831686,1.9417747310021836,1.6482797694192521,1.9006656783958817,1.9307846882361481,1.9381891789030614,1,1,4,4,7,19,10,10,13,13,16,16,19,19,19,2,2,1,2,2,2,4
1634.0,1.6340000000000001e-12,44.52253112235909,1.9057781327825114,1.944058087988468,1.6445972278292706,1.8999375669927414,1.932592288341182,1.9379323890063966,1,1,4,4,7,19,10,10,13,13,16,16,19,19,19,2,2,1,2,2,2,4
1635.0,1.6350000000000002e-12,44.55217050069199,1.906470140555603,1.9462417096467575,1.641223347498864,1.8996332573845958,1.9344417226515782,1.937659185153702,1,1,4,4,7,19,10,10,13,13,16,16,19,19,19,2,2,1,2,2,2,4
1636.0,1.636e-12,44.58113349147245,1.9072282534789504,1.9482410565717094,1.6383668149878554,1.8997813368614043,1.936262447370116,1.9373009047124687,1,1,4,4,7,19,10,10,13,13,16,16,19,19,19,2,2,1,2,2,2,4
1637.0,1.6370000000000002e-12,44.60971852726626,1.9080618655860657,1.950021922007391,1.6361403940467172,1.9003371636538706,1.938051911336388,1.9367926700189269,1,1,4,4,7,19,10,10,13,13,16,16,19,19,19,2,2,1,2,2,2,4
1638.0,1.638e-12,44.63828375680035,1.908967815049666,1.9515955948182708,1.6345426392998286,1.9012034938053262,1.939870546835263,1.9361104459690646,1,1,4,4,7,19,10,10,13,13,16,16,19,19,19,2,2,1,2,2,2,4
1639.0,1.6390000000000002e-12,44.6671611554578,1.909929678312805,1.952993961573937,1.6334843673169857,1.9022712605004464,1.9418038173853334,1.9352916121573862,1,1,4,4,7,19,10,10,13,13,16,16,19,19,19,2,2,1,2,2,2,4
1640.0,1.64e-12,44.69661016703222,1.9109239172860313,1.954237912985627,1.6328554987095427,1.9034650754987752,1.9439158767493467,1.934424615645623,1,1,4,4,7,19,10,10,13,13,16,16,19,19,19,2,2,1,2,2,2,4
1641.0,1.6410000000000002e-12,44.72676156623905,1.91193125749831,1.9553138830649521,1.6326047401037072,1.9047693714622866,1.9462169731640018,1.9336146313600175,1,1,4,4,7,19,10,10,13,13,16,16,19,19,19,2,2,1,2,2,2,4
1642.0,1.642e-12,44.75755878452205,1.9129477071885836,1.9561686937545537,1.632780527559731,1.9062197692395975,1.9486534564462281,1.9329450993041501,1,1,4,4,7,19,10,10,13,13,16,16,19,19,19,2,2,1,2,2,2,4
1643.0,1.6430000000000002e-12,44.78876540133354,1.9139881977194897,1.9567255513612665,1.6335006271757473,1.907867373817987,1.9511216263871882,1.932451047321281,1,1,4,4,7,19,10,10,13,13,16,16,19,19,19,2,2,1,2,2,2,4
1644.0,1.644e-12,44.82008620997753,1.9150801600105938,1.9569156224372917,1.6348746297142964,1.909738781779942,1.9535027677472998,1.9321114671838346,1,1,4,4,7,19,10,10,13,13,16,16,19,19,19,2,2,1,2,2,2,4
1645.0,1.6450000000000002e-12,44.8513480890717,1.916251004293358,1.9567115776260267,1.6369314339885817,1.9118102117504108,1.9557090722886976,1.9318626605274618,1,1,4,4,7,19,10,10,13,13,16,16,19,19,19,2,2,1,2,2,2,4
1646.0,1.646e-12,44.88260509311907,1.9175158264987244,1.9561468021779742,1.639583722288615,1.9140029866412989,1.9577193167040507,1.9316304904438102,1,1,4,4,7,19,10,10,13,13,16,16,19,19,19,2,2,1,2,2,2,4
1647.0,1.6470000000000002e-12,44.91408993245201,1.9188695491671133,1.9553101329583675,1.642637771744138,1.9162011992218093,1.9595818883691185,1.931370558211143,1,1,4,4,7,19,10,10,13,13,16,16,19,19,19,2,2,1,2,2,2,4
1648.0,1.648e-12,44.94608088368905,1.9202852276562112,1.9543187576329544,1.6458477652800996,1.9182887237384783,1.9613819284257183,1.9310950667945537,1,1,4,4,7,19,10,10,13,13,16,16,19,19,19,2,2,1,2,2,2,4
1649.0,1.6490000000000001e-12,44.9787943051634,1.9217198799575341,1.953282803263148,1.6489994249005604,1.9201940078950808,1.9631940796259784,1.9308682825297852,1,1,4,4,7,19,10,10,13,13,16,16,19,19,19,2,2,1,2,2,2,4
1650.0,1.65e-12,45.01232579244889,1.9231271644591226,1.9522771373494525,1.6519808775611942,1.9219218250183323,1.9650453878425804,1.9307741883917786,1,1,4,4,7,19,10,10,13,13,16,16,19,19,19,2,2,1,2,2,2,4
1651.0,1.6510000000000001e-12,45.04660328064544,1.9244720366849557,1.9513305751625922,1.6547924004392507,1.923553171930559,1.9668998123958006,1.9308772982183902,1,1,4,4,7,19,10,10,13,13,16,16,19,19,19,2,2,1,2,2,2,4
1652.0,1.652e-12,45.081349807128454,1.9257398106315022,1.9504354669767028,1.6574900502065293,1.9252126418749935,1.968666813208856,1.9311949409685432,1,1,4,4,7,19,10,10,13,13,16,16,19,19,19,2,2,1,2,2,2,4
1653.0,1.6530000000000001e-12,45.11611080050783,1.9269349583497126,1.949573966885994,1.660106985087534,1.9270214436696347,1.97023296487108,1.9316889927682492,1,1,4,4,7,19,10,10,13,13,16,16,19,19,19,2,2,1,2,2,2,4
1654.0,1.6540000000000002e-12,45.15039145457714,1.9280717735578465,1.9487492686372683,1.6625980445169173,1.929057319732918,1.9715091296278697,1.932278541539753,1,1,4,4,7,19,10,10,13,13,16,16,19,19,19,2,2,1,2,2,2,4
1655.0,1.6550000000000001e-12,45.18385167249116,1.9291629923719917,1.948005485713047,1.6648258908872857,1.9313338723336835,1.9724728915014536,1.9328713894108733,1,1,4,4,7,19,10,10,13,13,16,16,19,19,19,2,2,1,2,2,2,4
1656.0,1.6560000000000002e-12,45.21641744751657,1.9302113683622497,1.9474245091259361,1.6665909748500314,1.933803988614229,1.973179504362079,1.9334052319908064,1,1,4,4,7,19,10,10,13,13,16,16,19,19,19,2,2,1,2,2,2,4
1657.0,1.6570000000000001e-12,45.248231287329816,1.931206383167513,1.9471008706796518,1.667700207683251,1.9363877516805097,1.973731807447014,1.9338786449399892,1,1,4,4,7,19,10,10,13,13,16,16,19,19,19,2,2,1,2,2,2,4
1658.0,1.6580000000000002e-12,45.279521185953364,1.9321277821752112,1.9471081839598878,1.6680473747039706,1.9390168550822953,1.9742290759529122,1.934351784700803,1,1,4,4,7,19,10,10,13,13,16,16,19,19,19,2,2,1,2,2,2,4
1659.0,1.659e-12,45.31050638399015,1.9329561446531667,1.9474717757935085,1.6676574090704954,1.9416749357914078,1.9747234400253912,1.9349164315607343,1,1,4,4,7,19,10,10,13,13,16,16,19,19,19,2,2,1,2,2,2,4
1660.0,1.6600000000000002e-12,45.34135594936853,1.9336867427418383,1.9481581912181818,1.66666055611587,1.9444083935575511,1.9751993698694845,1.9356548439618109,1,1,4,4,7,19,10,10,13,13,16,16,19,19,19,2,2,1,2,2,2,4
1661.0,1.661e-12,45.37214801784481,1.9343389238380118,1.9490853436878326,1.6652169659387253,1.9472986118204514,1.975579056538891,1.9366076313675302,1,1,4,4,7,19,10,10,13,13,16,16,19,19,19,2,2,1,2,2,2,4
1662.0,1.6620000000000002e-12,45.40281487451044,1.9349549801118608,1.950150431794184,1.6634422591229363,1.95041272342801,1.975752387456757,1.9377602485603203,1,1,4,4,7,19,10,10,13,13,16,16,19,19,19,2,2,1,2,2,2,4
1663.0,1.663e-12,45.43313201451257,1.935589233972212,1.9512647918467871,1.6613675574623021,1.9537599259636085,1.9756249399469874,1.9390503138300694,1,1,4,4,7,19,10,10,13,13,16,16,19,19,19,2,2,1,2,2,2,4
1664.0,1.6640000000000002e-12,45.462818544661786,1.9362935297236332,1.95237935685892,1.658943409947778,1.957270679083293,1.9751648101431394,1.9403948303542953,1,1,4,4,7,19,10,10,13,13,16,16,19,19,19,2,2,1,2,2,2,4
1665.0,1.665e-12,45.49171887996682,1.93710467134015,1.9534877489321973,1.6560868222000036,1.9608036640302187,1.974419594783885,1.9417297152005684,1,1,4,4,7,19,10,10,13,13,16,16,19,19,19,2,2,1,2,2,2,4
1666.0,1.6660000000000002e-12,45.519928804923595,1.9380368910764865,1.9546069324931317,1.6527582662303921,1.9641788444528372,1.9734902055805792,1.9430428722973248,1,1,4,4,7,19,10,10,13,13,16,16,19,19,19,2,2,1,2,2,2,4
1667.0,1.667e-12,45.54777077523171,1.9390813339012118,1.9557472681411114,1.6490297791026718,1.9672285889923802,1.9724796498631954,1.9443794108017334,1,1,4,4,7,19,10,10,13,13,16,16,19,19,19,2,2,1,2,2,2,4
1668.0,1.6680000000000002e-12,45.5756716252411,1.94021403793359,1.9568866559342,1.6450953976914382,1.9698471275453064,1.9714476158023455,1.9458146479973963,1,1,4,4,7,19,10,10,13,13,16,16,19,19,19,2,2,1,2,2,2,4
1669.0,1.669e-12,45.604048710231005,1.9414102431822289,1.9579594372571247,1.6412134049623248,1.9720127904689673,1.9703883049519668,1.947413039113779,1,1,4,4,7,19,10,10,13,13,16,16,19,19,19,2,2,1,2,2,2,4
1670.0,1.6700000000000002e-12,45.63323653141632,1.9426577935060025,1.9588645155654776,1.6376213069790742,1.9737709800746714,1.9692342309705912,1.9491950315145576,1,1,4,4,7,19,10,10,13,13,16,16,19,19,19,2,2,1,2,2,2,4
1671.0,1.671e-12,45.66342167239717,1.9439615453362895,1.9594908230720498,1.634471167906461,1.9751911759601413,1.9678837217421625,1.9511228682625639,1,1,4,4,7,19,10,10,13,13,16,16,19,19,19,2,2,1,2,2,2,4
1672.0,1.6720000000000001e-12,45.69457543697097,1.9453367840903026,1.9597510031042609,1.6318064506077252,1.9763237178756003,1.9662458542609125,1.9531076104465406,1,1,4,4,7,19,10,10,13,13,16,16,19,19,19,2,2,1,2,2,2,4
1673.0,1.673e-12,45.7264398442447,1.946796629671256,1.9596077151765938,1.6295843413916187,1.9771738719032514,1.9642864639959232,1.955035463243096,1,1,4,4,7,19,10,10,13,13,16,16,19,19,19,2,2,1,2,2,2,4
1674.0,1.6740000000000001e-12,45.75863679713044,1.9483400032922678,1.9590790829871487,1.6277383175158568,1.9776997433921633,1.9620491232412838,1.956806813880688,1,1,4,4,7,19,10,10,13,13,16,16,19,19,19,2,2,1,2,2,2,4
1675.0,1.675e-12,45.79087085852734,1.9499442031904208,1.9582207293953173,1.6262570467028672,1.9778335801475646,1.959635869136387,1.9583710517846014,1,1,4,4,7,19,10,10,13,13,16,16,19,19,19,2,2,1,2,2,2,4
1676.0,1.6760000000000001e-12,45.82307404110158,1.9515647386976946,1.957094983310295,1.6252297840440524,1.9775215499998995,1.9571608974860544,1.9597370680848183,1,1,4,4,7,19,10,10,13,13,16,16,19,19,19,2,2,1,2,2,2,4
1677.0,1.6770000000000002e-12,45.85538236885735,1.9531444065465724,1.955741843905395,1.6248213594348335,1.976766730654453,1.954705350230007,1.9609532882929752,1,1,4,4,7,19,10,10,13,13,16,16,19,19,19,2,2,1,2,2,2,4
1678.0,1.6780000000000001e-12,45.88800639479967,1.954629990365805,1.954163078196165,1.6251945959432113,1.9756507367588698,1.9522919175053648,1.9620715672807938,1,1,4,4,7,19,10,10,13,13,16,16,19,19,19,2,2,1,2,2,2,4
1679.0,1.6790000000000002e-12,45.92112319186607,1.955989491412183,1.9523250437270756,1.626431900860772,1.9743173003451504,1.9498836147967988,1.9631155106568101,1,1,4,4,7,19,10,10,13,13,16,16,19,19,19,2,2,1,2,2,2,4
1680.0,1.6800000000000001e-12,45.95482773667807,1.9572205594315284,1.9501795224588598,1.6284929791489458,1.9729257257358401,1.9474053719013245,1.9640648296070302,1,1,4,4,7,19,10,10,13,13,16,16,19,19,19,2,2,1,2,2,2,4
1681.0,1.6810000000000002e-12,45.98909884580841,1.958345783973762,1.9476947356479561,1.6312193712834964,1.9715994999245383,1.9447839711375174,1.9648583822713024,1,1,4,4,7,19,10,10,13,13,16,16,19,19,19,2,2,1,2,2,2,4
1682.0,1.6820000000000001e-12,46.02375295666606,1.9593988472984978,1.9448818985688452,1.6343845580490124,1.9703918167513177,1.9419932278052838,1.965414673040023,1,1,4,4,7,19,10,10,13,13,16,16,19,19,19,2,2,1,2,2,2,4
1683.0,1.6830000000000002e-12,46.05843306719937,1.9604093703958092,1.9418028530664468,1.6377762353727046,1.969277386400743,1.9390802941239393,1.9656650140642045,1,1,4,4,7,19,10,10,13,13,16,16,19,19,19,2,2,1,2,2,2,4
1684.0,1.684e-12,46.09270603495578,1.9613919261675945,1.9385546695196676,1.6412718936147317,1.9681718105447639,1.9361538769806974,1.9655862860445559,1,1,4,4,7,19,10,10,13,13,16,16,19,19,19,2,2,1,2,2,2,4
1685.0,1.6850000000000002e-12,46.126246826936125,1.9623417956063074,1.9352402731645113,1.6448573910974045,1.966973881085967,1.9333412173019155,1.9652145128142842,1,1,4,4,7,19,10,10,13,13,16,16,19,19,19,2,2,1,2,2,2,4
1686.0,1.686e-12,46.15897038814269,1.963239033952694,1.9319394126020277,1.648576617211167,1.9656154205276248,1.9307406241276912,1.9646291525667403,1,1,4,4,7,19,10,10,13,13,16,16,19,19,19,2,2,1,2,2,2,4
1687.0,1.6870000000000002e-12,46.19101517742702,1.96406038171082,1.928691328763198,1.6524526120320857,1.9640931183129866,1.9283909995850907,1.9639178935925918,1,1,4,4,7,19,10,10,13,13,16,16,19,19,19,2,2,1,2,2,2,4
1688.0,1.688e-12,46.222638419241974,1.9647940054239257,1.925494731799144,1.6564280004072647,1.9624630580808573,1.9262656079349358,1.963141638735234,1,1,4,4,7,19,10,10,13,13,16,16,19,19,19,2,2,1,2,2,2,4
1689.0,1.6890000000000002e-12,46.2541270160241,1.9654485215901818,1.922325128879627,1.6603470300737615,1.9608034001375363,1.9242897145215716,1.9623136730365556,1,1,4,4,7,19,10,10,13,13,16,16,19,19,19,2,2,1,2,2,2,4
1690.0,1.69e-12,46.285744046723146,1.9660505479708543,1.9191634737004286,1.6639823289640565,1.9591700986500957,1.9223785319088742,1.9613979808925746,1,1,4,4,7,19,10,10,13,13,16,16,19,19,19,2,2,1,2,2,2,4
1691.0,1.6910000000000002e-12,46.31766875416205,1.9666327597160647,1.9160239669059054,1.6671005481527406,1.9575679202273024,1.920484290483337,1.9603266428331911,1,1,4,4,7,19,10,10,13,13,16,16,19,19,19,2,2,1,2,2,2,4
1692.0,1.692e-12,46.349914953098875,1.9672191417617244,1.912966763285379,1.6695437744764425,1.9559453939427882,1.9186290107007755,1.9590322468668044,1,1,4,4,7,19,10,10,13,13,16,16,19,19,19,2,2,1,2,2,2,4
1693.0,1.6930000000000002e-12,46.382288589978316,1.967813333242083,1.9100886219095634,1.6712810487536147,1.9542132779132693,1.9169003275517744,1.9574834848151423,1,1,4,4,7,19,10,10,13,13,16,16,19,19,19,2,2,1,2,2,2,4
1694.0,1.694e-12,46.414470224355405,1.9683926997394576,1.9074966970863245,1.6723920047488396,1.9522820630737994,1.9154115232697886,1.9557041567579736,1,1,4,4,7,19,10,10,13,13,16,16,19,19,19,2,2,1,2,2,2,4
1695.0,1.6950000000000001e-12,46.446206306431165,1.9689103540787232,1.9052788285419775,1.672995966356667,1.9501069317269182,1.9142517856992574,1.9537625867775625,1,1,4,4,7,19,10,10,13,13,16,16,19,19,19,2,2,1,2,2,2,4
1696.0,1.696e-12,46.47746119354523,1.9693062608712533,1.9034824686641874,1.6731755379521756,1.9477196419043838,1.9134516103831027,1.951738774788866,1,1,4,4,7,19,10,10,13,13,16,16,19,19,19,2,2,1,2,2,2,4
1697.0,1.6970000000000001e-12,46.508413876958514,1.9695245173041664,1.9021087777039334,1.6729316470021602,1.9452279328722502,1.91297291900091,1.949689210747401,1,1,4,4,7,19,10,10,13,13,16,16,19,19,19,2,2,1,2,2,2,4
1698.0,1.698e-12,46.53934494002878,1.9695285928818531,1.901123934864665,1.6721817179485943,1.9427818655045972,1.9127240848991092,1.947624960851,1,1,4,4,7,19,10,10,13,13,16,16,19,19,19,2,2,1,2,2,2,4
1699.0,1.6990000000000001e-12,46.57052696755921,1.9693062460455983,1.900484374040079,1.6708011484804697,1.9405266889382495,1.9125965499624706,1.9455089378344725,1,1,4,4,7,19,10,10,13,13,16,16,19,19,19,2,2,1,2,2,2,4
1700.0,1.7000000000000002e-12,46.6021587770509,1.9688629664298056,1.900164971473937,1.6686980936113394,1.93856420131252,1.9125123108819768,1.9432723680334016,1,1,4,4,7,19,10,10,13,13,16,16,19,19,19,2,2,1,2,2,2,4
1701.0,1.7010000000000001e-12,46.63431083122408,1.9682096291313365,1.9001753068840423,1.6658873747403773,1.9369342394861582,1.9124604282476236,1.9408467538946275,1,1,4,4,7,19,10,10,13,13,16,16,19,19,19,2,2,1,2,2,2,4
1702.0,1.7020000000000002e-12,46.66686343843718,1.967350561820967,1.900554625545994,1.6625136180059834,1.93561909899179,1.9124991847971273,1.9382006274079038,1,1,4,4,7,19,10,10,13,13,16,16,19,19,19,2,2,1,2,2,2,4
1703.0,1.7030000000000001e-12,46.699488817837725,1.966275722466117,1.901348539232693,1.6588042890786818,1.934569613507815,1.9127208532830342,1.9353623832982019,1,1,4,4,7,19,10,10,13,13,16,16,19,19,19,2,2,1,2,2,2,4
1704.0,1.7040000000000002e-12,46.731752924754154,1.9649597813306603,1.9025798581211808,1.6549871129622846,1.9337456089085567,1.913201911909232,1.9324142092764203,1,1,4,4,7,19,10,10,13,13,16,16,19,19,19,2,2,1,2,2,2,4
1705.0,1.7050000000000001e-12,46.76331405800221,1.9633706174823418,1.904226325542177,1.6512216522390482,1.9331519639197414,1.9139653057778767,1.9294609750961602,1,1,4,4,7,19,10,10,13,13,16,16,19,19,19,2,2,1,2,2,2,4
1706.0,1.7060000000000002e-12,46.794067931468646,1.9614854249128695,1.9062138090479113,1.6475699280798892,1.9328474565699871,1.914967016116426,1.9265928728909971,1,1,4,4,7,19,10,10,13,13,16,16,19,19,19,2,2,1,2,2,2,4
1707.0,1.707e-12,46.8241355175507,1.9593062450177707,1.9084285040969096,1.6440111553376382,1.932919282875565,1.9161081273469862,1.9238585194194358,1,1,4,4,7,19,10,10,13,13,16,16,19,19,19,2,2,1,2,2,2,4
1708.0,1.7080000000000002e-12,46.85375640440297,1.9568656741155037,1.9107450376397517,1.6404987625521148,1.9334396142442383,1.9172688072574293,1.921256462459211,1,1,4,4,7,19,10,10,13,13,16,16,19,19,19,2,2,1,2,2,2,4
1709.0,1.709e-12,46.88319940640309,1.954220122250902,1.9130592827755475,1.6370403258773891,1.9344279536648112,1.9183543763988484,1.918746534027752,1,1,4,4,7,19,10,10,13,13,16,16,19,19,19,2,2,1,2,2,2,4
1710.0,1.7100000000000002e-12,46.912716964121735,1.9514354546315804,1.9153106529785742,1.6337530243173601,1.9358335307031256,1.9193338842841157,1.916278439939318,1,1,4,4,7,19,10,10,13,13,16,16,19,19,19,2,2,1,2,2,2,4
1711.0,1.711e-12,46.94250021442255,1.9485715504091143,1.9174836337736076,1.6308505947874792,1.937541489536544,1.9202484655659473,1.9138286846163437,1,1,4,4,7,19,10,10,13,13,16,16,19,19,19,2,2,1,2,2,2,4
1712.0,1.7120000000000002e-12,46.97260579912752,1.945670051796076,1.9195899813928894,1.628569478389246,1.939401440615454,1.9211825150076578,1.9114279650639505,1,1,4,4,7,19,10,10,13,13,16,16,19,19,19,2,2,1,2,2,2,4
1713.0,1.713e-12,47.00289838886438,1.9427487991423165,1.92164256788515,1.6270841546395096,1.9412710647268225,1.9222160361527225,1.9091605526496305,1,1,4,4,7,19,10,10,13,13,16,16,19,19,19,2,2,1,2,2,2,4
1714.0,1.7140000000000002e-12,47.03310334163035,1.9398061615259832,1.9236334124275483,1.6264533061444224,1.9430579696610317,1.9233844899960257,1.9071344827877847,1,1,4,4,7,19,10,10,13,13,16,16,19,19,19,2,2,1,2,2,2,4
1715.0,1.715e-12,47.0629822541936,1.936834990467313,1.9255247435853502,1.6266116654267995,1.944738605689819,1.9246607554358084,1.9054409310629177,1,1,4,4,7,19,10,10,13,13,16,16,19,19,19,2,2,1,2,2,2,4
1716.0,1.7160000000000002e-12,47.09249801199951,1.933839342238418,1.9272572947594273,1.6274091406321007,1.9463446993034648,1.9259620778179232,1.904123026543989,1,1,4,4,7,19,10,10,13,13,16,16,19,19,19,2,2,1,2,2,2,4
1717.0,1.717e-12,47.121840442182496,1.9308440391385984,1.9287740615365687,1.6286880878429089,1.9479280191107409,1.9271794732849297,1.903164269998655,1,1,4,4,7,19,10,10,13,13,16,16,19,19,19,2,2,1,2,2,2,4
1718.0,1.7180000000000002e-12,47.15133402187272,1.9278922866305095,1.9300500135243703,1.6303632758574085,1.9495239145482741,1.9282217229212848,1.9024984679027284,1,1,4,4,7,19,10,10,13,13,16,16,19,19,19,2,2,1,2,2,2,4
1719.0,1.719e-12,47.181328345364236,1.9250343870452968,1.9311128889458997,1.6324509766472886,1.9511284260141342,1.9290568356681073,1.9020385866368175,1,1,4,4,7,19,10,10,13,13,16,16,19,19,19,2,2,1,2,2,2,4
1720.0,1.7200000000000001e-12,47.21212063571656,1.9223136890381882,1.932043181760535,1.635025885658,1.952694847132759,1.9297278578093127,1.9017163712045626,1,1,4,4,7,19,10,10,13,13,16,16,19,19,19,2,2,1,2,2,2,4
1721.0,1.721e-12,47.24388858504065,1.9197547650520095,1.9329526264522023,1.6381415268189374,1.9541506227952194,1.9303306481135636,1.9015155063224227,1,1,4,4,7,19,10,10,13,13,16,16,19,19,19,2,2,1,2,2,2,4
1722.0,1.7220000000000001e-12,47.27660774152259,1.91735753180373,1.9339520255119806,1.64176490156098,1.955431086305332,1.9309667160302044,1.9014779993470503,1,1,4,4,7,19,10,10,13,13,16,16,19,19,19,2,2,1,2,2,2,4
1723.0,1.7230000000000002e-12,47.30999746094649,1.9151006854066301,1.935122046653774,1.64575178496384,1.956517609115329,1.9316979285107019,1.9016788883828233,1,1,4,4,7,19,10,10,13,13,16,16,19,19,19,2,2,1,2,2,2,4
1724.0,1.7240000000000001e-12,47.34359454686706,1.9129551650696601,1.9364976675813905,1.6498678330318217,1.9574589081079732,1.9325219919753036,1.9021860259342982,1,1,4,4,7,19,10,10,13,13,16,16,19,19,19,2,2,1,2,2,2,4
1725.0,1.7250000000000002e-12,47.37696397790483,1.9109027506496394,1.9380712044746258,1.6538517094256409,1.9583596191552928,1.9333737511977311,1.9030272479953192,1,1,4,4,7,19,10,10,13,13,16,16,19,19,19,2,2,1,2,2,2,4
1726.0,1.7260000000000001e-12,47.40988790438885,1.9089500728578142,1.9398130064276116,1.6575001925464674,1.959340790838777,1.9341507757171286,1.9041765922903489,1,1,4,4,7,19,10,10,13,13,16,16,19,19,19,2,2,1,2,2,2,4
1727.0,1.7270000000000002e-12,47.442385543298606,1.9071305707063353,1.941701903676755,1.660728658413821,1.960493407782942,1.9347570456199146,1.9055616035726195,1,1,4,4,7,19,10,10,13,13,16,16,19,19,19,2,2,1,2,2,2,4
1728.0,1.7280000000000001e-12,47.47460516149074,1.9054950948479816,1.9437492372773795,1.663564594332089,1.9618448423012986,1.9351491136107966,1.9070891326901773,1,1,4,4,7,19,10,10,13,13,16,16,19,19,19,2,2,1,2,2,2,4
1729.0,1.7290000000000002e-12,47.50671582376361,1.9040974909768424,1.9460027532487727,1.6660810102633739,1.963348098091418,1.9353600472986336,1.9086829169274135,1,1,4,4,7,19,10,10,13,13,16,16,19,19,19,2,2,1,2,2,2,4
1730.0,1.73e-12,47.53885203349393,1.9029806054955352,1.948528231952162,1.6683191048675203,1.964896698237966,1.9354839888580135,1.9103177584328674,1,1,4,4,7,19,10,10,13,13,16,16,19,19,19,2,2,1,2,2,2,4
1731.0,1.7310000000000002e-12,47.571076742230595,1.902166382913533,1.9513798086986471,1.6702401132733784,1.9663625983978619,1.935629879096293,1.9120302448633701,1,1,4,4,7,19,10,10,13,13,16,16,19,19,19,2,2,1,2,2,2,4
1732.0,1.732e-12,47.6033217005325,1.901653854636952,1.9545735601928138,1.6717195999868573,1.9676440757285627,1.9358721913234798,1.9138971143017323,1,1,4,4,7,19,10,10,13,13,16,16,19,19,19,2,2,1,2,2,2,4
1733.0,1.7330000000000002e-12,47.635335773506235,1.9014274111785556,1.9580746683247525,1.6725852202239782,1.9686993657940832,1.9362213070800143,1.9159947239647404,1,1,4,4,7,19,10,10,13,13,16,16,19,19,19,2,2,1,2,2,2,4
1734.0,1.734e-12,47.66673601480032,1.9014725021475072,1.9618027957621986,1.6726897388232198,1.9695458003236181,1.9366208439363557,1.9183624893552285,1,1,4,4,7,19,10,10,13,13,16,16,19,19,19,2,2,1,2,2,2,4
1735.0,1.7350000000000002e-12,47.69718309698673,1.9017902385568848,1.9656547237257305,1.6719872851854722,1.970226772668719,1.936970590362328,1.9209844929490663,1,1,4,4,7,19,10,10,13,13,16,16,19,19,19,2,2,1,2,2,2,4
1736.0,1.736e-12,47.72654948723496,1.9024020786647187,1.9695367238727004,1.6705627028426746,1.9707689509638413,1.937169138568563,1.9237926296702696,1,1,4,4,7,19,10,10,13,13,16,16,19,19,19,2,2,1,2,2,2,4
1737.0,1.7370000000000002e-12,47.75495342513799,1.9033424970828108,1.9733923833775102,1.6685910587946278,1.9711517258783875,1.937162095533007,1.9266893283510735,1,1,4,4,7,19,10,10,13,13,16,16,19,19,19,2,2,1,2,2,2,4
1738.0,1.738e-12,47.78268289284093,1.9046442780082313,1.9772108798666674,1.6662587245565166,1.9712991625049903,1.9369717396846984,1.9295833688992086,1,1,4,4,7,19,10,10,13,13,16,16,19,19,19,2,2,1,2,2,2,4
1739.0,1.7390000000000002e-12,47.81010489674338,1.9063226992191888,1.9810119873943042,1.6636950295975022,1.9710959875600222,1.9366884120580554,1.9324243383635495,1,1,4,4,7,19,10,10,13,13,16,16,19,19,19,2,2,1,2,2,2,4
1740.0,1.74e-12,47.83760070363188,1.9083635204626166,1.9848178442853757,1.6609406983292825,1.9704248955823747,1.9364272948350778,1.9352170473595074,1,1,4,4,7,19,10,10,13,13,16,16,19,19,19,2,2,1,2,2,2,4
1741.0,1.7410000000000002e-12,47.86550061531371,1.910719304958821,1.9886254916746733,1.6579595246475918,1.9692139824760992,1.9362768527754066,1.9380053746083017,1,1,4,4,7,19,10,10,13,13,16,16,19,19,19,2,2,1,2,2,2,4
1742.0,1.742e-12,47.89398659385785,1.913317531969955,1.9923908765739566,1.6546917863601827,1.9674725056785256,1.936264133443527,1.9408358830859846,1,1,4,4,7,19,10,10,13,13,16,16,19,19,19,2,2,1,2,2,2,4
1743.0,1.7430000000000001e-12,47.92300424580631,1.916078972985396,1.9960297631474746,1.6511325145379998,1.9652935800996,1.936346849511252,1.9437231602710843,1,1,4,4,7,19,10,10,13,13,16,16,19,19,19,2,2,1,2,2,2,4
1744.0,1.744e-12,47.95229701490643,1.9189382828422652,1.9994364744478483,1.6473902292210143,1.962821456114709,1.936431805757904,1.9466324052401434,1,1,4,4,7,19,10,10,13,13,16,16,19,19,19,2,2,1,2,2,2,4
1745.0,1.7450000000000001e-12,47.98159602395484,1.921856095687531,2.0025147599132946,1.6436805191264618,1.9602023851278951,1.9364146969673182,1.9494830595546513,1,1,4,4,7,19,10,10,13,13,16,16,19,19,19,2,2,1,2,2,2,4
1746.0,1.7460000000000002e-12,48.010817297592844,1.9248167422864582,2.005206331173945,1.640258007355092,1.9575425927573218,1.9362287974699393,1.9521704384249572,1,1,4,4,7,19,10,10,13,13,16,16,19,19,19,2,2,1,2,2,2,4
1747.0,1.7470000000000001e-12,48.04010548531069,1.9278152106759214,2.0075016440092366,1.637333623401885,1.954886758732047,1.9358799043515857,1.9545988069793354,1,1,4,4,7,19,10,10,13,13,16,16,19,19,19,2,2,1,2,2,2,4
1748.0,1.7480000000000002e-12,48.06974023083571,1.9308409974818486,2.0094272341180286,1.6350188620658797,1.9522215312973672,1.9354453513675203,1.9567139372530318,1,1,4,4,7,19,10,10,13,13,16,16,19,19,19,2,2,1,2,2,2,4
1749.0,1.7490000000000001e-12,48.100023061998264,1.9338651630431105,2.011017451321257,1.6333128885065606,1.9495035571169193,1.9350356915919602,1.9585188961309146,1,1,4,4,7,19,10,10,13,13,16,16,19,19,19,2,2,1,2,2,2,4
1750.0,1.7500000000000002e-12,48.131205304862625,1.9368355400244495,2.0122853489745256,1.6321342636128038,1.946703580970913,1.9347426438102886,1.9600631681362217,1,1,4,4,7,19,10,10,13,13,16,16,19,19,19,2,2,1,2,2,2,4
1751.0,1.7510000000000001e-12,48.16343294119384,1.93968338923543,2.0132047060683673,1.6313902404179654,1.943845839964619,1.9346001834150808,1.9614116604779779,1,1,4,4,7,19,10,10,13,13,16,16,19,19,19,2,2,1,2,2,2,4
1752.0,1.7520000000000002e-12,48.196671384397646,1.9423408774793032,2.0137096949943905,1.6310534323578174,1.9410178178212112,1.9345716962714237,1.9626116046327342,1,1,4,4,7,19,10,10,13,13,16,16,19,19,19,2,2,1,2,2,2,4
1753.0,1.7530000000000001e-12,48.230644473020845,1.9447621416842082,2.0137136887895646,1.631194385387454,1.9383423732202205,1.934564235306957,1.9636723276718882,1,1,4,4,7,19,10,10,13,13,16,16,19,19,19,2,2,1,2,2,2,4
1754.0,1.7540000000000002e-12,48.264891640029745,1.9469366165390893,2.0131414086995774,1.6319435174286143,1.9359293728664773,1.9344657197474469,1.9645631761894076,1,1,4,4,7,19,10,10,13,13,16,16,19,19,19,2,2,1,2,2,2,4
1755.0,1.755e-12,48.29896254684673,1.9488867219759816,2.011960152956205,1.633412192173539,1.9338333415141251,1.9341940716104147,1.9652283570778204,1,1,4,4,7,19,10,10,13,13,16,16,19,19,19,2,2,1,2,2,2,4
1756.0,1.7560000000000002e-12,48.33259760830661,1.9506523090654737,2.0101937244071832,1.6356239563952368,1.9320334791751328,1.9337369994874785,1.9656143251050981,1,1,4,4,7,19,10,10,13,13,16,16,19,19,19,2,2,1,2,2,2,4
1757.0,1.757e-12,48.365760419287355,1.9522709336523487,2.007911828596066,1.6384849159640582,1.930440164566814,1.9331588172429253,1.9657003735987537,1,1,4,4,7,19,10,10,13,13,16,16,19,19,19,2,2,1,2,2,2,4
1758.0,1.7580000000000002e-12,48.39856276576336,1.9537610765947877,2.0052021221689857,1.6417995294959564,1.9289265567998906,1.9325680113931574,1.9655176968020605,1,1,4,4,7,19,10,10,13,13,16,16,19,19,19,2,2,1,2,2,2,4
1759.0,1.759e-12,48.431186968926326,1.9551130306674713,2.002140117037306,1.6453280214154793,1.9273768569121692,1.9320656172250235,1.965144006100949,1,1,4,4,7,19,10,10,13,13,16,16,19,19,19,2,2,1,2,2,2,4
1760.0,1.7600000000000002e-12,48.463841437197345,1.956291064729921,1.9987695372016756,1.6488678680531037,1.925731915121064,1.9317024539202141,1.9646749400912904,1,1,4,4,7,19,10,10,13,13,16,16,19,19,19,2,2,1,2,2,2,4
1761.0,1.761e-12,48.496716209653,1.9572478297483789,1.9950993200398708,1.6523177848426736,1.9240081609685404,1.931460744763472,1.9641880537165766,1,1,4,4,7,19,10,10,13,13,16,16,19,19,19,2,2,1,2,2,2,4
1762.0,1.7620000000000002e-12,48.52989862534041,1.9579454152242919,1.9911184995620643,1.6556800142691712,1.922279859150783,1.9312628567871537,1.9637166498565561,1,1,4,4,7,19,10,10,13,13,16,16,19,19,19,2,2,1,2,2,2,4
1763.0,1.763e-12,48.563276049244564,1.9583715636855605,1.9868244365452448,1.6590011404468554,1.9206384098387486,1.9310040512137152,1.9632420575982132,1,1,4,4,7,19,10,10,13,13,16,16,19,19,19,2,2,1,2,2,2,4
1764.0,1.7640000000000002e-12,48.59654025785572,1.95854181472052,1.9822521323651616,1.6622963805275603,1.9191522536526675,1.930600147285113,1.962705269025443,1,1,4,4,7,19,10,10,13,13,16,16,19,19,19,2,2,1,2,2,2,4
1765.0,1.765e-12,48.62935340800657,1.9584877969135257,1.9774881748380904,1.6654994328449721,1.9178431573272772,1.9300310713955133,1.9620346046330466,1,1,4,4,7,19,10,10,13,13,16,16,19,19,19,2,2,1,2,2,2,4
1766.0,1.7660000000000001e-12,48.66154836782282,1.9582393467299635,1.972659975176688,1.6684539059446013,1.9166842643391437,1.9293557674710027,1.9611810319277647,1,1,4,4,7,19,10,10,13,13,16,16,19,19,19,2,2,1,2,2,2,4
1767.0,1.767e-12,48.69320039865635,1.9578083323607702,1.9679057298540859,1.6709473969895152,1.9156202713625754,1.9286866764481951,1.9601456374059372,1,1,4,4,7,19,10,10,13,13,16,16,19,19,19,2,2,1,2,2,2,4
1768.0,1.7680000000000001e-12,48.7245633318136,1.957179472565292,1.9633408813792603,1.6727801814127228,1.914605283465588,1.9281387503161695,1.9589827014926382,1,1,4,4,7,19,10,10,13,13,16,16,19,19,19,2,2,1,2,2,2,4
1769.0,1.7690000000000002e-12,48.75596601375979,1.956312130873045,1.9590351036479003,1.673841161845712,1.9136436902188614,1.9277818231686852,1.9577750293579932,1,1,4,4,7,19,10,10,13,13,16,16,19,19,19,2,2,1,2,2,2,4
1770.0,1.7700000000000001e-12,48.78773185108475,1.9551547792714132,1.955006196434973,1.6741449206336234,1.9128106996559404,1.9276157795729858,1.9565961684903903,1,1,4,4,7,19,10,10,13,13,16,16,19,19,19,2,2,1,2,2,2,4
1771.0,1.7710000000000002e-12,48.82011144027003,1.9536677375819245,1.9512321744260055,1.6738018250026174,1.912237053896382,1.9275736536257124,1.9554796141388435,1,1,4,4,7,19,10,10,13,13,16,16,19,19,19,2,2,1,2,2,2,4
1772.0,1.7720000000000001e-12,48.85319072970499,1.951843354595776,1.9476784605326465,1.6729441599526227,1.912065317190188,1.9275508193318915,1.9544065870891847,1,1,4,4,7,19,10,10,13,13,16,16,19,19,19,2,2,1,2,2,2,4
1773.0,1.7730000000000002e-12,48.88679864220118,1.9497128801734311,1.9443291459893335,1.6716568680182047,1.9124012093301392,1.9274523122349778,1.9533147263705362,1,1,4,4,7,19,10,10,13,13,16,16,19,19,19,2,2,1,2,2,2,4
1774.0,1.7740000000000001e-12,48.92053241766204,1.9473376201497608,1.941205229302422,1.6699431038939607,1.9132798723365958,1.9272401605400884,1.952124903252484,1,1,4,4,7,19,10,10,13,13,16,16,19,19,19,2,2,1,2,2,2,4
1775.0,1.7750000000000002e-12,48.953955628594905,1.9447907501923927,1.9383586246928999,1.6677323178758108,1.9146563316273946,1.9269553952825083,1.9507788889577937,1,1,4,4,7,19,10,10,13,13,16,16,19,19,19,2,2,1,2,2,2,4
1776.0,1.7760000000000001e-12,48.98681454714999,1.9421381142420737,1.9358464215426585,1.6649291607142152,1.916422660096561,1.9266987345382358,1.9492733156712894,1,1,4,4,7,19,10,10,13,13,16,16,19,19,19,2,2,1,2,2,2,4
1777.0,1.7770000000000002e-12,49.01909569546633,1.939424131203662,1.933699380739893,1.661489247317357,1.9184483965413417,1.9265811768760084,1.9476697280127404,1,1,4,4,7,19,10,10,13,13,16,16,19,19,19,2,2,1,2,2,2,4
1778.0,1.778e-12,49.0509421978162,1.9366677905916008,1.9319001845596404,1.657483066813905,1.9206296802400706,1.9266732782212685,1.9460721476450622,1,1,4,4,7,19,10,10,13,13,16,16,19,19,19,2,2,1,2,2,2,4
1779.0,1.7790000000000002e-12,49.08255447662771,1.93387174895539,1.9303788878764216,1.6531022542767058,1.9229216202703905,1.926976070340882,1.9445846410414718,1,1,4,4,7,19,10,10,13,13,16,16,19,19,19,2,2,1,2,2,2,4
1780.0,1.78e-12,49.114137525307136,1.9310416356494247,1.929027523825603,1.6486009970321651,1.9253347125616471,1.9274209310277128,1.9432720573291384,1,1,4,4,7,19,10,10,13,13,16,16,19,19,19,2,2,1,2,2,2,4
1781.0,1.7810000000000002e-12,49.14586748338841,1.9282055720842937,1.927730088085393,1.6442135662351403,1.9278998158071987,1.9278967555715527,1.942139608040697,1,1,4,4,7,19,10,10,13,13,16,16,19,19,19,2,2,1,2,2,2,4
1782.0,1.782e-12,49.177824484359796,1.9254222305934805,1.9263970381666686,1.6400931641597156,1.9306249892548406,1.9282967532615285,1.9411357970957432,1,1,4,4,7,19,10,10,13,13,16,16,19,19,19,2,2,1,2,2,2,4
1783.0,1.7830000000000002e-12,49.20990243277202,1.9227728301328402,1.924987925246232,1.6362924897213798,1.933465757778593,1.9285671702380232,1.9401772193556037,1,1,4,4,7,19,10,10,13,13,16,16,19,19,19,2,2,1,2,2,2,4
1784.0,1.784e-12,49.24180533270505,1.920342095032888,1.9235104039242874,1.6327891886611576,1.9363182182860932,1.9287332782418116,1.9391882546449222,1,1,4,4,7,19,10,10,13,13,16,16,19,19,19,2,2,1,2,2,2,4
1785.0,1.7850000000000002e-12,49.273199418643784,1.9181971883215727,1.9219982345132065,1.6295498974263165,1.9390364930606463,1.9288856229924058,1.9381411162787505,1,1,4,4,7,19,10,10,13,13,16,16,19,19,19,2,2,1,2,2,2,4
1786.0,1.786e-12,49.30390523963508,1.9163717767777964,1.9204816866108139,1.62660648933785,1.9414711930434914,1.9291342572836927,1.9370739741759608,1,1,4,4,7,19,10,10,13,13,16,16,19,19,19,2,2,1,2,2,2,4
1787.0,1.7870000000000002e-12,49.33397422905803,1.9148603833800595,1.9189644346597527,1.6240950226819122,1.943517562304569,1.9295578831547051,1.936073147126707,1,1,4,4,7,19,10,10,13,13,16,16,19,19,19,2,2,1,2,2,2,4
1788.0,1.788e-12,49.36364328459986,1.913626686940427,1.917415670176076,1.6222242835382448,1.9451512072757684,1.93017156973239,1.9352297127275706,1,1,4,4,7,19,10,10,13,13,16,16,19,19,19,2,2,1,2,2,2,4
1789.0,1.7890000000000002e-12,49.393252796137496,1.9126245434781066,1.9157804531260676,1.62119543756661,1.9464306519809373,1.9309219886522977,1.934596489186246,1,1,4,4,7,19,10,10,13,13,16,16,19,19,19,2,2,1,2,2,2,4
1790.0,1.79e-12,49.423180555064995,1.9118228499975864,1.9140056197626474,1.621123673942346,1.9474654716879023,1.9317097271604116,1.9341644787690333,1,1,4,4,7,19,10,10,13,13,16,16,19,19,19,2,2,1,2,2,2,4
1791.0,1.7910000000000001e-12,49.45377745911435,1.91122090561533,1.9120710502405902,1.6219968890106016,1.948369080151274,1.932432592645891,1.9338643688034376,1,1,4,4,7,19,10,10,13,13,16,16,19,19,19,2,2,1,2,2,2,4
1792.0,1.792e-12,49.48526458117878,1.9108461979776654,1.9100103697150133,1.6236824912437018,1.9492183276806407,1.933034440596515,1.9335911690167595,1,1,4,4,7,19,10,10,13,13,16,16,19,19,19,2,2,1,2,2,2,4
1793.0,1.7930000000000001e-12,49.51761073128492,1.9107377755397887,1.907908595448429,1.6259806459931923,1.9500328528270596,1.9335353704654266,1.9332453323976009,1,1,4,4,7,19,10,10,13,13,16,16,19,19,19,2,2,1,2,2,2,4
1794.0,1.7940000000000002e-12,49.55051788800899,1.910925207934316,1.9058775883244436,1.6287075494723267,1.9507785405222904,1.93402429628181,1.9327759504213236,1,1,4,4,7,19,10,10,13,13,16,16,19,19,19,2,2,1,2,2,2,4
1795.0,1.7950000000000001e-12,49.58359676266335,1.911412183220466,1.9040224435214679,1.631766782433102,1.9513946345221962,1.9346170295006901,1.9322040504954603,1,1,4,4,7,19,10,10,13,13,16,16,19,19,19,2,2,1,2,2,2,4
1796.0,1.7960000000000002e-12,49.6165955897156,1.912170245934967,1.9024138103926405,1.635160241078841,1.9518365154114692,1.9354042017209658,1.9316100188613694,1,1,4,4,7,19,10,10,13,13,16,16,19,19,19,2,2,1,2,2,2,4
1797.0,1.7970000000000001e-12,49.64948863818647,1.9131456154324238,1.901075659974761,1.6389324598923816,1.9521140106023187,1.9364141863144841,1.9310921139868569,1,1,4,4,7,19,10,10,13,13,16,16,19,19,19,2,2,1,2,2,2,4
1798.0,1.7980000000000002e-12,49.68241203578445,1.9142785504164692,1.899991809620442,1.6430920371990931,1.9523006655590307,1.9376027480030382,1.930721293343295,1,1,4,4,7,19,10,10,13,13,16,16,19,19,19,2,2,1,2,2,2,4
1799.0,1.7990000000000001e-12,49.715559860885946,1.9155278132451081,1.8991290052792538,1.6475560566064036,1.9525063793938033,1.93887033862761,1.930513449064117,1,1,4,4,7,19,10,10,13,13,16,16,19,19,19,2,2,1,2,2,2,4
1800.0,1.8000000000000002e-12,49.749115536175424,1.9168878784153052,1.8984675103305442,1.6521377872861291,1.9528299577717958,1.940102615931322,1.9304260806980889,1,1,4,4,7,19,10,10,13,13,16,16,19,19,19,2,2,1,2,2,2,4
1801.0,1.801e-12,49.78320649235885,1.918389003554555,1.8980241335354588,1.6565806790609576,1.953316846102011,1.941221084137566,1.9303782211427196,1,1,4,4,7,19,10,10,13,13,16,16,19,19,19,2,2,1,2,2,2,4
1802.0,1.8020000000000002e-12,49.81783124767623,1.9200807497258316,1.8978545754588199,1.6606306585682504,1.9539384143487306,1.942220067772309,1.9302880831403038,1,1,4,4,7,19,10,10,13,13,16,16,19,19,19,2,2,1,2,2,2,4
1803.0,1.803e-12,49.85276631384502,1.9220085578422317,1.8980341882523009,1.6641182595941864,1.9545975293294426,1.943167687239409,1.930115450731195,1,1,4,4,7,19,10,10,13,13,16,16,19,19,19,2,2,1,2,2,2,4
1804.0,1.8040000000000002e-12,49.887568444318404,1.9241933990438465,1.8986287459552427,1.66700234731,1.955159089177224,1.9441690709975783,1.9298875923151195,1,1,4,4,7,19,10,10,13,13,16,16,19,19,19,2,2,1,2,2,2,4
1805.0,1.805e-12,49.92174429237391,1.9266209487678787,1.8996695586337455,1.6693443236906633,1.9554975741542953,1.9453137377354202,1.9296906198100927,1,1,4,4,7,19,10,10,13,13,16,16,19,19,19,2,2,1,2,2,2,4
1806.0,1.8060000000000002e-12,49.95495377085231,1.9292435059741269,1.9011424593111386,1.671233585794896,1.9555429058413403,1.9466342084955708,1.9296297785163956,1,1,4,4,7,19,10,10,13,13,16,16,19,19,19,2,2,1,2,2,2,4
1807.0,1.807e-12,49.98708545462102,1.9319954769958225,1.9029936705400614,1.672714564465045,1.9553003697064046,1.9480904665507954,1.9297824722558308,1,1,4,4,7,19,10,10,13,13,16,16,19,19,19,2,2,1,2,2,2,4
1808.0,1.8080000000000002e-12,50.018212514401604,1.9348173356441718,1.905151148836383,1.673748071713481,1.9548341768491653,1.949582926606135,1.9301671610309723,1,1,4,4,7,19,10,10,13,13,16,16,19,19,19,2,2,1,2,2,2,4
1809.0,1.809e-12,50.048525692501386,1.937676384151435,1.9075541735993833,1.6742163183908056,1.9542276772185445,1.9509899498141463,1.9307373631172873,1,1,4,4,7,19,10,10,13,13,16,16,19,19,19,2,2,1,2,2,2,4
1810.0,1.8100000000000002e-12,50.07829123828468,1.9405726238112238,1.9101780280506366,1.673970756895211,1.9535434433824173,1.9522185543778876,1.9314000351129323,1,1,4,4,7,19,10,10,13,13,16,16,19,19,19,2,2,1,2,2,2,4
1811.0,1.811e-12,50.10781052191947,1.9435270131903344,1.9130402819893733,1.6729092645920938,1.9527993148759286,1.953246260040018,1.932052757382886,1,1,4,4,7,19,10,10,13,13,16,16,19,19,19,2,2,1,2,2,2,4
1812.0,1.8120000000000002e-12,50.13732891566135,1.946559609679824,1.9161845359180738,1.6710443684409044,1.9519662075540205,1.9541296247213917,1.9326270244075014,1,1,4,4,7,19,10,10,13,13,16,16,19,19,19,2,2,1,2,2,2,4
1813.0,1.813e-12,50.166900165875575,1.9496680432657434,1.9196508794028329,1.6685148561855316,1.9509880254692802,1.9549725015170731,1.933117108328411,1,1,4,4,7,19,10,10,13,13,16,16,19,19,19,2,2,1,2,2,2,4
1814.0,1.8140000000000001e-12,50.19633652163031,1.9528139917619003,1.9234475171295904,1.6655316179981734,1.9498191947691421,1.9558728147122044,1.9335764475557415,1,1,4,4,7,19,10,10,13,13,16,16,19,19,19,2,2,1,2,2,2,4
1815.0,1.815e-12,50.2253528029958,1.955922938995388,1.9275349801181363,1.6622967460608085,1.9484653434705574,1.9568762718154198,1.9340830069555455,1,1,4,4,7,19,10,10,13,13,16,16,19,19,19,2,2,1,2,2,2,4
1816.0,1.8160000000000001e-12,50.25378814761183,1.9588993103154877,1.9318279933530003,1.6589411542844317,1.9470041405881147,1.957954961806611,1.9346952042382926,1,1,4,4,7,19,10,10,13,13,16,16,19,19,19,2,2,1,2,2,2,4
1817.0,1.8170000000000002e-12,50.28171231802367,1.9616532147293786,1.9362147081119943,1.6555022520638956,1.945570827809985,1.9590154105998274,1.9354213300427192,1,1,4,4,7,19,10,10,13,13,16,16,19,19,19,2,2,1,2,2,2,4
1818.0,1.8180000000000001e-12,50.309387972559264,1.9641273871463496,1.9405868945061098,1.651946124900813,1.9443154693607454,1.9599331171333576,1.936212673817123,1,1,4,4,7,19,10,10,13,13,16,16,19,19,19,2,2,1,2,2,2,4
1819.0,1.8190000000000002e-12,50.337180301854616,1.9663095519355835,1.944867455094104,1.6482296856601308,1.943355060741454,1.9606031504730652,1.9369797872267467,1,1,4,4,7,19,10,10,13,13,16,16,19,19,19,2,2,1,2,2,2,4
1820.0,1.8200000000000003e-12,50.36548154557505,1.9682242386554212,1.949020455104441,1.644379027433074,1.9427399992966234,1.9609858825972228,1.9376262328196694,1,1,4,4,7,19,10,10,13,13,16,16,19,19,19,2,2,1,2,2,2,4
1821.0,1.821e-12,50.39464647793977,1.9699108865542174,1.9530389126558587,1.6405353068734712,1.942443976937498,1.9611227699465954,1.9380889728881556,1,1,4,4,7,19,10,10,13,13,16,16,19,19,19,2,2,1,2,2,2,4
1822.0,1.822e-12,50.424896722059806,1.971399895604926,1.9569185622724314,1.636931388820152,1.942379766251798,1.9611111204874887,1.9383673993373076,1,1,4,4,7,19,10,10,13,13,16,16,19,19,19,2,2,1,2,2,2,4
1823.0,1.8230000000000002e-12,50.456199578403734,1.972695341175303,1.9606313267779538,1.6338160586963308,1.9424377298448985,1.9610529747549819,1.9385238291045073,1,1,4,4,7,19,10,10,13,13,16,16,19,19,19,2,2,1,2,2,2,4
1824.0,1.8240000000000003e-12,50.488242955490094,1.9737697337390088,1.9641103111661806,1.6313747482128564,1.9425336829354154,1.9610065168385453,1.93865377616202,1,1,4,4,7,19,10,10,13,13,16,16,19,19,19,2,2,1,2,2,2,4
1825.0,1.825e-12,50.520601614010296,1.974573969143233,1.9672525816990736,1.6296817670503332,1.9426421102353457,1.9609601201901583,1.9388431103622545,1,1,4,4,7,19,10,10,13,13,16,16,19,19,19,2,2,1,2,2,2,4
1826.0,1.826e-12,50.55296267749584,1.9750607365525485,1.9699400083930343,1.6286965423007027,1.942794512240725,1.9608353904305573,1.939133917293878,1,1,4,4,7,19,10,10,13,13,16,16,19,19,19,2,2,1,2,2,2,4
1827.0,1.827e-12,50.585217810831686,1.975211092452876,1.972071739372228,1.6283057214644707,1.9430454293964545,1.9605175924752931,1.9395113912074118,1,1,4,4,7,19,10,10,13,13,16,16,19,19,19,2,2,1,2,2,2,4
1828.0,1.8280000000000003e-12,50.61741570214877,1.9750491569037834,1.9735947926288668,1.6283995750157154,1.9434287315021102,1.9599049941990134,1.9399136165916064,1,1,4,4,7,19,10,10,13,13,16,16,19,19,19,2,2,1,2,2,2,4
1829.0,1.829e-12,50.649682332580475,1.9746362549180265,1.9745174261509104,1.6289445644741258,1.943926200004914,1.9589579675493776,1.9402603750021619,1,1,4,4,7,19,10,10,13,13,16,16,19,19,19,2,2,1,2,2,2,4
1830.0,1.83e-12,50.682174192258756,1.9740490057725097,1.9748989564568926,1.6300015682650972,1.9444585733462763,1.957722166145003,1.9404921196079372,1,1,4,4,7,19,10,10,13,13,16,16,19,19,19,2,2,1,2,2,2,4
1831.0,1.831e-12,50.715051156041525,1.9733530713163412,1.974822763315405,1.631675951882566,1.9449008895390187,1.9563103743080055,1.9406028372124864,1,1,4,4,7,19,10,10,13,13,16,16,19,19,19,2,2,1,2,2,2,4
1832.0,1.8320000000000003e-12,50.74841095589274,1.9725827105811424,1.9743664850972118,1.6340382240555782,1.9451191653130742,1.9548530499775238,1.9406477796069808,1,1,4,4,7,19,10,10,13,13,16,16,19,19,19,2,2,1,2,2,2,4
1833.0,1.833e-12,50.782170710305145,1.971732210719749,1.9735817050600946,1.6370628728780239,1.9450178928310704,1.953445727129407,1.940718996902549,1,1,4,4,7,19,10,10,13,13,16,16,19,19,19,2,2,1,2,2,2,4
1834.0,1.834e-12,50.81600924992697,1.9707624829779702,1.972489562364862,1.6406077172726166,1.9445776715011236,1.9521162741989164,1.9409023262648673,1,1,4,4,7,19,10,10,13,13,16,16,19,19,19,2,2,1,2,2,2,4
1835.0,1.835e-12,50.84949172974959,1.9696222880077328,1.9710933158071153,1.6444388795110216,1.943861431749039,1.950820392318411,1.9412389555015657,1,1,4,4,7,19,10,10,13,13,16,16,19,19,19,2,2,1,2,2,2,4
1836.0,1.8360000000000003e-12,50.88228578660114,1.9682761367839425,1.9694032639623835,1.6482981366952996,1.9429850144828578,1.94946543735491,1.941707159754323,1,1,4,4,7,19,10,10,13,13,16,16,19,19,19,2,2,1,2,2,2,4
1837.0,1.837e-12,50.914282120316976,1.9667246593845475,1.9674633426385573,1.6519881844181203,1.9420700076022241,1.9479566960528059,1.9422284647550538,1,1,4,4,7,19,10,10,13,13,16,16,19,19,19,2,2,1,2,2,2,4
1838.0,1.838e-12,50.94558134921375,1.9650061083456503,1.9653638373166245,1.655427420006458,1.941202108119693,1.9462493230918116,1.94269541047815,1,1,4,4,7,19,10,10,13,13,16,16,19,19,19,2,2,1,2,2,2,4
1839.0,1.839e-12,50.97642652125135,1.9631799971913877,1.9632309507917665,1.658635820772428,1.9404087047140814,1.9443795991987411,1.9430128629237007,1,1,4,4,7,19,10,10,13,13,16,16,19,19,19,2,2,1,2,2,2,4
1840.0,1.8400000000000002e-12,51.00714327107712,1.9613034340638618,1.9611977974961605,1.6616661728723712,1.9396602166659975,1.9424552508906565,1.9431375343492288,1,1,4,4,7,19,10,10,13,13,16,16,19,19,19,2,2,1,2,2,2,4
1841.0,1.8410000000000003e-12,51.038082185780496,1.9594104104132455,1.959371106870826,1.6645303158390357,1.9388953898303916,1.9406092335765486,1.943095059350468,1,1,4,4,7,19,10,10,13,13,16,16,19,19,19,2,2,1,2,2,2,4
1842.0,1.842e-12,51.06951536179934,1.9575010555542933,1.9578080072838593,1.6671563173852995,1.938063751575752,1.938944179747151,1.9429626507908346,1,1,4,4,7,19,10,10,13,13,16,16,19,19,19,2,2,1,2,2,2,4
1843.0,1.843e-12,51.10148653351874,1.9555451877716996,1.9565106010422042,1.6693876376112706,1.937166010374638,1.9374945300052122,1.942827264995722,1,1,4,4,7,19,10,10,13,13,16,16,19,19,19,2,2,1,2,2,2,4
1844.0,1.8440000000000002e-12,51.13374811168853,1.95350063300219,1.9554391179424384,1.6710253501625123,1.9362672496802267,1.9362175340553072,1.9427433879034215,1,1,4,4,7,19,10,10,13,13,16,16,19,19,19,2,2,1,2,2,2,4
1845.0,1.8450000000000003e-12,51.165910981329176,1.9513405228997869,1.9545394317515523,1.6719039592600198,1.9354722819749564,1.9350135836707711,1.942708937111129,1,1,4,4,7,19,10,10,13,13,16,16,19,19,19,2,2,1,2,2,2,4
1846.0,1.846e-12,51.1976861391815,1.9490761092941336,1.9537742795013062,1.6719656568747387,1.9348783031819048,1.9337705298949939,1.942665649230559,1,1,4,4,7,19,10,10,13,13,16,16,19,19,19,2,2,1,2,2,2,4
1847.0,1.847e-12,51.22900290196079,1.9467620019202698,1.953142563845278,1.6712829497543678,1.934530665417257,1.9324171568630444,1.9425225482308128,1,1,4,4,7,19,10,10,13,13,16,16,19,19,19,2,2,1,2,2,2,4
1848.0,1.8480000000000002e-12,51.25997208930631,1.9444813631832398,1.952675654694352,1.67001260160999,1.934399303154013,1.9309601461616384,1.9421959787330563,1,1,4,4,7,19,10,10,13,13,16,16,19,19,19,2,2,1,2,2,2,4
1849.0,1.8490000000000003e-12,51.29079778223244,1.9423205567979152,1.9524142097886084,1.668316360189478,1.934381561304777,1.9294824512844138,1.9416520558684167,1,1,4,4,7,19,10,10,13,13,16,16,19,19,19,2,2,1,2,2,2,4
1850.0,1.85e-12,51.3217144984932,1.940344317178065,1.9523793868976589,1.6662960185517666,1.9343311021405296,1.9281034706966338,1.9409298312054872,1,1,4,4,7,19,10,10,13,13,16,16,19,19,19,2,2,1,2,2,2,4
1851.0,1.851e-12,51.35294640378645,1.9385790904371103,1.9525524422361997,1.6639662389064926,1.9341060256971196,1.9269249079047828,1.9401284760154518,1,1,4,4,7,19,10,10,13,13,16,16,19,19,19,2,2,1,2,2,2,4
1852.0,1.852e-12,51.38463549070416,1.9370100346282417,1.9528700809192046,1.6612709876212486,1.9336175150428436,1.925989821951104,1.9393641143741875,1,1,4,4,7,19,10,10,13,13,16,16,19,19,19,2,2,1,2,2,2,4
1853.0,1.8530000000000003e-12,51.416724025558764,1.935594507721945,1.953236967478913,1.6581414660667742,1.932853755155333,1.9252687395614565,1.9387215012987733,1,1,4,4,7,19,10,10,13,13,16,16,19,19,19,2,2,1,2,2,2,4
1854.0,1.854e-12,51.4489028865425,1.9342883150601016,1.9535519349368868,1.6545756173623005,1.9318662162550821,1.92467436814025,1.9382231295542522,1,1,4,4,7,19,10,10,13,13,16,16,19,19,19,2,2,1,2,2,2,4
1855.0,1.855e-12,51.48074172173612,1.9330722850589008,1.953738982006991,1.650692034696228,1.930729724145522,1.9241006763356463,1.9378243240024247,1,1,4,4,7,19,10,10,13,13,16,16,19,19,19,2,2,1,2,2,2,4
1856.0,1.856e-12,51.511901667506926,1.9319639129153858,1.9537685083651768,1.6467162482438438,1.9295004018598079,1.923474101453442,1.9374340196771311,1,1,4,4,7,19,10,10,13,13,16,16,19,19,19,2,2,1,2,2,2,4
1857.0,1.8570000000000003e-12,51.54224866870698,1.9310075301368983,1.9536567883757354,1.6429089802342098,1.9281896440628807,1.9227933432549846,1.9369552302169275,1,1,4,4,7,19,10,10,13,13,16,16,19,19,19,2,2,1,2,2,2,4
1858.0,1.858e-12,51.5718416629799,1.930250184014332,1.9534446897195907,1.6394852375775315,1.926760999977961,1.9221342451022887,1.9363310296794722,1,1,4,4,7,19,10,10,13,13,16,16,19,19,19,2,2,1,2,2,2,4
1859.0,1.859e-12,51.600878125092336,1.9297161200935564,1.9531682471907195,1.6365628400634091,1.9251505085140308,1.921615895617499,1.9355735821076774,1,1,4,4,7,19,10,10,13,13,16,16,19,19,19,2,2,1,2,2,2,4
1860.0,1.86e-12,51.62965491958969,1.929389520640031,1.9528349390644426,1.6341532118665858,1.9233057904940059,1.9213479258877133,1.9347574068741646,1,1,4,4,7,19,10,10,13,13,16,16,19,19,19,2,2,1,2,2,2,4
1861.0,1.8610000000000002e-12,51.658533810206144,1.9292113806472817,1.952414248501132,1.6321958040869116,1.9212290146566802,1.9213858625818714,1.9339798068655967,1,1,4,4,7,19,10,10,13,13,16,16,19,19,19,2,2,1,2,2,2,4
1862.0,1.8620000000000003e-12,51.687853377772576,1.9290933891388875,1.95184509632589,1.6306290195104076,1.9189998971751365,1.921711045033998,1.9333128174231422,1,1,4,4,7,19,10,10,13,13,16,16,19,19,19,2,2,1,2,2,2,4
1863.0,1.863e-12,51.71776884828189,1.9289463924510504,1.9510584366513224,1.6294642433758724,1.9167624552412077,1.9222391967571257,1.9327712540309954,1,1,4,4,7,19,10,10,13,13,16,16,19,19,19,2,2,1,2,2,2,4
1864.0,1.864e-12,51.748147948698666,1.9287123648186972,1.9500071481387296,1.6288108727132522,1.914681873914321,1.922855585339631,1.932306615530062,1,1,4,4,7,19,10,10,13,13,16,16,19,19,19,2,2,1,2,2,2,4
1865.0,1.8650000000000002e-12,51.77868116428516,1.928383101960603,1.9486887143769234,1.6288306870311395,1.9128939759368089,1.92346687083805,1.931826171906149,1,1,4,4,7,19,10,10,13,13,16,16,19,19,19,2,2,1,2,2,2,4
1866.0,1.8660000000000003e-12,51.80911615111997,1.9279949996837686,1.9471473085482396,1.6296563176764132,1.9114688174104757,1.924047009931514,1.9312316176268725,1,1,4,4,7,19,10,10,13,13,16,16,19,19,19,2,2,1,2,2,2,4
1867.0,1.867e-12,51.83939580806577,1.9276047691841645,1.9454542368117897,1.6313243501924584,1.9103993275092523,1.9246504051306859,1.9304644177251262,1,1,4,4,7,19,10,10,13,13,16,16,19,19,19,2,2,1,2,2,2,4
1868.0,1.868e-12,51.869646755809775,1.9272607506527575,1.9436786733240314,1.6337487569118947,1.9096168980406405,1.9253834868946011,1.929536805665047,1,1,4,4,7,19,10,10,13,13,16,16,19,19,19,2,2,1,2,2,2,4
1869.0,1.8690000000000002e-12,51.90010619505042,1.9269817607434327,1.9418632075313564,1.6367397006651345,1.9090303630852217,1.9263520083290062,1.9285296990422216,1,1,4,4,7,19,10,10,13,13,16,16,19,19,19,2,2,1,2,2,2,4
1870.0,1.8700000000000003e-12,51.931060076667706,1.926749588515489,1.940013175964925,1.640064694062247,1.9085747573651068,1.927612233658863,1.927557332581791,1,1,4,4,7,19,10,10,13,13,16,16,19,19,19,2,2,1,2,2,2,4
1871.0,1.871e-12,51.962793908469486,1.9265177942006086,1.938102654638493,1.6435328965143352,1.908245106541289,1.9291452530811835,1.9267193245199365,1,1,4,4,7,19,10,10,13,13,16,16,19,19,19,2,2,1,2,2,2,4
1872.0,1.872e-12,51.99550792840074,1.9262356428839635,1.936095537895153,1.6470561531400072,1.908094170009892,1.9308610140586344,1.9260643195639684,1,1,4,4,7,19,10,10,13,13,16,16,19,19,19,2,2,1,2,2,2,4
1873.0,1.873e-12,52.02918158061046,1.9258781317967397,1.933974539378026,1.6506432555039765,1.908196822368488,1.9326307982125113,1.9255776045309605,1,1,4,4,7,19,10,10,13,13,16,16,19,19,19,2,2,1,2,2,2,4
1874.0,1.8740000000000003e-12,52.06350287834171,1.9254658894124157,1.9317648632018622,1.65433482895254,1.9086044792451162,1.9343392239312902,1.9251939662790343,1,1,4,4,7,19,10,10,13,13,16,16,19,19,19,2,2,1,2,2,2,4
1875.0,1.875e-12,52.097994547991625,1.9250621665946617,1.929538713622139,1.6581285217363138,1.909312329943806,1.935934965877035,1.9248314238223563,1,1,4,4,7,19,10,10,13,13,16,16,19,19,19,2,2,1,2,2,2,4
1876.0,1.876e-12,52.13223694217194,1.924749025444028,1.9273979056088535,1.6619339743832031,1.9102500776050837,1.9374520924290954,1.9244352123746755,1,1,4,4,7,19,10,10,13,13,16,16,19,19,19,2,2,1,2,2,2,4
1877.0,1.877e-12,52.16598827548246,1.9245967633109553,1.925445147789834,1.6655699462427478,1.9112976346619583,1.9389881919851542,1.9240121989206262,1,1,4,4,7,19,10,10,13,13,16,16,19,19,19,2,2,1,2,2,2,4
1878.0,1.8780000000000003e-12,52.19917385147063,1.92463974989404,1.9237581834470718,1.6688035670582493,1.912322445309881,1.940652924488246,1.9236347988273823,1,1,4,4,7,19,10,10,13,13,16,16,19,19,19,2,2,1,2,2,2,4
1879.0,1.879e-12,52.23183232983979,1.924865606248773,1.9223764941285786,1.671422592930196,1.9132276600495937,1.9425153438055005,1.9234100809655417,1,1,4,4,7,19,10,10,13,13,16,16,19,19,19,2,2,1,2,2,2,4
1880.0,1.88e-12,52.26408081573268,1.9252204186714041,1.9213037556188022,1.673310702793453,1.9139903415066555,1.9445718047489557,1.9234321022154617,1,1,4,4,7,19,10,10,13,13,16,16,19,19,19,2,2,1,2,2,2,4
1881.0,1.881e-12,52.29609632775025,1.925630328395819,1.9205246258703963,1.6744780830503112,1.9146677228942455,1.94674357284842,1.9237422714054575,1,1,4,4,7,19,10,10,13,13,16,16,19,19,19,2,2,1,2,2,2,4
1882.0,1.8820000000000003e-12,52.32805737304632,1.9260328477213642,1.9200304186732013,1.675023310564562,1.9153676962210056,1.9489045759374861,1.9243131364078434,1,1,4,4,7,19,10,10,13,13,16,16,19,19,19,2,2,1,2,2,2,4
1883.0,1.883e-12,52.36000941210518,1.9264026511023153,1.9198417390930202,1.6750565038050897,1.9162019388169462,1.9509315947453296,1.925058583906697,1,1,4,4,7,19,10,10,13,13,16,16,19,19,19,2,2,1,2,2,2,4
1884.0,1.884e-12,52.391756926785334,1.9267570267635363,1.9200141184999353,1.6746331258238911,1.9172448406922913,1.9527576152191914,1.9258667039667754,1,1,4,4,7,19,10,10,13,13,16,16,19,19,19,2,2,1,2,2,2,4
1885.0,1.885e-12,52.42294319534833,1.9271392988782556,1.920621680611789,1.6737250900116272,1.9185117275255679,1.9544010915465608,1.9266456770959455,1,1,4,4,7,19,10,10,13,13,16,16,19,19,19,2,2,1,2,2,2,4
1886.0,1.8860000000000002e-12,52.45326334299692,1.9275919197908613,1.9217277190790265,1.6722343070808368,1.9199610126135362,1.9559526649777572,1.9273635867226273,1,1,4,4,7,19,10,10,13,13,16,16,19,19,19,2,2,1,2,2,2,4
1887.0,1.8870000000000003e-12,52.48261032896921,1.9281328304603236,1.9233567970447258,1.6700467587418344,1.9215200001988997,1.9575266446213015,1.928059663531495,1,1,4,4,7,19,10,10,13,13,16,16,19,19,19,2,2,1,2,2,2,4
1888.0,1.888e-12,52.51108784689761,1.928743094077429,1.9254796838524895,1.6671095858470197,1.9231272533873072,1.959205458568536,1.9288189064741783,1,1,4,4,7,19,10,10,13,13,16,16,19,19,19,2,2,1,2,2,2,4
1889.0,1.889e-12,52.5389578652804,1.929369115345237,1.928014913121276,1.663490873119689,1.924772464585276,1.9610012866369033,1.9297258845115943,1,1,4,4,7,19,10,10,13,13,16,16,19,19,19,2,2,1,2,2,2,4
1890.0,1.8900000000000002e-12,52.56658929357747,1.9299406921248128,1.9308472602049886,1.6593775763513257,1.9265095081650063,1.9628468829332242,1.930822914663977,1,1,4,4,7,19,10,10,13,13,16,16,19,19,19,2,2,1,2,2,2,4
1891.0,1.8910000000000003e-12,52.5944115668646,1.9304005904654316,1.9338580879164682,1.6550113244265547,1.928432455901227,1.964617802156907,1.932089740342266,1,1,4,4,7,19,10,10,13,13,16,16,19,19,19,2,2,1,2,2,2,4
1892.0,1.892e-12,52.62282112853915,1.9307322821575292,1.9369547034415495,1.6506073858279147,1.930629062471594,1.9661809660518221,1.933449324341629,1,1,4,4,7,19,10,10,13,13,16,16,19,19,19,2,2,1,2,2,2,4
1893.0,1.893e-12,52.652019727669796,1.9309696192536367,1.940082617080984,1.6463005462453548,1.9331366649361148,1.9674517264992613,1.9347966702404915,1,1,4,4,7,19,10,10,13,13,16,16,19,19,19,2,2,1,2,2,2,4
1894.0,1.8940000000000002e-12,52.6819068406876,1.931183332826656,1.9432147768691397,1.642133304613649,1.9359174164053432,1.9684310369049303,1.936042345642203,1,1,4,4,7,19,10,10,13,13,16,16,19,19,19,2,2,1,2,2,2,4
1895.0,1.8950000000000003e-12,52.712185002918815,1.931453291574396,1.94632706342757,1.6380856672107509,1.9388602976223939,1.969200741677294,1.9371538694267625,1,1,4,4,7,19,10,10,13,13,16,16,19,19,19,2,2,1,2,2,2,4
1896.0,1.896e-12,52.742590969541666,1.9318408788332677,1.9493743695065284,1.6341403042203526,1.9418092878892306,1.969879511075754,1.9381723202224412,1,1,4,4,7,19,10,10,13,13,16,16,19,19,19,2,2,1,2,2,2,4
1897.0,1.897e-12,52.77303136479422,1.9323707888358457,1.9522778122416005,1.6303553128551715,1.9446102314814007,1.970565511204507,1.939192120663277,1,1,4,4,7,19,10,10,13,13,16,16,19,19,19,2,2,1,2,2,2,4
1898.0,1.898e-12,52.80357308540851,1.9330270205060307,1.9549279270623907,1.6268956858687114,1.947158236609392,1.9712932959811387,1.9403153291316257,1,1,4,4,7,19,10,10,13,13,16,16,19,19,19,2,2,1,2,2,2,4
1899.0,1.8990000000000003e-12,52.83437904730351,1.9337646945252152,1.9572038362075639,1.6239956954560046,1.9494216280643368,1.9720186929268777,1.941605612360857,1,1,4,4,7,19,10,10,13,13,16,16,19,19,19,2,2,1,2,2,2,4
1900.0,1.9e-12,52.865661031884194,1.934535947730885,1.9590037376327991,1.6218774521501407,1.9514292321500746,1.9726350560765018,1.9430614244890598,1,1,4,4,7,19,10,10,13,13,16,16,19,19,19,2,2,1,2,2,2,4
1901.0,1.901e-12,52.89764993027505,1.9353187736989357,1.9602748830967247,1.6206757821517679,1.953231952949534,1.9730177077219861,1.9446156975129405,1,1,4,4,7,19,10,10,13,13,16,16,19,19,19,2,2,1,2,2,2,4
1902.0,1.902e-12,52.93053123335179,1.9361322865861887,1.9610273658288289,1.6204014363436607,1.9548619486812733,1.9730819938081041,1.9461610255099875,1,1,4,4,7,19,10,10,13,13,16,16,19,19,19,2,2,1,2,2,2,4
1903.0,1.9030000000000003e-12,52.96431362733386,1.93702871140493,1.9613235539661982,1.6209509982103851,1.9563070155397295,1.9728267659129801,1.9475928724671685,1,1,4,4,7,19,10,10,13,13,16,16,19,19,19,2,2,1,2,2,2,4
1904.0,1.904e-12,52.9987298236501,1.9380681637456565,1.961249679181813,1.622160301258741,1.9575071412811498,1.9723374327352574,1.9488545526660876,1,1,4,4,7,19,10,10,13,13,16,16,19,19,19,2,2,1,2,2,2,4
1905.0,1.905e-12,53.03332143311662,1.939290808017101,1.9608848505286625,1.6238844119896314,1.9583743007738093,1.9717462035878701,1.949961442083135,1,1,4,4,7,19,10,10,13,13,16,16,19,19,19,2,2,1,2,2,2,4
1906.0,1.906e-12,53.0676492061536,1.9406976348986518,1.9602793842758313,1.6260625153092134,1.9588313067255168,1.971173318256315,1.9509883141081716,1,1,4,4,7,19,10,10,13,13,16,16,19,19,19,2,2,1,2,2,2,4
1907.0,1.9070000000000003e-12,53.1014363434465,1.9422451742901585,1.9594500090074904,1.6287212568479885,1.958855260284101,1.9706787866455302,1.9520266699242343,1,1,4,4,7,19,10,10,13,13,16,16,19,19,19,2,2,1,2,2,2,4
1908.0,1.908e-12,53.134591343604704,1.9438563955126542,1.958392414396613,1.6319157442478365,1.9585024797715405,1.9702414052641668,1.9531369872087079,1,1,4,4,7,19,10,10,13,13,16,16,19,19,19,2,2,1,2,2,2,4
1909.0,1.909e-12,53.16717640089746,1.9454465465587667,1.9571064822227424,1.6356532122044434,1.9578976568777282,1.9697694281052287,1.9543180054173932,1,1,4,4,7,19,10,10,13,13,16,16,19,19,19,2,2,1,2,2,2,4
1910.0,1.91e-12,53.19937954007832,1.946955112722646,1.9556225656691544,1.6398430927064107,1.957192244890813,1.9691405408372058,1.9555022888612907,1,1,4,4,7,19,10,10,13,13,16,16,19,19,19,2,2,1,2,2,2,4
1911.0,1.9110000000000002e-12,53.23149062194225,1.9483677959080197,1.9540138764271497,1.6442907123431811,1.9565146366417638,1.968259294023398,1.956578329576087,1,1,4,4,7,19,10,10,13,13,16,16,19,19,19,2,2,1,2,2,2,4
1912.0,1.9120000000000003e-12,53.26382602653401,1.949715248000728,1.9523856699143747,1.6487358558527687,1.9559336220494472,1.9671054542195388,1.9574329377082509,1,1,4,4,7,19,10,10,13,13,16,16,19,19,19,2,2,1,2,2,2,4
1913.0,1.913e-12,53.296562082834576,1.9510508485838607,1.950847279490684,1.6529250633540802,1.9554456795525241,1.965745173093637,1.9579985599238015,1,1,4,4,7,19,10,10,13,13,16,16,19,19,19,2,2,1,2,2,2,4
1914.0,1.914e-12,53.32958803808918,1.9524215653410066,1.949481670044052,1.6566891736735883,1.9549881910657592,1.9642983487297185,1.9582829494449543,1,1,4,4,7,19,10,10,13,13,16,16,19,19,19,2,2,1,2,2,2,4
1915.0,1.9150000000000002e-12,53.36257150959242,1.9538452165917,1.9483250094295643,1.6599812380271972,1.9544754812046856,1.9628824783867718,1.9583632160316555,1,1,4,4,7,19,10,10,13,13,16,16,19,19,19,2,2,1,2,2,2,4
1916.0,1.9160000000000003e-12,53.39518808944102,1.9553009973183755,1.9473633173077078,1.6628470392212447,1.953845565338253,1.961562466419412,1.9583467175739495,1,1,4,4,7,19,10,10,13,13,16,16,19,19,19,2,2,1,2,2,2,4
1917.0,1.917e-12,53.42728370802072,1.956735753335898,1.946547198688436,1.6653514338164255,1.9530940358385767,1.9603258373701913,1.958321499375931,1,1,4,4,7,19,10,10,13,13,16,16,19,19,19,2,2,1,2,2,2,4
1918.0,1.918e-12,53.458891346932205,1.9580857479327065,1.9458195220763106,1.6675094339606626,1.9522740597003159,1.959088857438605,1.9583204364328646,1,1,4,4,7,19,10,10,13,13,16,16,19,19,19,2,2,1,2,2,2,4
1919.0,1.9190000000000002e-12,53.49017904780826,1.9593072377973701,1.945145156415103,1.6692527705462965,1.9514633309801497,1.9577321317453662,1.9583104854887086,1,1,4,4,7,19,10,10,13,13,16,16,19,19,19,2,2,1,2,2,2,4
1920.0,1.9200000000000003e-12,53.521403347180815,1.9604005779864258,1.944528547751563,1.6704400604028067,1.9507195024486625,1.9561558928602256,1.9582085449953373,1,1,4,4,7,19,10,10,13,13,16,16,19,19,19,2,2,1,2,2,2,4
1921.0,1.921e-12,53.55287481146382,1.961412553855102,1.9440096089637435,1.6709084008819128,1.9500469457137104,1.954331301476359,1.9579195295272784,1,1,4,4,7,19,10,10,13,13,16,16,19,19,19,2,2,1,2,2,2,4
1922.0,1.922e-12,53.584885410579936,1.962415102380711,1.9436410211756854,1.6705502995467068,1.9493863449267037,1.9523181810354668,1.957383827079693,1,1,4,4,7,19,10,10,13,13,16,16,19,19,19,2,2,1,2,2,2,4
1923.0,1.923e-12,53.61756229882468,1.9634732157723649,1.943460216520952,1.6693761375992018,1.9486289236398084,1.9502384491855622,1.9566113191466241,1,1,4,4,7,19,10,10,13,13,16,16,19,19,19,2,2,1,2,2,2,4
1924.0,1.9240000000000003e-12,53.650746540876135,1.9646168640511974,1.9434691781691105,1.6675187540650969,1.9476524757784284,1.9482225537021798,1.955681160926992,1,1,4,4,7,19,10,10,13,13,16,16,19,19,19,2,2,1,2,2,2,4
1925.0,1.925e-12,53.68406176497675,1.965826371529345,1.9436290699129095,1.6651758246039863,1.9463690547055859,1.9463571165800033,1.9547055935207993,1,1,4,4,7,19,10,10,13,13,16,16,19,19,19,2,2,1,2,2,2,4
1926.0,1.926e-12,53.71712031391289,1.9670354050321956,1.9438712235908377,1.6625303190678644,1.944763773805051,1.9446541246732698,1.9537789069054976,1,1,4,4,7,19,10,10,13,13,16,16,19,19,19,2,2,1,2,2,2,4
1927.0,1.927e-12,53.7496665409923,1.9681523335334297,1.944120853931784,1.6596928931572477,1.942902915383004,1.9430499790164895,1.952937755522624,1,1,4,4,7,19,10,10,13,13,16,16,19,19,19,2,2,1,2,2,2,4
1928.0,1.9280000000000003e-12,53.78160052101521,1.9690941703404359,1.944324395709936,1.6566854301331155,1.9409068958818916,1.941434944231981,1.9521470218286816,1,1,4,4,7,19,10,10,13,13,16,16,19,19,19,2,2,1,2,2,2,4
1929.0,1.929e-12,53.8129521148777,1.9698179890157559,1.9444673304083258,1.6534681540241107,1.9389050950716396,1.9397058054691891,1.9513136307700363,1,1,4,4,7,19,10,10,13,13,16,16,19,19,19,2,2,1,2,2,2,4
1930.0,1.93e-12,53.843862969396184,1.970331634643574,1.9445718473738964,1.6500040029256515,1.9369950117227603,1.9378205762823097,1.9503242172506885,1,1,4,4,7,19,10,10,13,13,16,16,19,19,19,2,2,1,2,2,2,4
1931.0,1.931e-12,53.87457660980458,1.9706776346193131,1.9446749526451708,1.6463336471544343,1.9352194228392074,1.935824035975156,1.9490944650319484,1,1,4,4,7,19,10,10,13,13,16,16,19,19,19,2,2,1,2,2,2,4
1932.0,1.9320000000000002e-12,53.90538576830197,1.9709016114702078,1.9447991333494103,1.642613332435898,1.9335667010967794,1.9338273284561578,1.94760737523037,1,1,4,4,7,19,10,10,13,13,16,16,19,19,19,2,2,1,2,2,2,4
1933.0,1.9330000000000003e-12,53.93649093124251,1.9710226249254816,1.9449300166361623,1.6390848715287447,1.9319946113252582,1.93195570939762,1.9459184283148554,1,1,4,4,7,19,10,10,13,13,16,16,19,19,19,2,2,1,2,2,2,4
1934.0,1.934e-12,53.96785172871216,1.9710167407219483,1.9450095868475632,1.6359990297711293,1.9304711139160056,1.9302945587209155,1.9441246924847897,1,1,4,4,7,19,10,10,13,13,16,16,19,19,19,2,2,1,2,2,2,4
1935.0,1.935e-12,53.99921082932356,1.9708185660379858,1.9449471815441357,1.6335388496734522,1.9290135872447696,1.9288552576399027,1.9423170154201512,1,1,4,4,7,19,10,10,13,13,16,16,19,19,19,2,2,1,2,2,2,4
1936.0,1.9360000000000002e-12,54.03028389245018,1.9703415772759176,1.9446447464685424,1.6317760658392853,1.9277021926853386,1.9275698650080373,1.940540099895232,1,1,4,4,7,19,10,10,13,13,16,16,19,19,19,2,2,1,2,2,2,4
1937.0,1.9370000000000003e-12,54.06092083684007,1.969512378012605,1.9440271431834093,1.630672744964499,1.9266570552330764,1.926316585846925,1.9387758465832294,1,1,4,4,7,19,10,10,13,13,16,16,19,19,19,2,2,1,2,2,2,4
1938.0,1.938e-12,54.09114756126874,1.9683047688755069,1.9430640966941484,1.6301275284039156,1.9259927917535622,1.9249711690247602,1.9369533562530747,1,1,4,4,7,19,10,10,13,13,16,16,19,19,19,2,2,1,2,2,2,4
1939.0,1.939e-12,54.1211374089704,1.9667545309211774,1.9417724400570868,1.630051971188943,1.9257747082464987,1.9234654146761783,1.9349823026450657,1,1,4,4,7,19,10,10,13,13,16,16,19,19,19,2,2,1,2,2,2,4
1940.0,1.9400000000000002e-12,54.15117510063711,1.9649454609865071,1.940198108218611,1.630437316362437,1.9259938456835242,1.9218213676842286,1.9327994222124274,1,1,4,4,7,19,10,10,13,13,16,16,19,19,19,2,2,1,2,2,2,4
1941.0,1.9410000000000003e-12,54.18162526123565,1.9629759571974537,1.938388674196917,1.6313645085904571,1.9265672142557524,1.920139334765274,1.9304075387363622,1,1,4,4,7,19,10,10,13,13,16,16,19,19,19,2,2,1,2,2,2,4
1942.0,1.942e-12,54.21285997495437,1.960924269632421,1.936370810053154,1.6329493836931404,1.9273638206952945,1.918548589518998,1.9278848374802886,1,1,4,4,7,19,10,10,13,13,16,16,19,19,19,2,2,1,2,2,2,4
1943.0,1.943e-12,54.245104013890845,1.958826604421677,1.9341423645117597,1.6352641641551504,1.9282497364206501,1.9171509779995652,1.9253582678299443,1,1,4,4,7,19,10,10,13,13,16,16,19,19,19,2,2,1,2,2,2,4
1944.0,1.944e-12,54.27829040735022,1.9566734946918443,1.9316815334586148,1.638279727758258,1.9291350364301247,1.9159821704443147,1.9229568456718416,1,1,4,4,7,19,10,10,13,13,16,16,19,19,19,2,2,1,2,2,2,4
1945.0,1.9450000000000003e-12,54.31210458585518,1.9544243662279996,1.9289688794065134,1.641849881319472,1.9299989962984911,1.9150001436128863,1.9207676590171407,1,1,4,4,7,19,10,10,13,13,16,16,19,19,19,2,2,1,2,2,2,4
1946.0,1.946e-12,54.34618701661737,1.952036785013656,1.9260135793034214,1.645742163228109,1.9308793154399926,1.9141035877204828,1.9188111960633896,1,1,4,4,7,19,10,10,13,13,16,16,19,19,19,2,2,1,2,2,2,4
1947.0,1.947e-12,54.38028649603226,1.949499518823489,1.9228728477541777,1.6497072510073572,1.9318343299935825,1.91317783866782,1.9170431534158905,1,1,4,4,7,19,10,10,13,13,16,16,19,19,19,2,2,1,2,2,2,4
1948.0,1.948e-12,54.41428730711599,1.9468510889055792,1.91965352818626,1.6535602982925877,1.9329017982219867,1.912153263097013,1.9153818613088915,1,1,4,4,7,19,10,10,13,13,16,16,19,19,19,2,2,1,2,2,2,4
1949.0,1.9490000000000003e-12,54.44817699967996,1.9441717043639748,1.916493330629452,1.6572275957706086,1.9340725801958873,1.911046333318586,1.9137533887332712,1,1,4,4,7,19,10,10,13,13,16,16,19,19,19,2,2,1,2,2,2,4
1950.0,1.95e-12,54.48202254796956,1.9415538858356924,1.9135301426470104,1.6607267227585663,1.9352863603661061,1.9099574525247445,1.9121359590761755,1,1,4,4,7,19,10,10,13,13,16,16,19,19,19,2,2,1,2,2,2,4
1951.0,1.951e-12,54.5159607747611,1.9390686409220892,1.9108732918501419,1.6640980536793004,1.9364503613094413,1.909026988054434,1.9105793690602426,1,1,4,4,7,19,10,10,13,13,16,16,19,19,19,2,2,1,2,2,2,4
1952.0,1.952e-12,54.550151544172586,1.9367420526337986,1.9085878961409324,1.667335126027857,1.9374771653200766,1.908376401347578,1.9091865028859518,1,1,4,4,7,19,10,10,13,13,16,16,19,19,19,2,2,1,2,2,2,4
1953.0,1.9530000000000003e-12,54.58464601211433,1.9345495308002087,1.9066974897072828,1.6703458352201632,1.9383282355660911,1.908062472561878,1.9080682959354132,1,1,4,4,7,19,10,10,13,13,16,16,19,19,19,2,2,1,2,2,2,4
1954.0,1.954e-12,54.619249699058976,1.9324287078666742,1.9052024104396668,1.6729552834728636,1.939040732058366,1.9080582249085731,1.9072968589158659,1,1,4,4,7,19,10,10,13,13,16,16,19,19,19,2,2,1,2,2,2,4
1955.0,1.955e-12,54.65355515637636,1.93030789132949,1.9041057966314796,1.6749521423315692,1.9397197235699382,1.9082644995003475,1.906876376346796,1,1,4,4,7,19,10,10,13,13,16,16,19,19,19,2,2,1,2,2,2,4
1956.0,1.956e-12,54.6871311814528,1.9281408258273454,1.9034354150186226,1.6761657764669398,1.9404988017152924,1.9085516215795026,1.9067404935891503,1,1,4,4,7,19,10,10,13,13,16,16,19,19,19,2,2,1,2,2,2,4
1957.0,1.9570000000000002e-12,54.71967933225933,1.9259314761646156,1.9032492751773986,1.6765356124663742,1.941491086505775,1.9088191753382862,1.906776859018442,1,1,4,4,7,19,10,10,13,13,16,16,19,19,19,2,2,1,2,2,2,4
1958.0,1.9580000000000003e-12,54.75108036775074,1.9237342680727754,1.9036197790956677,1.676126797017685,1.9427522306702965,1.9090454264076955,1.9068721351628326,1,1,4,4,7,19,10,10,13,13,16,16,19,19,19,2,2,1,2,2,2,4
1959.0,1.959e-12,54.78138189064566,1.921630846619347,1.9046046171194027,1.675081113192667,1.9442659857145383,1.9092964713724574,1.906961418757453,1,1,4,4,7,19,10,10,13,13,16,16,19,19,19,2,2,1,2,2,2,4
1960.0,1.96e-12,54.810782131604185,1.919697979878989,1.9062193267440166,1.6735398346138366,1.9459553474827476,1.9096898486906413,1.9070574221893801,1,1,4,4,7,19,10,10,13,13,16,16,19,19,19,2,2,1,2,2,2,4
1961.0,1.9610000000000002e-12,54.83961451783592,1.9179815396939848,1.9084236882263397,1.6715827716156033,1.9477174493241078,1.9103362371812347,1.9072415252117048,1,1,4,4,7,19,10,10,13,13,16,16,19,19,19,2,2,1,2,2,2,4
1962.0,1.9620000000000003e-12,54.86828455249532,1.916484785083439,1.911126757319882,1.669205365972042,1.9494706474283827,1.911289419724046,1.9076219337497784,1,1,4,4,7,19,10,10,13,13,16,16,19,19,19,2,2,1,2,2,2,4
1963.0,1.963e-12,54.89710921792439,1.9151742936820402,1.9142080564446027,1.66633944069572,1.9511898593870882,1.9125218320184716,1.908283153546722,1,1,4,4,7,19,10,10,13,13,16,16,19,19,19,2,2,1,2,2,2,4
1964.0,1.964e-12,54.92614307100418,1.914002937073566,1.917547481898182,1.6629144737575738,1.9529080529317255,1.9139307089135018,1.9092498201735766,1,1,4,4,7,19,10,10,13,13,16,16,19,19,19,2,2,1,2,2,2,4
1965.0,1.9650000000000002e-12,54.95519078630038,1.9129422963374252,1.9210534444647496,1.6589359101307595,1.9546840461398367,1.9153751872018685,1.9104761294430608,1,1,4,4,7,19,10,10,13,13,16,16,19,19,19,2,2,1,2,2,2,4
1966.0,1.9660000000000003e-12,54.9840045032448,1.9120088498173469,1.9246761218185895,1.6545328534550208,1.9565578835703217,1.9167354837353867,1.9118632328441314,1,1,4,4,7,19,10,10,13,13,16,16,19,19,19,2,2,1,2,2,2,4
1967.0,1.967e-12,55.0124523241514,1.911267524559331,1.928398014976651,1.6499387311155669,1.9585167190043125,1.9179675565965066,1.913299982447339,1,1,4,4,7,19,10,10,13,13,16,16,19,19,19,2,2,1,2,2,2,4
1968.0,1.968e-12,55.040560739647766,1.9108097260669465,1.9322083727108557,1.6454190363246388,1.960482786586146,1.91912073034117,1.9147131459794424,1,1,4,4,7,19,10,10,13,13,16,16,19,19,19,2,2,1,2,2,2,4
1969.0,1.969e-12,55.06848760384061,1.9107188923140073,1.9360767867878104,1.6411932084688732,1.9623259354262168,1.9203077949516192,1.916102897859798,1,1,4,4,7,19,10,10,13,13,16,16,19,19,19,2,2,1,2,2,2,4
1970.0,1.9700000000000003e-12,55.09649285409759,1.9110399724620595,1.939938497761715,1.6373862483467398,1.9638985642134452,1.921647774061432,1.9175417496890663,1,1,4,4,7,19,10,10,13,13,16,16,19,19,19,2,2,1,2,2,2,4
1971.0,1.971e-12,55.12491784448565,1.911763405421207,1.943697263600477,1.6340219132514844,1.9650835156382382,1.9232125776008047,1.9191362649514976,1,1,4,4,7,19,10,10,13,13,16,16,19,19,19,2,2,1,2,2,2,4
1972.0,1.972e-12,55.15412846115596,1.9128274867083148,1.9472440838924083,1.6310604598547234,1.9658345435094868,1.924997060472519,1.9209741469999395,1,1,4,4,7,19,10,10,13,13,16,16,19,19,19,2,2,1,2,2,2,4
1973.0,1.973e-12,55.184372281940185,1.9141396950911418,1.9504849838436755,1.628471033903381,1.9661864625676555,1.9269189015355335,1.9230824163728395,1,1,4,4,7,19,10,10,13,13,16,16,19,19,19,2,2,1,2,2,2,4
1974.0,1.9740000000000003e-12,55.21562052199177,1.9156108232729951,1.9533669266655431,1.626302482799115,1.9662301016302632,1.9288483780250647,1.925410867332937,1,1,4,4,7,19,10,10,13,13,16,16,19,19,19,2,2,1,2,2,2,4
1975.0,1.975e-12,55.24757466805955,1.9171880804337562,1.9558905114853167,1.6247005775642305,1.9660686108196022,1.9306632793879257,1.9278448374534054,1,1,4,4,7,19,10,10,13,13,16,16,19,19,19,2,2,1,2,2,2,4
1976.0,1.976e-12,55.27984433103148,1.9188685778637526,1.9581011237931834,1.623855951107296,1.9657774840066233,1.9323070535790103,1.9302450577268475,1,1,4,4,7,19,10,10,13,13,16,16,19,19,19,2,2,1,2,2,2,4
1977.0,1.977e-12,55.312106689778325,1.920684639879662,1.9600617834002843,1.6239212992243799,1.9653825573226047,1.9338156296167595,1.9325011346694358,1,1,4,4,7,19,10,10,13,13,16,16,19,19,19,2,2,1,2,2,2,4
1978.0,1.9780000000000003e-12,55.34415994106804,1.9226715809897805,1.9618220830883555,1.6249461669582994,1.9648609748335928,1.9352952507616457,1.9345744178721282,1,1,4,4,7,19,10,10,13,13,16,16,19,19,19,2,2,1,2,2,2,4
1979.0,1.9790000000000004e-12,55.37592184388783,1.9248365174689601,1.9633974928403841,1.626852711317802,1.9641648840060146,1.9368674310377973,1.9365059200364834,1,1,4,4,7,19,10,10,13,13,16,16,19,19,19,2,2,1,2,2,2,4
1980.0,1.98e-12,55.40742964080192,1.9271410919877061,1.964766063123815,1.6294579283942363,1.9632610333461857,1.9386126094239968,1.9383845645505384,1,1,4,4,7,19,10,10,13,13,16,16,19,19,19,2,2,1,2,2,2,4
1981.0,1.981e-12,55.43884511104354,1.9295026968712876,1.9658829207436013,1.632538539237785,1.9621685705343792,1.9405351185742226,1.9402958717239218,1,1,4,4,7,19,10,10,13,13,16,16,19,19,19,2,2,1,2,2,2,4
1982.0,1.9820000000000002e-12,55.47041839617284,1.9318145013362307,1.9667069092799432,1.6359156014529126,1.960971574855442,1.9425578353591668,1.9422783285439755,1,1,4,4,7,19,10,10,13,13,16,16,19,19,19,2,2,1,2,2,2,4
1983.0,1.9830000000000003e-12,55.50235505035189,1.9339793928885993,1.9672280857680275,1.6395098806235284,1.9597961277505667,1.9445477025957394,1.9443032057780656,1,1,4,4,7,19,10,10,13,13,16,16,19,19,19,2,2,1,2,2,2,4
1984.0,1.984e-12,55.53464121673103,1.935944628140985,1.967481848454551,1.643329003419284,1.9587653667885263,1.946367617684526,1.946281757155657,1,1,4,4,7,19,10,10,13,13,16,16,19,19,19,2,2,1,2,2,2,4
1985.0,1.985e-12,55.56701420613303,1.9377190330088192,1.967541071108761,1.6474008504710702,1.9579559414840089,1.9479369250072092,1.9480985146421705,1,1,4,4,7,19,10,10,13,13,16,16,19,19,19,2,2,1,2,2,2,4
1986.0,1.9860000000000002e-12,55.59912242287228,1.9393615529443808,1.9674900810187466,1.6517023961417103,1.9573730548775163,1.9492675308447869,1.9496616550931687,1,1,4,4,7,19,10,10,13,13,16,16,19,19,19,2,2,1,2,2,2,4
1987.0,1.9870000000000003e-12,55.63069582574646,1.9409483193890011,1.967394795516967,1.6561189570341326,1.9569508439009384,1.9504516606592437,1.950948421796923,1,1,4,4,7,19,10,10,13,13,16,16,19,19,19,2,2,1,2,2,2,4
1988.0,1.988e-12,55.66161525670135,1.9425368915942514,1.9672826451669403,1.6604452561655532,1.956577453807114,1.9516110887494456,1.9520196149618214,1,1,4,4,7,19,10,10,13,13,16,16,19,19,19,2,2,1,2,2,2,4
1989.0,1.989e-12,55.69191392726825,1.9441424718611373,1.9671395431597831,1.6644285765837248,1.9561379390387585,1.9528390216433034,1.952993443696147,1,1,4,4,7,19,10,10,13,13,16,16,19,19,19,2,2,1,2,2,2,4
1990.0,1.9900000000000002e-12,55.72176633778919,1.9457321262718157,1.9669243065046351,1.6678439837648913,1.9555588139642466,1.9541597782400786,1.9539943846489234,1,1,4,4,7,19,10,10,13,13,16,16,19,19,19,2,2,1,2,2,2,4
1991.0,1.9910000000000003e-12,55.75147647246905,1.9472384515420473,1.9665954856461478,1.6705681570617525,1.954831422540583,1.9555169034377107,1.9551041386443653,1,1,4,4,7,19,10,10,13,13,16,16,19,19,19,2,2,1,2,2,2,4
1992.0,1.992e-12,55.781425847372304,1.9485898621836149,1.9661400165166072,1.6726033780699558,1.9540009399835603,1.9567923746084923,1.9563338566319606,1,1,4,4,7,19,10,10,13,13,16,16,19,19,19,2,2,1,2,2,2,4
1993.0,1.993e-12,55.811931110870205,1.9497460296239246,1.965589936659053,1.674033898061755,1.9531303726535174,1.957854397809969,1.9576240733868793,1,1,4,4,7,19,10,10,13,13,16,16,19,19,19,2,2,1,2,2,2,4
1994.0,1.994e-12,55.84306998270236,1.9507193243848024,1.9650173726635425,1.6749494395619715,1.9522618433329422,1.9586184017801862,1.9588716620235713,1,1,4,4,7,19,10,10,13,13,16,16,19,19,19,2,2,1,2,2,2,4
1995.0,1.9950000000000003e-12,55.87465476244563,1.9515684543848837,1.9645102171162685,1.6753827451172507,1.9513924457335694,1.9590903709005079,1.9599777872388475,1,1,4,4,7,19,10,10,13,13,16,16,19,19,19,2,2,1,2,2,2,4
1996.0,1.996e-12,55.90638452408749,1.952368353474574,1.9641409722667238,1.6752848773969307,1.9504712211511253,1.9593641954859635,1.9608979334074383,1,1,4,4,7,19,10,10,13,13,16,16,19,19,19,2,2,1,2,2,2,4
1997.0,1.997e-12,55.9380017411308,1.9531739956434322,1.9639431046177815,1.674542263485141,1.9494178296945173,1.9595753098492394,1.9616660687805443,1,1,4,4,7,19,10,10,13,13,16,16,19,19,19,2,2,1,2,2,2,4
1998.0,1.998e-12,55.96935304859684,1.9539944542124241,1.9639032338823503,1.673032750326156,1.948158883361297,1.9598398250214069,1.962376627685478,1,1,4,4,7,19,10,10,13,13,16,16,19,19,19,2,2,1,2,2,2,4
1999.0,1.9990000000000003e-12,56.00039124035122,1.9547848126614022,1.9639708808354543,1.6707023144497872,1.9466694209233208,1.960207592189824,1.9631358303768494,1,1,4,4,7,19,10,10,13,13,16,16,19,19,19,2,2,1,2,2,2,4
2000.0,2e-12,56.03117397367191,1.955457888776933,1.9640822161586629,1.667619646263334,1.9449982449680268,1.9606427907034432,1.964010268500542,1,1,4,4,7,19,10,10,13,13,16,16,19,19,19,2,2,1,2,2,2,4
