#     Step;    Sim. Time;   Iter;    t_Ener;    t_Grad;       Temp;       E_Kin;           E_Pot;           E_Tot;        Cons.Qty;   E.Drift;   Av.Press.;   Cell Dens.
       200;        100.0;       ;      0.04;          ;     167.02;    0.034115;      -65.114181;      -65.080066;                ;          ;            ;             
       201;        100.5;       ;      0.03;          ;     181.42;    0.037056;      -65.116827;      -65.079772;      -65.080157;      0.00;        0.00;       0.5609
       202;        101.0;       ;      0.04;          ;     197.16;    0.040271;      -65.120642;      -65.080371;      -65.080271;     -0.28;        0.00;       0.5609
       203;        101.5;       ;      0.04;          ;     209.05;    0.042700;      -65.123780;      -65.081080;      -65.080349;     -0.47;        0.00;       0.5609
       204;        102.0;       ;      0.04;          ;     217.94;    0.044516;      -65.124970;      -65.080454;      -65.080371;     -0.52;        0.00;       0.5609
       205;        102.5;       ;      0.03;          ;     215.69;    0.044056;      -65.123783;      -65.079727;      -65.080338;     -0.44;        0.00;       0.5609
       206;        103.0;       ;      0.04;          ;     199.91;    0.040834;      -65.120565;      -65.079731;      -65.080269;     -0.27;        0.00;       0.5609
       207;        103.5;       ;      0.03;          ;     175.31;    0.035808;      -65.116331;      -65.080523;      -65.080187;     -0.08;        0.00;       0.5609
       208;        104.0;       ;      0.04;          ;     154.30;    0.031518;      -65.112396;      -65.080878;      -65.080118;      0.09;        0.00;       0.5609
       209;        104.5;       ;      0.03;          ;     143.12;    0.029234;      -65.109840;      -65.080605;      -65.080079;      0.19;        0.00;       0.5609
       210;        105.0;       ;      0.03;          ;     142.38;    0.029082;      -65.109259;      -65.080177;      -65.080078;      0.19;        0.00;       0.5609
       211;        105.5;       ;      0.04;          ;     149.17;    0.030469;      -65.110665;      -65.080196;      -65.080118;      0.09;        0.00;       0.5609
       212;        106.0;       ;      0.03;          ;     162.85;    0.033264;      -65.113434;      -65.080169;      -65.080191;     -0.08;        0.00;       0.5609
       213;        106.5;       ;      0.03;          ;     175.87;    0.035922;      -65.116464;      -65.080541;      -65.080273;     -0.29;        0.00;       0.5609
       214;        107.0;       ;      0.03;          ;     189.84;    0.038776;      -65.118539;      -65.079763;      -65.080328;     -0.42;        0.00;       0.5609
       215;        107.5;       ;      0.03;          ;     190.28;    0.038867;      -65.118902;      -65.080035;      -65.080324;     -0.41;        0.00;       0.5609
       216;        108.0;       ;      0.03;          ;     182.21;    0.037218;      -65.117695;      -65.080477;      -65.080255;     -0.24;        0.00;       0.5609
       217;        108.5;       ;      0.03;          ;     170.88;    0.034905;      -65.116087;      -65.081182;      -65.080168;     -0.03;        0.00;       0.5609
       218;        109.0;       ;      0.02;          ;     169.77;    0.034677;      -65.115516;      -65.080838;      -65.080124;      0.08;        0.00;       0.5609
       219;        109.5;       ;      0.03;          ;     178.47;    0.036454;      -65.116690;      -65.080236;      -65.080152;      0.01;        0.00;       0.5609
       220;        110.0;       ;      0.03;          ;     190.63;    0.038937;      -65.119207;      -65.080270;      -65.080224;     -0.17;        0.00;       0.5609
       221;        110.5;       ;      0.03;          ;     202.30;    0.041322;      -65.121941;      -65.080619;      -65.080288;     -0.32;        0.00;       0.5609
       222;        111.0;       ;      0.02;          ;     209.60;    0.042813;      -65.123852;      -65.081039;      -65.080315;     -0.39;        0.00;       0.5609
       223;        111.5;       ;      0.03;          ;     213.88;    0.043688;      -65.124463;      -65.080776;      -65.080304;     -0.36;        0.00;       0.5609
       224;        112.0;       ;      0.03;          ;     220.43;    0.045026;      -65.123848;      -65.078822;      -65.080274;     -0.29;        0.00;       0.5609
       225;        112.5;       ;      0.03;          ;     205.78;    0.042032;      -65.122309;      -65.080278;      -65.080235;     -0.19;        0.00;       0.5609
       226;        113.0;       ;      0.04;          ;     200.46;    0.040945;      -65.120442;      -65.079497;      -65.080197;     -0.10;        0.00;       0.5609
       227;        113.5;       ;      0.03;          ;     197.10;    0.040259;      -65.118787;      -65.078528;      -65.080165;     -0.02;        0.00;       0.5609
       228;        114.0;       ;      0.03;          ;     194.50;    0.039729;      -65.117774;      -65.078045;      -65.080146;      0.03;        0.00;       0.5609
       229;        114.5;       ;      0.03;          ;     194.88;    0.039807;      -65.117656;      -65.077849;      -65.080148;      0.02;        0.00;       0.5609
       230;        115.0;       ;      0.03;          ;     198.30;    0.040504;      -65.118365;      -65.077860;      -65.080178;     -0.05;        0.00;       0.5609
       231;        115.5;       ;      0.03;          ;     202.16;    0.041292;      -65.119428;      -65.078135;      -65.080230;     -0.18;        0.00;       0.5609
       232;        116.0;       ;      0.02;          ;     206.63;    0.042205;      -65.120064;      -65.077859;      -65.080285;     -0.31;        0.00;       0.5609
       233;        116.5;       ;      0.03;          ;     206.02;    0.042081;      -65.119496;      -65.077415;      -65.080310;     -0.38;        0.00;       0.5609
       234;        117.0;       ;      0.03;          ;     196.07;    0.040049;      -65.117399;      -65.077350;      -65.080279;     -0.30;        0.00;       0.5609
       235;        117.5;       ;      0.05;          ;     183.56;    0.037494;      -65.114332;      -65.076839;      -65.080201;     -0.11;        0.00;       0.5609
       236;        118.0;       ;      0.04;          ;     172.76;    0.035289;      -65.111523;      -65.076235;      -65.080123;      0.08;        0.00;       0.5609
       237;        118.5;       ;      0.05;          ;     165.93;    0.033893;      -65.110183;      -65.076291;      -65.080092;      0.16;        0.00;       0.5609
       238;        119.0;       ;      0.04;          ;     172.73;    0.035282;      -65.110841;      -65.075560;      -65.080114;      0.10;        0.00;       0.5609
       239;        119.5;       ;      0.04;          ;     184.45;    0.037675;      -65.113173;      -65.075499;      -65.080168;     -0.03;        0.00;       0.5609
       240;        120.0;       ;      0.05;          ;     198.70;    0.040587;      -65.116273;      -65.075686;      -65.080234;     -0.19;        0.00;       0.5609
       241;        120.5;       ;      0.04;          ;     215.11;    0.043938;      -65.119038;      -65.075100;      -65.080296;     -0.34;        0.00;       0.5609
       242;        121.0;       ;      0.04;          ;     227.36;    0.046441;      -65.120458;      -65.074017;      -65.080326;     -0.42;        0.00;       0.5609
       243;        121.5;       ;      0.04;          ;     222.81;    0.045510;      -65.119958;      -65.074448;      -65.080300;     -0.35;        0.00;       0.5609
       244;        122.0;       ;      0.04;          ;     212.26;    0.043357;      -65.117874;      -65.074518;      -65.080227;     -0.17;        0.00;       0.5609
       245;        122.5;       ;      0.03;          ;     198.54;    0.040554;      -65.115324;      -65.074770;      -65.080141;      0.04;        0.00;       0.5609
       246;        123.0;       ;      0.03;          ;     183.27;    0.037435;      -65.113624;      -65.076189;      -65.080084;      0.18;        0.00;       0.5609
       247;        123.5;       ;      0.03;          ;     181.26;    0.037024;      -65.113683;      -65.076659;      -65.080081;      0.18;        0.00;       0.5609
       248;        124.0;       ;      0.03;          ;     187.04;    0.038205;      -65.115574;      -65.077369;      -65.080129;      0.07;        0.00;       0.5609
       249;        124.5;       ;      0.03;          ;     201.61;    0.041181;      -65.118585;      -65.077405;      -65.080204;     -0.12;        0.00;       0.5609
       250;        125.0;       ;      0.03;          ;     214.31;    0.043776;      -65.121603;      -65.077828;      -65.080279;     -0.30;        0.00;       0.5609
       251;        125.5;       ;      0.03;          ;     224.81;    0.045920;      -65.123485;      -65.077565;      -65.080327;     -0.42;        0.00;       0.5609
       252;        126.0;       ;      0.03;          ;     231.06;    0.047197;      -65.123551;      -65.076354;      -65.080324;     -0.41;        0.00;       0.5609
       253;        126.5;       ;      0.03;          ;     217.81;    0.044489;      -65.121815;      -65.077326;      -65.080268;     -0.27;        0.00;       0.5609
       254;        127.0;       ;      0.03;          ;     206.14;    0.042107;      -65.119219;      -65.077112;      -65.080191;     -0.08;        0.00;       0.5609
       255;        127.5;       ;      0.03;          ;     197.04;    0.040248;      -65.116961;      -65.076713;      -65.080148;      0.02;        0.00;       0.5609
       256;        128.0;       ;      0.03;          ;     188.04;    0.038409;      -65.115704;      -65.077295;      -65.080163;     -0.02;        0.00;       0.5609
       257;        128.5;       ;      0.02;          ;     186.71;    0.038138;      -65.115308;      -65.077170;      -65.080201;     -0.11;        0.00;       0.5609
       258;        129.0;       ;      0.03;          ;     181.61;    0.037095;      -65.115234;      -65.078139;      -65.080218;     -0.15;        0.00;       0.5609
       259;        129.5;       ;      0.03;          ;     183.45;    0.037472;      -65.115196;      -65.077724;      -65.080211;     -0.13;        0.00;       0.5609
       260;        130.0;       ;      0.03;          ;     183.49;    0.037480;      -65.115224;      -65.077745;      -65.080204;     -0.12;        0.00;       0.5609
       261;        130.5;       ;      0.03;          ;     183.49;    0.037479;      -65.115336;      -65.077857;      -65.080210;     -0.13;        0.00;       0.5609
       262;        131.0;       ;      0.03;          ;     184.79;    0.037744;      -65.115404;      -65.077660;      -65.080222;     -0.16;        0.00;       0.5609
       263;        131.5;       ;      0.03;          ;     185.56;    0.037902;      -65.115229;      -65.077327;      -65.080225;     -0.17;        0.00;       0.5609
       264;        132.0;       ;      0.03;          ;     180.86;    0.036943;      -65.114730;      -65.077787;      -65.080215;     -0.14;        0.00;       0.5609
       265;        132.5;       ;      0.03;          ;     178.54;    0.036468;      -65.114063;      -65.077596;      -65.080198;     -0.10;        0.00;       0.5609
       266;        133.0;       ;      0.02;          ;     176.47;    0.036046;      -65.113511;      -65.077465;      -65.080181;     -0.06;        0.00;       0.5609
       267;        133.5;       ;      0.03;          ;     178.85;    0.036532;      -65.113332;      -65.076800;      -65.080175;     -0.05;        0.00;       0.5609
       268;        134.0;       ;      0.03;          ;     180.89;    0.036949;      -65.113619;      -65.076670;      -65.080187;     -0.07;        0.00;       0.5609
       269;        134.5;       ;      0.03;          ;     185.13;    0.037815;      -65.114212;      -65.076397;      -65.080213;     -0.14;        0.00;       0.5609
       270;        135.0;       ;      0.03;          ;     184.34;    0.037653;      -65.114751;      -65.077098;      -65.080238;     -0.20;        0.00;       0.5609
       271;        135.5;       ;      0.03;          ;     188.67;    0.038539;      -65.114959;      -65.076420;      -65.080236;     -0.20;        0.00;       0.5609
       272;        136.0;       ;      0.03;          ;     190.28;    0.038866;      -65.114930;      -65.076064;      -65.080207;     -0.12;        0.00;       0.5609
       273;        136.5;       ;      0.03;          ;     189.57;    0.038722;      -65.115096;      -65.076374;      -65.080179;     -0.06;        0.00;       0.5609
       274;        137.0;       ;      0.03;          ;     192.51;    0.039322;      -65.115849;      -65.076527;      -65.080192;     -0.09;        0.00;       0.5609
       275;        137.5;       ;      0.03;          ;     200.45;    0.040943;      -65.116984;      -65.076041;      -65.080247;     -0.22;        0.00;       0.5609
       276;        138.0;       ;      0.03;          ;     208.01;    0.042488;      -65.117664;      -65.075175;      -65.080299;     -0.35;        0.00;       0.5609
       277;        138.5;       ;      0.03;          ;     207.37;    0.042358;      -65.117019;      -65.074661;      -65.080303;     -0.36;        0.00;       0.5609
       278;        139.0;       ;      0.03;          ;     197.43;    0.040326;      -65.114866;      -65.074540;      -65.080254;     -0.24;        0.00;       0.5609
       279;        139.5;       ;      0.03;          ;     180.53;    0.036876;      -65.111863;      -65.074987;      -65.080185;     -0.07;        0.00;       0.5609
       280;        140.0;       ;      0.03;          ;     166.26;    0.033959;      -65.109040;      -65.075081;      -65.080135;      0.05;        0.00;       0.5609
       281;        140.5;       ;      0.03;          ;     160.28;    0.032738;      -65.107155;      -65.074417;      -65.080115;      0.10;        0.00;       0.5609
       282;        141.0;       ;      0.03;          ;     156.66;    0.031998;      -65.106490;      -65.074492;      -65.080112;      0.11;        0.00;       0.5609
       283;        141.5;       ;      0.03;          ;     162.47;    0.033185;      -65.107064;      -65.073879;      -65.080120;      0.09;        0.00;       0.5609
       284;        142.0;       ;      0.03;          ;     174.02;    0.035546;      -65.108718;      -65.073171;      -65.080143;      0.03;        0.00;       0.5609
       285;        142.5;       ;      0.03;          ;     189.02;    0.038609;      -65.111019;      -65.072410;      -65.080188;     -0.08;        0.00;       0.5609
       286;        143.0;       ;      0.03;          ;     199.42;    0.040733;      -65.113198;      -65.072464;      -65.080251;     -0.23;        0.00;       0.5609
       287;        143.5;       ;      0.03;          ;     206.30;    0.042138;      -65.114280;      -65.072142;      -65.080303;     -0.36;        0.00;       0.5609
       288;        144.0;       ;      0.03;          ;     200.48;    0.040949;      -65.113540;      -65.072591;      -65.080311;     -0.38;        0.00;       0.5609
       289;        144.5;       ;      0.03;          ;     189.64;    0.038736;      -65.110997;      -65.072261;      -65.080252;     -0.23;        0.00;       0.5609
       290;        145.0;       ;      0.03;          ;     174.18;    0.035578;      -65.107663;      -65.072085;      -65.080143;      0.03;        0.00;       0.5609
       291;        145.5;       ;      0.03;          ;     168.81;    0.034480;      -65.105270;      -65.070790;      -65.080046;      0.27;        0.00;       0.5609
       292;        146.0;       ;      0.03;          ;     171.87;    0.035107;      -65.105271;      -65.070165;      -65.080028;      0.31;        0.00;       0.5609
       293;        146.5;       ;      0.03;          ;     181.37;    0.037046;      -65.107938;      -65.070892;      -65.080106;      0.12;        0.00;       0.5609
       294;        147.0;       ;      0.03;          ;     204.53;    0.041776;      -65.112058;      -65.070282;      -65.080229;     -0.18;        0.00;       0.5609
       295;        147.5;       ;      0.03;          ;     225.68;    0.046097;      -65.115777;      -65.069679;      -65.080331;     -0.43;        0.00;       0.5609
       296;        148.0;       ;      0.03;          ;     237.46;    0.048504;      -65.117387;      -65.068884;      -65.080364;     -0.51;        0.00;       0.5609
       297;        148.5;       ;      0.03;          ;     234.57;    0.047913;      -65.116219;      -65.068306;      -65.080315;     -0.39;        0.00;       0.5609
       298;        149.0;       ;      0.03;          ;     217.19;    0.044363;      -65.112856;      -65.068493;      -65.080212;     -0.14;        0.00;       0.5609
       299;        149.5;       ;      0.03;          ;     196.22;    0.040081;      -65.108808;      -65.068727;      -65.080109;      0.12;        0.00;       0.5609
       300;        150.0;       ;      0.03;          ;     181.28;    0.037029;      -65.105629;      -65.068600;      -65.080053;      0.25;        0.00;       0.5609
       301;        150.5;       ;      0.03;          ;     176.44;    0.036039;      -65.104174;      -65.068135;      -65.080050;      0.26;        0.00;       0.5609
       302;        151.0;       ;      0.03;          ;     175.93;    0.035936;      -65.104466;      -65.068530;      -65.080080;      0.19;        0.00;       0.5609
       303;        151.5;       ;      0.03;          ;     180.72;    0.036914;      -65.106027;      -65.069113;      -65.080120;      0.09;        0.00;       0.5609
       304;        152.0;       ;      0.03;          ;     192.31;    0.039281;      -65.108200;      -65.068919;      -65.080166;     -0.02;        0.00;       0.5609
       305;        152.5;       ;      0.03;          ;     203.21;    0.041508;      -65.110263;      -65.068754;      -65.080215;     -0.14;        0.00;       0.5609
       306;        153.0;       ;      0.02;          ;     210.18;    0.042931;      -65.111460;      -65.068529;      -65.080252;     -0.23;        0.00;       0.5609
       307;        153.5;       ;      0.03;          ;     208.31;    0.042549;      -65.111273;      -65.068724;      -65.080255;     -0.24;        0.00;       0.5609
       308;        154.0;       ;      0.03;          ;     197.44;    0.040329;      -65.109754;      -65.069425;      -65.080214;     -0.14;        0.00;       0.5609
       309;        154.5;       ;      0.02;          ;     189.81;    0.038770;      -65.107696;      -65.068926;      -65.080148;      0.02;        0.00;       0.5609
       310;        155.0;       ;      0.03;          ;     180.69;    0.036908;      -65.106174;      -65.069267;      -65.080101;      0.14;        0.00;       0.5609
       311;        155.5;       ;      0.03;          ;     179.04;    0.036571;      -65.105987;      -65.069415;      -65.080103;      0.13;        0.00;       0.5609
       312;        156.0;       ;      0.03;          ;     182.04;    0.037182;      -65.107185;      -65.070002;      -65.080143;      0.03;        0.00;       0.5609
       313;        156.5;       ;      0.03;          ;     192.35;    0.039289;      -65.109187;      -65.069898;      -65.080194;     -0.09;        0.00;       0.5609
       314;        157.0;       ;      0.03;          ;     202.22;    0.041305;      -65.111201;      -65.069896;      -65.080238;     -0.20;        0.00;       0.5609
       315;        157.5;       ;      0.03;          ;     212.12;    0.043328;      -65.112475;      -65.069148;      -65.080264;     -0.26;        0.00;       0.5609
       316;        158.0;       ;      0.03;          ;     218.38;    0.044607;      -65.112527;      -65.067920;      -65.080259;     -0.25;        0.00;       0.5609
       317;        158.5;       ;      0.03;          ;     216.55;    0.044232;      -65.111298;      -65.067066;      -65.080212;     -0.14;        0.00;       0.5609
       318;        159.0;       ;      0.03;          ;     210.33;    0.042962;      -65.109392;      -65.066430;      -65.080134;      0.06;        0.00;       0.5609
       319;        159.5;       ;      0.03;          ;     208.07;    0.042499;      -65.107906;      -65.065406;      -65.080067;      0.22;        0.00;       0.5609
       320;        160.0;       ;      0.03;          ;     206.85;    0.042250;      -65.107768;      -65.065518;      -65.080048;      0.26;        0.00;       0.5609
       321;        160.5;       ;      0.03;          ;     212.99;    0.043506;      -65.109205;      -65.065699;      -65.080082;      0.18;        0.00;       0.5609
       322;        161.0;       ;      0.03;          ;     229.95;    0.046969;      -65.111671;      -65.064702;      -65.080143;      0.03;        0.00;       0.5609
       323;        161.5;       ;      0.02;          ;     234.06;    0.047809;      -65.114188;      -65.066379;      -65.080207;     -0.12;        0.00;       0.5609
       324;        162.0;       ;      0.03;          ;     242.67;    0.049567;      -65.115697;      -65.066130;      -65.080254;     -0.24;        0.00;       0.5609
       325;        162.5;       ;      0.03;          ;     241.72;    0.049373;      -65.115561;      -65.066188;      -65.080267;     -0.27;        0.00;       0.5609
       326;        163.0;       ;      0.03;          ;     233.45;    0.047683;      -65.113622;      -65.065939;      -65.080231;     -0.18;        0.00;       0.5609
       327;        163.5;       ;      0.03;          ;     219.74;    0.044885;      -65.110518;      -65.065633;      -65.080150;      0.02;        0.00;       0.5609
       328;        164.0;       ;      0.03;          ;     202.30;    0.041322;      -65.107555;      -65.066233;      -65.080064;      0.23;        0.00;       0.5609
       329;        164.5;       ;      0.03;          ;     198.43;    0.040530;      -65.106145;      -65.065614;      -65.080027;      0.32;        0.00;       0.5609
       330;        165.0;       ;      0.03;          ;     207.84;    0.042453;      -65.106871;      -65.064418;      -65.080065;      0.23;        0.00;       0.5609
       331;        165.5;       ;      0.03;          ;     217.51;    0.044429;      -65.109182;      -65.064753;      -65.080148;      0.02;        0.00;       0.5609
       332;        166.0;       ;      0.03;          ;     232.31;    0.047452;      -65.111747;      -65.064295;      -65.080233;     -0.19;        0.00;       0.5609
       333;        166.5;       ;      0.03;          ;     242.39;    0.049511;      -65.113232;      -65.063721;      -65.080290;     -0.33;       28.20;       0.5609
       334;        167.0;       ;      0.03;          ;     244.49;    0.049940;      -65.112671;      -65.062731;      -65.080298;     -0.35;       61.15;       0.5609
       335;        167.5;       ;      0.03;          ;     226.26;    0.046217;      -65.109820;      -65.063603;      -65.080248;     -0.22;       93.28;       0.5609
       336;        168.0;       ;      0.03;          ;     202.92;    0.041448;      -65.105497;      -65.064049;      -65.080149;      0.02;      121.63;       0.5609
       337;        168.5;       ;      0.03;          ;     186.45;    0.038085;      -65.101289;      -65.063204;      -65.080035;      0.30;      144.42;       0.5609
       338;        169.0;       ;      0.03;          ;     179.17;    0.036597;      -65.098879;      -65.062282;      -65.079954;      0.49;      160.69;       0.5609
       339;        169.5;       ;      0.03;          ;     181.75;    0.037124;      -65.099457;      -65.062333;      -65.079950;      0.50;      169.68;       0.5609
       340;        170.0;       ;      0.02;          ;     196.90;    0.040219;      -65.103045;      -65.062826;      -65.080027;      0.32;      171.24;       0.5609
       341;        170.5;       ;      0.03;          ;     222.01;    0.045348;      -65.108422;      -65.063074;      -65.080146;      0.03;      166.01;       0.5609
       342;        171.0;       ;      0.02;          ;     250.15;    0.051096;      -65.113754;      -65.062658;      -65.080254;     -0.24;      155.26;       0.5609
       343;        171.5;       ;      0.03;          ;     263.36;    0.053795;      -65.117351;      -65.063556;      -65.080314;     -0.38;      140.71;       0.5609
       344;        172.0;       ;      0.02;          ;     262.85;    0.053689;      -65.118245;      -65.064556;      -65.080307;     -0.37;      124.71;       0.5609
       345;        172.5;       ;      0.03;          ;     252.08;    0.051489;      -65.116661;      -65.065171;      -65.080239;     -0.20;      109.60;       0.5609
       346;        173.0;       ;      0.03;          ;     237.37;    0.048486;      -65.113767;      -65.065282;      -65.080143;      0.03;       97.51;       0.5609
       347;        173.5;       ;      0.03;          ;     228.42;    0.046658;      -65.111124;      -65.064466;      -65.080066;      0.22;       90.07;       0.5609
       348;        174.0;       ;      0.03;          ;     227.39;    0.046446;      -65.109927;      -65.063481;      -65.080044;      0.28;       88.22;       0.5609
       349;        174.5;       ;      0.03;          ;     225.24;    0.046008;      -65.110550;      -65.064541;      -65.080071;      0.21;       92.09;       0.5609
       350;        175.0;       ;      0.03;          ;     236.09;    0.048224;      -65.112606;      -65.064382;      -65.080120;      0.09;      100.77;       0.5609
       351;        175.5;       ;      0.03;          ;     251.70;    0.051412;      -65.115343;      -65.063930;      -65.080178;     -0.05;      112.74;       0.5609
       352;        176.0;       ;      0.02;          ;     260.17;    0.053142;      -65.117765;      -65.064623;      -65.080239;     -0.20;      125.94;       0.5609
       353;        176.5;       ;      0.03;          ;     261.77;    0.053468;      -65.118851;      -65.065383;      -65.080286;     -0.32;      137.94;       0.5609
       354;        177.0;       ;      0.02;          ;     259.03;    0.052909;      -65.117901;      -65.064992;      -65.080299;     -0.35;      146.61;       0.5609
       355;        177.5;       ;      0.03;          ;     254.86;    0.052059;      -65.114724;      -65.062665;      -65.080262;     -0.26;      150.23;       0.5609
       356;        178.0;       ;      0.03;          ;     231.86;    0.047359;      -65.109717;      -65.062358;      -65.080176;     -0.05;      147.52;       0.5609
       357;        178.5;       ;      0.02;          ;     203.59;    0.041585;      -65.104232;      -65.062647;      -65.080063;      0.23;      137.81;       0.5609
       358;        179.0;       ;      0.03;          ;     181.19;    0.037010;      -65.100062;      -65.063052;      -65.079976;      0.44;      121.15;       0.5609
       359;        179.5;       ;      0.03;          ;     170.33;    0.034790;      -65.098571;      -65.063781;      -65.079964;      0.47;       98.28;       0.5609
       360;        180.0;       ;      0.02;          ;     185.89;    0.037971;      -65.099958;      -65.061987;      -65.080036;      0.29;       70.65;       0.5609
       361;        180.5;       ;      0.02;          ;     202.36;    0.041333;      -65.103151;      -65.061818;      -65.080152;      0.01;       39.08;       0.5609
       362;        181.0;       ;      0.03;          ;     217.60;    0.044446;      -65.106279;      -65.061832;      -65.080246;     -0.22;        6.58;       0.5609
       363;        181.5;       ;      0.03;          ;     226.27;    0.046218;      -65.107891;      -65.061673;      -65.080274;     -0.29;        0.00;       0.5609
       364;        182.0;       ;      0.02;          ;     220.82;    0.045105;      -65.107544;      -65.062438;      -65.080234;     -0.19;        0.00;       0.5609
       365;        182.5;       ;      0.02;          ;     211.68;    0.043238;      -65.105886;      -65.062648;      -65.080162;     -0.01;        0.00;       0.5609
       366;        183.0;       ;      0.02;          ;     207.36;    0.042356;      -65.104082;      -65.061727;      -65.080104;      0.13;        0.00;       0.5609
       367;        183.5;       ;      0.02;          ;     202.27;    0.041317;      -65.103025;      -65.061708;      -65.080080;      0.19;        0.00;       0.5609
       368;        184.0;       ;      0.03;          ;     200.65;    0.040986;      -65.103098;      -65.062113;      -65.080083;      0.18;        0.00;       0.5609
       369;        184.5;       ;      0.02;          ;     203.85;    0.041638;      -65.104272;      -65.062634;      -65.080100;      0.14;        0.00;       0.5609
       370;        185.0;       ;      0.03;          ;     210.72;    0.043042;      -65.106255;      -65.063213;      -65.080131;      0.06;        0.00;       0.5609
       371;        185.5;       ;      0.03;          ;     224.59;    0.045874;      -65.108522;      -65.062647;      -65.080174;     -0.04;        0.00;       0.5609
       372;        186.0;       ;      0.03;          ;     234.61;    0.047921;      -65.110393;      -65.062472;      -65.080208;     -0.13;        0.00;       0.5609
       373;        186.5;       ;      0.02;          ;     234.89;    0.047979;      -65.111254;      -65.063275;      -65.080215;     -0.14;        0.00;       0.5609
       374;        187.0;       ;      0.02;          ;     233.13;    0.047618;      -65.110983;      -65.063365;      -65.080190;     -0.08;        0.46;       0.5609
       375;        187.5;       ;      0.03;          ;     228.30;    0.046633;      -65.109988;      -65.063355;      -65.080144;      0.03;        6.60;       0.5609
       376;        188.0;       ;      0.03;          ;     225.69;    0.046099;      -65.108989;      -65.062890;      -65.080099;      0.14;        7.44;       0.5609
       377;        188.5;       ;      0.03;          ;     220.23;    0.044984;      -65.108680;      -65.063696;      -65.080083;      0.18;        3.05;       0.5609
       378;        189.0;       ;      0.03;          ;     223.02;    0.045553;      -65.109335;      -65.063782;      -65.080118;      0.10;        0.00;       0.5609
       379;        189.5;       ;      0.03;          ;     228.13;    0.046597;      -65.110484;      -65.063887;      -65.080190;     -0.08;        0.00;       0.5609
       380;        190.0;       ;      0.03;          ;     228.23;    0.046617;      -65.111094;      -65.064476;      -65.080252;     -0.23;        0.00;       0.5609
       381;        190.5;       ;      0.03;          ;     225.83;    0.046129;      -65.110333;      -65.064204;      -65.080257;     -0.25;        0.00;       0.5609
       382;        191.0;       ;      0.03;          ;     220.07;    0.044952;      -65.108185;      -65.063233;      -65.080202;     -0.11;        0.00;       0.5609
       383;        191.5;       ;      0.03;          ;     203.11;    0.041487;      -65.105441;      -65.063955;      -65.080127;      0.07;        0.00;       0.5609
       384;        192.0;       ;      0.04;          ;     193.27;    0.039477;      -65.103307;      -65.063830;      -65.080086;      0.17;        0.00;       0.5609
       385;        192.5;       ;      0.03;          ;     188.89;    0.038583;      -65.102453;      -65.063871;      -65.080100;      0.14;        0.00;       0.5609
       386;        193.0;       ;      0.03;          ;     184.61;    0.037708;      -65.102723;      -65.065014;      -65.080141;      0.04;        0.00;       0.5609
       387;        193.5;       ;      0.02;          ;     184.47;    0.037680;      -65.103551;      -65.065872;      -65.080168;     -0.03;        0.00;       0.5609
       388;        194.0;       ;      0.03;          ;     191.60;    0.039135;      -65.104544;      -65.065409;      -65.080176;     -0.05;        0.00;       0.5609
       389;        194.5;       ;      0.03;          ;     192.67;    0.039355;      -65.105506;      -65.066151;      -65.080184;     -0.07;        0.00;       0.5609
       390;        195.0;       ;      0.03;          ;     199.44;    0.040737;      -65.106203;      -65.065465;      -65.080205;     -0.12;        0.00;       0.5609
       391;        195.5;       ;      0.02;          ;     198.75;    0.040596;      -65.106267;      -65.065671;      -65.080223;     -0.16;        0.00;       0.5609
       392;        196.0;       ;      0.02;          ;     194.33;    0.039694;      -65.105362;      -65.065668;      -65.080215;     -0.14;        0.00;       0.5609
       393;        196.5;       ;      0.02;          ;     182.95;    0.037369;      -65.103615;      -65.066246;      -65.080171;     -0.03;        0.00;       0.5609
       394;        197.0;       ;      0.03;          ;     175.87;    0.035923;      -65.101726;      -65.065802;      -65.080107;      0.12;        0.00;       0.5609
       395;        197.5;       ;      0.02;          ;     169.76;    0.034676;      -65.100660;      -65.065984;      -65.080050;      0.26;        0.00;       0.5609
       396;        198.0;       ;      0.03;          ;     172.09;    0.035151;      -65.101290;      -65.066139;      -65.080032;      0.31;        0.00;       0.5609
       397;        198.5;       ;      0.03;          ;     186.32;    0.038057;      -65.103898;      -65.065840;      -65.080074;      0.20;        0.00;       0.5609
       398;        199.0;       ;      0.03;          ;     206.63;    0.042206;      -65.107868;      -65.065662;      -65.080166;     -0.02;        0.00;       0.5609
       399;        199.5;       ;      0.03;          ;     223.53;    0.045658;      -65.111809;      -65.066150;      -65.080262;     -0.26;        0.00;       0.5626
       400;        200.0;       ;      0.03;          ;     238.44;    0.048703;      -65.114269;      -65.065566;      -65.080314;     -0.39;        0.00;       0.5643
       401;        200.5;       ;      0.03;          ;     240.46;    0.049116;      -65.114511;      -65.065395;      -65.080304;     -0.36;        0.00;       0.5660
       402;        201.0;       ;      0.02;          ;     238.19;    0.048653;      -65.112675;      -65.064021;      -65.080251;     -0.23;        0.00;       0.5677
       403;        201.5;       ;      0.03;          ;     221.04;    0.045149;      -65.109518;      -65.064369;      -65.080188;     -0.08;        0.00;       0.5694
       404;        202.0;       ;      0.03;          ;     199.42;    0.040732;      -65.106094;      -65.065362;      -65.080135;      0.05;        0.00;       0.5711
       405;        202.5;       ;      0.03;          ;     186.00;    0.037993;      -65.103362;      -65.065369;      -65.080097;      0.15;        0.00;       0.5728
       406;        203.0;       ;      0.03;          ;     178.33;    0.036426;      -65.101945;      -65.065520;      -65.080073;      0.20;        0.00;       0.5745
       407;        203.5;       ;      0.03;          ;     176.58;    0.036069;      -65.102195;      -65.066127;      -65.080075;      0.20;        0.00;       0.5763
       408;        204.0;       ;      0.03;          ;     184.22;    0.037629;      -65.104025;      -65.066396;      -65.080116;      0.10;        0.00;       0.5780
       409;        204.5;       ;      0.03;          ;     190.76;    0.038964;      -65.106762;      -65.067797;      -65.080186;     -0.07;        0.00;       0.5797
       410;        205.0;       ;      0.03;          ;     203.80;    0.041627;      -65.109285;      -65.067658;      -65.080254;     -0.24;        0.00;       0.5815
       411;        205.5;       ;      0.02;          ;     210.10;    0.042915;      -65.110587;      -65.067672;      -65.080290;     -0.33;        0.00;       0.5832
       412;        206.0;       ;      0.03;          ;     205.40;    0.041954;      -65.110046;      -65.068092;      -65.080279;     -0.30;        0.00;       0.5850
       413;        206.5;       ;      0.03;          ;     194.58;    0.039744;      -65.107829;      -65.068085;      -65.080226;     -0.17;        0.00;       0.5867
       414;        207.0;       ;      0.02;          ;     185.03;    0.037794;      -65.104782;      -65.066988;      -65.080149;      0.02;        2.55;       0.5885
       415;        207.5;       ;      0.03;          ;     169.81;    0.034686;      -65.102022;      -65.067336;      -65.080081;      0.19;       21.36;       0.5902
       416;        208.0;       ;      0.02;          ;     161.32;    0.032951;      -65.100657;      -65.067706;      -65.080055;      0.25;       39.55;       0.5919
       417;        208.5;       ;      0.03;          ;     162.23;    0.033137;      -65.101144;      -65.068007;      -65.080083;      0.18;       58.39;       0.5936
       418;        209.0;       ;      0.02;          ;     172.17;    0.035168;      -65.103149;      -65.067981;      -65.080137;      0.05;       79.27;       0.5952
       419;        209.5;       ;      0.03;          ;     186.45;    0.038084;      -65.105915;      -65.067831;      -65.080182;     -0.06;      103.51;       0.5968
       420;        210.0;       ;      0.03;          ;     203.22;    0.041509;      -65.108759;      -65.067250;      -65.080206;     -0.12;      132.18;       0.5984
       421;        210.5;       ;      0.03;          ;     218.84;    0.044700;      -65.111274;      -65.066574;      -65.080226;     -0.17;      165.90;       0.5999
       422;        211.0;       ;      0.03;          ;     229.94;    0.046968;      -65.113077;      -65.066109;      -65.080259;     -0.25;      204.61;       0.6013
       423;        211.5;       ;      0.03;          ;     227.30;    0.046428;      -65.113609;      -65.067182;      -65.080295;     -0.34;      247.51;       0.6027
       424;        212.0;       ;      0.02;          ;     227.07;    0.046382;      -65.112408;      -65.066027;      -65.080294;     -0.34;      292.74;       0.6040
       425;        212.5;       ;      0.03;          ;     215.12;    0.043939;      -65.109493;      -65.065553;      -65.080236;     -0.19;      339.08;       0.6052
       426;        213.0;       ;      0.03;          ;     199.65;    0.040781;      -65.105700;      -65.064919;      -65.080141;      0.04;      384.19;       0.6063
       427;        213.5;       ;      0.03;          ;     185.77;    0.037946;      -65.102412;      -65.064467;      -65.080060;      0.24;      426.04;       0.6073
       428;        214.0;       ;      0.03;          ;     180.56;    0.036881;      -65.100827;      -65.063946;      -65.080031;      0.31;      462.70;       0.6083
       429;        214.5;       ;      0.03;          ;     183.39;    0.037459;      -65.101344;      -65.063885;      -65.080060;      0.24;      512.86;       0.6092
       430;        215.0;       ;      0.02;          ;     193.39;    0.039501;      -65.103463;      -65.063962;      -65.080128;      0.07;      554.55;       0.6100
       431;        215.5;       ;      0.02;          ;     202.42;    0.041346;      -65.106094;      -65.064748;      -65.080202;     -0.11;      586.46;       0.6108
       432;        216.0;       ;      0.03;          ;     214.92;    0.043898;      -65.108089;      -65.064190;      -65.080248;     -0.22;      609.42;       0.6115
       433;        216.5;       ;      0.03;          ;     220.89;    0.045119;      -65.108751;      -65.063632;      -65.080249;     -0.23;      624.51;       0.6122
       434;        217.0;       ;      0.02;          ;     221.90;    0.045324;      -65.107986;      -65.062662;      -65.080213;     -0.14;      632.82;       0.6128
       435;        217.5;       ;      0.03;          ;     210.15;    0.042925;      -65.106288;      -65.063363;      -65.080164;     -0.02;      635.41;       0.6135
       436;        218.0;       ;      0.02;          ;     203.36;    0.041537;      -65.104451;      -65.062914;      -65.080130;      0.06;      633.71;       0.6142
       437;        218.5;       ;      0.03;          ;     197.68;    0.040378;      -65.103055;      -65.062677;      -65.080111;      0.11;      628.59;       0.6149
       438;        219.0;       ;      0.02;          ;     197.10;    0.040260;      -65.102459;      -65.062199;      -65.080093;      0.16;      621.05;       0.6156
       439;        219.5;       ;      0.03;          ;     198.38;    0.040521;      -65.102947;      -65.062427;      -65.080082;      0.18;      611.76;       0.6163
       440;        220.0;       ;      0.03;          ;     209.05;    0.042701;      -65.104647;      -65.061946;      -65.080103;      0.13;      601.37;       0.6170
       441;        220.5;       ;      0.02;          ;     224.49;    0.045853;      -65.107214;      -65.061361;      -65.080161;     -0.01;      589.69;       0.6178
       442;        221.0;       ;      0.03;          ;     238.54;    0.048724;      -65.109702;      -65.060977;      -65.080226;     -0.17;      576.49;       0.6186
       443;        221.5;       ;      0.02;          ;     249.04;    0.050869;      -65.111071;      -65.060202;      -65.080246;     -0.22;      561.50;       0.6194
       444;        222.0;       ;      0.03;          ;     248.87;    0.050835;      -65.110931;      -65.060096;      -65.080206;     -0.12;      544.35;       0.6202
       445;        222.5;       ;      0.02;          ;     248.84;    0.050829;      -65.109795;      -65.058966;      -65.080139;      0.04;      525.26;       0.6211
       446;        223.0;       ;      0.03;          ;     246.83;    0.050417;      -65.108587;      -65.058170;      -65.080094;      0.15;      504.14;       0.6220
       447;        223.5;       ;      0.02;          ;     245.61;    0.050168;      -65.107935;      -65.057768;      -65.080092;      0.16;      481.82;       0.6230
       448;        224.0;       ;      0.03;          ;     245.66;    0.050178;      -65.107865;      -65.057687;      -65.080119;      0.09;      459.48;       0.6240
       449;        224.5;       ;      0.03;          ;     243.22;    0.049680;      -65.107975;      -65.058294;      -65.080148;      0.02;      438.53;       0.6251
       450;        225.0;       ;      0.03;          ;     246.33;    0.050314;      -65.107846;      -65.057531;      -65.080163;     -0.01;      420.60;       0.6261
       451;        225.5;       ;      0.02;          ;     239.96;    0.049014;      -65.107256;      -65.058241;      -65.080158;     -0.00;      406.39;       0.6273
       452;        226.0;       ;      0.03;          ;     238.27;    0.048668;      -65.106297;      -65.057628;      -65.080141;      0.04;      397.71;       0.6284
       453;        226.5;       ;      0.03;          ;     230.98;    0.047180;      -65.105269;      -65.058089;      -65.080120;      0.09;      395.06;       0.6295
       454;        227.0;       ;      0.03;          ;     228.67;    0.046707;      -65.104554;      -65.057847;      -65.080105;      0.13;      399.59;       0.6307
       455;        227.5;       ;      0.03;          ;     224.60;    0.045876;      -65.104431;      -65.058555;      -65.080105;      0.13;      411.65;       0.6318
       456;        228.0;       ;      0.03;          ;     229.41;    0.046860;      -65.104986;      -65.058127;      -65.080112;      0.11;      431.58;       0.6329
       457;        228.5;       ;      0.03;          ;     232.12;    0.047413;      -65.106154;      -65.058741;      -65.080120;      0.09;      459.08;       0.6339
       458;        229.0;       ;      0.03;          ;     237.60;    0.048531;      -65.107780;      -65.059249;      -65.080136;      0.05;      493.43;       0.6348
       459;        229.5;       ;      0.02;          ;     249.22;    0.050905;      -65.109596;      -65.058691;      -65.080174;     -0.04;      533.40;       0.6357
       460;        230.0;       ;      0.02;          ;     247.87;    0.050630;      -65.110969;      -65.060340;      -65.080226;     -0.17;      577.55;       0.6365
       461;        230.5;       ;      0.03;          ;     249.01;    0.050863;      -65.111092;      -65.060229;      -65.080252;     -0.23;      623.45;       0.6373
       462;        231.0;       ;      0.03;          ;     244.55;    0.049952;      -65.109607;      -65.059655;      -65.080219;     -0.15;      669.59;       0.6379
       463;        231.5;       ;      0.03;          ;     232.95;    0.047582;      -65.106937;      -65.059355;      -65.080132;      0.06;      714.30;       0.6384
       464;        232.0;       ;      0.03;          ;     223.45;    0.045642;      -65.104316;      -65.058674;      -65.080040;      0.28;      756.01;       0.6389
       465;        232.5;       ;      0.03;          ;     218.95;    0.044722;      -65.103068;      -65.058346;      -65.079992;      0.40;      793.79;       0.6393
       466;        233.0;       ;      0.03;          ;     223.64;    0.045680;      -65.103896;      -65.058215;      -65.080003;      0.37;      826.89;       0.6396
       467;        233.5;       ;      0.03;          ;     236.52;    0.048312;      -65.106593;      -65.058281;      -65.080060;      0.24;      855.00;       0.6399
       468;        234.0;       ;      0.03;          ;     257.55;    0.052607;      -65.110242;      -65.057635;      -65.080138;      0.05;      878.09;       0.6401
       469;        234.5;       ;      0.02;          ;     270.68;    0.055288;      -65.113594;      -65.058306;      -65.080215;     -0.14;      896.46;       0.6403
       470;        235.0;       ;      0.03;          ;     281.37;    0.057472;      -65.115380;      -65.057908;      -65.080270;     -0.28;      910.25;       0.6405
       471;        235.5;       ;      0.03;          ;     277.63;    0.056709;      -65.114788;      -65.058079;      -65.080279;     -0.30;      919.91;       0.6407
       472;        236.0;       ;      0.02;          ;     255.97;    0.052285;      -65.111732;      -65.059447;      -65.080228;     -0.17;      925.82;       0.6408
       473;        236.5;       ;      0.02;          ;     230.51;    0.047084;      -65.107204;      -65.060119;      -65.080130;      0.06;      928.39;       0.6409
       474;        237.0;       ;      0.02;          ;     208.16;    0.042518;      -65.102853;      -65.060335;      -65.080030;      0.31;      928.02;       0.6411
       475;        237.5;       ;      0.02;          ;     201.00;    0.041056;      -65.100322;      -65.059266;      -65.079970;      0.46;      924.96;       0.6412
       476;        238.0;       ;      0.03;          ;     201.19;    0.041095;      -65.100548;      -65.059453;      -65.079975;      0.44;      919.11;       0.6414
       477;        238.5;       ;      0.03;          ;     219.47;    0.044830;      -65.103470;      -65.058641;      -65.080047;      0.27;      910.33;       0.6416
       478;        239.0;       ;      0.02;          ;     237.89;    0.048591;      -65.107975;      -65.059384;      -65.080167;     -0.03;      897.92;       0.6418
       479;        239.5;       ;      0.03;          ;     254.84;    0.052053;      -65.112088;      -65.060035;      -65.080288;     -0.32;      881.47;       0.6420
       480;        240.0;       ;      0.03;          ;     262.24;    0.053566;      -65.113968;      -65.060402;      -65.080349;     -0.47;      860.29;       0.6423
       481;        240.5;       ;      0.03;          ;     256.75;    0.052443;      -65.112679;      -65.060236;      -65.080319;     -0.40;      833.83;       0.6426
       482;        241.0;       ;      0.03;          ;     240.49;    0.049122;      -65.108642;      -65.059520;      -65.080216;     -0.14;      801.79;       0.6430
       483;        241.5;       ;      0.03;          ;     216.84;    0.044292;      -65.103356;      -65.059064;      -65.080093;      0.16;      764.17;       0.6434
       484;        242.0;       ;      0.03;          ;     198.80;    0.040608;      -65.098693;      -65.058085;      -65.080002;      0.38;      721.70;       0.6439
       485;        242.5;       ;      0.03;          ;     185.54;    0.037898;      -65.096034;      -65.058135;      -65.079965;      0.47;      674.94;       0.6446
       486;        243.0;       ;      0.03;          ;     185.61;    0.037913;      -65.096024;      -65.058111;      -65.079978;      0.44;      625.84;       0.6453
       487;        243.5;       ;      0.03;          ;     196.35;    0.040107;      -65.098475;      -65.058369;      -65.080034;      0.30;      575.61;       0.6461
       488;        244.0;       ;      0.03;          ;     212.34;    0.043373;      -65.102498;      -65.059125;      -65.080123;      0.08;      525.81;       0.6470
       489;        244.5;       ;      0.03;          ;     230.37;    0.047056;      -65.106699;      -65.059644;      -65.080222;     -0.16;      478.07;       0.6480
       490;        245.0;       ;      0.03;          ;     244.78;    0.049999;      -65.109619;      -65.059620;      -65.080294;     -0.34;      433.34;       0.6492
       491;        245.5;       ;      0.03;          ;     248.79;    0.050818;      -65.110221;      -65.059403;      -65.080307;     -0.37;      392.29;       0.6503
       492;        246.0;       ;      0.03;          ;     241.71;    0.049371;      -65.108365;      -65.058994;      -65.080251;     -0.23;      355.73;       0.6516
       493;        246.5;       ;      0.03;          ;     224.20;    0.045795;      -65.104945;      -65.059149;      -65.080157;     -0.00;      324.29;       0.6529
       494;        247.0;       ;      0.03;          ;     202.38;    0.041338;      -65.101501;      -65.060164;      -65.080070;      0.21;      298.76;       0.6543
       495;        247.5;       ;      0.02;          ;     191.94;    0.039206;      -65.099533;      -65.060327;      -65.080024;      0.33;      279.71;       0.6557
       496;        248.0;       ;      0.03;          ;     193.79;    0.039584;      -65.099809;      -65.060225;      -65.080035;      0.30;      266.22;       0.6571
       497;        248.5;       ;      0.03;          ;     207.33;    0.042349;      -65.102159;      -65.059810;      -65.080103;      0.13;      257.46;       0.6586
       498;        249.0;       ;      0.03;          ;     220.43;    0.045024;      -65.105512;      -65.060488;      -65.080197;     -0.10;      252.50;       0.6601
       499;        249.5;       ;      0.03;          ;     234.08;    0.047812;      -65.108366;      -65.060554;      -65.080266;     -0.27;      251.03;       0.6616
       500;        250.0;       ;      0.03;          ;     241.56;    0.049341;      -65.109667;      -65.060326;      -65.080277;     -0.29;      252.08;       0.6631
       501;        250.5;       ;      0.03;          ;     247.21;    0.050495;      -65.109177;      -65.058681;      -65.080235;     -0.19;      255.08;       0.6645
       502;        251.0;       ;      0.03;          ;     241.01;    0.049229;      -65.107375;      -65.058146;      -65.080176;     -0.05;      259.32;       0.6660
       503;        251.5;       ;      0.03;          ;     229.61;    0.046901;      -65.105059;      -65.058158;      -65.080130;      0.06;      265.07;       0.6675
       504;        252.0;       ;      0.03;          ;     223.49;    0.045650;      -65.102933;      -65.057283;      -65.080102;      0.13;      272.51;       0.6689
       505;        252.5;       ;      0.03;          ;     217.98;    0.044524;      -65.101396;      -65.056872;      -65.080082;      0.18;      281.42;       0.6704
       506;        253.0;       ;      0.03;          ;     217.48;    0.044423;      -65.100710;      -65.056287;      -65.080072;      0.21;      291.96;       0.6718
       507;        253.5;       ;      0.03;          ;     216.56;    0.044235;      -65.100948;      -65.056713;      -65.080089;      0.17;      304.01;       0.6732
       508;        254.0;       ;      0.02;          ;     213.64;    0.043638;      -65.101816;      -65.058177;      -65.080135;      0.05;      317.69;       0.6746
       509;        254.5;       ;      0.03;          ;     221.48;    0.045239;      -65.102674;      -65.057435;      -65.080187;     -0.08;      332.95;       0.6759
       510;        255.0;       ;      0.03;          ;     226.81;    0.046329;      -65.102816;      -65.056487;      -65.080211;     -0.13;      349.05;       0.6773
       511;        255.5;       ;      0.03;          ;     223.82;    0.045716;      -65.101877;      -65.056161;      -65.080181;     -0.06;      365.61;       0.6786
       512;        256.0;       ;      0.03;          ;     219.29;    0.044791;      -65.100320;      -65.055529;      -65.080115;      0.10;      382.32;       0.6798
       513;        256.5;       ;      0.03;          ;     212.00;    0.043304;      -65.099156;      -65.055852;      -65.080062;      0.23;      398.59;       0.6810
       514;        257.0;       ;      0.03;          ;     210.46;    0.042989;      -65.099243;      -65.056254;      -65.080061;      0.23;      413.92;       0.6822
       515;        257.5;       ;      0.03;          ;     220.15;    0.044969;      -65.100634;      -65.055665;      -65.080122;      0.09;      427.60;       0.6834
       516;        258.0;       ;      0.03;          ;     231.51;    0.047289;      -65.102436;      -65.055148;      -65.080206;     -0.12;      438.77;       0.6846
       517;        258.5;       ;      0.03;          ;     240.19;    0.049061;      -65.103333;      -65.054273;      -65.080252;     -0.23;      446.86;       0.6857
       518;        259.0;       ;      0.03;          ;     244.14;    0.049868;      -65.102536;      -65.052668;      -65.080221;     -0.16;      451.42;       0.6868
       519;        259.5;       ;      0.03;          ;     231.34;    0.047254;      -65.100343;      -65.053089;      -65.080125;      0.08;      452.15;       0.6880
       520;        260.0;       ;      0.02;          ;     222.10;    0.045366;      -65.098155;      -65.052789;      -65.080026;      0.32;      449.77;       0.6891
       521;        260.5;       ;      0.03;          ;     223.64;    0.045680;      -65.097439;      -65.051758;      -65.079986;      0.42;      444.44;       0.6902
       522;        261.0;       ;      0.03;          ;     231.89;    0.047366;      -65.098763;      -65.051396;      -65.080022;      0.33;      436.42;       0.6914
       523;        261.5;       ;      0.03;          ;     241.70;    0.049369;      -65.101583;      -65.052214;      -65.080090;      0.16;      426.58;       0.6926
       524;        262.0;       ;      0.03;          ;     260.06;    0.053120;      -65.104835;      -65.051716;      -65.080142;      0.04;      415.97;       0.6938
       525;        262.5;       ;      0.03;          ;     278.69;    0.056925;      -65.107706;      -65.050781;      -65.080165;     -0.02;      404.62;       0.6950
       526;        263.0;       ;      0.03;          ;     289.13;    0.059057;      -65.109693;      -65.050636;      -65.080179;     -0.06;      392.82;       0.6963
       527;        263.5;       ;      0.03;          ;     294.77;    0.060210;      -65.110458;      -65.050247;      -65.080201;     -0.11;      381.22;       0.6976
       528;        264.0;       ;      0.03;          ;     296.34;    0.060531;      -65.109661;      -65.049131;      -65.080219;     -0.15;      380.97;       0.6989
       529;        264.5;       ;      0.03;          ;     287.85;    0.058795;      -65.107059;      -65.048264;      -65.080199;     -0.10;      389.23;       0.7002
       530;        265.0;       ;      0.03;          ;     270.38;    0.055228;      -65.103018;      -65.047790;      -65.080118;      0.09;      395.69;       0.7015
       531;        265.5;       ;      0.03;          ;     250.87;    0.051243;      -65.098852;      -65.047610;      -65.080002;      0.38;      399.81;       0.7027
       532;        266.0;       ;      0.03;          ;     237.21;    0.048452;      -65.096392;      -65.047940;      -65.079921;      0.58;      401.27;       0.7040
       533;        266.5;       ;      0.03;          ;     238.69;    0.048754;      -65.096886;      -65.048133;      -65.079944;      0.52;      400.00;       0.7052
       534;        267.0;       ;      0.03;          ;     249.44;    0.050950;      -65.099979;      -65.049030;      -65.080070;      0.21;      396.09;       0.7065
       535;        267.5;       ;      0.03;          ;     271.78;    0.055514;      -65.103731;      -65.048217;      -65.080224;     -0.17;      390.00;       0.7078
       536;        268.0;       ;      0.03;          ;     283.31;    0.057868;      -65.105799;      -65.047931;      -65.080313;     -0.38;      381.96;       0.7091
       537;        268.5;       ;      0.03;          ;     277.10;    0.056600;      -65.104669;      -65.048069;      -65.080292;     -0.33;      372.85;       0.7105
       538;        269.0;       ;      0.03;          ;     255.81;    0.052251;      -65.100591;      -65.048339;      -65.080181;     -0.06;      363.64;       0.7118
       539;        269.5;       ;      0.03;          ;     233.06;    0.047605;      -65.095244;      -65.047639;      -65.080046;      0.27;      355.27;       0.7132
       540;        270.0;       ;      0.03;          ;     211.78;    0.043259;      -65.090628;      -65.047369;      -65.079954;      0.50;      348.35;       0.7146
       541;        270.5;       ;      0.03;          ;     201.59;    0.041177;      -65.088183;      -65.047006;      -65.079932;      0.55;      343.64;       0.7160
       542;        271.0;       ;      0.03;          ;     197.84;    0.040410;      -65.088284;      -65.047874;      -65.079959;      0.48;      357.49;       0.7174
       543;        271.5;       ;      0.03;          ;     211.65;    0.043231;      -65.090554;      -65.047322;      -65.080002;      0.38;      376.51;       0.7187
       544;        272.0;       ;      0.02;          ;     230.54;    0.047091;      -65.094336;      -65.047245;      -65.080050;      0.26;      373.93;       0.7201
       545;        272.5;       ;      0.03;          ;     252.80;    0.051636;      -65.098794;      -65.047158;      -65.080105;      0.13;      351.74;       0.7215
       546;        273.0;       ;      0.03;          ;     273.16;    0.055796;      -65.103028;      -65.047232;      -65.080166;     -0.02;      355.94;       0.7229
       547;        273.5;       ;      0.03;          ;     289.50;    0.059133;      -65.106090;      -65.046957;      -65.080216;     -0.15;      363.43;       0.7242
       548;        274.0;       ;      0.02;          ;     295.95;    0.060450;      -65.107252;      -65.046802;      -65.080230;     -0.18;      370.77;       0.7256
       549;        274.5;       ;      0.02;          ;     290.36;    0.059309;      -65.106355;      -65.047045;      -65.080189;     -0.08;      377.32;       0.7270
       550;        275.0;       ;      0.03;          ;     283.20;    0.057847;      -65.104137;      -65.046290;      -65.080097;      0.14;      387.01;       0.7283
       551;        275.5;       ;      0.03;          ;     278.42;    0.056870;      -65.102021;      -65.045151;      -65.080000;      0.38;      415.66;       0.7296
       552;        276.0;       ;      0.03;          ;     283.07;    0.057820;      -65.101431;      -65.043611;      -65.079967;      0.46;      444.68;       0.7308
       553;        276.5;       ;      0.03;          ;     287.42;    0.058709;      -65.102772;      -65.044064;      -65.080036;      0.30;      473.55;       0.7320
       554;        277.0;       ;      0.03;          ;     294.49;    0.060152;      -65.104952;      -65.044800;      -65.080152;      0.01;      501.74;       0.7330
       555;        277.5;       ;      0.03;          ;     301.63;    0.061611;      -65.106214;      -65.044603;      -65.080225;     -0.17;      528.82;       0.7341
       556;        278.0;       ;      0.03;          ;     301.71;    0.061627;      -65.105417;      -65.043790;      -65.080206;     -0.12;      554.53;       0.7351
       557;        278.5;       ;      0.03;          ;     292.21;    0.059686;      -65.102714;      -65.043028;      -65.080116;      0.10;      619.80;       0.7359
       558;        279.0;       ;      0.03;          ;     275.08;    0.056187;      -65.099330;      -65.043143;      -65.080018;      0.34;      726.36;       0.7365
       559;        279.5;       ;      0.03;          ;     271.58;    0.055472;      -65.096659;      -65.041187;      -65.079977;      0.44;      809.39;       0.7369
       560;        280.0;       ;      0.03;          ;     263.58;    0.053839;      -65.095190;      -65.041351;      -65.080002;      0.38;      866.71;       0.7372
       561;        280.5;       ;      0.03;          ;     258.30;    0.052760;      -65.094539;      -65.041779;      -65.080053;      0.25;      896.15;       0.7375
       562;        281.0;       ;      0.03;          ;     256.82;    0.052459;      -65.093958;      -65.041499;      -65.080086;      0.17;      898.53;       0.7377
       563;        281.5;       ;      0.02;          ;     256.06;    0.052303;      -65.092972;      -65.040669;      -65.080080;      0.19;      876.23;       0.7380
       564;        282.0;       ;      0.02;          ;     251.40;    0.051351;      -65.091657;      -65.040306;      -65.080045;      0.27;      833.02;       0.7383
       565;        282.5;       ;      0.02;          ;     242.46;    0.049524;      -65.090576;      -65.041052;      -65.080007;      0.37;      774.74;       0.7388
       566;        283.0;       ;      0.03;          ;     240.46;    0.049117;      -65.090431;      -65.041314;      -65.079992;      0.40;      709.71;       0.7395
       567;        283.5;       ;      0.02;          ;     245.89;    0.050226;      -65.091586;      -65.041360;      -65.080008;      0.36;      687.50;       0.7402
       568;        284.0;       ;      0.02;          ;     258.62;    0.052825;      -65.093879;      -65.041054;      -65.080047;      0.27;      704.15;       0.7408
       569;        284.5;       ;      0.03;          ;     272.87;    0.055736;      -65.096793;      -65.041057;      -65.080084;      0.18;      720.18;       0.7414
       570;        285.0;       ;      0.03;          ;     283.42;    0.057891;      -65.099753;      -65.041863;      -65.080112;      0.11;      735.46;       0.7420
       571;        285.5;       ;      0.02;          ;     301.04;    0.061491;      -65.102315;      -65.040824;      -65.080137;      0.05;      749.73;       0.7426
       572;        286.0;       ;      0.03;          ;     311.83;    0.063695;      -65.104073;      -65.040379;      -65.080159;     -0.01;      762.68;       0.7431
       573;        286.5;       ;      0.03;          ;     319.80;    0.065323;      -65.104557;      -65.039234;      -65.080170;     -0.03;      773.97;       0.7436
       574;        287.0;       ;      0.03;          ;     317.72;    0.064897;      -65.103476;      -65.038579;      -65.080159;     -0.01;      817.98;       0.7440
       575;        287.5;       ;      0.03;          ;     301.41;    0.061566;      -65.100913;      -65.039347;      -65.080101;      0.13;      917.40;       0.7442
       576;        288.0;       ;      0.03;          ;     287.29;    0.058681;      -65.097694;      -65.039013;      -65.080011;      0.36;     1000.56;       0.7442
       577;        288.5;       ;      0.03;          ;     270.65;    0.055282;      -65.095073;      -65.039791;      -65.079937;      0.54;     1060.72;       0.7441
       578;        289.0;       ;      0.02;          ;     262.74;    0.053666;      -65.094083;      -65.040417;      -65.079931;      0.55;     1093.30;       0.7439
       579;        289.5;       ;      0.02;          ;     266.24;    0.054383;      -65.094774;      -65.040391;      -65.079988;      0.41;     1097.10;       0.7437
       580;        290.0;       ;      0.03;          ;     275.05;    0.056181;      -65.096259;      -65.040077;      -65.080064;      0.23;     1072.64;       0.7435
       581;        290.5;       ;      0.03;          ;     285.22;    0.058260;      -65.097342;      -65.039082;      -65.080123;      0.08;     1022.07;       0.7435
       582;        291.0;       ;      0.03;          ;     281.27;    0.057451;      -65.097066;      -65.039615;      -65.080153;      0.01;      949.19;       0.7436
       583;        291.5;       ;      0.03;          ;     270.17;    0.055185;      -65.095023;      -65.039838;      -65.080150;      0.01;      861.17;       0.7439
       584;        292.0;       ;      0.02;          ;     250.62;    0.051192;      -65.091431;      -65.040240;      -65.080114;      0.10;      765.47;       0.7444
       585;        292.5;       ;      0.02;          ;     228.77;    0.046729;      -65.087083;      -65.040353;      -65.080046;      0.27;      704.39;       0.7451
       586;        293.0;       ;      0.03;          ;     212.20;    0.043343;      -65.083185;      -65.039842;      -65.079971;      0.46;      716.25;       0.7457
       587;        293.5;       ;      0.02;          ;     200.25;    0.040903;      -65.081000;      -65.040097;      -65.079916;      0.59;      731.03;       0.7463
       588;        294.0;       ;      0.03;          ;     200.58;    0.040971;      -65.081468;      -65.040498;      -65.079915;      0.59;      748.66;       0.7469
       589;        294.5;       ;      0.02;          ;     219.75;    0.044886;      -65.084628;      -65.039741;      -65.079992;      0.40;      768.72;       0.7474
       590;        295.0;       ;      0.02;          ;     239.15;    0.048848;      -65.089326;      -65.040478;      -65.080120;      0.09;      792.24;       0.7479
       591;        295.5;       ;      0.02;          ;     259.71;    0.053048;      -65.093559;      -65.040511;      -65.080217;     -0.15;      841.69;       0.7482
       592;        296.0;       ;      0.03;          ;     274.69;    0.056107;      -65.095875;      -65.039767;      -65.080229;     -0.18;      888.67;       0.7485
       593;        296.5;       ;      0.03;          ;     273.22;    0.055808;      -65.095958;      -65.040150;      -65.080167;     -0.03;      929.75;       0.7486
       594;        297.0;       ;      0.03;          ;     271.93;    0.055544;      -65.094618;      -65.039074;      -65.080077;      0.20;      961.69;       0.7487
       595;        297.5;       ;      0.04;          ;     266.69;    0.054475;      -65.093130;      -65.038655;      -65.079994;      0.40;      983.05;       0.7488
       596;        298.0;       ;      0.03;          ;     263.47;    0.053816;      -65.092619;      -65.038803;      -65.079956;      0.49;     1021.29;       0.7487
       597;        298.5;       ;      0.02;          ;     271.40;    0.055435;      -65.093558;      -65.038123;      -65.079978;      0.44;     1030.05;       0.7486
       598;        299.0;       ;      0.03;          ;     281.67;    0.057534;      -65.095529;      -65.037995;      -65.080035;      0.30;     1003.64;       0.7486
       599;        299.5;       ;      0.03;          ;     289.64;    0.059162;      -65.097569;      -65.038407;      -65.080089;      0.17;      957.45;       0.7487
       600;        300.0;       ;      0.02;          ;     294.30;    0.060114;      -65.098811;      -65.038696;      -65.080117;      0.10;      956.25;       0.7488
       601;        300.5;       ;      0.03;          ;     292.88;    0.059824;      -65.098790;      -65.038966;      -65.080120;      0.09;      972.43;       0.7489
       602;        301.0;       ;      0.03;          ;     281.31;    0.057461;      -65.097460;      -65.039999;      -65.080102;      0.13;      988.60;       0.7489
       603;        301.5;       ;      0.02;          ;     270.62;    0.055276;      -65.095222;      -65.039946;      -65.080062;      0.23;     1004.80;       0.7489
       604;        302.0;       ;      0.03;          ;     257.59;    0.052615;      -65.092794;      -65.040179;      -65.080010;      0.36;     1021.19;       0.7489
       605;        302.5;       ;      0.03;          ;     250.26;    0.051119;      -65.091068;      -65.039949;      -65.079970;      0.46;     1037.56;       0.7488
       606;        303.0;       ;      0.02;          ;     251.63;    0.051398;      -65.090730;      -65.039332;      -65.079965;      0.47;     1053.62;       0.7487
       607;        303.5;       ;      0.03;          ;     261.08;    0.053329;      -65.091867;      -65.038538;      -65.080016;      0.35;     1068.83;       0.7485
       608;        304.0;       ;      0.03;          ;     271.81;    0.055520;      -65.093695;      -65.038176;      -65.080114;      0.10;     1082.52;       0.7484
       609;        304.5;       ;      0.02;          ;     273.27;    0.055819;      -65.094707;      -65.038888;      -65.080209;     -0.13;     1093.84;       0.7482
       610;        305.0;       ;      0.03;          ;     261.38;    0.053389;      -65.093535;      -65.040146;      -65.080228;     -0.17;     1102.00;       0.7480
       611;        305.5;       ;      0.03;          ;     244.76;    0.049994;      -65.090095;      -65.040101;      -65.080140;      0.04;     1106.48;       0.7477
       612;        306.0;       ;      0.03;          ;     222.00;    0.045345;      -65.085801;      -65.040456;      -65.079990;      0.41;     1107.25;       0.7475
       613;        306.5;       ;      0.03;          ;     209.81;    0.042856;      -65.082964;      -65.040108;      -65.079875;      0.69;     1104.42;       0.7473
       614;        307.0;       ;      0.02;          ;     207.70;    0.042425;      -65.083298;      -65.040873;      -65.079868;      0.71;     1116.55;       0.7471
       615;        307.5;       ;      0.03;          ;     229.83;    0.046945;      -65.086891;      -65.039945;      -65.079963;      0.47;     1124.43;       0.7468
       616;        308.0;       ;      0.03;          ;     256.08;    0.052306;      -65.092313;      -65.040007;      -65.080090;      0.16;     1122.84;       0.7466
       617;        308.5;       ;      0.02;          ;     285.50;    0.058317;      -65.097445;      -65.039128;      -65.080179;     -0.05;     1113.06;       0.7464
       618;        309.0;       ;      0.02;          ;     295.57;    0.060373;      -65.100758;      -65.040385;      -65.080208;     -0.13;     1097.07;       0.7462
       619;        309.5;       ;      0.03;          ;     301.07;    0.061496;      -65.101603;      -65.040107;      -65.080193;     -0.09;     1077.55;       0.7460
       620;        310.0;       ;      0.03;          ;     294.84;    0.060223;      -65.100201;      -65.039978;      -65.080153;      0.01;     1057.08;       0.7459
       621;        310.5;       ;      0.03;          ;     279.77;    0.057146;      -65.097186;      -65.040040;      -65.080093;      0.15;     1038.44;       0.7458
       622;        311.0;       ;      0.02;          ;     266.28;    0.054391;      -65.093569;      -65.039178;      -65.080019;      0.34;     1024.11;       0.7457
       623;        311.5;       ;      0.03;          ;     253.51;    0.051782;      -65.090547;      -65.038766;      -65.079943;      0.52;     1015.71;       0.7457
       624;        312.0;       ;      0.03;          ;     244.97;    0.050038;      -65.089350;      -65.039312;      -65.079894;      0.64;     1014.03;       0.7457
       625;        312.5;       ;      0.03;          ;     251.12;    0.051294;      -65.090771;      -65.039477;      -65.079903;      0.62;     1018.57;       0.7456
       626;        313.0;       ;      0.03;          ;     273.24;    0.055813;      -65.094669;      -65.038856;      -65.079988;      0.41;     1027.74;       0.7456
       627;        313.5;       ;      0.03;          ;     290.25;    0.059286;      -65.099693;      -65.040407;      -65.080133;      0.06;     1039.18;       0.7455
       628;        314.0;       ;      0.03;          ;     305.41;    0.062383;      -65.103539;      -65.041156;      -65.080273;     -0.28;     1049.80;       0.7454
       629;        314.5;       ;      0.03;          ;     311.70;    0.063668;      -65.104177;      -65.040510;      -65.080339;     -0.45;     1082.30;       0.7452
       630;        315.0;       ;      0.03;          ;     291.51;    0.059543;      -65.100599;      -65.041055;      -65.080294;     -0.34;     1111.63;       0.7450
       631;        315.5;       ;      0.03;          ;     260.81;    0.053273;      -65.093594;      -65.040321;      -65.080139;      0.04;     1131.68;       0.7447
       632;        316.0;       ;      0.02;          ;     220.11;    0.044960;      -65.085562;      -65.040601;      -65.079928;      0.56;     1142.40;       0.7444
       633;        316.5;       ;      0.03;          ;     189.84;    0.038776;      -65.079862;      -65.041086;      -65.079767;      0.95;     1143.96;       0.7442
       634;        317.0;       ;      0.02;          ;     185.76;    0.037943;      -65.078988;      -65.041045;      -65.079755;      0.98;     1137.34;       0.7439
       635;        317.5;       ;      0.03;          ;     206.82;    0.042245;      -65.083128;      -65.040884;      -65.079895;      0.64;     1123.95;       0.7437
       636;        318.0;       ;      0.03;          ;     238.34;    0.048683;      -65.090163;      -65.041480;      -65.080095;      0.15;     1105.44;       0.7434
       637;        318.5;       ;      0.03;          ;     268.12;    0.054766;      -65.096953;      -65.042186;      -65.080250;     -0.23;     1083.79;       0.7433
       638;        319.0;       ;      0.03;          ;     286.03;    0.058425;      -65.101050;      -65.042626;      -65.080311;     -0.38;     1086.01;       0.7431
       639;        319.5;       ;      0.02;          ;     287.40;    0.058705;      -65.101448;      -65.042743;      -65.080280;     -0.30;     1117.45;       0.7429
       640;        320.0;       ;      0.03;          ;     269.42;    0.055032;      -65.098559;      -65.043527;      -65.080186;     -0.07;     1148.26;       0.7426
       641;        320.5;       ;      0.03;          ;     247.44;    0.050541;      -65.093884;      -65.043343;      -65.080065;      0.22;     1176.87;       0.7422
       642;        321.0;       ;      0.03;          ;     225.42;    0.046045;      -65.089306;      -65.043261;      -65.079953;      0.50;     1202.35;       0.7419
       643;        321.5;       ;      0.03;          ;     210.82;    0.043062;      -65.086586;      -65.043524;      -65.079881;      0.67;     1223.76;       0.7415
       644;        322.0;       ;      0.03;          ;     213.58;    0.043626;      -65.086852;      -65.043226;      -65.079877;      0.68;     1240.41;       0.7410
       645;        322.5;       ;      0.02;          ;     227.81;    0.046532;      -65.090109;      -65.043577;      -65.079960;      0.48;     1252.27;       0.7406
       646;        323.0;       ;      0.03;          ;     250.61;    0.051190;      -65.095017;      -65.043827;      -65.080100;      0.14;     1259.45;       0.7401
       647;        323.5;       ;      0.03;          ;     269.36;    0.055020;      -65.099416;      -65.044396;      -65.080227;     -0.17;     1262.58;       0.7397
       648;        324.0;       ;      0.03;          ;     273.26;    0.055817;      -65.101330;      -65.045513;      -65.080283;     -0.31;     1262.59;       0.7392
       649;        324.5;       ;      0.03;          ;     262.52;    0.053622;      -65.099968;      -65.046346;      -65.080248;     -0.22;     1260.64;       0.7387
       650;        325.0;       ;      0.03;          ;     245.19;    0.050082;      -65.095974;      -65.045891;      -65.080150;      0.02;     1258.05;       0.7383
       651;        325.5;       ;      0.03;          ;     218.84;    0.044701;      -65.090899;      -65.046198;      -65.080030;      0.31;     1256.09;       0.7378
       652;        326.0;       ;      0.03;          ;     195.39;    0.039911;      -65.086691;      -65.046779;      -65.079943;      0.52;     1255.75;       0.7374
       653;        326.5;       ;      0.03;          ;     180.99;    0.036969;      -65.084807;      -65.047838;      -65.079927;      0.56;     1257.63;       0.7369
       654;        327.0;       ;      0.02;          ;     187.03;    0.038203;      -65.085595;      -65.047392;      -65.079989;      0.41;     1261.79;       0.7365
       655;        327.5;       ;      0.03;          ;     207.34;    0.042352;      -65.088166;      -65.045814;      -65.080093;      0.16;     1268.05;       0.7360
       656;        328.0;       ;      0.03;          ;     217.95;    0.044517;      -65.090894;      -65.046377;      -65.080174;     -0.04;     1275.71;       0.7355
       657;        328.5;       ;      0.02;          ;     229.49;    0.046876;      -65.092379;      -65.045503;      -65.080194;     -0.09;     1283.20;       0.7350
       658;        329.0;       ;      0.03;          ;     227.15;    0.046397;      -65.092250;      -65.045854;      -65.080165;     -0.02;     1289.35;       0.7345
       659;        329.5;       ;      0.03;          ;     222.68;    0.045484;      -65.090875;      -65.045392;      -65.080120;      0.09;     1292.58;       0.7341
       660;        330.0;       ;      0.02;          ;     211.88;    0.043279;      -65.088947;      -65.045669;      -65.080074;      0.20;     1291.76;       0.7336
       661;        330.5;       ;      0.03;          ;     202.00;    0.041260;      -65.087237;      -65.045978;      -65.080024;      0.33;     1285.91;       0.7331
       662;        331.0;       ;      0.03;          ;     199.54;    0.040759;      -65.086587;      -65.045829;      -65.079975;      0.44;     1274.48;       0.7326
       663;        331.5;       ;      0.03;          ;     207.32;    0.042348;      -65.087706;      -65.045358;      -65.079963;      0.47;     1257.29;       0.7321
       664;        332.0;       ;      0.02;          ;     224.24;    0.045804;      -65.090688;      -65.044884;      -65.080015;      0.35;     1234.56;       0.7317
       665;        332.5;       ;      0.03;          ;     245.96;    0.050240;      -65.094647;      -65.044408;      -65.080111;      0.11;     1206.95;       0.7314
       666;        333.0;       ;      0.03;          ;     260.43;    0.053196;      -65.098033;      -65.044837;      -65.080195;     -0.09;     1175.49;       0.7310
       667;        333.5;       ;      0.03;          ;     267.06;    0.054548;      -65.099489;      -65.044941;      -65.080221;     -0.16;     1141.78;       0.7308
       668;        334.0;       ;      0.03;          ;     260.70;    0.053251;      -65.098634;      -65.045383;      -65.080178;     -0.05;     1107.25;       0.7305
       669;        334.5;       ;      0.03;          ;     246.10;    0.050268;      -65.096188;      -65.045920;      -65.080087;      0.17;     1073.56;       0.7304
       670;        335.0;       ;      0.03;          ;     232.95;    0.047582;      -65.093624;      -65.046043;      -65.080000;      0.38;     1042.06;       0.7303
       671;        335.5;       ;      0.02;          ;     225.89;    0.046140;      -65.092364;      -65.046224;      -65.079958;      0.49;     1013.62;       0.7303
       672;        336.0;       ;      0.03;          ;     236.70;    0.048349;      -65.093109;      -65.044760;      -65.079981;      0.43;      988.71;       0.7303
       673;        336.5;       ;      0.03;          ;     253.99;    0.051881;      -65.095557;      -65.043676;      -65.080045;      0.27;      966.86;       0.7304
       674;        337.0;       ;      0.03;          ;     266.02;    0.054337;      -65.098686;      -65.044349;      -65.080116;      0.10;      947.64;       0.7305
       675;        337.5;       ;      0.03;          ;     286.09;    0.058437;      -65.101350;      -65.042913;      -65.080177;     -0.05;      930.47;       0.7306
       676;        338.0;       ;      0.03;          ;     288.35;    0.058899;      -65.102613;      -65.043715;      -65.080222;     -0.16;      913.87;       0.7308
       677;        338.5;       ;      0.03;          ;     287.21;    0.058666;      -65.101793;      -65.043127;      -65.080228;     -0.18;      897.04;       0.7311
       678;        339.0;       ;      0.02;          ;     268.85;    0.054915;      -65.098895;      -65.043980;      -65.080182;     -0.06;      878.77;       0.7313
       679;        339.5;       ;      0.02;          ;     252.97;    0.051670;      -65.094798;      -65.043128;      -65.080094;      0.15;      858.59;       0.7316
       680;        340.0;       ;      0.03;          ;     235.21;    0.048044;      -65.090897;      -65.042853;      -65.079996;      0.39;      835.74;       0.7320
       681;        340.5;       ;      0.03;          ;     226.99;    0.046365;      -65.088747;      -65.042382;      -65.079934;      0.55;      810.33;       0.7324
       682;        341.0;       ;      0.02;          ;     230.95;    0.047174;      -65.089283;      -65.042109;      -65.079953;      0.50;      782.62;       0.7329
       683;        341.5;       ;      0.03;          ;     247.75;    0.050605;      -65.092172;      -65.041566;      -65.080051;      0.26;      753.31;       0.7334
       684;        342.0;       ;      0.03;          ;     269.02;    0.054950;      -65.095875;      -65.040925;      -65.080168;     -0.03;      723.23;       0.7340
       685;        342.5;       ;      0.03;          ;     278.26;    0.056837;      -65.098503;      -65.041666;      -65.080237;     -0.20;      693.49;       0.7347
       686;        343.0;       ;      0.02;          ;     276.60;    0.056498;      -65.098894;      -65.042396;      -65.080229;     -0.18;      665.78;       0.7354
       687;        343.5;       ;      0.03;          ;     270.80;    0.055313;      -65.097177;      -65.041865;      -65.080156;      0.00;      641.21;       0.7362
       688;        344.0;       ;      0.03;          ;     262.37;    0.053592;      -65.094428;      -65.040836;      -65.080054;      0.25;      620.27;       0.7371
       689;        344.5;       ;      0.02;          ;     252.06;    0.051485;      -65.092130;      -65.040645;      -65.079971;      0.45;      646.66;       0.7379
       690;        345.0;       ;      0.03;          ;     250.44;    0.051155;      -65.091506;      -65.040350;      -65.079956;      0.49;      678.72;       0.7386
       691;        345.5;       ;      0.03;          ;     255.51;    0.052190;      -65.092786;      -65.040596;      -65.080015;      0.35;      711.81;       0.7392
       692;        346.0;       ;      0.02;          ;     267.19;    0.054575;      -65.095097;      -65.040521;      -65.080104;      0.13;      745.18;       0.7398
       693;        346.5;       ;      0.03;          ;     274.85;    0.056140;      -65.097136;      -65.040996;      -65.080157;     -0.00;      778.15;       0.7403
       694;        347.0;       ;      0.03;          ;     286.40;    0.058500;      -65.098123;      -65.039623;      -65.080142;      0.04;      809.95;       0.7407
       695;        347.5;       ;      0.03;          ;     283.34;    0.057874;      -65.098254;      -65.040380;      -65.080088;      0.17;      840.38;       0.7410
       696;        348.0;       ;      0.03;          ;     283.14;    0.057834;      -65.098288;      -65.040454;      -65.080056;      0.25;      868.60;       0.7413
       697;        348.5;       ;      0.03;          ;     282.40;    0.057684;      -65.098762;      -65.041078;      -65.080068;      0.22;      894.41;       0.7416
       698;        349.0;       ;      0.03;          ;     281.21;    0.057439;      -65.099574;      -65.042135;      -65.080097;      0.15;      917.35;       0.7417
       699;        349.5;       ;      0.03;          ;     292.70;    0.059787;      -65.100380;      -65.040593;      -65.080112;      0.11;      936.97;       0.7419
       700;        350.0;       ;      0.03;          ;     290.62;    0.059362;      -65.100943;      -65.041581;      -65.080111;      0.11;      953.14;       0.7420
       701;        350.5;       ;      0.03;          ;     297.32;    0.060731;      -65.101188;      -65.040457;      -65.080111;      0.11;      965.05;       0.7421
       702;        351.0;       ;      0.03;          ;     294.09;    0.060071;      -65.101095;      -65.041024;      -65.080109;      0.12;      972.39;       0.7421
       703;        351.5;       ;      0.02;          ;     295.86;    0.060432;      -65.100667;      -65.040235;      -65.080095;      0.15;      974.74;       0.7422
       704;        352.0;       ;      0.03;          ;     295.46;    0.060351;      -65.100069;      -65.039718;      -65.080082;      0.18;      971.93;       0.7422
       705;        352.5;       ;      0.03;          ;     295.92;    0.060445;      -65.099442;      -65.038998;      -65.080081;      0.19;      964.05;       0.7423
       706;        353.0;       ;      0.02;          ;     294.78;    0.060213;      -65.098784;      -65.038572;      -65.080080;      0.19;      951.32;       0.7424
       707;        353.5;       ;      0.02;          ;     293.05;    0.059858;      -65.098115;      -65.038257;      -65.080057;      0.24;      934.21;       0.7426
       708;        354.0;       ;      0.03;          ;     295.43;    0.060343;      -65.097758;      -65.037415;      -65.080021;      0.33;      913.31;       0.7428
       709;        354.5;       ;      0.03;          ;     298.02;    0.060874;      -65.098183;      -65.037309;      -65.080009;      0.36;      889.15;       0.7430
       710;        355.0;       ;      0.03;          ;     301.77;    0.061640;      -65.099475;      -65.037835;      -65.080053;      0.25;      862.65;       0.7433
       711;        355.5;       ;      0.03;          ;     312.84;    0.063901;      -65.100947;      -65.037046;      -65.080135;      0.05;      852.90;       0.7437
       712;        356.0;       ;      0.03;          ;     311.24;    0.063574;      -65.101370;      -65.037796;      -65.080197;     -0.10;      859.31;       0.7440
       713;        356.5;       ;      0.03;          ;     305.75;    0.062452;      -65.099834;      -65.037382;      -65.080186;     -0.07;      864.58;       0.7443
       714;        357.0;       ;      0.03;          ;     292.89;    0.059826;      -65.096564;      -65.036739;      -65.080096;      0.15;      870.27;       0.7446
       715;        357.5;       ;      0.02;          ;     272.60;    0.055682;      -65.092904;      -65.037222;      -65.079985;      0.42;      877.76;       0.7448
       716;        358.0;       ;      0.02;          ;     259.90;    0.053087;      -65.090580;      -65.037492;      -65.079928;      0.56;      887.93;       0.7451
       717;        358.5;       ;      0.03;          ;     261.96;    0.053507;      -65.090509;      -65.037002;      -65.079946;      0.52;      901.15;       0.7453
       718;        359.0;       ;      0.02;          ;     269.23;    0.054993;      -65.092465;      -65.037471;      -65.080001;      0.38;      917.25;       0.7455
       719;        359.5;       ;      0.03;          ;     287.21;    0.058665;      -65.095566;      -65.036901;      -65.080060;      0.24;      935.33;       0.7456
       720;        360.0;       ;      0.03;          ;     304.81;    0.062260;      -65.098823;      -65.036563;      -65.080114;      0.10;      954.31;       0.7457
       721;        360.5;       ;      0.03;          ;     318.42;    0.065040;      -65.101248;      -65.036208;      -65.080151;      0.01;      972.70;       0.7458
       722;        361.0;       ;      0.03;          ;     315.35;    0.064412;      -65.102164;      -65.037751;      -65.080156;      0.00;      989.07;       0.7458
       723;        361.5;       ;      0.02;          ;     313.45;    0.064025;      -65.101471;      -65.037446;      -65.080134;      0.05;     1001.92;       0.7458
       724;        362.0;       ;      0.02;          ;     306.16;    0.062537;      -65.099564;      -65.037027;      -65.080092;      0.16;     1010.54;       0.7458
       725;        362.5;       ;      0.02;          ;     288.18;    0.058863;      -65.097134;      -65.038271;      -65.080030;      0.31;     1014.40;       0.7458
       726;        363.0;       ;      0.02;          ;     279.54;    0.057099;      -65.095291;      -65.038191;      -65.079959;      0.48;     1013.44;       0.7457
       727;        363.5;       ;      0.02;          ;     278.64;    0.056915;      -65.095183;      -65.038268;      -65.079918;      0.58;     1008.09;       0.7457
       728;        364.0;       ;      0.03;          ;     286.70;    0.058560;      -65.097452;      -65.038892;      -65.079949;      0.51;      999.25;       0.7457
       729;        364.5;       ;      0.03;          ;     304.95;    0.062289;      -65.101614;      -65.039325;      -65.080056;      0.25;      988.23;       0.7457
       730;        365.0;       ;      0.02;          ;     318.99;    0.065156;      -65.106091;      -65.040934;      -65.080178;     -0.05;      976.52;       0.7458
       731;        365.5;       ;      0.03;          ;     333.28;    0.068075;      -65.109053;      -65.040978;      -65.080247;     -0.22;      965.85;       0.7459
       732;        366.0;       ;      0.03;          ;     335.81;    0.068593;      -65.109518;      -65.040926;      -65.080239;     -0.20;      957.60;       0.7460
       733;        366.5;       ;      0.02;          ;     323.43;    0.066063;      -65.107570;      -65.041507;      -65.080178;     -0.05;      952.93;       0.7461
       734;        367.0;       ;      0.02;          ;     310.02;    0.063324;      -65.104166;      -65.040842;      -65.080104;      0.13;      952.54;       0.7462
       735;        367.5;       ;      0.02;          ;     290.41;    0.059319;      -65.100456;      -65.041136;      -65.080036;      0.30;      956.38;       0.7463
       736;        368.0;       ;      0.02;          ;     275.19;    0.056210;      -65.097569;      -65.041359;      -65.079980;      0.43;      963.76;       0.7464
       737;        368.5;       ;      0.02;          ;     270.47;    0.055246;      -65.096383;      -65.041138;      -65.079960;      0.48;      973.41;       0.7464
       738;        369.0;       ;      0.03;          ;     272.15;    0.055589;      -65.097148;      -65.041559;      -65.080001;      0.38;      983.74;       0.7465
       739;        369.5;       ;      0.02;          ;     276.96;    0.056571;      -65.099177;      -65.042607;      -65.080085;      0.18;      992.92;       0.7465
       740;        370.0;       ;      0.02;          ;     281.28;    0.057455;      -65.101184;      -65.043730;      -65.080154;      0.01;      999.25;       0.7465
       741;        370.5;       ;      0.02;          ;     286.86;    0.058593;      -65.102124;      -65.043531;      -65.080171;     -0.04;     1001.36;       0.7465
       742;        371.0;       ;      0.02;          ;     283.12;    0.057829;      -65.101696;      -65.043867;      -65.080142;      0.04;      998.30;       0.7465
       743;        371.5;       ;      0.03;          ;     275.66;    0.056307;      -65.100302;      -65.043995;      -65.080093;      0.16;      989.55;       0.7465
       744;        372.0;       ;      0.02;          ;     267.56;    0.054652;      -65.098710;      -65.044059;      -65.080049;      0.26;      975.08;       0.7465
       745;        372.5;       ;      0.03;          ;     264.33;    0.053991;      -65.097657;      -65.043666;      -65.080025;      0.32;      955.31;       0.7466
       746;        373.0;       ;      0.02;          ;     262.61;    0.053641;      -65.097587;      -65.043946;      -65.080029;      0.31;      931.01;       0.7468
       747;        373.5;       ;      0.03;          ;     271.18;    0.055392;      -65.098518;      -65.043127;      -65.080062;      0.23;      903.53;       0.7470
       748;        374.0;       ;      0.03;          ;     282.56;    0.057716;      -65.100015;      -65.042299;      -65.080107;      0.12;      874.01;       0.7473
       749;        374.5;       ;      0.02;          ;     286.94;    0.058610;      -65.101434;      -65.042823;      -65.080129;      0.07;      844.00;       0.7477
       750;        375.0;       ;      0.03;          ;     291.34;    0.059509;      -65.102485;      -65.042976;      -65.080113;      0.11;      815.39;       0.7481
       751;        375.5;       ;      0.02;          ;     292.96;    0.059839;      -65.103433;      -65.043594;      -65.080089;      0.16;      789.29;       0.7485
       752;        376.0;       ;      0.03;          ;     298.05;    0.060880;      -65.104648;      -65.043768;      -65.080094;      0.15;      766.57;       0.7491
       753;        376.5;       ;      0.03;          ;     300.61;    0.061403;      -65.106079;      -65.044676;      -65.080135;      0.05;      747.31;       0.7496
       754;        377.0;       ;      0.02;          ;     304.46;    0.062189;      -65.107160;      -65.044972;      -65.080181;     -0.06;      731.29;       0.7502
       755;        377.5;       ;      0.02;          ;     307.44;    0.062798;      -65.107264;      -65.044466;      -65.080195;     -0.10;      717.50;       0.7509
       756;        378.0;       ;      0.02;          ;     303.33;    0.061959;      -65.106160;      -65.044202;      -65.080169;     -0.03;      704.62;       0.7515
       757;        378.5;       ;      0.03;          ;     288.02;    0.058830;      -65.104200;      -65.045370;      -65.080122;      0.08;      691.33;       0.7522
       758;        379.0;       ;      0.03;          ;     279.19;    0.057028;      -65.102117;      -65.045089;      -65.080088;      0.17;      676.58;       0.7530
       759;        379.5;       ;      0.02;          ;     270.13;    0.055176;      -65.100424;      -65.045248;      -65.080083;      0.18;      658.97;       0.7537
       760;        380.0;       ;      0.02;          ;     263.98;    0.053921;      -65.099205;      -65.045284;      -65.080097;      0.14;      637.81;       0.7545
       761;        380.5;       ;      0.03;          ;     256.41;    0.052374;      -65.098243;      -65.045869;      -65.080105;      0.13;      644.75;       0.7554
       762;        381.0;       ;      0.03;          ;     252.60;    0.051597;      -65.097417;      -65.045820;      -65.080092;      0.16;      638.44;       0.7562
       763;        381.5;       ;      0.03;          ;     245.66;    0.050178;      -65.096903;      -65.046725;      -65.080068;      0.22;      616.33;       0.7570
       764;        382.0;       ;      0.02;          ;     246.38;    0.050326;      -65.097062;      -65.046736;      -65.080057;      0.24;      580.40;       0.7580
       765;        382.5;       ;      0.03;          ;     248.59;    0.050778;      -65.098083;      -65.047305;      -65.080074;      0.20;      532.88;       0.7591
       766;        383.0;       ;      0.03;          ;     254.16;    0.051914;      -65.099722;      -65.047809;      -65.080121;      0.09;      477.76;       0.7602
       767;        383.5;       ;      0.03;          ;     260.55;    0.053219;      -65.101321;      -65.048101;      -65.080179;     -0.06;      419.34;       0.7616
       768;        384.0;       ;      0.02;          ;     269.63;    0.055074;      -65.102079;      -65.047006;      -65.080210;     -0.13;      369.76;       0.7630
       769;        384.5;       ;      0.03;          ;     267.89;    0.054718;      -65.101575;      -65.046856;      -65.080184;     -0.07;      342.28;       0.7645
       770;        385.0;       ;      0.02;          ;     256.04;    0.052299;      -65.100196;      -65.047897;      -65.080115;      0.10;      367.89;       0.7660
       771;        385.5;       ;      0.02;          ;     255.82;    0.052253;      -65.099065;      -65.046812;      -65.080050;      0.26;      403.55;       0.7673
       772;        386.0;       ;      0.02;          ;     257.64;    0.052625;      -65.099182;      -65.046557;      -65.080024;      0.32;      443.66;       0.7686
       773;        386.5;       ;      0.02;          ;     269.51;    0.055049;      -65.100939;      -65.045890;      -65.080043;      0.28;      487.11;       0.7698
       774;        387.0;       ;      0.02;          ;     280.77;    0.057351;      -65.104043;      -65.046692;      -65.080094;      0.15;      532.78;       0.7709
       775;        387.5;       ;      0.03;          ;     299.21;    0.061117;      -65.107644;      -65.046527;      -65.080163;     -0.02;      579.25;       0.7719
       776;        388.0;       ;      0.02;          ;     313.14;    0.063962;      -65.110669;      -65.046708;      -65.080235;     -0.19;      625.69;       0.7727
       777;        388.5;       ;      0.02;          ;     317.59;    0.064871;      -65.111972;      -65.047101;      -65.080276;     -0.29;      671.33;       0.7735
       778;        389.0;       ;      0.03;          ;     316.87;    0.064723;      -65.110923;      -65.046200;      -65.080256;     -0.24;      715.74;       0.7741
       779;        389.5;       ;      0.03;          ;     302.25;    0.061738;      -65.107775;      -65.046037;      -65.080176;     -0.05;      759.18;       0.7747
       780;        390.0;       ;      0.03;          ;     279.38;    0.057065;      -65.103695;      -65.046630;      -65.080081;      0.18;      801.64;       0.7752
       781;        390.5;       ;      0.02;          ;     260.58;    0.053226;      -65.100137;      -65.046911;      -65.080024;      0.33;      843.25;       0.7755
       782;        391.0;       ;      0.02;          ;     253.29;    0.051737;      -65.098013;      -65.046275;      -65.080011;      0.36;      884.35;       0.7758
       783;        391.5;       ;      0.03;          ;     253.05;    0.051687;      -65.097498;      -65.045811;      -65.080026;      0.32;      925.36;       0.7760
       784;        392.0;       ;      0.03;          ;     256.21;    0.052334;      -65.098296;      -65.045962;      -65.080059;      0.24;      966.10;       0.7760
       785;        392.5;       ;      0.02;          ;     265.03;    0.054136;      -65.099796;      -65.045660;      -65.080111;      0.11;     1005.92;       0.7760
       786;        393.0;       ;      0.02;          ;     270.06;    0.055162;      -65.101132;      -65.045971;      -65.080162;     -0.01;     1044.36;       0.7759
       787;        393.5;       ;      0.03;          ;     269.08;    0.054963;      -65.101466;      -65.046503;      -65.080180;     -0.06;     1080.42;       0.7758
       788;        394.0;       ;      0.03;          ;     258.38;    0.052777;      -65.100538;      -65.047760;      -65.080148;      0.02;     1113.14;       0.7755
       789;        394.5;       ;      0.03;          ;     254.75;    0.052034;      -65.098871;      -65.046837;      -65.080096;      0.15;     1141.25;       0.7752
       790;        395.0;       ;      0.02;          ;     250.74;    0.051215;      -65.097223;      -65.046008;      -65.080061;      0.23;     1164.31;       0.7749
       791;        395.5;       ;      0.03;          ;     246.85;    0.050421;      -65.096104;      -65.045683;      -65.080052;      0.25;     1181.10;       0.7746
       792;        396.0;       ;      0.03;          ;     244.36;    0.049913;      -65.095688;      -65.045775;      -65.080050;      0.26;     1190.44;       0.7742
       793;        396.5;       ;      0.03;          ;     243.86;    0.049810;      -65.096066;      -65.046256;      -65.080040;      0.28;     1191.47;       0.7738
       794;        397.0;       ;      0.03;          ;     251.84;    0.051442;      -65.097411;      -65.045970;      -65.080037;      0.29;     1183.83;       0.7734
       795;        397.5;       ;      0.03;          ;     255.77;    0.052243;      -65.099783;      -65.047540;      -65.080057;      0.24;     1167.76;       0.7731
       796;        398.0;       ;      0.03;          ;     270.11;    0.055172;      -65.102844;      -65.047672;      -65.080108;      0.12;     1144.20;       0.7728
       797;        398.5;       ;      0.03;          ;     289.68;    0.059170;      -65.105900;      -65.046730;      -65.080178;     -0.05;     1128.86;       0.7726
       798;        399.0;       ;      0.02;          ;     300.72;    0.061425;      -65.107883;      -65.046459;      -65.080235;     -0.19;     1141.52;       0.7723
       799;        399.5;       ;      0.03;          ;     307.95;    0.062901;      -65.107894;      -65.044993;      -65.080237;     -0.20;     1145.19;       0.7720
       800;        400.0;       ;      0.03;          ;     304.08;    0.062111;      -65.105880;      -65.043768;      -65.080164;     -0.02;     1136.03;       0.7717
       801;        400.5;       ;      0.03;          ;     285.41;    0.058299;      -65.102876;      -65.044577;      -65.080053;      0.25;     1117.62;       0.7715
       802;        401.0;       ;      0.02;          ;     274.05;    0.055978;      -65.100587;      -65.044609;      -65.079986;      0.42;     1121.74;       0.7712
       803;        401.5;       ;      0.03;          ;     269.80;    0.055109;      -65.100017;      -65.044908;      -65.080011;      0.36;     1127.91;       0.7709
       804;        402.0;       ;      0.03;          ;     266.39;    0.054413;      -65.100804;      -65.046390;      -65.080096;      0.15;     1134.78;       0.7707
       805;        402.5;       ;      0.03;          ;     268.53;    0.054849;      -65.101687;      -65.046838;      -65.080172;     -0.04;     1140.66;       0.7704
       806;        403.0;       ;      0.03;          ;     268.71;    0.054888;      -65.101537;      -65.046650;      -65.080188;     -0.08;     1144.00;       0.7701
       807;        403.5;       ;      0.03;          ;     265.95;    0.054322;      -65.100021;      -65.045699;      -65.080147;      0.02;     1143.42;       0.7698
       808;        404.0;       ;      0.02;          ;     255.23;    0.052133;      -65.097613;      -65.045480;      -65.080088;      0.17;     1137.85;       0.7695
       809;        404.5;       ;      0.02;          ;     245.17;    0.050079;      -65.095124;      -65.045045;      -65.080051;      0.26;     1126.71;       0.7693
       810;        405.0;       ;      0.02;          ;     231.58;    0.047302;      -65.093122;      -65.045820;      -65.080038;      0.29;     1130.53;       0.7690
       811;        405.5;       ;      0.03;          ;     227.88;    0.046546;      -65.091913;      -65.045367;      -65.080027;      0.32;     1186.60;       0.7686
       812;        406.0;       ;      0.03;          ;     224.42;    0.045840;      -65.091654;      -65.045814;      -65.080019;      0.34;     1239.38;       0.7682
       813;        406.5;       ;      0.02;          ;     225.48;    0.046057;      -65.092449;      -65.046392;      -65.080026;      0.32;     1282.93;       0.7677
       814;        407.0;       ;      0.02;          ;     236.67;    0.048343;      -65.094194;      -65.045851;      -65.080055;      0.25;     1313.48;       0.7671
       815;        407.5;       ;      0.03;          ;     252.78;    0.051632;      -65.096464;      -65.044832;      -65.080093;      0.15;     1329.52;       0.7666
       816;        408.0;       ;      0.02;          ;     263.47;    0.053817;      -65.098645;      -65.044829;      -65.080123;      0.08;     1330.55;       0.7660
       817;        408.5;       ;      0.03;          ;     271.06;    0.055367;      -65.100249;      -65.044882;      -65.080138;      0.05;     1317.06;       0.7654
       818;        409.0;       ;      0.03;          ;     278.98;    0.056985;      -65.101115;      -65.044130;      -65.080137;      0.05;     1290.76;       0.7649
       819;        409.5;       ;      0.03;          ;     276.96;    0.056572;      -65.101334;      -65.044762;      -65.080121;      0.09;     1253.92;       0.7645
       820;        410.0;       ;      0.02;          ;     282.62;    0.057727;      -65.101290;      -65.043563;      -65.080087;      0.17;     1209.97;       0.7641
       821;        410.5;       ;      0.03;          ;     278.60;    0.056906;      -65.101619;      -65.044712;      -65.080044;      0.28;     1162.23;       0.7637
       822;        411.0;       ;      0.02;          ;     289.88;    0.059211;      -65.103038;      -65.043826;      -65.080032;      0.31;     1116.17;       0.7635
       823;        411.5;       ;      0.02;          ;     303.75;    0.062044;      -65.105764;      -65.043720;      -65.080091;      0.16;     1076.30;       0.7633
       824;        412.0;       ;      0.03;          ;     323.19;    0.066014;      -65.108836;      -65.042822;      -65.080195;     -0.09;     1048.07;       0.7632
       825;        412.5;       ;      0.02;          ;     333.79;    0.068179;      -65.110655;      -65.042476;      -65.080257;     -0.25;     1035.39;       0.7632
       826;        413.0;       ;      0.03;          ;     333.18;    0.068055;      -65.110109;      -65.042054;      -65.080242;     -0.21;     1039.96;       0.7631
       827;        413.5;       ;      0.02;          ;     322.34;    0.065842;      -65.107254;      -65.041412;      -65.080174;     -0.04;     1060.15;       0.7629
       828;        414.0;       ;      0.03;          ;     298.90;    0.061053;      -65.102946;      -65.041893;      -65.080097;      0.15;     1091.26;       0.7628
       829;        414.5;       ;      0.02;          ;     280.04;    0.057200;      -65.098335;      -65.041135;      -65.080028;      0.32;     1126.38;       0.7625
       830;        415.0;       ;      0.02;          ;     259.19;    0.052943;      -65.094405;      -65.041463;      -65.079969;      0.46;     1158.98;       0.7622
       831;        415.5;       ;      0.03;          ;     245.70;    0.050186;      -65.092040;      -65.041854;      -65.079938;      0.54;     1182.68;       0.7618
       832;        416.0;       ;      0.03;          ;     241.64;    0.049357;      -65.091686;      -65.042329;      -65.079950;      0.51;     1193.19;       0.7615
       833;        416.5;       ;      0.03;          ;     253.38;    0.051755;      -65.093146;      -65.041392;      -65.079996;      0.39;     1188.13;       0.7611
       834;        417.0;       ;      0.03;          ;     266.99;    0.054536;      -65.095699;      -65.041164;      -65.080054;      0.25;     1166.80;       0.7608
       835;        417.5;       ;      0.02;          ;     274.45;    0.056058;      -65.098392;      -65.042334;      -65.080107;      0.12;     1129.92;       0.7605
       836;        418.0;       ;      0.02;          ;     281.14;    0.057425;      -65.100428;      -65.043003;      -65.080148;      0.02;     1079.74;       0.7603
       837;        418.5;       ;      0.02;          ;     282.91;    0.057788;      -65.101330;      -65.043542;      -65.080171;     -0.03;     1018.95;       0.7603
       838;        419.0;       ;      0.03;          ;     281.95;    0.057592;      -65.100950;      -65.043359;      -65.080165;     -0.02;      951.16;       0.7604
       839;        419.5;       ;      0.03;          ;     276.09;    0.056395;      -65.099581;      -65.043187;      -65.080127;      0.07;      880.38;       0.7607
       840;        420.0;       ;      0.03;          ;     263.44;    0.053810;      -65.097990;      -65.044179;      -65.080070;      0.21;      811.54;       0.7611
       841;        420.5;       ;      0.02;          ;     261.41;    0.053395;      -65.097276;      -65.043881;      -65.080023;      0.33;      750.88;       0.7617
       842;        421.0;       ;      0.03;          ;     267.77;    0.054695;      -65.098297;      -65.043602;      -65.080017;      0.34;      702.82;       0.7624
       843;        421.5;       ;      0.02;          ;     280.43;    0.057281;      -65.101213;      -65.043932;      -65.080058;      0.24;      671.58;       0.7631
       844;        422.0;       ;      0.03;          ;     297.21;    0.060708;      -65.105405;      -65.044697;      -65.080134;      0.06;      659.18;       0.7639
       845;        422.5;       ;      0.03;          ;     311.97;    0.063722;      -65.109687;      -65.045965;      -65.080224;     -0.16;      664.14;       0.7647
       846;        423.0;       ;      0.02;          ;     333.11;    0.068040;      -65.112667;      -65.044627;      -65.080292;     -0.33;      681.80;       0.7654
       847;        423.5;       ;      0.03;          ;     335.39;    0.068507;      -65.113263;      -65.044756;      -65.080298;     -0.35;      705.58;       0.7661
       848;        424.0;       ;      0.03;          ;     316.01;    0.064548;      -65.111196;      -65.046647;      -65.080236;     -0.19;      728.37;       0.7667
       849;        424.5;       ;      0.03;          ;     293.97;    0.060046;      -65.107386;      -65.047341;      -65.080147;      0.02;      743.99;       0.7673
       850;        425.0;       ;      0.03;          ;     265.40;    0.054211;      -65.103168;      -65.048957;      -65.080075;      0.20;      748.23;       0.7679
       851;        425.5;       ;      0.03;          ;     248.43;    0.050744;      -65.099682;      -65.048938;      -65.080040;      0.28;      738.93;       0.7685
       852;        426.0;       ;      0.03;          ;     236.80;    0.048369;      -65.097429;      -65.049061;      -65.080031;      0.31;      715.27;       0.7691
       853;        426.5;       ;      0.03;          ;     229.04;    0.046783;      -65.096540;      -65.049757;      -65.080034;      0.30;      678.19;       0.7699
       854;        427.0;       ;      0.02;          ;     231.62;    0.047310;      -65.096948;      -65.049638;      -65.080053;      0.25;      657.67;       0.7706
       855;        427.5;       ;      0.03;          ;     242.43;    0.049518;      -65.098341;      -65.048823;      -65.080092;      0.16;      647.22;       0.7715
       856;        428.0;       ;      0.03;          ;     247.11;    0.050475;      -65.100101;      -65.049626;      -65.080143;      0.03;      622.71;       0.7723
       857;        428.5;       ;      0.03;          ;     253.74;    0.051830;      -65.101474;      -65.049644;      -65.080182;     -0.06;      589.48;       0.7733
       858;        429.0;       ;      0.03;          ;     256.44;    0.052380;      -65.102007;      -65.049627;      -65.080188;     -0.08;      553.39;       0.7743
       859;        429.5;       ;      0.03;          ;     259.04;    0.052911;      -65.101725;      -65.048814;      -65.080164;     -0.02;      521.54;       0.7754
       860;        430.0;       ;      0.02;          ;     259.11;    0.052925;      -65.101053;      -65.048129;      -65.080143;      0.03;      500.84;       0.7766
       861;        430.5;       ;      0.02;          ;     253.13;    0.051705;      -65.100374;      -65.048669;      -65.080150;      0.02;      497.54;       0.7778
       862;        431.0;       ;      0.03;          ;     246.79;    0.050409;      -65.099768;      -65.049359;      -65.080162;     -0.01;      515.39;       0.7789
       863;        431.5;       ;      0.03;          ;     252.34;    0.051542;      -65.099280;      -65.047738;      -65.080140;      0.04;      554.26;       0.7799
       864;        432.0;       ;      0.02;          ;     253.35;    0.051750;      -65.099276;      -65.047526;      -65.080086;      0.17;      611.16;       0.7809
       865;        432.5;       ;      0.03;          ;     262.20;    0.053557;      -65.100463;      -65.046906;      -65.080056;      0.25;      679.15;       0.7816
       866;        433.0;       ;      0.03;          ;     274.38;    0.056045;      -65.103176;      -65.047131;      -65.080091;      0.16;      750.78;       0.7822
       867;        433.5;       ;      0.03;          ;     287.01;    0.058624;      -65.106773;      -65.048149;      -65.080160;     -0.01;      817.99;       0.7826
       868;        434.0;       ;      0.03;          ;     294.54;    0.060163;      -65.110104;      -65.049941;      -65.080214;     -0.14;      873.93;       0.7829
       869;        434.5;       ;      0.03;          ;     304.34;    0.062164;      -65.112251;      -65.050088;      -65.080236;     -0.19;      913.59;       0.7831
       870;        435.0;       ;      0.03;          ;     306.62;    0.062629;      -65.112812;      -65.050182;      -65.080224;     -0.16;      934.48;       0.7833
       871;        435.5;       ;      0.03;          ;     302.54;    0.061796;      -65.111829;      -65.050033;      -65.080182;     -0.06;      935.25;       0.7834
       872;        436.0;       ;      0.03;          ;     287.75;    0.058775;      -65.109828;      -65.051052;      -65.080128;      0.07;      916.21;       0.7836
       873;        436.5;       ;      0.03;          ;     268.76;    0.054897;      -65.107612;      -65.052715;      -65.080090;      0.16;      879.57;       0.7839
       874;        437.0;       ;      0.03;          ;     264.50;    0.054027;      -65.105846;      -65.051819;      -65.080085;      0.18;      829.29;       0.7843
       875;        437.5;       ;      0.02;          ;     261.95;    0.053506;      -65.104648;      -65.051142;      -65.080103;      0.13;      769.23;       0.7848
       876;        438.0;       ;      0.02;          ;     259.67;    0.053040;      -65.103809;      -65.050769;      -65.080117;      0.10;      705.97;       0.7855
       877;        438.5;       ;      0.03;          ;     265.54;    0.054239;      -65.103204;      -65.048966;      -65.080104;      0.13;      647.29;       0.7864
       878;        439.0;       ;      0.03;          ;     270.48;    0.055249;      -65.103059;      -65.047810;      -65.080071;      0.21;      600.16;       0.7873
       879;        439.5;       ;      0.03;          ;     273.06;    0.055774;      -65.103854;      -65.048080;      -65.080059;      0.24;      571.83;       0.7883
       880;        440.0;       ;      0.03;          ;     277.83;    0.056748;      -65.105761;      -65.049012;      -65.080108;      0.12;      566.87;       0.7893
       881;        440.5;       ;      0.02;          ;     288.88;    0.059007;      -65.108111;      -65.049104;      -65.080203;     -0.11;      585.38;       0.7903
       882;        441.0;       ;      0.03;          ;     297.98;    0.060866;      -65.109584;      -65.048718;      -65.080288;     -0.32;      623.54;       0.7912
       883;        441.5;       ;      0.02;          ;     289.82;    0.059199;      -65.108956;      -65.049756;      -65.080307;     -0.37;      674.82;       0.7920
       884;        442.0;       ;      0.02;          ;     272.74;    0.055709;      -65.106038;      -65.050328;      -65.080244;     -0.21;      730.77;       0.7926
       885;        442.5;       ;      0.03;          ;     251.48;    0.051367;      -65.101932;      -65.050565;      -65.080124;      0.08;      783.87;       0.7931
       886;        443.0;       ;      0.03;          ;     234.65;    0.047930;      -65.098496;      -65.050566;      -65.080016;      0.34;      827.89;       0.7935
       887;        443.5;       ;      0.03;          ;     224.88;    0.045934;      -65.097363;      -65.051429;      -65.079981;      0.43;      858.24;       0.7939
       888;        444.0;       ;      0.03;          ;     236.89;    0.048387;      -65.099061;      -65.050674;      -65.080032;      0.30;      871.86;       0.7942
       889;        444.5;       ;      0.03;          ;     246.91;    0.050433;      -65.102801;      -65.052368;      -65.080125;      0.08;      867.78;       0.7945
       890;        445.0;       ;      0.03;          ;     268.27;    0.054797;      -65.107033;      -65.052236;      -65.080202;     -0.11;      846.74;       0.7949
       891;        445.5;       ;      0.03;          ;     283.22;    0.057851;      -65.110569;      -65.052718;      -65.080242;     -0.21;      810.53;       0.7953
       892;        446.0;       ;      0.03;          ;     291.79;    0.059601;      -65.112673;      -65.053072;      -65.080247;     -0.22;      763.02;       0.7959
       893;        446.5;       ;      0.03;          ;     300.64;    0.061409;      -65.113193;      -65.051783;      -65.080240;     -0.20;      709.32;       0.7966
       894;        447.0;       ;      0.03;          ;     293.74;    0.059998;      -65.112182;      -65.052184;      -65.080224;     -0.17;      654.99;       0.7974
       895;        447.5;       ;      0.03;          ;     289.36;    0.059105;      -65.109898;      -65.050792;      -65.080191;     -0.08;      608.08;       0.7983
       896;        448.0;       ;      0.03;          ;     278.51;    0.056889;      -65.106869;      -65.049980;      -65.080131;      0.06;      574.82;       0.7994
       897;        448.5;       ;      0.03;          ;     262.77;    0.053674;      -65.104043;      -65.050370;      -65.080058;      0.24;      561.15;       0.8004
       898;        449.0;       ;      0.03;          ;     258.28;    0.052757;      -65.102585;      -65.049828;      -65.080015;      0.35;      570.06;       0.8014
       899;        449.5;       ;      0.04;          ;     265.59;    0.054248;      -65.103157;      -65.048909;      -65.080032;      0.30;      600.55;       0.8024
       900;        450.0;       ;      0.03;          ;     273.92;    0.055951;      -65.105484;      -65.049533;      -65.080102;      0.13;      648.29;       0.8033
       901;        450.5;       ;      0.03;          ;     290.86;    0.059411;      -65.108456;      -65.049045;      -65.080189;     -0.08;      705.92;       0.8040
       902;        451.0;       ;      0.04;          ;     306.48;    0.062601;      -65.110737;      -65.048136;      -65.080259;     -0.25;      766.20;       0.8045
       903;        451.5;       ;      0.03;          ;     310.97;    0.063518;      -65.111187;      -65.047670;      -65.080280;     -0.30;      822.04;       0.8050
       904;        452.0;       ;      0.03;          ;     306.26;    0.062556;      -65.109422;      -65.046866;      -65.080238;     -0.20;      867.19;       0.8053
       905;        452.5;       ;      0.03;          ;     284.86;    0.058185;      -65.106023;      -65.047838;      -65.080155;      0.00;      897.30;       0.8055
       906;        453.0;       ;      0.03;          ;     259.14;    0.052932;      -65.102338;      -65.049406;      -65.080081;      0.19;      909.30;       0.8057
       907;        453.5;       ;      0.03;          ;     243.22;    0.049680;      -65.099639;      -65.049959;      -65.080059;      0.24;      902.32;       0.8060
       908;        454.0;       ;      0.03;          ;     242.20;    0.049472;      -65.098364;      -65.048893;      -65.080084;      0.18;      876.97;       0.8063
       909;        454.5;       ;      0.03;          ;     241.99;    0.049428;      -65.098182;      -65.048754;      -65.080112;      0.11;      834.79;       0.8067
       910;        455.0;       ;      0.03;          ;     246.67;    0.050385;      -65.098672;      -65.048286;      -65.080114;      0.10;      779.63;       0.8072
       911;        455.5;       ;      0.04;          ;     255.48;    0.052184;      -65.099739;      -65.047555;      -65.080112;      0.11;      716.27;       0.8079
       912;        456.0;       ;      0.02;          ;     266.47;    0.054430;      -65.101315;      -65.046885;      -65.080138;      0.05;      650.82;       0.8087
       913;        456.5;       ;      0.02;          ;     272.58;    0.055677;      -65.102943;      -65.047266;      -65.080186;     -0.07;      590.55;       0.8097
       914;        457.0;       ;      0.02;          ;     276.17;    0.056410;      -65.103901;      -65.047491;      -65.080215;     -0.14;      543.43;       0.8108
       915;        457.5;       ;      0.02;          ;     281.53;    0.057504;      -65.103806;      -65.046302;      -65.080197;     -0.10;      515.41;       0.8120
       916;        458.0;       ;      0.03;          ;     278.34;    0.056853;      -65.102895;      -65.046041;      -65.080143;      0.03;      509.49;       0.8132
       917;        458.5;       ;      0.02;          ;     270.81;    0.055315;      -65.101898;      -65.046583;      -65.080096;      0.15;      525.69;       0.8144
       918;        459.0;       ;      0.03;          ;     264.68;    0.054063;      -65.101529;      -65.047466;      -65.080081;      0.18;      560.01;       0.8154
       919;        459.5;       ;      0.02;          ;     272.30;    0.055621;      -65.102032;      -65.046411;      -65.080097;      0.15;      605.77;       0.8164
       920;        460.0;       ;      0.02;          ;     278.10;    0.056804;      -65.103144;      -65.046340;      -65.080125;      0.08;      655.96;       0.8173
       921;        460.5;       ;      0.03;          ;     279.57;    0.057106;      -65.104337;      -65.047232;      -65.080151;      0.01;      702.88;       0.8180
       922;        461.0;       ;      0.03;          ;     280.91;    0.057379;      -65.105199;      -65.047819;      -65.080159;     -0.01;      740.05;       0.8186
       923;        461.5;       ;      0.03;          ;     281.27;    0.057453;      -65.105614;      -65.048162;      -65.080152;      0.01;      763.11;       0.8192
       924;        462.0;       ;      0.03;          ;     277.57;    0.056695;      -65.105704;      -65.049009;      -65.080145;      0.03;      781.76;       0.8197
       925;        462.5;       ;      0.02;          ;     283.00;    0.057805;      -65.105619;      -65.047814;      -65.080147;      0.02;      824.02;       0.8202
       926;        463.0;       ;      0.03;          ;     288.40;    0.058908;      -65.105354;      -65.046446;      -65.080144;      0.03;      844.66;       0.8206
       927;        463.5;       ;      0.02;          ;     285.09;    0.058232;      -65.104910;      -65.046678;      -65.080125;      0.08;      843.21;       0.8209
       928;        464.0;       ;      0.02;          ;     287.08;    0.058638;      -65.104566;      -65.045928;      -65.080109;      0.12;      821.92;       0.8214
       929;        464.5;       ;      0.02;          ;     287.95;    0.058817;      -65.104555;      -65.045737;      -65.080123;      0.08;      785.11;       0.8219
       930;        465.0;       ;      0.03;          ;     297.22;    0.060710;      -65.104703;      -65.043993;      -65.080158;     -0.00;      739.79;       0.8225
       931;        465.5;       ;      0.03;          ;     303.73;    0.062040;      -65.104506;      -65.042466;      -65.080183;     -0.06;      693.74;       0.8233
       932;        466.0;       ;      0.03;          ;     292.68;    0.059782;      -65.103549;      -65.043766;      -65.080172;     -0.04;      656.51;       0.8242
       933;        466.5;       ;      0.03;          ;     291.14;    0.059468;      -65.102088;      -65.042620;      -65.080127;      0.07;      637.99;       0.8250
       934;        467.0;       ;      0.03;          ;     287.62;    0.058750;      -65.100833;      -65.042083;      -65.080079;      0.19;      643.41;       0.8259
       935;        467.5;       ;      0.03;          ;     279.47;    0.057084;      -65.100469;      -65.043386;      -65.080064;      0.23;      675.21;       0.8267
       936;        468.0;       ;      0.02;          ;     272.96;    0.055756;      -65.101240;      -65.045485;      -65.080093;      0.15;      731.21;       0.8274
       937;        468.5;       ;      0.03;          ;     280.23;    0.057240;      -65.102748;      -65.045508;      -65.080148;      0.02;      805.76;       0.8279
       938;        469.0;       ;      0.03;          ;     287.22;    0.058667;      -65.104177;      -65.045510;      -65.080190;     -0.08;      892.83;       0.8281
       939;        469.5;       ;      0.03;          ;     289.35;    0.059103;      -65.104756;      -65.045653;      -65.080196;     -0.10;      984.50;       0.8282
       940;        470.0;       ;      0.03;          ;     284.41;    0.058094;      -65.104259;      -65.046165;      -65.080163;     -0.02;     1072.63;       0.8280
       941;        470.5;       ;      0.03;          ;     274.73;    0.056117;      -65.103064;      -65.046947;      -65.080111;      0.11;     1149.69;       0.8277
       942;        471.0;       ;      0.03;          ;     274.67;    0.056104;      -65.101903;      -65.045799;      -65.080067;      0.22;     1209.65;       0.8273
       943;        471.5;       ;      0.03;          ;     279.18;    0.057025;      -65.101339;      -65.044315;      -65.080059;      0.24;     1248.97;       0.8268
       944;        472.0;       ;      0.03;          ;     279.46;    0.057082;      -65.101387;      -65.044304;      -65.080088;      0.17;     1264.47;       0.8263
       945;        472.5;       ;      0.03;          ;     284.82;    0.058176;      -65.101583;      -65.043407;      -65.080120;      0.09;     1254.58;       0.8257
       946;        473.0;       ;      0.03;          ;     278.89;    0.056966;      -65.101489;      -65.044523;      -65.080113;      0.11;     1220.52;       0.8253
       947;        473.5;       ;      0.03;          ;     282.53;    0.057709;      -65.101267;      -65.043558;      -65.080070;      0.21;     1166.56;       0.8249
       948;        474.0;       ;      0.03;          ;     286.65;    0.058551;      -65.101599;      -65.043047;      -65.080039;      0.29;     1098.18;       0.8247
       949;        474.5;       ;      0.03;          ;     294.97;    0.060250;      -65.102960;      -65.042709;      -65.080062;      0.23;     1023.85;       0.8247
       950;        475.0;       ;      0.03;          ;     305.79;    0.062459;      -65.105062;      -65.042602;      -65.080128;      0.07;      953.00;       0.8248
       951;        475.5;       ;      0.03;          ;     317.94;    0.064942;      -65.106983;      -65.042041;      -65.080191;     -0.08;      894.51;       0.8250
       952;        476.0;       ;      0.02;          ;     320.02;    0.065367;      -65.107828;      -65.042461;      -65.080216;     -0.14;      854.39;       0.8254
       953;        476.5;       ;      0.02;          ;     317.34;    0.064820;      -65.107270;      -65.042449;      -65.080195;     -0.10;      835.89;       0.8258
       954;        477.0;       ;      0.03;          ;     312.52;    0.063835;      -65.105688;      -65.041853;      -65.080148;      0.02;      838.20;       0.8262
       955;        477.5;       ;      0.03;          ;     306.34;    0.062573;      -65.103801;      -65.041228;      -65.080109;      0.12;      857.75;       0.8266
       956;        478.0;       ;      0.03;          ;     298.79;    0.061032;      -65.102197;      -65.041165;      -65.080095;      0.15;      889.09;       0.8268
       957;        478.5;       ;      0.03;          ;     291.49;    0.059540;      -65.101100;      -65.041560;      -65.080095;      0.15;      925.61;       0.8270
       958;        479.0;       ;      0.03;          ;     289.12;    0.059055;      -65.100514;      -65.041459;      -65.080097;      0.15;      960.33;       0.8271
       959;        479.5;       ;      0.03;          ;     285.29;    0.058272;      -65.100350;      -65.042078;      -65.080099;      0.14;      986.76;       0.8272
       960;        480.0;       ;      0.03;          ;     283.91;    0.057992;      -65.100516;      -65.042524;      -65.080100;      0.14;      998.93;       0.8272
       961;        480.5;       ;      0.03;          ;     286.58;    0.058537;      -65.100952;      -65.042415;      -65.080106;      0.12;      992.48;       0.8272
       962;        481.0;       ;      0.03;          ;     283.71;    0.057949;      -65.101496;      -65.043546;      -65.080128;      0.07;      964.78;       0.8273
       963;        481.5;       ;      0.03;          ;     284.39;    0.058088;      -65.101800;      -65.043711;      -65.080163;     -0.02;      915.76;       0.8275
       964;        482.0;       ;      0.03;          ;     284.85;    0.058183;      -65.101390;      -65.043207;      -65.080188;     -0.08;      846.96;       0.8279
       965;        482.5;       ;      0.03;          ;     275.59;    0.056291;      -65.099918;      -65.043627;      -65.080179;     -0.06;      762.16;       0.8284
       966;        483.0;       ;      0.03;          ;     268.84;    0.054914;      -65.097629;      -65.042715;      -65.080126;      0.07;      668.63;       0.8293
       967;        483.5;       ;      0.03;          ;     259.11;    0.052925;      -65.095384;      -65.042459;      -65.080053;      0.25;      573.34;       0.8303
       968;        484.0;       ;      0.03;          ;     254.79;    0.052044;      -65.094324;      -65.042280;      -65.080016;      0.34;      486.27;       0.8316
       969;        484.5;       ;      0.03;          ;     253.37;    0.051752;      -65.095035;      -65.043283;      -65.080051;      0.26;      416.38;       0.8331
       970;        485.0;       ;      0.03;          ;     259.80;    0.053067;      -65.097048;      -65.043981;      -65.080130;      0.07;      371.52;       0.8346
       971;        485.5;       ;      0.03;          ;     264.57;    0.054041;      -65.099279;      -65.045238;      -65.080188;     -0.08;      354.78;       0.8363
       972;        486.0;       ;      0.03;          ;     274.00;    0.055967;      -65.100904;      -65.044936;      -65.080192;     -0.09;      365.85;       0.8378
       973;        486.5;       ;      0.03;          ;     281.11;    0.057420;      -65.101870;      -65.044450;      -65.080162;     -0.01;      400.63;       0.8394
       974;        487.0;       ;      0.03;          ;     287.82;    0.058790;      -65.102527;      -65.043737;      -65.080150;      0.02;      453.21;       0.8407
       975;        487.5;       ;      0.03;          ;     292.10;    0.059663;      -65.102983;      -65.043320;      -65.080180;     -0.06;      516.47;       0.8419
       976;        488.0;       ;      0.03;          ;     294.98;    0.060253;      -65.102773;      -65.042521;      -65.080220;     -0.16;      582.74;       0.8430
       977;        488.5;       ;      0.03;          ;     281.62;    0.057524;      -65.101302;      -65.043778;      -65.080218;     -0.15;      644.83;       0.8439
       978;        489.0;       ;      0.03;          ;     265.82;    0.054296;      -65.098714;      -65.044418;      -65.080152;      0.01;      695.56;       0.8447
       979;        489.5;       ;      0.03;          ;     253.76;    0.051833;      -65.096090;      -65.044257;      -65.080058;      0.24;      730.13;       0.8454
       980;        490.0;       ;      0.03;          ;     243.91;    0.049822;      -65.094810;      -65.044989;      -65.080005;      0.37;      745.54;       0.8460
       981;        490.5;       ;      0.02;          ;     246.21;    0.050292;      -65.095646;      -65.045354;      -65.080038;      0.29;      740.75;       0.8467
       982;        491.0;       ;      0.03;          ;     258.32;    0.052764;      -65.098106;      -65.045342;      -65.080134;      0.05;      717.02;       0.8474
       983;        491.5;       ;      0.03;          ;     271.94;    0.055546;      -65.100737;      -65.045191;      -65.080231;     -0.18;      677.74;       0.8482
       984;        492.0;       ;      0.03;          ;     279.68;    0.057128;      -65.102038;      -65.044911;      -65.080273;     -0.29;      628.60;       0.8491
       985;        492.5;       ;      0.02;          ;     277.26;    0.056632;      -65.101321;      -65.044689;      -65.080242;     -0.21;      577.00;       0.8502
       986;        493.0;       ;      0.03;          ;     260.52;    0.053214;      -65.099045;      -65.045831;      -65.080154;      0.01;      531.27;       0.8514
       987;        493.5;       ;      0.03;          ;     246.47;    0.050343;      -65.096607;      -65.046263;      -65.080069;      0.21;      499.87;       0.8527
       988;        494.0;       ;      0.03;          ;     238.19;    0.048652;      -65.095317;      -65.046666;      -65.080051;      0.26;      487.53;       0.8540
       989;        494.5;       ;      0.03;          ;     238.85;    0.048788;      -65.095498;      -65.046710;      -65.080102;      0.13;      495.93;       0.8553
       990;        495.0;       ;      0.03;          ;     241.95;    0.049420;      -65.096459;      -65.047039;      -65.080158;     -0.00;      523.10;       0.8565
       991;        495.5;       ;      0.03;          ;     248.37;    0.050732;      -65.097390;      -65.046658;      -65.080167;     -0.02;      564.40;       0.8576
       992;        496.0;       ;      0.03;          ;     249.13;    0.050887;      -65.098112;      -65.047225;      -65.080139;      0.04;      613.78;       0.8586
       993;        496.5;       ;      0.03;          ;     250.97;    0.051262;      -65.098938;      -65.047675;      -65.080131;      0.06;      664.36;       0.8595
       994;        497.0;       ;      0.03;          ;     254.19;    0.051921;      -65.099971;      -65.048050;      -65.080165;     -0.02;      709.84;       0.8602
       995;        497.5;       ;      0.03;          ;     256.13;    0.052318;      -65.100729;      -65.048411;      -65.080208;     -0.13;      744.57;       0.8609
       996;        498.0;       ;      0.03;          ;     256.87;    0.052469;      -65.100618;      -65.048149;      -65.080211;     -0.13;      763.80;       0.8615
       997;        498.5;       ;      0.03;          ;     253.64;    0.051808;      -65.099617;      -65.047809;      -65.080165;     -0.02;      764.07;       0.8621
       998;        499.0;       ;      0.03;          ;     248.76;    0.050811;      -65.098407;      -65.047597;      -65.080108;      0.12;      743.34;       0.8628
       999;        499.5;       ;      0.03;          ;     245.64;    0.050174;      -65.097826;      -65.047652;      -65.080093;      0.16;      701.54;       0.8636
      1000;        500.0;       ;      0.03;          ;     246.46;    0.050342;      -65.098138;      -65.047796;      -65.080126;      0.07;      640.71;       0.8645
      1001;        500.5;       ;      0.03;          ;     245.36;    0.050118;      -65.098918;      -65.048801;      -65.080173;     -0.04;      564.95;       0.8656
      1002;        501.0;       ;      0.03;          ;     248.97;    0.050854;      -65.099551;      -65.048697;      -65.080197;     -0.10;      481.12;       0.8670
      1003;        501.5;       ;      0.03;          ;     254.55;    0.051995;      -65.099706;      -65.047712;      -65.080198;     -0.10;      395.56;       0.8685
      1004;        502.0;       ;      0.03;          ;     256.88;    0.052470;      -65.099328;      -65.046859;      -65.080188;     -0.08;      315.57;       0.8703
      1005;        502.5;       ;      0.03;          ;     259.20;    0.052943;      -65.098519;      -65.045575;      -65.080175;     -0.04;      249.26;       0.8723
      1006;        503.0;       ;      0.03;          ;     256.41;    0.052374;      -65.097442;      -65.045069;      -65.080157;     -0.00;      222.45;       0.8743
      1007;        503.5;       ;      0.03;          ;     247.12;    0.050477;      -65.096327;      -65.045850;      -65.080148;      0.02;      236.52;       0.8763
      1008;        504.0;       ;      0.03;          ;     241.42;    0.049312;      -65.095356;      -65.046043;      -65.080155;      0.00;      270.21;       0.8782
      1009;        504.5;       ;      0.03;          ;     241.32;    0.049292;      -65.094483;      -65.045192;      -65.080157;     -0.00;      317.51;       0.8800
      1010;        505.0;       ;      0.03;          ;     236.88;    0.048385;      -65.093667;      -65.045282;      -65.080127;      0.07;      371.20;       0.8817
      1011;        505.5;       ;      0.03;          ;     224.60;    0.045876;      -65.093278;      -65.047402;      -65.080088;      0.17;      423.21;       0.8832
      1012;        506.0;       ;      0.03;          ;     230.18;    0.047016;      -65.093864;      -65.046848;      -65.080094;      0.15;      466.08;       0.8846
      1013;        506.5;       ;      0.03;          ;     236.11;    0.048227;      -65.095330;      -65.047102;      -65.080154;      0.01;      495.60;       0.8860
      1014;        507.0;       ;      0.03;          ;     241.68;    0.049365;      -65.096748;      -65.047384;      -65.080217;     -0.15;      508.24;       0.8873
      1015;        507.5;       ;      0.03;          ;     249.27;    0.050916;      -65.097188;      -65.046272;      -65.080232;     -0.18;      502.41;       0.8886
      1016;        508.0;       ;      0.03;          ;     237.65;    0.048543;      -65.096400;      -65.047858;      -65.080186;     -0.07;      477.83;       0.8900
      1017;        508.5;       ;      0.03;          ;     230.85;    0.047153;      -65.095102;      -65.047948;      -65.080122;      0.08;      454.69;       0.8915
      1018;        509.0;       ;      0.03;          ;     227.99;    0.046569;      -65.094332;      -65.047763;      -65.080083;      0.18;      473.18;       0.8929
      1019;        509.5;       ;      0.03;          ;     230.43;    0.047068;      -65.094710;      -65.047642;      -65.080084;      0.18;      486.16;       0.8942
      1020;        510.0;       ;      0.03;          ;     232.18;    0.047425;      -65.096261;      -65.048837;      -65.080110;      0.11;      496.78;       0.8956
      1021;        510.5;       ;      0.03;          ;     245.18;    0.050080;      -65.098603;      -65.048522;      -65.080149;      0.02;      509.50;       0.8969
      1022;        511.0;       ;      0.03;          ;     267.92;    0.054724;      -65.101201;      -65.046477;      -65.080194;     -0.09;      538.31;       0.8981
      1023;        511.5;       ;      0.03;          ;     282.69;    0.057742;      -65.103323;      -65.045580;      -65.080236;     -0.19;      582.19;       0.8993
      1024;        512.0;       ;      0.03;          ;     286.90;    0.058603;      -65.104219;      -65.045616;      -65.080254;     -0.24;      636.29;       0.9003
      1025;        512.5;       ;      0.03;          ;     287.38;    0.058701;      -65.103625;      -65.044924;      -65.080232;     -0.18;      701.74;       0.9011
      1026;        513.0;       ;      0.03;          ;     277.47;    0.056676;      -65.101888;      -65.045212;      -65.080177;     -0.05;      777.20;       0.9017
      1027;        513.5;       ;      0.03;          ;     266.06;    0.054345;      -65.099843;      -65.045498;      -65.080128;      0.07;      858.50;       0.9020
      1028;        514.0;       ;      0.03;          ;     258.62;    0.052826;      -65.098262;      -65.045436;      -65.080109;      0.12;      941.05;       0.9022
      1029;        514.5;       ;      0.02;          ;     256.09;    0.052309;      -65.097448;      -65.045139;      -65.080105;      0.12;     1020.89;       0.9021
      1030;        515.0;       ;      0.02;          ;     251.23;    0.051315;      -65.097390;      -65.046074;      -65.080105;      0.13;     1094.90;       0.9019
      1031;        515.5;       ;      0.03;          ;     252.40;    0.051555;      -65.097986;      -65.046431;      -65.080124;      0.08;     1160.35;       0.9015
      1032;        516.0;       ;      0.02;          ;     256.40;    0.052372;      -65.098855;      -65.046483;      -65.080170;     -0.03;     1216.34;       0.9011
      1033;        516.5;       ;      0.02;          ;     255.81;    0.052252;      -65.099224;      -65.046972;      -65.080211;     -0.13;     1261.60;       0.9005
      1034;        517.0;       ;      0.03;          ;     255.40;    0.052168;      -65.098425;      -65.046256;      -65.080210;     -0.13;     1294.10;       0.8999
      1035;        517.5;       ;      0.03;          ;     249.99;    0.051062;      -65.096382;      -65.045320;      -65.080167;     -0.03;     1312.60;       0.8992
      1036;        518.0;       ;      0.03;          ;     240.56;    0.049137;      -65.093627;      -65.044491;      -65.080110;      0.11;     1315.66;       0.8986
      1037;        518.5;       ;      0.03;          ;     227.34;    0.046437;      -65.090953;      -65.044516;      -65.080063;      0.23;     1302.80;       0.8980
      1038;        519.0;       ;      0.03;          ;     223.31;    0.045612;      -65.089094;      -65.043482;      -65.080033;      0.30;     1275.27;       0.8974
      1039;        519.5;       ;      0.03;          ;     222.41;    0.045429;      -65.088522;      -65.043093;      -65.080011;      0.36;     1281.45;       0.8968
      1040;        520.0;       ;      0.03;          ;     225.05;    0.045969;      -65.089521;      -65.043552;      -65.080008;      0.36;     1297.41;       0.8962
      1041;        520.5;       ;      0.03;          ;     242.93;    0.049620;      -65.092111;      -65.042491;      -65.080035;      0.30;     1292.42;       0.8956
      1042;        521.0;       ;      0.03;          ;     261.16;    0.053344;      -65.095901;      -65.042557;      -65.080095;      0.15;     1267.02;       0.8950
      1043;        521.5;       ;      0.03;          ;     282.22;    0.057647;      -65.099935;      -65.042288;      -65.080170;     -0.03;     1223.31;       0.8945
      1044;        522.0;       ;      0.03;          ;     300.64;    0.061409;      -65.103142;      -65.041733;      -65.080226;     -0.17;     1164.77;       0.8941
      1045;        522.5;       ;      0.03;          ;     312.71;    0.063873;      -65.104748;      -65.040874;      -65.080234;     -0.19;     1096.21;       0.8939
      1046;        523.0;       ;      0.03;          ;     307.05;    0.062718;      -65.104677;      -65.041958;      -65.080197;     -0.10;     1023.40;       0.8938
      1047;        523.5;       ;      0.03;          ;     297.82;    0.060833;      -65.103630;      -65.042797;      -65.080139;      0.04;      953.84;       0.8940
      1048;        524.0;       ;      0.03;          ;     291.81;    0.059605;      -65.102682;      -65.043076;      -65.080085;      0.18;      900.72;       0.8942
      1049;        524.5;       ;      0.03;          ;     286.81;    0.058583;      -65.102766;      -65.044183;      -65.080055;      0.25;      901.08;       0.8945
      1050;        525.0;       ;      0.03;          ;     294.63;    0.060181;      -65.104330;      -65.044149;      -65.080084;      0.18;      892.10;       0.8948
      1051;        525.5;       ;      0.02;          ;     308.05;    0.062923;      -65.106926;      -65.044003;      -65.080165;     -0.02;      874.22;       0.8951
      1052;        526.0;       ;      0.02;          ;     322.13;    0.065798;      -65.109278;      -65.043481;      -65.080244;     -0.21;      848.21;       0.8955
      1053;        526.5;       ;      0.03;          ;     326.70;    0.066731;      -65.110122;      -65.043391;      -65.080270;     -0.28;      814.83;       0.8960
      1054;        527.0;       ;      0.03;          ;     320.02;    0.065368;      -65.108950;      -65.043582;      -65.080243;     -0.21;      826.90;       0.8965
      1055;        527.5;       ;      0.02;          ;     302.36;    0.061760;      -65.106091;      -65.044332;      -65.080193;     -0.09;      855.21;       0.8969
      1056;        528.0;       ;      0.02;          ;     286.17;    0.058452;      -65.102330;      -65.043877;      -65.080138;      0.05;      883.04;       0.8972
      1057;        528.5;       ;      0.02;          ;     271.09;    0.055372;      -65.098488;      -65.043116;      -65.080082;      0.18;      906.76;       0.8975
      1058;        529.0;       ;      0.03;          ;     259.35;    0.052974;      -65.095388;      -65.042414;      -65.080034;      0.30;      923.65;       0.8977
      1059;        529.5;       ;      0.02;          ;     249.05;    0.050870;      -65.093716;      -65.042846;      -65.080014;      0.35;      932.18;       0.8978
      1060;        530.0;       ;      0.03;          ;     245.57;    0.050160;      -65.093763;      -65.043603;      -65.080040;      0.28;      932.15;       0.8980
      1061;        530.5;       ;      0.02;          ;     251.07;    0.051283;      -65.095138;      -65.043855;      -65.080111;      0.11;      924.84;       0.8982
      1062;        531.0;       ;      0.02;          ;     266.52;    0.054438;      -65.096802;      -65.042364;      -65.080198;     -0.10;      912.63;       0.8985
      1063;        531.5;       ;      0.03;          ;     270.63;    0.055278;      -65.097456;      -65.042177;      -65.080251;     -0.23;      898.69;       0.8987
      1064;        532.0;       ;      0.03;          ;     261.25;    0.053362;      -65.096294;      -65.042932;      -65.080230;     -0.18;      887.46;       0.8990
      1065;        532.5;       ;      0.03;          ;     246.83;    0.050418;      -65.093766;      -65.043348;      -65.080146;      0.03;      883.54;       0.8994
      1066;        533.0;       ;      0.03;          ;     239.84;    0.048989;      -65.091266;      -65.042277;      -65.080059;      0.24;      890.98;       0.8996
      1067;        533.5;       ;      0.03;          ;     237.84;    0.048581;      -65.090135;      -65.041553;      -65.080025;      0.32;      929.37;       0.8998
      1068;        534.0;       ;      0.02;          ;     243.80;    0.049799;      -65.090903;      -65.041104;      -65.080058;      0.24;     1006.60;       0.8998
      1069;        534.5;       ;      0.02;          ;     255.12;    0.052110;      -65.093055;      -65.040946;      -65.080129;      0.07;     1083.22;       0.8996
      1070;        535.0;       ;      0.03;          ;     264.12;    0.053949;      -65.095453;      -65.041504;      -65.080186;     -0.07;     1156.87;       0.8992
      1071;        535.5;       ;      0.03;          ;     271.74;    0.055506;      -65.097158;      -65.041652;      -65.080190;     -0.08;     1224.37;       0.8988
      1072;        536.0;       ;      0.03;          ;     278.85;    0.056958;      -65.098012;      -65.041054;      -65.080157;     -0.00;     1282.97;       0.8982
      1073;        536.5;       ;      0.03;          ;     285.34;    0.058283;      -65.098340;      -65.040057;      -65.080135;      0.05;     1366.93;       0.8974
      1074;        537.0;       ;      0.03;          ;     289.75;    0.059184;      -65.098306;      -65.039122;      -65.080137;      0.05;     1464.48;       0.8966
      1075;        537.5;       ;      0.03;          ;     281.14;    0.057424;      -65.097729;      -65.040304;      -65.080133;      0.06;     1553.75;       0.8956
      1076;        538.0;       ;      0.03;          ;     276.48;    0.056474;      -65.096628;      -65.040154;      -65.080097;      0.15;     1623.15;       0.8946
      1077;        538.5;       ;      0.02;          ;     271.33;    0.055421;      -65.095497;      -65.040076;      -65.080045;      0.27;     1653.15;       0.8935
      1078;        539.0;       ;      0.03;          ;     270.95;    0.055344;      -65.095044;      -65.039700;      -65.080015;      0.35;     1642.17;       0.8925
      1079;        539.5;       ;      0.03;          ;     275.57;    0.056287;      -65.095657;      -65.039370;      -65.080035;      0.30;     1591.88;       0.8915
      1080;        540.0;       ;      0.03;          ;     280.68;    0.057332;      -65.097011;      -65.039679;      -65.080100;      0.14;     1507.17;       0.8906
      1081;        540.5;       ;      0.03;          ;     286.27;    0.058473;      -65.098167;      -65.039694;      -65.080176;     -0.05;     1396.55;       0.8898
      1082;        541.0;       ;      0.03;          ;     286.23;    0.058465;      -65.098079;      -65.039614;      -65.080221;     -0.16;     1273.43;       0.8893
      1083;        541.5;       ;      0.03;          ;     277.04;    0.056588;      -65.096192;      -65.039604;      -65.080204;     -0.12;     1187.11;       0.8888
      1084;        542.0;       ;      0.03;          ;     260.89;    0.053290;      -65.092896;      -65.039606;      -65.080128;      0.07;     1156.47;       0.8885
      1085;        542.5;       ;      0.02;          ;     246.47;    0.050344;      -65.089456;      -65.039113;      -65.080036;      0.29;     1125.89;       0.8882
      1086;        543.0;       ;      0.02;          ;     241.19;    0.049265;      -65.087336;      -65.038071;      -65.079982;      0.43;     1095.63;       0.8880
      1087;        543.5;       ;      0.03;          ;     242.25;    0.049481;      -65.087384;      -65.037902;      -65.079996;      0.39;     1065.04;       0.8878
      1088;        544.0;       ;      0.02;          ;     253.70;    0.051820;      -65.089414;      -65.037593;      -65.080066;      0.22;     1032.80;       0.8877
      1089;        544.5;       ;      0.03;          ;     270.93;    0.055340;      -65.092365;      -65.037025;      -65.080150;      0.02;      996.64;       0.8877
      1090;        545.0;       ;      0.02;          ;     290.66;    0.059370;      -65.094919;      -65.035549;      -65.080202;     -0.11;     1000.60;       0.8877
      1091;        545.5;       ;      0.02;          ;     293.94;    0.060041;      -65.096129;      -65.036088;      -65.080213;     -0.14;     1010.98;       0.8877
      1092;        546.0;       ;      0.03;          ;     293.04;    0.059857;      -65.095698;      -65.035841;      -65.080192;     -0.09;     1004.85;       0.8877
      1093;        546.5;       ;      0.03;          ;     289.63;    0.059159;      -65.093959;      -65.034800;      -65.080139;      0.04;     1003.45;       0.8877
      1094;        547.0;       ;      0.03;          ;     273.11;    0.055785;      -65.091693;      -65.035909;      -65.080053;      0.25;      994.95;       0.8877
      1095;        547.5;       ;      0.03;          ;     259.03;    0.052908;      -65.090248;      -65.037339;      -65.079973;      0.45;      954.51;       0.8878
      1096;        548.0;       ;      0.03;          ;     259.61;    0.053029;      -65.090891;      -65.037862;      -65.079954;      0.50;      883.20;       0.8881
      1097;        548.5;       ;      0.03;          ;     275.74;    0.056322;      -65.093965;      -65.037642;      -65.080014;      0.35;      784.23;       0.8887
      1098;        549.0;       ;      0.03;          ;     295.53;    0.060364;      -65.098589;      -65.038225;      -65.080125;      0.08;      663.23;       0.8896
      1099;        549.5;       ;      0.03;          ;     315.58;    0.064461;      -65.103073;      -65.038612;      -65.080231;     -0.18;      530.03;       0.8908
      1100;        550.0;       ;      0.03;          ;     323.38;    0.066053;      -65.105836;      -65.039783;      -65.080292;     -0.33;      395.29;       0.8925
      1101;        550.5;       ;      0.03;          ;     326.74;    0.066740;      -65.105975;      -65.039235;      -65.080296;     -0.34;      272.35;       0.8944
      1102;        551.0;       ;      0.03;          ;     310.36;    0.063394;      -65.103494;      -65.040100;      -65.080242;     -0.21;      242.37;       0.8964
      1103;        551.5;       ;      0.03;          ;     297.94;    0.060858;      -65.099346;      -65.038488;      -65.080141;      0.04;      254.95;       0.8984
      1104;        552.0;       ;      0.03;          ;     280.24;    0.057242;      -65.095069;      -65.037827;      -65.080027;      0.32;      295.80;       0.9003
      1105;        552.5;       ;      0.03;          ;     261.26;    0.053365;      -65.092425;      -65.039060;      -65.079962;      0.48;      333.79;       0.9021
      1106;        553.0;       ;      0.02;          ;     262.51;    0.053621;      -65.092475;      -65.038854;      -65.079997;      0.39;      389.64;       0.9038
      1107;        553.5;       ;      0.03;          ;     281.02;    0.057401;      -65.094734;      -65.037333;      -65.080109;      0.12;      464.06;       0.9052
      1108;        554.0;       ;      0.03;          ;     291.58;    0.059558;      -65.097476;      -65.037918;      -65.080217;     -0.15;      539.15;       0.9065
      1109;        554.5;       ;      0.03;          ;     301.35;    0.061553;      -65.098934;      -65.037381;      -65.080252;     -0.23;      605.59;       0.9076
      1110;        555.0;       ;      0.03;          ;     302.63;    0.061814;      -65.098468;      -65.036654;      -65.080220;     -0.16;      656.98;       0.9085
      1111;        555.5;       ;      0.03;          ;     291.55;    0.059551;      -65.096389;      -65.036838;      -65.080161;     -0.01;      689.52;       0.9093
      1112;        556.0;       ;      0.03;          ;     280.61;    0.057318;      -65.093544;      -65.036227;      -65.080102;      0.13;      726.84;       0.9101
      1113;        556.5;       ;      0.03;          ;     265.31;    0.054191;      -65.090822;      -65.036631;      -65.080050;      0.26;      753.90;       0.9108
      1114;        557.0;       ;      0.02;          ;     250.78;    0.051225;      -65.089065;      -65.037841;      -65.080015;      0.35;      752.58;       0.9114
      1115;        557.5;       ;      0.03;          ;     256.61;    0.052415;      -65.088911;      -65.036497;      -65.080011;      0.36;      724.95;       0.9122
      1116;        558.0;       ;      0.03;          ;     260.44;    0.053198;      -65.090435;      -65.037237;      -65.080047;      0.27;      674.09;       0.9131
      1117;        558.5;       ;      0.03;          ;     270.93;    0.055340;      -65.093082;      -65.037742;      -65.080108;      0.12;      607.53;       0.9142
      1118;        559.0;       ;      0.03;          ;     282.56;    0.057715;      -65.095988;      -65.038273;      -65.080171;     -0.03;      533.34;       0.9154
      1119;        559.5;       ;      0.03;          ;     291.65;    0.059572;      -65.098238;      -65.038666;      -65.080214;     -0.14;      461.13;       0.9169
      1120;        560.0;       ;      0.03;          ;     297.55;    0.060778;      -65.099225;      -65.038447;      -65.080225;     -0.17;      432.42;       0.9185
      1121;        560.5;       ;      0.03;          ;     294.48;    0.060150;      -65.098810;      -65.038660;      -65.080205;     -0.12;      424.32;       0.9201
      1122;        561.0;       ;      0.02;          ;     286.94;    0.058611;      -65.097345;      -65.038734;      -65.080161;     -0.01;      434.60;       0.9216
      1123;        561.5;       ;      0.03;          ;     281.32;    0.057461;      -65.095552;      -65.038090;      -65.080108;      0.12;      463.41;       0.9231
      1124;        562.0;       ;      0.03;          ;     275.42;    0.056256;      -65.094237;      -65.037980;      -65.080064;      0.23;      507.14;       0.9245
      1125;        562.5;       ;      0.02;          ;     269.75;    0.055099;      -65.094018;      -65.038919;      -65.080061;      0.23;      558.87;       0.9257
      1126;        563.0;       ;      0.03;          ;     273.86;    0.055938;      -65.094918;      -65.038980;      -65.080107;      0.12;      609.63;       0.9268
      1127;        563.5;       ;      0.03;          ;     291.38;    0.059518;      -65.096230;      -65.036712;      -65.080166;     -0.02;      650.92;       0.9278
      1128;        564.0;       ;      0.03;          ;     292.93;    0.059833;      -65.096914;      -65.037081;      -65.080196;     -0.10;      714.01;       0.9285
      1129;        564.5;       ;      0.02;          ;     292.04;    0.059652;      -65.096282;      -65.036630;      -65.080192;     -0.09;      772.97;       0.9292
      1130;        565.0;       ;      0.03;          ;     285.59;    0.058335;      -65.094278;      -65.035942;      -65.080167;     -0.03;      807.26;       0.9297
      1131;        565.5;       ;      0.02;          ;     267.96;    0.054733;      -65.091206;      -65.036473;      -65.080119;      0.09;      813.21;       0.9302
      1132;        566.0;       ;      0.03;          ;     257.32;    0.052559;      -65.087858;      -65.035299;      -65.080049;      0.26;      789.87;       0.9308
      1133;        566.5;       ;      0.03;          ;     240.56;    0.049136;      -65.085284;      -65.036148;      -65.079979;      0.43;      738.14;       0.9316
      1134;        567.0;       ;      0.03;          ;     237.50;    0.048512;      -65.084604;      -65.036092;      -65.079957;      0.49;      663.14;       0.9325
      1135;        567.5;       ;      0.03;          ;     248.20;    0.050697;      -65.086190;      -65.035493;      -65.080011;      0.36;      570.08;       0.9337
      1136;        568.0;       ;      0.03;          ;     265.02;    0.054132;      -65.089263;      -65.035131;      -65.080123;      0.08;      466.19;       0.9352
      1137;        568.5;       ;      0.03;          ;     276.19;    0.056415;      -65.092162;      -65.035747;      -65.080232;     -0.18;      361.31;       0.9370
      1138;        569.0;       ;      0.03;          ;     285.06;    0.058226;      -65.093312;      -65.035087;      -65.080272;     -0.28;      267.19;       0.9390
      1139;        569.5;       ;      0.03;          ;     280.97;    0.057390;      -65.092186;      -65.034796;      -65.080222;     -0.16;      192.78;       0.9413
      1140;        570.0;       ;      0.03;          ;     274.07;    0.055981;      -65.089547;      -65.033566;      -65.080121;      0.09;      147.12;       0.9437
      1141;        570.5;       ;      0.02;          ;     256.72;    0.052437;      -65.086903;      -65.034466;      -65.080032;      0.30;      134.55;       0.9462
      1142;        571.0;       ;      0.03;          ;     250.91;    0.051250;      -65.085728;      -65.034478;      -65.079994;      0.40;      156.11;       0.9486
      1143;        571.5;       ;      0.02;          ;     251.71;    0.051414;      -65.086703;      -65.035290;      -65.080008;      0.36;      206.14;       0.9508
      1144;        572.0;       ;      0.02;          ;     266.07;    0.054348;      -65.089643;      -65.035295;      -65.080069;      0.22;      275.32;       0.9529
      1145;        572.5;       ;      0.03;          ;     283.28;    0.057863;      -65.093589;      -65.035726;      -65.080162;     -0.01;      352.73;       0.9548
      1146;        573.0;       ;      0.03;          ;     299.70;    0.061216;      -65.097028;      -65.035812;      -65.080238;     -0.20;      427.24;       0.9564
      1147;        573.5;       ;      0.02;          ;     306.50;    0.062606;      -65.098695;      -65.036088;      -65.080258;     -0.25;      489.58;       0.9579
      1148;        574.0;       ;      0.02;          ;     308.15;    0.062942;      -65.098138;      -65.035196;      -65.080225;     -0.17;      532.68;       0.9592
      1149;        574.5;       ;      0.03;          ;     295.42;    0.060343;      -65.095723;      -65.035380;      -65.080158;     -0.00;      552.24;       0.9605
      1150;        575.0;       ;      0.03;          ;     284.09;    0.058029;      -65.092395;      -65.034366;      -65.080079;      0.19;      546.44;       0.9618
      1151;        575.5;       ;      0.03;          ;     264.98;    0.054125;      -65.089291;      -65.035167;      -65.080010;      0.36;      515.57;       0.9632
      1152;        576.0;       ;      0.03;          ;     249.64;    0.050992;      -65.087530;      -65.036538;      -65.079977;      0.44;      463.51;       0.9648
      1153;        576.5;       ;      0.03;          ;     253.90;    0.051861;      -65.087676;      -65.035816;      -65.080003;      0.38;      414.37;       0.9664
      1154;        577.0;       ;      0.03;          ;     267.10;    0.054557;      -65.089389;      -65.034832;      -65.080073;      0.20;      353.73;       0.9683
      1155;        577.5;       ;      0.03;          ;     276.63;    0.056504;      -65.091601;      -65.035098;      -65.080146;      0.02;      287.52;       0.9704
      1156;        578.0;       ;      0.03;          ;     290.52;    0.059341;      -65.093190;      -65.033849;      -65.080182;     -0.06;      224.65;       0.9727
      1157;        578.5;       ;      0.03;          ;     292.25;    0.059695;      -65.093604;      -65.033909;      -65.080171;     -0.04;      172.65;       0.9751
      1158;        579.0;       ;      0.03;          ;     290.28;    0.059293;      -65.092974;      -65.033681;      -65.080137;      0.05;      140.43;       0.9776
      1159;        579.5;       ;      0.03;          ;     280.94;    0.057384;      -65.091859;      -65.034475;      -65.080117;      0.10;      133.53;       0.9801
      1160;        580.0;       ;      0.03;          ;     270.24;    0.055198;      -65.090681;      -65.035483;      -65.080125;      0.08;      153.99;       0.9826
      1161;        580.5;       ;      0.03;          ;     262.08;    0.053532;      -65.089537;      -65.036005;      -65.080131;      0.06;      200.26;       0.9850
      1162;        581.0;       ;      0.03;          ;     261.53;    0.053420;      -65.088549;      -65.035130;      -65.080100;      0.14;      329.20;       0.9870
      1163;        581.5;       ;      0.03;          ;     261.42;    0.053398;      -65.088211;      -65.034813;      -65.080051;      0.26;      480.24;       0.9885
      1164;        582.0;       ;      0.03;          ;     260.86;    0.053282;      -65.089155;      -65.035872;      -65.080040;      0.28;      658.46;       0.9895
      1165;        582.5;       ;      0.03;          ;     268.69;    0.054883;      -65.091436;      -65.036552;      -65.080090;      0.16;      804.26;       0.9901
      1166;        583.0;       ;      0.03;          ;     278.99;    0.056987;      -65.094247;      -65.037260;      -65.080163;     -0.02;      909.87;       0.9904
      1167;        583.5;       ;      0.03;          ;     292.28;    0.059701;      -65.096396;      -65.036695;      -65.080208;     -0.13;      971.28;       0.9904
      1168;        584.0;       ;      0.03;          ;     293.06;    0.059860;      -65.097093;      -65.037233;      -65.080194;     -0.09;      988.94;       0.9905
      1169;        584.5;       ;      0.03;          ;     286.66;    0.058554;      -65.096421;      -65.037867;      -65.080130;      0.07;      966.20;       0.9906
      1170;        585.0;       ;      0.02;          ;     283.08;    0.057821;      -65.095308;      -65.037487;      -65.080058;      0.24;      909.97;       0.9908
      1171;        585.5;       ;      0.03;          ;     278.96;    0.056980;      -65.094819;      -65.037839;      -65.080020;      0.33;      829.04;       0.9914
      1172;        586.0;       ;      0.02;          ;     281.53;    0.057506;      -65.095541;      -65.038035;      -65.080036;      0.29;      735.32;       0.9921
      1173;        586.5;       ;      0.02;          ;     295.81;    0.060421;      -65.097284;      -65.036863;      -65.080091;      0.16;      645.96;       0.9932
      1174;        587.0;       ;      0.03;          ;     302.68;    0.061826;      -65.099274;      -65.037448;      -65.080146;      0.03;      586.52;       0.9944
      1175;        587.5;       ;      0.02;          ;     306.54;    0.062614;      -65.100670;      -65.038057;      -65.080173;     -0.04;      546.27;       0.9958
      1176;        588.0;       ;      0.02;          ;     311.84;    0.063696;      -65.101139;      -65.037443;      -65.080172;     -0.04;      534.14;       0.9972
      1177;        588.5;       ;      0.03;          ;     312.92;    0.063917;      -65.100731;      -65.036814;      -65.080162;     -0.01;      555.11;       0.9985
      1178;        589.0;       ;      0.03;          ;     304.39;    0.062175;      -65.099628;      -65.037452;      -65.080151;      0.01;      609.87;       0.9997
      1179;        589.5;       ;      0.03;          ;     302.51;    0.061790;      -65.098108;      -65.036318;      -65.080132;      0.06;      693.35;       1.0006
      1180;        590.0;       ;      0.02;          ;     294.61;    0.060176;      -65.096511;      -65.036335;      -65.080095;      0.15;      796.88;       1.0012
      1181;        590.5;       ;      0.03;          ;     291.61;    0.059565;      -65.095405;      -65.035840;      -65.080057;      0.24;      907.49;       1.0015
      1182;        591.0;       ;      0.03;          ;     291.77;    0.059596;      -65.095313;      -65.035717;      -65.080059;      0.24;     1024.22;       1.0014
      1183;        591.5;       ;      0.03;          ;     297.80;    0.060829;      -65.096116;      -65.035287;      -65.080118;      0.09;     1174.94;       1.0010
      1184;        592.0;       ;      0.02;          ;     299.81;    0.061238;      -65.096827;      -65.035589;      -65.080191;     -0.08;     1290.99;       1.0003
      1185;        592.5;       ;      0.02;          ;     294.44;    0.060141;      -65.096270;      -65.036129;      -65.080211;     -0.13;     1363.38;       0.9995
      1186;        593.0;       ;      0.03;          ;     285.09;    0.058233;      -65.094093;      -65.035860;      -65.080156;      0.00;     1386.74;       0.9986
      1187;        593.5;       ;      0.03;          ;     273.45;    0.055855;      -65.091047;      -65.035191;      -65.080057;      0.24;     1360.11;       0.9979
      1188;        594.0;       ;      0.03;          ;     259.95;    0.053097;      -65.088528;      -65.035431;      -65.079976;      0.44;     1286.28;       0.9972
      1189;        594.5;       ;      0.02;          ;     255.40;    0.052168;      -65.087760;      -65.035592;      -65.079960;      0.48;     1173.14;       0.9967
      1190;        595.0;       ;      0.03;          ;     264.36;    0.053997;      -65.089044;      -65.035047;      -65.080009;      0.36;     1032.85;       0.9967
      1191;        595.5;       ;      0.03;          ;     277.42;    0.056666;      -65.091699;      -65.035033;      -65.080089;      0.16;      881.32;       0.9970
      1192;        596.0;       ;      0.03;          ;     290.81;    0.059400;      -65.094560;      -65.035159;      -65.080151;      0.01;      738.60;       0.9978
      1193;        596.5;       ;      0.03;          ;     298.45;    0.060962;      -65.096728;      -65.035767;      -65.080167;     -0.03;      621.95;       0.9989
      1194;        597.0;       ;      0.03;          ;     306.55;    0.062616;      -65.097998;      -65.035382;      -65.080143;      0.03;      612.67;       1.0001
      1195;        597.5;       ;      0.02;          ;     314.38;    0.064215;      -65.098732;      -65.034517;      -65.080118;      0.09;      642.31;       1.0012
      1196;        598.0;       ;      0.03;          ;     316.63;    0.064674;      -65.099267;      -65.034593;      -65.080126;      0.07;      682.65;       1.0021
      1197;        598.5;       ;      0.03;          ;     320.86;    0.065539;      -65.099502;      -65.033963;      -65.080161;     -0.01;      732.34;       1.0029
      1198;        599.0;       ;      0.03;          ;     314.48;    0.064236;      -65.099002;      -65.034767;      -65.080173;     -0.04;      789.05;       1.0035
      1199;        599.5;       ;      0.03;          ;     311.02;    0.063528;      -65.097693;      -65.034165;      -65.080127;      0.07;      914.65;       1.0038
      1200;        600.0;       ;      0.02;          ;     307.90;    0.062891;      -65.096274;      -65.033383;      -65.080048;      0.26;     1088.34;       1.0036
      1201;        600.5;       ;      0.02;          ;     306.33;    0.062571;      -65.095767;      -65.033196;      -65.080009;      0.36;     1248.09;       1.0030
      1202;        601.0;       ;      0.02;          ;     310.18;    0.063356;      -65.096623;      -65.033267;      -65.080040;      0.29;     1379.62;       1.0021
      1203;        601.5;       ;      0.03;          ;     316.67;    0.064682;      -65.098269;      -65.033586;      -65.080110;      0.11;     1471.65;       1.0012
      1204;        602.0;       ;      0.03;          ;     321.94;    0.065760;      -65.099541;      -65.033782;      -65.080167;     -0.03;     1516.29;       1.0001
      1205;        602.5;       ;      0.03;          ;     324.31;    0.066243;      -65.099486;      -65.033243;      -65.080180;     -0.06;     1510.07;       0.9991
      1206;        603.0;       ;      0.02;          ;     311.89;    0.063706;      -65.097808;      -65.034102;      -65.080148;      0.02;     1453.97;       0.9982
      1207;        603.5;       ;      0.03;          ;     301.20;    0.061524;      -65.095005;      -65.033481;      -65.080094;      0.15;     1353.70;       0.9974
      1208;        604.0;       ;      0.03;          ;     293.02;    0.059851;      -65.091936;      -65.032084;      -65.080044;      0.28;     1218.58;       0.9969
      1209;        604.5;       ;      0.03;          ;     277.98;    0.056780;      -65.089378;      -65.032598;      -65.080015;      0.35;     1108.83;       0.9966
      1210;        605.0;       ;      0.03;          ;     278.19;    0.056823;      -65.087898;      -65.031075;      -65.080012;      0.35;     1023.05;       0.9965
      1211;        605.5;       ;      0.02;          ;     284.80;    0.058173;      -65.087607;      -65.029435;      -65.080026;      0.32;      940.07;       0.9967
      1212;        606.0;       ;      0.03;          ;     290.96;    0.059432;      -65.088305;      -65.028874;      -65.080043;      0.28;      870.47;       0.9971
      1213;        606.5;       ;      0.03;          ;     298.67;    0.061005;      -65.089740;      -65.028734;      -65.080053;      0.25;      823.95;       0.9976
      1214;        607.0;       ;      0.03;          ;     313.30;    0.063994;      -65.091731;      -65.027737;      -65.080072;      0.21;      811.23;       0.9982
      1215;        607.5;       ;      0.03;          ;     319.22;    0.065204;      -65.093943;      -65.028739;      -65.080116;      0.10;      831.99;       0.9987
      1216;        608.0;       ;      0.03;          ;     330.08;    0.067421;      -65.095682;      -65.028260;      -65.080169;     -0.03;      867.26;       0.9991
      1217;        608.5;       ;      0.03;          ;     338.30;    0.069100;      -65.096220;      -65.027120;      -65.080182;     -0.06;      935.71;       0.9993
      1218;        609.0;       ;      0.03;          ;     333.20;    0.068059;      -65.095324;      -65.027265;      -65.080119;      0.09;     1016.26;       0.9992
      1219;        609.5;       ;      0.03;          ;     323.99;    0.066178;      -65.093875;      -65.027697;      -65.080017;      0.34;     1095.47;       0.9990
      1220;        610.0;       ;      0.03;          ;     318.14;    0.064984;      -65.093333;      -65.028349;      -65.079964;      0.47;     1181.37;       0.9985
      1221;        610.5;       ;      0.03;          ;     326.64;    0.066718;      -65.094436;      -65.027718;      -65.080003;      0.38;     1260.30;       0.9979
      1222;        611.0;       ;      0.03;          ;     335.50;    0.068530;      -65.096538;      -65.028008;      -65.080093;      0.16;     1289.81;       0.9972
      1223;        611.5;       ;      0.03;          ;     344.06;    0.070278;      -65.098212;      -65.027934;      -65.080153;      0.01;     1265.70;       0.9966
      1224;        612.0;       ;      0.03;          ;     337.82;    0.069003;      -65.098498;      -65.029495;      -65.080140;      0.04;     1188.81;       0.9961
      1225;        612.5;       ;      0.03;          ;     335.12;    0.068451;      -65.097567;      -65.029115;      -65.080075;      0.20;     1112.18;       0.9958
      1226;        613.0;       ;      0.03;          ;     333.59;    0.068139;      -65.096383;      -65.028244;      -65.080013;      0.35;     1049.10;       0.9957
      1227;        613.5;       ;      0.03;          ;     337.92;    0.069022;      -65.095817;      -65.026795;      -65.080006;      0.37;      963.06;       0.9958
      1228;        614.0;       ;      0.03;          ;     333.33;    0.068085;      -65.095978;      -65.027892;      -65.080058;      0.24;      861.31;       0.9962
      1229;        614.5;       ;      0.02;          ;     338.47;    0.069136;      -65.096191;      -65.027055;      -65.080127;      0.07;      755.28;       0.9969
      1230;        615.0;       ;      0.03;          ;     336.24;    0.068681;      -65.095581;      -65.026900;      -65.080154;      0.01;      654.03;       0.9980
      1231;        615.5;       ;      0.02;          ;     324.55;    0.066293;      -65.093863;      -65.027570;      -65.080108;      0.12;      603.27;       0.9991
      1232;        616.0;       ;      0.02;          ;     315.48;    0.064440;      -65.091840;      -65.027400;      -65.080027;      0.32;      579.41;       1.0004
      1233;        616.5;       ;      0.02;          ;     309.36;    0.063189;      -65.090795;      -65.027606;      -65.079983;      0.42;      624.47;       1.0015
      1234;        617.0;       ;      0.03;          ;     313.19;    0.063973;      -65.091418;      -65.027445;      -65.080029;      0.31;      698.46;       1.0024
      1235;        617.5;       ;      0.03;          ;     317.83;    0.064919;      -65.093053;      -65.028133;      -65.080141;      0.04;      766.52;       1.0031
      1236;        618.0;       ;      0.03;          ;     316.17;    0.064581;      -65.094112;      -65.029531;      -65.080218;     -0.15;      832.54;       1.0036
      1237;        618.5;       ;      0.03;          ;     319.00;    0.065159;      -65.093576;      -65.028417;      -65.080186;     -0.07;      933.81;       1.0038
      1238;        619.0;       ;      0.03;          ;     310.49;    0.063420;      -65.091904;      -65.028484;      -65.080067;      0.22;     1017.76;       1.0038
      1239;        619.5;       ;      0.03;          ;     309.40;    0.063197;      -65.090706;      -65.027509;      -65.079978;      0.44;     1075.69;       1.0036
      1240;        620.0;       ;      0.03;          ;     312.10;    0.063749;      -65.091173;      -65.027424;      -65.079996;      0.39;     1104.28;       1.0033
      1241;        620.5;       ;      0.03;          ;     318.48;    0.065053;      -65.092955;      -65.027901;      -65.080087;      0.17;     1103.06;       1.0030
      1242;        621.0;       ;      0.03;          ;     320.30;    0.065424;      -65.094654;      -65.029230;      -65.080159;     -0.01;     1075.54;       1.0028
      1243;        621.5;       ;      0.02;          ;     318.00;    0.064955;      -65.095173;      -65.030218;      -65.080160;     -0.01;     1028.97;       1.0027
      1244;        622.0;       ;      0.03;          ;     308.17;    0.062946;      -65.094481;      -65.031535;      -65.080111;      0.11;      973.06;       1.0028
      1245;        622.5;       ;      0.03;          ;     301.29;    0.061542;      -65.093329;      -65.031787;      -65.080062;      0.23;      918.96;       1.0030
      1246;        623.0;       ;      0.03;          ;     292.98;    0.059843;      -65.092480;      -65.032636;      -65.080048;      0.27;      876.21;       1.0034
      1247;        623.5;       ;      0.02;          ;     290.93;    0.059425;      -65.092231;      -65.032806;      -65.080062;      0.23;      853.07;       1.0039
      1248;        624.0;       ;      0.03;          ;     292.73;    0.059792;      -65.092469;      -65.032677;      -65.080075;      0.20;      854.82;       1.0043
      1249;        624.5;       ;      0.02;          ;     301.98;    0.061681;      -65.093052;      -65.031371;      -65.080067;      0.22;      914.19;       1.0046
      1250;        625.0;       ;      0.03;          ;     305.57;    0.062415;      -65.094063;      -65.031649;      -65.080050;      0.26;     1009.98;       1.0045
      1251;        625.5;       ;      0.03;          ;     313.95;    0.064127;      -65.095675;      -65.031547;      -65.080059;      0.24;     1111.02;       1.0042
      1252;        626.0;       ;      0.02;          ;     319.28;    0.065216;      -65.097717;      -65.032502;      -65.080114;      0.10;     1211.47;       1.0037
      1253;        626.5;       ;      0.03;          ;     326.19;    0.066628;      -65.099350;      -65.032722;      -65.080198;     -0.10;     1304.84;       1.0030
      1254;        627.0;       ;      0.03;          ;     322.38;    0.065849;      -65.099400;      -65.033551;      -65.080254;     -0.24;     1386.31;       1.0022
      1255;        627.5;       ;      0.02;          ;     316.27;    0.064601;      -65.097146;      -65.032545;      -65.080229;     -0.18;     1462.00;       1.0012
      1256;        628.0;       ;      0.02;          ;     295.59;    0.060378;      -65.093007;      -65.032629;      -65.080113;      0.11;     1558.43;       1.0001
      1257;        628.5;       ;      0.03;          ;     274.28;    0.056023;      -65.088743;      -65.032719;      -65.079973;      0.45;     1626.60;       0.9990
      1258;        629.0;       ;      0.03;          ;     263.63;    0.053848;      -65.086442;      -65.032594;      -65.079911;      0.60;     1660.26;       0.9978
      1259;        629.5;       ;      0.02;          ;     267.32;    0.054602;      -65.086998;      -65.032396;      -65.079972;      0.45;     1657.27;       0.9966
      1260;        630.0;       ;      0.03;          ;     280.39;    0.057273;      -65.089463;      -65.032190;      -65.080098;      0.14;     1619.47;       0.9955
      1261;        630.5;       ;      0.03;          ;     289.35;    0.059103;      -65.091894;      -65.032791;      -65.080185;     -0.07;     1552.64;       0.9944
      1262;        631.0;       ;      0.03;          ;     295.06;    0.060270;      -65.092860;      -65.032590;      -65.080189;     -0.08;     1466.25;       0.9935
      1263;        631.5;       ;      0.03;          ;     292.32;    0.059710;      -65.092187;      -65.032477;      -65.080138;      0.05;     1371.14;       0.9927
      1264;        632.0;       ;      0.03;          ;     286.01;    0.058420;      -65.090534;      -65.032114;      -65.080086;      0.17;     1278.75;       0.9920
      1265;        632.5;       ;      0.03;          ;     277.89;    0.056762;      -65.088636;      -65.031874;      -65.080059;      0.24;     1263.03;       0.9914
      1266;        633.0;       ;      0.03;          ;     268.89;    0.054923;      -65.086897;      -65.031974;      -65.080046;      0.27;     1277.31;       0.9907
      1267;        633.5;       ;      0.03;          ;     257.99;    0.052696;      -65.085549;      -65.032852;      -65.080023;      0.33;     1307.85;       0.9900
      1268;        634.0;       ;      0.03;          ;     255.50;    0.052189;      -65.085001;      -65.032812;      -65.079985;      0.42;     1348.92;       0.9893
      1269;        634.5;       ;      0.02;          ;     255.60;    0.052208;      -65.085837;      -65.033629;      -65.079954;      0.50;     1394.77;       0.9884
      1270;        635.0;       ;      0.02;          ;     273.20;    0.055803;      -65.088488;      -65.032685;      -65.079963;      0.47;     1438.60;       0.9875
      1271;        635.5;       ;      0.03;          ;     286.16;    0.058451;      -65.092814;      -65.034363;      -65.080025;      0.32;     1475.47;       0.9866
      1272;        636.0;       ;      0.03;          ;     307.32;    0.062772;      -65.097767;      -65.034995;      -65.080126;      0.07;     1498.86;       0.9856
      1273;        636.5;       ;      0.03;          ;     328.09;    0.067014;      -65.101928;      -65.034914;      -65.080230;     -0.18;     1504.86;       0.9846
      1274;        637.0;       ;      0.03;          ;     338.95;    0.069234;      -65.103810;      -65.034576;      -65.080289;     -0.32;     1490.52;       0.9836
      1275;        637.5;       ;      0.03;          ;     331.46;    0.067704;      -65.102631;      -65.034927;      -65.080258;     -0.25;     1454.44;       0.9827
      1276;        638.0;       ;      0.03;          ;     313.78;    0.064093;      -65.099034;      -65.034941;      -65.080141;      0.04;     1397.53;       0.9819
      1277;        638.5;       ;      0.03;          ;     291.02;    0.059443;      -65.094941;      -65.035498;      -65.080011;      0.36;     1323.01;       0.9812
      1278;        639.0;       ;      0.02;          ;     278.05;    0.056795;      -65.092451;      -65.035656;      -65.079956;      0.49;     1236.98;       0.9806
      1279;        639.5;       ;      0.03;          ;     281.06;    0.057408;      -65.092498;      -65.035089;      -65.079995;      0.40;     1147.04;       0.9802
      1280;        640.0;       ;      0.03;          ;     282.41;    0.057685;      -65.094560;      -65.036875;      -65.080075;      0.20;     1062.40;       0.9800
      1281;        640.5;       ;      0.03;          ;     306.29;    0.062564;      -65.097407;      -65.034843;      -65.080148;      0.02;     1012.19;       0.9800
      1282;        641.0;       ;      0.04;          ;     314.21;    0.064179;      -65.099894;      -65.035714;      -65.080198;     -0.10;      984.71;       0.9801
      1283;        641.5;       ;      0.02;          ;     317.66;    0.064885;      -65.101004;      -65.036118;      -65.080226;     -0.17;      982.18;       0.9801
      1284;        642.0;       ;      0.03;          ;     309.57;    0.063232;      -65.100264;      -65.037032;      -65.080222;     -0.16;     1001.71;       0.9801
      1285;        642.5;       ;      0.03;          ;     300.91;    0.061463;      -65.097731;      -65.036268;      -65.080174;     -0.04;     1037.07;       0.9800
      1286;        643.0;       ;      0.03;          ;     288.88;    0.059006;      -65.094089;      -65.035083;      -65.080084;      0.18;     1080.93;       0.9798
      1287;        643.5;       ;      0.03;          ;     276.44;    0.056465;      -65.090619;      -65.034154;      -65.079983;      0.43;     1125.50;       0.9794
      1288;        644.0;       ;      0.03;          ;     264.55;    0.054037;      -65.088796;      -65.034759;      -65.079920;      0.58;     1163.57;       0.9790
      1289;        644.5;       ;      0.03;          ;     275.02;    0.056176;      -65.089570;      -65.033395;      -65.079932;      0.55;     1189.02;       0.9786
      1290;        645.0;       ;      0.03;          ;     290.57;    0.059352;      -65.092766;      -65.033414;      -65.080013;      0.35;     1198.60;       0.9781
      1291;        645.5;       ;      0.02;          ;     313.55;    0.064045;      -65.097086;      -65.033042;      -65.080126;      0.07;     1190.10;       0.9776
      1292;        646.0;       ;      0.03;          ;     332.89;    0.067996;      -65.100812;      -65.032816;      -65.080223;     -0.16;     1163.30;       0.9772
      1293;        646.5;       ;      0.03;          ;     337.35;    0.068908;      -65.102472;      -65.033564;      -65.080258;     -0.25;     1119.81;       0.9769
      1294;        647.0;       ;      0.03;          ;     332.85;    0.067987;      -65.101625;      -65.033638;      -65.080208;     -0.13;     1088.37;       0.9767
      1295;        647.5;       ;      0.03;          ;     317.41;    0.064834;      -65.099155;      -65.034321;      -65.080096;      0.15;     1055.56;       0.9765
      1296;        648.0;       ;      0.03;          ;     306.11;    0.062526;      -65.096864;      -65.034338;      -65.079995;      0.39;     1014.26;       0.9765
      1297;        648.5;       ;      0.03;          ;     306.54;    0.062614;      -65.096324;      -65.033709;      -65.079982;      0.43;      970.72;       0.9765
      1298;        649.0;       ;      0.03;          ;     314.62;    0.064264;      -65.097781;      -65.033517;      -65.080058;      0.24;      932.12;       0.9767
      1299;        649.5;       ;      0.03;          ;     320.97;    0.065561;      -65.100129;      -65.034568;      -65.080157;     -0.00;      905.63;       0.9770
      1300;        650.0;       ;      0.03;          ;     332.10;    0.067834;      -65.101875;      -65.034040;      -65.080218;     -0.15;      896.69;       0.9773
      1301;        650.5;       ;      0.03;          ;     334.81;    0.068388;      -65.102060;      -65.033672;      -65.080225;     -0.17;      907.32;       0.9776
      1302;        651.0;       ;      0.02;          ;     335.28;    0.068485;      -65.100468;      -65.031983;      -65.080187;     -0.07;      936.43;       0.9778
      1303;        651.5;       ;      0.02;          ;     318.19;    0.064994;      -65.097511;      -65.032517;      -65.080125;      0.08;      980.59;       0.9778
      1304;        652.0;       ;      0.03;          ;     308.54;    0.063022;      -65.094111;      -65.031089;      -65.080055;      0.25;     1033.87;       0.9777
      1305;        652.5;       ;      0.02;          ;     298.78;    0.061028;      -65.091240;      -65.030212;      -65.079991;      0.40;     1091.56;       0.9775
      1306;        653.0;       ;      0.02;          ;     285.12;    0.058238;      -65.089788;      -65.031549;      -65.079953;      0.50;     1148.32;       0.9771
      1307;        653.5;       ;      0.02;          ;     282.09;    0.057620;      -65.090315;      -65.032695;      -65.079960;      0.48;     1198.28;       0.9766
      1308;        654.0;       ;      0.03;          ;     296.49;    0.060561;      -65.092699;      -65.032139;      -65.080013;      0.35;     1237.16;       0.9761
      1309;        654.5;       ;      0.03;          ;     309.04;    0.063124;      -65.096121;      -65.032997;      -65.080089;      0.17;     1261.59;       0.9755
      1310;        655.0;       ;      0.02;          ;     322.87;    0.065949;      -65.099335;      -65.033387;      -65.080163;     -0.02;     1267.69;       0.9748
      1311;        655.5;       ;      0.03;          ;     332.14;    0.067843;      -65.101233;      -65.033390;      -65.080221;     -0.16;     1253.36;       0.9743
      1312;        656.0;       ;      0.03;          ;     328.17;    0.067032;      -65.100997;      -65.033965;      -65.080242;     -0.21;     1218.10;       0.9737
      1313;        656.5;       ;      0.02;          ;     322.24;    0.065822;      -65.098481;      -65.032659;      -65.080199;     -0.10;     1163.66;       0.9733
      1314;        657.0;       ;      0.03;          ;     303.10;    0.061910;      -65.094452;      -65.032542;      -65.080089;      0.17;     1093.33;       0.9731
      1315;        657.5;       ;      0.02;          ;     286.75;    0.058572;      -65.090717;      -65.032146;      -65.079960;      0.48;     1013.70;       0.9730
      1316;        658.0;       ;      0.02;          ;     284.39;    0.058089;      -65.089302;      -65.031213;      -65.079892;      0.65;      932.09;       0.9732
      1317;        658.5;       ;      0.03;          ;     298.40;    0.060951;      -65.091240;      -65.030289;      -65.079929;      0.56;      855.45;       0.9737
      1318;        659.0;       ;      0.03;          ;     324.11;    0.066202;      -65.095947;      -65.029745;      -65.080044;      0.27;      789.31;       0.9743
      1319;        659.5;       ;      0.02;          ;     351.10;    0.071716;      -65.101579;      -65.029862;      -65.080178;     -0.05;      736.98;       0.9750
      1320;        660.0;       ;      0.03;          ;     368.89;    0.075350;      -65.105954;      -65.030603;      -65.080280;     -0.30;      699.08;       0.9759
      1321;        660.5;       ;      0.03;          ;     372.34;    0.076055;      -65.107428;      -65.031373;      -65.080318;     -0.39;      673.97;       0.9769
      1322;        661.0;       ;      0.02;          ;     369.09;    0.075391;      -65.105461;      -65.030070;      -65.080272;     -0.28;      658.72;       0.9779
      1323;        661.5;       ;      0.02;          ;     348.47;    0.071179;      -65.100728;      -65.029549;      -65.080151;      0.01;      649.81;       0.9789
      1324;        662.0;       ;      0.03;          ;     323.13;    0.066003;      -65.095072;      -65.029069;      -65.080002;      0.38;      644.48;       0.9799
      1325;        662.5;       ;      0.03;          ;     304.07;    0.062110;      -65.090787;      -65.028677;      -65.079896;      0.64;      639.82;       0.9810
      1326;        663.0;       ;      0.03;          ;     298.68;    0.061008;      -65.089505;      -65.028497;      -65.079887;      0.66;      632.73;       0.9821
      1327;        663.5;       ;      0.03;          ;     303.69;    0.062032;      -65.091424;      -65.029392;      -65.079965;      0.47;      619.96;       0.9832
      1328;        664.0;       ;      0.03;          ;     319.39;    0.065238;      -65.095390;      -65.030152;      -65.080080;      0.19;      599.74;       0.9844
      1329;        664.5;       ;      0.03;          ;     344.54;    0.070376;      -65.099700;      -65.029324;      -65.080183;     -0.07;      592.07;       0.9856
      1330;        665.0;       ;      0.03;          ;     352.59;    0.072019;      -65.102767;      -65.030748;      -65.080257;     -0.25;      558.08;       0.9869
      1331;        665.5;       ;      0.03;          ;     362.02;    0.073945;      -65.103438;      -65.029493;      -65.080282;     -0.31;      502.88;       0.9884
      1332;        666.0;       ;      0.03;          ;     352.58;    0.072018;      -65.101400;      -65.029382;      -65.080234;     -0.19;      533.19;       0.9897
      1333;        666.5;       ;      0.03;          ;     332.51;    0.067919;      -65.097407;      -65.029488;      -65.080113;      0.11;      562.39;       0.9910
      1334;        667.0;       ;      0.03;          ;     313.77;    0.064090;      -65.093334;      -65.029244;      -65.079979;      0.43;      582.18;       0.9923
      1335;        667.5;       ;      0.03;          ;     299.15;    0.061104;      -65.091199;      -65.030095;      -65.079915;      0.59;      599.25;       0.9935
      1336;        668.0;       ;      0.03;          ;     298.79;    0.061030;      -65.091974;      -65.030944;      -65.079959;      0.48;      621.02;       0.9946
      1337;        668.5;       ;      0.03;          ;     309.34;    0.063185;      -65.095004;      -65.031819;      -65.080073;      0.21;      654.20;       0.9956
      1338;        669.0;       ;      0.03;          ;     328.35;    0.067069;      -65.098552;      -65.031483;      -65.080184;     -0.07;      703.67;       0.9965
      1339;        669.5;       ;      0.03;          ;     335.17;    0.068462;      -65.100886;      -65.032425;      -65.080234;     -0.19;      771.95;       0.9972
      1340;        670.0;       ;      0.03;          ;     331.17;    0.067644;      -65.101127;      -65.033483;      -65.080206;     -0.12;      857.89;       0.9976
      1341;        670.5;       ;      0.03;          ;     325.09;    0.066402;      -65.099683;      -65.033281;      -65.080123;      0.08;      958.20;       0.9978
      1342;        671.0;       ;      0.03;          ;     311.62;    0.063651;      -65.097749;      -65.034099;      -65.080034;      0.30;     1068.87;       0.9976
      1343;        671.5;       ;      0.03;          ;     303.83;    0.062060;      -65.096637;      -65.034577;      -65.079988;      0.41;     1183.25;       0.9971
      1344;        672.0;       ;      0.03;          ;     312.61;    0.063853;      -65.097028;      -65.033175;      -65.080005;      0.37;     1296.09;       0.9964
      1345;        672.5;       ;      0.03;          ;     318.04;    0.064962;      -65.098633;      -65.033671;      -65.080064;      0.23;     1408.78;       0.9956
      1346;        673.0;       ;      0.03;          ;     323.07;    0.065990;      -65.100529;      -65.034539;      -65.080115;      0.10;     1523.08;       0.9945
      1347;        673.5;       ;      0.03;          ;     328.27;    0.067053;      -65.101949;      -65.034896;      -65.080131;      0.06;     1597.34;       0.9934
      1348;        674.0;       ;      0.02;          ;     333.78;    0.068178;      -65.102649;      -65.034471;      -65.080125;      0.08;     1629.45;       0.9923
      1349;        674.5;       ;      0.02;          ;     331.71;    0.067754;      -65.102693;      -65.034938;      -65.080130;      0.06;     1640.31;       0.9911
      1350;        675.0;       ;      0.03;          ;     331.90;    0.067793;      -65.102054;      -65.034261;      -65.080153;      0.01;     1636.85;       0.9899
      1351;        675.5;       ;      0.03;          ;     320.90;    0.065548;      -65.100508;      -65.034960;      -65.080155;      0.00;     1609.32;       0.9888
      1352;        676.0;       ;      0.03;          ;     307.94;    0.062900;      -65.098209;      -65.035309;      -65.080100;      0.14;     1562.80;       0.9878
      1353;        676.5;       ;      0.03;          ;     291.85;    0.059613;      -65.096121;      -65.036508;      -65.080015;      0.35;     1504.56;       0.9868
      1354;        677.0;       ;      0.03;          ;     283.58;    0.057924;      -65.095578;      -65.037654;      -65.079976;      0.44;     1443.56;       0.9859
      1355;        677.5;       ;      0.03;          ;     288.79;    0.058988;      -65.097180;      -65.038192;      -65.080028;      0.31;     1388.40;       0.9850
      1356;        678.0;       ;      0.03;          ;     298.66;    0.061004;      -65.100137;      -65.039133;      -65.080146;      0.03;     1345.92;       0.9843
      1357;        678.5;       ;      0.03;          ;     301.20;    0.061523;      -65.102631;      -65.041108;      -65.080260;     -0.25;     1320.45;       0.9836
      1358;        679.0;       ;      0.03;          ;     307.22;    0.062753;      -65.102960;      -65.040208;      -65.080305;     -0.36;     1313.02;       0.9829
      1359;        679.5;       ;      0.03;          ;     301.64;    0.061612;      -65.100420;      -65.038808;      -65.080253;     -0.24;     1321.91;       0.9821
      1360;        680.0;       ;      0.03;          ;     269.13;    0.054972;      -65.095599;      -65.040628;      -65.080125;      0.08;     1343.37;       0.9814
      1361;        680.5;       ;      0.04;          ;     242.46;    0.049526;      -65.090525;      -65.040999;      -65.079984;      0.42;     1371.03;       0.9806
      1362;        681.0;       ;      0.03;          ;     223.68;    0.045688;      -65.087329;      -65.041641;      -65.079893;      0.65;     1419.35;       0.9797
      1363;        681.5;       ;      0.03;          ;     227.53;    0.046475;      -65.087404;      -65.040929;      -65.079888;      0.66;     1466.67;       0.9788
      1364;        682.0;       ;      0.03;          ;     240.32;    0.049087;      -65.090804;      -65.041717;      -65.079965;      0.47;     1484.84;       0.9778
      1365;        682.5;       ;      0.03;          ;     261.56;    0.053425;      -65.096311;      -65.042885;      -65.080083;      0.18;     1467.20;       0.9769
      1366;        683.0;       ;      0.03;          ;     282.66;    0.057735;      -65.102146;      -65.044411;      -65.080199;     -0.10;     1411.24;       0.9760
      1367;        683.5;       ;      0.03;          ;     301.69;    0.061623;      -65.106627;      -65.045004;      -65.080284;     -0.31;     1339.96;       0.9753
      1368;        684.0;       ;      0.03;          ;     311.41;    0.063608;      -65.108616;      -65.045008;      -65.080329;     -0.42;     1266.87;       0.9747
      1369;        684.5;       ;      0.02;          ;     312.25;    0.063779;      -65.107594;      -65.043815;      -65.080319;     -0.40;     1175.11;       0.9743
      1370;        685.0;       ;      0.03;          ;     291.92;    0.059627;      -65.103869;      -65.044242;      -65.080237;     -0.20;     1070.07;       0.9741
      1371;        685.5;       ;      0.03;          ;     262.94;    0.053707;      -65.098965;      -65.045257;      -65.080094;      0.15;      961.55;       0.9742
      1372;        686.0;       ;      0.03;          ;     244.48;    0.049937;      -65.095308;      -65.045371;      -65.079969;      0.46;      859.90;       0.9746
      1373;        686.5;       ;      0.03;          ;     240.43;    0.049110;      -65.094890;      -65.045780;      -65.079948;      0.51;      772.62;       0.9752
      1374;        687.0;       ;      0.03;          ;     256.26;    0.052343;      -65.098037;      -65.045694;      -65.080059;      0.24;      706.17;       0.9761
      1375;        687.5;       ;      0.02;          ;     279.35;    0.057059;      -65.103082;      -65.046023;      -65.080232;     -0.19;      663.58;       0.9771
      1376;        688.0;       ;      0.03;          ;     301.49;    0.061582;      -65.107304;      -65.045721;      -65.080367;     -0.51;      645.55;       0.9781
      1377;        688.5;       ;      0.03;          ;     302.90;    0.061870;      -65.108534;      -65.046664;      -65.080394;     -0.58;      649.78;       0.9792
      1378;        689.0;       ;      0.02;          ;     285.56;    0.058328;      -65.106215;      -65.047886;      -65.080316;     -0.39;      672.33;       0.9801
      1379;        689.5;       ;      0.02;          ;     265.26;    0.054181;      -65.101539;      -65.047357;      -65.080185;     -0.07;      707.74;       0.9810
      1380;        690.0;       ;      0.03;          ;     239.49;    0.048919;      -65.096404;      -65.047485;      -65.080066;      0.22;      751.50;       0.9817
      1381;        690.5;       ;      0.03;          ;     223.26;    0.045602;      -65.092627;      -65.047025;      -65.080004;      0.37;      836.10;       0.9822
      1382;        691.0;       ;      0.03;          ;     217.54;    0.044435;      -65.091112;      -65.046677;      -65.080010;      0.36;      895.66;       0.9825
      1383;        691.5;       ;      0.03;          ;     219.40;    0.044815;      -65.091760;      -65.046945;      -65.080061;      0.23;      924.25;       0.9827
      1384;        692.0;       ;      0.03;          ;     229.65;    0.046908;      -65.093788;      -65.046880;      -65.080123;      0.08;      919.09;       0.9830
      1385;        692.5;       ;      0.02;          ;     249.94;    0.051052;      -65.096259;      -65.045207;      -65.080173;     -0.04;      881.09;       0.9833
      1386;        693.0;       ;      0.03;          ;     251.12;    0.051294;      -65.098380;      -65.047086;      -65.080207;     -0.12;      818.83;       0.9838
      1387;        693.5;       ;      0.02;          ;     260.98;    0.053307;      -65.099620;      -65.046312;      -65.080225;     -0.17;      780.29;       0.9845
      1388;        694.0;       ;      0.03;          ;     260.99;    0.053309;      -65.099850;      -65.046541;      -65.080231;     -0.18;      731.00;       0.9853
      1389;        694.5;       ;      0.03;          ;     260.09;    0.053125;      -65.099093;      -65.045968;      -65.080211;     -0.13;      677.84;       0.9862
      1390;        695.0;       ;      0.03;          ;     256.73;    0.052440;      -65.097777;      -65.045338;      -65.080162;     -0.01;      627.53;       0.9873
      1391;        695.5;       ;      0.03;          ;     257.10;    0.052514;      -65.096734;      -65.044219;      -65.080104;      0.13;      587.11;       0.9886
      1392;        696.0;       ;      0.02;          ;     258.40;    0.052781;      -65.096832;      -65.044051;      -65.080081;      0.18;      562.07;       0.9899
      1393;        696.5;       ;      0.03;          ;     267.21;    0.054580;      -65.098412;      -65.043831;      -65.080112;      0.11;      556.26;       0.9912
      1394;        697.0;       ;      0.03;          ;     276.34;    0.056446;      -65.100977;      -65.044531;      -65.080181;     -0.06;      570.31;       0.9925
      1395;        697.5;       ;      0.02;          ;     292.48;    0.059741;      -65.103424;      -65.043683;      -65.080249;     -0.23;      602.45;       0.9936
      1396;        698.0;       ;      0.03;          ;     301.53;    0.061591;      -65.104665;      -65.043074;      -65.080275;     -0.29;      649.17;       0.9947
      1397;        698.5;       ;      0.03;          ;     293.88;    0.060027;      -65.104132;      -65.044105;      -65.080240;     -0.20;      724.94;       0.9955
      1398;        699.0;       ;      0.03;          ;     282.11;    0.057624;      -65.102271;      -65.044647;      -65.080161;     -0.01;      837.05;       0.9960
      1399;        699.5;       ;      0.03;          ;     273.94;    0.055954;      -65.100208;      -65.044254;      -65.080083;      0.18;      929.85;       0.9962
      1400;        700.0;       ;      0.02;          ;     270.34;    0.055219;      -65.099007;      -65.043787;      -65.080045;      0.27;      994.91;       0.9962
      1401;        700.5;       ;      0.03;          ;     275.91;    0.056357;      -65.099162;      -65.042805;      -65.080055;      0.25;     1025.62;       0.9961
      1402;        701.0;       ;      0.03;          ;     281.25;    0.057447;      -65.100453;      -65.043006;      -65.080097;      0.14;     1018.45;       0.9961
      1403;        701.5;       ;      0.03;          ;     284.75;    0.058162;      -65.102185;      -65.044023;      -65.080149;      0.02;      973.16;       0.9962
      1404;        702.0;       ;      0.03;          ;     289.22;    0.059075;      -65.103590;      -65.044515;      -65.080196;     -0.10;      893.86;       0.9965
      1405;        702.5;       ;      0.03;          ;     285.43;    0.058302;      -65.104067;      -65.045765;      -65.080223;     -0.16;      793.74;       0.9971
      1406;        703.0;       ;      0.03;          ;     279.94;    0.057180;      -65.103337;      -65.046157;      -65.080225;     -0.17;      730.46;       0.9979
      1407;        703.5;       ;      0.03;          ;     273.83;    0.055931;      -65.101533;      -65.045602;      -65.080199;     -0.10;      657.74;       0.9989
      1408;        704.0;       ;      0.03;          ;     266.33;    0.054400;      -65.099152;      -65.044752;      -65.080148;      0.02;      582.31;       1.0002
      1409;        704.5;       ;      0.03;          ;     252.40;    0.051556;      -65.097039;      -65.045483;      -65.080086;      0.17;      511.66;       1.0016
      1410;        705.0;       ;      0.03;          ;     241.89;    0.049408;      -65.096243;      -65.046835;      -65.080048;      0.27;      454.00;       1.0033
      1411;        705.5;       ;      0.03;          ;     252.83;    0.051642;      -65.097407;      -65.045765;      -65.080072;      0.21;      414.41;       1.0051
      1412;        706.0;       ;      0.03;          ;     260.86;    0.053283;      -65.100193;      -65.046910;      -65.080158;     -0.00;      393.28;       1.0069
      1413;        706.5;       ;      0.03;          ;     277.16;    0.056612;      -65.103224;      -65.046611;      -65.080264;     -0.26;      391.47;       1.0087
      1414;        707.0;       ;      0.03;          ;     289.52;    0.059137;      -65.104947;      -65.045810;      -65.080329;     -0.42;      406.24;       1.0105
      1415;        707.5;       ;      0.03;          ;     292.27;    0.059698;      -65.104286;      -65.044587;      -65.080315;     -0.39;      433.93;       1.0122
      1416;        708.0;       ;      0.02;          ;     280.71;    0.057338;      -65.101325;      -65.043987;      -65.080220;     -0.16;      469.75;       1.0138
      1417;        708.5;       ;      0.03;          ;     263.47;    0.053817;      -65.097400;      -65.043583;      -65.080095;      0.15;      521.17;       1.0153
      1418;        709.0;       ;      0.03;          ;     246.47;    0.050343;      -65.094359;      -65.044015;      -65.080005;      0.37;      582.96;       1.0166
      1419;        709.5;       ;      0.03;          ;     246.44;    0.050338;      -65.093552;      -65.043215;      -65.079994;      0.40;      616.34;       1.0177
      1420;        710.0;       ;      0.03;          ;     248.74;    0.050808;      -65.095133;      -65.044325;      -65.080049;      0.26;      616.60;       1.0189
      1421;        710.5;       ;      0.03;          ;     265.59;    0.054249;      -65.098252;      -65.044003;      -65.080125;      0.08;      583.08;       1.0202
      1422;        711.0;       ;      0.03;          ;     281.16;    0.057429;      -65.101785;      -65.044356;      -65.080185;     -0.07;      538.15;       1.0216
      1423;        711.5;       ;      0.03;          ;     293.74;    0.059999;      -65.104741;      -65.044742;      -65.080218;     -0.15;      497.53;       1.0231
      1424;        712.0;       ;      0.03;          ;     305.92;    0.062487;      -65.106598;      -65.044111;      -65.080230;     -0.18;      444.37;       1.0248
      1425;        712.5;       ;      0.03;          ;     307.59;    0.062827;      -65.107184;      -65.044356;      -65.080227;     -0.17;      383.83;       1.0267
      1426;        713.0;       ;      0.03;          ;     302.03;    0.061693;      -65.106570;      -65.044877;      -65.080210;     -0.13;      323.83;       1.0288
      1427;        713.5;       ;      0.03;          ;     296.24;    0.060509;      -65.105126;      -65.044617;      -65.080177;     -0.05;      300.38;       1.0310
      1428;        714.0;       ;      0.03;          ;     293.16;    0.059881;      -65.103436;      -65.043556;      -65.080136;      0.05;      276.07;       1.0332
      1429;        714.5;       ;      0.03;          ;     283.43;    0.057893;      -65.102146;      -65.044253;      -65.080104;      0.13;      247.99;       1.0356
      1430;        715.0;       ;      0.02;          ;     278.48;    0.056882;      -65.101780;      -65.044897;      -65.080101;      0.13;      222.66;       1.0380
      1431;        715.5;       ;      0.03;          ;     281.02;    0.057400;      -65.102417;      -65.045016;      -65.080132;      0.06;      276.19;       1.0402
      1432;        716.0;       ;      0.03;          ;     284.16;    0.058042;      -65.103614;      -65.045571;      -65.080175;     -0.04;      361.40;       1.0422
      1433;        716.5;       ;      0.03;          ;     292.85;    0.059818;      -65.104696;      -65.044878;      -65.080205;     -0.12;      459.98;       1.0439
      1434;        717.0;       ;      0.03;          ;     295.69;    0.060398;      -65.105146;      -65.044748;      -65.080209;     -0.13;      564.53;       1.0453
      1435;        717.5;       ;      0.03;          ;     300.59;    0.061399;      -65.104793;      -65.043395;      -65.080189;     -0.08;      666.37;       1.0463
      1436;        718.0;       ;      0.03;          ;     298.22;    0.060914;      -65.103798;      -65.042884;      -65.080163;     -0.02;      779.84;       1.0470
      1437;        718.5;       ;      0.03;          ;     295.45;    0.060349;      -65.102430;      -65.042081;      -65.080142;      0.04;      939.00;       1.0472
      1438;        719.0;       ;      0.03;          ;     292.02;    0.059647;      -65.100897;      -65.041250;      -65.080125;      0.08;     1053.07;       1.0470
      1439;        719.5;       ;      0.03;          ;     284.95;    0.058204;      -65.099364;      -65.041161;      -65.080103;      0.13;     1119.62;       1.0467
      1440;        720.0;       ;      0.03;          ;     278.17;    0.056819;      -65.098144;      -65.041325;      -65.080074;      0.20;     1140.38;       1.0463
      1441;        720.5;       ;      0.03;          ;     269.57;    0.055062;      -65.097673;      -65.042612;      -65.080059;      0.24;     1120.06;       1.0460
      1442;        721.0;       ;      0.03;          ;     271.89;    0.055536;      -65.098251;      -65.042715;      -65.080073;      0.20;     1066.88;       1.0458
      1443;        721.5;       ;      0.03;          ;     279.72;    0.057135;      -65.099755;      -65.042621;      -65.080111;      0.11;      994.79;       1.0458
      1444;        722.0;       ;      0.03;          ;     297.26;    0.060718;      -65.101695;      -65.040978;      -65.080148;      0.02;      934.77;       1.0460
      1445;        722.5;       ;      0.03;          ;     308.27;    0.062967;      -65.103546;      -65.040579;      -65.080168;     -0.03;      873.10;       1.0464
      1446;        723.0;       ;      0.03;          ;     312.35;    0.063799;      -65.104959;      -65.041160;      -65.080172;     -0.04;      824.13;       1.0470
      1447;        723.5;       ;      0.03;          ;     315.22;    0.064386;      -65.105905;      -65.041519;      -65.080170;     -0.03;      800.05;       1.0476
      1448;        724.0;       ;      0.03;          ;     313.92;    0.064122;      -65.106478;      -65.042357;      -65.080168;     -0.03;      808.41;       1.0482
      1449;        724.5;       ;      0.03;          ;     317.11;    0.064772;      -65.106762;      -65.041990;      -65.080169;     -0.03;      851.32;       1.0487
      1450;        725.0;       ;      0.03;          ;     312.48;    0.063827;      -65.106753;      -65.042926;      -65.080173;     -0.04;      925.33;       1.0489
      1451;        725.5;       ;      0.04;          ;     314.83;    0.064307;      -65.106382;      -65.042075;      -65.080174;     -0.04;     1021.01;       1.0488
      1452;        726.0;       ;      0.03;          ;     310.76;    0.063475;      -65.105579;      -65.042104;      -65.080160;     -0.01;     1127.51;       1.0485
      1453;        726.5;       ;      0.03;          ;     298.83;    0.061038;      -65.104444;      -65.043406;      -65.080128;      0.07;     1231.39;       1.0479
      1454;        727.0;       ;      0.03;          ;     299.30;    0.061135;      -65.103401;      -65.042266;      -65.080092;      0.16;     1319.23;       1.0471
      1455;        727.5;       ;      0.03;          ;     302.31;    0.061749;      -65.102860;      -65.041111;      -65.080071;      0.21;     1381.79;       1.0463
      1456;        728.0;       ;      0.03;          ;     302.34;    0.061755;      -65.102995;      -65.041240;      -65.080071;      0.21;     1409.35;       1.0453
      1457;        728.5;       ;      0.03;          ;     299.94;    0.061265;      -65.103701;      -65.042436;      -65.080092;      0.16;     1394.61;       1.0445
      1458;        729.0;       ;      0.03;          ;     308.76;    0.063066;      -65.104649;      -65.041583;      -65.080126;      0.07;     1334.71;       1.0437
      1459;        729.5;       ;      0.03;          ;     311.14;    0.063552;      -65.105348;      -65.041795;      -65.080162;     -0.01;     1230.26;       1.0431
      1460;        730.0;       ;      0.03;          ;     310.14;    0.063348;      -65.105276;      -65.041927;      -65.080190;     -0.08;     1087.59;       1.0428
      1461;        730.5;       ;      0.03;          ;     305.88;    0.062479;      -65.104160;      -65.041681;      -65.080192;     -0.09;      917.37;       1.0431
      1462;        731.0;       ;      0.03;          ;     294.69;    0.060194;      -65.102137;      -65.041943;      -65.080157;     -0.00;      823.28;       1.0436
      1463;        731.5;       ;      0.03;          ;     288.94;    0.059019;      -65.099890;      -65.040871;      -65.080100;      0.14;      721.07;       1.0445
      1464;        732.0;       ;      0.03;          ;     280.85;    0.057367;      -65.098363;      -65.040996;      -65.080056;      0.25;      615.05;       1.0457
      1465;        732.5;       ;      0.03;          ;     280.80;    0.057357;      -65.098322;      -65.040965;      -65.080057;      0.24;      518.06;       1.0472
      1466;        733.0;       ;      0.03;          ;     290.28;    0.059293;      -65.099844;      -65.040551;      -65.080106;      0.12;      440.98;       1.0490
      1467;        733.5;       ;      0.03;          ;     308.37;    0.062988;      -65.102268;      -65.039280;      -65.080168;     -0.03;      392.41;       1.0509
      1468;        734.0;       ;      0.03;          ;     319.56;    0.065273;      -65.104637;      -65.039364;      -65.080212;     -0.13;      377.20;       1.0529
      1469;        734.5;       ;      0.03;          ;     323.70;    0.066119;      -65.106195;      -65.040076;      -65.080228;     -0.18;      396.48;       1.0548
      1470;        735.0;       ;      0.03;          ;     322.29;    0.065831;      -65.106640;      -65.040809;      -65.080228;     -0.17;      445.90;       1.0565
      1471;        735.5;       ;      0.03;          ;     325.37;    0.066459;      -65.105975;      -65.039516;      -65.080209;     -0.13;      517.13;       1.0581
      1472;        736.0;       ;      0.03;          ;     315.67;    0.064478;      -65.104385;      -65.039907;      -65.080170;     -0.03;      600.41;       1.0593
      1473;        736.5;       ;      0.03;          ;     309.77;    0.063274;      -65.102359;      -65.039085;      -65.080123;      0.08;      683.98;       1.0603
      1474;        737.0;       ;      0.03;          ;     298.40;    0.060952;      -65.100476;      -65.039524;      -65.080084;      0.18;      758.25;       1.0611
      1475;        737.5;       ;      0.02;          ;     292.93;    0.059834;      -65.099235;      -65.039401;      -65.080063;      0.23;      814.42;       1.0617
      1476;        738.0;       ;      0.02;          ;     297.42;    0.060752;      -65.098896;      -65.038144;      -65.080057;      0.24;      847.07;       1.0622
      1477;        738.5;       ;      0.03;          ;     306.44;    0.062594;      -65.099465;      -65.036871;      -65.080063;      0.23;      853.42;       1.0626
      1478;        739.0;       ;      0.03;          ;     314.14;    0.064166;      -65.100742;      -65.036576;      -65.080084;      0.18;      833.16;       1.0632
      1479;        739.5;       ;      0.03;          ;     322.35;    0.065843;      -65.102357;      -65.036515;      -65.080116;      0.10;      789.05;       1.0638
      1480;        740.0;       ;      0.03;          ;     340.07;    0.069462;      -65.103838;      -65.034375;      -65.080152;      0.01;      726.43;       1.0647
      1481;        740.5;       ;      0.03;          ;     347.56;    0.070993;      -65.104672;      -65.033679;      -65.080175;     -0.05;      689.19;       1.0657
      1482;        741.0;       ;      0.03;          ;     340.73;    0.069597;      -65.104503;      -65.034906;      -65.080177;     -0.05;      629.57;       1.0669
      1483;        741.5;       ;      0.03;          ;     334.28;    0.068280;      -65.103445;      -65.035165;      -65.080161;     -0.01;      558.09;       1.0683
      1484;        742.0;       ;      0.03;          ;     331.28;    0.067667;      -65.101918;      -65.034251;      -65.080141;      0.04;      488.05;       1.0700
      1485;        742.5;       ;      0.03;          ;     322.05;    0.065781;      -65.100336;      -65.034556;      -65.080124;      0.08;      437.95;       1.0718
      1486;        743.0;       ;      0.03;          ;     320.39;    0.065443;      -65.099102;      -65.033660;      -65.080104;      0.13;      476.33;       1.0734
      1487;        743.5;       ;      0.03;          ;     321.37;    0.065643;      -65.098570;      -65.032927;      -65.080089;      0.17;      629.57;       1.0746
      1488;        744.0;       ;      0.03;          ;     317.80;    0.064914;      -65.098936;      -65.034023;      -65.080096;      0.15;      810.91;       1.0752
      1489;        744.5;       ;      0.03;          ;     314.71;    0.064282;      -65.100017;      -65.035734;      -65.080132;      0.06;      983.11;       1.0753
      1490;        745.0;       ;      0.02;          ;     313.06;    0.063946;      -65.101246;      -65.037300;      -65.080165;     -0.02;     1132.43;       1.0749
      1491;        745.5;       ;      0.03;          ;     318.20;    0.064996;      -65.102089;      -65.037093;      -65.080167;     -0.03;     1249.78;       1.0743
      1492;        746.0;       ;      0.02;          ;     312.61;    0.063854;      -65.102371;      -65.038516;      -65.080146;      0.03;     1330.92;       1.0735
      1493;        746.5;       ;      0.03;          ;     312.04;    0.063736;      -65.102261;      -65.038525;      -65.080123;      0.08;     1385.66;       1.0726
      1494;        747.0;       ;      0.03;          ;     305.17;    0.062335;      -65.102005;      -65.039671;      -65.080111;      0.11;     1406.41;       1.0717
      1495;        747.5;       ;      0.03;          ;     307.68;    0.062847;      -65.101730;      -65.038883;      -65.080109;      0.12;     1379.45;       1.0708
      1496;        748.0;       ;      0.02;          ;     309.12;    0.063141;      -65.101451;      -65.038310;      -65.080108;      0.12;     1327.28;       1.0700
      1497;        748.5;       ;      0.03;          ;     308.44;    0.063003;      -65.101149;      -65.038146;      -65.080103;      0.13;     1269.61;       1.0693
      1498;        749.0;       ;      0.03;          ;     310.13;    0.063346;      -65.100888;      -65.037542;      -65.080098;      0.14;     1165.33;       1.0688
      1499;        749.5;       ;      0.03;          ;     315.36;    0.064416;      -65.100801;      -65.036386;      -65.080092;      0.16;     1025.32;       1.0688
      1500;        750.0;       ;      0.03;          ;     306.80;    0.062667;      -65.101053;      -65.038386;      -65.080084;      0.18;      874.66;       1.0692
      1501;        750.5;       ;      0.03;          ;     309.50;    0.063218;      -65.101897;      -65.038679;      -65.080081;      0.19;      751.41;       1.0700
      1502;        751.0;       ;      0.03;          ;     317.58;    0.064869;      -65.103539;      -65.038670;      -65.080098;      0.14;      641.57;       1.0711
      1503;        751.5;       ;      0.03;          ;     326.85;    0.066763;      -65.105806;      -65.039043;      -65.080144;      0.03;      553.18;       1.0725
      1504;        752.0;       ;      0.03;          ;     345.68;    0.070608;      -65.108091;      -65.037483;      -65.080203;     -0.11;      519.07;       1.0741
      1505;        752.5;       ;      0.02;          ;     354.99;    0.072509;      -65.109576;      -65.037067;      -65.080245;     -0.22;      553.87;       1.0755
      1506;        753.0;       ;      0.03;          ;     346.76;    0.070830;      -65.109620;      -65.038790;      -65.080249;     -0.23;      637.36;       1.0767
      1507;        753.5;       ;      0.03;          ;     340.91;    0.069633;      -65.108243;      -65.038610;      -65.080230;     -0.18;      726.44;       1.0776
      1508;        754.0;       ;      0.03;          ;     335.10;    0.068448;      -65.105815;      -65.037367;      -65.080200;     -0.11;      809.30;       1.0782
      1509;        754.5;       ;      0.02;          ;     322.92;    0.065958;      -65.102771;      -65.036813;      -65.080150;      0.02;      875.94;       1.0786
      1510;        755.0;       ;      0.03;          ;     303.16;    0.061922;      -65.099826;      -65.037904;      -65.080087;      0.17;      918.50;       1.0789
      1511;        755.5;       ;      0.03;          ;     295.13;    0.060282;      -65.097930;      -65.037647;      -65.080045;      0.27;      957.78;       1.0790
      1512;        756.0;       ;      0.02;          ;     291.06;    0.059452;      -65.097642;      -65.038190;      -65.080048;      0.27;      967.95;       1.0791
      1513;        756.5;       ;      0.03;          ;     303.29;    0.061949;      -65.098845;      -65.036896;      -65.080089;      0.17;      938.57;       1.0793
      1514;        757.0;       ;      0.03;          ;     314.03;    0.064143;      -65.100845;      -65.036702;      -65.080140;      0.04;      873.34;       1.0797
      1515;        757.5;       ;      0.03;          ;     321.94;    0.065760;      -65.102718;      -65.036958;      -65.080181;     -0.06;      780.96;       1.0804
      1516;        758.0;       ;      0.03;          ;     329.64;    0.067332;      -65.103776;      -65.036444;      -65.080198;     -0.10;      673.43;       1.0815
      1517;        758.5;       ;      0.03;          ;     328.25;    0.067048;      -65.103725;      -65.036676;      -65.080188;     -0.08;      564.22;       1.0829
      1518;        759.0;       ;      0.03;          ;     325.82;    0.066553;      -65.102710;      -65.036158;      -65.080154;      0.01;      501.68;       1.0845
      1519;        759.5;       ;      0.03;          ;     321.65;    0.065700;      -65.101265;      -65.035565;      -65.080108;      0.12;      482.95;       1.0862
      1520;        760.0;       ;      0.02;          ;     318.81;    0.065119;      -65.100088;      -65.034969;      -65.080073;      0.20;      505.81;       1.0878
      1521;        760.5;       ;      0.03;          ;     324.05;    0.066191;      -65.099731;      -65.033540;      -65.080069;      0.21;      575.73;       1.0892
      1522;        761.0;       ;      0.03;          ;     317.88;    0.064930;      -65.100261;      -65.035331;      -65.080095;      0.15;      729.22;       1.0901
      1523;        761.5;       ;      0.02;          ;     315.93;    0.064533;      -65.101332;      -65.036800;      -65.080124;      0.08;      915.81;       1.0904
      1524;        762.0;       ;      0.03;          ;     326.48;    0.066687;      -65.102613;      -65.035925;      -65.080129;      0.07;     1116.40;       1.0900
      1525;        762.5;       ;      0.02;          ;     332.87;    0.067993;      -65.103986;      -65.035993;      -65.080119;      0.09;     1318.56;       1.0892
      1526;        763.0;       ;      0.02;          ;     342.44;    0.069947;      -65.105444;      -65.035497;      -65.080128;      0.07;     1509.74;       1.0881
      1527;        763.5;       ;      0.03;          ;     340.35;    0.069519;      -65.106746;      -65.037227;      -65.080169;     -0.03;     1679.63;       1.0868
      1528;        764.0;       ;      0.03;          ;     339.53;    0.069351;      -65.107246;      -65.037894;      -65.080213;     -0.14;     1814.87;       1.0853
      1529;        764.5;       ;      0.03;          ;     341.80;    0.069817;      -65.106344;      -65.036528;      -65.080220;     -0.16;     1909.46;       1.0838
      1530;        765.0;       ;      0.03;          ;     324.46;    0.066275;      -65.103840;      -65.037566;      -65.080180;     -0.06;     1960.88;       1.0822
      1531;        765.5;       ;      0.02;          ;     311.12;    0.063549;      -65.100337;      -65.036788;      -65.080108;      0.12;     1966.11;       1.0806
      1532;        766.0;       ;      0.03;          ;     294.13;    0.060080;      -65.096882;      -65.036803;      -65.080032;      0.30;     1928.72;       1.0790
      1533;        766.5;       ;      0.03;          ;     286.22;    0.058464;      -65.094613;      -65.036150;      -65.079988;      0.41;     1854.88;       1.0776
      1534;        767.0;       ;      0.03;          ;     277.82;    0.056747;      -65.094173;      -65.037426;      -65.079998;      0.39;     1754.41;       1.0762
      1535;        767.5;       ;      0.03;          ;     279.98;    0.057188;      -65.095449;      -65.038261;      -65.080051;      0.26;     1641.19;       1.0749
      1536;        768.0;       ;      0.03;          ;     286.51;    0.058523;      -65.097740;      -65.039217;      -65.080106;      0.12;     1530.04;       1.0738
      1537;        768.5;       ;      0.03;          ;     299.97;    0.061273;      -65.100280;      -65.039007;      -65.080135;      0.05;     1436.10;       1.0728
      1538;        769.0;       ;      0.02;          ;     313.70;    0.064077;      -65.102654;      -65.038578;      -65.080140;      0.04;     1385.50;       1.0719
      1539;        769.5;       ;      0.03;          ;     324.53;    0.066288;      -65.104728;      -65.038439;      -65.080144;      0.03;     1400.04;       1.0710
      1540;        770.0;       ;      0.03;          ;     338.16;    0.069073;      -65.106357;      -65.037284;      -65.080168;     -0.03;     1438.88;       1.0700
      1541;        770.5;       ;      0.03;          ;     334.39;    0.068302;      -65.107137;      -65.038835;      -65.080199;     -0.10;     1497.50;       1.0690
      1542;        771.0;       ;      0.03;          ;     333.18;    0.068055;      -65.106642;      -65.038586;      -65.080197;     -0.10;     1566.14;       1.0678
      1543;        771.5;       ;      0.03;          ;     326.85;    0.066763;      -65.104980;      -65.038217;      -65.080139;      0.04;     1636.60;       1.0666
      1544;        772.0;       ;      0.03;          ;     319.62;    0.065286;      -65.103026;      -65.037740;      -65.080048;      0.27;     1699.55;       1.0652
      1545;        772.5;       ;      0.03;          ;     313.33;    0.064001;      -65.102103;      -65.038103;      -65.079989;      0.41;     1746.81;       1.0639
      1546;        773.0;       ;      0.02;          ;     322.26;    0.065826;      -65.103074;      -65.037249;      -65.080008;      0.36;     1771.52;       1.0625
      1547;        773.5;       ;      0.03;          ;     340.50;    0.069550;      -65.105666;      -65.036116;      -65.080083;      0.18;     1770.18;       1.0611
      1548;        774.0;       ;      0.02;          ;     359.55;    0.073442;      -65.108713;      -65.035271;      -65.080157;     -0.00;     1741.10;       1.0598
      1549;        774.5;       ;      0.03;          ;     376.62;    0.076929;      -65.110983;      -65.034055;      -65.080200;     -0.11;     1685.11;       1.0585
      1550;        775.0;       ;      0.03;          ;     376.81;    0.076968;      -65.111700;      -65.034732;      -65.080213;     -0.14;     1605.67;       1.0573
      1551;        775.5;       ;      0.03;          ;     370.19;    0.075615;      -65.110611;      -65.034996;      -65.080206;     -0.12;     1509.59;       1.0562
      1552;        776.0;       ;      0.03;          ;     361.61;    0.073863;      -65.107894;      -65.034031;      -65.080183;     -0.06;     1405.27;       1.0553
      1553;        776.5;       ;      0.03;          ;     340.93;    0.069639;      -65.103951;      -65.034312;      -65.080142;      0.04;     1302.38;       1.0546
      1554;        777.0;       ;      0.03;          ;     323.85;    0.066149;      -65.099543;      -65.033394;      -65.080083;      0.18;     1212.71;       1.0540
      1555;        777.5;       ;      0.03;          ;     309.32;    0.063182;      -65.095621;      -65.032438;      -65.080017;      0.34;     1146.02;       1.0536
      1556;        778.0;       ;      0.03;          ;     294.62;    0.060179;      -65.093221;      -65.033042;      -65.079969;      0.46;     1110.25;       1.0533
      1557;        778.5;       ;      0.03;          ;     293.17;    0.059882;      -65.093106;      -65.033224;      -65.079973;      0.45;     1109.22;       1.0530
      1558;        779.0;       ;      0.03;          ;     297.61;    0.060790;      -65.095214;      -65.034424;      -65.080037;      0.29;     1141.25;       1.0526
      1559;        779.5;       ;      0.03;          ;     302.91;    0.061871;      -65.098536;      -65.036665;      -65.080137;      0.05;     1199.88;       1.0521
      1560;        780.0;       ;      0.03;          ;     323.45;    0.066069;      -65.101584;      -65.035515;      -65.080225;     -0.17;     1275.50;       1.0514
      1561;        780.5;       ;      0.03;          ;     332.65;    0.067947;      -65.103077;      -65.035130;      -65.080256;     -0.24;     1360.65;       1.0505
      1562;        781.0;       ;      0.02;          ;     329.68;    0.067341;      -65.102435;      -65.035094;      -65.080205;     -0.12;     1444.95;       1.0496
      1563;        781.5;       ;      0.02;          ;     318.99;    0.065157;      -65.100355;      -65.035198;      -65.080107;      0.12;     1519.43;       1.0485
      1564;        782.0;       ;      0.03;          ;     305.33;    0.062367;      -65.098285;      -65.035918;      -65.080029;      0.31;     1577.04;       1.0473
      1565;        782.5;       ;      0.03;          ;     303.38;    0.061967;      -65.097418;      -65.035451;      -65.080022;      0.33;     1612.63;       1.0462
      1566;        783.0;       ;      0.02;          ;     307.99;    0.062910;      -65.097893;      -65.034983;      -65.080068;      0.22;     1624.41;       1.0449
      1567;        783.5;       ;      0.03;          ;     314.27;    0.064192;      -65.099017;      -65.034825;      -65.080111;      0.11;     1612.22;       1.0438
      1568;        784.0;       ;      0.03;          ;     318.65;    0.065088;      -65.100107;      -65.035019;      -65.080117;      0.10;     1578.29;       1.0426
      1569;        784.5;       ;      0.03;          ;     322.42;    0.065858;      -65.101002;      -65.035144;      -65.080101;      0.14;     1527.40;       1.0415
      1570;        785.0;       ;      0.03;          ;     319.23;    0.065206;      -65.101900;      -65.036694;      -65.080091;      0.16;     1466.50;       1.0405
      1571;        785.5;       ;      0.02;          ;     327.82;    0.066961;      -65.102983;      -65.036022;      -65.080096;      0.15;     1404.56;       1.0396
      1572;        786.0;       ;      0.03;          ;     335.34;    0.068496;      -65.104217;      -65.035721;      -65.080114;      0.10;     1350.35;       1.0388
      1573;        786.5;       ;      0.03;          ;     338.64;    0.069171;      -65.105303;      -65.036131;      -65.080140;      0.04;     1312.90;       1.0381
      1574;        787.0;       ;      0.02;          ;     343.47;    0.070158;      -65.105863;      -65.035705;      -65.080166;     -0.02;     1299.14;       1.0374
      1575;        787.5;       ;      0.03;          ;     340.36;    0.069522;      -65.105519;      -65.035997;      -65.080182;     -0.06;     1312.36;       1.0366
      1576;        788.0;       ;      0.02;          ;     325.08;    0.066400;      -65.104065;      -65.037664;      -65.080173;     -0.04;     1351.25;       1.0358
      1577;        788.5;       ;      0.02;          ;     311.02;    0.063528;      -65.101754;      -65.038226;      -65.080141;      0.04;     1409.75;       1.0349
      1578;        789.0;       ;      0.03;          ;     304.60;    0.062218;      -65.099144;      -65.036926;      -65.080107;      0.12;     1480.10;       1.0339
      1579;        789.5;       ;      0.03;          ;     289.91;    0.059217;      -65.096696;      -65.037479;      -65.080090;      0.16;     1554.03;       1.0328
      1580;        790.0;       ;      0.02;          ;     276.97;    0.056574;      -65.094693;      -65.038119;      -65.080091;      0.16;     1620.19;       1.0316
      1581;        790.5;       ;      0.03;          ;     264.13;    0.053951;      -65.093189;      -65.039238;      -65.080090;      0.16;     1669.82;       1.0304
      1582;        791.0;       ;      0.03;          ;     258.91;    0.052884;      -65.092271;      -65.039387;      -65.080077;      0.19;     1695.78;       1.0291
      1583;        791.5;       ;      0.02;          ;     258.99;    0.052901;      -65.092135;      -65.039234;      -65.080069;      0.21;     1694.07;       1.0279
      1584;        792.0;       ;      0.03;          ;     265.02;    0.054133;      -65.092833;      -65.038700;      -65.080092;      0.16;     1662.60;       1.0266
      1585;        792.5;       ;      0.02;          ;     273.70;    0.055905;      -65.093934;      -65.038028;      -65.080141;      0.04;     1601.62;       1.0255
      1586;        793.0;       ;      0.02;          ;     274.29;    0.056026;      -65.094616;      -65.038591;      -65.080180;     -0.06;     1513.98;       1.0244
      1587;        793.5;       ;      0.02;          ;     275.70;    0.056314;      -65.094257;      -65.037942;      -65.080186;     -0.07;     1405.97;       1.0236
      1588;        794.0;       ;      0.02;          ;     264.46;    0.054019;      -65.092749;      -65.038730;      -65.080165;     -0.02;     1294.64;       1.0229
      1589;        794.5;       ;      0.03;          ;     255.19;    0.052126;      -65.090480;      -65.038354;      -65.080130;      0.06;     1196.02;       1.0224
      1590;        795.0;       ;      0.03;          ;     239.77;    0.048976;      -65.088050;      -65.039074;      -65.080088;      0.17;     1104.57;       1.0221
      1591;        795.5;       ;      0.02;          ;     229.70;    0.046918;      -65.086234;      -65.039316;      -65.080044;      0.27;     1030.12;       1.0220
      1592;        796.0;       ;      0.03;          ;     228.48;    0.046670;      -65.085792;      -65.039122;      -65.080016;      0.34;      979.09;       1.0220
      1593;        796.5;       ;      0.02;          ;     228.38;    0.046649;      -65.087184;      -65.040535;      -65.080026;      0.32;      954.42;       1.0222
      1594;        797.0;       ;      0.03;          ;     246.27;    0.050303;      -65.090275;      -65.039972;      -65.080077;      0.19;      955.11;       1.0223
      1595;        797.5;       ;      0.03;          ;     273.00;    0.055763;      -65.094363;      -65.038600;      -65.080152;      0.01;      975.86;       1.0224
      1596;        798.0;       ;      0.03;          ;     293.08;    0.059865;      -65.098244;      -65.038379;      -65.080227;     -0.17;     1009.11;       1.0224
      1597;        798.5;       ;      0.03;          ;     302.05;    0.061697;      -65.100641;      -65.038944;      -65.080283;     -0.31;     1045.58;       1.0222
      1598;        799.0;       ;      0.03;          ;     302.04;    0.061695;      -65.100706;      -65.039011;      -65.080305;     -0.36;     1076.58;       1.0220
      1599;        799.5;       ;      0.03;          ;     288.83;    0.058997;      -65.098219;      -65.039222;      -65.080271;     -0.28;     1095.33;       1.0217
      1600;        800.0;       ;      0.02;          ;     272.65;    0.055692;      -65.093819;      -65.038127;      -65.080178;     -0.05;     1096.86;       1.0215
      1601;        800.5;       ;      0.03;          ;     253.32;    0.051743;      -65.088953;      -65.037210;      -65.080051;      0.26;     1078.38;       1.0213
      1602;        801.0;       ;      0.03;          ;     240.79;    0.049184;      -65.085528;      -65.036344;      -65.079963;      0.47;     1039.19;       1.0211
      1603;        801.5;       ;      0.03;          ;     240.04;    0.049030;      -65.084831;      -65.035801;      -65.079980;      0.43;      980.78;       1.0212
      1604;        802.0;       ;      0.02;          ;     256.67;    0.052428;      -65.086610;      -65.034182;      -65.080082;      0.18;      906.97;       1.0215
      1605;        802.5;       ;      0.03;          ;     274.71;    0.056112;      -65.089307;      -65.033195;      -65.080182;     -0.06;      822.26;       1.0220
      1606;        803.0;       ;      0.02;          ;     283.33;    0.057873;      -65.091251;      -65.033378;      -65.080215;     -0.14;      734.04;       1.0228
      1607;        803.5;       ;      0.03;          ;     281.35;    0.057469;      -65.091764;      -65.034295;      -65.080190;     -0.08;      651.25;       1.0239
      1608;        804.0;       ;      0.03;          ;     277.40;    0.056662;      -65.091154;      -65.034493;      -65.080151;      0.01;      582.70;       1.0252
      1609;        804.5;       ;      0.02;          ;     268.16;    0.054775;      -65.089994;      -65.035219;      -65.080128;      0.07;      535.26;       1.0266
      1610;        805.0;       ;      0.03;          ;     271.46;    0.055448;      -65.088660;      -65.033212;      -65.080123;      0.08;      529.93;       1.0281
      1611;        805.5;       ;      0.02;          ;     258.31;    0.052762;      -65.087177;      -65.034415;      -65.080119;      0.09;      537.71;       1.0295
      1612;        806.0;       ;      0.03;          ;     248.40;    0.050737;      -65.085667;      -65.034930;      -65.080101;      0.14;      555.85;       1.0309
      1613;        806.5;       ;      0.03;          ;     239.93;    0.049008;      -65.084481;      -65.035473;      -65.080073;      0.20;      613.00;       1.0321
      1614;        807.0;       ;      0.03;          ;     241.40;    0.049308;      -65.084107;      -65.034799;      -65.080050;      0.26;      683.84;       1.0330
      1615;        807.5;       ;      0.03;          ;     245.31;    0.050107;      -65.084901;      -65.034795;      -65.080049;      0.26;      759.62;       1.0338
      1616;        808.0;       ;      0.03;          ;     253.36;    0.051750;      -65.086847;      -65.035097;      -65.080080;      0.19;      830.79;       1.0343
      1617;        808.5;       ;      0.03;          ;     263.22;    0.053765;      -65.089478;      -65.035713;      -65.080134;      0.05;      889.40;       1.0347
      1618;        809.0;       ;      0.03;          ;     274.60;    0.056090;      -65.092008;      -65.035918;      -65.080188;     -0.08;      929.57;       1.0349
      1619;        809.5;       ;      0.03;          ;     273.99;    0.055966;      -65.093682;      -65.037716;      -65.080214;     -0.14;      955.83;       1.0350
      1620;        810.0;       ;      0.03;          ;     273.86;    0.055939;      -65.094208;      -65.038269;      -65.080198;     -0.10;      962.98;       1.0351
      1621;        810.5;       ;      0.03;          ;     281.27;    0.057452;      -65.093921;      -65.036469;      -65.080173;     -0.04;      944.59;       1.0353
      1622;        811.0;       ;      0.03;          ;     277.53;    0.056689;      -65.093143;      -65.036454;      -65.080169;     -0.03;      902.80;       1.0356
      1623;        811.5;       ;      0.03;          ;     275.25;    0.056223;      -65.091919;      -65.035696;      -65.080175;     -0.04;      842.92;       1.0361
      1624;        812.0;       ;      0.03;          ;     272.01;    0.055560;      -65.090204;      -65.034644;      -65.080156;      0.00;      770.92;       1.0368
      1625;        812.5;       ;      0.02;          ;     269.08;    0.054962;      -65.088253;      -65.033291;      -65.080108;      0.12;      694.39;       1.0377
      1626;        813.0;       ;      0.03;          ;     268.63;    0.054870;      -65.086699;      -65.031828;      -65.080061;      0.23;      621.79;       1.0389
      1627;        813.5;       ;      0.03;          ;     266.01;    0.054334;      -65.086157;      -65.031822;      -65.080042;      0.28;      561.74;       1.0403
      1628;        814.0;       ;      0.03;          ;     266.91;    0.054519;      -65.086877;      -65.032358;      -65.080057;      0.24;      522.89;       1.0418
      1629;        814.5;       ;      0.03;          ;     277.49;    0.056680;      -65.088613;      -65.031933;      -65.080099;      0.14;      509.96;       1.0433
      1630;        815.0;       ;      0.02;          ;     286.91;    0.058604;      -65.090704;      -65.032099;      -65.080147;      0.02;      522.98;       1.0448
      1631;        815.5;       ;      0.03;          ;     296.70;    0.060604;      -65.092350;      -65.031746;      -65.080177;     -0.05;      558.54;       1.0462
      1632;        816.0;       ;      0.02;          ;     307.07;    0.062723;      -65.093038;      -65.030315;      -65.080179;     -0.05;      609.68;       1.0474
      1633;        816.5;       ;      0.03;          ;     301.48;    0.061580;      -65.092618;      -65.031038;      -65.080161;     -0.01;      667.70;       1.0485
      1634;        817.0;       ;      0.03;          ;     290.59;    0.059355;      -65.091316;      -65.031960;      -65.080138;      0.05;      722.87;       1.0493
      1635;        817.5;       ;      0.03;          ;     282.61;    0.057725;      -65.089556;      -65.031831;      -65.080120;      0.09;      766.91;       1.0501
      1636;        818.0;       ;      0.03;          ;     276.27;    0.056431;      -65.087663;      -65.031233;      -65.080109;      0.12;      793.65;       1.0507
      1637;        818.5;       ;      0.03;          ;     265.41;    0.054213;      -65.085838;      -65.031625;      -65.080095;      0.15;      798.87;       1.0513
      1638;        819.0;       ;      0.03;          ;     260.35;    0.053180;      -65.084390;      -65.031210;      -65.080061;      0.23;      780.78;       1.0520
      1639;        819.5;       ;      0.02;          ;     256.79;    0.052452;      -65.083880;      -65.031429;      -65.080013;      0.35;      739.52;       1.0529
      1640;        820.0;       ;      0.03;          ;     260.01;    0.053109;      -65.085027;      -65.031917;      -65.079998;      0.39;      747.42;       1.0537
      1641;        820.5;       ;      0.03;          ;     276.18;    0.056413;      -65.088009;      -65.031596;      -65.080061;      0.23;      736.06;       1.0545
      1642;        821.0;       ;      0.02;          ;     295.64;    0.060386;      -65.091861;      -65.031474;      -65.080175;     -0.05;      698.45;       1.0554
      1643;        821.5;       ;      0.02;          ;     309.40;    0.063197;      -65.094813;      -65.031616;      -65.080267;     -0.27;      713.17;       1.0563
      1644;        822.0;       ;      0.03;          ;     310.58;    0.063439;      -65.095436;      -65.031997;      -65.080283;     -0.31;      798.54;       1.0570
      1645;        822.5;       ;      0.03;          ;     308.91;    0.063098;      -65.093444;      -65.030346;      -65.080223;     -0.16;      844.03;       1.0575
      1646;        823.0;       ;      0.03;          ;     291.23;    0.059486;      -65.089644;      -65.030158;      -65.080115;      0.10;      848.53;       1.0580
      1647;        823.5;       ;      0.03;          ;     268.89;    0.054924;      -65.085692;      -65.030768;      -65.080008;      0.36;      820.74;       1.0585
      1648;        824.0;       ;      0.03;          ;     255.72;    0.052234;      -65.083310;      -65.031076;      -65.079958;      0.49;      771.75;       1.0593
      1649;        824.5;       ;      0.03;          ;     258.76;    0.052854;      -65.083354;      -65.030499;      -65.079984;      0.42;      713.48;       1.0602
      1650;        825.0;       ;      0.03;          ;     269.42;    0.055032;      -65.085509;      -65.030477;      -65.080057;      0.24;      658.18;       1.0612
      1651;        825.5;       ;      0.02;          ;     278.99;    0.056986;      -65.088695;      -65.031708;      -65.080126;      0.07;      647.58;       1.0624
      1652;        826.0;       ;      0.03;          ;     290.78;    0.059394;      -65.091853;      -65.032459;      -65.080163;     -0.02;      705.43;       1.0633
      1653;        826.5;       ;      0.03;          ;     299.41;    0.061156;      -65.094430;      -65.033274;      -65.080177;     -0.05;      781.16;       1.0640
      1654;        827.0;       ;      0.02;          ;     305.93;    0.062490;      -65.096175;      -65.033685;      -65.080192;     -0.09;      870.76;       1.0644
      1655;        827.5;       ;      0.03;          ;     299.63;    0.061202;      -65.096845;      -65.035643;      -65.080216;     -0.15;      967.79;       1.0645
      1656;        828.0;       ;      0.03;          ;     296.25;    0.060512;      -65.096124;      -65.035613;      -65.080228;     -0.18;     1063.01;       1.0643
      1657;        828.5;       ;      0.03;          ;     288.23;    0.058874;      -65.093914;      -65.035040;      -65.080188;     -0.08;     1150.29;       1.0639
      1658;        829.0;       ;      0.02;          ;     271.32;    0.055420;      -65.090793;      -65.035374;      -65.080090;      0.16;     1224.18;       1.0633
      1659;        829.5;       ;      0.02;          ;     257.97;    0.052693;      -65.088215;      -65.035522;      -65.079994;      0.40;     1345.84;       1.0625
      1660;        830.0;       ;      0.03;          ;     256.35;    0.052361;      -65.087542;      -65.035181;      -65.079971;      0.45;     1463.14;       1.0615
      1661;        830.5;       ;      0.03;          ;     259.07;    0.052917;      -65.089046;      -65.036128;      -65.080021;      0.33;     1552.24;       1.0604
      1662;        831.0;       ;      0.03;          ;     272.81;    0.055724;      -65.091906;      -65.036182;      -65.080092;      0.16;     1615.73;       1.0592
      1663;        831.5;       ;      0.03;          ;     286.08;    0.058435;      -65.095006;      -65.036572;      -65.080144;      0.03;     1633.90;       1.0579
      1664;        832.0;       ;      0.03;          ;     303.68;    0.062030;      -65.097490;      -65.035461;      -65.080165;     -0.02;     1607.93;       1.0567
      1665;        832.5;       ;      0.03;          ;     309.39;    0.063197;      -65.098993;      -65.035796;      -65.080167;     -0.03;     1542.64;       1.0556
      1666;        833.0;       ;      0.02;          ;     313.87;    0.064110;      -65.099449;      -65.035338;      -65.080169;     -0.03;     1446.70;       1.0546
      1667;        833.5;       ;      0.03;          ;     314.85;    0.064312;      -65.098906;      -65.034594;      -65.080180;     -0.06;     1331.30;       1.0539
      1668;        834.0;       ;      0.03;          ;     308.51;    0.063015;      -65.097301;      -65.034286;      -65.080184;     -0.07;     1210.52;       1.0533
      1669;        834.5;       ;      0.03;          ;     293.62;    0.059974;      -65.094737;      -65.034763;      -65.080154;      0.01;     1100.79;       1.0530
      1670;        835.0;       ;      0.03;          ;     276.87;    0.056553;      -65.091886;      -65.035333;      -65.080081;      0.19;     1037.14;       1.0529
      1671;        835.5;       ;      0.03;          ;     270.41;    0.055234;      -65.089964;      -65.034730;      -65.080008;      0.36;     1061.35;       1.0527
      1672;        836.0;       ;      0.03;          ;     272.26;    0.055611;      -65.090053;      -65.034442;      -65.079991;      0.40;     1107.83;       1.0524
      1673;        836.5;       ;      0.02;          ;     280.00;    0.057192;      -65.092337;      -65.035145;      -65.080059;      0.24;     1171.29;       1.0520
      1674;        837.0;       ;      0.03;          ;     294.25;    0.060103;      -65.095741;      -65.035638;      -65.080176;     -0.05;     1256.36;       1.0513
      1675;        837.5;       ;      0.02;          ;     305.36;    0.062373;      -65.098482;      -65.036110;      -65.080264;     -0.26;     1341.38;       1.0505
      1676;        838.0;       ;      0.03;          ;     311.76;    0.063680;      -65.099192;      -65.035512;      -65.080260;     -0.25;     1397.70;       1.0496
      1677;        838.5;       ;      0.03;          ;     313.09;    0.063951;      -65.097809;      -65.033859;      -65.080172;     -0.04;     1464.13;       1.0486
      1678;        839.0;       ;      0.03;          ;     305.76;    0.062455;      -65.095436;      -65.032980;      -65.080070;      0.21;     1570.33;       1.0475
      1679;        839.5;       ;      0.03;          ;     292.98;    0.059844;      -65.093394;      -65.033550;      -65.080033;      0.30;     1643.57;       1.0462
      1680;        840.0;       ;      0.03;          ;     289.67;    0.059167;      -65.092207;      -65.033039;      -65.080059;      0.24;     1674.75;       1.0450
      1681;        840.5;       ;      0.03;          ;     276.40;    0.056458;      -65.091478;      -65.035020;      -65.080087;      0.17;     1660.88;       1.0437
      1682;        841.0;       ;      0.03;          ;     275.88;    0.056351;      -65.090840;      -65.034489;      -65.080081;      0.18;     1602.21;       1.0426
      1683;        841.5;       ;      0.03;          ;     274.83;    0.056136;      -65.090401;      -65.034265;      -65.080053;      0.25;     1502.79;       1.0415
      1684;        842.0;       ;      0.03;          ;     269.51;    0.055051;      -65.090574;      -65.035523;      -65.080034;      0.30;     1370.78;       1.0407
      1685;        842.5;       ;      0.03;          ;     274.71;    0.056112;      -65.091725;      -65.035613;      -65.080049;      0.26;     1219.25;       1.0401
      1686;        843.0;       ;      0.03;          ;     288.24;    0.058876;      -65.093779;      -65.034903;      -65.080098;      0.14;     1061.36;       1.0399
      1687;        843.5;       ;      0.02;          ;     303.20;    0.061931;      -65.096121;      -65.034190;      -65.080156;      0.00;      961.65;       1.0401
      1688;        844.0;       ;      0.03;          ;     313.52;    0.064040;      -65.097897;      -65.033857;      -65.080198;     -0.10;      933.92;       1.0403
      1689;        844.5;       ;      0.02;          ;     315.86;    0.064517;      -65.098500;      -65.033983;      -65.080203;     -0.11;      932.93;       1.0405
      1690;        845.0;       ;      0.03;          ;     315.39;    0.064421;      -65.097898;      -65.033477;      -65.080172;     -0.04;      957.51;       1.0406
      1691;        845.5;       ;      0.03;          ;     314.61;    0.064262;      -65.096572;      -65.032310;      -65.080126;      0.07;     1002.54;       1.0406
      1692;        846.0;       ;      0.03;          ;     306.29;    0.062563;      -65.095151;      -65.032588;      -65.080097;      0.15;     1060.16;       1.0404
      1693;        846.5;       ;      0.03;          ;     300.57;    0.061394;      -65.094071;      -65.032677;      -65.080097;      0.15;     1120.45;       1.0401
      1694;        847.0;       ;      0.03;          ;     298.13;    0.060896;      -65.093348;      -65.032452;      -65.080111;      0.11;     1174.78;       1.0396
      1695;        847.5;       ;      0.03;          ;     289.75;    0.059183;      -65.092784;      -65.033600;      -65.080109;      0.12;     1216.83;       1.0391
      1696;        848.0;       ;      0.03;          ;     278.56;    0.056898;      -65.092446;      -65.035548;      -65.080081;      0.18;     1246.20;       1.0384
      1697;        848.5;       ;      0.03;          ;     280.78;    0.057352;      -65.092790;      -65.035438;      -65.080062;      0.23;     1252.56;       1.0378
      1698;        849.0;       ;      0.03;          ;     286.26;    0.058471;      -65.094074;      -65.035603;      -65.080088;      0.17;     1237.07;       1.0372
      1699;        849.5;       ;      0.03;          ;     299.62;    0.061201;      -65.095831;      -65.034630;      -65.080148;      0.02;     1202.32;       1.0367
      1700;        850.0;       ;      0.03;          ;     305.83;    0.062468;      -65.097088;      -65.034621;      -65.080194;     -0.09;     1152.37;       1.0363
      1701;        850.5;       ;      0.02;          ;     298.72;    0.061016;      -65.097054;      -65.036038;      -65.080196;     -0.10;     1093.35;       1.0360
      1702;        851.0;       ;      0.03;          ;     295.79;    0.060418;      -65.095696;      -65.035279;      -65.080168;     -0.03;     1032.87;       1.0359
      1703;        851.5;       ;      0.03;          ;     288.24;    0.058875;      -65.093453;      -65.034578;      -65.080127;      0.07;      977.55;       1.0360
      1704;        852.0;       ;      0.03;          ;     279.86;    0.057164;      -65.090968;      -65.033804;      -65.080080;      0.19;      934.89;       1.0362
      1705;        852.5;       ;      0.02;          ;     272.64;    0.055689;      -65.089002;      -65.033313;      -65.080034;      0.30;      910.88;       1.0365
      1706;        853.0;       ;      0.03;          ;     263.22;    0.053764;      -65.088293;      -65.034528;      -65.080008;      0.36;      909.44;       1.0368
      1707;        853.5;       ;      0.03;          ;     258.92;    0.052886;      -65.089309;      -65.036423;      -65.080019;      0.34;      931.15;       1.0370
      1708;        854.0;       ;      0.02;          ;     274.44;    0.056057;      -65.091966;      -65.035909;      -65.080065;      0.22;      972.38;       1.0371
      1709;        854.5;       ;      0.03;          ;     290.07;    0.059250;      -65.095647;      -65.036398;      -65.080127;      0.07;     1027.22;       1.0370
      1710;        855.0;       ;      0.02;          ;     317.19;    0.064790;      -65.099344;      -65.034554;      -65.080187;     -0.07;     1092.67;       1.0367
      1711;        855.5;       ;      0.03;          ;     328.85;    0.067170;      -65.102095;      -65.034925;      -65.080233;     -0.19;     1204.27;       1.0362
      1712;        856.0;       ;      0.03;          ;     333.95;    0.068212;      -65.103015;      -65.034802;      -65.080254;     -0.24;     1280.55;       1.0355
      1713;        856.5;       ;      0.02;          ;     329.87;    0.067380;      -65.101792;      -65.034412;      -65.080232;     -0.18;     1317.61;       1.0348
      1714;        857.0;       ;      0.03;          ;     319.92;    0.065346;      -65.098785;      -65.033438;      -65.080160;     -0.01;     1333.17;       1.0340
      1715;        857.5;       ;      0.02;          ;     296.46;    0.060555;      -65.095106;      -65.034551;      -65.080052;      0.25;     1391.49;       1.0331
      1716;        858.0;       ;      0.03;          ;     286.65;    0.058550;      -65.092468;      -65.033918;      -65.079970;      0.46;     1419.20;       1.0322
      1717;        858.5;       ;      0.03;          ;     286.60;    0.058541;      -65.092089;      -65.033548;      -65.079969;      0.46;     1420.39;       1.0313
      1718;        859.0;       ;      0.03;          ;     300.19;    0.061318;      -65.093948;      -65.032631;      -65.080042;      0.28;     1438.37;       1.0303
      1719;        859.5;       ;      0.03;          ;     311.71;    0.063670;      -65.096888;      -65.033218;      -65.080125;      0.08;     1442.94;       1.0294
      1720;        860.0;       ;      0.03;          ;     326.91;    0.066775;      -65.099514;      -65.032738;      -65.080172;     -0.04;     1426.77;       1.0285
      1721;        860.5;       ;      0.03;          ;     332.25;    0.067864;      -65.101014;      -65.033149;      -65.080181;     -0.06;     1393.63;       1.0276
      1722;        861.0;       ;      0.03;          ;     331.68;    0.067748;      -65.101148;      -65.033400;      -65.080166;     -0.02;     1359.49;       1.0268
      1723;        861.5;       ;      0.03;          ;     320.28;    0.065420;      -65.100125;      -65.034705;      -65.080135;      0.05;     1417.55;       1.0259
      1724;        862.0;       ;      0.03;          ;     308.67;    0.063048;      -65.098444;      -65.035396;      -65.080098;      0.14;     1465.98;       1.0249
      1725;        862.5;       ;      0.03;          ;     297.95;    0.060860;      -65.096740;      -65.035880;      -65.080064;      0.23;     1494.36;       1.0239
      1726;        863.0;       ;      0.02;          ;     292.92;    0.059831;      -65.095593;      -65.035762;      -65.080042;      0.28;     1505.68;       1.0229
      1727;        863.5;       ;      0.03;          ;     294.88;    0.060231;      -65.095372;      -65.035141;      -65.080035;      0.30;     1533.79;       1.0218
      1728;        864.0;       ;      0.02;          ;     295.70;    0.060399;      -65.096191;      -65.035793;      -65.080042;      0.28;     1543.03;       1.0207
      1729;        864.5;       ;      0.03;          ;     304.13;    0.062121;      -65.097923;      -65.035801;      -65.080073;      0.20;     1535.63;       1.0196
      1730;        865.0;       ;      0.02;          ;     310.82;    0.063488;      -65.100099;      -65.036610;      -65.080132;      0.06;     1516.84;       1.0186
      1731;        865.5;       ;      0.02;          ;     314.82;    0.064304;      -65.101878;      -65.037574;      -65.080192;     -0.09;     1502.83;       1.0176
      1732;        866.0;       ;      0.03;          ;     318.76;    0.065109;      -65.102452;      -65.037344;      -65.080221;     -0.16;     1534.38;       1.0165
      1733;        866.5;       ;      0.03;          ;     309.47;    0.063211;      -65.101457;      -65.038246;      -65.080197;     -0.10;     1583.34;       1.0154
      1734;        867.0;       ;      0.03;          ;     297.10;    0.060686;      -65.099340;      -65.038654;      -65.080126;      0.08;     1646.27;       1.0142
      1735;        867.5;       ;      0.03;          ;     281.08;    0.057413;      -65.097220;      -65.039807;      -65.080058;      0.24;     1718.60;       1.0129
      1736;        868.0;       ;      0.02;          ;     268.71;    0.054887;      -65.096141;      -65.041253;      -65.080049;      0.26;     1793.91;       1.0116
      1737;        868.5;       ;      0.03;          ;     266.82;    0.054500;      -65.096284;      -65.041784;      -65.080092;      0.16;     1866.21;       1.0102
      1738;        869.0;       ;      0.03;          ;     271.74;    0.055505;      -65.097020;      -65.041515;      -65.080133;      0.06;     1931.26;       1.0087
      1739;        869.5;       ;      0.03;          ;     282.14;    0.057629;      -65.097665;      -65.040036;      -65.080137;      0.05;     1985.33;       1.0072
      1740;        870.0;       ;      0.02;          ;     283.09;    0.057823;      -65.097948;      -65.040125;      -65.080123;      0.08;     2025.76;       1.0057
      1741;        870.5;       ;      0.03;          ;     281.11;    0.057419;      -65.097901;      -65.040482;      -65.080117;      0.10;     2049.24;       1.0042
      1742;        871.0;       ;      0.02;          ;     274.50;    0.056069;      -65.097602;      -65.041532;      -65.080117;      0.10;     2054.88;       1.0026
      1743;        871.5;       ;      0.03;          ;     270.23;    0.055197;      -65.097126;      -65.041930;      -65.080111;      0.11;     2043.36;       1.0011
      1744;        872.0;       ;      0.03;          ;     271.87;    0.055532;      -65.096658;      -65.041127;      -65.080098;      0.14;     2017.49;       0.9996
      1745;        872.5;       ;      0.03;          ;     261.37;    0.053387;      -65.096421;      -65.043034;      -65.080085;      0.18;     1981.73;       0.9981
      1746;        873.0;       ;      0.03;          ;     266.15;    0.054364;      -65.096679;      -65.042315;      -65.080082;      0.18;     1942.33;       0.9966
      1747;        873.5;       ;      0.03;          ;     270.49;    0.055249;      -65.097533;      -65.042284;      -65.080097;      0.15;     1906.06;       0.9952
      1748;        874.0;       ;      0.03;          ;     280.20;    0.057234;      -65.098727;      -65.041493;      -65.080132;      0.06;     1880.00;       0.9938
      1749;        874.5;       ;      0.03;          ;     288.41;    0.058911;      -65.099700;      -65.040789;      -65.080178;     -0.05;     1869.84;       0.9924
      1750;        875.0;       ;      0.02;          ;     284.29;    0.058069;      -65.099716;      -65.041647;      -65.080206;     -0.12;     1878.73;       0.9910
      1751;        875.5;       ;      0.02;          ;     278.06;    0.056796;      -65.098383;      -65.041587;      -65.080193;     -0.09;     1905.99;       0.9896
      1752;        876.0;       ;      0.02;          ;     267.50;    0.054639;      -65.095957;      -65.041318;      -65.080135;      0.05;     1948.71;       0.9882
      1753;        876.5;       ;      0.03;          ;     254.42;    0.051967;      -65.093353;      -65.041386;      -65.080051;      0.26;     2001.67;       0.9867
      1754;        877.0;       ;      0.03;          ;     245.19;    0.050082;      -65.091853;      -65.041771;      -65.079995;      0.40;     2058.30;       0.9852
      1755;        877.5;       ;      0.02;          ;     245.46;    0.050138;      -65.092296;      -65.042158;      -65.080018;      0.34;     2112.07;       0.9836
      1756;        878.0;       ;      0.03;          ;     252.88;    0.051653;      -65.094319;      -65.042665;      -65.080107;      0.12;     2157.42;       0.9821
      1757;        878.5;       ;      0.03;          ;     267.63;    0.054667;      -65.096564;      -65.041897;      -65.080194;     -0.09;     2189.66;       0.9805
      1758;        879.0;       ;      0.03;          ;     270.19;    0.055188;      -65.097640;      -65.042451;      -65.080229;     -0.18;     2205.97;       0.9788
      1759;        879.5;       ;      0.03;          ;     259.61;    0.053029;      -65.096875;      -65.043847;      -65.080211;     -0.13;     2203.46;       0.9772
      1760;        880.0;       ;      0.03;          ;     249.33;    0.050929;      -65.094576;      -65.043647;      -65.080164;     -0.02;     2181.31;       0.9757
      1761;        880.5;       ;      0.03;          ;     230.24;    0.047028;      -65.091488;      -65.044460;      -65.080107;      0.12;     2140.79;       0.9741
      1762;        881.0;       ;      0.02;          ;     215.44;    0.044005;      -65.088593;      -65.044588;      -65.080058;      0.24;     2084.98;       0.9726
      1763;        881.5;       ;      0.02;          ;     210.20;    0.042935;      -65.086745;      -65.043810;      -65.080028;      0.32;     2018.59;       0.9711
      1764;        882.0;       ;      0.02;          ;     207.27;    0.042337;      -65.086454;      -65.044117;      -65.080020;      0.34;     1947.65;       0.9697
      1765;        882.5;       ;      0.03;          ;     210.68;    0.043033;      -65.087898;      -65.044865;      -65.080034;      0.30;     1880.08;       0.9683
      1766;        883.0;       ;      0.02;          ;     232.76;    0.047543;      -65.090881;      -65.043339;      -65.080079;      0.19;     1823.21;       0.9670
      1767;        883.5;       ;      0.03;          ;     252.62;    0.051600;      -65.094745;      -65.043145;      -65.080153;      0.01;     1781.83;       0.9658
      1768;        884.0;       ;      0.03;          ;     271.24;    0.055403;      -65.098210;      -65.042807;      -65.080234;     -0.19;     1759.07;       0.9645
      1769;        884.5;       ;      0.02;          ;     276.20;    0.056417;      -65.099994;      -65.043578;      -65.080286;     -0.32;     1754.42;       0.9633
      1770;        885.0;       ;      0.03;          ;     268.88;    0.054922;      -65.099309;      -65.044387;      -65.080278;     -0.30;     1764.15;       0.9620
      1771;        885.5;       ;      0.03;          ;     252.35;    0.051545;      -65.096382;      -65.044837;      -65.080202;     -0.11;     1782.77;       0.9608
      1772;        886.0;       ;      0.03;          ;     234.84;    0.047969;      -65.092475;      -65.044507;      -65.080083;      0.18;     1804.29;       0.9595
      1773;        886.5;       ;      0.03;          ;     222.82;    0.045514;      -65.089407;      -65.043893;      -65.079984;      0.42;     1823.18;       0.9582
      1774;        887.0;       ;      0.02;          ;     219.06;    0.044745;      -65.088662;      -65.043917;      -65.079966;      0.47;     1834.40;       0.9569
      1775;        887.5;       ;      0.03;          ;     230.18;    0.047017;      -65.090525;      -65.043508;      -65.080030;      0.31;     1833.47;       0.9556
      1776;        888.0;       ;      0.03;          ;     238.69;    0.048755;      -65.094027;      -65.045272;      -65.080123;      0.08;     1817.41;       0.9543
      1777;        888.5;       ;      0.03;          ;     254.64;    0.052012;      -65.097686;      -65.045674;      -65.080200;     -0.11;     1784.33;       0.9530
      1778;        889.0;       ;      0.03;          ;     269.60;    0.055069;      -65.100381;      -65.045313;      -65.080250;     -0.23;     1734.02;       0.9518
      1779;        889.5;       ;      0.03;          ;     275.06;    0.056183;      -65.101311;      -65.045128;      -65.080273;     -0.29;     1667.70;       0.9507
      1780;        890.0;       ;      0.03;          ;     269.89;    0.055128;      -65.100101;      -65.044973;      -65.080268;     -0.27;     1588.65;       0.9496
      1781;        890.5;       ;      0.03;          ;     258.31;    0.052763;      -65.096890;      -65.044128;      -65.080233;     -0.19;     1501.91;       0.9487
      1782;        891.0;       ;      0.03;          ;     238.73;    0.048762;      -65.092296;      -65.043534;      -65.080164;     -0.02;     1413.49;       0.9478
      1783;        891.5;       ;      0.03;          ;     215.05;    0.043926;      -65.087491;      -65.043565;      -65.080070;      0.21;     1330.74;       0.9471
      1784;        892.0;       ;      0.03;          ;     196.77;    0.040192;      -65.084057;      -65.043864;      -65.079987;      0.41;     1260.78;       0.9465
      1785;        892.5;       ;      0.02;          ;     192.15;    0.039248;      -65.083335;      -65.044087;      -65.079969;      0.46;     1208.58;       0.9460
      1786;        893.0;       ;      0.02;          ;     206.85;    0.042251;      -65.085632;      -65.043381;      -65.080037;      0.29;     1175.86;       0.9456
      1787;        893.5;       ;      0.03;          ;     226.53;    0.046271;      -65.089908;      -65.043637;      -65.080163;     -0.02;     1161.06;       0.9452
      1788;        894.0;       ;      0.02;          ;     245.07;    0.050058;      -65.094172;      -65.044114;      -65.080280;     -0.30;     1160.35;       0.9448
      1789;        894.5;       ;      0.02;          ;     255.98;    0.052287;      -65.096624;      -65.044337;      -65.080331;     -0.43;     1168.27;       0.9444
      1790;        895.0;       ;      0.03;          ;     263.24;    0.053768;      -65.096492;      -65.042724;      -65.080294;     -0.34;     1198.98;       0.9440
      1791;        895.5;       ;      0.03;          ;     252.38;    0.051551;      -65.094244;      -65.042694;      -65.080188;     -0.08;     1219.15;       0.9435
      1792;        896.0;       ;      0.03;          ;     239.81;    0.048984;      -65.091416;      -65.042431;      -65.080082;      0.18;     1220.86;       0.9429
      1793;        896.5;       ;      0.02;          ;     237.32;    0.048476;      -65.089620;      -65.041144;      -65.080039;      0.29;     1202.51;       0.9425
      1794;        897.0;       ;      0.02;          ;     230.94;    0.047171;      -65.089490;      -65.042319;      -65.080065;      0.23;     1164.04;       0.9421
      1795;        897.5;       ;      0.03;          ;     233.38;    0.047669;      -65.090707;      -65.043038;      -65.080110;      0.11;     1114.03;       0.9418
      1796;        898.0;       ;      0.03;          ;     243.44;    0.049724;      -65.092630;      -65.042906;      -65.080149;      0.02;     1062.42;       0.9416
      1797;        898.5;       ;      0.03;          ;     254.19;    0.051921;      -65.094635;      -65.042714;      -65.080185;     -0.07;      997.88;       0.9416
      1798;        899.0;       ;      0.03;          ;     263.14;    0.053749;      -65.096112;      -65.042363;      -65.080222;     -0.16;      923.87;       0.9418
      1799;        899.5;       ;      0.03;          ;     264.84;    0.054096;      -65.096504;      -65.042408;      -65.080245;     -0.22;      845.14;       0.9423
      1800;        900.0;       ;      0.03;          ;     260.67;    0.053244;      -65.095502;      -65.042258;      -65.080235;     -0.19;      767.77;       0.9429
      1801;        900.5;       ;      0.02;          ;     251.70;    0.051413;      -65.093343;      -65.041930;      -65.080182;     -0.06;      697.76;       0.9438
      1802;        901.0;       ;      0.03;          ;     237.36;    0.048482;      -65.090877;      -65.042395;      -65.080108;      0.12;      640.48;       0.9448
      1803;        901.5;       ;      0.04;          ;     231.32;    0.047250;      -65.089267;      -65.042017;      -65.080067;      0.22;      615.76;       0.9459
      1804;        902.0;       ;      0.04;          ;     233.15;    0.047623;      -65.089139;      -65.041516;      -65.080095;      0.15;      622.62;       0.9470
      1805;        902.5;       ;      0.04;          ;     234.38;    0.047875;      -65.090081;      -65.042206;      -65.080174;     -0.04;      642.87;       0.9480
      1806;        903.0;       ;      0.03;          ;     231.97;    0.047383;      -65.090937;      -65.043554;      -65.080248;     -0.22;      670.17;       0.9489
      1807;        903.5;       ;      0.02;          ;     221.96;    0.045337;      -65.090705;      -65.045368;      -65.080271;     -0.28;      697.62;       0.9498
      1808;        904.0;       ;      0.03;          ;     211.58;    0.043217;      -65.089223;      -65.046006;      -65.080238;     -0.20;      732.87;       0.9505
      1809;        904.5;       ;      0.03;          ;     202.75;    0.041414;      -65.087119;      -65.045705;      -65.080175;     -0.04;      750.10;       0.9512
      1810;        905.0;       ;      0.03;          ;     190.56;    0.038925;      -65.085385;      -65.046460;      -65.080113;      0.11;      740.82;       0.9520
      1811;        905.5;       ;      0.04;          ;     190.86;    0.038984;      -65.085030;      -65.046046;      -65.080086;      0.17;      707.70;       0.9528
      1812;        906.0;       ;      0.03;          ;     198.10;    0.040464;      -65.086501;      -65.046038;      -65.080112;      0.11;      677.32;       0.9537
      1813;        906.5;       ;      0.03;          ;     214.54;    0.043822;      -65.089377;      -65.045555;      -65.080179;     -0.05;      634.96;       0.9548
      1814;        907.0;       ;      0.03;          ;     227.27;    0.046422;      -65.092640;      -65.046218;      -65.080241;     -0.21;      583.49;       0.9560
      1815;        907.5;       ;      0.03;          ;     244.73;    0.049988;      -65.095258;      -65.045270;      -65.080272;     -0.28;      528.30;       0.9573
      1816;        908.0;       ;      0.03;          ;     252.30;    0.051534;      -65.096701;      -65.045167;      -65.080277;     -0.29;      472.88;       0.9588
      1817;        908.5;       ;      0.03;          ;     244.37;    0.049914;      -65.096772;      -65.046857;      -65.080267;     -0.27;      427.71;       0.9605
      1818;        909.0;       ;      0.03;          ;     240.77;    0.049179;      -65.095687;      -65.046508;      -65.080246;     -0.22;      400.13;       0.9622
      1819;        909.5;       ;      0.03;          ;     233.64;    0.047723;      -65.093841;      -65.046118;      -65.080208;     -0.13;      389.80;       0.9640
      1820;        910.0;       ;      0.03;          ;     226.24;    0.046211;      -65.091813;      -65.045602;      -65.080156;      0.00;      399.01;       0.9657
      1821;        910.5;       ;      0.02;          ;     223.41;    0.045634;      -65.090388;      -65.044754;      -65.080109;      0.12;      463.63;       0.9673
      1822;        911.0;       ;      0.03;          ;     221.68;    0.045279;      -65.090242;      -65.044963;      -65.080092;      0.16;      535.27;       0.9686
      1823;        911.5;       ;      0.02;          ;     227.61;    0.046492;      -65.091592;      -65.045100;      -65.080115;      0.10;      603.51;       0.9698
      1824;        912.0;       ;      0.03;          ;     241.06;    0.049239;      -65.094060;      -65.044821;      -65.080166;     -0.02;      665.45;       0.9707
      1825;        912.5;       ;      0.03;          ;     249.55;    0.050973;      -65.096809;      -65.045836;      -65.080229;     -0.18;      718.92;       0.9716
      1826;        913.0;       ;      0.03;          ;     261.17;    0.053347;      -65.098795;      -65.045448;      -65.080292;     -0.33;      770.12;       0.9722
      1827;        913.5;       ;      0.02;          ;     272.81;    0.055723;      -65.099070;      -65.043346;      -65.080335;     -0.44;      818.91;       0.9728
      1828;        914.0;       ;      0.03;          ;     255.92;    0.052275;      -65.096887;      -65.044612;      -65.080323;     -0.41;      848.45;       0.9732
      1829;        914.5;       ;      0.02;          ;     234.14;    0.047824;      -65.092557;      -65.044733;      -65.080237;     -0.20;      859.83;       0.9736
      1830;        915.0;       ;      0.02;          ;     203.99;    0.041666;      -65.087540;      -65.045874;      -65.080110;      0.11;      856.67;       0.9740
      1831;        915.5;       ;      0.02;          ;     188.50;    0.038503;      -65.083955;      -65.045452;      -65.080018;      0.34;      844.02;       0.9745
      1832;        916.0;       ;      0.03;          ;     185.55;    0.037900;      -65.083210;      -65.045310;      -65.080015;      0.35;      827.25;       0.9750
      1833;        916.5;       ;      0.03;          ;     195.81;    0.039996;      -65.085396;      -65.045400;      -65.080092;      0.16;      822.75;       0.9755
      1834;        917.0;       ;      0.02;          ;     213.25;    0.043558;      -65.089355;      -65.045797;      -65.080197;     -0.10;      823.35;       0.9760
      1835;        917.5;       ;      0.03;          ;     232.76;    0.047544;      -65.093452;      -65.045908;      -65.080279;     -0.30;      828.86;       0.9765
      1836;        918.0;       ;      0.03;          ;     253.32;    0.051744;      -65.096382;      -65.044638;      -65.080316;     -0.39;      840.02;       0.9770
      1837;        918.5;       ;      0.03;          ;     255.56;    0.052201;      -65.097458;      -65.045257;      -65.080306;     -0.37;      865.57;       0.9774
      1838;        919.0;       ;      0.03;          ;     246.14;    0.050277;      -65.096714;      -65.046436;      -65.080257;     -0.24;      914.74;       0.9776
      1839;        919.5;       ;      0.03;          ;     237.45;    0.048501;      -65.094971;      -65.046470;      -65.080188;     -0.08;      971.55;       0.9777
      1840;        920.0;       ;      0.02;          ;     228.30;    0.046633;      -65.093286;      -65.046653;      -65.080132;      0.06;     1038.38;       0.9776
      1841;        920.5;       ;      0.02;          ;     226.15;    0.046194;      -65.092474;      -65.046280;      -65.080113;      0.11;     1137.88;       0.9773
      1842;        921.0;       ;      0.03;          ;     226.57;    0.046278;      -65.092775;      -65.046497;      -65.080126;      0.08;     1203.97;       0.9768
      1843;        921.5;       ;      0.03;          ;     234.50;    0.047899;      -65.093950;      -65.046051;      -65.080151;      0.01;     1233.12;       0.9762
      1844;        922.0;       ;      0.03;          ;     238.98;    0.048814;      -65.095559;      -65.046745;      -65.080182;     -0.06;     1225.02;       0.9757
      1845;        922.5;       ;      0.03;          ;     244.20;    0.049881;      -65.097067;      -65.047187;      -65.080220;     -0.16;     1182.15;       0.9752
      1846;        923.0;       ;      0.03;          ;     249.08;    0.050876;      -65.097958;      -65.047081;      -65.080249;     -0.23;     1128.23;       0.9749
      1847;        923.5;       ;      0.03;          ;     252.33;    0.051541;      -65.097860;      -65.046319;      -65.080242;     -0.21;     1084.75;       0.9747
      1848;        924.0;       ;      0.03;          ;     246.87;    0.050426;      -65.096907;      -65.046481;      -65.080191;     -0.08;     1027.33;       0.9746
      1849;        924.5;       ;      0.03;          ;     237.91;    0.048596;      -65.095894;      -65.047298;      -65.080134;      0.06;      961.80;       0.9747
      1850;        925.0;       ;      0.03;          ;     234.50;    0.047899;      -65.095736;      -65.047836;      -65.080130;      0.07;      895.07;       0.9750
      1851;        925.5;       ;      0.03;          ;     240.82;    0.049190;      -65.096579;      -65.047389;      -65.080192;     -0.09;      833.40;       0.9755
      1852;        926.0;       ;      0.03;          ;     245.97;    0.050241;      -65.097567;      -65.047326;      -65.080275;     -0.29;      782.24;       0.9761
      1853;        926.5;       ;      0.03;          ;     251.03;    0.051275;      -65.097479;      -65.046204;      -65.080319;     -0.40;      747.01;       0.9769
      1854;        927.0;       ;      0.03;          ;     245.78;    0.050204;      -65.095636;      -65.045433;      -65.080291;     -0.33;      735.65;       0.9776
      1855;        927.5;       ;      0.03;          ;     234.70;    0.047940;      -65.092402;      -65.044462;      -65.080202;     -0.11;      820.93;       0.9782
      1856;        928.0;       ;      0.03;          ;     222.38;    0.045424;      -65.089025;      -65.043601;      -65.080101;      0.14;      919.40;       0.9784
      1857;        928.5;       ;      0.03;          ;     210.60;    0.043017;      -65.086941;      -65.043924;      -65.080037;      0.29;     1019.80;       0.9783
      1858;        929.0;       ;      0.03;          ;     210.82;    0.043061;      -65.087099;      -65.044038;      -65.080031;      0.31;     1110.01;       0.9781
      1859;        929.5;       ;      0.03;          ;     222.11;    0.045368;      -65.089521;      -65.044153;      -65.080083;      0.18;     1181.80;       0.9776
      1860;        930.0;       ;      0.03;          ;     241.19;    0.049266;      -65.093333;      -65.044067;      -65.080166;     -0.02;     1228.62;       0.9771
      1861;        930.5;       ;      0.02;          ;     253.01;    0.051680;      -65.097168;      -65.045488;      -65.080243;     -0.21;     1246.02;       0.9765
      1862;        931.0;       ;      0.03;          ;     266.74;    0.054484;      -65.099753;      -65.045269;      -65.080285;     -0.31;     1231.80;       0.9759
      1863;        931.5;       ;      0.03;          ;     267.87;    0.054715;      -65.100478;      -65.045762;      -65.080285;     -0.31;     1256.68;       0.9753
      1864;        932.0;       ;      0.02;          ;     263.81;    0.053885;      -65.099323;      -65.045438;      -65.080253;     -0.24;     1309.89;       0.9746
      1865;        932.5;       ;      0.03;          ;     252.52;    0.051579;      -65.096780;      -65.045201;      -65.080205;     -0.12;     1358.70;       0.9739
      1866;        933.0;       ;      0.03;          ;     236.16;    0.048239;      -65.093619;      -65.045380;      -65.080146;      0.03;     1397.36;       0.9730
      1867;        933.5;       ;      0.03;          ;     228.38;    0.046650;      -65.090849;      -65.044199;      -65.080077;      0.19;     1463.29;       0.9721
      1868;        934.0;       ;      0.03;          ;     223.68;    0.045689;      -65.089505;      -65.043816;      -65.080023;      0.33;     1493.72;       0.9712
      1869;        934.5;       ;      0.03;          ;     237.39;    0.048490;      -65.090400;      -65.041911;      -65.080021;      0.33;     1492.06;       0.9702
      1870;        935.0;       ;      0.03;          ;     250.17;    0.051100;      -65.093525;      -65.042425;      -65.080086;      0.17;     1464.99;       0.9693
      1871;        935.5;       ;      0.03;          ;     272.29;    0.055618;      -65.097749;      -65.042130;      -65.080194;     -0.09;     1420.38;       0.9684
      1872;        936.0;       ;      0.03;          ;     298.02;    0.060873;      -65.101411;      -65.040538;      -65.080300;     -0.35;     1367.59;       0.9676
      1873;        936.5;       ;      0.03;          ;     305.25;    0.062350;      -65.102790;      -65.040440;      -65.080361;     -0.50;     1316.36;       0.9669
      1874;        937.0;       ;      0.03;          ;     299.31;    0.061136;      -65.100843;      -65.039707;      -65.080344;     -0.46;     1277.00;       0.9663
      1875;        937.5;       ;      0.03;          ;     271.51;    0.055459;      -65.095832;      -65.040372;      -65.080240;     -0.20;     1278.90;       0.9657
      1876;        938.0;       ;      0.03;          ;     239.00;    0.048818;      -65.089447;      -65.040629;      -65.080085;      0.17;     1354.73;       0.9649
      1877;        938.5;       ;      0.02;          ;     210.61;    0.043020;      -65.084069;      -65.041049;      -65.079953;      0.50;     1430.08;       0.9641
      1878;        939.0;       ;      0.03;          ;     199.01;    0.040649;      -65.081714;      -65.041064;      -65.079908;      0.61;     1499.00;       0.9631
      1879;        939.5;       ;      0.03;          ;     205.40;    0.041954;      -65.083043;      -65.041089;      -65.079960;      0.48;     1586.91;       0.9620
      1880;        940.0;       ;      0.03;          ;     224.36;    0.045827;      -65.087214;      -65.041387;      -65.080073;      0.20;     1653.09;       0.9609
      1881;        940.5;       ;      0.03;          ;     251.10;    0.051289;      -65.092402;      -65.041113;      -65.080195;     -0.09;     1689.82;       0.9597
      1882;        941.0;       ;      0.03;          ;     274.29;    0.056027;      -65.096659;      -65.040632;      -65.080282;     -0.31;     1755.54;       0.9585
      1883;        941.5;       ;      0.03;          ;     283.10;    0.057826;      -65.098497;      -65.040671;      -65.080312;     -0.38;     1784.50;       0.9572
      1884;        942.0;       ;      0.02;          ;     268.07;    0.054757;      -65.097397;      -65.042640;      -65.080270;     -0.28;     1770.76;       0.9560
      1885;        942.5;       ;      0.02;          ;     250.28;    0.051122;      -65.094181;      -65.043059;      -65.080165;     -0.02;     1712.86;       0.9548
      1886;        943.0;       ;      0.03;          ;     233.83;    0.047763;      -65.090630;      -65.042867;      -65.080041;      0.28;     1614.45;       0.9537
      1887;        943.5;       ;      0.02;          ;     227.43;    0.046455;      -65.088714;      -65.042258;      -65.079968;      0.46;     1482.29;       0.9528
      1888;        944.0;       ;      0.03;          ;     229.15;    0.046805;      -65.089601;      -65.042795;      -65.079992;      0.40;     1326.05;       0.9520
      1889;        944.5;       ;      0.03;          ;     243.53;    0.049744;      -65.093011;      -65.043268;      -65.080092;      0.16;     1192.89;       0.9516
      1890;        945.0;       ;      0.03;          ;     267.51;    0.054641;      -65.097510;      -65.042868;      -65.080211;     -0.13;     1084.65;       0.9514
      1891;        945.5;       ;      0.03;          ;     282.44;    0.057690;      -65.101311;      -65.043621;      -65.080302;     -0.36;      979.54;       0.9514
      1892;        946.0;       ;      0.03;          ;     290.82;    0.059402;      -65.103002;      -65.043600;      -65.080333;     -0.43;      891.83;       0.9517
      1893;        946.5;       ;      0.02;          ;     285.56;    0.058328;      -65.102161;      -65.043833;      -65.080294;     -0.34;      874.24;       0.9521
      1894;        947.0;       ;      0.03;          ;     270.88;    0.055330;      -65.099392;      -65.044062;      -65.080203;     -0.11;      902.85;       0.9524
      1895;        947.5;       ;      0.03;          ;     253.27;    0.051732;      -65.096094;      -65.044363;      -65.080107;      0.12;      963.69;       0.9525
      1896;        948.0;       ;      0.03;          ;     236.63;    0.048333;      -65.093708;      -65.045375;      -65.080059;      0.24;     1081.94;       0.9523
      1897;        948.5;       ;      0.03;          ;     229.03;    0.046781;      -65.092952;      -65.046171;      -65.080077;      0.20;     1196.74;       0.9518
      1898;        949.0;       ;      0.03;          ;     225.34;    0.046028;      -65.093562;      -65.047534;      -65.080129;      0.07;     1295.73;       0.9511
      1899;        949.5;       ;      0.03;          ;     224.04;    0.045762;      -65.094750;      -65.048988;      -65.080176;     -0.05;     1392.30;       0.9503
      1900;        950.0;       ;      0.02;          ;     229.63;    0.046904;      -65.095817;      -65.048912;      -65.080199;     -0.10;     1488.20;       0.9494
      1901;        950.5;       ;      0.03;          ;     234.49;    0.047896;      -65.096371;      -65.048475;      -65.080207;     -0.12;     1558.90;       0.9484
      1902;        951.0;       ;      0.03;          ;     239.81;    0.048983;      -65.096214;      -65.047231;      -65.080209;     -0.13;     1598.49;       0.9473
      1903;        951.5;       ;      0.03;          ;     231.95;    0.047379;      -65.095241;      -65.047863;      -65.080202;     -0.11;     1604.61;       0.9462
      1904;        952.0;       ;      0.03;          ;     220.34;    0.045007;      -65.093658;      -65.048650;      -65.080166;     -0.02;     1577.09;       0.9452
      1905;        952.5;       ;      0.03;          ;     217.54;    0.044435;      -65.092178;      -65.047744;      -65.080111;      0.11;     1519.71;       0.9442
      1906;        953.0;       ;      0.03;          ;     213.37;    0.043583;      -65.091683;      -65.048100;      -65.080078;      0.19;     1437.87;       0.9434
      1907;        953.5;       ;      0.03;          ;     220.85;    0.045110;      -65.092728;      -65.047618;      -65.080096;      0.15;     1340.11;       0.9427
      1908;        954.0;       ;      0.03;          ;     231.00;    0.047184;      -65.095109;      -65.047925;      -65.080155;      0.00;     1234.91;       0.9421
      1909;        954.5;       ;      0.02;          ;     241.06;    0.049240;      -65.097946;      -65.048707;      -65.080223;     -0.16;     1133.14;       0.9418
      1910;        955.0;       ;      0.03;          ;     253.90;    0.051862;      -65.100247;      -65.048385;      -65.080274;     -0.29;     1045.68;       0.9417
      1911;        955.5;       ;      0.03;          ;     253.26;    0.051731;      -65.101257;      -65.049526;      -65.080294;     -0.34;      981.57;       0.9417
      1912;        956.0;       ;      0.03;          ;     250.37;    0.051140;      -65.100711;      -65.049571;      -65.080270;     -0.28;      949.57;       0.9419
      1913;        956.5;       ;      0.03;          ;     241.38;    0.049304;      -65.099014;      -65.049710;      -65.080212;     -0.14;     1000.43;       0.9419
      1914;        957.0;       ;      0.03;          ;     234.75;    0.047950;      -65.097017;      -65.049067;      -65.080149;      0.02;     1051.27;       0.9417
      1915;        957.5;       ;      0.02;          ;     226.00;    0.046162;      -65.095605;      -65.049443;      -65.080107;      0.12;     1094.67;       0.9415
      1916;        958.0;       ;      0.03;          ;     224.86;    0.045931;      -65.095385;      -65.049454;      -65.080096;      0.15;     1126.79;       0.9412
      1917;        958.5;       ;      0.03;          ;     231.95;    0.047379;      -65.096470;      -65.049092;      -65.080117;      0.10;     1205.03;       0.9407
      1918;        959.0;       ;      0.03;          ;     243.67;    0.049772;      -65.098451;      -65.048678;      -65.080163;     -0.02;     1276.01;       0.9401
      1919;        959.5;       ;      0.03;          ;     255.34;    0.052155;      -65.100502;      -65.048347;      -65.080221;     -0.16;     1325.89;       0.9394
      1920;        960.0;       ;      0.03;          ;     264.66;    0.054059;      -65.101653;      -65.047593;      -65.080268;     -0.27;     1347.75;       0.9387
      1921;        960.5;       ;      0.03;          ;     262.61;    0.053641;      -65.101153;      -65.047512;      -65.080275;     -0.29;     1338.51;       0.9379
      1922;        961.0;       ;      0.03;          ;     249.49;    0.050960;      -65.098946;      -65.047986;      -65.080220;     -0.15;     1298.32;       0.9373
      1923;        961.5;       ;      0.03;          ;     238.62;    0.048739;      -65.096006;      -65.047267;      -65.080121;      0.09;     1230.70;       0.9368
      1924;        962.0;       ;      0.03;          ;     231.04;    0.047192;      -65.093890;      -65.046698;      -65.080045;      0.27;     1140.90;       0.9364
      1925;        962.5;       ;      0.03;          ;     234.67;    0.047934;      -65.093808;      -65.045874;      -65.080058;      0.24;     1036.71;       0.9363
      1926;        963.0;       ;      0.03;          ;     246.48;    0.050345;      -65.095645;      -65.045300;      -65.080156;      0.00;      927.05;       0.9365
      1927;        963.5;       ;      0.03;          ;     250.56;    0.051178;      -65.098034;      -65.046855;      -65.080253;     -0.24;      897.62;       0.9368
      1928;        964.0;       ;      0.03;          ;     256.30;    0.052351;      -65.099522;      -65.047171;      -65.080290;     -0.33;      915.45;       0.9371
      1929;        964.5;       ;      0.03;          ;     254.37;    0.051957;      -65.099603;      -65.047646;      -65.080267;     -0.27;      943.85;       0.9372
      1930;        965.0;       ;      0.03;          ;     250.21;    0.051108;      -65.098588;      -65.047479;      -65.080222;     -0.16;      979.16;       0.9373
      1931;        965.5;       ;      0.02;          ;     247.49;    0.050552;      -65.097116;      -65.046565;      -65.080187;     -0.07;     1017.02;       0.9372
      1932;        966.0;       ;      0.02;          ;     244.85;    0.050012;      -65.095636;      -65.045624;      -65.080172;     -0.04;     1052.95;       0.9371
      1933;        966.5;       ;      0.03;          ;     235.05;    0.048011;      -65.094288;      -65.046278;      -65.080166;     -0.02;     1082.61;       0.9369
      1934;        967.0;       ;      0.03;          ;     230.00;    0.046980;      -65.093140;      -65.046159;      -65.080156;      0.00;     1102.03;       0.9366
      1935;        967.5;       ;      0.03;          ;     224.53;    0.045862;      -65.092310;      -65.046447;      -65.080137;      0.05;     1109.15;       0.9363
      1936;        968.0;       ;      0.03;          ;     221.29;    0.045200;      -65.092033;      -65.046833;      -65.080122;      0.08;     1103.05;       0.9361
      1937;        968.5;       ;      0.03;          ;     225.81;    0.046124;      -65.092493;      -65.046369;      -65.080129;      0.07;     1084.27;       0.9359
      1938;        969.0;       ;      0.03;          ;     232.28;    0.047445;      -65.093546;      -65.046101;      -65.080163;     -0.02;     1054.51;       0.9357
      1939;        969.5;       ;      0.03;          ;     239.34;    0.048888;      -65.094654;      -65.045766;      -65.080206;     -0.12;     1016.80;       0.9357
      1940;        970.0;       ;      0.03;          ;     243.84;    0.049806;      -65.095186;      -65.045380;      -65.080228;     -0.18;      975.04;       0.9357
      1941;        970.5;       ;      0.02;          ;     241.03;    0.049233;      -65.094866;      -65.045633;      -65.080205;     -0.12;      933.65;       0.9359
      1942;        971.0;       ;      0.03;          ;     241.65;    0.049360;      -65.094123;      -65.044763;      -65.080152;      0.01;      897.29;       0.9362
      1943;        971.5;       ;      0.03;          ;     239.69;    0.048958;      -65.093788;      -65.044830;      -65.080120;      0.09;      869.37;       0.9366
      1944;        972.0;       ;      0.03;          ;     241.07;    0.049240;      -65.094355;      -65.045115;      -65.080149;      0.02;      853.13;       0.9370
      1945;        972.5;       ;      0.02;          ;     248.66;    0.050791;      -65.095477;      -65.044686;      -65.080209;     -0.13;      850.01;       0.9374
      1946;        973.0;       ;      0.03;          ;     258.43;    0.052787;      -65.096300;      -65.043513;      -65.080245;     -0.22;      859.65;       0.9378
      1947;        973.5;       ;      0.03;          ;     249.95;    0.051054;      -65.096231;      -65.045178;      -65.080229;     -0.18;      880.15;       0.9381
      1948;        974.0;       ;      0.02;          ;     246.04;    0.050255;      -65.095500;      -65.045244;      -65.080185;     -0.07;      907.59;       0.9384
      1949;        974.5;       ;      0.03;          ;     250.64;    0.051196;      -65.094813;      -65.043617;      -65.080148;      0.02;      937.85;       0.9386
      1950;        975.0;       ;      0.02;          ;     250.71;    0.051210;      -65.094657;      -65.043447;      -65.080139;      0.04;      969.12;       0.9387
      1951;        975.5;       ;      0.03;          ;     250.95;    0.051259;      -65.095087;      -65.043828;      -65.080159;     -0.01;     1027.10;       0.9386
      1952;        976.0;       ;      0.03;          ;     255.39;    0.052166;      -65.095739;      -65.043573;      -65.080195;     -0.09;     1050.43;       0.9384
      1953;        976.5;       ;      0.03;          ;     258.33;    0.052766;      -65.096030;      -65.043264;      -65.080218;     -0.15;     1038.02;       0.9383
      1954;        977.0;       ;      0.03;          ;     250.70;    0.051207;      -65.095533;      -65.044325;      -65.080212;     -0.13;      991.36;       0.9384
      1955;        977.5;       ;      0.03;          ;     245.21;    0.050087;      -65.094351;      -65.044264;      -65.080181;     -0.06;      959.59;       0.9385
      1956;        978.0;       ;      0.03;          ;     238.03;    0.048619;      -65.092935;      -65.044316;      -65.080154;      0.01;      924.90;       0.9387
      1957;        978.5;       ;      0.03;          ;     238.79;    0.048775;      -65.091684;      -65.042908;      -65.080152;      0.01;      882.55;       0.9390
      1958;        979.0;       ;      0.03;          ;     228.90;    0.046755;      -65.090593;      -65.043838;      -65.080170;     -0.03;      835.51;       0.9395
      1959;        979.5;       ;      0.03;          ;     229.57;    0.046892;      -65.089494;      -65.042602;      -65.080176;     -0.05;      789.39;       0.9401
      1960;        980.0;       ;      0.02;          ;     224.42;    0.045840;      -65.088360;      -65.042520;      -65.080145;      0.03;      747.22;       0.9408
      1961;        980.5;       ;      0.02;          ;     224.35;    0.045827;      -65.087693;      -65.041867;      -65.080095;      0.15;      713.72;       0.9416
      1962;        981.0;       ;      0.03;          ;     228.47;    0.046668;      -65.088225;      -65.041557;      -65.080086;      0.17;      691.77;       0.9425
      1963;        981.5;       ;      0.02;          ;     230.73;    0.047128;      -65.090051;      -65.042923;      -65.080152;      0.01;      683.36;       0.9434
      1964;        982.0;       ;      0.03;          ;     241.03;    0.049232;      -65.092230;      -65.042997;      -65.080246;     -0.22;      689.01;       0.9442
      1965;        982.5;       ;      0.03;          ;     248.23;    0.050702;      -65.093458;      -65.042756;      -65.080298;     -0.35;      706.86;       0.9451
      1966;        983.0;       ;      0.03;          ;     239.04;    0.048827;      -65.092941;      -65.044114;      -65.080274;     -0.29;      733.78;       0.9458
      1967;        983.5;       ;      0.03;          ;     233.45;    0.047684;      -65.091103;      -65.043418;      -65.080195;     -0.09;      765.29;       0.9465
      1968;        984.0;       ;      0.03;          ;     224.91;    0.045939;      -65.089136;      -65.043197;      -65.080113;      0.11;      797.07;       0.9471
      1969;        984.5;       ;      0.03;          ;     221.14;    0.045170;      -65.088249;      -65.043079;      -65.080077;      0.20;      824.53;       0.9476
      1970;        985.0;       ;      0.03;          ;     225.61;    0.046084;      -65.088979;      -65.042896;      -65.080099;      0.14;      843.93;       0.9480
      1971;        985.5;       ;      0.03;          ;     239.74;    0.048968;      -65.090985;      -65.042016;      -65.080151;      0.01;      852.69;       0.9484
      1972;        986.0;       ;      0.03;          ;     251.26;    0.051321;      -65.093427;      -65.042106;      -65.080196;     -0.10;      849.46;       0.9489
      1973;        986.5;       ;      0.03;          ;     262.63;    0.053645;      -65.095506;      -65.041861;      -65.080219;     -0.15;      834.40;       0.9493
      1974;        987.0;       ;      0.03;          ;     267.74;    0.054689;      -65.096806;      -65.042117;      -65.080224;     -0.17;      808.77;       0.9499
      1975;        987.5;       ;      0.03;          ;     272.61;    0.055683;      -65.097189;      -65.041505;      -65.080222;     -0.16;      775.22;       0.9505
      1976;        988.0;       ;      0.03;          ;     273.67;    0.055899;      -65.096671;      -65.040772;      -65.080215;     -0.14;      746.05;       0.9512
      1977;        988.5;       ;      0.03;          ;     263.44;    0.053810;      -65.095336;      -65.041526;      -65.080198;     -0.10;      725.11;       0.9520
      1978;        989.0;       ;      0.03;          ;     257.47;    0.052591;      -65.093514;      -65.040923;      -65.080165;     -0.02;      702.00;       0.9529
      1979;        989.5;       ;      0.03;          ;     248.52;    0.050762;      -65.091774;      -65.041012;      -65.080116;      0.10;      679.01;       0.9538
      1980;        990.0;       ;      0.03;          ;     249.38;    0.050939;      -65.090904;      -65.039965;      -65.080080;      0.19;      659.03;       0.9548
      1981;        990.5;       ;      0.03;          ;     250.23;    0.051112;      -65.091410;      -65.040298;      -65.080101;      0.14;      644.01;       0.9558
      1982;        991.0;       ;      0.03;          ;     254.03;    0.051887;      -65.092961;      -65.041073;      -65.080176;     -0.05;      635.79;       0.9568
      1983;        991.5;       ;      0.05;          ;     260.30;    0.053169;      -65.094484;      -65.041315;      -65.080247;     -0.22;      634.79;       0.9579
      1984;        992.0;       ;      0.03;          ;     264.99;    0.054126;      -65.094953;      -65.040828;      -65.080263;     -0.26;      640.12;       0.9589
      1985;        992.5;       ;      0.03;          ;     264.39;    0.054004;      -65.094094;      -65.040090;      -65.080218;     -0.15;      649.92;       0.9599
      1986;        993.0;       ;      0.03;          ;     251.43;    0.051356;      -65.092480;      -65.041124;      -65.080152;      0.01;      661.64;       0.9609
      1987;        993.5;       ;      0.03;          ;     246.88;    0.050427;      -65.091125;      -65.040697;      -65.080114;      0.10;      712.28;       0.9617
      1988;        994.0;       ;      0.03;          ;     243.77;    0.049793;      -65.090628;      -65.040835;      -65.080122;      0.08;      806.20;       0.9623
      1989;        994.5;       ;      0.03;          ;     247.31;    0.050516;      -65.090849;      -65.040333;      -65.080161;     -0.01;      882.95;       0.9626
      1990;        995.0;       ;      0.03;          ;     247.98;    0.050652;      -65.091198;      -65.040546;      -65.080184;     -0.07;      940.11;       0.9628
      1991;        995.5;       ;      0.03;          ;     246.99;    0.050449;      -65.091277;      -65.040828;      -65.080172;     -0.04;      975.91;       0.9629
      1992;        996.0;       ;      0.03;          ;     244.11;    0.049862;      -65.091243;      -65.041380;      -65.080139;      0.04;      990.56;       0.9629
      1993;        996.5;       ;      0.03;          ;     245.20;    0.050084;      -65.091573;      -65.041488;      -65.080121;      0.09;      985.84;       0.9629
      1994;        997.0;       ;      0.03;          ;     248.54;    0.050766;      -65.092548;      -65.041782;      -65.080138;      0.05;      964.99;       0.9630
      1995;        997.5;       ;      0.03;          ;     256.08;    0.052306;      -65.093967;      -65.041661;      -65.080175;     -0.05;      932.55;       0.9632
      1996;        998.0;       ;      0.03;          ;     259.59;    0.053024;      -65.095326;      -65.042302;      -65.080206;     -0.12;      893.96;       0.9635
      1997;        998.5;       ;      0.03;          ;     258.40;    0.052780;      -65.096234;      -65.043454;      -65.080205;     -0.12;      855.88;       0.9639
      1998;        999.0;       ;      0.03;          ;     265.63;    0.054257;      -65.096808;      -65.042552;      -65.080179;     -0.05;      825.02;       0.9645
      1999;        999.5;       ;      0.03;          ;     270.22;    0.055195;      -65.097471;      -65.042276;      -65.080159;     -0.01;      806.59;       0.9650
      2000;       1000.0;       ;      0.03;          ;     281.72;    0.057544;      -65.098447;      -65.040903;      -65.080180;     -0.06;      805.51;       0.9656
      2001;       1000.5;       ;      0.03;          ;     284.16;    0.058043;      -65.099358;      -65.041315;      -65.080234;     -0.19;      824.30;       0.9661
      2002;       1001.0;       ;      0.03;          ;     283.74;    0.057956;      -65.099354;      -65.041398;      -65.080270;     -0.28;      862.82;       0.9665
      2003;       1001.5;       ;      0.03;          ;     274.45;    0.056059;      -65.097907;      -65.041848;      -65.080249;     -0.23;      918.40;       0.9667
      2004;       1002.0;       ;      0.03;          ;     258.11;    0.052722;      -65.095343;      -65.042621;      -65.080173;     -0.04;      986.09;       0.9668
      2005;       1002.5;       ;      0.03;          ;     241.24;    0.049276;      -65.092813;      -65.043537;      -65.080086;      0.17;     1059.75;       0.9666
      2006;       1003.0;       ;      0.04;          ;     237.26;    0.048463;      -65.091611;      -65.043148;      -65.080043;      0.28;     1133.39;       0.9663
      2007;       1003.5;       ;      0.05;          ;     246.06;    0.050261;      -65.092321;      -65.042060;      -65.080066;      0.22;     1203.10;       0.9658
      2008;       1004.0;       ;      0.05;          ;     255.50;    0.052188;      -65.094502;      -65.042315;      -65.080135;      0.05;     1265.33;       0.9652
      2009;       1004.5;       ;      0.04;          ;     270.24;    0.055199;      -65.096994;      -65.041795;      -65.080208;     -0.13;     1316.15;       0.9645
      2010;       1005.0;       ;      0.03;          ;     273.68;    0.055902;      -65.098623;      -65.042721;      -65.080256;     -0.24;     1354.38;       0.9637
      2011;       1005.5;       ;      0.03;          ;     273.29;    0.055823;      -65.098600;      -65.042778;      -65.080268;     -0.27;     1379.17;       0.9629
      2012;       1006.0;       ;      0.03;          ;     261.82;    0.053479;      -65.096785;      -65.043306;      -65.080240;     -0.21;     1392.15;       0.9621
      2013;       1006.5;       ;      0.03;          ;     254.16;    0.051915;      -65.093711;      -65.041796;      -65.080173;     -0.04;     1395.92;       0.9613
      2014;       1007.0;       ;      0.03;          ;     240.12;    0.049046;      -65.090416;      -65.041369;      -65.080085;      0.18;     1394.87;       0.9605
      2015;       1007.5;       ;      0.02;          ;     226.77;    0.046320;      -65.088308;      -65.041988;      -65.080014;      0.35;     1393.99;       0.9597
      2016;       1008.0;       ;      0.03;          ;     228.86;    0.046746;      -65.088561;      -65.041815;      -65.079999;      0.39;     1398.90;       0.9588
      2017;       1008.5;       ;      0.03;          ;     242.51;    0.049534;      -65.091481;      -65.041947;      -65.080047;      0.27;     1415.38;       0.9580
      2018;       1009.0;       ;      0.03;          ;     267.29;    0.054597;      -65.096337;      -65.041740;      -65.080143;      0.03;     1447.90;       0.9571
      2019;       1009.5;       ;      0.03;          ;     290.60;    0.059357;      -65.101613;      -65.042256;      -65.080260;     -0.25;     1499.05;       0.9562
      2020;       1010.0;       ;      0.03;          ;     309.62;    0.063242;      -65.105424;      -65.042181;      -65.080352;     -0.48;     1568.04;       0.9551
      2021;       1010.5;       ;      0.03;          ;     317.15;    0.064781;      -65.106308;      -65.041526;      -65.080372;     -0.53;     1651.93;       0.9540
      2022;       1011.0;       ;      0.03;          ;     308.31;    0.062975;      -65.103817;      -65.040842;      -65.080302;     -0.36;     1745.41;       0.9528
      2023;       1011.5;       ;      0.03;          ;     283.84;    0.057978;      -65.098848;      -65.040870;      -65.080169;     -0.03;     1841.13;       0.9515
      2024;       1012.0;       ;      0.03;          ;     249.83;    0.051030;      -65.093336;      -65.042305;      -65.080034;      0.30;     1930.57;       0.9501
      2025;       1012.5;       ;      0.03;          ;     233.92;    0.047780;      -65.089384;      -65.041605;      -65.079957;      0.49;     2004.97;       0.9487
      2026;       1013.0;       ;      0.03;          ;     229.48;    0.046874;      -65.088051;      -65.041177;      -65.079960;      0.48;     2060.60;       0.9472
      2027;       1013.5;       ;      0.03;          ;     239.36;    0.048891;      -65.089231;      -65.040340;      -65.080021;      0.33;     2092.71;       0.9457
      2028;       1014.0;       ;      0.03;          ;     251.74;    0.051420;      -65.091913;      -65.040493;      -65.080099;      0.14;     2098.79;       0.9442
      2029;       1014.5;       ;      0.03;          ;     268.63;    0.054870;      -65.094776;      -65.039906;      -65.080166;     -0.02;     2077.71;       0.9428
      2030;       1015.0;       ;      0.03;          ;     275.44;    0.056261;      -65.096729;      -65.040468;      -65.080212;     -0.14;     2030.81;       0.9413
      2031;       1015.5;       ;      0.02;          ;     278.55;    0.056897;      -65.097033;      -65.040136;      -65.080232;     -0.19;     1961.64;       0.9399
      2032;       1016.0;       ;      0.03;          ;     268.53;    0.054850;      -65.095460;      -65.040611;      -65.080220;     -0.15;     1875.15;       0.9386
      2033;       1016.5;       ;      0.03;          ;     259.16;    0.052936;      -65.092394;      -65.039457;      -65.080167;     -0.02;     1778.66;       0.9374
      2034;       1017.0;       ;      0.03;          ;     241.80;    0.049389;      -65.088775;      -65.039385;      -65.080087;      0.17;     1679.00;       0.9363
      2035;       1017.5;       ;      0.03;          ;     226.14;    0.046191;      -65.086011;      -65.039820;      -65.080016;      0.34;     1585.07;       0.9352
      2036;       1018.0;       ;      0.02;          ;     227.49;    0.046467;      -65.085389;      -65.038922;      -65.079988;      0.41;     1504.40;       0.9343
      2037;       1018.5;       ;      0.02;          ;     232.48;    0.047487;      -65.087448;      -65.039961;      -65.080019;      0.34;     1441.05;       0.9334
      2038;       1019.0;       ;      0.03;          ;     250.87;    0.051243;      -65.091751;      -65.040508;      -65.080104;      0.13;     1397.83;       0.9326
      2039;       1019.5;       ;      0.03;          ;     273.04;    0.055770;      -65.097071;      -65.041301;      -65.080219;     -0.15;     1373.05;       0.9319
      2040;       1020.0;       ;      0.03;          ;     297.36;    0.060739;      -65.101645;      -65.040906;      -65.080320;     -0.40;     1362.54;       0.9311
      2041;       1020.5;       ;      0.03;          ;     310.07;    0.063335;      -65.103950;      -65.040614;      -65.080356;     -0.49;     1360.53;       0.9304
      2042;       1021.0;       ;      0.03;          ;     299.51;    0.061177;      -65.103350;      -65.042173;      -65.080306;     -0.36;     1360.65;       0.9297
      2043;       1021.5;       ;      0.02;          ;     291.48;    0.059537;      -65.100624;      -65.041087;      -65.080203;     -0.11;     1356.75;       0.9289
      2044;       1022.0;       ;      0.02;          ;     273.43;    0.055851;      -65.097265;      -65.041414;      -65.080101;      0.14;     1344.31;       0.9282
      2045;       1022.5;       ;      0.03;          ;     258.94;    0.052891;      -65.094805;      -65.041915;      -65.080045;      0.27;     1320.02;       0.9275
      2046;       1023.0;       ;      0.03;          ;     257.06;    0.052507;      -65.094111;      -65.041604;      -65.080048;      0.26;     1282.38;       0.9269
      2047;       1023.5;       ;      0.03;          ;     264.21;    0.053967;      -65.095105;      -65.041138;      -65.080099;      0.14;     1231.44;       0.9264
      2048;       1024.0;       ;      0.02;          ;     275.02;    0.056175;      -65.096979;      -65.040803;      -65.080168;     -0.03;     1169.06;       0.9260
      2049;       1024.5;       ;      0.02;          ;     286.27;    0.058473;      -65.098627;      -65.040154;      -65.080229;     -0.18;     1098.99;       0.9258
      2050;       1025.0;       ;      0.03;          ;     280.29;    0.057252;      -65.099077;      -65.041826;      -65.080265;     -0.27;     1026.36;       0.9257
      2051;       1025.5;       ;      0.03;          ;     276.33;    0.056443;      -65.097854;      -65.041410;      -65.080267;     -0.27;      959.06;       0.9258
      2052;       1026.0;       ;      0.03;          ;     266.42;    0.054418;      -65.095051;      -65.040633;      -65.080230;     -0.18;      902.86;       0.9261
      2053;       1026.5;       ;      0.03;          ;     247.61;    0.050577;      -65.091305;      -65.040728;      -65.080157;     -0.00;      864.10;       0.9264
      2054;       1027.0;       ;      0.03;          ;     235.32;    0.048066;      -65.087864;      -65.039798;      -65.080073;      0.21;      848.60;       0.9269
      2055;       1027.5;       ;      0.03;          ;     224.67;    0.045892;      -65.086053;      -65.040161;      -65.080022;      0.33;      859.56;       0.9273
      2056;       1028.0;       ;      0.03;          ;     231.71;    0.047328;      -65.086696;      -65.039368;      -65.080049;      0.26;      897.52;       0.9275
      2057;       1028.5;       ;      0.03;          ;     247.82;    0.050619;      -65.089391;      -65.038772;      -65.080155;      0.00;      960.36;       0.9277
      2058;       1029.0;       ;      0.03;          ;     261.68;    0.053451;      -65.092493;      -65.039042;      -65.080280;     -0.30;     1042.73;       0.9275
      2059;       1029.5;       ;      0.03;          ;     270.87;    0.055327;      -65.094076;      -65.038748;      -65.080338;     -0.45;     1136.71;       0.9272
      2060;       1030.0;       ;      0.03;          ;     266.48;    0.054430;      -65.093223;      -65.038793;      -65.080288;     -0.32;     1235.22;       0.9267
      2061;       1030.5;       ;      0.03;          ;     247.44;    0.050542;      -65.090616;      -65.040074;      -65.080162;     -0.01;     1330.51;       0.9260
      2062;       1031.0;       ;      0.03;          ;     238.67;    0.048750;      -65.088169;      -65.039419;      -65.080047;      0.27;     1414.69;       0.9252
      2063;       1031.5;       ;      0.02;          ;     239.17;    0.048853;      -65.087554;      -65.038701;      -65.080005;      0.37;     1484.40;       0.9243
      2064;       1032.0;       ;      0.03;          ;     245.94;    0.050235;      -65.089337;      -65.039102;      -65.080042;      0.28;     1535.76;       0.9233
      2065;       1032.5;       ;      0.03;          ;     258.84;    0.052870;      -65.092898;      -65.040028;      -65.080119;      0.09;     1565.79;       0.9223
      2066;       1033.0;       ;      0.03;          ;     270.93;    0.055340;      -65.096996;      -65.041656;      -65.080194;     -0.09;     1573.98;       0.9213
      2067;       1033.5;       ;      0.03;          ;     288.68;    0.058966;      -65.100438;      -65.041472;      -65.080239;     -0.20;     1561.82;       0.9203
      2068;       1034.0;       ;      0.03;          ;     298.99;    0.061071;      -65.102547;      -65.041475;      -65.080245;     -0.22;     1532.76;       0.9193
      2069;       1034.5;       ;      0.03;          ;     299.41;    0.061157;      -65.103136;      -65.041979;      -65.080224;     -0.17;     1491.63;       0.9184
      2070;       1035.0;       ;      0.03;          ;     293.91;    0.060035;      -65.102507;      -65.042473;      -65.080200;     -0.11;     1444.66;       0.9176
      2071;       1035.5;       ;      0.03;          ;     281.29;    0.057456;      -65.101107;      -65.043651;      -65.080185;     -0.07;     1398.59;       0.9168
      2072;       1036.0;       ;      0.03;          ;     267.96;    0.054732;      -65.099321;      -65.044589;      -65.080176;     -0.05;     1360.00;       0.9161
      2073;       1036.5;       ;      0.03;          ;     262.73;    0.053665;      -65.097494;      -65.043829;      -65.080154;      0.01;     1333.81;       0.9154
      2074;       1037.0;       ;      0.03;          ;     256.43;    0.052377;      -65.096052;      -65.043675;      -65.080112;      0.11;     1322.52;       0.9147
      2075;       1037.5;       ;      0.03;          ;     253.86;    0.051854;      -65.095648;      -65.043794;      -65.080080;      0.19;     1325.99;       0.9140
      2076;       1038.0;       ;      0.03;          ;     253.16;    0.051711;      -65.096737;      -65.045027;      -65.080103;      0.13;     1341.18;       0.9133
      2077;       1038.5;       ;      0.02;          ;     267.66;    0.054673;      -65.098961;      -65.044288;      -65.080184;     -0.07;     1362.53;       0.9126
      2078;       1039.0;       ;      0.03;          ;     280.25;    0.057244;      -65.101122;      -65.043878;      -65.080274;     -0.29;     1384.39;       0.9119
      2079;       1039.5;       ;      0.03;          ;     285.08;    0.058231;      -65.101782;      -65.043551;      -65.080316;     -0.39;     1400.08;       0.9111
      2080;       1040.0;       ;      0.02;          ;     277.69;    0.056721;      -65.100219;      -65.043498;      -65.080297;     -0.34;     1403.64;       0.9103
      2081;       1040.5;       ;      0.03;          ;     259.95;    0.053098;      -65.096696;      -65.043598;      -65.080236;     -0.19;     1390.41;       0.9095
      2082;       1041.0;       ;      0.03;          ;     237.62;    0.048537;      -65.092192;      -65.043656;      -65.080155;      0.00;     1357.47;       0.9088
      2083;       1041.5;       ;      0.02;          ;     217.73;    0.044472;      -65.088031;      -65.043558;      -65.080072;      0.21;     1303.82;       0.9082
      2084;       1042.0;       ;      0.03;          ;     206.26;    0.042130;      -65.085535;      -65.043405;      -65.080017;      0.34;     1230.31;       0.9077
      2085;       1042.5;       ;      0.02;          ;     200.56;    0.040967;      -65.085577;      -65.044610;      -65.080022;      0.33;     1139.75;       0.9073
      2086;       1043.0;       ;      0.02;          ;     210.44;    0.042985;      -65.088109;      -65.045124;      -65.080091;      0.16;     1080.55;       0.9071
      2087;       1043.5;       ;      0.03;          ;     230.28;    0.047037;      -65.092133;      -65.045096;      -65.080187;     -0.08;     1049.15;       0.9070
      2088;       1044.0;       ;      0.03;          ;     248.86;    0.050833;      -65.096209;      -65.045376;      -65.080261;     -0.26;     1014.47;       0.9070
      2089;       1044.5;       ;      0.03;          ;     261.82;    0.053479;      -65.099176;      -65.045698;      -65.080288;     -0.32;      980.39;       0.9070
      2090;       1045.0;       ;      0.03;          ;     264.79;    0.054085;      -65.100597;      -65.046512;      -65.080282;     -0.31;      950.76;       0.9072
      2091;       1045.5;       ;      0.03;          ;     261.46;    0.053406;      -65.100603;      -65.047197;      -65.080263;     -0.26;      929.08;       0.9073
      2092;       1046.0;       ;      0.03;          ;     258.94;    0.052890;      -65.099610;      -65.046720;      -65.080235;     -0.19;      917.76;       0.9076
      2093;       1046.5;       ;      0.02;          ;     256.53;    0.052400;      -65.098130;      -65.045730;      -65.080194;     -0.09;      917.81;       0.9078
      2094;       1047.0;       ;      0.02;          ;     251.58;    0.051387;      -65.096817;      -65.045430;      -65.080146;      0.02;      928.95;       0.9080
      2095;       1047.5;       ;      0.03;          ;     255.47;    0.052183;      -65.096397;      -65.044214;      -65.080123;      0.08;      949.42;       0.9081
      2096;       1048.0;       ;      0.03;          ;     259.21;    0.052947;      -65.097183;      -65.044237;      -65.080143;      0.03;      976.60;       0.9082
      2097;       1048.5;       ;      0.03;          ;     267.00;    0.054536;      -65.098839;      -65.044302;      -65.080187;     -0.07;     1006.78;       0.9082
      2098;       1049.0;       ;      0.03;          ;     278.01;    0.056786;      -65.100669;      -65.043883;      -65.080222;     -0.16;     1036.46;       0.9081
      2099;       1049.5;       ;      0.03;          ;     287.07;    0.058636;      -65.102043;      -65.043407;      -65.080238;     -0.20;     1062.68;       0.9079
      2100;       1050.0;       ;      0.03;          ;     293.38;    0.059926;      -65.102583;      -65.042657;      -65.080241;     -0.21;     1082.99;       0.9077
      2101;       1050.5;       ;      0.03;          ;     289.91;    0.059217;      -65.102098;      -65.042880;      -65.080237;     -0.20;     1095.79;       0.9075
      2102;       1051.0;       ;      0.03;          ;     284.17;    0.058044;      -65.100578;      -65.042534;      -65.080221;     -0.16;     1100.25;       0.9072
      2103;       1051.5;       ;      0.03;          ;     273.89;    0.055945;      -65.098239;      -65.042295;      -65.080193;     -0.09;     1096.63;       0.9070
      2104;       1052.0;       ;      0.03;          ;     264.82;    0.054092;      -65.095478;      -65.041386;      -65.080167;     -0.03;     1086.06;       0.9068
      2105;       1052.5;       ;      0.02;          ;     251.41;    0.051353;      -65.092673;      -65.041319;      -65.080147;      0.02;     1070.48;       0.9066
      2106;       1053.0;       ;      0.03;          ;     240.07;    0.049037;      -65.090216;      -65.041179;      -65.080118;      0.09;     1052.70;       0.9065
      2107;       1053.5;       ;      0.03;          ;     229.61;    0.046901;      -65.088616;      -65.041715;      -65.080080;      0.19;     1035.87;       0.9064
      2108;       1054.0;       ;      0.03;          ;     229.51;    0.046879;      -65.088515;      -65.041636;      -65.080060;      0.24;     1023.34;       0.9063
      2109;       1054.5;       ;      0.03;          ;     235.46;    0.048095;      -65.090232;      -65.042137;      -65.080092;      0.16;     1017.82;       0.9062
      2110;       1055.0;       ;      0.03;          ;     250.37;    0.051140;      -65.093281;      -65.042142;      -65.080175;     -0.05;     1021.19;       0.9062
      2111;       1055.5;       ;      0.03;          ;     266.70;    0.054477;      -65.096475;      -65.041998;      -65.080259;     -0.25;     1033.95;       0.9061
      2112;       1056.0;       ;      0.03;          ;     284.61;    0.058133;      -65.098566;      -65.040433;      -65.080293;     -0.34;     1055.15;       0.9060
      2113;       1056.5;       ;      0.03;          ;     277.47;    0.056677;      -65.098954;      -65.042277;      -65.080268;     -0.27;     1082.73;       0.9058
      2114;       1057.0;       ;      0.03;          ;     269.19;    0.054985;      -65.098000;      -65.043015;      -65.080208;     -0.12;     1112.47;       0.9055
      2115;       1057.5;       ;      0.03;          ;     262.82;    0.053684;      -65.096725;      -65.043041;      -65.080145;      0.03;     1140.91;       0.9051
      2116;       1058.0;       ;      0.03;          ;     254.85;    0.052055;      -65.096103;      -65.044048;      -65.080102;      0.13;     1164.65;       0.9048
      2117;       1058.5;       ;      0.03;          ;     261.25;    0.053362;      -65.096791;      -65.043428;      -65.080097;      0.15;     1180.34;       0.9043
      2118;       1059.0;       ;      0.03;          ;     272.41;    0.055642;      -65.098832;      -65.043191;      -65.080134;      0.06;     1185.94;       0.9039
      2119;       1059.5;       ;      0.04;          ;     286.45;    0.058510;      -65.101558;      -65.043048;      -65.080199;     -0.10;     1179.95;       0.9035
      2120;       1060.0;       ;      0.03;          ;     298.49;    0.060970;      -65.103896;      -65.042926;      -65.080257;     -0.25;     1161.90;       0.9031
      2121;       1060.5;       ;      0.03;          ;     303.35;    0.061961;      -65.104891;      -65.042930;      -65.080275;     -0.29;     1132.33;       0.9028
      2122;       1061.0;       ;      0.03;          ;     296.96;    0.060656;      -65.104211;      -65.043554;      -65.080243;     -0.21;     1092.82;       0.9026
      2123;       1061.5;       ;      0.03;          ;     294.04;    0.060060;      -65.102324;      -65.042264;      -65.080184;     -0.07;     1046.03;       0.9025
      2124;       1062.0;       ;      0.03;          ;     289.04;    0.059040;      -65.100093;      -65.041053;      -65.080127;      0.07;      994.39;       0.9025
      2125;       1062.5;       ;      0.03;          ;     278.85;    0.056958;      -65.098365;      -65.041407;      -65.080095;      0.15;      941.53;       0.9026
      2126;       1063.0;       ;      0.02;          ;     277.34;    0.056650;      -65.097686;      -65.041037;      -65.080102;      0.13;      891.76;       0.9029
      2127;       1063.5;       ;      0.03;          ;     274.33;    0.056034;      -65.098032;      -65.041998;      -65.080143;      0.03;      853.14;       0.9033
      2128;       1064.0;       ;      0.03;          ;     280.04;    0.057201;      -65.098886;      -65.041685;      -65.080197;     -0.10;      852.48;       0.9037
      2129;       1064.5;       ;      0.03;          ;     280.00;    0.057194;      -65.099520;      -65.042327;      -65.080237;     -0.20;      849.54;       0.9041
      2130;       1065.0;       ;      0.02;          ;     285.47;    0.058310;      -65.099427;      -65.041117;      -65.080238;     -0.20;      843.38;       0.9046
      2131;       1065.5;       ;      0.03;          ;     282.51;    0.057705;      -65.098621;      -65.040916;      -65.080214;     -0.14;      832.59;       0.9050
      2132;       1066.0;       ;      0.03;          ;     275.75;    0.056324;      -65.097445;      -65.041120;      -65.080204;     -0.12;      816.30;       0.9055
      2133;       1066.5;       ;      0.03;          ;     271.67;    0.055491;      -65.096119;      -65.040628;      -65.080216;     -0.15;      794.15;       0.9061
      2134;       1067.0;       ;      0.03;          ;     261.75;    0.053466;      -65.094550;      -65.041085;      -65.080209;     -0.13;      766.34;       0.9067
      2135;       1067.5;       ;      0.02;          ;     258.28;    0.052757;      -65.092934;      -65.040178;      -65.080155;      0.00;      734.60;       0.9074
      2136;       1068.0;       ;      0.02;          ;     252.74;    0.051624;      -65.092037;      -65.040413;      -65.080089;      0.17;      706.12;       0.9082
      2137;       1068.5;       ;      0.03;          ;     258.61;    0.052824;      -65.092736;      -65.039913;      -65.080078;      0.19;      685.07;       0.9091
      2138;       1069.0;       ;      0.03;          ;     260.84;    0.053278;      -65.095098;      -65.041820;      -65.080143;      0.03;      657.45;       0.9100
      2139;       1069.5;       ;      0.03;          ;     273.43;    0.055851;      -65.098060;      -65.042209;      -65.080240;     -0.21;      624.82;       0.9110
      2140;       1070.0;       ;      0.03;          ;     286.14;    0.058446;      -65.100183;      -65.041737;      -65.080312;     -0.38;      594.11;       0.9122
      2141;       1070.5;       ;      0.02;          ;     285.62;    0.058341;      -65.100313;      -65.041972;      -65.080321;     -0.40;      584.53;       0.9133
      2142;       1071.0;       ;      0.03;          ;     275.52;    0.056278;      -65.098236;      -65.041958;      -65.080268;     -0.27;      581.91;       0.9144
      2143;       1071.5;       ;      0.03;          ;     266.42;    0.054419;      -65.094749;      -65.040330;      -65.080178;     -0.05;      585.49;       0.9156
      2144;       1072.0;       ;      0.03;          ;     251.74;    0.051421;      -65.091144;      -65.039723;      -65.080083;      0.18;      594.14;       0.9167
      2145;       1072.5;       ;      0.02;          ;     246.39;    0.050328;      -65.088880;      -65.038552;      -65.080021;      0.33;      607.09;       0.9178
      2146;       1073.0;       ;      0.03;          ;     251.82;    0.051436;      -65.088896;      -65.037460;      -65.080021;      0.33;      623.28;       0.9188
      2147;       1073.5;       ;      0.03;          ;     260.94;    0.053299;      -65.091193;      -65.037894;      -65.080085;      0.17;      641.43;       0.9198
      2148;       1074.0;       ;      0.03;          ;     284.93;    0.058199;      -65.094807;      -65.036608;      -65.080176;     -0.05;      659.95;       0.9207
      2149;       1074.5;       ;      0.03;          ;     305.43;    0.062388;      -65.098413;      -65.036026;      -65.080252;     -0.23;      677.04;       0.9216
      2150;       1075.0;       ;      0.03;          ;     322.44;    0.065861;      -65.100777;      -65.034916;      -65.080296;     -0.34;      691.00;       0.9225
      2151;       1075.5;       ;      0.02;          ;     319.58;    0.065277;      -65.101140;      -65.035863;      -65.080325;     -0.41;      700.64;       0.9233
      2152;       1076.0;       ;      0.03;          ;     312.49;    0.063828;      -65.099118;      -65.035290;      -65.080329;     -0.42;      705.72;       0.9241
      2153;       1076.5;       ;      0.03;          ;     291.02;    0.059444;      -65.094766;      -65.035322;      -65.080272;     -0.28;      740.53;       0.9248
      2154;       1077.0;       ;      0.03;          ;     266.31;    0.054396;      -65.089074;      -65.034678;      -65.080142;      0.04;      792.42;       0.9254
      2155;       1077.5;       ;      0.03;          ;     238.86;    0.048789;      -65.083991;      -65.035202;      -65.080003;      0.38;      832.08;       0.9259
      2156;       1078.0;       ;      0.02;          ;     227.03;    0.046373;      -65.081627;      -65.035254;      -65.079950;      0.50;      860.23;       0.9263
      2157;       1078.5;       ;      0.02;          ;     227.70;    0.046509;      -65.082714;      -65.036205;      -65.080020;      0.33;      878.38;       0.9266
      2158;       1079.0;       ;      0.03;          ;     244.83;    0.050008;      -65.086159;      -65.036151;      -65.080157;     -0.00;      887.91;       0.9269
      2159;       1079.5;       ;      0.03;          ;     263.16;    0.053754;      -65.089860;      -65.036107;      -65.080274;     -0.29;      890.14;       0.9272
      2160;       1080.0;       ;      0.03;          ;     270.06;    0.055161;      -65.091897;      -65.036736;      -65.080316;     -0.39;      886.40;       0.9275
      2161;       1080.5;       ;      0.03;          ;     271.29;    0.055414;      -65.091509;      -65.036095;      -65.080279;     -0.30;      878.48;       0.9279
      2162;       1081.0;       ;      0.03;          ;     260.57;    0.053224;      -65.089165;      -65.035941;      -65.080193;     -0.09;      868.41;       0.9282
      2163;       1081.5;       ;      0.03;          ;     251.53;    0.051376;      -65.086116;      -65.034740;      -65.080104;      0.13;      858.87;       0.9286
      2164;       1082.0;       ;      0.03;          ;     238.13;    0.048641;      -65.083665;      -65.035024;      -65.080050;      0.26;      852.04;       0.9290
      2165;       1082.5;       ;      0.02;          ;     237.46;    0.048503;      -65.082672;      -65.034170;      -65.080049;      0.26;      849.74;       0.9295
      2166;       1083.0;       ;      0.03;          ;     237.20;    0.048450;      -65.083207;      -65.034756;      -65.080078;      0.19;      851.75;       0.9299
      2167;       1083.5;       ;      0.02;          ;     245.55;    0.050156;      -65.084882;      -65.034727;      -65.080101;      0.14;      856.42;       0.9303
      2168;       1084.0;       ;      0.03;          ;     259.41;    0.052986;      -65.087391;      -65.034405;      -65.080108;      0.12;      860.46;       0.9307
      2169;       1084.5;       ;      0.03;          ;     273.38;    0.055840;      -65.090583;      -65.034743;      -65.080128;      0.07;      860.04;       0.9311
      2170;       1085.0;       ;      0.03;          ;     288.87;    0.059004;      -65.094098;      -65.035095;      -65.080190;     -0.08;      851.79;       0.9315
      2171;       1085.5;       ;      0.03;          ;     300.04;    0.061287;      -65.097028;      -65.035742;      -65.080274;     -0.29;      833.41;       0.9319
      2172;       1086.0;       ;      0.03;          ;     310.28;    0.063377;      -65.098209;      -65.034832;      -65.080318;     -0.39;      804.13;       0.9325
      2173;       1086.5;       ;      0.02;          ;     307.76;    0.062863;      -65.097051;      -65.034189;      -65.080283;     -0.31;      763.91;       0.9331
      2174;       1087.0;       ;      0.03;          ;     290.83;    0.059406;      -65.094068;      -65.034662;      -65.080191;     -0.08;      714.37;       0.9339
      2175;       1087.5;       ;      0.03;          ;     270.25;    0.055201;      -65.090716;      -65.035515;      -65.080105;      0.13;      658.19;       0.9349
      2176;       1088.0;       ;      0.03;          ;     258.63;    0.052827;      -65.088403;      -65.035577;      -65.080075;      0.20;      597.89;       0.9360
      2177;       1088.5;       ;      0.03;          ;     253.29;    0.051738;      -65.087665;      -65.035927;      -65.080100;      0.14;      534.92;       0.9373
      2178;       1089.0;       ;      0.03;          ;     255.84;    0.052258;      -65.088160;      -65.035902;      -65.080152;      0.01;      471.76;       0.9388
      2179;       1089.5;       ;      0.03;          ;     258.44;    0.052788;      -65.089092;      -65.036304;      -65.080199;     -0.10;      410.54;       0.9405
      2180;       1090.0;       ;      0.02;          ;     261.91;    0.053498;      -65.089708;      -65.036210;      -65.080217;     -0.15;      354.56;       0.9423
      2181;       1090.5;       ;      0.03;          ;     265.17;    0.054164;      -65.089687;      -65.035523;      -65.080199;     -0.10;      306.54;       0.9443
      2182;       1091.0;       ;      0.03;          ;     261.18;    0.053348;      -65.089190;      -65.035842;      -65.080165;     -0.02;      269.06;       0.9463
      2183;       1091.5;       ;      0.02;          ;     260.50;    0.053209;      -65.088644;      -65.035435;      -65.080149;      0.02;      249.09;       0.9485
      2184;       1092.0;       ;      0.03;          ;     261.11;    0.053335;      -65.088255;      -65.034920;      -65.080164;     -0.02;      239.09;       0.9506
      2185;       1092.5;       ;      0.03;          ;     264.44;    0.054014;      -65.087810;      -65.033796;      -65.080183;     -0.07;      239.10;       0.9528
      2186;       1093.0;       ;      0.03;          ;     253.21;    0.051720;      -65.087033;      -65.035314;      -65.080168;     -0.03;      253.21;       0.9549
      2187;       1093.5;       ;      0.03;          ;     255.36;    0.052160;      -65.086261;      -65.034101;      -65.080116;      0.10;      275.07;       0.9570
      2188;       1094.0;       ;      0.02;          ;     256.10;    0.052311;      -65.086279;      -65.033967;      -65.080082;      0.18;      299.61;       0.9590
      2189;       1094.5;       ;      0.03;          ;     261.51;    0.053417;      -65.087554;      -65.034138;      -65.080112;      0.11;      323.75;       0.9610
      2190;       1095.0;       ;      0.03;          ;     274.01;    0.055970;      -65.089663;      -65.033693;      -65.080184;     -0.07;      345.07;       0.9629
      2191;       1095.5;       ;      0.03;          ;     284.88;    0.058189;      -65.091565;      -65.033376;      -65.080229;     -0.18;      402.57;       0.9646
      2192;       1096.0;       ;      0.03;          ;     290.68;    0.059374;      -65.092551;      -65.033177;      -65.080211;     -0.13;      450.83;       0.9662
      2193;       1096.5;       ;      0.02;          ;     290.11;    0.059257;      -65.092829;      -65.033572;      -65.080158;     -0.00;      484.44;       0.9677
      2194;       1097.0;       ;      0.03;          ;     286.63;    0.058546;      -65.093157;      -65.034611;      -65.080123;      0.08;      503.38;       0.9691
      2195;       1097.5;       ;      0.03;          ;     286.14;    0.058447;      -65.094084;      -65.035638;      -65.080134;      0.06;      509.27;       0.9705
      2196;       1098.0;       ;      0.03;          ;     288.03;    0.058832;      -65.095514;      -65.036683;      -65.080179;     -0.06;      505.10;       0.9720
      2197;       1098.5;       ;      0.03;          ;     295.21;    0.060300;      -65.096811;      -65.036512;      -65.080233;     -0.19;      495.03;       0.9735
      2198;       1099.0;       ;      0.03;          ;     293.90;    0.060031;      -65.097202;      -65.037171;      -65.080260;     -0.25;      483.64;       0.9750
      2199;       1099.5;       ;      0.03;          ;     294.07;    0.060066;      -65.096310;      -65.036244;      -65.080237;     -0.20;      476.57;       0.9765
      2200;       1100.0;       ;      0.03;          ;     285.66;    0.058348;      -65.094449;      -65.036102;      -65.080177;     -0.05;      478.50;       0.9780
