time_fs,time_s,Al_N_A,Al_O1_A,Al_O4_A,Al_O7_A,Al_O10_A,Al_O13_A,Al_O16_A,host_H2,host_H3,host_H5,host_H6,host_H8,host_H9,host_H11,host_H12,host_H14,host_H15,host_H17,host_H18,host_H20,host_H21,host_H22,H_count_O1,H_count_O4,H_count_O7,H_count_O10,H_count_O13,H_count_O16,H_count_N19
0.0,0.0,6.408834020387841,2.0211206137121622,1.991406714091806,2.570491881051004,1.9981977269700635,1.955274731461671,1.9013388961734667,1,1,4,4,7,7,10,10,13,13,16,16,19,19,19,2,2,2,2,2,2,3
0.5,5e-16,6.407574798805865,2.023051924295186,1.986390849885005,2.569121224603192,1.9994737590762388,1.9547325583968629,1.9003217614687082,1,1,4,4,7,7,10,10,13,13,16,16,19,19,19,2,2,2,2,2,2,3
1.0,1e-15,6.40626418931632,2.0250494181600796,1.9815949102104071,2.5676652625492746,2.0007718228955524,1.9541440249238213,1.899397806202782,1,1,4,4,7,7,10,10,13,13,16,16,19,19,19,2,2,2,2,2,2,3
1.5,1.5000000000000001e-15,6.404921161434189,2.027098212225131,1.9770388359376239,2.566095627220727,2.002009094952288,1.9534640375528607,1.8985485427590623,1,1,4,4,7,7,10,10,13,13,16,16,19,19,19,2,2,2,2,2,2,3
2.0,2e-15,6.403553009962431,2.0291736141624135,1.9727261361857458,2.564371547553995,2.0030978486293436,1.952642215294308,1.8977479000563775,1,1,4,4,7,7,10,10,13,13,16,16,19,19,19,2,2,2,2,2,2,3
2.5,2.5000000000000004e-15,6.402155266642605,2.031242897492982,1.9686455783586507,2.562442735071959,2.00395742071146,1.951626153856768,1.8969654838702452,1,1,4,4,7,7,10,10,13,13,16,16,19,19,19,2,2,2,2,2,2,3
3.0,3.0000000000000002e-15,6.400712383740128,2.0332678381192286,1.9647734884701717,2.5602541931029625,2.004528645706019,1.9503657506042107,1.8961711379340838,1,1,4,4,7,7,10,10,13,13,16,16,19,19,19,2,2,2,2,2,2,3
3.5,3.5e-15,6.399198612080951,2.0352078460331944,1.961076080894342,2.557752725774926,2.004786254360067,1.9488180815308163,1.8953400720988345,1,1,4,4,7,7,10,10,13,13,16,16,19,19,19,2,2,2,2,2,2,3
4.0,4e-15,6.397579031578959,2.037023816357994,1.9575115226708422,2.55489404605358,2.0047443356458508,1.9469520958481144,1.894457610912416,1,1,4,4,7,7,10,10,13,13,16,16,19,19,19,2,2,2,2,2,2,3
4.5,4.5000000000000005e-15,6.395810808733231,2.03868241579585,1.9540318630186313,2.551648650377275,2.004452176321,1.9447518977316682,1.8935224461715907,1,1,4,4,7,7,10,10,13,13,16,16,19,19,19,2,2,2,2,2,2,3
5.0,5.000000000000001e-15,6.393845038942478,2.0401597759471097,1.9505858184640166,2.548004857018514,2.003982347562503,1.9422177119872022,1.8925476025148094,1,1,4,4,7,7,10,10,13,13,16,16,19,19,19,2,2,2,2,2,2,3
5.5,5.5e-15,6.391629630189074,2.041443585692771,1.947123045138414,2.5439684250855636,2.003416078888659,1.9393643256265867,1.8915589462296005,1,1,4,4,7,7,10,10,13,13,16,16,19,19,19,2,2,2,2,2,2,3
6.0,6.0000000000000005e-15,6.389114039408932,2.042533542282024,1.943600056705069,2.53955936055683,2.0028310250771346,1.9362178362716649,1.8905920095349582,1,1,4,4,7,7,10,10,13,13,16,16,19,19,19,2,2,2,2,2,2,3
6.5,6.500000000000001e-15,6.386256024086493,2.0434403206596894,1.9399871847093082,2.534807043292593,2.002293605968593,1.9328117594484118,1.889687999146014,1,1,4,4,7,7,10,10,13,13,16,16,19,19,19,2,2,2,2,2,2,3
7.0,7e-15,6.383029239347616,2.044183096071537,1.9362748873796687,2.5297450204918652,2.0018553651019686,1.9291832474064399,1.8888895783978754,1,1,4,4,7,7,10,10,13,13,16,16,19,19,19,2,2,2,2,2,2,3
7.5,7.500000000000001e-15,6.379429571576355,2.044785980077356,1.9324774544096377,2.5244065674569143,2.001551863078656,1.925370062711051,1.888236927589679,1,1,4,4,7,7,10,10,13,13,16,16,19,19,19,2,2,2,2,2,2,3
8.0,8e-15,6.375477877928662,2.045274118875841,1.9286324024934347,2.518821341674073,2.001402752802253,1.9214084576619277,1.887764467447494,1,1,4,4,7,7,10,10,13,13,16,16,19,19,19,2,2,2,2,2,2,3
8.5,8.5e-15,6.371217153139269,2.045669918456414,1.9247947489654946,2.513012516272394,2.0014118739509663,1.9173312513839513,1.887498129638353,1,1,4,4,7,7,10,10,13,13,16,16,19,19,19,2,2,2,2,2,2,3
9.0,9.000000000000001e-15,6.3667049307145245,2.045989744419306,1.9210278161088579,2.5069941123395383,2.00156691253064,1.9131658047657423,1.8874532018662105,1,1,4,4,7,7,10,10,13,13,16,16,19,19,19,2,2,2,2,2,2,3
9.5,9.5e-15,6.362004262974835,2.0462416193586344,1.9173940208260263,2.5007690293200913,2.0018388966848226,1.9089324427967858,1.887633090087847,1,1,4,4,7,7,10,10,13,13,16,16,19,19,19,2,2,2,2,2,2,3
10.0,1.0000000000000002e-14,6.3571757273083564,2.046423753223881,1.9139477721235822,2.4943279082408285,2.0021816518153575,1.904643369539312,1.888028730125598,1,1,4,4,7,7,10,10,13,13,16,16,19,19,19,2,2,2,2,2,2,3
10.5,1.0500000000000001e-14,6.352272071802683,2.0465240644684695,1.910731409133906,2.487648997189823,2.002532163474409,1.9003023671954096,1.8886188256374012,1,1,4,4,7,7,10,10,13,13,16,16,19,19,19,2,2,2,2,2,2,3
11.0,1.1e-14,6.347335103115384,2.0465204313577487,1.9077734812063618,2.4806989247273927,2.0028128663371754,1.895905150093958,1.8893708156116025,1,1,4,4,7,7,10,10,13,13,16,16,19,19,19,2,2,2,2,2,2,3
11.5,1.1500000000000001e-14,6.342394306424494,2.046381700327483,1.9050885996214828,2.4734346951222306,2.0029373861037914,1.8914406249358764,1.890242837036355,1,1,4,4,7,7,10,10,13,13,16,16,19,19,19,2,2,2,2,2,2,3
12.0,1.2000000000000001e-14,6.337466725360714,2.046069568830469,1.9026782012835368,2.4658074041145053,2.0028208589308405,1.8868934099497088,1.8911869489106727,1,1,4,4,7,7,10,10,13,13,16,16,19,19,19,2,2,2,2,2,2,3
12.5,1.25e-14,6.33255753890944,2.045541350867393,1.9005316811994082,2.457767917123362,2.0023941514136006,1.8822476845920244,1.892153557824719,1,1,4,4,7,7,10,10,13,13,16,16,19,19,19,2,2,2,2,2,2,3
13.0,1.3000000000000001e-14,6.3276609723128505,2.0447536095246357,1.8986276193830107,2.4492741076119517,2.0016187166550194,1.877492083706336,1.8930966969821597,1,1,4,4,7,7,10,10,13,13,16,16,19,19,19,2,2,2,2,2,2,3
13.5,1.3500000000000001e-14,6.32276162576112,2.0436667059375884,1.8969353063898382,2.4402983959432993,2.0004970168786516,1.8726249614025743,1.893979773944574,1,1,4,4,7,7,10,10,13,13,16,16,19,19,19,2,2,2,2,2,2,3
14.0,1.4e-14,6.317835145135727,2.042249102175234,1.8954163469954153,2.430832940030419,1.999073220274953,1.8676581528986025,1.8947800411570501,1,1,4,4,7,7,10,10,13,13,16,16,19,19,19,2,2,2,2,2,2,3
14.5,1.45e-14,6.312849620946563,2.040481230196736,1.89402730099878,2.420891517982239,1.9974243158028373,1.8626187360943918,1.8954912937566897,1,1,4,4,7,7,10,10,13,13,16,16,19,19,19,2,2,2,2,2,2,3
15.0,1.5000000000000002e-14,6.3077675677909975,2.0383577559526316,1.8927232199843036,2.4105075960925624,1.9956451073234722,1.8575479573949873,1.8961233866295042,1,1,4,4,7,7,10,10,13,13,16,16,19,19,19,2,2,2,2,2,2,3
15.5,1.55e-14,6.30254993099035,2.035888561525142,1.891462469574457,2.3997299513709494,1.993833387235404,1.852498132110645,1.8966994198364744,1,1,4,4,7,7,10,10,13,13,16,16,19,19,19,2,2,2,2,2,2,3
16.0,1.6e-14,6.2971617589543625,2.0330982340276513,1.8902121445603062,2.388616901140185,1.9920787411822531,1.8475280780230432,1.8972512150456744,1,1,4,4,7,7,10,10,13,13,16,16,19,19,19,2,2,2,2,2,2,3
16.5,1.6500000000000002e-14,6.2915792334212854,2.030024440804578,1.8889535951824843,2.3772306512348953,1.9904561919584813,1.842698336467789,1.8978145518505103,1,1,4,4,7,7,10,10,13,13,16,16,19,19,19,2,2,2,2,2,2,3
17.0,1.7e-14,6.285795575903365,2.0267149402991254,1.8876864400611493,2.3656324778476536,1.9890232765834894,1.8380666970992794,1.8984245105660165,1,1,4,4,7,7,10,10,13,13,16,16,19,19,19,2,2,2,2,2,2,3
17.5,1.75e-14,6.279824280008444,2.0232238656484296,1.8864300620536567,2.353879340551725,1.9878193147522205,1.8336846985150854,1.8991118499629769,1,1,4,4,7,7,10,10,13,13,16,16,19,19,19,2,2,2,2,2,2,3
18.0,1.8000000000000002e-14,6.273697640066641,2.0196073482301915,1.885221309237748,2.3420211488115834,1.9868652433709186,1.8295947747874093,1.8999002605535138,1,1,4,4,7,7,10,10,13,13,16,16,19,19,19,2,2,2,2,2,2,3
18.5,1.85e-14,6.267460994446465,2.015919019427335,1.884108608019972,2.330098185337944,1.9861633423476663,1.8258279782814446,1.9008045597752088,1,1,4,4,7,7,10,10,13,13,16,16,19,19,19,2,2,2,2,2,2,3
19.0,1.9e-14,6.261164492634798,2.0122057306699603,1.8831440523760026,2.3181384529954157,1.9856965213205966,1.8224021612009345,1.9018294547232657,1,1,4,4,7,7,10,10,13,13,16,16,19,19,19,2,2,2,2,2,2,3
19.5,1.9500000000000002e-14,6.2548556732989535,2.008504336761739,1.8823759143122991,2.306155849010515,1.9854277607960609,1.8193211124825635,1.9029691182008148,1,1,4,4,7,7,10,10,13,13,16,16,19,19,19,2,2,2,2,2,2,3
20.0,2.0000000000000003e-14,6.248574131537356,2.004839535856127,1.8818429915474473,2.294149263335545,1.985300184185754,1.8165745698649347,1.9042072507649732,1,1,4,4,7,7,10,10,13,13,16,16,19,19,19,2,2,2,2,2,2,3
20.5,2.05e-14,6.242348676014296,2.0012227973813874,1.8815712566911638,2.282102802788306,1.9852388624753137,1.8141392136473142,1.9055176996742187,1,1,4,4,7,7,10,10,13,13,16,16,19,19,19,2,2,2,2,2,2,3
21.0,2.1000000000000002e-14,6.236196511829551,1.997652358785952,1.8815724284800353,2.269987362928041,1.9851557225580752,1.8119807645308956,1.9068657714812653,1,1,4,4,7,7,10,10,13,13,16,16,19,19,19,2,2,2,2,2,2,3
21.5,2.1500000000000003e-14,6.23012381776485,1.9941144100464543,1.8818438191207572,2.2577639301039585,1.984958752559331,1.8100573468985124,1.90821043830776,1,1,4,4,7,7,10,10,13,13,16,16,19,19,19,2,2,2,2,2,2,3
22.0,2.2e-14,6.224127083259021,1.9905856197028358,1.882368853725037,2.2453888667465884,1.9845653928073117,1.8083240719008185,1.9095075053979276,1,1,4,4,7,7,10,10,13,13,16,16,19,19,19,2,2,2,2,2,2,3
22.5,2.2500000000000002e-14,6.218195034711154,1.987037226561233,1.8831180064730935,2.2328211476075226,1.9839178316231103,1.8067386032655421,1.910713862941814,1,1,4,4,7,7,10,10,13,13,16,16,19,19,19,2,2,2,2,2,2,3
23.0,2.3000000000000003e-14,6.212310435001288,1.9834402535825826,1.8840499876728491,2.2200301909240214,1.9829952006907439,1.8052667704177916,1.9117921718166948,1,1,4,4,7,7,10,10,13,13,16,16,19,19,19,2,2,2,2,2,2,3
23.5,2.35e-14,6.20645150308724,1.9797711530744104,1.8851135651225361,2.2070021275494667,1.9818175650945586,1.80388702092899,1.9127153604646898,1,1,4,4,7,7,10,10,13,13,16,16,19,19,19,2,2,2,2,2,2,3
24.0,2.4000000000000002e-14,6.200593014621683,1.9760166578777887,1.8862503845645957,2.1937427212468084,1.9804400737395487,1.802592888284832,1.9134698418406346,1,1,4,4,7,7,10,10,13,13,16,16,19,19,19,2,2,2,2,2,2,3
24.5,2.4500000000000003e-14,6.194707231732104,1.9721768319807502,1.8873989141718124,2.1802760574330553,1.9789396328640114,1.8013925907140396,1.914056391710322,1,1,4,4,7,7,10,10,13,13,16,16,19,19,19,2,2,2,2,2,2,3
25.0,2.5e-14,6.188765603713662,1.968265942430697,1.8884994960135641,2.166640187372305,1.9773998507114199,1.8003062782385388,1.9144886134999142,1,1,4,4,7,7,10,10,13,13,16,16,19,19,19,2,2,2,2,2,2,3
25.5,2.5500000000000002e-14,6.182741485307977,1.9643111324371203,1.8894999305353597,2.1528811678266995,1.9758986044721165,1.7993615521465274,1.9147894358169575,1,1,4,4,7,7,10,10,13,13,16,16,19,19,19,2,2,2,2,2,2,3
26.0,2.6000000000000003e-14,6.176613992004875,1.9603495377224336,1.8903613687288587,2.139047179723055,1.9745004101210857,1.798588782619222,1.9149869181630763,1,1,4,4,7,7,10,10,13,13,16,16,19,19,19,2,2,2,2,2,2,3
26.5,2.65e-14,6.170372196979334,1.9564244208246144,1.8910633099353473,2.1251839796230088,1.973252844700567,1.7980168216991257,1.9151101956022116,1,1,4,4,7,7,10,10,13,13,16,16,19,19,19,2,2,2,2,2,2,3
27.0,2.7000000000000002e-14,6.164017981194857,1.9525808282108545,1.891606504841896,2.11133192482796,1.9721854718924048,1.7976695199909147,1.9151859747041327,1,1,4,4,7,7,10,10,13,13,16,16,19,19,19,2,2,2,2,2,2,3
27.5,2.7500000000000003e-14,6.157566410836257,1.9488612625684696,1.8920127197200787,2.0975243422269956,1.9713100958441427,1.7975634301119103,1.9152359713387865,1,1,4,4,7,7,10,10,13,13,16,16,19,19,19,2,2,2,2,2,2,3
28.0,2.8e-14,6.15104288965158,1.9453016099801408,1.892320699279835,2.083786118076317,1.9706210930976922,1.7977062699004966,1.9152751388542781,1,1,4,4,7,7,10,10,13,13,16,16,19,19,19,2,2,2,2,2,2,3
28.5,2.8500000000000005e-14,6.144478149601138,1.941927699602403,1.8925791515001806,2.070132172051936,1.9700955274534921,1.7980961755366334,1.9153105443755203,1,1,4,4,7,7,10,10,13,13,16,16,19,19,19,2,2,2,2,2,2,3
29.0,2.9e-14,6.137902834260426,1.9387527320494264,1.892838760038381,2.0565660237244963,1.969693228395525,1.7987215784304518,1.915340744473453,1,1,4,4,7,7,10,10,13,13,16,16,19,19,19,2,2,2,2,2,2,3
29.5,2.95e-14,6.131343449962948,1.9357758994794696,1.8931452549887458,2.043079009192058,1.9693572617648833,1.7995617244068696,1.9153556722821317,1,1,4,4,7,7,10,10,13,13,16,16,19,19,19,2,2,2,2,2,2,3
30.0,3.0000000000000005e-14,6.124820257117455,1.9329820663865445,1.8935344145382997,2.0296504967219287,1.969015581181015,1.8005877601356595,1.9153368887260853,1,1,4,4,7,7,10,10,13,13,16,16,19,19,19,2,2,2,2,2,2,3
30.5,3.05e-14,6.118346615333034,1.9303424778131135,1.8940294053341564,2.016248918930749,1.9685849141468075,1.8017644943561706,1.9152583219370458,1,1,4,4,7,7,10,10,13,13,16,16,19,19,19,2,2,2,2,2,2,3
31.0,3.1e-14,6.111929917381522,1.9278166229039024,1.8946396444713571,2.0028344732645413,1.9679780446709692,1.8030530896180654,1.9150877886870623,1,1,4,4,7,7,10,10,13,13,16,16,19,19,19,2,2,2,2,2,2,3
31.5,3.1500000000000005e-14,6.10557296714906,1.9253552911725667,1.8953607538389154,1.9893633139460678,1.96711460865122,1.8044145885331622,1.9147893047197813,1,1,4,4,7,7,10,10,13,13,16,16,19,19,19,2,2,2,2,2,2,3
32.0,3.2e-14,6.099275698845249,1.9229049663717588,1.8961750926368017,1.975793604637847,1.965934127880793,1.8058141904844995,1.9143264232837105,1,1,4,4,7,7,10,10,13,13,16,16,19,19,19,2,2,2,2,2,2,3
32.5,3.25e-14,6.093036680928229,1.920413358117096,1.8970527412374605,1.9620927256046368,1.9644078374592089,1.807225828094825,1.9136664771961096,1,1,4,4,7,7,10,10,13,13,16,16,19,19,19,2,2,2,2,2,2,3
33.0,3.3000000000000005e-14,6.086853775344219,1.9178353036364524,1.897953016302406,1.9482438553031618,1.9625447836474046,1.8086361833701656,1.912785031517687,1,1,4,4,7,7,10,10,13,13,16,16,19,19,19,2,2,2,2,2,2,3
33.5,3.35e-14,6.080723653919513,1.9151378737855325,1.8988267981313744,1.9342499233707382,1.9603894636536612,1.810047232054917,1.9116695821742384,1,1,4,4,7,7,10,10,13,13,16,16,19,19,19,2,2,2,2,2,2,3
34.0,3.4e-14,6.074640898975198,1.9123036330779022,1.8996199962018157,1.9201340967364848,1.9580120856734295,1.811476663814162,1.9103215871868833,1,1,4,4,7,7,10,10,13,13,16,16,19,19,19,2,2,2,2,2,2,3
34.5,3.4500000000000004e-14,6.068597752436025,1.9093314999517637,1.9002781510541902,1.9059373354699174,1.9554954918614609,1.8129559846817112,1.908756357946809,1,1,4,4,7,7,10,10,13,13,16,16,19,19,19,2,2,2,2,2,2,3
35.0,3.5e-14,6.062585166475205,1.9062353720477239,1.9007520421179704,1.8917141293386592,1.9529230405370654,1.8145267722505587,1.9070010100573747,1,1,4,4,7,7,10,10,13,13,16,16,19,19,19,2,2,2,2,2,2,3
35.5,3.55e-14,6.056595296440777,1.9030412112743988,1.9010039160185062,1.8775276279119975,1.950369871269334,1.816235960782745,1.9050911881861596,1,1,4,4,7,7,10,10,13,13,16,16,19,19,19,2,2,2,2,2,2,3
36.0,3.6000000000000004e-14,6.05062497416314,1.8997834179002266,1.9010135270394317,1.8634452061615765,1.9478978657070236,1.8181310404506832,1.9030674088203567,1,1,4,4,7,7,10,10,13,13,16,16,19,19,19,2,2,2,2,2,2,3
36.5,3.65e-14,6.0446790811634585,1.8965011182632143,1.9007826096367921,1.8495350674758735,1.9455533759689194,1.8202557703454416,1.9009716562607288,1,1,4,4,7,7,10,10,13,13,16,16,19,19,19,2,2,2,2,2,2,3
37.0,3.7e-14,6.038772434582491,1.8932346778584002,1.9003360935535705,1.8358638250627926,1.9433664596776374,1.8226466886248855,1.898844511250754,1,1,4,4,7,7,10,10,13,13,16,16,19,19,19,2,2,2,2,2,2,3
37.5,3.7500000000000004e-14,6.032929225555832,1.8900225156910702,1.8997189503917222,1.8224944862828796,1.9413505779236775,1.8253305019220272,1.89672278699058,1,1,4,4,7,7,10,10,13,13,16,16,19,19,19,2,2,2,2,2,2,3
38.0,3.8e-14,6.027180109911671,1.8868982902560683,1.8989891111622,1.8094843657432296,1.9395021997065645,1.828322371311798,1.894637600237851,1,1,4,4,7,7,10,10,13,13,16,16,19,19,19,2,2,2,2,2,2,3
38.5,3.85e-14,6.021558173769027,1.8838885731537105,1.8982084162124506,1.7968829994445683,1.937800271432912,1.8316249968862441,1.892612813486051,1,1,4,4,7,7,10,10,13,13,16,16,19,19,19,2,2,2,2,2,2,3
39.0,3.9000000000000004e-14,6.016095216926148,1.8810111647355976,1.8974340453938394,1.7847303773305423,1.9362059364121242,1.8352284322204766,1.8906638837932603,1,1,4,4,7,7,10,10,13,13,16,16,19,19,19,2,2,2,2,2,2,3
39.5,3.95e-14,6.010819302210184,1.8782741458069145,1.8967120723379882,1.7730557989748355,1.9346632620050255,1.839110630496243,1.888797196613923,1,1,4,4,7,7,10,10,13,13,16,16,19,19,19,2,2,2,2,2,2,3
40.0,4.0000000000000006e-14,6.00575378697889,1.8756757350024371,1.8960735891636065,1.7618775616581148,1.9331020677603377,1.8432388435207516,1.887010011838976,1,1,4,4,7,7,10,10,13,13,16,16,19,19,19,2,2,2,2,2,2,3
40.5,4.0500000000000004e-14,6.000917552196829,1.873205067714095,1.8955329966506054,1.7512037376322829,1.9314440581939611,1.8475720566542904,1.8852912365196126,1,1,4,4,7,7,10,10,13,13,16,16,19,19,19,2,2,2,2,2,2,3
41.0,4.1e-14,5.996325931325897,1.8708440761789238,1.8950877759570093,1.7410343747951744,1.929612949688338,1.8520645622294207,1.8836233090045171,1,1,4,4,7,7,10,10,13,13,16,16,19,19,19,2,2,2,2,2,2,3
41.5,4.1500000000000006e-14,5.991991824312919,1.8685706093791092,1.8947191610849583,1.7313653558051731,1.927547724388909,1.8566705437132873,1.8819854118277277,1,1,4,4,7,7,10,10,13,13,16,16,19,19,19,2,2,2,2,2,2,3
42.0,4.2000000000000004e-14,5.987926546200955,1.866362710483911,1.894393414072354,1.722193729078891,1.9252158846208172,1.8613492069447697,1.8803579620109943,1,1,4,4,7,7,10,10,13,13,16,16,19,19,19,2,2,2,2,2,2,3
42.5,4.25e-14,5.984140036137211,1.8642034795707836,1.8940636725680988,1.7135235583465163,1.92262199816883,1.8660696500878797,1.878727782909677,1,1,4,4,7,7,10,10,13,13,16,16,19,19,19,2,2,2,2,2,2,3
43.0,4.3000000000000006e-14,5.980640305870229,1.8620855666277796,1.8936726006641942,1.7053708188610806,1.9198078166984645,1.8708145759331145,1.8770928526072772,1,1,4,4,7,7,10,10,13,13,16,16,19,19,19,2,2,2,2,2,2,3
43.5,4.3500000000000004e-14,5.977432391149273,1.860014174377382,1.8931560970833075,1.6977660147621878,1.9168438125438254,1.8755819286673467,1.8754653051416483,1,1,4,4,7,7,10,10,13,13,16,16,19,19,19,2,2,2,2,2,2,3
44.0,4.4e-14,5.974517396813331,1.8580078733562762,1.8924481910017854,1.6907539439338615,1.9138157525588855,1.8803839515794232,1.8738718042950442,1,1,4,4,7,7,10,10,13,13,16,16,19,19,19,2,2,2,2,2,2,3
44.5,4.4500000000000006e-14,5.971892249329868,1.8560972390389177,1.8914870054159192,1.6843908536051426,1.9108111532097585,1.885243893344028,1.8723512738292074,1,1,4,4,7,7,10,10,13,13,16,16,19,19,19,2,2,2,2,2,2,3
45.0,4.5000000000000004e-14,5.969550489279743,1.8543219158878144,1.890221354494704,1.6787398015174761,1.9079089576856945,1.8901912569732173,1.8709507710972024,1,1,4,4,7,7,10,10,13,13,16,16,19,19,19,2,2,2,2,2,2,3
45.5,4.55e-14,5.967484029658285,1.8527269236304558,1.8886171457726388,1.6738653131881456,1.9051733864506806,1.8952566537116793,1.869720644140868,1,1,4,4,7,7,10,10,13,13,16,16,19,19,19,2,2,2,2,2,2,3
46.0,4.6000000000000006e-14,5.965685319387155,1.8513588654395914,1.8866623460174505,1.6698283141812618,1.902651249872579,1.900467018491129,1.8687099529160154,1,1,4,4,7,7,10,10,13,13,16,16,19,19,19,2,2,2,2,2,2,3
46.5,4.6500000000000004e-14,5.9641489863145605,1.8502623916590353,1.8843690729692775,1.6666818338460576,1.9003713589501634,1.9058415453177016,1.8679626642276577,1,1,4,4,7,7,10,10,13,13,16,16,19,19,19,2,2,2,2,2,2,3
47.0,4.7e-14,5.962872071966751,1.8494770099727895,1.8817718184970114,1.6644674175517293,1.8983447033701064,1.9113885593158444,1.8675146940402536,1,1,4,4,7,7,10,10,13,13,16,16,19,19,19,2,2,2,2,2,2,3
47.5,4.7500000000000006e-14,5.961852599400322,1.8490341722174535,1.8789218663986316,1.6632120016094871,1.8965645104319604,1.9171036065369405,1.867391584111296,1,1,4,4,7,7,10,10,13,13,16,16,19,19,19,2,2,2,2,2,2,3
48.0,4.8000000000000004e-14,5.961087073786581,1.8489548955549848,1.8758794402649437,1.6629254220527598,1.8950059747661854,1.9229689240309429,1.86760689121838,1,1,4,4,7,7,10,10,13,13,16,16,19,19,19,2,2,2,2,2,2,3
48.5,4.85e-14,5.9605681127348715,1.849248030755714,1.8727055817917937,1.6635989118720942,1.8936260534176028,1.9289540973418016,1.8681612077674006,1,1,4,4,7,7,10,10,13,13,16,16,19,19,19,2,2,2,2,2,2,3
49.0,4.9000000000000006e-14,5.960283136370431,1.8499094304835284,1.8694555825942483,1.6652048328669211,1.8923641112661147,1.9350175881272897,1.8690419594735104,1,1,4,4,7,7,10,10,13,13,16,16,19,19,19,2,2,2,2,2,2,3
49.5,4.9500000000000004e-14,5.960214476019479,1.8509220422271193,1.8661746757849498,1.667697643066913,1.8911444643636104,1.9411089465914235,1.8702240276199966,1,1,4,4,7,7,10,10,13,13,16,16,19,19,19,2,2,2,2,2,2,3
50.0,5e-14,5.960340673525827,1.8522569664311426,1.8628958112471985,1.67101603089056,1.8898819308490815,1.9471717339638737,1.8716713015663506,1,1,4,4,7,7,10,10,13,13,16,16,19,19,19,2,2,2,2,2,2,3
50.5,5.0500000000000006e-14,5.960638397845146,1.85387550740724,1.8596389890976952,1.6750861211571935,1.8884911507206523,1.953147174171869,1.8733393105300225,1,1,4,4,7,7,10,10,13,13,16,16,19,19,19,2,2,2,2,2,2,3
51.0,5.1000000000000004e-14,5.961084308969266,1.8557322049113374,1.8564116622726454,1.6798255980242272,1.8868992198222594,1.9589783913098242,1.8751790160624089,1,1,4,4,7,7,10,10,13,13,16,16,19,19,19,2,2,2,2,2,2,3
51.5,5.15e-14,5.9616562910754745,1.8577786919897936,1.853209917993905,1.6851484602406681,1.8850591551622347,1.964614867740885,1.8771416293512362,1,1,4,4,7,7,10,10,13,13,16,16,19,19,19,2,2,2,2,2,2,3
52.0,5.2000000000000006e-14,5.962333712360604,1.8599680248529744,1.8500202813587165,1.690970055773088,1.882959928100833,1.9700166807412125,1.8791839404093509,1,1,4,4,7,7,10,10,13,13,16,16,19,19,19,2,2,2,2,2,2,3
52.5,5.2500000000000003e-14,5.963096781889292,1.8622589625108483,1.8468220155463537,1.6972121466253702,1.8806289470394155,1.9751579908734118,1.8812733306956326,1,1,4,4,7,7,10,10,13,13,16,16,19,19,19,2,2,2,2,2,2,3
53.0,5.3e-14,5.963925349115954,1.8646194996431873,1.8435899544087933,1.7038075753499282,1.8781258003386443,1.9800291924018671,1.8833912899844956,1,1,4,4,7,7,10,10,13,13,16,16,19,19,19,2,2,2,2,2,2,3
53.5,5.3500000000000006e-14,5.964797647442952,1.8670288881619324,1.8402980755668235,1.7107035878909496,1.8755299741093352,1.9846369713112249,1.885534417999013,1,1,4,4,7,7,10,10,13,13,16,16,19,19,19,2,2,2,2,2,2,3
54.0,5.4000000000000003e-14,5.965689470098718,1.8694777435201944,1.8369239415864484,1.717862868577374,1.8729273152944494,1.989002050721231,1.8877126174249947,1,1,4,4,7,7,10,10,13,13,16,16,19,19,19,2,2,2,2,2,2,3
54.5,5.45e-14,5.966574189058477,1.8719664699460519,1.833453782551923,1.725262108678352,1.8703990676767597,1.9931552165995405,1.8899452002973953,1,1,4,4,7,7,10,10,13,13,16,16,19,19,19,2,2,2,2,2,2,3
55.0,5.5000000000000005e-14,5.9674238318446475,1.874502630263702,1.829887604811096,1.7328887111123128,1.8680149580070522,1.9971326188778182,1.8922561590439138,1,1,4,4,7,7,10,10,13,13,16,16,19,19,19,2,2,2,2,2,2,3
55.5,5.5500000000000003e-14,5.968211072553125,1.8770978617737395,1.8262434066753253,1.7407364521386364,1.865829901208503,2.00097117328324,1.894669674273233,1,1,4,4,7,7,10,10,13,13,16,16,19,19,19,2,2,2,2,2,2,3
56.0,5.6e-14,5.968911593506994,1.879764723092082,1.8225593753300442,1.7488007785982564,1.8638830541040654,2.004704521631274,1.8972064011083438,1,1,4,4,7,7,10,10,13,13,16,16,19,19,19,2,2,2,2,2,2,3
56.5,5.6500000000000005e-14,5.969505838063651,1.8825137167178734,1.818893009484338,1.757074332295965,1.8621978372658123,2.008359768288009,1.899880659935613,1,1,4,4,7,7,10,10,13,13,16,16,19,19,19,2,2,2,2,2,2,3
57.0,5.700000000000001e-14,5.969979095444623,1.8853507210225207,1.8153166733294586,1.7655434584383243,1.860781872881587,2.0119551840593015,1.9026985283030353,1,1,4,4,7,7,10,10,13,13,16,16,19,19,19,2,2,2,2,2,2,3
57.5,5.750000000000001e-14,5.970320109376813,1.8882752349881935,1.8119104048013073,1.7741864389655853,1.8596264053329352,2.0154990471991074,1.9056569199285207,1,1,4,4,7,7,10,10,13,13,16,16,19,19,19,2,2,2,2,2,2,3
58.0,5.8e-14,5.970519371263561,1.8912794673926308,1.8087536926446561,1.7829735529712445,1.8587055263732941,2.01898952960934,1.9087434979059468,1,1,4,4,7,7,10,10,13,13,16,16,19,19,19,2,2,2,2,2,2,3
58.5,5.85e-14,5.970567846792659,1.8943481415012253,1.8059183063023594,1.7918680896880752,1.8579758699193583,2.0224153107730647,1.911937174368923,1,1,4,4,7,7,10,10,13,13,16,16,19,19,19,2,2,2,2,2,2,3
59.0,5.9e-14,5.970456678406619,1.8974588060214115,1.8034632476664918,1.8008276569372907,1.8573777430383507,2.025756787528574,1.9152089865578796,1,1,4,4,7,7,10,10,13,13,16,16,19,19,19,2,2,2,2,2,2,3
59.5,5.95e-14,5.970177906494638,1.9005825797688618,1.801431891374813,1.8098055488302174,1.856838816880624,2.0289879575703287,1.918523347884583,1,1,4,4,7,7,10,10,13,13,16,16,19,19,19,2,2,2,2,2,2,3
60.0,6.000000000000001e-14,5.969725807245369,1.9036854289975826,1.799850847848758,1.8187522830910086,1.8562814390787377,2.0320791551333186,1.921839850570035,1,1,4,4,7,7,10,10,13,13,16,16,19,19,19,2,2,2,2,2,2,3
60.5,6.050000000000001e-14,5.969098220351136,1.9067301138029569,1.7987300000405602,1.827617428422796,1.8556338622620716,2.0350006396013995,1.9251158476273844,1,1,4,4,7,7,10,10,13,13,16,16,19,19,19,2,2,2,2,2,2,3
61.0,6.1e-14,5.968297269673386,1.9096788817499097,1.7980632736281295,1.8363518987706564,1.8548439358005049,2.0377267914070356,1.9283099446635616,1,1,4,4,7,7,10,10,13,13,16,16,19,19,19,2,2,2,2,2,2,3
61.5,6.15e-14,5.96732912910833,1.9124968906318127,1.7978299290144963,1.8449109848571847,1.8538915756169592,2.0402404003226033,1.9313863227182475,1,1,4,4,7,7,10,10,13,13,16,16,19,19,19,2,2,2,2,2,2,3
62.0,6.2e-14,5.96620272462125,1.9151562014856325,1.7979965328440435,1.853258424317808,1.8527952347735661,2.0425363285344664,1.9343195172145742,1,1,4,4,7,7,10,10,13,13,16,16,19,19,19,2,2,2,2,2,2,3
62.5,6.25e-14,5.964927616093876,1.9176396052344973,1.798519899885642,1.8613711690063273,1.8516093488310186,2.0446236427359303,1.9370985820664048,1,1,4,4,7,7,10,10,13,13,16,16,19,19,19,2,2,2,2,2,2,3
63.0,6.300000000000001e-14,5.963511454678423,1.919943280469497,1.7993514716586259,1.8692432315467709,1.8504137576382655,2.0465254518135696,1.9397293125222004,1,1,4,4,7,7,10,10,13,13,16,16,19,19,19,2,2,2,2,2,2,3
63.5,6.350000000000001e-14,5.961957796836432,1.922077415329118,1.8004428602451197,1.8768869282205298,1.8492995006350592,2.048276307861738,1.9422335581234271,1,1,4,4,7,7,10,10,13,13,16,16,19,19,19,2,2,2,2,2,2,3
64.0,6.4e-14,5.960265001323153,1.9240647357731508,1.8017518208268848,1.8843309228380392,1.8483557520046832,2.0499178542567402,1.944645855890098,1,1,4,4,7,7,10,10,13,13,16,16,19,19,19,2,2,2,2,2,2,3
64.5,6.45e-14,5.958426697024987,1.9259375234125813,1.8032476602953729,1.8916157749241913,1.8476605751419284,2.051493812385702,1.947008521300972,1,1,4,4,7,7,10,10,13,13,16,16,19,19,19,2,2,2,2,2,2,3
65.0,6.5e-14,5.956433870988258,1.9277338744028245,1.8049151239372594,1.8987882303250905,1.8472757794708432,2.053045250726673,1.9493664846502115,1,1,4,4,7,7,10,10,13,13,16,16,19,19,19,2,2,2,2,2,2,3
65.5,6.550000000000001e-14,5.954278025751436,1.929493794540632,1.8067559764645302,1.905895357191493,1.8472447751113938,2.0546066682757775,1.9517627431368283,1,1,4,4,7,7,10,10,13,13,16,16,19,19,19,2,2,2,2,2,2,3
66.0,6.600000000000001e-14,5.951954278609613,1.931255507638975,1.8087877970555897,1.912979285330732,1.8475919847653794,2.0562030584816333,1.9542347669270248,1,1,4,4,7,7,10,10,13,13,16,16,19,19,19,2,2,2,2,2,2,3
66.5,6.650000000000001e-14,5.949463106668683,1.9330522344023762,1.8110400654938021,1.9200730797490846,1.8483226979938334,2.0578479467134287,1.9568118737456994,1,1,4,4,7,7,10,10,13,13,16,16,19,19,19,2,2,2,2,2,2,3
67.0,6.7e-14,5.946810037592451,1.9349096146399625,1.8135483177104275,1.927198129454337,1.849422855370037,2.0595423424917403,1.959513517451892,1,1,4,4,7,7,10,10,13,13,16,16,19,19,19,2,2,2,2,2,2,3
67.5,6.75e-14,5.944003616025293,1.9368438474207472,1.816347697073205,1.9343630170402366,1.85085883413,2.0612745511026405,1.9623483724540483,1,1,4,4,7,7,10,10,13,13,16,16,19,19,19,2,2,2,2,2,2,3
68.0,6.8e-14,5.9410528198931205,1.9388605393118963,1.8194672263448106,1.9415634634223413,1.8525777000330184,2.0630208066284825,1.9653140449344195,1,1,4,4,7,7,10,10,13,13,16,16,19,19,19,2,2,2,2,2,2,3
68.5,6.850000000000001e-14,5.937965155945292,1.9409542288355532,1.8229256097544941,1.9487829408479018,1.8545086698798896,2.064746722050167,1.9683973020749328,1,1,4,4,7,7,10,10,13,13,16,16,19,19,19,2,2,2,2,2,2,3
69.0,6.900000000000001e-14,5.934746057649441,1.9431086283692773,1.8267287516845063,1.9559938220946687,1.8565667723996222,2.0664096333558772,1.9715748469565428,1,1,4,4,7,7,10,10,13,13,16,16,19,19,19,2,2,2,2,2,2,3
69.5,6.950000000000001e-14,5.931399491222651,1.9452977179336346,1.8308687181198913,1.963159196876122,1.8586597220843686,2.0679619191737535,1.9748148155176362,1,1,4,4,7,7,10,10,13,13,16,16,19,19,19,2,2,2,2,2,2,3
70.0,7e-14,5.927929219007251,1.947487863974492,1.8353236832861393,1.9702355659221835,1.8606983964112411,2.069355243693345,1.9780792111482581,1,1,4,4,7,7,10,10,13,13,16,16,19,19,19,2,2,2,2,2,2,3
70.5,7.05e-14,5.924340044086386,1.949641069495866,1.8400584679744123,1.9771765284066045,1.8626097819584084,2.070545388753672,1.9813274167543973,1,1,4,4,7,7,10,10,13,13,16,16,19,19,19,2,2,2,2,2,2,3
71.0,7.1e-14,5.920638447910753,1.9517192553020708,1.8450255674753169,1.9839374000190786,1.8643492632114989,2.071497025994251,1.9845206918217262,1,1,4,4,7,7,10,10,13,13,16,16,19,19,19,2,2,2,2,2,2,3
71.5,7.150000000000001e-14,5.916832199994558,1.9536891124327167,1.8501670288767678,1.9904804561622174,1.8659080456354138,2.072187534237635,1.9876272258911711,1,1,4,4,7,7,10,10,13,13,16,16,19,19,19,2,2,2,2,2,2,3
72.0,7.200000000000001e-14,5.912928802307676,1.955526665917462,1.8554177628710948,1.996780046436847,1.8673126448080137,2.072609005583563,1.9906267977166574,1,1,4,4,7,7,10,10,13,13,16,16,19,19,19,2,2,2,2,2,2,3
72.5,7.250000000000001e-14,5.908933157328266,1.957220422791779,1.860710484321664,2.0028263160901214,1.8686166741421715,2.07276788970697,1.9935137660692643,1,1,4,4,7,7,10,10,13,13,16,16,19,19,19,2,2,2,2,2,2,3
73.0,7.3e-14,5.904845221478531,1.9587721045985491,1.865981859458773,2.0086261043914044,1.8698884202312749,2.0726823624137904,1.9962973229651275,1,1,4,4,7,7,10,10,13,13,16,16,19,19,19,2,2,2,2,2,2,3
73.5,7.35e-14,5.90065867236297,1.9601949355497044,1.8711785092648057,2.0142006726726933,1.871198487926937,2.0723782443822487,1.9989987981175454,1,1,4,4,7,7,10,10,13,13,16,16,19,19,19,2,2,2,2,2,2,3
74.0,7.4e-14,5.896361222450993,1.961510148942498,1.8762618137896616,2.0195811054836907,1.872610490375625,2.071884484319483,2.001647010510275,1,1,4,4,7,7,10,10,13,13,16,16,19,19,19,2,2,2,2,2,2,3
74.5,7.450000000000001e-14,5.891936828105209,1.9627427817187053,1.8812106715356898,2.0248027833946725,1.8741755240715265,2.0712291053039316,2.004273019718321,1,1,4,4,7,7,10,10,13,13,16,16,19,19,19,2,2,2,2,2,2,3
75.0,7.500000000000001e-14,5.887369433265808,1.9639176295560365,1.8860218916695026,2.029900117060412,1.8759296358569388,2.0704360820883396,2.006905378985638,1,1,4,4,7,7,10,10,13,13,16,16,19,19,19,2,2,2,2,2,2,3
75.5,7.550000000000001e-14,5.882647211543173,1.9650558511371992,1.8907083027547835,2.0349021962702944,1.8778929892881988,2.0695232395489023,2.009566438544079,1,1,4,4,7,7,10,10,13,13,16,16,19,19,19,2,2,2,2,2,2,3
76.0,7.6e-14,5.877765863032978,1.9661724234836297,1.8952949983568177,2.039829613649362,1.8800696479731156,2.068501072941824,2.012269802197318,1,1,4,4,7,7,10,10,13,13,16,16,19,19,19,2,2,2,2,2,2,3
76.5,7.65e-14,5.872729651198326,1.9672744134363194,1.899814457930652,2.0446925603764594,1.8824474766194468,2.0673722459000596,2.0150188961979385,1,1,4,4,7,7,10,10,13,13,16,16,19,19,19,2,2,2,2,2,2,3
77.0,7.7e-14,5.867549843100457,1.9683600680286413,1.9043014396394071,2.0494901584673175,1.8849980625640854,2.066131545068843,2.017806539936688,1,1,4,4,7,7,10,10,13,13,16,16,19,19,19,2,2,2,2,2,2,3
77.5,7.750000000000001e-14,5.862241348083646,1.9694185291700006,1.9087883299240578,2.0542108121011564,1.8876769915208915,2.0647661638651216,2.020615315559393,1,1,4,4,7,7,10,10,13,13,16,16,19,19,19,2,2,2,2,2,2,3
78.0,7.800000000000001e-14,5.85681923451848,1.9704301287374084,1.913301512558025,2.0588332462987853,1.8904250631861383,2.063256458604358,2.0234185871906356,1,1,4,4,7,7,10,10,13,13,16,16,19,19,19,2,2,2,2,2,2,3
78.5,7.85e-14,5.851296362704785,1.9713671603851948,1.9178589061274294,2.0633280037176376,1.893171193461389,2.061577332748942,2.0261819811653523,1,1,4,4,7,7,10,10,13,13,16,16,19,19,19,2,2,2,2,2,2,3
79.0,7.9e-14,5.845682539268003,1.9721952645633614,1.9224684771194045,2.0676594347791384,1.895837816338815,2.0597005151481267,2.0288652433574255,1,1,4,4,7,7,10,10,13,13,16,16,19,19,19,2,2,2,2,2,2,3
79.5,7.95e-14,5.8399848071226685,1.9728753507600685,1.9271276094600296,2.071788265920904,1.898349471705503,2.0575976629131683,2.0314246067627164,1,1,4,4,7,7,10,10,13,13,16,16,19,19,19,2,2,2,2,2,2,3
80.0,8.000000000000001e-14,5.834208519974181,1.973366366417692,1.9318229148304091,2.0756749645631376,1.9006439721533432,2.055244388886288,2.0338156337701303,1,1,4,4,7,7,10,10,13,13,16,16,19,19,19,2,2,2,2,2,2,3
80.5,8.050000000000001e-14,5.828358616146011,1.9736288369936297,1.9365302551941959,2.079283803041475,1.9026838867874925,2.052624763769509,2.0359964609265684,1,1,4,4,7,7,10,10,13,13,16,16,19,19,19,2,2,2,2,2,2,3
81.0,8.100000000000001e-14,5.822440345271396,1.9736290171469635,1.9412150670374808,2.082587332610855,1.904464568216128,2.0497354270363677,2.0379312138201997,1,1,4,4,7,7,10,10,13,13,16,16,19,19,19,2,2,2,2,2,2,3
81.5,8.15e-14,5.816458965401329,1.9733430201379607,1.9458341597302342,2.085570994537066,1.9060160083495847,2.0465882678631733,2.039593521449654,1,1,4,4,7,7,10,10,13,13,16,16,19,19,19,2,2,2,2,2,2,3
82.0,8.2e-14,5.810417676069048,1.9727599730505139,1.9503396930253913,2.0882368989331686,1.9073973584738562,2.043210411273121,2.0409693525212407,1,1,4,4,7,7,10,10,13,13,16,16,19,19,19,2,2,2,2,2,2,3
82.5,8.25e-14,5.804314449749236,1.97188312291851,1.954685137729333,2.090605296130099,1.9086861448030243,2.0396412964873116,2.042058120185704,1,1,4,4,7,7,10,10,13,13,16,16,19,19,19,2,2,2,2,2,2,3
83.0,8.300000000000001e-14,5.798139481530056,1.970728566331428,1.9588317573782554,2.0927129429148907,1.9099660321679557,2.03592788049858,2.0428714875972904,1,1,4,4,7,7,10,10,13,13,16,16,19,19,19,2,2,2,2,2,2,3
83.5,8.350000000000001e-14,5.791874578984832,1.9693222103077075,1.9627540211884165,2.094608814611878,1.9113164634602722,2.0321193692353203,2.0434302190805784,1,1,4,4,7,7,10,10,13,13,16,16,19,19,19,2,2,2,2,2,2,3
84.0,8.400000000000001e-14,5.785495028760915,1.9676959418453697,1.9664427977217676,2.0963484944130237,1.9128056720475421,2.028262535467837,2.043760065350879,1,1,4,4,7,7,10,10,13,13,16,16,19,19,19,2,2,2,2,2,2,3
84.5,8.45e-14,5.778973994391024,1.9658839466588145,1.969905851467248,2.097988678957026,1.9144868943973727,2.0243981871455805,2.0438878528525857,1,1,4,4,7,7,10,10,13,13,16,16,19,19,19,2,2,2,2,2,2,3
85.0,8.5e-14,5.772288711225798,1.9639198743771367,1.9731658705921098,2.0995824786585744,1.9163965599688066,2.020559191402991,2.043838295071913,1,1,4,4,7,7,10,10,13,13,16,16,19,19,19,2,2,2,2,2,2,3
85.5,8.55e-14,5.765426868700617,1.9618349147884613,1.9762565356490132,2.101175798436284,1.9185532138251438,2.016769658602861,2.0436318744253126,1,1,4,4,7,7,10,10,13,13,16,16,19,19,19,2,2,2,2,2,2,3
86.0,8.600000000000001e-14,5.7583907758078725,1.9596565839511282,1.9792176531664878,2.1028047349848706,1.9209564229548404,2.013044718792114,2.0432836258812075,1,1,4,4,7,7,10,10,13,13,16,16,19,19,19,2,2,2,2,2,2,3
86.5,8.650000000000001e-14,5.751197193994411,1.9574076129110107,1.9820903673006116,2.1044939523494186,1.9235858151946876,2.0093900324109573,2.0428025707695086,1,1,4,4,7,7,10,10,13,13,16,16,19,19,19,2,2,2,2,2,2,3
87.0,8.700000000000001e-14,5.743872949079438,1.9551046460044026,1.9849130067388001,2.106255963743258,1.9264008296602921,2.005800958213749,2.0421915057161226,1,1,4,4,7,7,10,10,13,13,16,16,19,19,19,2,2,2,2,2,2,3
87.5,8.75e-14,5.73644868046449,1.9527569675374932,1.9877176676218693,2.108091065990942,1.9293415909829388,2.002262042196842,2.0414469949837195,1,1,4,4,7,7,10,10,13,13,16,16,19,19,19,2,2,2,2,2,2,3
88.0,8.8e-14,5.7289534689873225,1.950365633126193,1.9905275844534844,2.1099877680077537,1.9323314725516605,1.998747559376561,2.040559642411423,1,1,4,4,7,7,10,10,13,13,16,16,19,19,19,2,2,2,2,2,2,3
88.5,8.85e-14,5.721411691956749,1.947923316895934,1.993355306408397,2.111923790931701,1.9352822248894248,1.9952235094030932,2.039514728219292,1,1,4,4,7,7,10,10,13,13,16,16,19,19,19,2,2,2,2,2,2,3
89.0,8.900000000000001e-14,5.713842153820143,1.9454151359044418,1.9962016453353528,2.1138678663088277,1.9381025942008718,1.9916511468467375,2.0382934274638727,1,1,4,4,7,7,10,10,13,13,16,16,19,19,19,2,2,2,2,2,2,3
89.5,8.950000000000001e-14,5.706258920402497,1.9428207041581014,1.9990551213444496,2.115782555235202,1.9407102690482447,1.987991888072888,2.0368747613813536,1,1,4,4,7,7,10,10,13,13,16,16,19,19,19,2,2,2,2,2,2,3
90.0,9.000000000000001e-14,5.698673229515151,1.9401176926339143,2.001891741086406,2.1176282011337118,1.9430451399954352,1.9842131894971398,2.0352384530140255,1,1,4,4,7,7,10,10,13,13,16,16,19,19,19,2,2,2,2,2,2,3
90.5,9.05e-14,5.691095479735557,1.9372867399533449,2.0046753492917335,2.1193679333383004,1.9450800807845596,1.9802943657255385,2.033368608156882,1,1,4,4,7,7,10,10,13,13,16,16,19,19,19,2,2,2,2,2,2,3
91.0,9.1e-14,5.683535586442443,1.934316792338466,2.007359466011618,2.120973354078344,1.9468253198307635,1.9762306222950297,2.0312576601960974,1,1,4,4,7,7,10,10,13,13,16,16,19,19,19,2,2,2,2,2,2,3
91.5,9.15e-14,5.676000763701124,1.9312091460212377,2.0098912344583137,2.122429767197645,1.9483243950189837,1.972033595344954,2.0289091771197865,1,1,4,4,7,7,10,10,13,13,16,16,19,19,19,2,2,2,2,2,2,3
92.0,9.200000000000001e-14,5.668491728182746,1.9279791391649392,2.012217311713439,2.123739240753494,1.9496432233932066,1.9677283763316957,2.0263387503184975,1,1,4,4,7,7,10,10,13,13,16,16,19,19,19,2,2,2,2,2,2,3
92.5,9.250000000000001e-14,5.6609997458160395,1.9246552125160528,2.0142904157498465,2.1249202179517397,1.9508564504388453,1.9633484020778287,2.0235726769655558,1,1,4,4,7,7,10,10,13,13,16,16,19,19,19,2,2,2,2,2,2,3
93.0,9.300000000000001e-14,5.653506055980608,1.9212758514532309,2.0160751614847925,2.1260038479294865,1.952035428542636,1.9589298862127476,2.020644912081983,1,1,4,4,7,7,10,10,13,13,16,16,19,19,19,2,2,2,2,2,2,3
93.5,9.35e-14,5.6459841394204275,1.9178853022271096,2.017552060219454,2.127028301845685,1.9532400717685967,1.9545069103460297,2.017593153166233,1,1,4,4,7,7,10,10,13,13,16,16,19,19,19,2,2,2,2,2,2,3
94.0,9.4e-14,5.638404689220084,1.9145291545322658,2.0187189467408393,2.1280327200603675,1.9545145196246072,1.9501078355301924,2.0144548978917802,1,1,4,4,7,7,10,10,13,13,16,16,19,19,19,2,2,2,2,2,2,3
94.5,9.45e-14,5.630742422601969,1.9112505904782482,2.0195899122657694,2.129051924646346,1.9558854101383232,1.9457531624642028,2.01126421853526,1,1,4,4,7,7,10,10,13,13,16,16,19,19,19,2,2,2,2,2,2,3
95.0,9.500000000000001e-14,5.622982937449263,1.9080876039826857,2.0201924243099425,2.130112434995966,1.9573614260787018,1.9414546115211868,2.0080495218786893,1,1,4,4,7,7,10,10,13,13,16,16,19,19,19,2,2,2,2,2,2,3
95.5,9.550000000000001e-14,5.615127139266544,1.905070988247054,2.0205634788947155,2.1312298336095594,1.9589332302208387,1.937214907036791,2.00483212195591,1,1,4,4,7,7,10,10,13,13,16,16,19,19,19,2,2,2,2,2,2,3
96.0,9.600000000000001e-14,5.6071912966310515,1.9022227346740603,2.0207454001817187,2.1324073099039613,1.9605734751116308,1.9330277518646206,2.00162524153969,1,1,4,4,7,7,10,10,13,13,16,16,19,19,19,2,2,2,2,2,2,3
96.5,9.65e-14,5.599202766436685,1.899554661102119,2.0207816384557216,2.1336351421925612,1.9622370210541453,1.9288778530511201,1.9984332348601694,1,1,4,4,7,7,10,10,13,13,16,16,19,19,19,2,2,2,2,2,2,3
97.0,9.7e-14,5.591193470906826,1.8970674389093707,2.0207128881079304,2.1348908790966408,1.963861744446917,1.924741304863283,1.9952511491417448,1,1,4,4,7,7,10,10,13,13,16,16,19,19,19,2,2,2,2,2,2,3
97.5,9.750000000000001e-14,5.583193714025686,1.8947502298617203,2.020573862786568,2.1361400703481745,1.9653706325863138,1.920586717078693,1.9920648352632992,1,1,4,4,7,7,10,10,13,13,16,16,19,19,19,2,2,2,2,2,2,3
98.0,9.800000000000001e-14,5.575227941748068,1.8925810714822664,2.0203909519958767,2.137337546103801,1.966676179266171,1.91637732232033,1.9888517505042,1,1,4,4,7,7,10,10,13,13,16,16,19,19,19,2,2,2,2,2,2,3
98.5,9.850000000000001e-14,5.567312783745622,1.890528149848948,2.020180778072943,2.138429405741207,1.9676880854949999,1.9120741238522327,1.9855825614193217,1,1,4,4,7,7,10,10,13,13,16,16,19,19,19,2,2,2,2,2,2,3
99.0,9.900000000000001e-14,5.55945691665936,1.8885521736620137,2.019949540893443,2.139355945837955,1.9683244796085413,1.9076399992780861,1.9822236718620116,1,1,4,4,7,7,10,10,13,13,16,16,19,19,19,2,2,2,2,2,2,3
99.5,9.95e-14,5.551661995305565,1.8866100643568138,2.01969302208037,2.1400557177312542,1.9685251337155922,1.9030444447557813,1.9787407654185056,1,1,4,4,7,7,10,10,13,13,16,16,19,19,19,2,2,2,2,2,2,3
100.0,1e-13,5.543923856023354,1.8846599087139395,2.0193972172005425,2.1404706960155395,1.96826315404986,1.8982682816453995,1.9751031985741854,1,1,4,4,7,7,10,10,13,13,16,16,19,19,19,2,2,2,2,2,2,3
100.5,1.0050000000000001e-13,5.536233165042122,1.8826666647134545,2.0190397442448482,2.1405521079269914,1.9675508129455923,1.893307254408748,1.9712886346458847,1,1,4,4,7,7,10,10,13,13,16,16,19,19,19,2,2,2,2,2,2,3
101.0,1.0100000000000001e-13,5.528575031764245,1.880607442111183,2.0185921671547846,2.140265860651956,1.9664369097113823,1.8881733587097629,1.967286783718992,1,1,4,4,7,7,10,10,13,13,16,16,19,19,19,2,2,2,2,2,2,3
101.5,1.0150000000000001e-13,5.520927803028557,1.8784749805326229,2.0180233977825917,2.1395961610448877,1.9649967265808905,1.8828934668478405,1.9631011728554741,1,1,4,4,7,7,10,10,13,13,16,16,19,19,19,2,2,2,2,2,2,3
102.0,1.0200000000000001e-13,5.513261951026504,1.8762782886140508,2.0173040079875197,2.138546180070173,1.96331858742718,1.8775057333403593,1.9587484112732287,1,1,4,4,7,7,10,10,13,13,16,16,19,19,19,2,2,2,2,2,2,3
102.5,1.025e-13,5.505540030012532,1.8740403529973133,2.0164109000952575,2.13713559438596,1.9614913653617079,1.8720548739673823,1.9542552202625714,1,1,4,4,7,7,10,10,13,13,16,16,19,19,19,2,2,2,2,2,2,3
103.0,1.03e-13,5.497718355109262,1.8717937841976946,2.0153314768410744,2.1353958675311704,1.9595954291539315,1.86658742064811,1.949654145764932,1,1,4,4,7,7,10,10,13,13,16,16,19,19,19,2,2,2,2,2,2,3
103.5,1.0350000000000001e-13,5.489750687933664,1.8695757517839127,2.0140664674748905,2.133364665654406,1.957697352597261,1.8611477238617828,1.9449790817365962,1,1,4,4,7,7,10,10,13,13,16,16,19,19,19,2,2,2,2,2,2,3
104.0,1.0400000000000001e-13,5.481593691778905,1.8674233889957979,2.0126309675647995,2.13108068311695,1.9558474600228715,1.8557750669169717,1.940261519132142,1,1,4,4,7,7,10,10,13,13,16,16,19,19,19,2,2,2,2,2,2,3
104.5,1.0450000000000001e-13,5.473213167997642,1.86537029536632,2.011053728021148,2.128579632288221,1.9540789755643304,1.8505018949926453,1.9355279506123853,1,1,4,4,7,7,10,10,13,13,16,16,19,19,19,2,2,2,2,2,2,3
105.0,1.0500000000000001e-13,5.464589289572551,1.8634441822260082,2.009374980403678,2.1258915460647216,1.95240774227735,1.8453528695610715,1.9307983782537472,1,1,4,4,7,7,10,10,13,13,16,16,19,19,19,2,2,2,2,2,2,3
105.5,1.055e-13,5.455718875047378,1.8616653880282221,2.0076431198742446,2.1230391369259136,1.9508319104836052,1.8403443641098252,1.9260855383125395,1,1,4,4,7,7,10,10,13,13,16,16,19,19,19,2,2,2,2,2,2,3
106.0,1.06e-13,5.446613710634989,1.8600459260936302,2.005910551021901,2.1200367884266553,1.949331463630078,1.8354841241719526,1.9213944449684446,1,1,4,4,7,7,10,10,13,13,16,16,19,19,19,2,2,2,2,2,2,3
106.5,1.0650000000000001e-13,5.437295681057909,1.8585889184334252,2.0042292040835465,2.1168899449225096,1.9478680226869214,1.8307711727520897,1.9167221303268065,1,1,4,4,7,7,10,10,13,13,16,16,19,19,19,2,2,2,2,2,2,3
107.0,1.0700000000000001e-13,5.427790737021811,1.8572884114792039,2.0026463528072345,2.113594895853328,1.9463858371137182,1.8261962749415825,1.9120577099648455,1,1,4,4,7,7,10,10,13,13,16,16,19,19,19,2,2,2,2,2,2,3
107.5,1.0750000000000001e-13,5.418123684214213,1.856129656463936,2.001201251193999,2.1101391175689264,1.9448151795603785,1.8217432734125913,1.9073829887985807,1,1,4,4,7,7,10,10,13,13,16,16,19,19,19,2,2,2,2,2,2,3
108.0,1.0800000000000001e-13,5.408314832789114,1.855089996311622,1.9999228307056387,2.1065023962887626,1.9430793329311802,1.81739145462842,1.902673817496073,1,1,4,4,7,7,10,10,13,13,16,16,19,19,19,2,2,2,2,2,2,3
108.5,1.085e-13,5.3983786216086855,1.854140575718061,1.9988284225564512,2.102658995532914,1.941105624808603,1.813118932405102,1.8979024197077698,1,1,4,4,7,7,10,10,13,13,16,16,19,19,19,2,2,2,2,2,2,3
109.0,1.09e-13,5.38832381685366,1.8532491205590298,1.997923331090131,2.0985810781005045,1.9388392415889826,1.8089068134877406,1.893040871249109,1,1,4,4,7,7,10,10,13,13,16,16,19,19,19,2,2,2,2,2,2,3
109.5,1.0950000000000001e-13,5.378154663881429,1.8523839067297923,1.997201065093737,2.0942433504603466,1.9362563203715326,1.8047435870559752,1.888065679077851,1,1,4,4,7,7,10,10,13,13,16,16,19,19,19,2,2,2,2,2,2,3
110.0,1.1000000000000001e-13,5.367872145483032,1.8515186758733453,1.9966441394199297,2.089628355775555,1.9333715966929494,1.8006288121000347,1.882962882466297,1,1,4,4,7,7,10,10,13,13,16,16,19,19,19,2,2,2,2,2,2,3
110.5,1.1050000000000001e-13,5.357474440347238,1.850637702006605,1.9962255006129068,2.084731230583668,1.930237234339799,1.7965750379013263,1.8777324674265707,1,1,4,4,7,7,10,10,13,13,16,16,19,19,19,2,2,2,2,2,2,3
111.0,1.1100000000000001e-13,5.346956221001226,1.84973971841057,1.995910750650642,2.0795625288609996,1.9269332043550356,1.792607292500852,1.8723907233868549,1,1,4,4,7,7,10,10,13,13,16,16,19,19,19,2,2,2,2,2,2,3
111.5,1.115e-13,5.336307348663991,1.8488394714332366,1.995661292129872,2.0741482548220618,1.9235531791375695,1.788760327409292,1.8669697773354497,1,1,4,4,7,7,10,10,13,13,16,16,19,19,19,2,2,2,2,2,2,3
112.0,1.12e-13,5.325512010952657,1.847966320446029,1.9954381953063003,2.0685271525719897,1.9201908166699875,1.7850744528963358,1.8615144499520353,1,1,4,4,7,7,10,10,13,13,16,16,19,19,19,2,2,2,2,2,2,3
112.5,1.1250000000000001e-13,5.314549185126011,1.8471603253650466,1.9952062774224706,2.0627461096687827,1.916929579341917,1.7815909966011723,1.8560773747315225,1,1,4,4,7,7,10,10,13,13,16,16,19,19,19,2,2,2,2,2,2,3
113.0,1.1300000000000001e-13,5.3033949476618005,1.8464670131167529,1.994937745675808,2.0568549155949505,1.9138367948890493,1.7783482306136302,1.8507136578124794,1,1,4,4,7,7,10,10,13,13,16,16,19,19,19,2,2,2,2,2,2,3
113.5,1.1350000000000001e-13,5.292026704117039,1.845932128990521,1.9946148792209584,2.050901527268862,1.910961083064192,1.7753782452430087,1.8454761849660997,1,1,4,4,7,7,10,10,13,13,16,16,19,19,19,2,2,2,2,2,2,3
114.0,1.1400000000000002e-13,5.280428739558545,1.8455972521570896,1.994231484367067,2.0449285387824068,1.908331766804747,1.7727048730616757,1.8404121705116645,1,1,4,4,7,7,10,10,13,13,16,16,19,19,19,2,2,2,2,2,2,3
114.5,1.1450000000000002e-13,5.268597635780015,1.845496567814219,1.9937930460568805,2.038970930238949,1.9059590497289272,1.770342484901872,1.8355609462934093,1,1,4,4,7,7,10,10,13,13,16,16,19,19,19,2,2,2,2,2,2,3
115.0,1.1500000000000001e-13,5.256545472456624,1.845654682240177,1.9933155353042467,2.0330547645264185,1.903834236284706,1.7682953684387235,1.8309525938164888,1,1,4,4,7,7,10,10,13,13,16,16,19,19,19,2,2,2,2,2,2,3
115.5,1.1550000000000001e-13,5.244299272710039,1.8460852925351574,1.992822945646513,2.0271962556478385,1.9019297568539741,1.7665575258753485,1.826606939203604,1,1,4,4,7,7,10,10,13,13,16,16,19,19,19,2,2,2,2,2,2,3
116.0,1.16e-13,5.231896808828731,1.8467905554495556,1.9923438494762429,2.021401046268471,1.9001994819315455,1.7651129588104557,1.8225328065922715,1,1,4,4,7,7,10,10,13,13,16,16,19,19,19,2,2,2,2,2,2,3
116.5,1.165e-13,5.219380526893641,1.847761086724407,1.9919075495547187,2.015663865617203,1.8985802225112065,1.7639366442366788,1.8187277190464715,1,1,4,4,7,7,10,10,13,13,16,16,19,19,19,2,2,2,2,2,2,3
117.0,1.17e-13,5.2067917186251655,1.8489765432260745,1.9915404933440983,2.0099688495523513,1.8969955296569523,1.7629963578107597,1.8151782972306993,1,1,4,4,7,7,10,10,13,13,16,16,19,19,19,2,2,2,2,2,2,3
117.5,1.175e-13,5.194166325447084,1.8504067965043862,1.9912634268544822,2.0042907581662526,1.8953627736722989,1.7622553686361908,1.8118615566917005,1,1,4,4,7,7,10,10,13,13,16,16,19,19,19,2,2,2,2,2,2,3
118.0,1.18e-13,5.181532804367696,1.8520137883657122,1.9910894782784574,1.9985972615786871,1.8936037516886703,1.7616758959121326,1.8087472630778578,1,1,4,4,7,7,10,10,13,13,16,16,19,19,19,2,2,2,2,2,2,3
118.5,1.185e-13,5.168911846925438,1.8537541967934168,1.9910231052998186,1.992852396302355,1.8916575744636135,1.761223045070792,1.8058014706784884,1,1,4,4,7,7,10,10,13,13,16,16,19,19,19,2,2,2,2,2,2,3
119.0,1.19e-13,5.156317352046116,1.8555830021261737,1.9910597368846974,1.9870210641919808,1.8894926889541384,1.7608687515000405,1.8029911701852668,1,1,4,4,7,7,10,10,13,13,16,16,19,19,19,2,2,2,2,2,2,3
119.5,1.1950000000000002e-13,5.14375771648219,1.8574578753124678,1.9911859797993865,1.9810740009617442,1.8871139156818144,1.7605951058776945,1.8002895654607343,1,1,4,4,7,7,10,10,13,13,16,16,19,19,19,2,2,2,2,2,2,3
120.0,1.2000000000000002e-13,5.131236470745601,1.8593438522714938,1.9913802761489094,1.9749922266381823,1.884561663064307,1.7603963176224275,1.7976810742555707,1,1,4,4,7,7,10,10,13,13,16,16,19,19,19,2,2,2,2,2,2,3
120.5,1.2050000000000002e-13,5.118751775752878,1.8612174516245652,1.991614272894506,1.9687698134164062,1.881903597314873,1.7602789821500768,1.7951647253192737,1,1,4,4,7,7,10,10,13,13,16,16,19,19,19,2,2,2,2,2,2,3
121.0,1.2100000000000001e-13,5.1062953184172075,1.8630689595253176,1.9918548807494743,1.9624144189722783,1.879222206259623,1.7602604832904707,1.7927550377480805,1,1,4,4,7,7,10,10,13,13,16,16,19,19,19,2,2,2,2,2,2,3
121.5,1.215e-13,5.093851501626292,1.8649021174629838,1.9920670807053875,1.955945633998501,1.8766024862517359,1.760365983058234,1.7904800401642962,1,1,4,4,7,7,10,10,13,13,16,16,19,19,19,2,2,2,2,2,2,3
122.0,1.22e-13,5.081397684049482,1.8667313073623497,1.9922172607159156,1.9493917862021135,1.8741225711591367,1.760624696069411,1.7883770173999507,1,1,4,4,7,7,10,10,13,13,16,16,19,19,19,2,2,2,2,2,2,3
122.5,1.225e-13,5.068905887636271,1.86857717504666,1.9922766979689044,1.9427861137860742,1.8718480175006291,1.7610661785030595,1.7864871738063848,1,1,4,4,7,7,10,10,13,13,16,16,19,19,19,2,2,2,2,2,2,3
123.0,1.23e-13,5.05634610872799,1.870461915153505,1.9922247051838966,1.9361631830287485,1.8698290524003967,1.761717135544615,1.7848504686420168,1,1,4,4,7,7,10,10,13,13,16,16,19,19,19,2,2,2,2,2,2,3
123.5,1.235e-13,5.0436909741170055,1.8724051817648086,1.992050985806287,1.9295561253585853,1.8680996024231293,1.7625989574246808,1.7835014577331998,1,1,4,4,7,7,10,10,13,13,16,16,19,19,19,2,2,2,2,2,2,3
124.0,1.24e-13,5.03092088975427,1.8744210486051427,1.9917568048168233,1.922994879058687,1.86667707364282,1.7637259763702082,1.7824663820335966,1,1,4,4,7,7,10,10,13,13,16,16,19,19,19,2,2,2,2,2,2,3
124.5,1.245e-13,5.018028114904343,1.8765161060473106,1.9913547583235829,1.9165051685975498,1.865562213165947,1.7651043258188979,1.7817613809674715,1,1,4,4,7,7,10,10,13,13,16,16,19,19,19,2,2,2,2,2,2,3
125.0,1.25e-13,5.005018130720349,1.878688569929159,1.99086703411479,1.9101078257251387,1.8647388576277208,1.7667313786678136,1.781391535708083,1,1,4,4,7,7,10,10,13,13,16,16,19,19,19,2,2,2,2,2,2,3
125.5,1.2550000000000002e-13,4.991907593991194,1.8809282221932495,1.9903223685222924,1.9038181489764627,1.864173892619847,1.7685958131193364,1.7813505613357319,1,1,4,4,7,7,10,10,13,13,16,16,19,19,19,2,2,2,2,2,2,3
126.0,1.2600000000000002e-13,4.978719736356254,1.8832169844455666,1.9897522188825294,1.8976453700476936,1.8638181945387742,1.7706783924559477,1.7816211087637732,1,1,4,4,7,7,10,10,13,13,16,16,19,19,19,2,2,2,2,2,2,3
126.5,1.2650000000000002e-13,4.965479066491715,1.8855299262214293,1.9891868302346658,1.8915925041700583,1.8636095814993088,1.7729534988735842,1.7821756926552368,1,1,4,4,7,7,10,10,13,13,16,16,19,19,19,2,2,2,2,2,2,3
127.0,1.2700000000000001e-13,4.9522070624462895,1.8878366057378253,1.9886517896162765,1.8856568249886845,1.8634787656505325,1.7753914296497433,1.7829782735236697,1,1,4,4,7,7,10,10,13,13,16,16,19,19,19,2,2,2,2,2,2,3
127.5,1.275e-13,4.938919718664212,1.890102752476087,1.9881653852251477,1.8798310963663531,1.8633587322859155,1.7779614096015708,1.7839865588476522,1,1,4,4,7,7,10,10,13,13,16,16,19,19,19,2,2,2,2,2,2,3
128.0,1.28e-13,4.925627027183069,1.8922923807244523,1.9877368293866184,1.8741056110939283,1.8631966290609232,1.78063515325549,1.785155105769295,1,1,4,4,7,7,10,10,13,13,16,16,19,19,19,2,2,2,2,2,2,3
128.5,1.285e-13,4.91233393492894,1.894370435689244,1.987365258825659,1.868470948728092,1.8629654048331745,1.7833906205274985,1.7864392452097726,1,1,4,4,7,7,10,10,13,13,16,16,19,19,19,2,2,2,2,2,2,3
129.0,1.29e-13,4.899041936233814,1.8963059830227582,1.9870394345666795,1.8629211001803196,1.8626712692464744,1.7862154210422208,1.787799649993194,1,1,4,4,7,7,10,10,13,13,16,16,19,19,19,2,2,2,2,2,2,3
129.5,1.295e-13,4.885750325108781,1.8980757318805879,1.986738189004139,1.8574563871229843,1.8623538933220858,1.7891092169768257,1.7892070491374608,1,1,4,4,7,7,10,10,13,13,16,16,19,19,19,2,2,2,2,2,2,3
130.0,1.3e-13,4.872456432924471,1.899667230556621,1.9864318098634524,1.8520853829201425,1.86207915836031,1.7920845155367415,1.790646133729039,1,1,4,4,7,7,10,10,13,13,16,16,19,19,19,2,2,2,2,2,2,3
130.5,1.305e-13,4.859154979219282,1.9010808883100114,1.9860846127557492,1.8468255195807264,1.861927328714807,1.7951655017481856,1.79211760447963,1,1,4,4,7,7,10,10,13,13,16,16,19,19,19,2,2,2,2,2,2,3
131.0,1.3100000000000002e-13,4.845837159075738,1.9023300656075353,1.9856587279234112,1.8417023075801287,1.8619807012450065,1.798385024962691,1.7936376116965236,1,1,4,4,7,7,10,10,13,13,16,16,19,19,19,2,2,2,2,2,2,3
131.5,1.3150000000000002e-13,4.83249014788131,1.9034390928546476,1.9851187484006665,1.8367474819223355,1.8623137521476567,1.801780374945332,1.7952346664277936,1,1,4,4,7,7,10,10,13,13,16,16,19,19,19,2,2,2,2,2,2,3
132.0,1.3200000000000002e-13,4.819097493585888,1.9044397594333249,1.9844364251125481,1.8319965544490584,1.862986829027966,1.805388706019209,1.7969449013536565,1,1,4,4,7,7,10,10,13,13,16,16,19,19,19,2,2,2,2,2,2,3
132.5,1.3250000000000002e-13,4.805640736995615,1.90536721772824,1.9835944092696924,1.8274863035625022,1.8640428704585033,1.8092428256747852,1.7988068744260766,1,1,4,4,7,7,10,10,13,13,16,16,19,19,19,2,2,2,2,2,2,3
133.0,1.3300000000000001e-13,4.792102303513649,1.9062560806268392,1.9825882371388692,1.8232525627731149,1.8655061038565997,1.8133678044139787,1.8008568398574216,1,1,4,4,7,7,10,10,13,13,16,16,19,19,19,2,2,2,2,2,2,3
133.5,1.335e-13,4.7784692580344075,1.9071372548666434,1.9814262933886984,1.8193284538079388,1.8673816070840052,1.817778442212585,1.8031250353609831,1,1,4,4,7,7,10,10,13,13,16,16,19,19,19,2,2,2,2,2,2,3
134.0,1.34e-13,4.764736867987143,1.908035692920329,1.980127993455421,1.8157430195118311,1.869655083738258,1.822477604463161,1.8056330887877772,1,1,4,4,7,7,10,10,13,13,16,16,19,19,19,2,2,2,2,2,2,3
134.5,1.345e-13,4.750910542292321,1.9089689876305032,1.978720670588041,1.812520073118168,1.8722927180930344,1.8274554565751557,1.8083924364426291,1,1,4,4,7,7,10,10,13,13,16,16,19,19,19,2,2,2,2,2,2,3
135.0,1.35e-13,4.737005160168946,1.9099466820259245,1.9772357156730869,1.8096771813621266,1.8752414861114557,1.8326896857179742,1.8114036577094894,1,1,4,4,7,7,10,10,13,13,16,16,19,19,19,2,2,2,2,2,2,3
135.5,1.355e-13,4.723042025253771,1.9109701694671708,1.9757045372727853,1.8072248986279669,1.8784306314118786,1.8381467282212585,1.8146566012153584,1,1,4,4,7,7,10,10,13,13,16,16,19,19,19,2,2,2,2,2,2,3
136.0,1.36e-13,4.709044769893233,1.9120330717266945,1.974154860169852,1.8051664286579217,1.8817751877979325,1.843783900093234,1.8181311785500422,1,1,4,4,7,7,10,10,13,13,16,16,19,19,19,2,2,2,2,2,2,3
136.5,1.365e-13,4.695035700387855,1.9131220527827852,1.9726077270950306,1.8034978302123137,1.8851824118048752,1.8495523077386915,1.8217987638854083,1,1,4,4,7,7,10,10,13,13,16,16,19,19,19,2,2,2,2,2,2,3
137.0,1.3700000000000002e-13,4.681033521852563,1.9142180914111675,1.9710753569782646,1.8022088035238675,1.8885614922473313,1.8554004313285022,1.8256242336514252,1,1,4,4,7,7,10,10,13,13,16,16,19,19,19,2,2,2,2,2,2,3
137.5,1.3750000000000002e-13,4.667052665963871,1.915298294498824,1.969559845698076,1.8012840519947548,1.8918356279609239,1.8612781983627777,1.8295687423505715,1,1,4,4,7,7,10,10,13,13,16,16,19,19,19,2,2,2,2,2,2,3
138.0,1.3800000000000002e-13,4.653103863985247,1.9163383384099417,1.968052647295304,1.8007051554482396,1.89495378242022,1.867141202875818,1.8335932852812709,1,1,4,4,7,7,10,10,13,13,16,16,19,19,19,2,2,2,2,2,2,3
138.5,1.3850000000000002e-13,4.639195216954835,1.9173155328102027,1.9665348248979782,1.8004527956713106,1.8978983185508878,1.8729545683023958,1.8376629445471067,1,1,4,4,7,7,10,10,13,13,16,16,19,19,19,2,2,2,2,2,2,3
139.0,1.3900000000000001e-13,4.62533289075399,1.9182122587873247,1.964978207430284,1.800509012762011,1.9006855762169632,1.878695832822609,1.841751392755852,1,1,4,4,7,7,10,10,13,13,16,16,19,19,19,2,2,2,2,2,2,3
139.5,1.395e-13,4.611520934705906,1.9190191972876236,1.9633476871987008,1.8008590577939885,1.9033592090694897,1.8843562180261957,1.845844778842261,1,1,4,4,7,7,10,10,13,13,16,16,19,19,19,2,2,2,2,2,2,3
140.0,1.4e-13,4.597760370833267,1.9197375409781166,1.961604949699965,1.801492390672177,1.9059790517139281,1.8899398421190647,1.8499439248683043,1,1,4,4,7,7,10,10,13,13,16,16,19,19,19,2,2,2,2,2,2,3
140.5,1.405e-13,4.584048027486685,1.9203794437421775,1.9597135925797424,1.8024025060174773,1.9086094263022761,1.895460989046932,1.85406402282901,1,1,4,4,7,7,10,10,13,13,16,16,19,19,19,2,2,2,2,2,2,3
141.0,1.41e-13,4.570375634225024,1.9209664601813274,1.9576450091526894,1.8035856281481741,1.9113097175944689,1.9009400517704724,1.8582318122554544,1,1,4,4,7,7,10,10,13,13,16,16,19,19,19,2,2,2,2,2,2,3
141.5,1.415e-13,4.556729596472236,1.9215263552913435,1.9553838727869832,1.8050386115450026,1.914128313391515,1.9063990895498304,1.8624809330424785,1,1,4,4,7,7,10,10,13,13,16,16,19,19,19,2,2,2,2,2,2,3
142.0,1.42e-13,4.543091719348173,1.9220891201700028,1.9529317814208949,1.8067565932281595,1.9170994464574354,1.9118578086303066,1.8668466335899483,1,1,4,4,7,7,10,10,13,13,16,16,19,19,19,2,2,2,2,2,2,3
142.5,1.425e-13,4.5294410312038424,1.9226831299865876,1.9503081623406575,1.8087308056154974,1.9202419074974593,1.917330374518924,1.871360896728737,1,1,4,4,7,7,10,10,13,13,16,16,19,19,19,2,2,2,2,2,2,3
143.0,1.4300000000000002e-13,4.5157564600331375,1.9233319800316655,1.9475483410998782,1.8109467647658888,1.9235586730463432,1.9228232429025194,1.8760485666428353,1,1,4,4,7,7,10,10,13,13,16,16,19,19,19,2,2,2,2,2,2,3
143.5,1.4350000000000002e-13,4.502019852565236,1.9240523051291658,1.9446996001321992,1.8133829457394062,1.9270368472282484,1.9283339289584216,1.8809247235140292,1,1,4,4,7,7,10,10,13,13,16,16,19,19,19,2,2,2,2,2,2,3
144.0,1.4400000000000002e-13,4.488218350759621,1.9248525539674266,1.9418163516054863,1.8160098790014771,1.9306477493397838,1.9338506382087222,1.8859932709256906,1,1,4,4,7,7,10,10,13,13,16,16,19,19,19,2,2,2,2,2,2,3
144.5,1.4450000000000002e-13,4.47434527191305,1.9257325592301304,1.938955162477397,1.8187898517478416,1.93434731139287,1.9393527468672436,1.8912465239631855,1,1,4,4,7,7,10,10,13,13,16,16,19,19,19,2,2,2,2,2,2,3
145.0,1.4500000000000001e-13,4.460399049623182,1.9266837452692624,1.9361704500705321,1.8216769103037636,1.9380774874672764,1.9448120290431103,1.8966657558739635,1,1,4,4,7,7,10,10,13,13,16,16,19,19,19,2,2,2,2,2,2,3
145.5,1.455e-13,4.446380781748904,1.9276898759656147,1.9335110402276843,1.824617403970873,1.9417693602595276,1.9501945986457985,1.9022224518255972,1,1,4,4,7,7,10,10,13,13,16,16,19,19,19,2,2,2,2,2,2,3
146.0,1.46e-13,4.432291487394784,1.9287282322548955,1.9310176712243974,1.8275508887574499,1.9453488486158808,1.95546348830806,1.9078801723686198,1,1,4,4,7,7,10,10,13,13,16,16,19,19,19,2,2,2,2,2,2,3
146.5,1.465e-13,4.418130516370906,1.9297712061705368,1.928721347017063,1.8304113048315183,1.9487454555373203,1.9605818012454737,1.9135969841759015,1,1,4,4,7,7,10,10,13,13,16,16,19,19,19,2,2,2,2,2,2,3
147.0,1.47e-13,4.403896592526718,1.9307883464954796,1.9266423508968005,1.833128613579872,1.9519033467252218,1.9655163088482168,1.9193284691215484,1,1,4,4,7,19,10,10,13,13,16,16,19,19,19,2,2,1,2,2,2,4
147.5,1.475e-13,4.389594068256306,1.9317488851241733,1.9247897246315802,1.8356312316958543,1.954792347929715,1.9702412032491705,1.9250312843159334,1,1,4,4,7,19,10,10,13,13,16,16,19,19,19,2,2,1,2,2,2,4
148.0,1.48e-13,4.375249257892451,1.9326246875454447,1.9231611130527277,1.8378492438989653,1.9574152416110682,1.9747415124435095,1.9306670994757482,1,1,4,4,7,19,10,10,13,13,16,16,19,19,19,2,2,1,2,2,2,4
148.5,1.4850000000000002e-13,4.360938654097854,1.9333933692709648,1.9217430869406917,1.8397181128162092,1.9598083383668459,1.9790155092148118,1.9362064807532324,1,1,4,4,7,19,10,10,13,13,16,16,19,19,19,2,2,1,2,2,2,4
149.0,1.4900000000000002e-13,4.346826977077291,1.9340411002016915,1.9205123595276892,1.8411825533973711,1.962034905018871,1.9830754839417555,1.9416320673354928,1,1,4,4,7,19,10,10,13,13,16,16,19,19,19,2,2,1,2,2,2,4
149.5,1.4950000000000002e-13,4.333218352637679,1.9345644750861057,1.9194383853899488,1.8422001360771043,1.9641740342179128,1.9869466818152948,1.9469404318432415,1,1,4,4,7,19,10,10,13,13,16,16,19,19,19,2,2,1,2,2,2,4
150.0,1.5000000000000002e-13,4.320599445053333,1.934970947237052,1.918487557302986,1.84274343697782,1.9663089343513127,1.990664843510721,1.952142513103459,1,1,4,4,7,19,10,10,13,13,16,16,19,19,19,2,2,1,2,2,2,4
150.5,1.5050000000000002e-13,4.309577694913025,1.9352775146706729,1.9176285592534743,1.8427992083438456,1.9685178497681968,1.994273113837331,1.9572626290298574,1,1,4,4,7,19,10,10,13,13,16,16,19,19,19,2,2,1,2,2,2,4
151.0,1.5100000000000001e-13,4.300603766991058,1.9355077915948027,1.9168379952176653,1.842364721762515,1.9708671098155235,1.997816396500202,1.9623329425349252,1,1,4,4,7,19,10,10,13,13,16,16,19,19,19,2,2,1,2,2,2,4
151.5,1.515e-13,4.293637342952309,1.9356880254558377,1.916105686382635,1.841445324608575,1.973402141442407,2.001329065324672,1.9673772100224418,1,1,4,4,7,19,10,10,13,13,16,16,19,19,19,2,2,1,2,2,2,4
152.0,1.52e-13,4.288154604842151,1.9358438042129191,1.9154349972974596,1.8400550348010203,1.9761445817803638,2.0048316290453743,1.9724066162927776,1,1,4,4,7,19,10,10,13,13,16,16,19,19,19,2,2,1,2,2,2,4
152.5,1.525e-13,4.283501657413877,1.9359973371482762,1.9148385598923592,1.8382145231931826,1.9790973082837735,2.0083368396848886,1.9774289009195587,1,1,4,4,7,19,10,10,13,13,16,16,19,19,19,2,2,1,2,2,2,4
153.0,1.53e-13,4.279170652011015,1.9361652458603535,1.9143337334865678,1.8359488312683347,1.9822460164246165,2.0118497983853563,1.982448459628539,1,1,4,4,7,19,10,10,13,13,16,16,19,19,19,2,2,1,2,2,2,4
153.5,1.535e-13,4.274848814677181,1.936357313705231,1.9139381523826628,1.8332857042206505,1.98555945314153,2.0153668024976406,1.9874640090881683,1,1,4,4,7,19,10,10,13,13,16,16,19,19,19,2,2,1,2,2,2,4
154.0,1.54e-13,4.270367006985965,1.9365762744891175,1.913666131083863,1.8302548069477815,1.988990259593723,2.018875539341641,1.9924675897288588,1,1,4,4,7,19,10,10,13,13,16,16,19,19,19,2,2,1,2,2,2,4
154.5,1.5450000000000002e-13,4.265643818487477,1.9368182204444182,1.9135263638426163,1.8268880677788186,1.9924769168374472,2.0223563754460447,1.9974447330092486,1,1,4,4,7,7,10,10,13,13,16,16,19,19,19,2,2,2,2,2,2,3
155.0,1.5500000000000002e-13,4.260645461079902,1.9370733514711667,1.9135207157239784,1.8232177703435035,1.9959472174338004,2.02578433317125,2.00237534061961,1,1,4,4,7,7,10,10,13,13,16,16,19,19,19,2,2,2,2,2,2,3
155.5,1.5550000000000002e-13,4.25535902275914,1.9373269702474145,1.9136435862777232,1.8192689111157072,1.9993238744699273,2.0291315880719347,2.0072351223716893,1,1,4,4,7,7,10,10,13,13,16,16,19,19,19,2,2,2,2,2,2,3
156.0,1.5600000000000002e-13,4.249778672892224,1.9375607753870072,1.913881522411303,1.8150501997278177,2.002532618140466,2.0323703969208724,2.0119975911365704,1,1,4,4,7,7,10,10,13,13,16,16,19,19,19,2,2,2,2,2,2,3
156.5,1.5650000000000001e-13,4.2439008327927175,1.9377545286634565,1.9142130983220609,1.810551094893259,2.005512054299942,2.0354761852356753,2.0166364937187073,1,1,4,4,7,7,10,10,13,13,16,16,19,19,19,2,2,2,2,2,2,3
157.0,1.57e-13,4.237723159975096,1.93788814674617,1.9146090852604734,1.8057465416888643,2.0082230516287196,2.038430327430955,2.0211283652181864,1,1,4,4,7,7,10,10,13,13,16,16,19,19,19,2,2,2,2,2,2,3
157.5,1.575e-13,4.231245126452001,1.937944225241433,1.915032918222839,1.8006074665405016,2.010654643981948,2.0412221324578392,2.025454847517159,1,1,4,4,7,7,10,10,13,13,16,16,19,19,19,2,2,2,2,2,2,3
158.0,1.58e-13,4.224469653167878,1.9379108660376174,1.9154415524328163,1.7951142986992454,2.01282422539285,2.0438497361965444,2.0296045235540543,1,1,4,4,7,7,10,10,13,13,16,16,19,19,19,2,2,2,2,2,2,3
158.5,1.585e-13,4.21740500031798,1.9377844525149721,1.9157872218139214,1.7892690339067463,2.0147722199597777,2.046320006339182,2.033574469817166,1,1,4,4,7,7,10,10,13,13,16,16,19,19,19,2,2,2,2,2,2,3
159.0,1.59e-13,4.210065767570453,1.9375717420345513,1.916020364819958,1.7831006343975502,2.016553181121145,2.0486475694251225,2.0373714680403463,1,1,4,4,7,7,10,10,13,13,16,16,19,19,19,2,2,2,2,2,2,3
159.5,1.595e-13,4.202472351117775,1.9372905778005012,1.9160939485702575,1.7766611754460113,2.01822624806111,2.0508530719701423,2.041012416735508,1,1,4,4,7,7,10,10,13,13,16,16,19,19,19,2,2,2,2,2,2,3
160.0,1.6000000000000003e-13,4.194649639180346,1.936968784389323,1.915968527652568,1.7700154907308507,2.019847017100344,2.0529605978717598,2.044523146801674,1,1,4,4,7,7,10,10,13,13,16,16,19,19,19,2,2,2,2,2,2,3
160.5,1.6050000000000002e-13,4.186625770181091,1.936641423389427,1.9156170686276601,1.7632295387789867,2.0214618675130245,2.05499455051437,2.047935682564125,1,1,4,4,7,7,10,10,13,13,16,16,19,19,19,2,2,2,2,2,2,3
161.0,1.6100000000000002e-13,4.178431294503752,1.9363471659355616,1.9150284285952628,1.7563614473581721,2.023104616658631,2.0569766173706174,2.0512845388940666,1,1,4,4,7,7,10,10,13,13,16,16,19,19,19,2,2,2,2,2,2,3
161.5,1.6150000000000002e-13,4.1700985935192225,1.936124455831302,1.91420860646434,1.7494566261513238,2.0247949416610367,2.0589232284516807,2.0546029124396594,1,1,4,4,7,7,10,10,13,13,16,16,19,19,19,2,2,2,2,2,2,3
162.0,1.6200000000000002e-13,4.161661388320155,1.9360080644726068,1.9131793633630225,1.7425468186105835,2.0265378058331693,2.060843744689576,2.0579193694262563,1,1,4,4,7,7,10,10,13,13,16,16,19,19,19,2,2,2,2,2,2,3
162.5,1.6250000000000001e-13,4.153154411313782,1.9360264121774027,1.9119750540765312,1.7356522995316561,2.028323406908741,2.0627394446535186,2.061255370748444,1,1,4,4,7,7,10,10,13,13,16,16,19,19,19,2,2,2,2,2,2,3
163.0,1.63e-13,4.144613829269573,1.9361997351293716,1.9106383186099258,1.7287859330404736,2.0301274085496592,2.064603289928551,2.0646237233554636,1,1,4,4,7,7,10,10,13,13,16,16,19,19,19,2,2,2,2,2,2,3
163.5,1.635e-13,4.1360802648544714,1.9365390573854506,1.9092156042917103,1.72195675851164,2.031911567137352,2.0664204340737693,2.068027928648343,1,1,4,4,7,19,10,10,13,13,16,16,19,19,19,2,2,1,2,2,2,4
164.0,1.64e-13,4.127607519862676,1.9370458491906646,1.9077530277808028,1.7151715247250507,2.033625118145509,2.0681694072585475,2.0714623320836125,1,1,4,4,7,19,10,10,13,13,16,16,19,19,19,2,2,1,2,2,2,4
164.5,1.645e-13,4.119279049996249,1.9377122481298907,1.9062927621378232,1.7084344972040368,2.0352075113340704,2.0698238981088974,2.0749129803409185,1,1,4,4,7,19,10,10,13,13,16,16,19,19,19,2,2,1,2,2,2,4
165.0,1.65e-13,4.111231462662885,1.9385217824759335,1.9048699375329343,1.7017470249771909,2.036593154975386,2.071355031891012,2.078359152882339,1,1,4,4,7,19,10,10,13,13,16,16,19,19,19,2,2,1,2,2,2,4
165.5,1.655e-13,4.103686285053635,1.9394506356279575,1.9035100244042702,1.6951080158100778,2.0377185271263407,2.0727340224154625,2.0817756100291116,1,1,4,4,7,19,10,10,13,13,16,16,19,19,19,2,2,1,2,2,2,4
166.0,1.6600000000000002e-13,4.096988144130841,1.9404696022726293,1.9022267192630062,1.6885154546837353,2.0385311078157033,2.0739350234398666,2.0851356710093105,1,1,4,4,7,19,10,10,13,13,16,16,19,19,19,2,2,1,2,2,2,4
166.5,1.6650000000000002e-13,4.091616645941443,1.9415469100332359,1.9010204320809239,1.6819680113855169,2.038998209931975,2.0749378657760795,2.0884151712929055,1,1,4,4,7,19,10,10,13,13,16,16,19,19,19,2,2,1,2,2,2,4
167.0,1.6700000000000002e-13,4.088094545514899,1.9426516360313058,1.899877634973804,1.6754669481421458,2.0391126397008046,2.0757299500752273,2.091596335536438,1,1,4,4,7,19,10,10,13,13,16,16,19,19,19,2,2,1,2,2,2,4
167.5,1.6750000000000002e-13,4.086751672410461,1.9437556640861178,1.8987727485708197,1.669026897532813,2.038893139932726,2.0763059535035326,2.094666505427109,1,1,4,4,7,19,10,10,13,13,16,16,19,19,19,2,2,1,2,2,2,4
168.0,1.6800000000000002e-13,4.08750125367645,1.9448336801891586,1.8976724719068816,1.6626964367374737,2.0383816645062796,2.076666606235075,2.0976116623832146,1,1,4,4,7,19,10,10,13,13,16,16,19,19,19,2,2,1,2,2,2,4
168.5,1.6850000000000001e-13,4.089890820149863,1.9458676484119477,1.8965365327659105,1.656547806954051,2.0376368490331727,2.0768199235282028,2.100423365348798,1,1,4,4,7,19,10,10,13,13,16,16,19,19,19,2,2,1,2,2,2,4
169.0,1.69e-13,4.093378642631104,1.9468506214550072,1.8953192768869367,1.6506603515620946,2.036723194233664,2.0767800347766787,2.1031057378120384,1,1,4,4,7,19,10,10,13,13,16,16,19,19,19,2,2,1,2,2,2,4
169.5,1.695e-13,4.097531889929811,1.9477858605967835,1.8939747633987332,1.6451179446832234,2.035701932184573,2.0765638523033605,2.1056732910077405,1,1,4,4,7,19,10,10,13,13,16,16,19,19,19,2,2,1,2,2,2,4
170.0,1.7e-13,4.102066938357691,1.9486839715743995,1.8924624691792236,1.6400069989505037,2.0346252338180335,2.0761879888347265,2.108146662182603,1,1,4,4,7,19,10,10,13,13,16,16,19,19,19,2,2,1,2,2,2,4
170.5,1.705e-13,4.106816908205271,1.949559371995007,1.8907519198681617,1.6354126096832253,2.0335331980769333,2.075666427106072,2.1105485455412034,1,1,4,4,7,19,10,10,13,13,16,16,19,19,19,2,2,1,2,2,2,4
171.0,1.71e-13,4.111691537972385,1.950426882884571,1.8888253521481264,1.6314143692405898,2.032452622563076,2.0750089013567905,2.1129002499942846,1,1,4,4,7,19,10,10,13,13,16,16,19,19,19,2,2,1,2,2,2,4
171.5,1.715e-13,4.116646372136835,1.951298925092826,1.886678036429435,1.6280830292864672,2.03139669400639,2.0742198983405142,2.1152190171760963,1,1,4,4,7,19,10,10,13,13,16,16,19,19,19,2,2,1,2,2,2,4
172.0,1.7200000000000002e-13,4.121659887945452,1.9521835389869544,1.884316632920965,1.6254781737860444,2.030364996967379,2.0732981794825323,2.1175161378654184,1,1,4,4,7,7,10,10,13,13,16,16,19,19,19,2,2,2,2,2,2,3
172.5,1.7250000000000002e-13,4.126718281745349,1.9530832180336366,1.881756396778611,1.6236466588974066,2.0293435898890815,2.072236766505591,2.119795821574029,1,1,4,4,7,7,10,10,13,13,16,16,19,19,19,2,2,2,2,2,2,3
173.0,1.7300000000000002e-13,4.131807393943813,1.9539944332564927,1.8790180616680063,1.6226215878478074,2.0283052668120494,2.0710233947938304,2.122054748820619,1,1,4,4,7,7,10,10,13,13,16,16,19,19,19,2,2,2,2,2,2,3
173.5,1.7350000000000002e-13,4.136909193530841,1.9549077050753227,1.876124954624042,1.6224217508368914,2.0272104640972017,2.0696414755484533,2.124282256752509,1,1,4,4,7,7,10,10,13,13,16,16,19,19,19,2,2,2,2,2,2,3
174.0,1.7400000000000002e-13,4.142000478304418,1.95580809868189,1.873100569173987,1.62305168715972,2.0260095069454533,2.068071618114758,2.1264610784842928,1,1,4,4,7,7,10,10,13,13,16,16,19,19,19,2,2,2,2,2,2,3
174.5,1.7450000000000001e-13,4.147052484650377,1.9566760885201604,1.8699667329045149,1.6245023970667187,2.024647040809575,2.06629373466614,2.1285686786575,1,1,4,4,7,7,10,10,13,13,16,16,19,19,19,2,2,2,2,2,2,3
175.0,1.75e-13,4.152030828522838,1.957488762116775,1.8667423252737476,1.6267527365465508,2.0230691166726436,2.064289667725818,2.130579123928033,1,1,4,4,7,7,10,10,13,13,16,16,19,19,19,2,2,2,2,2,2,3
175.5,1.755e-13,4.156895499796915,1.9582214017323247,1.8634426380288736,1.6297711400792545,2.0212325498250876,2.0620462256863363,2.13246540073977,1,1,4,4,7,7,10,10,13,13,16,16,19,19,19,2,2,2,2,2,2,3
176.0,1.76e-13,4.16160104928122,1.9588495880901764,1.8600792140289988,1.633517354831867,2.0191148053809407,2.059558207434918,2.134202271206218,1,1,4,4,7,7,10,10,13,13,16,16,19,19,19,2,2,2,2,2,2,3
176.5,1.765e-13,4.166097389088664,1.9593519188143351,1.8566599074476762,1.6379440984623872,2.016721365983991,2.0568308818600745,2.135769480573755,1,1,4,4,7,7,10,10,13,13,16,16,19,19,19,2,2,2,2,2,2,3
177.0,1.77e-13,4.170331610790615,1.9597132116373244,1.8531889477224606,1.6429990567829047,2.0140876845510256,2.0538811586101424,2.137155045999371,1,1,4,4,7,7,10,10,13,13,16,16,19,19,19,2,2,2,2,2,2,3
177.5,1.7750000000000003e-13,4.174250296072731,1.9599276617291779,1.8496672581101317,1.6486269930778092,2.0112747310129477,2.0507371171399855,2.138357880392795,1,1,4,4,7,7,10,10,13,13,16,16,19,19,19,2,2,2,2,2,2,3
178.0,1.7800000000000002e-13,4.1778017765464295,1.9600011271587647,1.8460935440973167,1.6547714862511633,2.0083599064675663,2.047436169735841,2.1393889329141156,1,1,4,4,7,7,10,10,13,13,16,16,19,19,19,2,2,2,2,2,2,3
178.5,1.7850000000000002e-13,4.180938029258078,1.959951953106337,1.8424664791166256,1.6613755791793223,2.0054263952097053,2.044022128381079,2.140270640351308,1,1,4,4,7,19,10,10,13,13,16,16,19,19,19,2,2,1,2,2,2,4
179.0,1.7900000000000002e-13,4.183616896828502,1.9598098557536483,1.8387877641005728,1.6683810389035112,2.002553802382452,2.040541812708747,2.141034675078131,1,1,4,4,7,19,10,10,13,13,16,16,19,19,19,2,2,1,2,2,2,4
179.5,1.7950000000000002e-13,4.1858062915094445,1.9596130536771499,1.835065409486088,1.6757267935535647,1.99981134116669,2.0370415072239845,2.141718535926463,1,1,4,4,7,19,10,10,13,13,16,16,19,19,19,2,2,1,2,2,2,4
180.0,1.8000000000000002e-13,4.1874922712628315,1.9594042439288388,1.8313162912652694,1.683347624057396,1.9972535899905552,2.033563588371543,2.142361635304554,1,1,4,4,7,19,10,10,13,13,16,16,19,19,19,2,2,1,2,2,2,4
180.5,1.8050000000000001e-13,4.188692374284204,1.9592262252822148,1.827567095020139,1.6911739774319086,1.9949181430137926,2.0301435213057917,2.143001505844052,1,1,4,4,7,19,10,10,13,13,16,16,19,19,19,2,2,1,2,2,2,4
181.0,1.81e-13,4.189474493789879,1.9591178794798463,1.8238532523367008,1.699133170042314,1.9928243949119568,2.0268073532985413,2.1436705840403953,1,1,4,4,7,19,10,10,13,13,16,16,19,19,19,2,2,1,2,2,2,4
181.5,1.815e-13,4.189981297769587,1.9591109827232973,1.8202161579489406,1.707151970515959,1.9909729466920119,2.023569834060528,2.144393820560144,1,1,4,4,7,19,10,10,13,13,16,16,19,19,19,2,2,1,2,2,2,4
182.0,1.82e-13,4.190458914821425,1.9592280589033666,1.8166994191325876,1.7151602334741973,1.9893454613828376,2.020433285486599,2.145187213831129,1,1,4,4,7,19,10,10,13,13,16,16,19,19,19,2,2,1,2,2,2,4
182.5,1.825e-13,4.191273679473898,1.9594813175680528,1.8133449473194867,1.723094978370657,1.9879051063310382,2.017387300164388,2.146057281136139,1,1,4,4,7,19,10,10,13,13,16,16,19,19,19,2,2,1,2,2,2,4
183.0,1.83e-13,4.192871668987843,1.9598725882097756,1.8101896413901852,1.7309039722944997,1.9865980547751836,2.0144094437025415,2.147001387604409,1,1,4,4,7,19,10,10,13,13,16,16,19,19,19,2,2,1,2,2,2,4
183.5,1.8350000000000003e-13,4.195633335654584,1.960393884631473,1.8072645249823256,1.738544715529278,1.9853570809082293,2.0114682879074843,2.148008337487348,1,1,4,4,7,19,10,10,13,13,16,16,19,19,19,2,2,1,2,2,2,4
184.0,1.8400000000000002e-13,4.19967178117892,1.9610274264247556,1.8045985281428634,1.7459719303797183,1.9841089750499623,2.0085314379191703,2.1490579574531257,1,1,4,4,7,19,10,10,13,13,16,16,19,19,19,2,2,1,2,2,2,4
184.5,1.8450000000000002e-13,4.204759703397666,1.9617459129732993,1.8022193076950834,1.7531313193571068,1.9827838158327347,2.0055721119813867,2.1501217952866454,1,1,4,4,7,19,10,10,13,13,16,16,19,19,19,2,2,1,2,2,2,4
185.0,1.8500000000000002e-13,4.210478524730484,1.962515665275844,1.8001463677047518,1.7599757630137098,1.981323145601325,2.002567414506072,2.1511679371567856,1,1,4,4,7,19,10,10,13,13,16,16,19,19,19,2,2,1,2,2,2,4
185.5,1.8550000000000002e-13,4.216417261393901,1.963300817328457,1.7983879676507946,1.7664746629452364,1.9796885271314546,1.9994981552699487,2.1521659239506947,1,1,4,4,7,19,10,10,13,13,16,16,19,19,19,2,2,1,2,2,2,4
186.0,1.8600000000000002e-13,4.22226795337178,1.9640672619563098,1.7969420065191934,1.772612835123287,1.9778679544106126,1.9963512012365974,2.153090410476516,1,1,4,4,7,19,10,10,13,13,16,16,19,19,19,2,2,1,2,2,2,4
186.5,1.8650000000000001e-13,4.227829905583796,1.9647865060324388,1.7957976294571414,1.7783869637959682,1.975876810284928,1.9931211243881037,2.1539240592489572,1,1,4,4,7,19,10,10,13,13,16,16,19,19,19,2,2,1,2,2,2,4
187.0,1.87e-13,4.2329815716982635,1.9654390114874547,1.7949370246759402,1.783801909453393,1.9737530001362134,1.9898103208294635,2.154659475582283,1,1,4,4,7,19,10,10,13,13,16,16,19,19,19,2,2,1,2,2,2,4
187.5,1.875e-13,4.237652405177268,1.9660163259860421,1.7943375667671557,1.7888673552864467,1.9715483636574849,1.9864278162763136,2.15529975964446,1,1,4,4,7,19,10,10,13,13,16,16,19,19,19,2,2,1,2,2,2,4
188.0,1.88e-13,4.241802082774012,1.9665214008517735,1.7939743630874285,1.7935951864424287,1.9693192222785654,1.982987073896038,2.1558575034148064,1,1,4,4,7,19,10,10,13,13,16,16,19,19,19,2,2,1,2,2,2,4
188.5,1.885e-13,4.245406803146826,1.9669669151758413,1.793823252017479,1.7979974480321121,1.9671184911684676,1.9795033490936274,2.1563523950516967,1,1,4,4,7,19,10,10,13,13,16,16,19,19,19,2,2,1,2,2,2,4
189.0,1.89e-13,4.248451579454347,1.9673720253366935,1.7938640124244298,1.8020846936585568,1.9649904212942275,1.9759911610546577,2.156807919769309,1,1,4,4,7,19,10,10,13,13,16,16,19,19,19,2,2,1,2,2,2,4
189.5,1.8950000000000003e-13,4.250926888980841,1.96775833523546,1.7940833102351588,1.8058644481740418,1.9629679288048802,1.972462438501959,2.1572477553296605,1,1,4,4,7,19,10,10,13,13,16,16,19,19,19,2,2,1,2,2,2,4
190.0,1.9000000000000002e-13,4.252828268639945,1.9681459153598821,1.7944767546809657,1.809339716965734,1.9610717763639518,1.9689256253931344,2.1576923893364834,1,1,4,4,7,19,10,10,13,13,16,16,19,19,19,2,2,1,2,2,2,4
190.5,1.9050000000000002e-13,4.254158061798093,1.968549977206401,1.7950495249667773,1.8125080336488972,1.959310549572162,1.965385466505687,2.158156300122745,1,1,4,4,7,19,10,10,13,13,16,16,19,19,19,2,2,1,2,2,2,4
191.0,1.9100000000000002e-13,4.254927993537744,1.9689785208979473,1.7958155477964375,1.815361611174103,1.9576805744285537,1.9618427480582028,2.1586459269518237,1,1,4,4,7,19,10,10,13,13,16,16,19,19,19,2,2,1,2,2,2,4
191.5,1.9150000000000002e-13,4.255160644661875,1.9694310630395004,1.7967956719320148,1.8178886739981563,1.9561655344922497,1.9582935690919985,2.1591585445195767,1,1,4,4,7,19,10,10,13,13,16,16,19,19,19,2,2,1,2,2,2,4
192.0,1.9200000000000001e-13,4.254888803813915,1.969898325423975,1.798015354935609,1.8200751760476752,1.9547364091475938,1.9547287829261655,2.1596819701782564,1,1,4,4,7,19,10,10,13,13,16,16,19,19,19,2,2,1,2,2,2,4
192.5,1.9250000000000001e-13,4.254153414912694,1.9703627385337998,1.7995023075975989,1.8219063029512705,1.9533524079615863,1.9511343106472807,2.1601950589898697,1,1,4,4,7,19,10,10,13,13,16,16,19,19,19,2,2,1,2,2,2,4
193.0,1.93e-13,4.253001709145338,1.9707995233446076,1.8012842560721154,1.8233676501115779,1.9519635242922957,1.9474926863901045,2.1606688187268013,1,1,4,4,7,19,10,10,13,13,16,16,19,19,19,2,2,1,2,2,2,4
193.5,1.935e-13,4.2514868472692635,1.9711782679409673,1.8033869011670574,1.8244463747584405,1.9505150650569856,1.9437855746968251,2.161068140119335,1,1,4,4,7,19,10,10,13,13,16,16,19,19,19,2,2,1,2,2,2,4
194.0,1.94e-13,4.249670313726393,1.9714649719185748,1.8058320820194342,1.8251324440466266,1.9489542519135852,1.939996812700987,2.1613541410013117,1,1,4,4,7,19,10,10,13,13,16,16,19,19,19,2,2,1,2,2,2,4
194.5,1.945e-13,4.24762765682837,1.9716245506104355,1.8086361275674991,1.8254198849589907,1.9472382695581338,1.9361154297909442,2.161487077885335,1,1,4,4,7,19,10,10,13,13,16,16,19,19,19,2,2,1,2,2,2,4
195.0,1.9500000000000003e-13,4.245457085230119,1.9716237495927047,1.8118084372706622,1.8253078141257342,1.9453421105270015,1.9321380850884644,2.1614296467313148,1,1,4,4,7,19,10,10,13,13,16,16,19,19,19,2,2,1,2,2,2,4
195.5,1.9550000000000003e-13,4.24328957070964,1.9714342876704205,1.8153504201001522,1.8248010230586864,1.9432638566080496,1.9280704514428364,2.1611503201693374,1,1,4,4,7,19,10,10,13,13,16,16,19,19,19,2,2,1,2,2,2,4
196.0,1.9600000000000002e-13,4.2412968525467045,1.9710358723572734,1.8192550124229254,1.8239099596960793,1.9410253969879523,1.9239272975648656,2.1606262122033963,1,1,4,4,7,19,10,10,13,13,16,16,19,19,19,2,2,1,2,2,2,4
196.5,1.9650000000000002e-13,4.23968806347989,1.9704185516857073,1.8235069960720662,1.8226500868452857,1.938668191691167,1.9197313127604754,2.1598449224362666,1,1,4,4,7,19,10,10,13,13,16,16,19,19,19,2,2,1,2,2,2,4
197.0,1.9700000000000002e-13,4.238680694163714,1.9695839028302502,1.8280841911788346,1.8210406091535123,1.936245702811744,1.9155111451995135,2.1588050075568344,1,1,4,4,7,19,10,10,13,13,16,16,19,19,19,2,2,1,2,2,2,4
197.5,1.9750000000000002e-13,4.23843942859938,1.9685447177144673,1.8329586498438795,1.8191034006795654,1.9338153966469358,1.9112996667745994,2.1575151090168507,1,1,4,4,7,19,10,10,13,13,16,16,19,19,19,2,2,1,2,2,2,4
198.0,1.9800000000000001e-13,4.239006034629873,1.9673237165026625,1.8380967889995763,1.8168627978070824,1.9314328791144484,1.9071336099861675,2.1559925269226463,1,1,4,4,7,19,10,10,13,13,16,16,19,19,19,2,2,1,2,2,2,4
198.5,1.985e-13,4.240269766078003,1.9659513949680798,1.843459786369007,1.8143461816266466,1.9291480087861712,1.9030530758511963,2.154261411982836,1,1,4,4,7,19,10,10,13,13,16,16,19,19,19,2,2,1,2,2,2,4
199.0,1.99e-13,4.242006501033179,1.9644624092481657,1.8490081085914873,1.8115832385732058,1.9270010270406888,1.899097861113214,2.152349595662858,1,1,4,4,7,19,10,10,13,13,16,16,19,19,19,2,2,1,2,2,2,4
199.5,1.995e-13,4.2439567559924605,1.962891127791498,1.8547082684673342,1.8086037564107256,1.9250193056858214,1.8953023834599718,2.1502844488366906,1,1,4,4,7,19,10,10,13,13,16,16,19,19,19,2,2,1,2,2,2,4
200.0,2e-13,4.245890276972206,1.9612679658474195,1.860537013163416,1.8054357132390086,1.9232160193323142,1.8916925480418443,2.1480894087704545,1,1,4,4,7,19,10,10,13,13,16,16,19,19,19,2,2,1,2,2,2,4
200.5,2.005e-13,4.247635355912457,1.9596170822150225,1.8664818658077824,1.802104252268057,1.9215901951240193,1.8882846668265256,2.145781771303389,1,1,4,4,7,19,10,10,13,13,16,16,19,19,19,2,2,1,2,2,2,4
201.0,2.0100000000000003e-13,4.249080937159583,1.9579551989801725,1.8725392047246092,1.7986313309217414,1.9201273207293692,1.8850855319865183,2.1433715011835943,1,1,4,4,7,19,10,10,13,13,16,16,19,19,19,2,2,1,2,2,2,4
201.5,2.0150000000000002e-13,4.250166029060293,1.956291236685471,1.878711205730435,1.7950359568802472,1.918800254469897,1.88209316891497,2.1408607711102112,1,1,4,4,7,19,10,10,13,13,16,16,19,19,19,2,2,1,2,2,2,4
202.0,2.0200000000000002e-13,4.250865803788406,1.9546265520711745,1.8850026237644273,1.7913350592785833,1.9175706722376633,1.8792981732156604,2.138244085233501,1,1,4,4,7,19,10,10,13,13,16,16,19,19,19,2,2,1,2,2,2,4
202.5,2.0250000000000002e-13,4.251178532628056,1.952955689175594,1.891417985263971,1.7875449163352088,1.9163915255222785,1.876685665476775,2.1355089650979484,1,1,4,4,7,19,10,10,13,13,16,16,19,19,19,2,2,1,2,2,2,4
203.0,2.0300000000000002e-13,4.251114991890339,1.9512676503725932,1.897959320983911,1.7836829523643702,1.9152109991606039,1.874237859346894,2.132637260524767,1,1,4,4,7,19,10,10,13,13,16,16,19,19,19,2,2,1,2,2,2,4
203.5,2.0350000000000002e-13,4.2506908650697035,1.9495476930496556,1.9046243506835556,1.779769411889949,1.9139782091171569,1.8719370599738423,2.129607164636795,1,1,4,4,7,19,10,10,13,13,16,16,19,19,19,2,2,1,2,2,2,4
204.0,2.0400000000000001e-13,4.249921959878546,1.9477796781459358,1.91140498081498,1.775828416084661,1.9126502174618583,1.8697687662966738,2.1263959230012093,1,1,4,4,7,19,10,10,13,13,16,16,19,19,19,2,2,1,2,2,2,4
204.5,2.045e-13,4.248821640194908,1.9459488960703526,1.9182860472636831,1.771888043023858,1.9111990858692585,1.8677244223836833,2.1229830734052904,1,1,4,4,7,19,10,10,13,13,16,16,19,19,19,2,2,1,2,2,2,4
205.0,2.05e-13,4.24739977134216,1.9440451255280247,1.9252444556656658,1.7679792761886257,1.9096170588893082,1.8658033469981747,2.119353817703239,1,1,4,4,7,19,10,10,13,13,16,16,19,19,19,2,2,1,2,2,2,4
205.5,2.055e-13,4.245662639258449,1.942065448057714,1.9322489861456233,1.7641339968964738,1.9079181389329345,1.8640135250308372,2.1155019043977092,1,1,4,4,7,19,10,10,13,13,16,16,19,19,19,2,2,1,2,2,2,4
206.0,2.06e-13,4.243613401021884,1.940016284711494,1.939261064373684,1.7603822834443823,1.906135442375412,1.862371148168205,2.111431427738631,1,1,4,4,7,19,10,10,13,13,16,16,19,19,19,2,2,1,2,2,2,4
206.5,2.065e-13,4.24125312365634,1.9379140951585734,1.946236541312978,1.7567496765948418,1.90431534653372,1.860899081922531,2.1071571272407543,1,1,4,4,7,19,10,10,13,13,16,16,19,19,19,2,2,1,2,2,2,4
207.0,2.0700000000000003e-13,4.238582630737722,1.9357844832815418,1.9531283133310522,1.753254881536217,1.902510335310065,1.8596245396257103,2.102703159206455,1,1,4,4,7,19,10,10,13,13,16,16,19,19,19,2,2,1,2,2,2,4
207.5,2.0750000000000002e-13,4.235605714004586,1.93365982318406,1.9598897622835623,1.7499082235260928,1.9007724089688067,1.8585763089848957,2.098100607171074,1,1,4,4,7,19,10,10,13,13,16,16,19,19,19,2,2,1,2,2,2,4
208.0,2.0800000000000002e-13,4.2323342294488935,1.931575883401302,1.966478778465792,1.7467109155999045,1.8991480579009583,1.8577818388198017,2.0933841997036495,1,1,4,4,7,19,10,10,13,13,16,16,19,19,19,2,2,1,2,2,2,4
208.5,2.0850000000000002e-13,4.228795487466638,1.9295680881907271,1.9728618763684438,1.7436551487196235,1.8976749912555444,1.8572644788772754,2.0885887722402225,1,1,4,4,7,19,10,10,13,13,16,16,19,19,19,2,2,1,2,2,2,4
209.0,2.0900000000000002e-13,4.225041957819909,1.9276680196611222,1.9790175787972588,1.7407249852139002,1.896380269446896,1.8570410980857346,2.0837459379188377,1,1,4,4,7,19,10,10,13,13,16,16,19,19,19,2,2,1,2,2,2,4
209.5,2.0950000000000002e-13,4.221162789566353,1.925900573060148,1.9849382604315795,1.7378980054554112,1.8952793485370596,1.8571202813235914,2.078881243777167,1,1,4,4,7,19,10,10,13,13,16,16,19,19,19,2,2,1,2,2,2,4
210.0,2.1000000000000001e-13,4.217295034066088,1.9242819487925105,1.9906299891743797,1.735147637576294,1.8943756386940593,1.857501244063486,2.0740119264757597,1,1,4,4,7,19,10,10,13,13,16,16,19,19,19,2,2,1,2,2,2,4
210.5,2.105e-13,4.213628551608612,1.9228185078325366,1.9961105039583398,1.7324460605467604,1.893660402726225,1.8581735867883162,2.0691453112121163,1,1,4,4,7,19,10,10,13,13,16,16,19,19,19,2,2,1,2,2,2,4
211.0,2.11e-13,4.210393016754731,1.9215065182047486,2.0014058534503287,1.7297676017529058,1.8931130144884236,1.8591179148424484,2.0642780530510567,1,1,4,4,7,19,10,10,13,13,16,16,19,19,19,2,2,1,2,2,2,4
211.5,2.115e-13,4.207815255748054,1.9203328512283764,2.00654579050117,1.7270926877019397,1.8927018792401038,1.8603071590045424,2.05939694270704,1,1,4,4,7,19,10,10,13,13,16,16,19,19,19,2,2,1,2,2,2,4
212.0,2.12e-13,4.20605093750944,1.919276625614653,2.011557570039556,1.7244125162777992,1.8923863701826424,1.8617080352196271,2.0544823483037224,1,1,4,4,7,19,10,10,13,13,16,16,19,19,19,2,2,1,2,2,2,4
212.5,2.1250000000000003e-13,4.205124198549819,1.9183113524436872,2.0164600034094287,1.7217333176507894,1.8921200616214782,1.8632825428358315,2.049513144434438,1,1,4,4,7,19,10,10,13,13,16,16,19,19,19,2,2,1,2,2,2,4
213.0,2.1300000000000003e-13,4.204920216942357,1.9174068117044352,2.021262051696959,1.7190772270635115,1.891855687273097,1.8649908270156614,2.0444688665813158,1,1,4,4,7,19,10,10,13,13,16,16,19,19,19,2,2,1,2,2,2,4
213.5,2.1350000000000002e-13,4.205238525895219,1.9165311038157145,2.0259650901581683,1.7164795948071971,1.8915519024689003,1.8667955347732705,2.0393292941286223,1,1,4,4,7,19,10,10,13,13,16,16,19,19,19,2,2,1,2,2,2,4
214.0,2.1400000000000002e-13,4.205864877048397,1.9156535334393692,2.0305643187469613,1.7139853009971457,1.8911806598490104,1.8686656117086151,2.03407554592126,1,1,4,4,7,19,10,10,13,13,16,16,19,19,19,2,2,1,2,2,2,4
214.5,2.1450000000000002e-13,4.206619642967212,1.914747749777919,2.03504867483994,1.7116450311353748,1.8907331521030044,1.8705785487307893,2.0286928831762445,1,1,4,4,7,19,10,10,13,13,16,16,19,19,19,2,2,1,2,2,2,4
215.0,2.1500000000000002e-13,4.207374451810062,1.9137944406090683,2.0394006364877253,1.709511266426036,1.890222338498596,1.8725212199859498,2.0231734994885917,1,1,4,4,7,19,10,10,13,13,16,16,19,19,19,2,2,1,2,2,2,4
215.5,2.1550000000000002e-13,4.208049086132641,1.9127830547561906,2.043596517453124,1.7076346420320236,1.8896810040464773,1.8744894373801693,2.0175182943354413,1,1,4,4,7,19,10,10,13,13,16,16,19,19,19,2,2,1,2,2,2,4
216.0,2.1600000000000001e-13,4.208600960315407,1.9117121407714845,2.0476077954752046,1.7060605444634238,1.8891563159985212,1.8764867419293196,2.011737095162874,1,1,4,4,7,19,10,10,13,13,16,16,19,19,19,2,2,1,2,2,2,4
216.5,2.165e-13,4.209013651783177,1.9105883133845134,2.051403371469487,1.704826642876865,1.8887025076966708,1.8785225030047115,2.0058474663084667,1,1,4,4,7,19,10,10,13,13,16,16,19,19,19,2,2,1,2,2,2,4
217.0,2.17e-13,4.209286598344318,1.909424195073665,2.0549528931352636,1.7039611179132894,1.8883736992912747,1.8806096011116973,1.9998725036995926,1,1,4,4,7,19,10,10,13,13,16,16,19,19,19,2,2,1,2,2,2,4
217.5,2.175e-13,4.20942681010713,1.908235692199633,2.0582306936179973,1.7034818535347727,1.8882182920667308,1.8827619851599782,1.9938380850485493,1,1,4,4,7,19,10,10,13,13,16,16,19,19,19,2,2,1,2,2,2,4
218.0,2.18e-13,4.209442559416802,1.9070393327858355,2.061219901651925,1.7033961359772944,1.8882751622478082,1.8849922619454873,1.987770192542755,1,1,4,4,7,19,10,10,13,13,16,16,19,19,19,2,2,1,2,2,2,4
218.5,2.1850000000000003e-13,4.209339271418474,1.9058500028578327,2.0639157649687925,1.7037008474752586,1.8885714684302037,1.8873095641486244,1.9816926538147406,1,1,4,4,7,19,10,10,13,13,16,16,19,19,19,2,2,1,2,2,2,4
219.0,2.1900000000000003e-13,4.209117732916605,1.9046792840829632,2.066327224061007,1.7043831624113042,1.8891215104073178,1.889717702880356,1.9756256565133345,1,1,4,4,7,19,10,10,13,13,16,16,19,19,19,2,2,1,2,2,2,4
219.5,2.1950000000000002e-13,4.208774616460499,1.9035344595852142,2.068476480051888,1.7054214559632026,1.889926158185523,1.8922139488170133,1.9695848175755493,1,1,4,4,7,19,10,10,13,13,16,16,19,19,19,2,2,1,2,2,2,4
220.0,2.2000000000000002e-13,4.208305029249364,1.9024180361137664,2.07039658123145,1.7067865988770106,1.8909725650405524,1.89478838790142,1.9635808070395828,1,1,4,4,7,19,10,10,13,13,16,16,19,19,19,2,2,1,2,2,2,4
220.5,2.2050000000000002e-13,4.207706338667218,1.9013277091180376,2.072127881690545,1.7084436766164923,1.8922342519880007,1.8974241263645697,1.9576192538212958,1,1,4,4,7,19,10,10,13,13,16,16,19,19,19,2,2,1,2,2,2,4
221.0,2.2100000000000002e-13,4.206982067303036,1.9002567138107282,2.0737142030548785,1.7103540088959828,1.8936718953068334,1.900098535091698,1.9517007638253305,1,1,4,4,7,19,10,10,13,13,16,16,19,19,19,2,2,1,2,2,2,4
221.5,2.2150000000000002e-13,4.206145297482654,1.8991945234964858,2.075199223659844,1.7124775057271167,1.8952353131140809,1.902785469843356,1.9458212033984856,1,1,4,4,7,19,10,10,13,13,16,16,19,19,19,2,2,1,2,2,2,4
222.0,2.2200000000000001e-13,4.205221936209519,1.8981279894170922,2.076623439072404,1.7147747652307421,1.8968671486566895,1.9054582288998971,1.9399726472394887,1,1,4,4,7,19,10,10,13,13,16,16,19,19,19,2,2,1,2,2,2,4
222.5,2.225e-13,4.204255209801508,1.8970428966313684,2.078021742708299,1.717208727926513,1.8985084549552333,1.9080927958442857,1.9341451036068398,1,1,4,4,7,19,10,10,13,13,16,16,19,19,19,2,2,1,2,2,2,4
223.0,2.23e-13,4.2033127229857135,1.8959259268379653,2.0794216168487965,1.7197456652173446,1.900105830680486,1.9106709004814584,1.9283288449091598,1,1,4,4,7,19,10,10,13,13,16,16,19,19,19,2,2,1,2,2,2,4
223.5,2.235e-13,4.20249660292489,1.894766750361869,2.08084177586416,1.72235596444418,1.90161900541461,1.913182372113783,1.9225168703985354,1,1,4,4,7,19,10,10,13,13,16,16,19,19,19,2,2,1,2,2,2,4
224.0,2.24e-13,4.201954548510194,1.8935601536499964,2.0822915472215087,1.725014367236449,1.9030268564714687,1.9156265305901734,1.9167068969679186,1,1,4,4,7,19,10,10,13,13,16,16,19,19,19,2,2,1,2,2,2,4
224.5,2.2450000000000003e-13,4.20188404600818,1.8923077034800233,2.083770832370792,1.7277002910421715,1.9043300117213118,1.9180124631689972,1.9109022843716494,1,1,4,4,7,19,10,10,13,13,16,16,19,19,19,2,2,1,2,2,2,4
225.0,2.2500000000000003e-13,4.20251383521002,1.8910186372198845,2.085270841168624,1.7303977333651321,1.9055491669344045,1.9203581204379307,1.9051120181063281,1,1,4,4,7,19,10,10,13,13,16,16,19,19,19,2,2,1,2,2,2,4
225.5,2.2550000000000002e-13,4.2040475515137254,1.8897101620323216,2.0867751114221242,1.7330944562209998,1.9067193885451883,1.922687960314507,1.8993511096942481,1,1,4,4,7,19,10,10,13,13,16,16,19,19,19,2,2,1,2,2,2,4
226.0,2.2600000000000002e-13,4.206580013343091,1.888407812114958,2.088260075735046,1.7357786168301534,1.907881831801139,1.9250279500014864,1.8936452895645715,1,1,4,4,7,19,10,10,13,13,16,16,19,19,19,2,2,1,2,2,2,4
226.5,2.2650000000000002e-13,4.210039194148047,1.887145013084821,2.0896963618952746,1.7384349201640574,1.9090754458835262,1.9273996775139894,1.8880360715661577,1,1,4,4,7,19,10,10,13,13,16,16,19,19,19,2,2,1,2,2,2,4
227.0,2.2700000000000002e-13,4.214209977276032,1.8859591020046134,2.0910540703174547,1.7410463386188926,1.9103320630707086,1.9298187634779809,1.8825739095616654,1,1,4,4,7,19,10,10,13,13,16,16,19,19,19,2,2,1,2,2,2,4
227.5,2.2750000000000004e-13,4.218819605890567,1.8848859955884991,2.092309394949067,1.7435982200429423,1.911674281224603,1.9322954831204215,1.8773068954171395,1,1,4,4,7,19,10,10,13,13,16,16,19,19,19,2,2,1,2,2,2,4
228.0,2.2800000000000004e-13,4.223613607264249,1.8839565733354706,2.093448832848916,1.7460798182884223,1.9131141417456017,1.9348339262926315,1.872275387645945,1,1,4,4,7,19,10,10,13,13,16,16,19,19,19,2,2,1,2,2,2,4
228.5,2.2850000000000004e-13,4.228389827998341,1.8831945265227157,2.0944706218737905,1.7484842330382402,1.914652437297715,1.9374305813285935,1.8675105812623083,1,1,4,4,7,19,10,10,13,13,16,16,19,19,19,2,2,1,2,2,2,4
229.0,2.2900000000000003e-13,4.233001217339105,1.8826151336628527,2.0953838705774332,1.7508078681533077,1.9162785303391494,1.9400734455221282,1.8630342672759261,1,1,4,4,7,19,10,10,13,13,16,16,19,19,19,2,2,1,2,2,2,4
229.5,2.2950000000000003e-13,4.23734594056581,1.8822247392877496,2.096205938220414,1.7530498208857275,1.9179704606210919,1.9427419511216195,1.8588590731185544,1,1,4,4,7,19,10,10,13,13,16,16,19,19,19,2,2,1,2,2,2,4
230.0,2.3000000000000003e-13,4.241355372003176,1.8820208171980957,2.0969589722001203,1.7552112940209534,1.9196952860995025,1.94540773491077,1.8549890935377051,1,1,4,4,7,19,10,10,13,13,16,16,19,19,19,2,2,1,2,2,2,4
230.5,2.3050000000000003e-13,4.2449833751342005,1.8819924349286132,2.09766636263718,1.757295300190655,1.921409929883943,1.9480363481611918,1.8514207073927185,1,1,4,4,7,19,10,10,13,13,16,16,19,19,19,2,2,1,2,2,2,4
231.0,2.3100000000000003e-13,4.248197379755897,1.882121237106418,2.098349930132396,1.7593062882127595,1.9230631376238596,1.9505899479250686,1.8481436708894392,1,1,4,4,7,19,10,10,13,13,16,16,19,19,19,2,2,1,2,2,2,4
231.5,2.315e-13,4.250971547718272,1.8823829939432224,2.099027920631719,1.7612497725547578,1.9245990513702307,1.9530307436108352,1.845142554665135,1,1,4,4,7,19,10,10,13,13,16,16,19,19,19,2,2,1,2,2,2,4
232.0,2.32e-13,4.253282281821439,1.8827497452850768,2.099713704137214,1.763131806978594,1.9259627114302418,1.955324697904639,1.8423986891524704,1,1,4,4,7,19,10,10,13,13,16,16,19,19,19,2,2,1,2,2,2,4
232.5,2.325e-13,4.255106134050029,1.8831925280331938,2.100415037706713,1.764958138321934,1.9271071329671312,1.957444726516114,1.839892771826875,1,1,4,4,7,19,10,10,13,13,16,16,19,19,19,2,2,1,2,2,2,4
233.0,2.33e-13,4.256419996825705,1.8836844664032344,2.1011337077080614,1.7667331129772905,1.9280008244238855,1.9593728307059477,1.8376078615828004,1,1,4,4,7,19,10,10,13,13,16,16,19,19,19,2,2,1,2,2,2,4
233.5,2.335e-13,4.257203148745489,1.8842038692778655,2.1018654654646225,1.7684585052773716,1.928633930358751,1.9611009395963754,1.8355322160176712,1,1,4,4,7,19,10,10,13,13,16,16,19,19,19,2,2,1,2,2,2,4
234.0,2.34e-13,4.257440460590592,1.884736869284073,2.102600279219397,1.7701324908889282,1.9290210983322893,1.9626305812839322,1.8336613311608692,1,1,4,4,7,19,10,10,13,13,16,16,19,19,19,2,2,1,2,2,2,4
234.5,2.345e-13,4.257125888820725,1.8852791171684793,2.1033230866635315,1.771748891083907,1.9292000638132611,1.963971648405536,1.831998776816368,1,1,4,4,7,19,10,10,13,13,16,16,19,19,19,2,2,1,2,2,2,4
235.0,2.35e-13,4.256265456902701,1.8858360894085269,2.1040152175257525,1.7732966892100976,1.9292264022098065,1.965140498107314,1.830555710599715,1,1,4,4,7,19,10,10,13,13,16,16,19,19,19,2,2,1,2,2,2,4
235.5,2.355e-13,4.254879527116696,1.8864218616550337,2.104656681208395,1.7747598003448966,1.9291661350795888,1.9661575958567838,1.8293493232332185,1,1,4,4,7,19,10,10,13,13,16,16,19,19,19,2,2,1,2,2,2,4
236.0,2.36e-13,4.253004591979041,1.8870565954685674,2.1052292692736505,1.776117055313815,1.929088146536716,1.96704496842282,1.8284005283866485,1,1,4,4,7,19,10,10,13,13,16,16,19,19,19,2,2,1,2,2,2,4
236.5,2.365e-13,4.250695199398829,1.8877632493554322,2.105720249001041,1.7773423601145895,1.929057836742455,1.9678236723128224,1.8277313585317216,1,1,4,4,7,19,10,10,13,13,16,16,19,19,19,2,2,1,2,2,2,4
237.0,2.37e-13,4.248026547006859,1.8885641691362258,2.106125988375144,1.77840521449555,1.9291324986832208,1.9685115276966878,1.8273623727595227,1,1,4,4,7,19,10,10,13,13,16,16,19,19,19,2,2,1,2,2,2,4
237.5,2.375e-13,4.245097896835032,1.8894780736497492,2.106454552504241,1.7792717695362916,1.9293582714352018,1.9691212857101856,1.8273103495912895,1,1,4,4,7,19,10,10,13,13,16,16,19,19,19,2,2,1,2,2,2,4
238.0,2.38e-13,4.24203626555177,1.8905177492915695,2.1067264172666254,1.7799065546451691,1.9297682413829118,1.9696593498203565,1.8275864539773161,1,1,4,4,7,19,10,10,13,13,16,16,19,19,19,2,2,1,2,2,2,4
238.5,2.385e-13,4.238998359603349,1.8916885608593341,2.106972966693244,1.7802748883472894,1.9303812769434003,1.9701251366582677,1.828194987935919,1,1,4,4,7,19,10,10,13,13,16,16,19,19,19,2,2,1,2,2,2,4
239.0,2.3900000000000004e-13,4.236166219187766,1.8929877614721051,2.10723325425957,1.7803455854888468,1.9312013489813284,1.97051117992372,1.8291327686939929,1,1,4,4,7,19,10,10,13,13,16,16,19,19,19,2,2,1,2,2,2,4
239.5,2.3950000000000004e-13,4.233730340852982,1.894404338845445,2.107549822098092,1.7800937717439798,1.932217206751664,1.9708039649633187,1.8303889932895443,1,1,4,4,7,19,10,10,13,13,16,16,19,19,19,2,2,1,2,2,2,4
240.0,2.4000000000000004e-13,4.231856952347697,1.895919088530978,2.1079645044379087,1.7795033781011624,1.9334024123241145,1.970985525545108,1.83194525854631,1,1,4,4,7,19,10,10,13,13,16,16,19,19,19,2,2,1,2,2,2,4
240.5,2.4050000000000004e-13,4.230646701838806,1.8975047659251965,2.108514640318341,1.77856928894092,1.9347160673039276,1.9710358554430363,1.8337753954001819,1,1,4,4,7,19,10,10,13,13,16,16,19,19,19,2,2,1,2,2,2,4
241.0,2.4100000000000003e-13,4.230104532496061,1.8991270681113652,2.109229955949285,1.7772987455202722,1.9361055508464322,1.970936102908313,1.8358457790902345,1,1,4,4,7,19,10,10,13,13,16,16,19,19,19,2,2,1,2,2,2,4
241.5,2.4150000000000003e-13,4.230141187626524,1.9007474503646078,2.110130453174,1.7757109780712428,1.9375128959431571,1.9706719470454985,1.8381175886713008,1,1,4,4,7,19,10,10,13,13,16,16,19,19,19,2,2,1,2,2,2,4
242.0,2.4200000000000003e-13,4.230606741770548,1.902327239506733,2.111225462702335,1.7738347562805914,1.9388843483421747,1.9702362138277354,1.8405507988808025,1,1,4,4,7,19,10,10,13,13,16,16,19,19,19,2,2,1,2,2,2,4
242.5,2.4250000000000003e-13,4.231334496329544,1.9038317757836807,2.1125134873087665,1.7717049979665236,1.9401806405188082,1.9696302462326827,1.8431082988163616,1,1,4,4,7,19,10,10,13,13,16,16,19,19,19,2,2,1,2,2,2,4
243.0,2.43e-13,4.232174001027374,1.9052339886757632,2.113982472090642,1.7693594712969591,1.941385114432833,1.968864058067695,1.8457591773336701,1,1,4,4,7,19,10,10,13,13,16,16,19,19,19,2,2,1,2,2,2,4
243.5,2.435e-13,4.233006916636294,1.906517155012584,2.1156104802749516,1.7668359033068501,1.94250725577171,1.9679555050133357,1.8484809105793036,1,1,4,4,7,19,10,10,13,13,16,16,19,19,19,2,2,1,2,2,2,4
244.0,2.44e-13,4.23374998024745,1.907676487022079,2.117366874171165,1.764169629095749,1.9435805014909686,1.9669287488258334,1.8512603214673764,1,1,4,4,7,19,10,10,13,13,16,16,19,19,19,2,2,1,2,2,2,4
244.5,2.445e-13,4.234351125241983,1.9087192412820804,2.1192142508812757,1.7613917654283742,1.9446552618435466,1.9658122493529222,1.8540933628050553,1,1,4,4,7,19,10,10,13,13,16,16,19,19,19,2,2,1,2,2,2,4
245.0,2.45e-13,4.234782651088937,1.9096632777520257,2.1211114301310423,1.7585276570184336,1.94578971161778,1.9646364755764105,1.8569839824968284,1,1,4,4,7,19,10,10,13,13,16,16,19,19,19,2,2,1,2,2,2,4
245.5,2.455e-13,4.235033541534054,1.9105343483755513,2.1230172936596845,1.7555959862767074,1.947040813136826,1.9634315485110028,1.8599421530881461,1,1,4,4,7,19,10,10,13,13,16,16,19,19,19,2,2,1,2,2,2,4
246.0,2.46e-13,4.235101993710733,1.911362664190092,2.124895226126554,1.7526084110618168,1.9484573503419744,1.9622249923263757,1.8629814877716888,1,1,4,4,7,19,10,10,13,13,16,16,19,19,19,2,2,1,2,2,2,4
246.5,2.465e-13,4.234988963497953,1.9121793673454552,2.126717388226932,1.7495698548769705,1.9500754089242356,1.9610397698862794,1.8661167274724022,1,1,4,4,7,19,10,10,13,13,16,16,19,19,19,2,2,1,2,2,2,4
247.0,2.47e-13,4.23469329331912,1.9130133686136983,2.1284678546400184,1.7464794588326304,1.9519159630807008,1.9598927282336978,1.869361377094863,1,1,4,4,7,19,10,10,13,13,16,16,19,19,19,2,2,1,2,2,2,4
247.5,2.475e-13,4.234208911393984,1.9138888422733542,2.1301436402702616,1.7433323366500457,1.9539838634048743,1.9587935638258775,1.8727256384407795,1,1,4,4,7,19,10,10,13,13,16,16,19,19,19,2,2,1,2,2,2,4
248.0,2.48e-13,4.23352442844688,1.9148234283361207,2.131753494785898,1.7401217901133874,1.9562677038621696,1.9577443730383746,1.8762148459585908,1,1,4,4,7,19,10,10,13,13,16,16,19,19,19,2,2,1,2,2,2,4
248.5,2.485e-13,4.232625675074089,1.9158271167332876,2.133314743659326,1.7368418429476573,1.9587401410054972,1.956739867755593,1.8798283654300338,1,1,4,4,7,19,10,10,13,13,16,16,19,19,19,2,2,1,2,2,2,4
249.0,2.49e-13,4.2315015418325554,1.9169017532274493,2.134849189783226,1.733489660526052,1.9613586726637233,1.9557683907810202,1.8835589947546085,1,1,4,4,7,19,10,10,13,13,16,16,19,19,19,2,2,1,2,2,2,4
249.5,2.495e-13,4.230152777923893,1.9180411236995274,2.1363790353466747,1.7300672905328387,1.9640671031177765,1.9548137183396561,1.8873928906968716,1,1,4,4,7,19,10,10,13,13,16,16,19,19,19,2,2,1,2,2,2,4
250.0,2.5e-13,4.228602417623612,1.9192316946530814,2.1379233682711027,1.7265824731734873,1.966798076209586,1.9538575029508276,1.8913100649929733,1,1,4,4,7,19,10,10,13,13,16,16,19,19,19,2,2,1,2,2,2,4
250.5,2.5050000000000004e-13,4.226905710331425,1.9204540712797886,2.139495602891602,1.7230482946269958,1.9694774106761461,1.9528821081484498,1.895285632802854,1,1,4,4,7,19,10,10,13,13,16,16,19,19,19,2,2,1,2,2,2,4
251.0,2.5100000000000004e-13,4.225157593211515,1.9216852621916969,2.1411018968416666,1.7194817639097912,1.9720304689101569,1.9518733303844917,1.8992918544745079,1,1,4,4,7,19,10,10,13,13,16,16,19,19,19,2,2,1,2,2,2,4
251.5,2.5150000000000004e-13,4.223496536686315,1.9229017223519569,2.142740242349808,1.715901964001107,1.9743901391818908,1.9508225152134289,1.9033007885785425,1,1,4,4,7,19,10,10,13,13,16,16,19,19,19,2,2,1,2,2,2,4
252.0,2.5200000000000004e-13,4.222102552602386,1.9240828885320802,2.1444001365774015,1.7123280821985762,1.9765051961938234,1.9497276590343129,1.9072873369768255,1,1,4,4,7,19,10,10,13,13,16,16,19,19,19,2,2,1,2,2,2,4
252.5,2.5250000000000003e-13,4.221183934418956,1.9252147313493133,2.1460626743693614,1.7087776824077932,1.978346905419505,1.9485934293184786,1.911232169233341,1,1,4,4,7,19,10,10,13,13,16,16,19,19,19,2,2,1,2,2,2,4
253.0,2.5300000000000003e-13,4.220945547737855,1.926292532599333,2.147700761651052,1.705265913948422,1.9799116180719196,1.9474304305171186,1.91512349737316,1,1,4,4,7,19,10,10,13,13,16,16,19,19,19,2,2,1,2,2,2,4
253.5,2.5350000000000003e-13,4.221538462555651,1.9273219067007632,2.1492789715474636,1.7018068491436171,1.9812181950854235,1.9462544261064076,1.9189560546978195,1,1,4,4,7,19,10,10,13,13,16,16,19,19,19,2,2,1,2,2,2,4
254.0,2.5400000000000003e-13,4.223008147539226,1.9283177793511015,2.1507535061784826,1.6984167717353786,1.982301585088527,1.9450857509965036,1.9227273681067454,1,1,4,4,7,19,10,10,13,13,16,16,19,19,19,2,2,1,2,2,2,4
254.5,2.5450000000000003e-13,4.225273691769244,1.9293024058796133,2.152074844437615,1.6951148721352065,1.983205944550833,1.9439474748722394,1.9264361952517908,1,1,4,4,7,19,10,10,13,13,16,16,19,19,19,2,2,1,2,2,2,4
255.0,2.55e-13,4.228157339395071,1.930303032549324,2.1531935803486473,1.6919199937401366,1.9839786511233897,1.9428618616677473,1.9300848368080123,1,1,4,4,7,19,10,10,13,13,16,16,19,19,19,2,2,1,2,2,2,4
255.5,2.555e-13,4.231442522424568,1.9313485847782443,2.1540664525792637,1.6888482820974724,1.9846648926538863,1.9418471255157814,1.9336802835506715,1,1,4,4,7,19,10,10,13,13,16,16,19,19,19,2,2,1,2,2,2,4
256.0,2.56e-13,4.234923169605542,1.9324658587530987,2.154660796616481,1.6859136117213986,1.9853033950547236,1.9409153848795575,1.937232557538734,1,1,4,4,7,19,10,10,13,13,16,16,19,19,19,2,2,1,2,2,2,4
256.5,2.565e-13,4.238428099342095,1.9336761398420477,2.154957223413827,1.6831292941306526,1.9859238311120744,1.940071575061877,1.940751971343624,1,1,4,4,7,19,10,10,13,13,16,16,19,19,19,2,2,1,2,2,2,4
257.0,2.57e-13,4.241825389084254,1.9349927682454806,2.1549501877771586,1.6805099463056505,1.9865455443943525,1.939313006773623,1.9442465817581585,1,1,4,4,7,19,10,10,13,13,16,16,19,19,19,2,2,1,2,2,2,4
257.5,2.575e-13,4.2450171979953515,1.9364197017072817,2.1546464226042215,1.6780729602071784,1.9871770690509516,1.9386295161458433,1.9477202585480937,1,1,4,4,7,19,10,10,13,13,16,16,19,19,19,2,2,1,2,2,2,4
258.0,2.58e-13,4.247932525535492,1.937950932825355,2.154061853669284,1.6758392280601049,1.9878160910640477,1.9380042595740845,1.9511714133543328,1,1,4,4,7,19,10,10,13,13,16,16,19,19,19,2,2,1,2,2,2,4
258.5,2.585e-13,4.25052147306863,1.9395706536535697,2.1532178352487357,1.6738329660945495,1.988449700469319,1.9374151878795518,1.95459235452216,1,1,4,4,7,19,10,10,13,13,16,16,19,19,19,2,2,1,2,2,2,4
259.0,2.59e-13,4.252752027718548,1.9412540200628876,2.152137650557551,1.6720805197885917,1.9890550954757422,1.9368372083730807,1.9579691508538648,1,1,4,4,7,19,10,10,13,13,16,16,19,19,19,2,2,1,2,2,2,4
259.5,2.595e-13,4.254609183796713,1.9429685250946551,2.1508437285272697,1.6706084900870941,1.9896010896092493,1.9362449624140532,1.9612819148154672,1,1,4,4,7,19,10,10,13,13,16,16,19,19,19,2,2,1,2,2,2,4
260.0,2.6e-13,4.256095172918888,1.9446759385444872,2.1493556929473785,1.6694414964386506,1.9900510427551115,1.9356159274127431,1.9645055383571706,1,1,4,4,7,19,10,10,13,13,16,16,19,19,19,2,2,1,2,2,2,4
260.5,2.605e-13,4.257229300130443,1.9463350579600025,2.1476891583608255,1.6685998105410103,1.9903675606325588,1.9349333032984515,1.9676111430597634,1,1,4,4,7,19,10,10,13,13,16,16,19,19,19,2,2,1,2,2,2,4
261.0,2.61e-13,4.25804681539264,1.9479051770190094,2.145854933780648,1.668097308446365,1.9905190238993202,1.9341882477235879,1.9705682729318001,1,1,4,4,7,19,10,10,13,13,16,16,19,19,19,2,2,1,2,2,2,4
261.5,2.615e-13,4.258597365780179,1.949349954687762,2.143858443585157,1.6679399492389753,1.990486912460296,1.9333809633312458,1.9733477237502544,1,1,4,4,7,19,10,10,13,13,16,16,19,19,19,2,2,1,2,2,2,4
262.0,2.6200000000000004e-13,4.2589448924276185,1.950641151860982,2.141699318071785,1.6681250147743112,1.9902720643368708,1.9325205533998167,1.9759246224219058,1,1,4,4,7,19,10,10,13,13,16,16,19,19,19,2,2,1,2,2,2,4
262.5,2.6250000000000004e-13,4.259170681920599,1.9517614623705828,2.139371278395659,1.668641089591678,1.989897689234576,1.9316237628051471,1.978281208354676,1,1,4,4,7,19,10,10,13,13,16,16,19,19,19,2,2,1,2,2,2,4
263.0,2.6300000000000004e-13,4.259380670293893,1.9527058686760006,2.13686254992664,1.6694688024831752,1.9894079231944555,1.9307129508884024,1.980408856012075,1,1,4,4,7,19,10,10,13,13,16,16,19,19,19,2,2,1,2,2,2,4
263.5,2.6350000000000004e-13,4.259716839221905,1.953481152475721,2.134157008657288,1.6705822817274896,1.9888622726237155,1.929813625867153,1.9823089141284949,1,1,4,4,7,19,10,10,13,13,16,16,19,19,19,2,2,1,2,2,2,4
264.0,2.6400000000000004e-13,4.260370798998195,1.9541037340913265,2.1312362381369345,1.6719512164243362,1.9883277894742994,1.9289518973130195,1.983992293144375,1,1,4,4,7,19,10,10,13,13,16,16,19,19,19,2,2,1,2,2,2,4
264.5,2.6450000000000003e-13,4.261593225245771,1.9545964181783204,2.1280822789547233,1.6735434151516546,1.987871103163639,1.9281519980925774,1.985478047090387,1,1,4,4,7,19,10,10,13,13,16,16,19,19,19,2,2,1,2,2,2,4
265.0,2.6500000000000003e-13,4.263684804757236,1.9549847470435644,2.124680354349283,1.6753278938034901,1.987551963594434,1.9274341103307344,1.9867912300893544,1,1,4,4,7,19,10,10,13,13,16,16,19,19,19,2,2,1,2,2,2,4
265.5,2.6550000000000003e-13,4.266949108807536,1.9552935387672161,2.1210211483784156,1.6772780486594343,1.9874191014726061,1.9268127758944744,1.9879601987157323,1,1,4,4,7,19,10,10,13,13,16,16,19,19,19,2,2,1,2,2,2,4
266.0,2.6600000000000003e-13,4.2716015484357985,1.9555438192633292,2.117105143223134,1.6793727723123764,1.9875082491858798,1.926296420765493,1.9890128533335203,1,1,4,4,7,19,10,10,13,13,16,16,19,19,19,2,2,1,2,2,2,4
266.5,2.6650000000000003e-13,4.277669496826562,1.9557503473303242,2.1129525179288007,1.6815930276027153,1.987840427729179,1.9258877533583783,1.989971925474822,1,1,4,4,7,19,10,10,13,13,16,16,19,19,19,2,2,1,2,2,2,4
267.0,2.67e-13,4.284967245507053,1.9559204913983683,2.108604870740277,1.6839210277137893,1.988419284296948,1.9255828814478841,1.9908532287727039,1,1,4,4,7,19,10,10,13,13,16,16,19,19,19,2,2,1,2,2,2,4
267.5,2.675e-13,4.293182536439257,1.9560542766748896,2.1041116162828652,1.6863456229729215,1.989230520498325,1.9253702232080911,1.9916669398346603,1,1,4,4,7,19,10,10,13,13,16,16,19,19,19,2,2,1,2,2,2,4
268.0,2.68e-13,4.301987402785846,1.9561446647596257,2.099519146920151,1.6888646953205908,1.990243507032515,1.9252317488465802,1.9924178188608377,1,1,4,4,7,19,10,10,13,13,16,16,19,19,19,2,2,1,2,2,2,4
268.5,2.685e-13,4.311102123767753,1.956178234245177,2.0948663817241644,1.6914833853329512,1.9914134224463325,1.9251458060596243,1.993104784573516,1,1,4,4,7,19,10,10,13,13,16,16,19,19,19,2,2,1,2,2,2,4
269.0,2.69e-13,4.320312128878978,1.9561364636661105,2.090182869337948,1.6942110333010159,1.9926841060925897,1.925090623388599,1.9937210071395408,1,1,4,4,7,19,10,10,13,13,16,16,19,19,19,2,2,1,2,2,2,4
269.5,2.695e-13,4.329461571839078,1.9559976630339726,2.0854880419104473,1.6970580893128355,1.9939922208632979,1.9250479187250333,1.994254768985634,1,1,4,4,7,19,10,10,13,13,16,16,19,19,19,2,2,1,2,2,2,4
270.0,2.7e-13,4.338440984624044,1.9557395461464488,2.080791388882612,1.700033347570052,1.9952729670100553,1.9250059801545647,1.9946910785992933,1,1,4,4,7,19,10,10,13,13,16,16,19,19,19,2,2,1,2,2,2,4
270.5,2.705e-13,4.347176013396565,1.9553423550940787,2.0760934722685285,1.7031415309089404,1.9964669788905167,1.9249616190716576,1.9950139688919908,1,1,4,4,7,19,10,10,13,13,16,16,19,19,19,2,2,1,2,2,2,4
271.0,2.71e-13,4.355618801076061,1.9547922857760123,2.071387475388524,1.706381278699995,1.9975273367524278,1.9249206449814826,1.9952093530221908,1,1,4,4,7,19,10,10,13,13,16,16,19,19,19,2,2,1,2,2,2,4
271.5,2.715e-13,4.363742201464399,1.9540847222885573,2.066660687979367,1.7097438287218019,1.9984250863250945,1.9248968908371789,1.9952681340698033,1,1,4,4,7,19,10,10,13,13,16,16,19,19,19,2,2,1,2,2,2,4
272.0,2.72e-13,4.371536508073996,1.9532265318518343,2.061895505291918,1.7132127713843919,1.9991516244786283,1.924910146102025,1.995188987639211,1,1,4,4,7,19,10,10,13,13,16,16,19,19,19,2,2,1,2,2,2,4
272.5,2.725e-13,4.379007685702684,1.952236752408669,2.0570703403505286,1.716764813329103,1.9997171086412329,1.9249835014416758,1.9949801479553275,1,1,4,4,7,19,10,10,13,13,16,16,19,19,19,2,2,1,2,2,2,4
273.0,2.73e-13,4.38617622487031,1.9511454190268387,2.0521612783953587,1.7203711120393466,2.000145452695541,1.9251405773929207,1.9946597150248,1,1,4,4,7,19,10,10,13,13,16,16,19,19,19,2,2,1,2,2,2,4
273.5,2.7350000000000005e-13,4.393077006422947,1.9499908610280225,2.0471449973094753,1.7239987909008598,2.0004677158060122,1.9254029448731804,1.9942544972894356,1,1,4,4,7,19,10,10,13,13,16,16,19,19,19,2,2,1,2,2,2,4
274.0,2.7400000000000004e-13,4.399761189432268,1.9488160182213015,2.042002609082632,1.7276126933469602,2.00071574671127,1.9257878762293148,1.9937976944831632,1,1,4,4,7,19,10,10,13,13,16,16,19,19,19,2,2,1,2,2,2,4
274.5,2.7450000000000004e-13,4.406300696702885,1.947664458027726,2.036723562683091,1.7311774900777868,2.0009172395826034,1.926306480698395,1.9933258957332336,1,1,4,4,7,19,10,10,13,13,16,16,19,19,19,2,2,1,2,2,2,4
275.0,2.7500000000000004e-13,4.412794813711211,1.9465766657840642,2.031308459325946,1.734660140009925,2.001092494742708,1.9269622764033751,1.992875874235577,1,1,4,4,7,19,10,10,13,13,16,16,19,19,19,2,2,1,2,2,2,4
275.5,2.7550000000000004e-13,4.419376674518183,1.9455869814496844,2.025769756626559,1.7380324916075462,2.0012526290035804,1.9277502848916657,1.9924815770163005,1,1,4,4,7,19,10,10,13,13,16,16,19,19,19,2,2,1,2,2,2,4
276.0,2.7600000000000004e-13,4.426214283367512,1.9447213777728811,2.0201299822320458,1.7412734852888272,2.0013987481357836,1.9286567549380325,1.9921715807359817,1,1,4,4,7,19,10,10,13,13,16,16,19,19,19,2,2,1,2,2,2,4
276.5,2.7650000000000003e-13,4.433496916437363,1.9439960957525118,2.014418021421575,1.7443705492621304,2.0015217366006453,1.9296596683285772,1.9919671907981988,1,1,4,4,7,19,10,10,13,13,16,16,19,19,19,2,2,1,2,2,2,4
277.0,2.7700000000000003e-13,4.441398045275518,1.9434171637703925,2.008665082108726,1.7473194864285861,2.0016023716370217,1.9307300271352583,1.9918812609783985,1,1,4,4,7,19,10,10,13,13,16,16,19,19,19,2,2,1,2,2,2,4
277.5,2.7750000000000003e-13,4.450018183382857,1.9429806821594804,2.0029022467796267,1.750122662166021,2.0016117288911515,1.9318338061500235,1.991917624640947,1,1,4,4,7,19,10,10,13,13,16,16,19,19,19,2,2,1,2,2,2,4
278.0,2.7800000000000003e-13,4.459333994730772,1.9426736622382696,1.9971600977078363,1.7527860110806086,2.001512235787569,1.9329345828617894,1.9920710005816886,1,1,4,4,7,19,10,10,13,13,16,16,19,19,19,2,2,1,2,2,2,4
278.5,2.785e-13,4.469190928921771,1.9424752425857705,1.9914675209728356,1.755316769960707,2.00125995602598,1.9339972796515317,1.9923274351663829,1,1,4,4,7,19,10,10,13,13,16,16,19,19,19,2,2,1,2,2,2,4
279.0,2.79e-13,4.47934840945255,1.9423586142187819,1.98584805450952,1.7577226939159762,2.0008084775581088,1.9349927797419004,1.9926657256446803,1,1,4,4,7,19,10,10,13,13,16,16,19,19,19,2,2,1,2,2,2,4
279.5,2.795e-13,4.489544904127234,1.9422940095416312,1.980316591591297,1.7600114286795487,2.0001143341650205,1.9359018437231434,1.993059996810164,1,1,4,4,7,19,10,10,13,13,16,16,19,19,19,2,2,1,2,2,2,4
280.0,2.8e-13,4.499547525752191,1.94225244830546,1.9748784360586762,1.7621892777186487,1.9991435832595632,1.9367170556008904,1.993483067926156,1,1,4,4,7,19,10,10,13,13,16,16,19,19,19,2,2,1,2,2,2,4
280.5,2.805e-13,4.509175994640087,1.9422096202377201,1.9695301495540256,1.7642596642393609,1.9978784407845411,1.9374425492538156,1.9939101172504723,1,1,4,4,7,19,10,10,13,13,16,16,19,19,19,2,2,1,2,2,2,4
281.0,2.81e-13,4.5183072458953815,1.942149302559363,1.9642614169040844,1.7662216830337922,1.9963222416343789,1.9380919247906245,1.9943221452750106,1,1,4,4,7,19,10,10,13,13,16,16,19,19,19,2,2,1,2,2,2,4
281.5,2.815e-13,4.526869928128485,1.9420655757836551,1.9590571147951177,1.7680691470368706,1.9945010799899565,1.9386852100358283,1.994708579472562,1,1,4,4,7,19,10,10,13,13,16,16,19,19,19,2,2,1,2,2,2,4
282.0,2.82e-13,4.534834471862986,1.9419633910857805,1.9538993997126446,1.769790323586365,1.992461412264363,1.939245595685234,1.995068576725276,1,1,4,4,7,19,10,10,13,13,16,16,19,19,19,2,2,1,2,2,2,4
282.5,2.825e-13,4.542201652926301,1.9418573199709086,1.9487699333702873,1.7713684422357037,1.990264336218885,1.939796484088403,1.9954107455339487,1,1,4,4,7,19,10,10,13,13,16,16,19,19,19,2,2,1,2,2,2,4
283.0,2.83e-13,4.548991431967347,1.9417688260776893,1.9436527683695286,1.772782861976143,1.987978336780466,1.9403590023806072,1.9957514195234392,1,1,4,4,7,19,10,10,13,13,16,16,19,19,19,2,2,1,2,2,2,4
283.5,2.835e-13,4.555233779485305,1.9417227025888244,1.9385379171614525,1.7740107313909443,1.9856723810644061,1.9409500366524213,1.9961119356957866,1,1,4,4,7,19,10,10,13,13,16,16,19,19,19,2,2,1,2,2,2,4
284.0,2.84e-13,4.560962700807279,1.9417434031733107,1.9334250682196394,1.7750289743066407,1.9834104695173789,1.9415807112735766,1.9965154953656796,1,1,4,4,7,19,10,10,13,13,16,16,19,19,19,2,2,1,2,2,2,4
284.5,2.845e-13,4.566213924530694,1.9418518058462277,1.92832643184562,1.7758163590598517,1.9812478455639475,1.9422552533178459,1.9969841018299985,1,1,4,4,7,19,10,10,13,13,16,16,19,19,19,2,2,1,2,2,2,4
285.0,2.85e-13,4.571026087930457,1.9420626919964428,1.9232676528469923,1.776355337338957,1.9792284704232246,1.9429702589339857,1.9975358937573415,1,1,4,4,7,19,10,10,13,13,16,16,19,19,19,2,2,1,2,2,2,4
285.5,2.8550000000000005e-13,4.575444876466003,1.9423830219333993,1.918286190200285,1.776633332616825,1.9773832120789203,1.943714477638903,1.9981830435485162,1,1,4,4,7,19,10,10,13,13,16,16,19,19,19,2,2,1,2,2,2,4
286.0,2.8600000000000004e-13,4.579529308562373,1.9428110282459128,1.913427523946092,1.7766431168746728,1.9757284321810578,1.9444693323930393,1.9989303176766273,1,1,4,4,7,19,10,10,13,13,16,16,19,19,19,2,2,1,2,2,2,4
286.5,2.8650000000000004e-13,4.583359301579269,1.9433360462968035,1.9087401843112843,1.7763822829826466,1.9742649461242143,1.9452103794637037,1.9997742873592474,1,1,4,4,7,19,10,10,13,13,16,16,19,19,19,2,2,1,2,2,2,4
287.0,2.8700000000000004e-13,4.587043568024837,1.9439390143202622,1.9042706927060946,1.7758521883302305,1.9729775968357077,1.9459097840846664,2.000703243682512,1,1,4,4,7,19,10,10,13,13,16,16,19,19,19,2,2,1,2,2,2,4
287.5,2.8750000000000004e-13,4.590726126342638,1.9445937141237086,1.9000596228358666,1.7750561906262836,1.9718358695405496,1.9465398576955202,2.0016977458643987,1,1,4,4,7,19,10,10,13,13,16,16,19,19,19,2,2,1,2,2,2,4
288.0,2.8800000000000004e-13,4.59458775236261,1.945268634727676,1.8961387194114279,1.7739979905052798,1.970796131885647,1.9470771515496679,2.0027319423891634,1,1,4,4,7,19,10,10,13,13,16,16,19,19,19,2,2,1,2,2,2,4
288.5,2.8850000000000003e-13,4.598835157631634,1.945929552536608,1.8925291817468168,1.772680058525671,1.969806017619497,1.9475064487963152,2.0037756333499304,1,1,4,4,7,19,10,10,13,13,16,16,19,19,19,2,2,1,2,2,2,4
289.0,2.8900000000000003e-13,4.603669526113812,1.946542569671952,1.8892411926161035,1.7711022769228542,1.9688112493877783,1.947823579996853,2.004797062028832,1,1,4,4,7,19,10,10,13,13,16,16,19,19,19,2,2,1,2,2,2,4
289.5,2.8950000000000003e-13,4.609234722504363,1.9470773368595535,1.8862748462505496,1.7692613625108564,1.9677644160208336,1.9480364330961912,2.0057659585008882,1,1,4,4,7,19,10,10,13,13,16,16,19,19,19,2,2,1,2,2,2,4
290.0,2.9000000000000003e-13,4.615564793549303,1.9475100835859822,1.8836224791443148,1.7671517707104596,1.9666343144438683,1.9481639587613768,2.006656438122275,1,1,4,4,7,19,10,10,13,13,16,16,19,19,19,2,2,1,2,2,2,4
290.5,2.905e-13,4.622565129559478,1.94782641127834,1.881270480126371,1.764767711190559,1.9654130975293866,1.9482337277985808,2.0074498328966706,1,1,4,4,7,19,10,10,13,13,16,16,19,19,19,2,2,1,2,2,2,4
291.0,2.91e-13,4.630045657859766,1.9480235740362237,1.8791989339127741,1.7621041258421688,1.9641179555382562,1.948278656490157,2.008137533899923,1,1,4,4,7,19,10,10,13,13,16,16,19,19,19,2,2,1,2,2,2,4
291.5,2.915e-13,4.637782073252994,1.948111167873485,1.877381200121159,1.7591564544834253,1.9627866082936736,1.948333390807813,2.008722583265036,1,1,4,4,7,19,10,10,13,13,16,16,19,19,19,2,2,1,2,2,2,4
292.0,2.92e-13,4.645565800009669,1.9481097596096233,1.8757857048380455,1.7559208468448444,1.9614690041088116,1.9484310168720638,2.0092190517630466,1,1,4,4,7,19,10,10,13,13,16,16,19,19,19,2,2,1,2,2,2,4
292.5,2.925e-13,4.653227411702498,1.9480479829302397,1.874379484931782,1.7523953516893396,1.9602181822768812,1.9486005092886418,2.0096496104415653,1,1,4,4,7,19,10,10,13,13,16,16,19,19,19,2,2,1,2,2,2,4
293.0,2.93e-13,4.660640033818911,1.9479589429523774,1.8731324980271689,1.7485816130629428,1.9590825145185131,1.9488649423540871,2.010042202315489,1,1,4,4,7,19,10,10,13,13,16,16,19,19,19,2,2,1,2,2,2,4
293.5,2.935e-13,4.667713626595596,1.947876643275743,1.8720218193726315,1.7444866388244162,1.9581003754718407,1.9492402864007878,2.0104265711476463,1,1,4,4,7,19,10,10,13,13,16,16,19,19,19,2,2,1,2,2,2,4
294.0,2.94e-13,4.674387064357745,1.9478329183912442,1.8710348485751074,1.7401244700832277,1.9572971940618453,1.9497345614542898,2.010831123512643,1,1,4,4,7,19,10,10,13,13,16,16,19,19,19,2,2,1,2,2,2,4
294.5,2.945e-13,4.680621003763231,1.9478550358694602,1.8701707316017744,1.7355177051793256,1.956684151427462,1.9503471925340135,2.0112802864887525,1,1,4,4,7,19,10,10,13,13,16,16,19,19,19,2,2,1,2,2,2,4
295.0,2.95e-13,4.686393012155996,1.947963849867643,1.8694395167684459,1.7306983656872943,1.9562576320728229,1.9510686119014493,2.0117923649967833,1,1,4,4,7,19,10,10,13,13,16,16,19,19,19,2,2,1,2,2,2,4
295.5,2.955e-13,4.691695942582546,1.9481724228508546,1.8688591331926703,1.7257069559621048,1.9559988507427448,1.9518805072237035,2.012377935513515,1,1,4,4,7,19,10,10,13,13,16,16,19,19,19,2,2,1,2,2,2,4
296.0,2.96e-13,4.696539044999493,1.9484852046419698,1.868451036563596,1.7205891346059297,1.955873774585457,1.9527572611083006,2.013038914293428,1,1,4,4,7,19,10,10,13,13,16,16,19,19,19,2,2,1,2,2,2,4
296.5,2.965e-13,4.700949912372815,1.9488979225761593,1.8682357720094807,1.7153911418406935,1.955833819504587,1.9536687771431605,2.0137683722264077,1,1,4,4,7,19,10,10,13,13,16,16,19,19,19,2,2,1,2,2,2,4
297.0,2.9700000000000005e-13,4.704976057805748,1.949398257561625,1.8682294038630833,1.7101557364960176,1.9558177536488335,1.9545844061913087,2.014551080989304,1,1,4,4,7,19,10,10,13,13,16,16,19,19,19,2,2,1,2,2,2,4
297.5,2.9750000000000005e-13,4.708686360596959,1.9499672975383748,1.8684411417735367,1.7049195459650888,1.9557551638616733,1.9554773525613258,2.0153647941113664,1,1,4,4,7,19,10,10,13,13,16,16,19,19,19,2,2,1,2,2,2,4
298.0,2.9800000000000004e-13,4.712172851622989,1.950581777257128,1.8688720670068135,1.6997118002641638,1.9555718092944288,1.9563287293333758,2.0161823114347004,1,1,4,4,7,19,10,10,13,13,16,16,19,19,19,2,2,1,2,2,2,4
298.5,2.9850000000000004e-13,4.715552346238597,1.9512170178008774,1.869514648600057,1.6945540973980133,1.9551968996806894,1.9571303394537194,2.0169743400788374,1,1,4,4,7,19,10,10,13,13,16,16,19,19,19,2,2,1,2,2,2,4
299.0,2.9900000000000004e-13,4.718965274475199,1.9518503859938654,1.8703528387410366,1.6894608552174606,1.954571565309047,1.9578855251516025,2.0177129941411445,1,1,4,4,7,19,10,10,13,13,16,16,19,19,19,2,2,1,2,2,2,4
299.5,2.9950000000000004e-13,4.7225668382585075,1.9524648462339518,1.871362575060763,1.6844403437116595,1.953656796011704,1.9586080009649418,2.0183754920470425,1,1,4,4,7,19,10,10,13,13,16,16,19,19,19,2,2,1,2,2,2,4
300.0,3.0000000000000003e-13,4.726505458269822,1.9530519155298547,1.8725125800461413,1.6794964101928174,1.9524386245818761,1.9593191362565345,2.018947368257058,1,1,4,4,7,19,10,10,13,13,16,16,19,19,19,2,2,1,2,2,2,4
300.5,3.0050000000000003e-13,4.7308892837068335,1.9536134024167795,1.873765454309519,1.6746311672218543,1.9509289591544232,1.9600445523169863,2.0194244919082442,1,1,4,4,7,19,10,10,13,13,16,16,19,19,19,2,2,1,2,2,2,4
301.0,3.0100000000000003e-13,4.735753729184024,1.9541614563616385,1.8750792029718173,1.6698484828773001,1.9491620402263674,1.9608107740677734,2.019813453827568,1,1,4,4,7,19,10,10,13,13,16,16,19,19,19,2,2,1,2,2,2,4
301.5,3.0150000000000003e-13,4.741050358080249,1.9547169185413087,1.8764096290795225,1.665157258661726,1.9471877866134037,1.961642453282822,2.0201303277132756,1,1,4,4,7,19,10,10,13,13,16,16,19,19,19,2,2,1,2,2,2,4
302.0,3.0200000000000003e-13,4.746666549345513,1.9553063990300703,1.8777139274013923,1.660573433951264,1.9450637740038799,1.962560383916173,2.0203981571389664,1,1,4,4,7,19,10,10,13,13,16,16,19,19,19,2,2,1,2,2,2,4
302.5,3.025e-13,4.752463254741569,1.955958701471487,1.8789550674142845,1.656120752942916,1.942847694695128,1.9635802296227027,2.0206436881170022,1,1,4,4,7,19,10,10,13,13,16,16,19,19,19,2,2,1,2,2,2,4
303.0,3.03e-13,4.758309261618749,1.9567012644689443,1.8801059538010396,1.6518306990618323,1.9405916360830362,1.9647117277395407,2.0208939698490833,1,1,4,4,7,19,10,10,13,13,16,16,19,19,19,2,2,1,2,2,2,4
303.5,3.035e-13,4.764100358743173,1.957557143862056,1.8811523185734518,1.6477415859531415,1.9383384897854627,1.965958196006352,2.0211733450867095,1,1,4,4,7,19,10,10,13,13,16,16,19,19,19,2,2,1,2,2,2,4
304.0,3.04e-13,4.769764396727629,1.958542786767519,1.8820935964574268,1.6438967951959416,1.9361200715205495,1.9673162461887175,2.021501101746456,1,1,4,4,7,19,10,10,13,13,16,16,19,19,19,2,2,1,2,2,2,4
304.5,3.045e-13,4.775258235546725,1.959666531854016,1.8829414913914357,1.640342614797839,1.9339563775498665,1.9687756952997622,2.0218897740063815,1,1,4,4,7,19,10,10,13,13,16,16,19,19,19,2,2,1,2,2,2,4
305.0,3.05e-13,4.780561515276213,1.9609275524161054,1.8837167926686365,1.6371259560237656,1.9318555556022332,1.9703197430692172,2.0223439153999307,1,1,4,4,7,19,10,10,13,13,16,16,19,19,19,2,2,1,2,2,2,4
305.5,3.055e-13,4.7856703519022235,1.9623151052825893,1.884445220728369,1.634292300540124,1.9298142862223058,1.971925596760149,2.02285933290016,1,1,4,4,7,19,10,10,13,13,16,16,19,19,19,2,2,1,2,2,2,4
306.0,3.06e-13,4.790592700734092,1.9638082135254744,1.885153379247525,1.6318832209778786,1.9278182904629109,1.9735660670378898,2.0234227032910463,1,1,4,4,7,19,10,10,13,13,16,16,19,19,19,2,2,1,2,2,2,4
306.5,3.065e-13,4.795346414637634,1.9653762720126695,1.8858654172897409,1.6299333433673318,1.9258431575150106,1.9752125497217001,2.0240119053950996,1,1,4,4,7,19,10,10,13,13,16,16,19,19,19,2,2,1,2,2,2,4
307.0,3.07e-13,4.799959781304353,1.9669809251716786,1.886600660602619,1.6284673213941376,1.9238563042942285,1.9768391599026764,2.0245973436148597,1,1,4,4,7,19,10,10,13,13,16,16,19,19,19,2,2,1,2,2,2,4
307.5,3.075e-13,4.804473644438736,1.968579114049201,1.8873721467618885,1.6274978010326488,1.9218211432750618,1.9784269622127115,2.0251443440156027,1,1,4,4,7,19,10,10,13,13,16,16,19,19,19,2,2,1,2,2,2,4
308.0,3.08e-13,4.808944547563835,1.9701269010244948,1.8881858789687647,1.6270248891307255,1.91970391253677,1.9799670108909235,2.0256164882661176,1,1,4,4,7,19,10,10,13,13,16,16,19,19,19,2,2,1,2,2,2,4
308.5,3.0850000000000005e-13,4.813448786722933,1.9715836128939437,1.8890406197590062,1.627037060286693,1.91748230257946,1.9814613877326428,2.025979569547814,1,1,4,4,7,19,10,10,13,13,16,16,19,19,19,2,2,1,2,2,2,4
309.0,3.0900000000000005e-13,4.818086829255045,1.9729157572108016,1.8899281234819414,1.6275132212087022,1.9151536527903301,1.9829222136309632,2.0262056279781495,1,1,4,4,7,19,10,10,13,13,16,16,19,19,19,2,2,1,2,2,2,4
309.5,3.0950000000000004e-13,4.822985959267368,1.974100100986329,1.8908337890561355,1.6284256851850123,1.9127398850713462,1.984369260298951,2.026276334061156,1,1,4,4,7,19,10,10,13,13,16,16,19,19,19,2,2,1,2,2,2,4
310.0,3.1000000000000004e-13,4.828296431203658,1.9751253064429077,1.891737804715865,1.629743767784006,1.9102872188575992,1.9858270094764208,2.0261849800850658,1,1,4,4,7,19,10,10,13,13,16,16,19,19,19,2,2,1,2,2,2,4
310.5,3.1050000000000004e-13,4.834174792987761,1.9759917669277676,1.8926168580826117,1.6314375418462528,1.9078608014554623,1.9873217867603312,2.0259366593955828,1,1,4,4,7,19,10,10,13,13,16,16,19,19,19,2,2,1,2,2,2,4
311.0,3.1100000000000004e-13,4.840751326736526,1.9767097347828992,1.893446520947131,1.6334810251666887,1.9055363851355909,1.9888792304842189,2.02554674230657,1,1,4,4,7,19,10,10,13,13,16,16,19,19,19,2,2,1,2,2,2,4
311.5,3.1150000000000004e-13,4.84809019822095,1.9772962949399695,1.8942043297141231,1.6358540404718431,1.903391614803991,1.9905220619900426,2.025038211846006,1,1,4,4,7,19,10,10,13,13,16,16,19,19,19,2,2,1,2,2,2,4
312.0,3.1200000000000003e-13,4.856163787455416,1.9777719867558492,1.894873476679535,1.6385425754483693,1.9014983587018806,1.9922682693769906,2.024438469177191,1,1,4,4,7,19,10,10,13,13,16,16,19,19,19,2,2,1,2,2,2,4
312.5,3.1250000000000003e-13,4.864859091701607,1.978157687376568,1.8954465584025542,1.6415382164317363,1.8999165165747098,1.9941299825323398,2.0237759997665608,1,1,4,4,7,19,10,10,13,13,16,16,19,19,19,2,2,1,2,2,2,4
313.0,3.1300000000000003e-13,4.874010743562421,1.978471984098436,1.8959282254856167,1.6448369673727348,1.898689807117957,1.9961129744595338,2.0230772718322285,1,1,4,4,7,19,10,10,13,13,16,16,19,19,19,2,2,1,2,2,2,4
313.5,3.1350000000000003e-13,4.883438392104299,1.978729119208354,1.8963356876300768,1.6484373641373162,1.897843705772411,1.9982164758312257,2.0223642427640893,1,1,4,4,7,19,10,10,13,13,16,16,19,19,19,2,2,1,2,2,2,4
314.0,3.14e-13,4.892972261037524,1.9789375500114472,1.896696842810819,1.652338129695358,1.8973849576038473,2.000433225777005,2.0216526345995,1,1,4,4,7,19,10,10,13,13,16,16,19,19,19,2,2,1,2,2,2,4
314.5,3.145e-13,4.902464927452631,1.9790991143059578,1.8970466601464364,1.6565358448779541,1.8973019363302839,2.002749945200467,2.020950908328037,1,1,4,4,7,19,10,10,13,13,16,16,19,19,19,2,2,1,2,2,2,4
315.0,3.15e-13,4.911794644967329,1.9792087187047618,1.8974228609545172,1.6610229522211624,1.8975654820724883,2.005148445662192,2.02025981616601,1,1,4,4,7,19,10,10,13,13,16,16,19,19,19,2,2,1,2,2,2,4
315.5,3.155e-13,4.920865461531675,1.979254518265522,1.8978618589697347,1.66578616558744,1.8981302584951907,2.0076074517537896,2.0195724869465406,1,1,4,4,7,19,10,10,13,13,16,16,19,19,19,2,2,1,2,2,2,4
316.0,3.16e-13,4.929606893510317,1.9792186396418436,1.8983955505161694,1.6708051914251303,1.8989369866174313,2.0101050308155166,2.018875077054681,1,1,4,4,7,19,10,10,13,13,16,16,19,19,19,2,2,1,2,2,2,4
316.5,3.165e-13,4.937973943655869,1.9790785817159897,1.8990490950897847,1.6760516948444093,1.8999161110505722,2.0126212801132515,2.018148089693661,1,1,4,4,7,19,10,10,13,13,16,16,19,19,19,2,2,1,2,2,2,4
317.0,3.17e-13,4.945947428558525,1.9788094601647224,1.8998395631170768,1.681488655423989,1.9009934307091545,2.01514075168226,2.0173684864048855,1,1,4,4,7,19,10,10,13,13,16,16,19,19,19,2,2,1,2,2,2,4
317.5,3.175e-13,4.953534630674128,1.9783871549113552,1.9007752626612442,1.6870705671942339,1.9020977561244423,2.017654095070804,2.0165126042006984,1,1,4,4,7,19,10,10,13,13,16,16,19,19,19,2,2,1,2,2,2,4
318.0,3.18e-13,4.960770511715139,1.9777921410262806,1.9018556531462831,1.692745058154831,1.9031696815010495,2.0201586455294063,2.01555964339429,1,1,4,4,7,19,10,10,13,13,16,16,19,19,19,2,2,1,2,2,2,4
318.5,3.185e-13,4.967719654187163,1.9770133904298604,1.9030719155532967,1.6984560760818146,1.904169415390019,2.022657993462382,2.0144951873213652,1,1,4,4,7,19,10,10,13,13,16,16,19,19,19,2,2,1,2,2,2,4
319.0,3.19e-13,4.974478556266473,1.97605147937054,1.9044081740782828,1.70414819290025,1.905081121698681,2.025160788437857,2.0133140146035737,1,1,4,4,7,19,10,10,13,13,16,16,19,19,19,2,2,1,2,2,2,4
319.5,3.195e-13,4.981176809924419,1.9749200674888487,1.9058432790902196,1.7097711129496553,1.9059122203117251,2.0276791627810042,2.0120215040836213,1,1,4,4,7,19,10,10,13,13,16,16,19,19,19,2,2,1,2,2,2,4
320.0,3.2000000000000005e-13,4.987973642042868,1.973645341018372,1.907353119504416,1.7152833298599937,1.9066881105114757,2.0302270953401123,2.0106333220776067,1,1,4,4,7,19,10,10,13,13,16,16,19,19,19,2,2,1,2,2,2,4
320.5,3.2050000000000005e-13,4.9950438755239395,1.9722635666491217,1.9089132953422003,1.7206542027079041,1.9074444345597839,2.032818835982054,2.00917357909587,1,1,4,4,7,19,10,10,13,13,16,16,19,19,19,2,2,1,2,2,2,4
321.0,3.2100000000000005e-13,5.002547297220136,1.9708175192261181,1.9105018891895285,1.7258637272979334,1.908219249689266,2.0354671633132804,2.007672140019731,1,1,4,4,7,19,10,10,13,13,16,16,19,19,19,2,2,1,2,2,2,4
321.5,3.2150000000000004e-13,5.010583776042095,1.969352771764864,1.912101905985258,1.7308996594188601,1.9090466244755673,2.038181106923863,2.0061619223729807,1,1,4,4,7,19,10,10,13,13,16,16,19,19,19,2,2,1,2,2,2,4
322.0,3.2200000000000004e-13,5.01915361404023,1.9679142374714256,1.913703232897321,1.7357534843307438,1.9099521874564747,2.0409635187060617,2.004676404756007,1,1,4,4,7,19,10,10,13,13,16,16,19,19,19,2,2,1,2,2,2,4
322.5,3.2250000000000004e-13,5.0281514434507075,1.9665424898293322,1.9153043813814548,1.7404183714881858,1.9109507428454655,2.0438100183119516,2.003246751984195,1,1,4,4,7,19,10,10,13,13,16,16,19,19,19,2,2,1,2,2,2,4
323.0,3.2300000000000004e-13,5.03740005085951,1.965270071174304,1.9169134607522815,1.7448892999446646,1.9120456401340586,2.046709702634447,2.0018986982232208,1,1,4,4,7,19,10,10,13,13,16,16,19,19,19,2,2,1,2,2,2,4
323.5,3.2350000000000004e-13,5.046699141393514,1.964118888593694,1.9185472996255195,1.7491627761918243,1.9132290405014596,2.0496462661519317,2.000650247885022,1,1,4,4,7,19,10,10,13,13,16,16,19,19,19,2,2,1,2,2,2,4
324.0,3.2400000000000003e-13,5.055862539834677,1.9630990132288872,1.9202287873251958,1.7532354313026741,1.9144824565795524,2.052598942854628,1.999510540120927,1,1,4,4,7,19,10,10,13,13,16,16,19,19,19,2,2,1,2,2,2,4
324.5,3.2450000000000003e-13,5.064736302696622,1.9622085488509333,1.9219834164255694,1.7571023749266994,1.915777437181399,2.0555436532829177,1.998479562503193,1,1,4,4,7,19,10,10,13,13,16,16,19,19,19,2,2,1,2,2,2,4
325.0,3.2500000000000003e-13,5.0732030032209945,1.9614342617324003,1.9238360511033676,1.7607558741378952,1.9170766684069216,2.0584547416709444,1.9975484519648066,1,1,4,4,7,19,10,10,13,13,16,16,19,19,19,2,2,1,2,2,2,4
325.5,3.2550000000000003e-13,5.081179840591665,1.9607529521929783,1.9258084176598493,1.764184546332304,1.918335882089808,2.061307263941062,1.9967003422381762,1,1,4,4,7,19,10,10,13,13,16,16,19,19,19,2,2,1,2,2,2,4
326.0,3.26e-13,5.088615072637521,1.9601336491613568,1.9279174586263244,1.767373021007347,1.9195070625839736,2.064079460780603,1.9959118116545622,1,1,4,4,7,19,10,10,13,13,16,16,19,19,19,2,2,1,2,2,2,4
326.5,3.265e-13,5.095484413253372,1.9595407102564935,1.9301743791744141,1.7703020316323392,1.9205433321932284,2.066754811112829,1.9951550224196006,1,1,4,4,7,19,10,10,13,13,16,16,19,19,19,2,2,1,2,2,2,4
327.0,3.27e-13,5.1017876592133895,1.958937809985256,1.932584112705771,1.772948997369234,1.9214054368286775,2.069323096560631,1.9944005867281445,1,1,4,4,7,19,10,10,13,13,16,16,19,19,19,2,2,1,2,2,2,4
327.5,3.275e-13,5.1075456771730074,1.9582924964511885,1.9351450525322058,1.7752892416146455,1.9220690249449,2.0717803204014094,1.993620970562799,1,1,4,4,7,19,10,10,13,13,16,16,19,19,19,2,2,1,2,2,2,4
328.0,3.28e-13,5.112798262360403,1.9575806392689632,1.9378491448585637,1.7772980298679968,1.92253102011822,2.0741277892032497,1.992794002236376,1,1,4,4,7,19,10,10,13,13,16,16,19,19,19,2,2,1,2,2,2,4
328.5,3.285e-13,5.117603480247896,1.956789846622057,1.9406826903472547,1.7789533110584101,1.9228129638085643,2.0763709363469207,1.99190581706168,1,1,4,4,7,19,10,10,13,13,16,16,19,19,19,2,2,1,2,2,2,4
329.0,3.29e-13,5.122038659757899,1.9559209184986093,1.9436279473779658,1.7802385299649353,1.9229598162808645,2.078518224299373,1.9909525130276673,1,1,4,4,7,19,10,10,13,13,16,16,19,19,19,2,2,1,2,2,2,4
329.5,3.295e-13,5.12620264002756,1.9549869100762365,1.9466654162305264,1.781144610751998,1.923034437927852,2.0805801744068924,1.9899401064760773,1,1,4,4,7,19,10,10,13,13,16,16,19,19,19,2,2,1,2,2,2,4
330.0,3.3e-13,5.130218677237544,1.9540101218085109,1.9497765179143458,1.7816705727648086,1.9231095387033168,2.082568414041768,1.988882896382964,1,1,4,4,7,19,10,10,13,13,16,16,19,19,19,2,2,1,2,2,2,4
330.5,3.305e-13,5.134235797660286,1.9530178383784123,1.9529465132573813,1.781822710408025,1.9232594534432195,2.0844947433289214,1.987800705057793,1,1,4,4,7,19,10,10,13,13,16,16,19,19,19,2,2,1,2,2,2,4
331.0,3.31e-13,5.138423805272178,1.952037852689491,1.95616737251337,1.7816126309516789,1.923553455342483,2.086370180951695,1.986715697068333,1,1,4,4,7,19,10,10,13,13,16,16,19,19,19,2,2,1,2,2,2,4
331.5,3.315e-13,5.142955036330747,1.951094735733073,1.9594397041931768,1.7810547228949676,1.9240512042722773,2.0882037225806047,1.9856495580397748,1,1,4,4,7,19,10,10,13,13,16,16,19,19,19,2,2,1,2,2,2,4
332.0,3.3200000000000005e-13,5.14796873489989,1.9502075783031525,1.9627719082821975,1.7801641039622746,1.9247997018879153,2.090000162160161,1.984621797141967,1,1,4,4,7,19,10,10,13,13,16,16,19,19,19,2,2,1,2,2,2,4
332.5,3.3250000000000005e-13,5.153527045894975,1.9493890845707165,1.9661758226957748,1.7789563530552095,1.9258302626734156,2.0917571016503236,1.983649157632556,1,1,4,4,7,19,10,10,13,13,16,16,19,19,19,2,2,1,2,2,2,4
333.0,3.3300000000000005e-13,5.159591433220008,1.9486443584815818,1.9696635996220786,1.7774478940809841,1.927155664265209,2.0934640537834444,1.9827443780400904,1,1,4,4,7,19,10,10,13,13,16,16,19,19,19,2,2,1,2,2,2,4
333.5,3.3350000000000004e-13,5.166041342069754,1.947969135800726,1.9732487796912945,1.7756544508003345,1.9287695404272636,2.0951049773670998,1.9819138288804097,1,1,4,4,7,19,10,10,13,13,16,16,19,19,19,2,2,1,2,2,2,4
334.0,3.3400000000000004e-13,5.172717287274876,1.9473491838756467,1.9769467663357543,1.773588575222992,1.9306476830760515,2.0966612316459132,1.981156060263742,1,1,4,4,7,19,10,10,13,13,16,16,19,19,19,2,2,1,2,2,2,4
334.5,3.3450000000000004e-13,5.179458832675052,1.9467611946311192,1.9807727521084408,1.7712582512178323,1.9327498488192607,2.098113699824528,1.9804618116732389,1,1,4,4,7,19,10,10,13,13,16,16,19,19,19,2,2,1,2,2,2,4
335.0,3.3500000000000004e-13,5.186125242111015,1.9461745950981708,1.9847389847674317,1.7686666731766865,1.9350223062929783,2.099444771964416,1.9798148733512089,1,1,4,4,7,19,10,10,13,13,16,16,19,19,19,2,2,1,2,2,2,4
335.5,3.3550000000000003e-13,5.192601543246406,1.9455540440786425,1.9888526564852054,1.7658128047901958,1.9374019991836813,2.1006403608919273,1.979193524277734,1,1,4,4,7,19,10,10,13,13,16,16,19,19,19,2,2,1,2,2,2,4
336.0,3.3600000000000003e-13,5.198797205703352,1.9448626428307103,1.9931145891118005,1.762692613310583,1.9398228426427186,2.101691551080691,1.9785725528112288,1,1,4,4,7,19,10,10,13,13,16,16,19,19,19,2,2,1,2,2,2,4
336.5,3.3650000000000003e-13,5.204642898433223,1.9440658184285955,1.9975184672326776,1.7593009772629553,1.942223912098109,2.102595390706557,1.9779259243593803,1,1,4,4,7,19,10,10,13,13,16,16,19,19,19,2,2,1,2,2,2,4
337.0,3.3700000000000003e-13,5.210088092646071,1.9431356437549059,2.002050336237067,1.7556343254920657,1.9445582172514282,2.103354654667914,1.977230017530108,1,1,4,4,7,19,10,10,13,13,16,16,19,19,19,2,2,1,2,2,2,4
337.5,3.3750000000000003e-13,5.215100753666901,1.942054997678159,2.006688434704438,1.7516936171286683,1.9467998791869303,2.1039768094828353,1.9764670791149113,1,1,4,4,7,19,10,10,13,13,16,16,19,19,19,2,2,1,2,2,2,4
338.0,3.38e-13,5.219669416853378,1.940820679354495,2.0114037872303556,1.7474868982370582,1.9489474430382367,2.104472608749223,1.9756282567763979,1,1,4,4,7,19,10,10,13,13,16,16,19,19,19,2,2,1,2,2,2,4
338.5,3.385e-13,5.223807062584885,1.939444579702807,2.0161619715396695,1.7430305327686453,1.9510221224275357,2.1048546750519166,1.9747154627051193,1,1,4,4,7,19,10,10,13,13,16,16,19,19,19,2,2,1,2,2,2,4
339.0,3.39e-13,5.227555566066694,1.9379525010489582,2.0209258171145876,1.7383488499453634,1.9530614758381548,2.1051361854913178,1.973741545184129,1,1,4,4,7,19,10,10,13,13,16,16,19,19,19,2,2,1,2,2,2,4
339.5,3.395e-13,5.23098983792949,1.93638094920849,2.0256584779928914,1.7334725221222256,1.9551106657483923,2.1053296828643617,1.9727287411767778,1,1,4,4,7,19,10,10,13,13,16,16,19,19,19,2,2,1,2,2,2,4
340.0,3.4e-13,5.234221652929049,1.9347727230874499,2.030326448082091,1.728436242380281,1.9572138997347739,2.1054460209343913,1.9717058427668626,1,1,4,4,7,19,10,10,13,13,16,16,19,19,19,2,2,1,2,2,2,4
340.5,3.405e-13,5.237402761897749,1.9331722684381631,2.0349024115124927,1.7232759983129717,1.959407862549358,2.1054933441744064,1.9707048451705858,1,1,4,4,7,19,10,10,13,13,16,16,19,19,19,2,2,1,2,2,2,4
341.0,3.41e-13,5.240725101419076,1.9316214757536978,2.0393675597089453,1.718026473441025,1.9617176985387064,2.10547624180847,1.9697575677592383,1,1,4,4,7,19,10,10,13,13,16,16,19,19,19,2,2,1,2,2,2,4
341.5,3.415e-13,5.244411440396082,1.9301563695990678,2.043712985080284,1.7127187840135567,1.9641551681591594,2.1053950401513943,1.9688927842612367,1,1,4,4,7,19,10,10,13,13,16,16,19,19,19,2,2,1,2,2,2,4
342.0,3.42e-13,5.248686910751359,1.9288049217475405,2.047939354476534,1.7073792274591677,1.9667180222237732,2.1052453357908667,1.968134119565623,1,1,4,4,7,19,10,10,13,13,16,16,19,19,19,2,2,1,2,2,2,4
342.5,3.425e-13,5.253727361380263,1.927586116530458,2.052053906222675,1.702030254746443,1.9693892827285824,2.1050179394438997,1.9674988183759394,1,1,4,4,7,19,10,10,13,13,16,16,19,19,19,2,2,1,2,2,2,4
343.0,3.43e-13,5.25960052370266,1.9265099217359059,2.056065040865333,1.6966938533463898,1.97213573685681,2.104699500160009,1.9669970920797617,1,1,4,4,7,19,10,10,13,13,16,16,19,19,19,2,2,1,2,2,2,4
343.5,3.4350000000000005e-13,5.266237789349013,1.925577045251915,2.0599781245121696,1.6913932848354565,1.974907628760585,2.1042738836196397,1.966631364207416,1,1,4,4,7,19,10,10,13,13,16,16,19,19,19,2,2,1,2,2,2,4
344.0,3.4400000000000005e-13,5.273461449265155,1.9247783371426068,2.0637950198024426,1.6861502855777788,1.977641702566749,2.103723971768382,1.966395512684151,1,1,4,4,7,19,10,10,13,13,16,16,19,19,19,2,2,1,2,2,2,4
344.5,3.4450000000000005e-13,5.28104490368664,1.924095256228341,2.06751458010927,1.680981978459507,1.9802660145663895,2.1030336276766897,1.9662750033639282,1,1,4,4,7,19,10,10,13,13,16,16,19,19,19,2,2,1,2,2,2,4
345.0,3.4500000000000004e-13,5.288765560528397,1.9235019118651633,2.071132166267231,1.675900702431415,1.982705081074982,2.102189602913694,1.9662481099232874,1,1,4,4,7,19,10,10,13,13,16,16,19,19,19,2,2,1,2,2,2,4
345.5,3.4550000000000004e-13,5.2964329098250955,1.922968338935796,2.074638812819004,1.670916024951576,1.9848858470523085,2.1011829546502723,1.9662880121833162,1,1,4,4,7,19,10,10,13,13,16,16,19,19,19,2,2,1,2,2,2,4
346.0,3.4600000000000004e-13,5.303896451010276,1.9224646634747615,2.0780206972615263,1.6660377013506407,1.9867447650396786,2.100009647846129,1.9663656368723184,1,1,4,4,7,19,10,10,13,13,16,16,19,19,19,2,2,1,2,2,2,4
346.5,3.4650000000000004e-13,5.311043797755064,1.9219656692159601,2.0812588335149367,1.6612790890420766,1.9882351347720881,2.0986703110202387,1.9664530866110184,1,1,4,4,7,19,10,10,13,13,16,16,19,19,19,2,2,1,2,2,2,4
347.0,3.4700000000000004e-13,5.317796234112397,1.9214550817377773,2.084329055797817,1.6566602918626878,1.9893331247604442,2.0971694898326865,1.9665272989017226,1,1,4,4,7,19,10,10,13,13,16,16,19,19,19,2,2,1,2,2,2,4
347.5,3.4750000000000003e-13,5.324105536360945,1.920928688178935,2.0872025789647646,1.6522100481972215,1.9900407394112036,2.095514729447549,1.9665733160753651,1,1,4,4,7,19,10,10,13,13,16,16,19,19,19,2,2,1,2,2,2,4
348.0,3.4800000000000003e-13,5.329953227751479,1.9203954109844956,2.0898474986148172,1.6479654523788467,1.9903846955727917,2.0937155326164265,1.9665864534667077,1,1,4,4,7,19,10,10,13,13,16,16,19,19,19,2,2,1,2,2,2,4
348.5,3.4850000000000003e-13,5.335351435059062,1.9198759743770988,2.092231207420153,1.643969484733897,1.9904113684237792,2.09178218479902,1.9665727536204516,1,1,4,4,7,19,10,10,13,13,16,16,19,19,19,2,2,1,2,2,2,4
349.0,3.4900000000000003e-13,5.3403436785948895,1.9193995183611916,2.0943232310505575,1.640267378514532,1.9901792870679398,2.089724563286473,1.9665475564871073,1,1,4,4,7,19,10,10,13,13,16,16,19,19,19,2,2,1,2,2,2,4
349.5,3.4950000000000003e-13,5.3450048442229265,1.9189990551357203,2.0960980558148568,1.6369029160250756,1.9897512768853889,2.087551085207876,1.9665325699351672,1,1,4,4,7,19,10,10,13,13,16,16,19,19,19,2,2,1,2,2,2,4
350.0,3.5e-13,5.349440717591593,1.9187067906319255,2.097537744847678,1.6339152297342108,1.9891878685523714,2.085267825215556,1.96655222055589,1,1,4,4,7,19,10,10,13,13,16,16,19,19,19,2,2,1,2,2,2,4
350.5,3.505e-13,5.353787552559382,1.9185500911797984,2.0986340825314067,1.631336311301685,1.9885425863170547,2.0828777740617723,1.96663005769427,1,1,4,4,7,19,10,10,13,13,16,16,19,19,19,2,2,1,2,2,2,4
351.0,3.51e-13,5.358210904189251,1.9185484921206248,2.099389789911135,1.6291892697787855,1.9878589425193025,2.0803802264134648,1.9667857441159153,1,1,4,4,7,19,10,10,13,13,16,16,19,19,19,2,2,1,2,2,2,4
351.5,3.515e-13,5.362900515938649,1.9187118142940225,2.099818353230138,1.6274873341413199,1.987168653902772,2.0777703726549506,1.9670328615879251,1,1,4,4,7,19,10,10,13,13,16,16,19,19,19,2,2,1,2,2,2,4
352.0,3.52e-13,5.36805557626448,1.9190392561023148,2.0999423045749626,1.6262336101435955,1.9864906124223745,2.0750392803841757,1.9673775260220954,1,1,4,4,7,19,10,10,13,13,16,16,19,19,19,2,2,1,2,2,2,4
352.5,3.525e-13,5.373855572739559,1.9195192433636354,2.099790285604506,1.6254215903788798,1.9858303528654297,2.0721745885910994,1.9678176595778136,1,1,4,4,7,19,10,10,13,13,16,16,19,19,19,2,2,1,2,2,2,4
353.0,3.53e-13,5.38042063238168,1.9201298045293964,2.0993936427500026,1.6250363220586999,1.985180016132457,2.0691622699269083,1.9683427293650968,1,1,4,4,7,19,10,10,13,13,16,16,19,19,19,2,2,1,2,2,2,4
353.5,3.535e-13,5.38777929441526,1.9208394233708026,2.0987833441325643,1.6250559587698776,1.9845189974563355,2.065989354395365,1.9689338550552362,1,1,4,4,7,19,10,10,13,13,16,16,19,19,19,2,2,1,2,2,2,4
354.0,3.54e-13,5.395865391571799,1.9216086703108406,2.0979875377085806,1.6254536805923547,1.9838156935269258,2.0626466073277916,1.9695645228443737,1,1,4,4,7,19,10,10,13,13,16,16,19,19,19,2,2,1,2,2,2,4
354.5,3.545e-13,5.40454716871773,1.9223929299703155,2.0970296659082317,1.6262003407335905,1.9830309737542626,2.0591301994471185,1.9702021632658557,1,1,4,4,7,19,10,10,13,13,16,16,19,19,19,2,2,1,2,2,2,4
355.0,3.5500000000000005e-13,5.413668344059843,1.9231460947250296,2.0959271585433776,1.627267812348122,1.9821239019541204,2.0554423389815732,1.9708105846506716,1,1,4,4,7,19,10,10,13,13,16,16,19,19,19,2,2,1,2,2,2,4
355.5,3.5550000000000005e-13,5.4230794270621985,1.9238247754885764,2.094690817839675,1.6286322904540853,1.9810595169841694,2.0515911244674707,1.9713530912471253,1,1,4,4,7,19,10,10,13,13,16,16,19,19,19,2,2,1,2,2,2,4
356.0,3.5600000000000005e-13,5.432652491678454,1.9243924949135587,2.093324834360362,1.6302766614810638,1.9798173327717892,2.047589749011685,1.9717960681461904,1,1,4,4,7,19,10,10,13,13,16,16,19,19,19,2,2,1,2,2,2,4
356.5,3.5650000000000005e-13,5.442283688531929,1.924823265114545,2.0918273948388513,1.6321912323082584,1.9783983355964072,2.0434553577683885,1.9721126600579224,1,1,4,4,7,19,10,10,13,13,16,16,19,19,19,2,2,1,2,2,2,4
357.0,3.5700000000000004e-13,5.451890266642607,1.925103866101864,2.0901917537922814,1.6343726875171716,1.9768281714603526,2.039207915660982,1.972285937635241,1,1,4,4,7,19,10,10,13,13,16,16,19,19,19,2,2,1,2,2,2,4
357.5,3.5750000000000004e-13,5.4614070015268625,1.9252343745200653,2.088407713972068,1.6368215824569055,1.975155281202031,2.034869210282741,1.9723108759149888,1,1,4,4,7,19,10,10,13,13,16,16,19,19,19,2,2,1,2,2,2,4
358.0,3.5800000000000004e-13,5.4707846399812,1.925226855374963,2.08646348236112,1.6395390516252448,1.9734445286285172,2.0304618526734672,1.9721946329490585,1,1,4,4,7,19,10,10,13,13,16,16,19,19,19,2,2,1,2,2,2,4
358.5,3.5850000000000004e-13,5.479991071356955,1.9251025312037875,2.0843478589880036,1.6425235012788924,1.9717683268044133,2.026008112496065,1.9719550030275053,1,1,4,4,7,19,10,10,13,13,16,16,19,19,19,2,2,1,2,2,2,4
359.0,3.5900000000000004e-13,5.4890146272439555,1.924888067821976,2.0820527172359697,1.645767829822574,1.9701976631519549,2.0215285855071388,1.9716174196880367,1,1,4,4,7,19,10,10,13,13,16,16,19,19,19,2,2,1,2,2,2,4
359.5,3.5950000000000003e-13,5.497868478302008,1.924611709871776,2.0795755665432476,1.6492574609494655,1.9687947514476374,2.0170407833756583,1.9712112308103715,1,1,4,4,7,19,10,10,13,13,16,16,19,19,19,2,2,1,2,2,2,4
360.0,3.6000000000000003e-13,5.506595202481713,1.9242998327659804,2.0769217421580586,1.6529692888352894,1.9676079795735297,2.0125577738459057,1.9707659834758102,1,1,4,4,7,19,10,10,13,13,16,16,19,19,19,2,2,1,2,2,2,4
360.5,3.6050000000000003e-13,5.515270864686948,1.9239742557963584,2.0741056567283778,1.6568714679187782,1.9666690056654217,2.008087070531374,1.970308275429804,1,1,4,4,7,19,10,10,13,13,16,16,19,19,19,2,2,1,2,2,2,4
361.0,3.6100000000000003e-13,5.52400790415014,1.9236503720107356,2.071150541417815,1.660924055675533,1.9659914574989628,2.0036299766431642,1.9698594066885098,1,1,4,4,7,19,10,10,13,13,16,16,19,19,19,2,2,1,2,2,2,4
361.5,3.615e-13,5.5329551900761675,1.9233360477009815,2.068086624026083,1.6650803737009885,1.9655707143546175,1.9991816908583853,1.9694338391397956,1,1,4,4,7,19,10,10,13,13,16,16,19,19,19,2,2,1,2,2,2,4
362.0,3.62e-13,5.54229155584524,1.9230311806503522,2.064948128976771,1.6692890463890728,1.9653844283167683,1.9947324273296314,1.9690383602307904,1,1,4,4,7,19,10,10,13,13,16,16,19,19,19,2,2,1,2,2,2,4
362.5,3.625e-13,5.552206916821186,1.9227278632474158,2.0617698731121923,1.673496608914755,1.9653937052394816,1.990269695465707,1.9686718311185905,1,1,4,4,7,19,10,10,13,13,16,16,19,19,19,2,2,1,2,2,2,4
363.0,3.63e-13,5.5628668468674105,1.9224111671456767,2.0585842778838166,1.6776504626877613,1.9655451256189322,1.9857816667663297,1.9683254520836773,1,1,4,4,7,19,10,10,13,13,16,16,19,19,19,2,2,1,2,2,2,4
363.5,3.635e-13,5.574367077196719,1.9220606506873323,2.055419313635233,1.6817018878094738,1.9657739955883387,1.981261084305636,1.9679835587670123,1,1,4,4,7,19,10,10,13,13,16,16,19,19,19,2,2,1,2,2,2,4
364.0,3.64e-13,5.58669944884804,1.921652690112242,2.052297244338739,1.685609048520441,1.9660093251449653,1.9767084645816493,1.9676250330744671,1,1,4,4,7,19,10,10,13,13,16,16,19,19,19,2,2,1,2,2,2,4
364.5,3.645e-13,5.599751645641719,1.9211636533969312,2.0492336229864665,1.689339992545278,1.9661807359898156,1.9721331529345503,1.967225394742682,1,1,4,4,7,19,10,10,13,13,16,16,19,19,19,2,2,1,2,2,2,4
365.0,3.65e-13,5.613339976142635,1.920573657026991,2.0462366465044686,1.6928745833519134,1.966226757452916,1.9675520680196017,1.9667596617893932,1,1,4,4,7,19,10,10,13,13,16,16,19,19,19,2,2,1,2,2,2,4
365.5,3.655e-13,5.627252458454555,1.9198704530411461,2.0433070727940708,1.6962045907365473,1.966102763077302,1.9629870533222218,1.9662057598390301,1,1,4,4,7,19,10,10,13,13,16,16,19,19,19,2,2,1,2,2,2,4
366.0,3.66e-13,5.641281255728895,1.9190526964252697,2.0404388531032347,1.6993317208233119,1.9657864418426594,1.958461943471175,1.965548053409957,1,1,4,4,7,19,10,10,13,13,16,16,19,19,19,2,2,1,2,2,2,4
366.5,3.665e-13,5.655239040164388,1.9181318113124028,2.0376203008880855,1.7022642898906621,1.9652791492053752,1.9539999909279728,1.964780305073208,1,1,4,4,7,19,10,10,13,13,16,16,19,19,19,2,2,1,2,2,2,4
367.0,3.6700000000000005e-13,5.668964270576476,1.9171319232582926,2.034835635982435,1.7050134337333933,1.9646028313578308,1.9496219249862083,1.963907337533596,1,1,4,4,7,19,10,10,13,13,16,16,19,19,19,2,2,1,2,2,2,4
367.5,3.6750000000000005e-13,5.682321949185192,1.9160878389932776,2.0320669067021244,1.7075894992325167,1.9637937654095592,1.945344675002284,1.9629449529404615,1,1,4,4,7,19,10,10,13,13,16,16,19,19,19,2,2,1,2,2,2,4
368.0,3.6800000000000005e-13,5.695204105196844,1.9150415379091685,2.0292963080892785,1.7099990286991165,1.962895192088766,1.941180655519084,1.9619181321866745,1,1,4,4,7,19,10,10,13,13,16,16,19,19,19,2,2,1,2,2,2,4
368.5,3.6850000000000005e-13,5.70753161887794,1.9140379676192065,2.026508907007961,1.7122424870333115,1.9619506905081574,1.9371374939649695,1.9608580107361835,1,1,4,4,7,19,10,10,13,13,16,16,19,19,19,2,2,1,2,2,2,4
369.0,3.6900000000000004e-13,5.719257447942655,1.9131208546548175,2.023695581516579,1.714312788187122,1.9609992871555169,1.9332180350427886,1.9597983357964737,1,1,4,4,7,19,10,10,13,13,16,16,19,19,19,2,2,1,2,2,2,4
369.5,3.6950000000000004e-13,5.730370826191637,1.9123289836319752,2.020855633736735,1.7161947464685217,1.9600723446614237,1.9294203746591683,1.9587720016716312,1,1,4,4,7,19,10,10,13,13,16,16,19,19,19,2,2,1,2,2,2,4
370.0,3.7000000000000004e-13,5.740901836663568,1.9116931272595477,2.0179982812246755,1.7178656138290869,1.9591917592825037,1.9257377520448933,1.9578079978021994,1,1,4,4,7,19,10,10,13,13,16,16,19,19,19,2,2,1,2,2,2,4
370.5,3.7050000000000004e-13,5.750925234928715,1.9112337535937083,2.015142437351315,1.7192967078231889,1.9583689720689497,1.922158494821798,1.9569289576320605,1,1,4,4,7,19,10,10,13,13,16,16,19,19,19,2,2,1,2,2,2,4
371.0,3.7100000000000003e-13,5.760561842728247,1.9109596369567887,2.0123147913950588,1.7204559283716476,1.957604524409095,1.9186665818737565,1.9561494503633254,1,1,4,4,7,19,10,10,13,13,16,16,19,19,19,2,2,1,2,2,2,4
371.5,3.7150000000000003e-13,5.769975410750572,1.9108674284517753,2.009546755815886,1.7213108914896698,1.9568880877782435,1.9152433082409577,1.9554750601172624,1,1,4,4,7,19,10,10,13,13,16,16,19,19,19,2,2,1,2,2,2,4
372.0,3.7200000000000003e-13,5.77936164697683,1.9109421397021868,2.006871039344825,1.7218324288133477,1.9561990387718675,1.9118700709899568,1.9549021820116597,1,1,4,4,7,19,10,10,13,13,16,16,19,19,19,2,2,1,2,2,2,4
372.5,3.7250000000000003e-13,5.788924731675973,1.911158499645003,2.0043185637751155,1.7219980724147401,1.9555078328388193,1.9085318038012675,1.9544184499335424,1,1,4,4,7,19,10,10,13,13,16,16,19,19,19,2,2,1,2,2,2,4
373.0,3.7300000000000003e-13,5.798839334022247,1.9114831878621992,2.0019161827343015,1.721795032182303,1.9547785919153162,1.9052202623235839,1.954003765127101,1,1,4,4,7,19,10,10,13,13,16,16,19,19,19,2,2,1,2,2,2,4
373.5,3.735e-13,5.8092069487448015,1.91187797186322,1.9996852651868013,1.7212221605616302,1.9539733393004532,1.901936212943708,1.9536319458487728,1,1,4,4,7,19,10,10,13,13,16,16,19,19,19,2,2,1,2,2,2,4
374.0,3.74e-13,5.820028159131226,1.912303715089354,1.997640805419276,1.720290459542076,1.9530579914279798,1.8986896429510607,1.9532730405875263,1,1,4,4,7,19,10,10,13,13,16,16,19,19,19,2,2,1,2,2,2,4
374.5,3.745e-13,5.831209309133708,1.912724996934039,1.9957907827890744,1.7190217989077234,1.9520094544749353,1.8954977533837545,1.9528963179838845,1,1,4,4,7,19,10,10,13,13,16,16,19,19,19,2,2,1,2,2,2,4
375.0,3.75e-13,5.842598676425577,1.913114615024476,1.9941359588364398,1.7174460005365988,1.9508223132331701,1.892381666114098,1.9524737497902962,1,1,4,4,7,19,10,10,13,13,16,16,19,19,19,2,2,1,2,2,2,4
375.5,3.755e-13,5.854028744278639,1.9134569441907006,1.9926703626939513,1.715597067497108,1.9495131560191565,1.889363184390863,1.9519835242176464,1,1,4,4,7,19,10,10,13,13,16,16,19,19,19,2,2,1,2,2,2,4
376.0,3.76e-13,5.865345725308729,1.9137493241293797,1.9913824185937397,1.7135094347752886,1.948120950542557,1.8864623520141715,1.9514129048095172,1,1,4,4,7,19,10,10,13,13,16,16,19,19,19,2,2,1,2,2,2,4
376.5,3.765e-13,5.876422601153678,1.9140011661920382,1.9902565378647217,1.711214826072264,1.946703170872237,1.8836959217935378,1.9507597416819955,1,1,4,4,7,19,10,10,13,13,16,16,19,19,19,2,2,1,2,2,2,4
377.0,3.77e-13,5.887161116195415,1.9142311170944624,1.989275051529408,1.7087399577746376,1.9453288520595726,1.8810765234781992,1.950032247364026,1,1,4,4,7,19,10,10,13,13,16,16,19,19,19,2,2,1,2,2,2,4
377.5,3.775e-13,5.897489169908867,1.9144630589931055,1.9884204168213235,1.7061051020160405,1.9440705741436475,1.878612272672068,1.9492471186631533,1,1,4,4,7,19,10,10,13,13,16,16,19,19,19,2,2,1,2,2,2,4
378.0,3.78e-13,5.9073577749760435,1.9147218463185163,1.987677560215976,1.7033234961793258,1.9429971931305892,1.8763066303333302,1.9484265223824724,1,1,4,4,7,19,10,10,13,13,16,16,19,19,19,2,2,1,2,2,2,4
378.5,3.7850000000000005e-13,5.916739449536608,1.915029498642433,1.9870361024648664,1.700401579259275,1.942168289528133,1.8741584181229285,1.9475946644828672,1,1,4,4,7,19,10,10,13,13,16,16,19,19,19,2,2,1,2,2,2,4
379.0,3.7900000000000005e-13,5.925628552768748,1.9154022497379655,1.986492087766564,1.6973400286284237,1.9416304452703814,1.872161996452946,1.9467745913960273,1,1,4,4,7,19,10,10,13,13,16,16,19,19,19,2,2,1,2,2,2,4
379.5,3.7950000000000005e-13,5.934043402824351,1.9158485504079241,1.9860487398921354,1.6941355828860107,1.941414972349022,1.8703076857572791,1.9459856125980952,1,1,4,4,7,19,10,10,13,13,16,16,19,19,19,2,2,1,2,2,2,4
380.0,3.8000000000000005e-13,5.942029684799117,1.9163679529666162,1.9857158865530828,1.6907835533996418,1.9415366091745805,1.868582557066075,1.9452414542680367,1,1,4,4,7,19,10,10,13,13,16,16,19,19,19,2,2,1,2,2,2,4
380.5,3.8050000000000004e-13,5.949664430657747,1.9169507769674918,1.9855080286949984,1.6872807994456396,1.941992898276751,1.8669717272318669,1.9445490968215677,1,1,4,4,7,19,10,10,13,13,16,16,19,19,19,2,2,1,2,2,2,4
381.0,3.8100000000000004e-13,5.957059580602717,1.9175784813715278,1.9854414401680829,1.6836288019734709,1.9427642419817759,1.865460209554431,1.9439082132764236,1,1,4,4,7,19,10,10,13,13,16,16,19,19,19,2,2,1,2,2,2,4
381.5,3.8150000000000004e-13,5.96436371734308,1.9182247111934958,1.9855309163656796,1.6798363999519603,1.9438148444276246,1.8640351289881745,1.9433111417216782,1,1,4,4,7,19,10,10,13,13,16,16,19,19,19,2,2,1,2,2,2,4
382.0,3.8200000000000004e-13,5.971759612138469,1.9188570332196369,1.985786829960816,1.675921634244726,1.9450948913051505,1.862687844054578,1.942743362913569,1,1,4,4,7,19,10,10,13,13,16,16,19,19,19,2,2,1,2,2,2,4
382.5,3.8250000000000004e-13,5.979453852607168,1.919439371571859,1.9862129352931672,1.6719122863178952,1.946544352782945,1.861415354673714,1.9421845101202138,1,1,4,4,7,19,10,10,13,13,16,16,19,19,19,2,2,1,2,2,2,4
383.0,3.8300000000000003e-13,5.987654590031832,1.9199351115778938,1.986805042116273,1.667845164819436,1.9480985881784862,1.860220559307643,1.941609966644571,1,1,4,4,7,19,10,10,13,13,16,16,19,19,19,2,2,1,2,2,2,4
383.5,3.8350000000000003e-13,5.996537152937695,1.9203107489799782,1.9875505247743988,1.6637644623529533,1.9496955005819443,1.8591113854459653,1.940993102203314,1,1,4,4,7,19,10,10,13,13,16,16,19,19,19,2,2,1,2,2,2,4
384.0,3.8400000000000003e-13,6.006207240807955,1.9205397760968865,1.9884284706497815,1.6597195892313072,1.9512832740519472,1.8580990825503967,1.9403081443578671,1,1,4,4,7,19,10,10,13,13,16,16,19,19,19,2,2,1,2,2,2,4
384.5,3.8450000000000003e-13,6.016680105372865,1.9206063151974029,1.9894105273549365,1.6557622806609493,1.9528272453437785,1.8571961294073427,1.9395334147900642,1,1,4,4,7,19,10,10,13,13,16,16,19,19,19,2,2,1,2,2,2,4
385.0,3.8500000000000003e-13,6.027888581281244,1.920507711085878,1.9904625499504276,1.6519429346749561,1.9543140450616832,1.8564141934205327,1.9386544125737304,1,1,4,4,7,19,10,10,13,13,16,16,19,19,19,2,2,1,2,2,2,4
385.5,3.855e-13,6.039713048890617,1.9202552932566457,1.991546878933814,1.6483070987474493,1.9557514079855642,1.8557626314137823,1.9376661061044504,1,1,4,4,7,19,10,10,13,13,16,16,19,19,19,2,2,1,2,2,2,4
386.0,3.86e-13,6.052014319732405,1.9198730769363892,1.9926248623725717,1.6448930206297494,1.9571635746908804,1.855247710166468,1.9365739353322968,1,1,4,4,7,19,10,10,13,13,16,16,19,19,19,2,2,1,2,2,2,4
386.5,3.865e-13,6.064656001640591,1.9193948125606852,1.9936593161071774,1.6417304092521472,1.9585839846433948,1.8548723750122558,1.9353932642104577,1,1,4,4,7,19,10,10,13,13,16,16,19,19,19,2,2,1,2,2,2,4
387.0,3.87e-13,6.0775144090636815,1.918860101712882,1.9946167268558295,1.6388401934427996,1.9600475718663795,1.8546363121404064,1.9341473703053544,1,1,4,4,7,19,10,10,13,13,16,16,19,19,19,2,2,1,2,2,2,4
387.5,3.875e-13,6.09048027634471,1.9183103554620744,1.995469144723825,1.636234935405375,1.9615843799922115,1.854536073280992,1.9328644970058393,1,1,4,4,7,19,10,10,13,13,16,16,19,19,19,2,2,1,2,2,2,4
388.0,3.88e-13,6.103457410357805,1.9177851633589498,1.9961955017314634,1.633920005437813,1.9632151828638278,1.8545652586534183,1.9315745445042567,1,1,4,4,7,19,10,10,13,13,16,16,19,19,19,2,2,1,2,2,2,4
388.5,3.885e-13,6.116361828970889,1.9173193783995768,1.9967822770952395,1.6318953587810086,1.964949029755192,1.854714737345681,1.930306050574998,1,1,4,4,7,19,10,10,13,13,16,16,19,19,19,2,2,1,2,2,2,4
389.0,3.89e-13,6.129123433946936,1.9169409946480798,1.99722332439047,1.6301578721804648,1.9667821841044402,1.8549730156691027,1.9290837709215982,1,1,4,4,7,19,10,10,13,13,16,16,19,19,19,2,2,1,2,2,2,4
389.5,3.895e-13,6.1416909868254255,1.916669743531299,1.997518807722331,1.6287040192836255,1.96869794822547,1.8553268722390577,1.9279269486648714,1,1,4,4,7,19,10,10,13,13,16,16,19,19,19,2,2,1,2,2,2,4
390.0,3.9000000000000005e-13,6.154040041129554,1.9165163254717743,1.9976733895634116,1.6275324694593591,1.9706670882976145,1.8557623518677058,1.9268482232297706,1,1,4,4,7,19,10,10,13,13,16,16,19,19,19,2,2,1,2,2,2,4
390.5,3.9050000000000005e-13,6.16618233004117,1.9164822512930888,1.997693990790561,1.6266461002013877,1.9726488109832498,1.8562660930372081,1.9258530790499406,1,1,4,4,7,19,10,10,13,13,16,16,19,19,19,2,2,1,2,2,2,4
391.0,3.9100000000000005e-13,6.178174309701694,1.9165603547792374,1.9975874974283683,1.626053007495524,1.9745924035567832,1.8568267766551143,1.9249397695240429,1,1,4,4,7,19,10,10,13,13,16,16,19,19,19,2,2,1,2,2,2,4
391.5,3.9150000000000005e-13,6.190122286283102,1.9167360902843869,1.9973588100279922,1.6257662612850448,1.976439808808739,1.857436355095143,1.924099715865606,1,1,4,4,7,19,10,10,13,13,16,16,19,19,19,2,2,1,2,2,2,4
392.0,3.9200000000000005e-13,6.202181329684353,1.9169897064336865,1.9970095019235674,1.6258024816041077,1.9781294152816715,1.8580907011029886,1.923318433449219,1,1,4,4,7,19,10,10,13,13,16,16,19,19,19,2,2,1,2,2,2,4
392.5,3.9250000000000004e-13,6.214544412614961,1.9172992945454215,1.9965371556874074,1.6261796694637656,1.979601146673739,1.8587894825325517,1.9225770263025643,1,1,4,4,7,19,10,10,13,13,16,16,19,19,19,2,2,1,2,2,2,4
393.0,3.9300000000000004e-13,6.227417447969295,1.9176444359930178,1.995935401499253,1.626914765379839,1.9808026764557212,1.8595353930685745,1.9218542699110561,1,1,4,4,7,19,10,10,13,13,16,16,19,19,19,2,2,1,2,2,2,4
393.5,3.9350000000000004e-13,6.2409785291674105,1.9180100077188096,1.9951946602097013,1.6280212217865955,1.981695877236712,1.8603329464755776,1.921129289292773,1,1,4,4,7,19,10,10,13,13,16,16,19,19,19,2,2,1,2,2,2,4
394.0,3.9400000000000004e-13,6.255330057246132,1.9183894447565546,1.9943035377185714,1.6295067017009142,1.982262263523739,1.861187179945897,1.9203846031014515,1,1,4,4,7,19,10,10,13,13,16,16,19,19,19,2,2,1,2,2,2,4
394.5,3.9450000000000004e-13,6.270465892530911,1.9187867808050265,1.993250713179033,1.6313709763345632,1.9825061397495367,1.86210255822593,1.9196090940212087,1,1,4,4,7,19,10,10,13,13,16,16,19,19,19,2,2,1,2,2,2,4
395.0,3.9500000000000003e-13,6.2862748145826,1.9192170364908727,1.9920268532296108,1.6336046333096055,1.982454376524962,1.8630823897149802,1.9188001633721579,1,1,4,4,7,19,10,10,13,13,16,16,19,19,19,2,2,1,2,2,2,4
395.5,3.9550000000000003e-13,6.302577195508148,1.9197047963584142,1.9906261831708447,1.6361890479310857,1.9821524287058525,1.86412873823581,1.9179645008988975,1,1,4,4,7,19,10,10,13,13,16,16,19,19,19,2,2,1,2,2,2,4
396.0,3.9600000000000003e-13,6.319170086412916,1.9202812294027596,1.9890476723815318,1.639097323966429,1.981657687162635,1.8652425056734177,1.9171173407633224,1,1,4,4,7,19,10,10,13,13,16,16,19,19,19,2,2,1,2,2,2,4
396.5,3.9650000000000003e-13,6.335859716848549,1.920980243028453,1.9872959375102923,1.642295677922736,1.9810321492920575,1.866423430971608,1.9162804351461795,1,1,4,4,7,19,10,10,13,13,16,16,19,19,19,2,2,1,2,2,2,4
397.0,3.97e-13,6.352476711302037,1.921834525834589,1.985381809202373,1.645745148025713,1.9803360321758348,1.8676699546441413,1.9154792002542447,1,1,4,4,7,19,10,10,13,13,16,16,19,19,19,2,2,1,2,2,2,4
397.5,3.975e-13,6.368879190367147,1.9228720574313032,1.9833224979416149,1.6494036310949636,1.9796230275612086,1.8689789965424388,1.9147396155566487,1,1,4,4,7,19,10,10,13,13,16,16,19,19,19,2,2,1,2,2,2,4
398.0,3.98e-13,6.384950550068103,1.9241133777072015,1.9811412767783547,1.6532282181986704,1.9789371520379742,1.870345750127026,1.9140853863090819,1,1,4,4,7,19,10,10,13,13,16,16,19,19,19,2,2,1,2,2,2,4
398.5,3.985e-13,6.400596817107945,1.9255696841995507,1.978866589440126,1.6571776827980815,1.9783107943470672,1.871763630452636,1.9135356756300916,1,1,4,4,7,19,10,10,13,13,16,16,19,19,19,2,2,1,2,2,2,4
399.0,3.99e-13,6.41574620015498,1.9272417413179705,1.9765305441410157,1.6612148396907918,1.9777635513798693,1.873224550225477,1.913103502393041,1,1,4,4,7,19,10,10,13,13,16,16,19,19,19,2,2,1,2,2,2,4
399.5,3.995e-13,6.430351790300406,1.9291195538183938,1.9741668622713928,1.6653083862766311,1.9773016100831229,1.8747196166644446,1.9127947906562588,1,1,4,4,7,19,10,10,13,13,16,16,19,19,19,2,2,1,2,2,2,4
400.0,4e-13,6.444396769016781,1.9311828124729853,1.971808544084966,1.669433847524441,1.9769177094984614,1.8762402381856929,1.9126080069340505,1,1,4,4,7,19,10,10,13,13,16,16,19,19,19,2,2,1,2,2,2,4
400.5,4.005e-13,6.457900563159842,1.9334021339691105,1.9694855856462699,1.6735734290065438,1.976591939349596,1.8777794334112976,1.9125343298411785,1,1,4,4,7,19,10,10,13,13,16,16,19,19,19,2,2,1,2,2,2,4
401.0,4.01e-13,6.470923963103426,1.9357411121457513,1.9672230837099334,1.6777148551373802,1.9762938036519144,1.8793329917837487,1.9125583292403125,1,1,4,4,7,19,10,10,13,13,16,16,19,19,19,2,2,1,2,2,2,4
401.5,4.0150000000000006e-13,6.483571320279193,1.9381591452526785,1.9650399629256232,1.6818495189773208,1.9759859682688854,1.8809001307168047,1.912659156006378,1,1,4,4,7,19,10,10,13,13,16,16,19,19,19,2,2,1,2,2,2,4
402.0,4.0200000000000005e-13,6.495988110270443,1.940614891492464,1.9629484264300208,1.6859703791305565,1.9756298434510184,1.8824834731385804,1.9128122480959158,1,1,4,4,7,19,10,10,13,13,16,16,19,19,19,2,2,1,2,2,2,4
402.5,4.0250000000000005e-13,6.50835186532504,1.943070046664957,1.9609541288738896,1.6900699741346783,1.9751925437467066,1.8840884184531366,1.912991533378649,1,1,4,4,7,19,10,10,13,13,16,16,19,19,19,2,2,1,2,2,2,4
403.0,4.0300000000000005e-13,6.520854193520353,1.9454929336349764,1.9590570098908653,1.694138741430925,1.9746539918707702,1.885722147435553,1.9131720388607427,1,1,4,4,7,19,10,10,13,13,16,16,19,19,19,2,2,1,2,2,2,4
403.5,4.0350000000000005e-13,6.5336731976133695,1.9478612636093253,1.957252695794618,1.6981636345483995,1.9740123688368958,1.8873925031541303,1.9133326918320226,1,1,4,4,7,19,10,10,13,13,16,16,19,19,19,2,2,1,2,2,2,4
404.0,4.0400000000000005e-13,6.546940998570786,1.9501635046512793,1.9555343260616322,1.7021269711437303,1.9732862500211563,1.8891069052972946,1.9134589509595887,1,1,4,4,7,19,10,10,13,13,16,16,19,19,19,2,2,1,2,2,2,4
404.5,4.0450000000000004e-13,6.5607183066504495,1.952398688030498,1.9538945104274223,1.7060057187487745,1.9725126598200586,1.8908714291428725,1.9135448029390882,1,1,4,4,7,19,10,10,13,13,16,16,19,19,19,2,2,1,2,2,2,4
405.0,4.0500000000000004e-13,6.574989098806289,1.954574953638413,1.9523270452380725,1.709771701456529,1.9717415533705442,1.8926902137804675,1.913593670647882,1,1,4,4,7,19,10,10,13,13,16,16,19,19,19,2,2,1,2,2,2,4
405.5,4.0550000000000004e-13,6.589677719739274,1.956707253241951,1.950828183086084,1.7133929255354015,1.9710283142742289,1.8945652512779416,1.9136179469175487,1,1,4,4,7,19,10,10,13,13,16,16,19,19,19,2,2,1,2,2,2,4
406.0,4.0600000000000004e-13,6.604676890788173,1.958814528658397,1.949397515326998,1.7168356106233074,1.9704262360620317,1.8964963623394846,1.9136371959131817,1,1,4,4,7,19,10,10,13,13,16,16,19,19,19,2,2,1,2,2,2,4
406.5,4.0650000000000003e-13,6.619872260507619,1.9609167232206577,1.948038540682771,1.7200664639530774,1.9699804501347122,1.898481147083536,1.9136754442488324,1,1,4,4,7,19,10,10,13,13,16,16,19,19,19,2,2,1,2,2,2,4
407.0,4.0700000000000003e-13,6.6351565818753,1.9630320163979478,1.9467588895009111,1.7230549749589663,1.9697238410384728,1.9005148801789418,1.9137581611658723,1,1,4,4,7,19,10,10,13,13,16,16,19,19,19,2,2,1,2,2,2,4
407.5,4.0750000000000003e-13,6.650434367957414,1.9651745647235965,1.945570101978391,1.725775577972601,1.969674749690237,1.90259046272946,1.9139094564886556,1,1,4,4,7,19,10,10,13,13,16,16,19,19,19,2,2,1,2,2,2,4
408.0,4.0800000000000003e-13,6.665621124431353,1.9673528551249737,1.944486875590528,1.7282094322562962,1.969835978497033,1.904698612807308,1.9141498101700525,1,1,4,4,7,19,10,10,13,13,16,16,19,19,19,2,2,1,2,2,2,4
408.5,4.0850000000000003e-13,6.680641202276794,1.9695686831291424,1.9435257663620018,1.7303455014182667,1.9701946655218818,1.906828478159086,1.914494435629587,1,1,4,4,7,19,10,10,13,13,16,16,19,19,19,2,2,1,2,2,2,4
409.0,4.09e-13,6.695427154857841,1.9718167421965493,1.9427034659562914,1.7321806791030958,1.9707228362969762,1.908968760619479,1.914952259798841,1,1,4,4,7,19,10,10,13,13,16,16,19,19,19,2,2,1,2,2,2,4
409.5,4.095e-13,6.709922211101751,1.9740848312537354,1.942034897463461,1.7337188897276559,1.9713786964966509,1.911109250225981,1.9155254496816783,1,1,4,4,7,19,10,10,13,13,16,16,19,19,19,2,2,1,2,2,2,4
410.0,4.1e-13,6.724086272366853,1.9763546876032545,1.9415314202199738,1.7349693411629685,1.9721088981186523,1.91324239651993,1.9162094491068764,1,1,4,4,7,19,10,10,13,13,16,16,19,19,19,2,2,1,2,2,2,4
410.5,4.105e-13,6.737904630583316,1.9786034804762394,1.9411994218148627,1.7359442785999464,1.9728520874364905,1.915364495726948,1.9169934776544157,1,1,4,4,7,19,10,10,13,13,16,16,19,19,19,2,2,1,2,2,2,4
411.0,4.11e-13,6.7513975838027305,1.9808059737010268,1.9410394958924309,1.736656618135923,1.9735438417831037,1.9174760501591217,1.9178615536952097,1,1,4,4,7,19,10,10,13,13,16,16,19,19,19,2,2,1,2,2,2,4
411.5,4.115e-13,6.764628336689153,1.9829372311226459,1.9410462306289653,1.7371178529341023,1.9741228084625333,1.9195812502688665,1.9187940378223272,1,1,4,4,7,19,10,10,13,13,16,16,19,19,19,2,2,1,2,2,2,4
412.0,4.12e-13,6.777706232253161,1.9849756525191904,1.9412086058794704,1.7373364116059866,1.9745372731558102,1.9216867936379851,1.9197697228947512,1,1,4,4,7,19,10,10,13,13,16,16,19,19,19,2,2,1,2,2,2,4
412.5,4.125e-13,6.790782418568452,1.9869059238661582,1.941510914008386,1.737316553846207,1.9747509079068242,1.9238004401285713,1.920768386063928,1,1,4,4,7,19,10,10,13,13,16,16,19,19,19,2,2,1,2,2,2,4
413.0,4.13e-13,6.804035342244345,1.9887213424945216,1.9419340739853688,1.7370578183317356,1.9747463272932826,1.9259296597873348,1.921773561928933,1,1,4,4,7,19,10,10,13,13,16,16,19,19,19,2,2,1,2,2,2,4
413.5,4.1350000000000006e-13,6.8176447335721555,1.9904249814831056,1.9424571788685183,1.736555015820949,1.974525536392654,1.9280805245766572,1.9227751240325655,1,1,4,4,7,19,10,10,13,13,16,16,19,19,19,2,2,1,2,2,2,4
414.0,4.1400000000000005e-13,6.83175688760114,1.9920294227072495,1.9430590921343964,1.7357988376735831,1.974107279423874,1.930256873825904,1.9237711379873248,1,1,4,4,7,19,10,10,13,13,16,16,19,19,19,2,2,1,2,2,2,4
414.5,4.1450000000000005e-13,6.846451400162626,1.9935551055434573,1.9437199660687132,1.7347771099926614,1.9735222112694975,1.9324597147320897,1.9247685408034794,1,1,4,4,7,19,10,10,13,13,16,16,19,19,19,2,2,1,2,2,2,4
415.0,4.1500000000000005e-13,6.861724088260374,1.995027720323201,1.9444226260096804,1.733476642479018,1.972807198033784,1.9346869297806288,1.925782455621135,1,1,4,4,7,19,10,10,13,13,16,16,19,19,19,2,2,1,2,2,2,4
415.5,4.1550000000000005e-13,6.877494420659106,1.9964751758391395,1.9451537968361976,1.7318854676188504,1.9719998981299813,1.936933338242033,1.926834279889129,1,1,4,4,7,19,10,10,13,13,16,16,19,19,19,2,2,1,2,2,2,4
416.0,4.1600000000000004e-13,6.893631151929626,1.9979245743565621,1.9459050770132988,1.7299951938768152,1.971134376608182,1.9391910012072093,1.9279489343068992,1,1,4,4,7,19,10,10,13,13,16,16,19,19,19,2,2,1,2,2,2,4
416.5,4.1650000000000004e-13,6.909981273347665,1.9993995044396011,1.9466735235473789,1.7278031675195091,1.9702380637330335,1.941449611767437,1.9291518081161536,1,1,4,4,7,19,10,10,13,13,16,16,19,19,19,2,2,1,2,2,2,4
417.0,4.1700000000000004e-13,6.926391079856672,2.0009178457521486,1.9474616834618812,1.7253141370244625,1.969329943929981,1.943696987009514,1.9304658842662876,1,1,4,4,7,19,10,10,13,13,16,16,19,19,19,2,2,1,2,2,2,4
417.5,4.1750000000000004e-13,6.942716781057696,2.0024901772137422,1.9482769616217661,1.7225410912216392,1.9684196832891494,1.945919776934582,1.9319093882339162,1,1,4,4,7,19,10,10,13,13,16,16,19,19,19,2,2,1,2,2,2,4
418.0,4.1800000000000004e-13,6.958827676885082,2.0041188030053836,1.9491303463453467,1.7195050388803328,1.967507410009407,1.948104524967435,1.9334940992135865,1,1,4,4,7,19,10,10,13,13,16,16,19,19,19,2,2,1,2,2,2,4
418.5,4.1850000000000003e-13,6.9746062881103645,2.00579738415077,1.9500346269866495,1.7162337627850144,1.9665840050763168,1.950239088368166,1.9352243189277318,1,1,4,4,7,19,10,10,13,13,16,16,19,19,19,2,2,1,2,2,2,4
419.0,4.1900000000000003e-13,6.989948966172797,2.007511197941478,1.9510023391146767,1.7127597967571415,1.9656319409326513,1.9523142124004043,1.9370964478370398,1,1,4,4,7,19,10,10,13,13,16,16,19,19,19,2,2,1,2,2,2,4
419.5,4.1950000000000003e-13,7.004769053237419,2.0092380839421518,1.9520437562779633,1.7091180020037442,1.9646268708994639,1.9543248587489914,1.9390991177203019,1,1,4,4,7,19,10,10,13,13,16,16,19,19,19,2,2,1,2,2,2,4
420.0,4.2000000000000003e-13,7.0190032176448245,2.010950104262651,1.953165201080582,1.7053431390723832,1.9635402546979666,1.9562708362992494,1.9412138577105378,1,1,4,4,7,19,10,10,13,13,16,16,19,19,19,2,2,1,2,2,2,4
420.5,4.2050000000000003e-13,7.032620239032666,2.0126158960517615,1.954367841810164,1.7014677766630857,1.9623431877508148,1.9581564707824959,1.9434163036669696,1,1,4,4,7,19,10,10,13,13,16,16,19,19,19,2,2,1,2,2,2,4
421.0,4.21e-13,7.045630387824596,2.014203587630008,1.9556470591731359,1.6975207193834647,1.9610112981401142,1.959989424910879,1.945677965436993,1,1,4,4,7,19,10,10,13,13,16,16,19,19,19,2,2,1,2,2,2,4
421.5,4.215e-13,7.058092697394342,2.0156839904396464,1.9569924062643458,1.693525968396592,1.9595300818155856,1.961779087661803,1.947968536922502,1,1,4,4,7,19,10,10,13,13,16,16,19,19,19,2,2,1,2,2,2,4
422.0,4.22e-13,7.070117066168979,2.0170336174031003,1.958388129982747,1.6895021997583963,1.9578995732719235,1.9635349748676156,1.950258674216598,1,1,4,4,7,19,10,10,13,13,16,16,19,19,19,2,2,1,2,2,2,4
422.5,4.225e-13,7.081858324701499,2.018236977103056,1.9598141657705632,1.6854627900327706,1.9561371086426935,1.96526546037983,1.9525229603446579,1,1,4,4,7,19,10,10,13,13,16,16,19,19,19,2,2,1,2,2,2,4
423.0,4.23e-13,7.093500133977227,2.0192876695188513,1.9612474648970986,1.68141649485325,1.9542773007487164,1.9669769271734747,1.9547425783077348,1,1,4,4,7,19,10,10,13,13,16,16,19,19,19,2,2,1,2,2,2,4
423.5,4.235e-13,7.105228480721784,2.020188075924772,1.9626635062377638,1.6773688625955407,1.9523691503664178,1.9686732657184474,1.9569071372527829,1,1,4,4,7,19,10,10,13,13,16,16,19,19,19,2,2,1,2,2,2,4
424.0,4.24e-13,7.117198975811184,2.020947767014107,1.9640378480509195,1.6733243982682189,1.950471047962467,1.9703555890288356,1.9590151898077663,1,1,4,4,7,19,10,10,13,13,16,16,19,19,19,2,2,1,2,2,2,4
424.5,4.245e-13,7.129508199395126,2.0215810529875506,1.9653476665850527,1.6692892107593476,1.9486448273556018,1.9720220918637752,1.96107333077111,1,1,4,4,7,19,10,10,13,13,16,16,19,19,19,2,2,1,2,2,2,4
425.0,4.2500000000000006e-13,7.142181524944957,2.0221042077228377,1.9665732738905177,1.6652735817854112,1.9469499290281178,1.973668092362462,1.9630941782235203,1,1,4,4,7,19,10,10,13,13,16,16,19,19,19,2,2,1,2,2,2,4
425.5,4.2550000000000005e-13,7.155182550074972,2.0225328146481933,1.9676995218150468,1.6612938666986574,1.9454384122399286,1.9752863178948068,1.9650937557532455,1,1,4,4,7,19,10,10,13,13,16,16,19,19,19,2,2,1,2,2,2,4
426.0,4.2600000000000005e-13,7.16843683363277,2.022879504128094,1.968716824300627,1.6573734254665267,1.9441512566721397,1.9768674287681993,1.9670887635502161,1,1,4,4,7,19,10,10,13,13,16,16,19,19,19,2,2,1,2,2,2,4
426.5,4.2650000000000005e-13,7.1818567217047145,2.023152223543895,1.9696214953640463,1.6535425196861844,1.943116043213823,1.9784007710459186,1.9690941036147025,1,1,4,4,7,19,10,10,13,13,16,16,19,19,19,2,2,1,2,2,2,4
427.0,4.2700000000000005e-13,7.195358232851159,2.0233530876319863,1.9704152284932586,1.6498372178461405,1.9423458013034436,1.9798754065064301,1.9711209071783578,1,1,4,4,7,19,10,10,13,13,16,16,19,19,19,2,2,1,2,2,2,4
427.5,4.2750000000000005e-13,7.208868415298757,2.0234778061234233,1.9711037557531832,1.6462974625014706,1.9418387233890715,1.9812814547897355,1.9731751752495952,1,1,4,4,7,19,10,10,13,13,16,16,19,19,19,2,2,1,2,2,2,4
428.0,4.2800000000000004e-13,7.222326066816645,2.0235156571073443,1.9716949014162495,1.6429646212096194,1.9415785807186117,1.9826116358638157,1.975257031244911,1,1,4,4,7,19,10,10,13,13,16,16,19,19,19,2,2,1,2,2,2,4
428.5,4.2850000000000004e-13,7.235679588691698,2.0234500127848896,1.972196371462143,1.63987886662949,1.9415358468660133,1.9838627137646352,1.9773605253967017,1,1,4,4,7,19,10,10,13,13,16,16,19,19,19,2,2,1,2,2,2,4
429.0,4.2900000000000004e-13,7.248884939926498,2.023259424990509,1.9726136632876534,1.6370766750050822,1.9416697857825373,1.9850364217197778,1.979473957655346,1,1,4,4,7,19,10,10,13,13,16,16,19,19,19,2,2,1,2,2,2,4
429.5,4.2950000000000004e-13,7.261905492772642,2.0229193169457718,1.9729483821195148,1.6345887255937757,1.9419317262361857,1.9861394705115663,1.981580709633813,1,1,4,4,7,19,10,10,13,13,16,16,19,19,19,2,2,1,2,2,2,4
430.0,4.3000000000000004e-13,7.274714715631856,2.0224042653973,1.9731971395408063,1.6324383656257082,1.9422696367409173,1.9871826228019438,1.9836605026808023,1,1,4,4,7,19,10,10,13,13,16,16,19,19,19,2,2,1,2,2,2,4
430.5,4.3050000000000003e-13,7.287301805718511,2.021690749956941,1.9733510980578248,1.6306407331191712,1.9426337295535225,1.9881790561458335,1.985691073989149,1,1,4,4,7,19,10,10,13,13,16,16,19,19,19,2,2,1,2,2,2,4
431.0,4.3100000000000003e-13,7.299679649113586,2.0207601203224943,1.9733961622865785,1.6292025333710751,1.9429823445633745,1.9891424779292546,1.987650215310362,1,1,4,4,7,19,10,10,13,13,16,16,19,19,19,2,2,1,2,2,2,4
431.5,4.3150000000000003e-13,7.311893578614833,2.0196013577070153,1.97331375717127,1.62812243867616,1.9432869950673257,1.9900854323133241,1.989518085668261,1,1,4,4,7,19,10,10,13,13,16,16,19,19,19,2,2,1,2,2,2,4
432.0,4.3200000000000003e-13,7.32402839017034,2.018213105705322,1.9730821010732311,1.6273920949037255,1.943535402801306,1.9910180633942527,1.9912796008846094,1,1,4,4,7,19,10,10,13,13,16,16,19,19,19,2,2,1,2,2,2,4
432.5,4.325e-13,7.336210315297308,2.0166044967368157,1.9726778336573534,1.6269977531939437,1.9437317253326745,1.9919473923296795,1.992926540874966,1,1,4,4,7,19,10,10,13,13,16,16,19,19,19,2,2,1,2,2,2,4
433.0,4.33e-13,7.348600589033962,2.0147945557185327,1.9720778371581493,1.6269224890226415,1.9438939306612495,1.9928770157461584,1.9944589033115496,1,1,4,4,7,19,10,10,13,13,16,16,19,19,19,2,2,1,2,2,2,4
433.5,4.335e-13,7.361378479382251,2.012810333767554,1.971261090465151,1.6271488087390062,1.9440490846470302,1.993807065829978,1.9958851096927237,1,1,4,4,7,19,10,10,13,13,16,16,19,19,19,2,2,1,2,2,2,4
434.0,4.34e-13,7.374714693920868,2.010684226924531,1.9702104503474749,1.6276612168556377,1.9442277891216855,1.994734305113072,1.9972209222034871,1,1,4,4,7,19,10,10,13,13,16,16,19,19,19,2,2,1,2,2,2,4
434.5,4.345e-13,7.388741075595127,2.0084510291364657,1.968914275449672,1.6284482075436726,1.944458947122507,1.9956522962033543,1.998487309499633,1,1,4,4,7,19,10,10,13,13,16,16,19,19,19,2,2,1,2,2,2,4
435.0,4.35e-13,7.403527152556207,2.0061450706133104,1.9673677631603714,1.6295032081410445,1.9447656115501102,1.9965517096947345,1.999707765770005,1,1,4,4,7,19,10,10,13,13,16,16,19,19,19,2,2,1,2,2,2,4
435.5,4.355e-13,7.41907333020077,2.00379760152927,1.9655737408335145,1.630824315430419,1.9451621895379978,1.9974209280479174,2.0009056302798545,1,1,4,4,7,19,10,10,13,13,16,16,19,19,19,2,2,1,2,2,2,4
436.0,4.36e-13,7.435322077665568,2.0014345246294543,1.9635426055681424,1.6324130468206821,1.9456528923278926,1.9982470628849542,2.0021017983099125,1,1,4,4,7,19,10,10,13,13,16,16,19,19,19,2,2,1,2,2,2,4
436.5,4.3650000000000006e-13,7.452178666948488,1.9990746939804274,1.9612914051221042,1.634272350993133,1.9462311877639655,1.9990173701221472,2.003313000742289,1,1,4,4,7,19,10,10,13,13,16,16,19,19,19,2,2,1,2,2,2,4
437.0,4.3700000000000006e-13,7.469530842899157,1.996728958115429,1.9588422199941398,1.6364042754623898,1.9468799674708064,1.999720937750103,2.0045506665660864,1,1,4,4,7,19,10,10,13,13,16,16,19,19,19,2,2,1,2,2,2,4
437.5,4.3750000000000005e-13,7.487261593420199,1.9943999742881173,1.956220129032285,1.6388076699332512,1.9475722643155522,2.000350368970306,2.005820333507244,1,1,4,4,7,19,10,10,13,13,16,16,19,19,19,2,2,1,2,2,2,4
438.0,4.3800000000000005e-13,7.50525485480604,1.992082772865515,1.9534510639689626,1.6414762344542084,1.9482725179025469,2.0009030585995715,2.0071215649027705,1,1,4,4,7,19,10,10,13,13,16,16,19,19,19,2,2,1,2,2,2,4
438.5,4.3850000000000005e-13,7.523396869039549,1.989766052182393,1.9505598197070835,1.6443971222362173,1.9489385328174056,2.0013816618351528,2.00844834195387,1,1,4,4,7,19,10,10,13,13,16,16,19,19,19,2,2,1,2,2,2,4
439.0,4.3900000000000005e-13,7.541576244744402,1.9874341926366503,1.9475684205474515,1.6475502067460892,1.9495243172983907,2.0017935508365445,2.009789920763525,1,1,4,4,7,19,10,10,13,13,16,16,19,19,19,2,2,1,2,2,2,4
439.5,4.3950000000000005e-13,7.5596849987006305,1.9850699141085792,1.944494992453949,1.6509080237824885,1.94998390150194,2.002149389175612,2.0111321328976697,1,1,4,4,7,19,10,10,13,13,16,16,19,19,19,2,2,1,2,2,2,4
440.0,4.4000000000000004e-13,7.577622003312419,1.9826573746113563,1.941353239581087,1.6544363502115056,1.9502759798287186,2.0024612384389675,2.0124590696581692,1,1,4,4,7,19,10,10,13,13,16,16,19,19,19,2,2,1,2,2,2,4
440.5,4.4050000000000004e-13,7.595299576214379,1.9801852918862026,1.9381525616972908,1.6580953577347903,1.9503688994576636,2.0027406719426453,2.013755048147643,1,1,4,4,7,19,10,10,13,13,16,16,19,19,19,2,2,1,2,2,2,4
441.0,4.4100000000000004e-13,7.612653126660914,1.977649538253657,1.9348987679111986,1.661841312382229,1.950245160897858,2.0029972512621597,2.0150066806678004,1,1,4,4,7,19,10,10,13,13,16,16,19,19,19,2,2,1,2,2,2,4
441.5,4.4150000000000004e-13,7.629652531172975,1.9750546525325934,1.9315952554324676,1.6656288026750579,1.9499044168245372,2.003237517152461,2.0162047995762093,1,1,4,4,7,19,10,10,13,13,16,16,19,19,19,2,2,1,2,2,2,4
442.0,4.4200000000000004e-13,7.646312352391344,1.9724138898860555,1.9282444536449255,1.6694134264738434,1.949364111689836,2.0034644773691666,2.017345926698472,1,1,4,4,7,19,10,10,13,13,16,16,19,19,19,2,2,1,2,2,2,4
442.5,4.4250000000000003e-13,7.662696716603251,1.9697477861613093,1.9248493437959822,1.6731546556835537,1.9486574517350175,2.003677484814592,2.0184329860140866,1,1,4,4,7,19,10,10,13,13,16,16,19,19,19,2,2,1,2,2,2,4
443.0,4.4300000000000003e-13,7.678914549680911,1.9670815500842809,1.9214148863979992,1.6768184330388698,1.9478291546068374,2.0038723841356463,2.0194750370917727,1,1,4,4,7,19,10,10,13,13,16,16,19,19,19,2,2,1,2,2,2,4
443.5,4.4350000000000003e-13,7.695102596886,1.9644419144527219,1.9179492946018628,1.6803788980298293,1.9469300142697155,2.0040418274729577,2.02048602829259,1,1,4,4,7,19,10,10,13,13,16,16,19,19,19,2,2,1,2,2,2,4
444.0,4.4400000000000003e-13,7.7113973908668285,1.9618540550979058,1.9144651082920336,1.6838188063721393,1.9460114690146213,2.0041757329624104,2.0214827895757272,1,1,4,4,7,19,10,10,13,13,16,16,19,19,19,2,2,1,2,2,2,4
444.5,4.445e-13,7.727902813682293,1.9593390210827297,1.9109799885101235,1.6871285468293307,1.9451210190671815,2.004261916311508,2.0224826600834866,1,1,4,4,7,19,10,10,13,13,16,16,19,19,19,2,2,1,2,2,2,4
445.0,4.45e-13,7.744664673119718,1.9569118254500784,1.90751702205391,1.6903040916900407,1.9442988119305062,2.0042869811908277,2.023501183028395,1,1,4,4,7,19,10,10,13,13,16,16,19,19,19,2,2,1,2,2,2,4
445.5,4.455e-13,7.7616628856324725,1.9545801442823212,1.904104262749864,1.6933444738252488,1.9435753004770462,2.00423755301784,2.0245502171402054,1,1,4,4,7,19,10,10,13,13,16,16,19,19,19,2,2,1,2,2,2,4
446.0,4.46e-13,7.778823061199853,1.9523435311437332,1.9007733727887985,1.6962493352377563,1.942969742911748,2.0041018261361723,2.025636655272286,1,1,4,4,7,19,10,10,13,13,16,16,19,19,19,2,2,1,2,2,2,4
446.5,4.465e-13,7.7960390026681665,1.9501932391170818,1.897557603464714,1.6990167958344968,1.942489408560525,2.003871239466553,2.026761773519515,1,1,4,4,7,19,10,10,13,13,16,16,19,19,19,2,2,1,2,2,2,4
447.0,4.47e-13,7.81319464230916,1.9481127420195945,1.8944895191596307,1.7016417420711027,1.9421294582416333,2.0035419224259003,2.0279211351110433,1,1,4,4,7,19,10,10,13,13,16,16,19,19,19,2,2,1,2,2,2,4
447.5,4.475e-13,7.830178679667705,1.9460789755468584,1.891598827474277,1.7041146041346433,1.9418735642847949,2.003115503317405,2.0291049694898233,1,1,4,4,7,19,10,10,13,13,16,16,19,19,19,2,2,1,2,2,2,4
448.0,4.48e-13,7.846891299555585,1.944064256492056,1.8889105518080858,1.7064207000866387,1.9416954422523198,2.002598982171373,2.0302989750945266,1,1,4,4,7,19,10,10,13,13,16,16,19,19,19,2,2,1,2,2,2,4
448.5,4.4850000000000006e-13,7.863245571152628,1.942038774145236,1.8864436876959414,1.7085402072193585,1.941561519140117,2.00200364865195,2.0314855182897706,1,1,4,4,7,19,10,10,13,13,16,16,19,19,19,2,2,1,2,2,2,4
449.0,4.4900000000000006e-13,7.879166543793117,1.9399734663605976,1.884210434021738,1.7104487953966394,1.9414348643244246,2.001343334491168,2.0326451851157454,1,1,4,4,7,19,10,10,13,13,16,16,19,19,19,2,2,1,2,2,2,4
449.5,4.4950000000000005e-13,7.894590322159094,1.9378429796857557,1.8822160452236076,1.7121189327472057,1.9412802099625346,2.0006324525517245,2.033758597976581,1,1,4,4,7,19,10,10,13,13,16,16,19,19,19,2,2,1,2,2,2,4
450.0,4.5000000000000005e-13,7.909464598294765,1.9356283189177204,1.880459319836725,1.7135218222933999,1.9410694478298742,1.9998842541309327,2.0348083543305187,1,1,4,4,7,19,10,10,13,13,16,16,19,19,19,2,2,1,2,2,2,4
450.5,4.5050000000000005e-13,7.9237515355291555,1.9333187708677506,1.8789336722122105,1.7146298558576802,1.9407865573042078,1.9991095523677815,2.03578088139356,1,1,4,4,7,19,10,10,13,13,16,16,19,19,19,2,2,1,2,2,2,4
451.0,4.5100000000000005e-13,7.937433297479742,1.9309127736047467,1.8776286636775952,1.7154193379949998,1.9404307710287754,1.998315969336177,2.0366679557749334,1,1,4,4,7,19,10,10,13,13,16,16,19,19,19,2,2,1,2,2,2,4
451.5,4.5150000000000005e-13,7.9505195511476074,1.9284176026724082,1.8765318250555585,1.7158730545673342,1.9400170738160305,1.9975076298725303,2.0374676372690073,1,1,4,4,7,19,10,10,13,13,16,16,19,19,19,2,2,1,2,2,2,4
452.0,4.5200000000000004e-13,7.963055082967696,1.9258479944190778,1.8756305577818704,1.7159822064773762,1.9395738449354256,1.996685197139439,2.038184435996905,1,1,4,4,7,19,10,10,13,13,16,16,19,19,19,2,2,1,2,2,2,4
452.5,4.5250000000000004e-13,7.975124541128619,1.9232239767258017,1.8749138371870473,1.7157473108357415,1.9391382613506345,1.9958461296591437,2.03882863202446,1,1,4,4,7,19,10,10,13,13,16,16,19,19,19,2,2,1,2,2,2,4
453.0,4.5300000000000004e-13,7.986850881886994,1.9205683117715748,1.874373541810063,1.715177804479894,1.938750639148269,1.9949851043117193,2.039414844299044,1,1,4,4,7,19,10,10,13,13,16,16,19,19,19,2,2,1,2,2,2,4
453.5,4.5350000000000004e-13,7.998385108204235,1.9179039649003222,1.874005274536969,1.7142904416953535,1.9384489471019404,1.9940946073838763,2.039960097797039,1,1,4,4,7,19,10,10,13,13,16,16,19,19,19,2,2,1,2,2,2,4
454.0,4.5400000000000003e-13,8.009887467216666,1.9152519304151159,1.8738086122929196,1.713106872769691,1.938264351589572,1.9931657426483278,2.040481711497455,1,1,4,4,7,19,10,10,13,13,16,16,19,19,19,2,2,1,2,2,2,4
454.5,4.5450000000000003e-13,8.021503898000946,1.9126296062448314,1.8737867713351306,1.7116509400583764,1.9382181247068093,1.9921893052595647,2.0409953324971983,1,1,4,4,7,19,10,10,13,13,16,16,19,19,19,2,2,1,2,2,2,4
455.0,4.550000000000001e-13,8.03334471926411,1.9100497447587779,1.8739457152071384,1.7099461640561036,1.9383198222071556,1.9911571229458846,2.041513340025796,1,1,4,4,7,19,10,10,13,13,16,16,19,19,19,2,2,1,2,2,2,4
455.5,4.555e-13,8.04547289668527,1.9075198793783075,1.8742927891413985,1.7080136912574966,1.9385664796414395,1.9900635369580586,2.042043740056723,1,1,4,4,7,19,10,10,13,13,16,16,19,19,19,2,2,1,2,2,2,4
456.0,4.560000000000001e-13,8.05790509656302,1.9050421423790362,1.8748350600617003,1.7058707816340384,1.938942624450028,1.988906743971353,2.04258959095661,1,1,4,4,7,19,10,10,13,13,16,16,19,19,19,2,2,1,2,2,2,4
456.5,4.565e-13,8.070622484277706,1.902613508922369,1.875577593279901,1.7035298575577598,1.9394210256906068,1.987689639108146,2.0431489436644275,1,1,4,4,7,19,10,10,13,13,16,16,19,19,19,2,2,1,2,2,2,4
457.0,4.570000000000001e-13,8.083584628133341,1.9002265914554686,1.876521895644722,1.700998168550658,1.939964195550932,1.9864198701651217,2.0437152454305583,1,1,4,4,7,19,10,10,13,13,16,16,19,19,19,2,2,1,2,2,2,4
457.5,4.575e-13,8.096740912388437,1.8978710709801243,1.877664700967208,1.69827814604404,1.940526703119024,1.98510901472052,2.0442781584720766,1,1,4,4,7,19,10,10,13,13,16,16,19,19,19,2,2,1,2,2,2,4
458.0,4.580000000000001e-13,8.110037244133489,1.8955357323994357,1.8789972116440277,1.6953684864325376,1.9410583562757817,1.9837710709338547,2.0448247366684607,1,1,4,4,7,19,10,10,13,13,16,16,19,19,19,2,2,1,2,2,2,4
458.5,4.585e-13,8.123418599001674,1.8932109214601505,1.8805048665064086,1.6922659404330826,1.9415081990057868,1.982420637726633,2.045340901614528,1,1,4,4,7,19,10,10,13,13,16,16,19,19,19,2,2,1,2,2,2,4
459.0,4.590000000000001e-13,8.136829165599615,1.8908911066141918,1.8821676591905059,1.6889677012336668,1.941829071355373,1.9810711972460235,2.045813122964505,1,1,4,4,7,19,10,10,13,13,16,16,19,19,19,2,2,1,2,2,2,4
459.5,4.595e-13,8.150212013608636,1.888577121828905,1.8839610090855685,1.6854741377165177,1.9419822218289493,1.979733784833543,2.0462301637557867,1,1,4,4,7,19,10,10,13,13,16,16,19,19,19,2,2,1,2,2,2,4
460.0,4.600000000000001e-13,8.163509988591834,1.8862776553641025,1.8858571362722476,1.681791474297327,1.9419412452889488,1.9784161579386383,2.0465846971885884,1,1,4,4,7,19,10,10,13,13,16,16,19,19,19,2,2,1,2,2,2,4
460.5,4.605e-13,8.176669134146396,1.8840096631934917,1.8878268160863487,1.6779339208955646,1.941694565789998,1.9771224365784044,2.046874557739239,1,1,4,4,7,19,10,10,13,13,16,16,19,19,19,2,2,1,2,2,2,4
461.0,4.610000000000001e-13,8.189645328069194,1.8817976082839818,1.8898413196907398,1.6739247845304919,1.9412458737079996,1.9758531264487649,2.047103394010659,1,1,4,4,7,19,10,10,13,13,16,16,19,19,19,2,2,1,2,2,2,4
461.5,4.615e-13,8.202413871217598,1.8796716728678706,1.8918742706654506,1.6697963189016691,1.9406123894323473,1.9746054304972587,2.0472805469103412,1,1,4,4,7,19,10,10,13,13,16,16,19,19,19,2,2,1,2,2,2,4
462.0,4.620000000000001e-13,8.214980316445878,1.877665252916243,1.8939031690715729,1.6655883246780736,1.9398213890409024,1.973373761465505,2.0474201149217484,1,1,4,4,7,19,10,10,13,13,16,16,19,19,19,2,2,1,2,2,2,4
462.5,4.625e-13,8.22738922652539,1.8758121230035172,1.8959104097209296,1.6613457785306949,1.9389058183270858,1.9721503985682312,2.0475393286294357,1,1,4,4,7,19,10,10,13,13,16,16,19,19,19,2,2,1,2,2,2,4
463.0,4.63e-13,8.239726590607518,1.8741436416699235,1.8978837282891678,1.657115930764453,1.937899892771898,1.9709262611933127,2.0476565030104577,1,1,4,4,7,19,10,10,13,13,16,16,19,19,19,2,2,1,2,2,2,4
463.5,4.635e-13,8.252112345421313,1.8726862954203214,1.8998160933608763,1.6529453565568244,1.9368353406570964,1.9696918060051454,2.047788896040195,1,1,4,4,7,19,10,10,13,13,16,16,19,19,19,2,2,1,2,2,2,4
464.0,4.64e-13,8.264682245361113,1.8714597819234156,1.9017050943998934,1.6488773897720883,1.935738598015728,1.9684380620326491,2.047950771265811,1,1,4,4,7,19,10,10,13,13,16,16,19,19,19,2,2,1,2,2,2,4
464.5,4.645e-13,8.27756256916074,1.8704757190333787,1.9035519100311526,1.6449501952977603,1.9346289705424076,1.9671577734301078,2.048151872358261,1,1,4,4,7,19,10,10,13,13,16,16,19,19,19,2,2,1,2,2,2,4
465.0,4.65e-13,8.290845178959987,1.8697369868291835,1.9053599732519149,1.6411955342009104,1.9335176049632028,1.9658465145574902,2.04839641004697,1,1,4,4,7,19,10,10,13,13,16,16,19,19,19,2,2,1,2,2,2,4
465.5,4.655000000000001e-13,8.30457158991103,1.86923769091407,1.9071335118724246,1.6376381162678992,1.9324070999708203,1.9645035329520153,2.0486825919743303,1,1,4,4,7,19,10,10,13,13,16,16,19,19,19,2,2,1,2,2,2,4
466.0,4.66e-13,8.31873107459682,1.8689637842751894,1.9088761145044424,1.6342955068296152,1.931291684407406,1.9631320417168263,2.0490026832981054,1,1,4,4,7,19,10,10,13,13,16,16,19,19,19,2,2,1,2,2,2,4
466.5,4.665000000000001e-13,8.333270995785703,1.8688944003270163,1.9105894368922673,1.6311786916419808,1.9301580459639753,1.9617388078018352,2.0493435595670815,1,1,4,4,7,19,10,10,13,13,16,16,19,19,19,2,2,1,2,2,2,4
467.0,4.67e-13,8.348112533826303,1.8690038929663408,1.912272186013449,1.6282933471553431,1.9289869959480954,1.960333101040754,2.049687713571168,1,1,4,4,7,19,10,10,13,13,16,16,19,19,19,2,2,1,2,2,2,4
467.5,4.675000000000001e-13,8.36316507512087,1.8692644365768343,1.9139194499282253,1.6256418401724717,1.927756127247558,1.958925271251112,2.050014642715451,1,1,4,4,7,19,10,10,13,13,16,16,19,19,19,2,2,1,2,2,2,4
468.0,4.68e-13,8.37833584716493,1.8696488992368236,1.9155224547381868,1.6232257472701674,1.926443455479795,1.957525300226017,2.050302530140764,1,1,4,4,7,19,10,10,13,13,16,16,19,19,19,2,2,1,2,2,2,4
468.5,4.685000000000001e-13,8.393534700131033,1.8701335906549057,1.9170688029687313,1.6210485002645971,1.9250317522848222,1.9561416042015891,2.050530112208879,1,1,4,4,7,19,10,10,13,13,16,16,19,19,19,2,2,1,2,2,2,4
469.0,4.69e-13,8.408675720178266,1.870700465535027,1.918543213719432,1.619117657105437,1.923512919560346,1.954780235642886,2.050678580642384,1,1,4,4,7,19,10,10,13,13,16,16,19,19,19,2,2,1,2,2,2,4
469.5,4.695000000000001e-13,8.423677803233387,1.8713384358680019,1.9199287381366972,1.6174462682013095,1.9218915015145934,1.9534444949921128,2.0507333214552044,1,1,4,4,7,19,10,10,13,13,16,16,19,19,19,2,2,1,2,2,2,4
470.0,4.7e-13,8.43846593107985,1.8720436092841077,1.9212083340156816,1.6160529844500526,1.9201864235792097,1.9521348832209242,2.0506852478169932,1,1,4,4,7,19,10,10,13,13,16,16,19,19,19,2,2,1,2,2,2,4
470.5,4.705000000000001e-13,8.452974300840001,1.872818468058959,1.9223665923494777,1.6149608648445175,1.9184303999832173,1.9508493011546013,2.0505314885878576,1,1,4,4,7,19,10,10,13,13,16,16,19,19,19,2,2,1,2,2,2,4
471.0,4.71e-13,8.467151776455193,1.8736702052323384,1.9233913554252449,1.6141951515684905,1.9166670612929677,1.949583428034946,2.0502752708103116,1,1,4,4,7,19,10,10,13,13,16,16,19,19,19,2,2,1,2,2,2,4
471.5,4.715000000000001e-13,8.480969355352558,1.8746085392197316,1.924274989064663,1.6137804837372638,1.9149464724557224,1.948331229546691,2.0499249822430197,1,1,4,4,7,19,10,10,13,13,16,16,19,19,19,2,2,1,2,2,2,4
472.0,4.72e-13,8.49442830932322,1.8756433685489446,1.9250151619927804,1.6137380436698943,1.9133200314779344,1.9470855725047562,2.049492575363976,1,1,4,4,7,19,10,10,13,13,16,16,19,19,19,2,2,1,2,2,2,4
472.5,4.725000000000001e-13,8.50756647659783,1.8767825775527607,1.9256150897717377,1.6140830324459892,1.9118356707582227,1.945838935834555,2.0489916008621276,1,1,4,4,7,19,10,10,13,13,16,16,19,19,19,2,2,1,2,2,2,4
473.0,4.73e-13,8.520459417148613,1.8780302233496158,1.9260832838944262,1.6148227215843978,1.9105339360333506,1.9445842310265053,2.04843519852067,1,1,4,4,7,19,10,10,13,13,16,16,19,19,19,2,2,1,2,2,2,4
473.5,4.735000000000001e-13,8.53321359645294,1.8793852288495245,1.926432882058625,1.615955198832141,1.9094451628308082,1.943315732323586,2.0478343225090208,1,1,4,4,7,19,10,10,13,13,16,16,19,19,19,2,2,1,2,2,2,4
474.0,4.74e-13,8.545951115568851,1.8808406497161396,1.9266806033923283,1.6174688796984902,1.908587672390171,1.9420300754553972,2.0471963708253993,1,1,4,4,7,19,10,10,13,13,16,16,19,19,19,2,2,1,2,2,2,4
474.5,4.745e-13,8.558788865739675,1.8823834576750191,1.9268454422006733,1.6193426960542205,1.9079669257066258,1.9407272328344023,2.0465243198554055,1,1,4,4,7,19,10,10,13,13,16,16,19,19,19,2,2,1,2,2,2,4
475.0,4.75e-13,8.571818510200425,1.8839949393588058,1.9269471299720238,1.6215471162244743,1.9075754792262105,1.9394111636095899,2.045816341189683,1,1,4,4,7,19,10,10,13,13,16,16,19,19,19,2,2,1,2,2,2,4
475.5,4.755e-13,8.585094139909463,1.8856516434903703,1.9270045653962982,1.6240458774216353,1.9073938215402222,1.9380899531370415,2.045065890809655,1,1,4,4,7,19,10,10,13,13,16,16,19,19,19,2,2,1,2,2,2,4
476.0,4.76e-13,8.598631191439022,1.8873269052198907,1.9270343374029935,1.6267984607134407,1.9073921930996764,1.936775253076368,2.0442622209758112,1,1,4,4,7,19,10,10,13,13,16,16,19,19,19,2,2,1,2,2,2,4
476.5,4.765e-13,8.612414639826719,1.8889928435785373,1.9270495153373308,1.6297630750385674,1.9075335063133703,1.935481110351919,2.04339128455837,1,1,4,4,7,19,10,10,13,13,16,16,19,19,19,2,2,1,2,2,2,4
477.0,4.77e-13,8.62641086786859,1.8906226495539287,1.9270588529346608,1.632899756337373,1.9077772931550987,1.9342224606791185,2.0424370098218336,1,1,4,4,7,19,10,10,13,13,16,16,19,19,19,2,2,1,2,2,2,4
477.5,4.775e-13,8.640577974499147,1.8921929150398062,1.9270664981937142,1.6361730738851215,1.9080843149857614,1.9330136234886124,2.041382888825057,1,1,4,4,7,19,10,10,13,13,16,16,19,19,19,2,2,1,2,2,2,4
478.0,4.780000000000001e-13,8.65487202013815,1.8936857303858186,1.927072246312243,1.6395539668376988,1.9084211803594209,1.9318670581099597,2.0402137820844928,1,1,4,4,7,19,10,10,13,13,16,16,19,19,19,2,2,1,2,2,2,4
478.5,4.785e-13,8.669249318115467,1.8950902807551733,1.9270723231168434,1.6430203969184545,1.9087641596283356,1.9307925084347386,2.038917769053106,1,1,4,4,7,19,10,10,13,13,16,16,19,19,19,2,2,1,2,2,2,4
479.0,4.790000000000001e-13,8.683666233768383,1.8964037206069513,1.927060565950169,1.646556817025813,1.909101486008091,1.9297965177760292,2.037487849619112,1,1,4,4,7,19,10,10,13,13,16,16,19,19,19,2,2,1,2,2,2,4
479.5,4.795e-13,8.69807811831757,1.8976312133464266,1.9270299665086574,1.6501525952758527,1.9094336924729516,1.9288822855550447,2.035923147285563,1,1,4,4,7,19,10,10,13,13,16,16,19,19,19,2,2,1,2,2,2,4
480.0,4.800000000000001e-13,8.7124388366883,1.8987851104082976,1.9269742556360034,1.653799895466301,1.9097720105356775,1.9280497552900933,2.0342294170037825,1,1,4,4,7,19,10,10,13,13,16,16,19,19,19,2,2,1,2,2,2,4
480.5,4.805e-13,8.726701869745376,1.899883397298391,1.9268893762440413,1.6574913782521736,1.910135251599106,1.9272959037868092,2.0324186780319256,1,1,4,4,7,19,10,10,13,13,16,16,19,19,19,2,2,1,2,2,2,4
481.0,4.810000000000001e-13,8.740823767510236,1.9009476245554668,1.9267746370199301,1.6612180815923518,1.910545879093094,1.9266152002589483,2.0305080045638175,1,1,4,4,7,19,10,10,13,13,16,16,19,19,19,2,2,1,2,2,2,4
481.5,4.815e-13,8.754770385033815,1.9020006183305893,1.9266334332641961,1.6649676968112286,1.9110260224521292,1.926000234745151,2.028517684604364,1,1,4,4,7,19,10,10,13,13,16,16,19,19,19,2,2,1,2,2,2,4
482.0,4.820000000000001e-13,8.768525563347476,1.9030642533710518,1.9264735080061346,1.6687233445437366,1.9115940211590303,1.92544252948012,2.0264690820779383,1,1,4,4,7,19,10,10,13,13,16,16,19,19,19,2,2,1,2,2,2,4
482.5,4.825e-13,8.782100559906434,1.9041575074581005,1.9263067978338284,1.672462884113909,1.912261812931415,1.9249335585341534,2.024382535955039,1,1,4,4,7,19,10,10,13,13,16,16,19,19,19,2,2,1,2,2,2,4
483.0,4.830000000000001e-13,8.795541067176853,1.9052949223571927,1.9261488905676551,1.6761588205747278,1.9130332389220557,1.9244659523478997,2.0222755510169823,1,1,4,4,7,19,10,10,13,13,16,16,19,19,19,2,2,1,2,2,2,4
483.5,4.835e-13,8.808927971385547,1.9064855736223667,1.9260181432735557,1.679778853648963,1.9139031738631267,1.924034779049003,2.0201614200260467,1,1,4,4,7,19,10,10,13,13,16,16,19,19,19,2,2,1,2,2,2,4
484.0,4.840000000000001e-13,8.822369156933343,1.907732581369702,1.9259345182041117,1.6832871018779823,1.914857392733737,1.9236386950445272,2.0180483192148304,1,1,4,4,7,19,10,10,13,13,16,16,19,19,19,2,2,1,2,2,2,4
484.5,4.845e-13,8.835982753584032,1.909033178836091,1.925918211795627,1.6866459750243101,1.9158731237291133,1.9232806631900152,2.015938885145933,1,1,4,4,7,19,10,10,13,13,16,16,19,19,19,2,2,1,2,2,2,4
485.0,4.850000000000001e-13,8.849876100627313,1.9103793472533528,1.9259882129060086,1.6898185312050817,1.9169203128655463,1.9229679711919405,2.0138302805238397,1,1,4,4,7,19,10,10,13,13,16,16,19,19,19,2,2,1,2,2,2,4
485.5,4.855e-13,8.864127218863642,1.9117590163616518,1.926160951410831,1.6927710775616294,1.9179636672891007,1.922711446886644,2.011714739170507,1,1,4,4,7,19,10,10,13,13,16,16,19,19,19,2,2,1,2,2,2,4
486.0,4.86e-13,8.878774772015461,1.9131577833886484,1.9264492044527988,1.6954756584301445,1.9189655182880194,1.9225240130136507,2.0095805545346943,1,1,4,4,7,19,10,10,13,13,16,16,19,19,19,2,2,1,2,2,2,4
486.5,4.865e-13,8.893818355423216,1.9145610049470991,1.9268614027431232,1.697911983923292,1.919889399086675,1.9224189161208158,2.0074134747874997,1,1,4,4,7,19,10,10,13,13,16,16,19,19,19,2,2,1,2,2,2,4
487.0,4.87e-13,8.909226213858975,1.9159560061086542,1.9274014150336471,1.7000683927910498,1.920703987154235,1.9224080149871985,2.0051984415785506,1,1,4,4,7,19,10,10,13,13,16,16,19,19,19,2,2,1,2,2,2,4
487.5,4.875e-13,8.924945350097946,1.9173340674599242,1.9280688498117617,1.7019416112800076,1.9213868972172468,1.92250040123784,2.0029215684690356,1,1,4,4,7,19,10,10,13,13,16,16,19,19,19,2,2,1,2,2,2,4
488.0,4.88e-13,8.940909987483025,1.9186918756334814,1.9288598244449504,1.7035354149644768,1.9219276768454168,1.9227014890301597,2.0005721435224335,1,1,4,4,7,19,10,10,13,13,16,16,19,19,19,2,2,1,2,2,2,4
488.5,4.885e-13,8.957046826407373,1.9200321965846165,1.929768103525646,1.704858523815113,1.9223294742511996,1.923012561584165,1.9981443748336627,1,1,4,4,7,19,10,10,13,13,16,16,19,19,19,2,2,1,2,2,2,4
489.0,4.89e-13,8.973277565429049,1.9213636719816427,1.9307864739111695,1.7059221693637907,1.9226090492499208,1.9234307078653725,1.9956385524885332,1,1,4,4,7,19,10,10,13,13,16,16,19,19,19,2,2,1,2,2,2,4
489.5,4.895000000000001e-13,8.989520045179768,1.922699805357831,1.9319081922929098,1.7067377435476143,1.922795084463068,1.9239490758940248,1.993061361235821,1,1,4,4,7,19,10,10,13,13,16,16,19,19,19,2,2,1,2,2,2,4
490.0,4.9e-13,9.005689393201896,1.9240573163977062,1.9331283110430673,1.7073147976329053,1.9229250775161748,1.9245573862771443,1.99042522425389,1,1,4,4,7,19,10,10,13,13,16,16,19,19,19,2,2,1,2,2,2,4
490.5,4.905000000000001e-13,9.021700211388666,1.9254541245694536,1.934444714887852,1.7076595292901713,1.9230413593741733,1.9252426665576983,1.9877467859737354,1,1,4,4,7,19,10,10,13,13,16,16,19,19,19,2,2,1,2,2,2,4
491.0,4.91e-13,9.03747055031697,1.9269072471279027,1.9358587442065693,1.7077738233655233,1.9231869006448012,1.9259901827330699,1.9850448352056724,1,1,4,4,7,19,10,10,13,13,16,16,19,19,19,2,2,1,2,2,2,4
491.5,4.915000000000001e-13,9.052928157028372,1.928430863758471,1.9373753575906134,1.7076548703899854,1.92340148088517,1.9267845565421837,1.9823380543961795,1,1,4,4,7,19,10,10,13,13,16,16,19,19,19,2,2,1,2,2,2,4
492.0,4.92e-13,9.068018907850535,1.930034725413147,1.9390028349576989,1.7072953862730802,1.9237185800906758,1.9276110439820429,1.9796429600738952,1,1,4,4,7,19,10,10,13,13,16,16,19,19,19,2,2,1,2,2,2,4
492.5,4.925000000000001e-13,9.082716191166668,1.931723006113623,1.9407520539481276,1.706684454541732,1.9241631093322038,1.9284569124647526,1.9769722826809688,1,1,4,4,7,19,10,10,13,13,16,16,19,19,19,2,2,1,2,2,2,4
493.0,4.93e-13,9.097028517494946,1.9334936475330742,1.9426353870944901,1.7058089983467128,1.924749948913689,1.9293127626707474,1.974333896374324,1,1,4,4,7,19,10,10,13,13,16,16,19,19,19,2,2,1,2,2,2,4
493.5,4.935000000000001e-13,9.111001675605474,1.9353382371529841,1.9446653199086208,1.704655804328816,1.9254832418092869,1.9301735596812883,1.9717302883258985,1,1,4,4,7,19,10,10,13,13,16,16,19,19,19,2,2,1,2,2,2,4
494.0,4.94e-13,9.12471246835406,1.9372424552525225,1.9468529323417154,1.7032139030702431,1.9263564647416196,1.9310390925471377,1.969158512729634,1,1,4,4,7,19,10,10,13,13,16,16,19,19,19,2,2,1,2,2,2,4
494.5,4.945000000000001e-13,9.138253896164867,1.9391870948847507,1.9492064070669957,1.7014769847643463,1.927353367657455,1.931913652698759,1.9666106057831485,1,1,4,4,7,19,10,10,13,13,16,16,19,19,19,2,2,1,2,2,2,4
495.0,4.95e-13,9.151715582236594,1.9411495931687544,1.9517297355088081,1.6994454354997044,1.9284499079310216,1.9328049282237303,1.9640744688089402,1,1,4,4,7,19,10,10,13,13,16,16,19,19,19,2,2,1,2,2,2,4
495.5,4.955000000000001e-13,9.16516601871706,1.9431059505662809,1.9544217572769187,1.6971276112844276,1.929617204324849,1.9337223383071875,1.9615352102034949,1,1,4,4,7,19,10,10,13,13,16,16,19,19,19,2,2,1,2,2,2,4
496.0,4.96e-13,9.178642638829352,1.9450328690376524,1.9572756741404282,1.6945400696577482,1.9308253675410798,1.9346752030186651,1.9589768558497007,1,1,4,4,7,19,10,10,13,13,16,16,19,19,19,2,2,1,2,2,2,4
496.5,4.965000000000001e-13,9.192151873156568,1.9469098560912435,1.9602790980903833,1.6917067193829958,1.9320477229841888,1.935671089940222,1.9563842961667248,1,1,4,4,7,19,10,10,13,13,16,16,19,19,19,2,2,1,2,2,2,4
497.0,4.97e-13,9.205676613382845,1.9487210288960357,1.9634146551446705,1.6886570786660018,1.9332647650022061,1.9367145858596784,1.9537452661529926,1,1,4,4,7,19,10,10,13,13,16,16,19,19,19,2,2,1,2,2,2,4
497.5,4.975000000000001e-13,9.219186214855222,1.950456364487772,1.9666610575002694,1.6854240274627423,1.9344670642978494,1.9378065596522782,1.9510521339795777,1,1,4,4,7,19,10,10,13,13,16,16,19,19,19,2,2,1,2,2,2,4
498.0,4.98e-13,9.232644971779553,1.9521122312732946,1.969994509250666,1.6820414872997775,1.9356565667383137,1.9389438870591391,1.9483032391716133,1,1,4,4,7,19,10,10,13,13,16,16,19,19,19,2,2,1,2,2,2,4
498.5,4.985e-13,9.246017317149317,1.9536911668001564,1.9733902505965588,1.6785423554363685,1.9368460312162465,1.9401195382450083,1.945503553865876,1,1,4,4,7,19,10,10,13,13,16,16,19,19,19,2,2,1,2,2,2,4
499.0,4.99e-13,9.259269969860098,1.955200986154122,1.9768240946179645,1.674956818859049,1.938056784693211,1.941322970763748,1.942664498240574,1,1,4,4,7,19,10,10,13,13,16,16,19,19,19,2,2,1,2,2,2,4
499.5,4.995e-13,9.27237217526189,1.9566533859980673,1.980273779687522,1.6713111060089183,1.939315268200307,1.9425407724629333,1.939802885069713,1,1,4,4,7,19,10,10,13,13,16,16,19,19,19,2,2,1,2,2,2,4
500.0,5e-13,9.285295214623966,1.958062247755816,1.9837199796834117,1.6676267006381844,1.940649020161318,1.9437575182857363,1.9369391479973663,1,1,4,4,7,19,10,10,13,13,16,16,19,19,19,2,2,1,2,2,2,4
500.5,5.005e-13,9.298012106342645,1.9594418470083503,1.9871468591258494,1.6639200753181052,1.9420827479794989,1.944956804054276,1.934095154523093,1,1,4,4,7,19,10,10,13,13,16,16,19,19,19,2,2,1,2,2,2,4
501.0,5.010000000000001e-13,9.310498267639776,1.9608051629190035,1.990542129454641,1.6602030261135257,1.9436349892383098,1.9461224247034914,1.9312919675211657,1,1,4,4,7,19,10,10,13,13,16,16,19,19,19,2,2,1,2,2,2,4
501.5,5.015e-13,9.32273387905068,1.9621624385092764,1.9938966393371373,1.656483667292042,1.9453156374221314,1.9472396472276936,1.9285478781704635,1,1,4,4,7,19,10,10,13,13,16,16,19,19,19,2,2,1,2,2,2,4
502.0,5.020000000000001e-13,9.334708503872642,1.9635200960961037,1.9972035705945421,1.6527680809162237,1.9471243880498346,1.9482964793737434,1.9258769220540468,1,1,4,4,7,19,10,10,13,13,16,16,19,19,19,2,2,1,2,2,2,4
502.5,5.025e-13,9.346427823345044,1.964880068528623,2.0004573358889086,1.6490624976613162,1.9490500386186067,1.949284759224677,1.9232879728115007,1,1,4,4,7,19,10,10,13,13,16,16,19,19,19,2,2,1,2,2,2,4
503.0,5.030000000000001e-13,9.357921075010198,1.9662395930255816,2.0036523158792825,1.6453757222406427,1.9510705745942338,1.9502008413094232,1.920784415985058,1,1,4,4,7,19,10,10,13,13,16,16,19,19,19,2,2,1,2,2,2,4
503.5,5.035e-13,9.369246404933545,1.9675915163777107,2.0067815994153864,1.6417213663713686,1.9531540302684773,1.9510456628961073,1.9183643470102099,1,1,4,4,7,19,10,10,13,13,16,16,19,19,19,2,2,1,2,2,2,4
504.0,5.040000000000001e-13,9.380490934489712,1.9689251348233145,2.009835890380534,1.638119434927419,1.95526018009022,1.9518240847395476,1.9160212313150196,1,1,4,4,7,19,10,10,13,13,16,16,19,19,19,2,2,1,2,2,2,4
504.5,5.045e-13,9.391763620860987,1.9702275730252585,2.0128027657789804,1.6345968450017947,1.9573431232552758,1.9525436232501303,1.9137449836803149,1,1,4,4,7,19,10,10,13,13,16,16,19,19,19,2,2,1,2,2,2,4
505.0,5.050000000000001e-13,9.403182056010309,1.971485571832711,2.0156663450042656,1.6311867688579853,1.9593546511487714,1.953212813619822,1.911523442982646,1,1,4,4,7,19,10,10,13,13,16,16,19,19,19,2,2,1,2,2,2,4
505.5,5.055e-13,9.41485716846943,1.9726874971308517,2.018407420346773,1.6279269452839757,1.9612481086513904,1.9538395584185948,1.909344156683136,1,1,4,4,7,19,10,10,13,13,16,16,19,19,19,2,2,1,2,2,2,4
506.0,5.060000000000001e-13,9.426880752870442,1.973825290525989,2.0210040638279914,1.6248573011587792,1.9629822831949628,1.9544297495421874,1.9071963040699158,1,1,4,4,7,19,10,10,13,13,16,16,19,19,19,2,2,1,2,2,2,4
506.5,5.065e-13,9.439319040717471,1.9748960737442909,2.023432706816576,1.6220172816566674,1.9645247830294277,1.954986334713063,1.9050725105498336,1,1,4,4,7,19,10,10,13,13,16,16,19,19,19,2,2,1,2,2,2,4
507.0,5.070000000000001e-13,9.452212502798027,1.9759031409139098,2.02566960911277,1.6194432680491107,1.9658544172056913,1.9555088566371293,1.9029702818114163,1,1,4,4,7,19,10,10,13,13,16,16,19,19,19,2,2,1,2,2,2,4
507.5,5.075e-13,9.46557960490916,1.9768561778644713,2.0276925479590036,1.6171663846666875,1.9669622551504042,1.9559934133933214,1.9008928256269877,1,1,4,4,7,19,10,10,13,13,16,16,19,19,19,2,2,1,2,2,2,4
508.0,5.080000000000001e-13,9.47942163881993,1.9777706530769175,2.029482497179305,1.6152108416812603,1.9678512668310857,1.9564329482595704,1.898849122673075,1,1,4,4,7,19,10,10,13,13,16,16,19,19,19,2,2,1,2,2,2,4
508.5,5.085e-13,9.493726602973272,1.978666475827109,2.0310250579087428,1.6135928702357987,1.9685346708766862,1.9568177843733006,1.8968532227235793,1,1,4,4,7,19,10,10,13,13,16,16,19,19,19,2,2,1,2,2,2,4
509.0,5.090000000000001e-13,9.508471448460348,1.979566124152461,2.032311444317367,1.6123202672972838,1.969033290913346,1.9571363449473222,1.8949228594677086,1,1,4,4,7,19,10,10,13,13,16,16,19,19,19,2,2,1,2,2,2,4
509.5,5.095e-13,9.523622982906575,1.9804924930521333,2.0333389184801223,1.6113925727360263,1.9693723599460111,1.9573760122368207,1.8930775926286105,1,1,4,4,7,19,10,10,13,13,16,16,19,19,19,2,2,1,2,2,2,4
510.0,5.1e-13,9.539138196754797,1.9814667310445246,2.034110666460879,1.6108019172280847,1.9695782419197125,1.957524116339544,1.8913367329547248,1,1,4,4,7,19,10,10,13,13,16,16,19,19,19,2,2,1,2,2,2,4
510.5,5.105e-13,9.55496486483849,1.9825063037132,2.03463519454236,1.6105345514555929,1.969675458584838,1.957569007635904,1.88971735577194,1,1,4,4,7,19,10,10,13,13,16,16,19,19,19,2,2,1,2,2,2,4
511.0,5.11e-13,9.571043248526799,1.9836234369040853,2.034925335256524,1.6105730232805533,1.9696842787165243,1.9575011857824125,1.8882326149786177,1,1,4,4,7,19,10,10,13,13,16,16,19,19,19,2,2,1,2,2,2,4
511.5,5.115e-13,9.587309672755627,1.9848240696519297,2.034997014236687,1.610898746901161,1.9696189828813822,1.9573143757837554,1.8868905432794296,1,1,4,4,7,19,10,10,13,13,16,16,19,19,19,2,2,1,2,2,2,4
512.0,5.12e-13,9.603702480504468,1.9861073704522656,2.034867883096832,1.6114945944372132,1.9694868176605898,1.9570063828953754,1.88569340524213,1,1,4,4,7,19,10,10,13,13,16,16,19,19,19,2,2,1,2,2,2,4
512.5,5.125000000000001e-13,9.62017019929896,1.987465842270989,2.034555930461446,1.6123470143941614,1.9692876452708918,1.9565795143666644,1.8846376189532312,1,1,4,4,7,19,10,10,13,13,16,16,19,19,19,2,2,1,2,2,2,4
513.0,5.13e-13,9.636680537091197,1.9888860396780652,2.034078181232347,1.6134472526809507,1.9690143073574868,1.9560404003404115,1.8837142105353533,1,1,4,4,7,19,10,10,13,13,16,16,19,19,19,2,2,1,2,2,2,4
513.5,5.135000000000001e-13,9.653227460715794,1.9903498834486402,2.033449597265594,1.6147914009326763,1.9686537815022895,1.9553991662731784,1.8829097760792355,1,1,4,4,7,19,10,10,13,13,16,16,19,19,19,2,2,1,2,2,2,4
514.0,5.14e-13,9.669833027356015,1.9918365095018782,2.0326822824372157,1.616379303164155,1.968189192671266,1.9546680912227157,1.8822078747910675,1,1,4,4,7,19,10,10,13,13,16,16,19,19,19,2,2,1,2,2,2,4
514.5,5.145000000000001e-13,9.686541795416105,1.9933244927947114,2.0317850774273056,1.6182126150010858,1.9676026327885459,1.953860023297836,1.8815907691967106,1,1,4,4,7,19,10,10,13,13,16,16,19,19,19,2,2,1,2,2,2,4
515.0,5.15e-13,9.703408523547399,1.9947941665491726,2.0307636145499623,1.620292455861465,1.966878559081473,1.952986855259085,1.8810413668460235,1,1,4,4,7,19,10,10,13,13,16,16,19,19,19,2,2,1,2,2,2,4
515.5,5.155000000000001e-13,9.720483021469859,1.9962296824484242,2.029620864831999,1.6226170916481883,1.9660073090567303,1.9520583023818197,1.88054515414962,1,1,4,4,7,19,10,10,13,13,16,16,19,19,19,2,2,1,2,2,2,4
516.0,5.16e-13,9.737797368636777,1.9976204786149985,2.0283581478381882,1.6251799818636368,1.9649881307809187,1.9510811096072598,1.8800918564370304,1,1,4,4,7,19,10,10,13,13,16,16,19,19,19,2,2,1,2,2,2,4
516.5,5.165000000000001e-13,9.755359307905941,1.99896194201291,2.026976489546708,1.6279683888394898,1.9638311391876095,1.9500586981489016,1.8796765752311089,1,1,4,4,7,19,10,10,13,13,16,16,19,19,19,2,2,1,2,2,2,4
517.0,5.17e-13,9.77315246721568,2.0002552020375624,2.0254781028580404,1.6309626556745822,1.9625577860173027,1.9489911944279377,1.8793002127579477,1,1,4,4,7,19,10,10,13,13,16,16,19,19,19,2,2,1,2,2,2,4
517.5,5.175000000000001e-13,9.791141246585962,2.0015061575800224,2.02386776230437,1.6341361184130507,1.9611997368614889,1.9478757700726208,1.878969134373217,1,1,4,4,7,19,10,10,13,13,16,16,19,19,19,2,2,1,2,2,2,4
518.0,5.18e-13,9.809277256890098,2.0027239431004764,2.022153813781535,1.6374556388155537,1.9597963403504484,1.946707216380933,1.878694143433798,1,1,4,4,7,19,10,10,13,13,16,16,19,19,19,2,2,1,2,2,2,4
518.5,5.185000000000001e-13,9.827504955800187,2.003919059857364,2.0203486275585054,1.6408827621793023,1.9583911406066394,1.9454786818609298,1.8784889430678422,1,1,4,4,7,19,10,10,13,13,16,16,19,19,19,2,2,1,2,2,2,4
519.0,5.19e-13,9.845765404499444,2.005101460025405,2.0184684757562508,1.644375445969673,1.9570279834168296,1.944182553821464,1.8783683356840484,1,1,4,4,7,19,10,10,13,13,16,16,19,19,19,2,2,1,2,2,2,4
519.5,5.195000000000001e-13,9.863998254502528,2.0062787729899583,2.0165328802341858,1.6478903289274107,1.955747262880529,1.9428114478272454,1.8783463938711846,1,1,4,4,7,19,10,10,13,13,16,16,19,19,19,2,2,1,2,2,2,4
520.0,5.2e-13,9.882142600120769,2.00745485977494,2.014563584491203,1.6513853709213142,1.954582707208158,1.9413592970446523,1.8784348122848975,1,1,4,4,7,19,10,10,13,13,16,16,19,19,19,2,2,1,2,2,2,4
520.5,5.205000000000001e-13,9.900137566427098,2.008628790034461,2.0125832904234247,1.6548225795322753,1.9535589209072086,1.9398224474193306,1.8786415961578695,1,1,4,4,7,19,10,10,13,13,16,16,19,19,19,2,2,1,2,2,2,4
521.0,5.21e-13,9.917923371134687,2.0097943255661344,2.010614303444682,1.6581703937971315,1.9526897715546627,1.938200650843439,1.878970178449821,1,1,4,4,7,19,10,10,13,13,16,16,19,19,19,2,2,1,2,2,2,4
521.5,5.215e-13,9.935443467779647,2.0109399518198607,2.0086772050597763,1.6614052455831896,1.9519776508339193,1.9364977637560745,1.8794190093629177,1,1,4,4,7,19,10,10,13,13,16,16,19,19,19,2,2,1,2,2,2,4
522.0,5.22e-13,9.952648230575255,2.012049458812987,2.00678963021166,1.6645119995682653,1.9514136422739998,1.9347219315223938,1.8799816321281138,1,1,4,4,7,19,10,10,13,13,16,16,19,19,19,2,2,1,2,2,2,4
522.5,5.225e-13,9.96950013621384,2.013103062387331,2.0049652690541584,1.667483134528826,1.9509786385419148,1.9328851404955942,1.8806472240569445,1,1,4,4,7,19,10,10,13,13,16,16,19,19,19,2,2,1,2,2,2,4
523.0,5.23e-13,9.985979750590799,2.0140790063734046,2.0032131770310504,1.6703168861377578,1.9506454471583037,1.9310021728825706,1.8814015710681657,1,1,4,4,7,19,10,10,13,13,16,16,19,19,19,2,2,1,2,2,2,4
523.5,5.235e-13,10.002090828938119,2.014955531533592,2.00153746886577,1.6730147609791255,1.9503818278368026,1.9290891747625283,1.8822284111430978,1,1,4,4,7,19,10,10,13,13,16,16,19,19,19,2,2,1,2,2,2,4
524.0,5.240000000000001e-13,10.017862221472683,2.0157130223719073,1.99993744438485,1.6755789012908104,1.95015423200079,1.9271621204314349,1.8831110567073719,1,1,4,4,7,19,10,10,13,13,16,16,19,19,19,2,2,1,2,2,2,4
524.5,5.245e-13,10.033344794285386,2.0163360695418615,1.998408153811287,1.678009738048804,1.9499317959651157,1.9252354298082586,1.8840341630993906,1,1,4,4,7,19,10,10,13,13,16,16,19,19,19,2,2,1,2,2,2,4
525.0,5.250000000000001e-13,10.048603422097852,2.0168151475775162,1.9969413773920897,1.6803042126422345,1.9496899675628039,1.9233208965591357,1.8849854583472587,1,1,4,4,7,19,10,10,13,13,16,16,19,19,19,2,2,1,2,2,2,4
525.5,5.255e-13,10.063706401056214,2.017147638005322,1.9955269516385903,1.6824546854541171,1.9494131451200263,1.9214270005140361,1.8859572038432173,1,1,4,4,7,19,10,10,13,13,16,16,19,19,19,2,2,1,2,2,2,4
526.0,5.260000000000001e-13,10.078715843614512,2.0173380312415423,1.9941543008019649,1.684448540474855,1.9490959004614123,1.9195586133362958,1.8869471519844538,1,1,4,4,7,19,10,10,13,13,16,16,19,19,19,2,2,1,2,2,2,4
526.5,5.265e-13,10.093681853238435,2.017397299479164,1.9928139750474003,1.6862684282543285,1.9487426728717268,1.9177170696283636,1.887958829942899,1,1,4,4,7,19,10,10,13,13,16,16,19,19,19,2,2,1,2,2,2,4
527.0,5.270000000000001e-13,10.108641176825694,2.0173415713492573,1.9914989584889013,1.6878931061881797,1.9483661288166345,1.9159005611733635,1.8890010959479369,1,1,4,4,7,19,10,10,13,13,16,16,19,19,19,2,2,1,2,2,2,4
527.5,5.275e-13,10.123618996659701,2.0171903480847564,1.9902055107264,1.6892988669079996,1.9479845431024638,1.9141047499444372,1.8900870464029527,1,1,4,4,7,19,10,10,13,13,16,16,19,19,19,2,2,1,2,2,2,4
528.0,5.280000000000001e-13,10.138631835274236,2.016964467028078,1.9889334958648166,1.6904614469280397,1.9476187451975446,1.9123236287777379,1.8912324240452143,1,1,4,4,7,19,10,10,13,13,16,16,19,19,19,2,2,1,2,2,2,4
528.5,5.285e-13,10.153689849156056,2.01668408650811,1.9876861752961135,1.6913583289209475,1.9472890308686017,1.9105505089948938,1.892453771848443,1,1,4,4,7,19,10,10,13,13,16,16,19,19,19,2,2,1,2,2,2,4
529.0,5.290000000000001e-13,10.168797757355467,2.0163668534314487,1.9864696176747034,1.6919711706231766,1.9470124436094953,1.9087791406126973,1.8937665511539061,1,1,4,4,7,19,10,10,13,13,16,16,19,19,19,2,2,1,2,2,2,4
529.5,5.295e-13,10.183954428166818,2.0160263986253844,1.9852918784438975,1.6922880160965015,1.946800640356082,1.907004900107964,1.8951834208618377,1,1,4,4,7,19,10,10,13,13,16,16,19,19,19,2,2,1,2,2,2,4
530.0,5.300000000000001e-13,10.199151682813689,2.015671247062642,1.984162064439409,1.6923048928680529,1.9466584357281411,1.9052259272607062,1.8967128462775327,1,1,4,4,7,19,10,10,13,13,16,16,19,19,19,2,2,1,2,2,2,4
530.5,5.305e-13,10.214373092658931,2.0153042100322445,1.9830893665508906,1.6920264248871495,1.946583033297626,1.9034440519904934,1.898358128933256,1,1,4,4,7,19,10,10,13,13,16,16,19,19,19,2,2,1,2,2,2,4
531.0,5.310000000000001e-13,10.229593610228603,2.0149223177912448,1.9820821000943127,1.6914652964467107,1.9465639455132169,1.9016652673643029,1.9001169577855643,1,1,4,4,7,19,10,10,13,13,16,16,19,19,19,2,2,1,2,2,2,4
531.5,5.315e-13,10.244780784757348,2.014517335281628,1.9811467997096035,1.6906406609094013,1.9465836116777866,1.899899591978306,1.9019814911387811,1,1,4,4,7,19,10,10,13,13,16,16,19,19,19,2,2,1,2,2,2,4
532.0,5.320000000000001e-13,10.259898208268035,2.0140768643010145,1.980287446573926,1.689575807101914,1.9466187464704192,1.8981602771920951,1.9039389512245795,1,1,4,4,7,19,10,10,13,13,16,16,19,19,19,2,2,1,2,2,2,4
532.5,5.325e-13,10.274911548047466,2.0135859732292762,1.9795049068485011,1.6882955460454965,1.9466424205828412,1.8964624999946103,1.9059726723781434,1,1,4,4,7,19,10,10,13,13,16,16,19,19,19,2,2,1,2,2,2,4
533.0,5.330000000000001e-13,10.28979674676329,2.013029196939038,1.97879666018546,1.6868237683245253,1.9466267963824448,1.8948218184186618,1.9080635071142396,1,1,4,4,7,19,10,10,13,13,16,16,19,19,19,2,2,1,2,2,2,4
533.5,5.335e-13,10.304548670881747,2.0123926514167443,1.9781568709610764,1.685181490303676,1.9465463058282522,1.8932527017015062,1.9101914626726613,1,1,4,4,7,19,10,10,13,13,16,16,19,19,19,2,2,1,2,2,2,4
534.0,5.34e-13,10.31918727268381,2.0116659521750075,1.9775768277365937,1.6833855411069087,1.9463809112710169,1.891767348883559,1.9123374281263725,1,1,4,4,7,19,10,10,13,13,16,16,19,19,19,2,2,1,2,2,2,4
534.5,5.345e-13,10.333758293265685,2.0108436245370243,1.9770457283866067,1.6814479109048812,1.9461189620986823,1.8903748801167595,1.9144848432758041,1,1,4,4,7,19,10,10,13,13,16,16,19,19,19,2,2,1,2,2,2,4
535.0,5.35e-13,10.348327281045973,2.009925744935243,1.9765516838727992,1.6793757580754909,1.9457591883227432,1.8890809257586452,1.916621085767872,1,1,4,4,7,19,10,10,13,13,16,16,19,19,19,2,2,1,2,2,2,4
535.5,5.355000000000001e-13,10.362968365724264,2.0089177708881665,1.9760829294681488,1.6771718610391517,1.9453114728511103,1.8878875218016131,1.9187384615468492,1,1,4,4,7,19,10,10,13,13,16,16,19,19,19,2,2,1,2,2,2,4
536.0,5.36e-13,10.377751704597722,2.007829596169993,1.9756289063110684,1.6748357308228818,1.9447962630692661,1.8867933097423553,1.9208345402094593,1,1,4,4,7,19,10,10,13,13,16,16,19,19,19,2,2,1,2,2,2,4
536.5,5.365000000000001e-13,10.392733573199509,2.006674050159656,1.975181156368461,1.6723652220844498,1.9442427587195397,1.8857940345908055,1.9229117469863086,1,1,4,4,7,19,10,10,13,13,16,16,19,19,19,2,2,1,2,2,2,4
537.0,5.37e-13,10.407951442563709,2.005465097872875,1.9747338343200964,1.669758633743922,1.9436861634022538,1.8848832663798738,1.9249762803633883,1,1,4,4,7,19,10,10,13,13,16,16,19,19,19,2,2,1,2,2,2,4
537.5,5.375000000000001e-13,10.423423810521236,2.004215985070293,1.9742837944161227,1.6670170786306047,1.943164437248158,1.8840532888610355,1.9270365453846074,1,1,4,4,7,19,10,10,13,13,16,16,19,19,19,2,2,1,2,2,2,4
538.0,5.38e-13,10.439152881811085,2.002937530935042,1.973830309423457,1.6641467854971437,1.9427150023102921,1.883296101145265,1.9291013497979221,1,1,4,4,7,19,10,10,13,13,16,16,19,19,19,2,2,1,2,2,2,4
538.5,5.385000000000001e-13,10.455127927221628,2.0016367211308355,1.9733745356277403,1.6611609275626285,1.9423717674793672,1.8826044820670784,1.9311781059177915,1,1,4,4,7,19,10,10,13,13,16,16,19,19,19,2,2,1,2,2,2,4
539.0,5.39e-13,10.471327880910481,2.0003156993147044,1.9729188432681497,1.658080597738979,1.9421626913472805,1.8819730496989553,1.9332712450338134,1,1,4,4,7,19,10,10,13,13,16,16,19,19,19,2,2,1,2,2,2,4
539.5,5.395000000000001e-13,10.48772275783695,1.9989712098984815,1.9724660798725218,1.6549346874761945,1.9421079773909435,1.8813992021879347,1.9353810107208653,1,1,4,4,7,19,10,10,13,13,16,16,19,19,19,2,2,1,2,2,2,4
540.0,5.4e-13,10.504274206471129,1.9975945145646645,1.9720188552360174,1.6517585692305994,1.9422189195857067,1.8808838084486128,1.937502698017407,1,1,4,4,7,19,10,10,13,13,16,16,19,19,19,2,2,1,2,2,2,4
540.5,5.405000000000001e-13,10.52093597901469,1.996171794213257,1.9715787403676335,1.648591915727537,1.942497452201495,1.880431435326296,1.9396265013255642,1,1,4,4,7,19,10,10,13,13,16,16,19,19,19,2,2,1,2,2,2,4
541.0,5.41e-13,10.537654866002535,1.9946850445541888,1.9711455474081316,1.6454758846414022,1.9429364685191486,1.8800500283089605,1.9417378962731604,1,1,4,4,7,19,10,10,13,13,16,16,19,19,19,2,2,1,2,2,2,4
541.5,5.415000000000001e-13,10.554372629275589,1.99311343240748,1.9707166537604823,1.6424502756067199,1.9435210035045036,1.8797500422596451,1.9438185305383613,1,1,4,4,7,19,10,10,13,13,16,16,19,19,19,2,2,1,2,2,2,4
542.0,5.42e-13,10.571029339276535,1.9914350332754829,1.970286497216994,1.6395510267464344,1.9442303097584657,1.8795431633061914,1.9458475533019581,1,1,4,4,7,19,10,10,13,13,16,16,19,19,19,2,2,1,2,2,2,4
542.5,5.425000000000001e-13,10.587568443759306,1.9896287791586689,1.969846319544282,1.636808347598048,1.945040702428408,1.879440880405238,1.9478032510731762,1,1,4,4,7,19,10,10,13,13,16,16,19,19,19,2,2,1,2,2,2,4
543.0,5.43e-13,10.603943453988798,1.9876763907478552,1.9693842331809792,1.634245611275433,1.9459288578428051,1.879453162525643,1.949664840220794,1,1,4,4,7,19,10,10,13,13,16,16,19,19,19,2,2,1,2,2,2,4
543.5,5.435000000000001e-13,10.620125178752302,1.985564056450229,1.968885651712629,1.631879023083574,1.9468750694482972,1.879587422616681,1.951414232620729,1,1,4,4,7,19,10,10,13,13,16,16,19,19,19,2,2,1,2,2,2,4
544.0,5.44e-13,10.636107347817592,1.9832836622472367,1.9683340793380177,1.6297180052289097,1.9478659087457375,1.8798478481787295,1.953037576526433,1,1,4,4,7,19,10,10,13,13,16,16,19,19,19,2,2,1,2,2,2,4
544.5,5.445000000000001e-13,10.651908126497872,1.9808334314395957,1.96771218118262,1.6277662072564751,1.9488958501794598,1.8802350953153568,1.9545263963013277,1,1,4,4,7,19,10,10,13,13,16,16,19,19,19,2,2,1,2,2,2,4
545.0,5.45e-13,10.66756611823141,1.9782178892139024,1.9670030021317926,1.6260230136854341,1.9499676551536296,1.8807463149643016,1.9558782038863638,1,1,4,4,7,19,10,10,13,13,16,16,19,19,19,2,2,1,2,2,2,4
545.5,5.455e-13,10.683131727526309,1.9754471563484888,1.9661911294860142,1.6244854780738072,1.951091538223922,1.881375486076587,1.9570964814746035,1,1,4,4,7,19,10,10,13,13,16,16,19,19,19,2,2,1,2,2,2,4
546.0,5.46e-13,10.698656862515884,1.972535698148903,1.9652636428258752,1.6231505184927795,1.9522833274166196,1.8821140028306307,1.9581900182220096,1,1,4,4,7,19,10,10,13,13,16,16,19,19,19,2,2,1,2,2,2,4
546.5,5.465e-13,10.714186574849123,1.9695007391747867,1.9642107012624719,1.6220171389655658,1.953561932910739,1.8829514621799235,1.959171674140869,1,1,4,4,7,19,10,10,13,13,16,16,19,19,19,2,2,1,2,2,2,4
547.0,5.470000000000001e-13,10.729754851377932,1.966360578848495,1.9630257626116576,1.621088269602836,1.9549465193536528,1.883876575876283,1.9600567773203605,1,1,4,4,7,19,10,10,13,13,16,16,19,19,19,2,2,1,2,2,2,4
547.5,5.475e-13,10.74538452516542,1.9631330038885404,1.9617054966143024,1.6203718195795187,1.9564537579340935,1.8848781479708758,1.9608613885839548,1,1,4,4,7,19,10,10,13,13,16,16,19,19,19,2,2,1,2,2,2,4
548.0,5.480000000000001e-13,10.761089613787405,1.9598339584571087,1.9602494977091893,1.6198806748006196,1.9580954447566454,1.8859460654503408,1.9616006512163033,1,1,4,4,7,19,10,10,13,13,16,16,19,19,19,2,2,1,2,2,2,4
548.5,5.485e-13,10.77687807252282,1.9564765800799173,1.9586598989649675,1.6196316003184683,1.9598766538160555,1.8870722420675587,1.9622873902647149,1,1,4,4,7,19,10,10,13,13,16,16,19,19,19,2,2,1,2,2,2,4
549.0,5.490000000000001e-13,10.792753621983065,1.9530706468635675,1.9569409433324083,1.619643240695468,1.9617945029852377,1.8882514299995634,1.962931060815522,1,1,4,4,7,19,10,10,13,13,16,16,19,19,19,2,2,1,2,2,2,4
549.5,5.495e-13,10.808716274328662,1.9496224517235372,1.9550985041082913,1.6199336089655185,1.9638375619358142,1.8894817745163983,1.9635371059043316,1,1,4,4,7,19,10,10,13,13,16,16,19,19,19,2,2,1,2,2,2,4
550.0,5.500000000000001e-13,10.824761807380423,1.9461350586932369,1.9531395154424909,1.6205174937108036,1.9659859617461388,1.8907649771267923,1.9641067544762238,1,1,4,4,7,19,10,10,13,13,16,16,19,19,19,2,2,1,2,2,2,4
550.5,5.505e-13,10.840880654611901,1.9426089168478935,1.951071303791754,1.6214041761346085,1.9682122657235717,1.8921059600702286,1.96463727336219,1,1,4,4,7,19,10,10,13,13,16,16,19,19,19,2,2,1,2,2,2,4
551.0,5.510000000000001e-13,10.85705663238806,1.9390428293139754,1.9489008666524035,1.622595755591221,1.9704831060926455,1.893512024603332,1.9651226689259202,1,1,4,4,7,19,10,10,13,13,16,16,19,19,19,2,2,1,2,2,2,4
551.5,5.515e-13,10.873265953143344,1.9354352389812377,1.9466342103006227,1.6240862230648374,1.972761511537962,1.894991623985741,1.9655547999588834,1,1,4,4,7,19,10,10,13,13,16,16,19,19,19,2,2,1,2,2,2,4
552.0,5.520000000000001e-13,10.889477231312682,1.9317857071161917,1.9442758818114503,1.6258613100253712,1.9750097232508688,1.8965529703547381,1.9659248231461777,1,1,4,4,7,19,10,10,13,13,16,16,19,19,19,2,2,1,2,2,2,4
552.5,5.525e-13,10.905653448689716,1.9280963919331529,1.9418288144625278,1.6278990608878072,1.9771921761077518,1.8982027147113267,1.9662248332946752,1,1,4,4,7,19,10,10,13,13,16,16,19,19,19,2,2,1,2,2,2,4
553.0,5.530000000000001e-13,10.921756699781145,1.9243732988546938,1.9392945623168998,1.63017104940763,1.9792782509734987,1.8999448812547433,1.9664495039383314,1,1,4,4,7,19,10,10,13,13,16,16,19,19,19,2,2,1,2,2,2,4
553.5,5.535e-13,10.93775566843574,1.9206271150341385,1.9366739399909407,1.6326441294250484,1.9812444323271905,1.9017801407992192,1.9665974952033058,1,1,4,4,7,19,10,10,13,13,16,16,19,19,19,2,2,1,2,2,2,4
554.0,5.540000000000001e-13,10.953634308744578,1.916873513683519,1.9339679961641814,1.6352825944855505,1.983075628090876,1.9037054356149172,1.966672407346187,1,1,4,4,7,19,10,10,13,13,16,16,19,19,19,2,2,1,2,2,2,4
554.5,5.545e-13,10.969398852172699,1.9131328643160705,1.9311791591127907,1.6380505757368828,1.9847655747861006,1.9057139407594952,1.966683114785904,1,1,4,4,7,19,10,10,13,13,16,16,19,19,19,2,2,1,2,2,2,4
555.0,5.550000000000001e-13,10.985080154831456,1.9094293249269183,1.9283123025676445,1.6409144757999554,1.9863163748439174,1.907795361307029,1.9666434137203779,1,1,4,4,7,19,10,10,13,13,16,16,19,19,19,2,2,1,2,2,2,4
555.5,5.555e-13,11.00073002436182,1.9057893647987019,1.925375483845544,1.6438451526817561,1.9877372767618964,1.9099365657213543,1.9665710223385575,1,1,4,4,7,19,10,10,13,13,16,16,19,19,19,2,2,1,2,2,2,4
556.0,5.560000000000001e-13,11.016412732266744,1.9022399207100718,1.9223802372939014,1.6468194726655356,1.9890428343613147,1.912122509813515,1.9664860799970827,1,1,4,4,7,19,10,10,13,13,16,16,19,19,19,2,2,1,2,2,2,4
556.5,5.565e-13,11.032194852783334,1.8988064772275122,1.9193414492839098,1.6498208913810128,1.9902506560853774,1.9143373507385562,1.9664093747459286,1,1,4,4,7,19,10,10,13,13,16,16,19,19,19,2,2,1,2,2,2,4
557.0,5.57e-13,11.048136677879876,1.8955113309421119,1.9162769274444342,1.6528389311482192,1.991379024512662,1.9165656545950205,1.9663605360607372,1,1,4,4,7,19,10,10,13,13,16,16,19,19,19,2,2,1,2,2,2,4
557.5,5.575e-13,11.064286963133155,1.8923722257295126,1.9132067897401939,1.6558676938356987,1.9924446585594013,1.9187936099309952,1.9663563992591826,1,1,4,4,7,19,10,10,13,13,16,16,19,19,19,2,2,1,2,2,2,4
558.0,5.58e-13,11.08068090160847,1.8894014551633391,1.9101527679753867,1.658903745206635,1.9934608270664707,1.921010155292303,1.96640968163339,1,1,4,4,7,19,10,10,13,13,16,16,19,19,19,2,2,1,2,2,2,4
558.5,5.585e-13,11.097340137108585,1.8866054832981174,1.9071374771390437,1.6619437824359795,1.9944359302396433,1.9232078907440497,1.9665280548417257,1,1,4,4,7,19,10,10,13,13,16,16,19,19,19,2,2,1,2,2,2,4
559.0,5.59e-13,11.114273521770304,1.8839850733571057,1.9041836393123488,1.6649824769897066,1.9953726184968081,1.9253836199560905,1.9667136454475411,1,1,4,4,7,19,10,10,13,13,16,16,19,19,19,2,2,1,2,2,2,4
559.5,5.595000000000001e-13,11.131477808238941,1.881535894368924,1.901313239065483,1.668010776991036,1.9962674956459865,1.9275383650790952,1.96696298933374,1,1,4,4,7,19,10,10,13,13,16,16,19,19,19,2,2,1,2,2,2,4
560.0,5.6e-13,11.14893800550151,1.8792495514848033,1.8985466170086691,1.671014836457244,1.9971114768991276,1.929676776838083,1.9672674630854472,1,1,4,4,7,19,10,10,13,13,16,16,19,19,19,2,2,1,2,2,2,4
560.5,5.605000000000001e-13,11.166627462245133,1.8771149614384122,1.8959015587980508,1.6739756496658353,1.9978908626680665,1.9318059998732737,1.967614195091289,1,1,4,4,7,19,10,10,13,13,16,16,19,19,19,2,2,1,2,2,2,4
561.0,5.61e-13,11.184507886971758,1.87511995742191,1.8933925224539636,1.676869357361064,1.9985891232158546,1.9339341764398421,1.9679874372438435,1,1,4,4,7,19,10,10,13,13,16,16,19,19,19,2,2,1,2,2,2,4
561.5,5.615000000000001e-13,11.202529681746437,1.8732529332193817,1.8910301463624992,1.6796681712954051,1.999189273756087,1.9360688600967786,1.9683703078447006,1,1,4,4,7,19,10,10,13,13,16,16,19,19,19,2,2,1,2,2,2,4
562.0,5.62e-13,11.220633197330848,1.8715043034056411,1.8888211668513968,1.6823418311235874,1.9996765528504399,1.9382156085706823,1.968746726370102,1,1,4,4,7,19,10,10,13,13,16,16,19,19,19,2,2,1,2,2,2,4
562.5,5.625000000000001e-13,11.238751655211802,1.8698675744776359,1.8867688032741905,1.684859482096707,2.0000409845398175,1.9403769345038457,1.9691032959546904,1,1,4,4,7,19,10,10,13,13,16,16,19,19,19,2,2,1,2,2,2,4
563.0,5.63e-13,11.256816287681408,1.8683399124672126,1.8848735914072092,1.6871918063705034,2.0002793780177703,1.94255169359838,1.969430854503554,1,1,4,4,7,19,10,10,13,13,16,16,19,19,19,2,2,1,2,2,2,4
563.5,5.635000000000001e-13,11.274763530261458,1.8669221925179467,1.8831345533402288,1.6893131665943049,2.0003964218655788,1.944734892435344,1.9697254488874087,1,1,4,4,7,19,10,10,13,13,16,16,19,19,19,2,2,1,2,2,2,4
564.0,5.64e-13,11.292542968878703,1.865618601690889,1.881550512845901,1.6912034626602208,2.0004047072110005,1.9469178517227483,1.9699885824117234,1,1,4,4,7,19,10,10,13,13,16,16,19,19,19,2,2,1,2,2,2,4
564.5,5.645000000000001e-13,11.310123754612537,1.8644358849497928,1.8801212995860264,1.6928494166232282,2.000323707792626,1.9490886764701865,1.97022671885519,1,1,4,4,7,19,10,10,13,13,16,16,19,19,19,2,2,1,2,2,2,4
565.0,5.65e-13,11.327497126793057,1.8633823274256434,1.8788485978948521,1.6942450774057376,2.0001778904413743,1.9512330163199592,1.9704501578419262,1,1,4,4,7,19,10,10,13,13,16,16,19,19,19,2,2,1,2,2,2,4
565.5,5.655000000000001e-13,11.344673917287897,1.8624665682068753,1.8777362843367347,1.6953914576282518,1.999994227289045,1.9533351144403526,1.97067148840396,1,1,4,4,7,19,10,10,13,13,16,16,19,19,19,2,2,1,2,2,2,4
566.0,5.66e-13,11.361677889781152,1.861696377786008,1.8767902523167126,1.6962953504304745,1.9997994420565453,1.9553790992500308,1.9709038632236928,1,1,4,4,7,19,10,10,13,13,16,16,19,19,19,2,2,1,2,2,2,4
566.5,5.665000000000001e-13,11.37853738102352,1.861077549018761,1.8760178495810276,1.6969675155948092,1.9996173293005366,1.9573503995170445,1.971159318646143,1,1,4,4,7,19,10,10,13,13,16,16,19,19,19,2,2,1,2,2,2,4
567.0,5.67e-13,11.395278026186027,1.8606130308610787,1.875427101889848,1.6974205438404903,1.9994664364433223,1.9592371246963436,1.9714473212488994,1,1,4,4,7,19,10,10,13,13,16,16,19,19,19,2,2,1,2,2,2,4
567.5,5.675000000000001e-13,11.411918318274957,1.8603023849104332,1.8750258638019786,1.697666734491773,1.999358296552504,1.9610312432974724,1.9717736557733396,1,1,4,4,7,19,10,10,13,13,16,16,19,19,19,2,2,1,2,2,2,4
568.0,5.68e-13,11.428468195055867,1.8601415993212733,1.8748209745862143,1.6977162779820807,1.9992963097949863,1.962729388807719,1.9721397146336632,1,1,4,4,7,19,10,10,13,13,16,16,19,19,19,2,2,1,2,2,2,4
568.5,5.685000000000001e-13,11.444929734812753,1.8601232660896438,1.8748174405230817,1.697575951832168,1.9992753162796872,1.9643331339907764,1.9725422128549572,1,1,4,4,7,19,10,10,13,13,16,16,19,19,19,2,2,1,2,2,2,4
569.0,5.69e-13,11.461298744425012,1.8602371126600399,1.8750176845466464,1.6972483634821602,1.999281896410671,1.9658486216565676,1.9729733374687135,1,1,4,4,7,19,10,10,13,13,16,16,19,19,19,2,2,1,2,2,2,4
569.5,5.695e-13,11.477566357171005,1.860470856861603,1.8754208738969025,1.6967318131727742,1.999295445232519,1.9672855513992498,1.9734213463114894,1,1,4,4,7,19,10,10,13,13,16,16,19,19,19,2,2,1,2,2,2,4
570.0,5.7e-13,11.493720163560916,1.8608113359275853,1.8760223970825618,1.6960207508056167,1.9992900240104814,1.9686556746764052,1.9738716088128707,1,1,4,4,7,19,10,10,13,13,16,16,19,19,19,2,2,1,2,2,2,4
570.5,5.705e-13,11.509744704937425,1.8612458079166831,1.876813594371376,1.695106779866476,1.9992368891879306,1.9699710644450956,1.9743080549823309,1,1,4,4,7,19,10,10,13,13,16,16,19,19,19,2,2,1,2,2,2,4
571.0,5.710000000000001e-13,11.525621356415952,1.8617632880839823,1.877781836799349,1.693980151291972,1.99910742600131,1.9712424566238442,1.9747149321641162,1,1,4,4,7,19,10,10,13,13,16,16,19,19,19,2,2,1,2,2,2,4
571.5,5.715e-13,11.541327804203899,1.8623557536559898,1.8789110195794578,1.6926316359417168,1.9988760513110297,1.9724779112119388,1.9750786835167893,1,1,4,4,7,19,10,10,13,13,16,16,19,19,19,2,2,1,2,2,2,4
572.0,5.720000000000001e-13,11.556837542036677,1.8630190690371817,1.8801824831812346,1.6910545789519937,1.9985225993180613,1.9736819339050506,1.9753896933163628,1,1,4,4,7,19,10,10,13,13,16,16,19,19,19,2,2,1,2,2,2,4
572.5,5.725e-13,11.57212005052725,1.8637535171732809,1.8815762844082955,1.689246865375564,1.998033823708908,1.9748550907269447,1.9756436243220763,1,1,4,4,7,19,10,10,13,13,16,16,19,19,19,2,2,1,2,2,2,4
573.0,5.730000000000001e-13,11.58714244488926,1.864563881869516,1.8830726560633435,1.6872124751017774,1.9974038710535615,1.9759940796835775,1.9758421092237848,1,1,4,4,7,19,10,10,13,13,16,16,19,19,19,2,2,1,2,2,2,4
573.5,5.735e-13,11.601873150745057,1.8654590756672391,1.884653420593213,1.6849623451466844,1.9966338092215468,1.977092182087073,1.9759926785122799,1,1,4,4,7,19,10,10,13,13,16,16,19,19,19,2,2,1,2,2,2,4
574.0,5.740000000000001e-13,11.616287457926916,1.8664513478052291,1.8863031012089542,1.6825143969538996,1.9957304204921822,1.9781400104790274,1.976107949945864,1,1,4,4,7,19,10,10,13,13,16,16,19,19,19,2,2,1,2,2,2,4
574.5,5.745e-13,11.63037379392674,1.8675551515873505,1.8880095512572481,1.6798927168678937,1.9947045058430992,1.9791264810009093,1.9762042307675913,1,1,4,4,7,19,10,10,13,13,16,16,19,19,19,2,2,1,2,2,2,4
575.0,5.750000000000001e-13,11.644138735242027,1.8687857830581123,1.889764046219208,1.677126031266366,1.9935689349284806,1.9800399583672093,1.9762997558841373,1,1,4,4,7,19,10,10,13,13,16,16,19,19,19,2,2,1,2,2,2,4
575.5,5.755e-13,11.657608869934343,1.8701579460310553,1.8915609229457246,1.6742457015647059,1.9923366370682727,1.9808695139090144,1.9764128074786391,1,1,4,4,7,19,10,10,13,13,16,16,19,19,19,2,2,1,2,2,2,4
576.0,5.760000000000001e-13,11.670828761557582,1.8716844002039967,1.8933969188930375,1.6712835163213466,1.9910187116324642,1.9816062100898453,1.9765599279678683,1,1,4,4,7,19,10,10,13,13,16,16,19,19,19,2,2,1,2,2,2,4
576.5,5.765e-13,11.683855856432412,1.8733748285021654,1.895270363277787,1.6682695864178516,1.9896228169201238,1.982244274530602,1.9767543961165732,1,1,4,4,7,19,10,10,13,13,16,16,19,19,19,2,2,1,2,2,2,4
577.0,5.770000000000001e-13,11.696754227435754,1.8752350166115617,1.8971803340814914,1.6652306009769844,1.9881519736967737,1.9827820030100205,1.9770050759076894,1,1,4,4,7,19,10,10,13,13,16,16,19,19,19,2,2,1,2,2,2,4
577.5,5.775e-13,11.709589014295526,1.877266401325291,1.8991258420345323,1.6621886262497683,1.986603879685542,1.9832222301071045,1.9773156959555371,1,1,4,4,7,19,10,10,13,13,16,16,19,19,19,2,2,1,2,2,2,4
578.0,5.780000000000001e-13,11.722422570990519,1.879466005789696,1.9011050500321651,1.6591605565325216,1.9849707990413477,1.9835722223443113,1.977684587961566,1,1,4,4,7,19,10,10,13,13,16,16,19,19,19,2,2,1,2,2,2,4
578.5,5.785e-13,11.7353122475467,1.8818267795408576,1.9031145718023008,1.6561581991143346,1.9832400697855797,1.9838429564736877,1.978104885521543,1,1,4,4,7,19,10,10,13,13,16,16,19,19,19,2,2,1,2,2,2,4
579.0,5.790000000000001e-13,11.748309183612296,1.8843383185735496,1.9051488809085575,1.6531889797363495,1.9813952700121895,1.9840478547136182,1.9785651884945619,1,1,4,4,7,19,10,10,13,13,16,16,19,19,19,2,2,1,2,2,2,4
579.5,5.795e-13,11.761457407800338,1.8869879028129721,1.9071998821493237,1.6502572284314176,1.9794180393948793,1.984201174297857,1.9790506855254175,1,1,4,4,7,19,10,10,13,13,16,16,19,19,19,2,2,1,2,2,2,4
580.0,5.800000000000001e-13,11.774792718376942,1.889761744424826,1.9092567319689393,1.6473659289750402,1.9772904393821595,1.9843163259628247,1.979544679487085,1,1,4,4,7,19,10,10,13,13,16,16,19,19,19,2,2,1,2,2,2,4
580.5,5.805e-13,11.788341158086443,1.8926462957102732,1.9113060002875752,1.644518755536324,1.9749975963482584,1.984404388241505,1.9800304053211302,1,1,4,4,7,19,10,10,13,13,16,16,19,19,19,2,2,1,2,2,2,4
581.0,5.81e-13,11.802117206748305,1.8956294618326364,1.9133322428495319,1.6417221170368466,1.9725302282317396,1.9844730067117025,1.9804929429004776,1,1,4,4,7,19,10,10,13,13,16,16,19,19,19,2,2,1,2,2,2,4
581.5,5.815e-13,11.816122078892786,1.8987015592001997,1.9153189901496193,1.6389868690566458,1.9698866271958086,1.9845257688690427,1.9809209599421804,1,1,4,4,7,19,10,10,13,13,16,16,19,19,19,2,2,1,2,2,2,4
582.0,5.82e-13,11.830342737694878,1.901855905619259,1.917250050973529,1.6363293681270226,1.9670737675277798,1.9845620641134052,1.9813079929040074,1,1,4,4,7,19,10,10,13,13,16,16,19,19,19,2,2,1,2,2,2,4
582.5,5.825000000000001e-13,11.844752410850507,1.905088966997949,1.9191109352752729,1.6337716264210966,1.9641073915590483,1.9845773841090775,1.9816530296330577,1,1,4,4,7,19,10,10,13,13,16,16,19,19,19,2,2,1,2,2,2,4
583.0,5.83e-13,11.859313450224418,1.9084000410357735,1.9208901315475309,1.6313405263316718,1.961011135852373,1.984563992579722,1.9819602888306993,1,1,4,4,7,19,10,10,13,13,16,16,19,19,19,2,2,1,2,2,2,4
583.5,5.835000000000001e-13,11.873983005090626,1.9117905170883764,1.9225799930338736,1.629066234238155,1.9578148775589252,1.984511878800993,1.982238258357309,1,1,4,4,7,19,10,10,13,13,16,16,19,19,19,2,2,1,2,2,2,4
584.0,5.84e-13,11.888721041990998,1.9152628014853834,1.924177070930168,1.6269800950757394,1.9545525525037581,1.9844099061664968,1.9824981844475373,1,1,4,4,7,19,10,10,13,13,16,16,19,19,19,2,2,1,2,2,2,4
584.5,5.845000000000001e-13,11.90349895911271,1.9188190299465269,1.925681874709037,1.6251123419508031,1.9512597202508684,1.984247066646147,1.9827522757657063,1,1,4,4,7,19,10,10,13,13,16,16,19,19,19,2,2,1,2,2,2,4
585.0,5.85e-13,11.918306152933768,1.922459736299433,1.9270981734590424,1.6234899020131823,1.9479711106145796,1.984013750404063,1.9830118856488097,1,1,4,4,7,19,10,10,13,13,16,16,19,19,19,2,2,1,2,2,2,4
585.5,5.855000000000001e-13,11.933152209716512,1.9261826778812856,1.928432035426426,1.6221345020240017,1.9447183159845398,1.98370292883604,1.9832858806279148,1,1,4,4,7,19,10,10,13,13,16,16,19,19,19,2,2,1,2,2,2,4
586.0,5.86e-13,11.948064023005186,1.9299819965570189,1.9296908066241336,1.6210612032250682,1.941527757267397,1.983311132631141,1.983579347792288,1,1,4,4,7,19,10,10,13,13,16,16,19,19,19,2,2,1,2,2,2,4
586.5,5.865000000000001e-13,11.963079182913644,1.9338478095763387,1.9308821183456368,1.62027756252085,1.938419044880011,1.9828390800072015,1.9838927044947459,1,1,4,4,7,19,10,10,13,13,16,16,19,19,19,2,2,1,2,2,2,4
587.0,5.87e-13,11.978238222593067,1.9377662510224063,1.9320130521380967,1.619783379647125,1.9354039311341669,1.9822918526243727,1.984221287859897,1,1,4,4,7,19,10,10,13,13,16,16,19,19,19,2,2,1,2,2,2,4
587.5,5.875000000000001e-13,11.993578123854741,1.9417198852709356,1.933089391243004,1.6195712148573966,1.9324859994140906,1.9816785179490932,1.984555392987297,1,1,4,4,7,19,10,10,13,13,16,16,19,19,19,2,2,1,2,2,2,4
588.0,5.88e-13,12.009128279731982,1.9456884336301308,1.934115006686343,1.619627572416007,1.92966123469678,1.9810112189118605,1.984880776524193,1,1,4,4,7,19,10,10,13,13,16,16,19,19,19,2,2,1,2,2,2,4
588.5,5.885000000000001e-13,12.024908808551638,1.9496497304032478,1.9350913922434585,1.6199346661438143,1.9269195427816066,1.9803038500972794,1.9851796072603018,1,1,4,4,7,19,10,10,13,13,16,16,19,19,19,2,2,1,2,2,2,4
589.0,5.89e-13,12.040930338338653,1.9535808151890706,1.936017392860937,1.620472586614484,1.9242471653911546,1.9795705361966474,1.9854318299647735,1,1,4,4,7,19,10,10,13,13,16,16,19,19,19,2,2,1,2,2,2,4
589.5,5.895000000000001e-13,12.057194279065797,1.9574590550732904,1.9368891942480797,1.62122160432995,1.9216297429621731,1.9788241569795173,1.9856168678605992,1,1,4,4,7,19,10,10,13,13,16,16,19,19,19,2,2,1,2,2,2,4
590.0,5.9e-13,12.073692931767315,1.9612632125683773,1.9377006420130165,1.6221642743645077,1.919055551119541,1.9780751244691959,1.9857155273809621,1,1,4,4,7,19,10,10,13,13,16,16,19,19,19,2,2,1,2,2,2,4
590.5,5.905000000000001e-13,12.090409256923726,1.9649744048492752,1.9384439345984539,1.6232870023897883,1.916518286837749,1.9773305318590622,1.9857118941537124,1,1,4,4,7,19,10,10,13,13,16,16,19,19,19,2,2,1,2,2,2,4
591.0,5.91e-13,12.107316445595789,1.9685769095038093,1.9391106871752473,1.6245807859226522,1.9140188467086194,1.9765937209652442,1.985594946188878,1,1,4,4,7,19,10,10,13,13,16,16,19,19,19,2,2,1,2,2,2,4
591.5,5.915000000000001e-13,12.124377575797315,1.9720587836057946,1.9396931823475183,1.6260410778033019,1.9115657645633062,1.975864252295766,1.9853596277945633,1,1,4,4,7,19,10,10,13,13,16,16,19,19,19,2,2,1,2,2,2,4
592.0,5.92e-13,12.141545608107483,1.9754121600935808,1.9401857281045776,1.6276667075230877,1.909174413936467,1.9751382510587958,1.985007143980878,1,1,4,4,7,19,10,10,13,13,16,16,19,19,19,2,2,1,2,2,2,4
592.5,5.925e-13,12.158764158398498,1.9786331962978856,1.9405857423579709,1.629458219364188,1.9068652250800995,1.9744090711397293,1.9845444696734145,1,1,4,4,7,19,10,10,13,13,16,16,19,19,19,2,2,1,2,2,2,4
593.0,5.93e-13,12.175969614134411,1.9817216249337049,1.9408944071555139,1.631415893956525,1.9046613530824865,1.9736682156537606,1.9839831634469767,1,1,4,4,7,19,10,10,13,13,16,16,19,19,19,2,2,1,2,2,2,4
593.5,5.935e-13,12.193095104180816,1.984679952754826,1.941116771790286,1.6335377882478852,1.902586167338031,1.9729064354416765,1.9833377268002865,1,1,4,4,7,19,10,10,13,13,16,16,19,19,19,2,2,1,2,2,2,4
594.0,5.940000000000001e-13,12.210076301830746,1.9875124007462985,1.9412613275338098,1.63581804543276,1.900660853556427,1.972114921940413,1.98262378375861,1,1,4,4,7,19,10,10,13,13,16,16,19,19,19,2,2,1,2,2,2,4
594.5,5.945e-13,12.226858125145197,1.99022371649113,1.94133919812311,1.6382456290179692,1.8989023288921918,1.9712865098910861,1.9818563318136009,1,1,4,4,7,19,10,10,13,13,16,16,19,19,19,2,2,1,2,2,2,4
595.0,5.950000000000001e-13,12.243400624771635,1.9928180231087562,1.9413631407413485,1.6408035732324142,1.8973215697905208,1.9704167996705255,1.981048235497586,1,1,4,4,7,19,10,10,13,13,16,16,19,19,19,2,2,1,2,2,2,4
595.5,5.955e-13,12.25968231477696,1.9952978393859822,1.9413464999383878,1.6434688612725314,1.8959224250242799,1.9695050745292912,1.9802090596957347,1,1,4,4,7,19,10,10,13,13,16,16,19,19,19,2,2,1,2,2,2,4
596.0,5.960000000000001e-13,12.2757000292292,1.9976634618056939,1.9413023202086865,1.6462128883000748,1.8947009237357972,1.968554894039067,1.9793442761605213,1,1,4,4,7,19,10,10,13,13,16,16,19,19,19,2,2,1,2,2,2,4
596.5,5.965e-13,12.291465892551614,1.999912746274271,1.9412425260836828,1.6490027349819676,1.8936451666115608,1.9675741818319201,1.978454852422859,1,1,4,4,7,19,10,10,13,13,16,16,19,19,19,2,2,1,2,2,2,4
597.0,5.970000000000001e-13,12.30700276265898,2.0020412737643416,1.941177293265974,1.651802984125299,1.8927359373078605,1.9665747565903184,1.9775372600172023,1,1,4,4,7,19,10,10,13,13,16,16,19,19,19,2,2,1,2,2,2,4
597.5,5.975e-13,12.322339811644945,2.00404285079358,1.9411145745376857,1.6545779447045394,1.8919481075344684,1.9655713083280668,1.976583925680284,1,1,4,4,7,19,10,10,13,13,16,16,19,19,19,2,2,1,2,2,2,4
598.0,5.980000000000001e-13,12.337509273251632,2.005910279507523,1.9410598026230599,1.6572940065462687,1.891252826343646,1.9645799667667454,1.9755841402908692,1,1,4,4,7,19,10,10,13,13,16,16,19,19,19,2,2,1,2,2,2,4
598.5,5.985e-13,12.352544502092746,2.007636319329145,1.9410158036103453,1.6599218035398022,1.8906203263277532,1.9636166935673713,1.9745253914307634,1,1,4,4,7,19,10,10,13,13,16,16,19,19,19,2,2,1,2,2,2,4
599.0,5.990000000000001e-13,12.367478875654042,2.0092147289588285,1.9409829626372714,1.6624378589769508,1.890023011639935,1.962695750726914,1.9733950307761448,1,1,4,4,7,19,10,10,13,13,16,16,19,19,19,2,2,1,2,2,2,4
599.5,5.995e-13,12.382344901032804,2.0106412674256333,1.9409596882345892,1.6648254541587282,1.8894383422773284,1.9618284434410675,1.9721821149294307,1,1,4,4,7,19,10,10,13,13,16,16,19,19,19,2,2,1,2,2,2,4
600.0,6.000000000000001e-13,12.397173039360597,2.011914527782595,1.9409431933464956,1.6670745911127969,1.8888510159883098,1.9610222523144947,1.9708791641754053,1,1,4,4,7,19,10,10,13,13,16,16,19,19,19,2,2,1,2,2,2,4
600.5,6.005e-13,12.411990069435411,2.013036483768049,1.9409304610134135,1.6691811678411383,1.8882541064507665,1.9602803744429704,1.969483583339429,1,1,4,4,7,19,10,10,13,13,16,16,19,19,19,2,2,1,2,2,2,4
601.0,6.010000000000001e-13,12.426816806300009,2.014012683756784,1.9409194136189658,1.671145435816627,1.8876491006462113,1.959601680188126,1.967998435565271,1,1,4,4,7,19,10,10,13,13,16,16,19,19,19,2,2,1,2,2,2,4
601.5,6.015e-13,12.441665257603988,2.0148520476015803,1.9409100338484189,1.6729701202482243,1.8870449711077273,1.958981048478326,1.9664324078396098,1,1,4,4,7,19,10,10,13,13,16,16,19,19,19,2,2,1,2,2,2,4
602.0,6.020000000000001e-13,12.45653555907467,2.0155662559240284,1.9409051856878539,1.6746584706519376,1.8864566067349064,1.9584100271296745,1.9647990145868437,1,1,4,4,7,19,10,10,13,13,16,16,19,19,19,2,2,1,2,2,2,4
602.5,6.025e-13,12.471413441281129,2.0161688096285486,1.9409110211346883,1.6762124828491138,1.88590287953092,1.9578777855033165,1.9631151610837805,1,1,4,4,7,19,10,10,13,13,16,16,19,19,19,2,2,1,2,2,2,4
603.0,6.030000000000001e-13,12.486269497994671,2.016673864939405,1.940936866394678,1.6776314949829236,1.8854045666822699,1.957372280747453,1.9613993346615606,1,1,4,4,7,19,10,10,13,13,16,16,19,19,19,2,2,1,2,2,2,4
603.5,6.035e-13,12.50106154722363,2.0170949733443386,1.9409946634014328,1.6789112233445314,1.8849823116434288,1.9568815639447303,1.9596697113237265,1,1,4,4,7,19,10,10,13,13,16,16,19,19,19,2,2,1,2,2,2,4
604.0,6.040000000000001e-13,12.515740747680871,2.017443869580306,1.9410980876897164,1.6800433248052449,1.8846547530356321,1.9563951366038517,1.9579424240994228,1,1,4,4,7,19,10,10,13,13,16,16,19,19,19,2,2,1,2,2,2,4
604.5,6.045e-13,12.530260758650687,2.017729430717048,1.9412615195321397,1.681015501496642,1.8844369285877143,1.9559052489064879,1.9562301667736672,1,1,4,4,7,19,10,10,13,13,16,16,19,19,19,2,2,1,2,2,2,4
605.0,6.05e-13,12.54458774683151,2.01795690853439,1.9414990075712257,1.6818121761345974,1.884339031188717,1.955407990798891,1.9545412086594598,1,1,4,4,7,19,10,10,13,13,16,16,19,19,19,2,2,1,2,2,2,4
605.5,6.055000000000001e-13,12.558708289931765,2.018127541971942,1.9418233379684007,1.6824157109502862,1.8843655875467156,1.954904022212048,1.952878816747784,1,1,4,4,7,19,10,10,13,13,16,16,19,19,19,2,2,1,2,2,2,4
606.0,6.06e-13,12.572632782636198,2.0182386022196166,1.9422452318239705,1.682808157259917,1.8845151453232531,1.95439871042919,1.9512410904679485,1,1,4,4,7,19,10,10,13,13,16,16,19,19,19,2,2,1,2,2,2,4
606.5,6.065000000000001e-13,12.586393601261886,2.0182838302852346,1.9427726898950108,1.6829733269685136,1.8847806580839943,1.953901582533113,1.9496211475014196,1,1,4,4,7,19,10,10,13,13,16,16,19,19,19,2,2,1,2,2,2,4
607.0,6.07e-13,12.600039233708658,2.018254314980231,1.9434105414751872,1.6828988709557098,1.8851506001280929,1.9534251257773267,1.94800777922447,1,1,4,4,7,19,10,10,13,13,16,16,19,19,19,2,2,1,2,2,2,4
607.5,6.075000000000001e-13,12.6136267653842,2.0181396696165956,1.9441601852854182,1.682578044219687,1.8856108517019354,1.9529831245799318,1.9463865675651844,1,1,4,4,7,19,10,10,13,13,16,16,19,19,19,2,2,1,2,2,2,4
608.0,6.08e-13,12.62721498253369,2.017929365078409,1.9450195502719285,1.6820108554547795,1.886147174159111,1.9525888361678057,1.9447414393022013,1,1,4,4,7,19,10,10,13,13,16,16,19,19,19,2,2,1,2,2,2,4
608.5,6.085000000000001e-13,12.640859344600804,2.0176140339564492,1.945983331288053,1.681204353688835,1.8867479082324659,1.9522533019373371,1.9430565291803468,1,1,4,4,7,19,10,10,13,13,16,16,19,19,19,2,2,1,2,2,2,4
609.0,6.09e-13,12.654608971345933,2.0171865616128444,1.9470434851258236,1.6801720998028302,1.8874063800134133,1.9519840095162817,1.9413181393820875,1,1,4,4,7,19,10,10,13,13,16,16,19,19,19,2,2,1,2,2,2,4
609.5,6.095000000000001e-13,12.668505037300044,2.01664281307861,1.9481900339177372,1.6789328707383424,1.8881225354892275,1.9517840314734736,1.9395165081108323,1,1,4,4,7,19,10,10,13,13,16,16,19,19,19,2,2,1,2,2,2,4
610.0,6.1e-13,12.682579915987665,2.015981947413667,1.9494120612897212,1.6775089175887592,1.888903463879967,1.9516516271942068,1.9376471438818277,1,1,4,4,7,19,10,10,13,13,16,16,19,19,19,2,2,1,2,2,2,4
610.5,6.105000000000001e-13,12.69685642472534,2.015206291540663,1.9506988836482184,1.675923946685336,1.889762861707844,1.951580344823208,1.9357113925565341,1,1,4,4,7,19,10,10,13,13,16,16,19,19,19,2,2,1,2,2,2,4
611.0,6.11e-13,12.711346801138642,2.0143208628397393,1.952041123282438,1.6742011885320722,1.890719602325842,1.9515595216427493,1.9337162196919877,1,1,4,4,7,19,10,10,13,13,16,16,19,19,19,2,2,1,2,2,2,4
611.5,6.115000000000001e-13,12.726051275560529,2.013332615446463,1.9534315022528823,1.6723617365507306,1.8917957540793815,1.9515751385895348,1.9316732285313194,1,1,4,4,7,19,10,10,13,13,16,16,19,19,19,2,2,1,2,2,2,4
612.0,6.12e-13,12.740956385239178,2.012249510876752,1.9548652040925374,1.6704232892620232,1.8930143576849814,1.9516109734059859,1.929597118475658,1,1,4,4,7,19,10,10,13,13,16,16,19,19,19,2,2,1,2,2,2,4
612.5,6.125000000000001e-13,12.756033611522733,2.011079516293589,1.9563397391247184,1.668399393692803,1.8943971952556287,1.951649971202968,1.9275038699546407,1,1,4,4,7,19,10,10,13,13,16,16,19,19,19,2,2,1,2,2,2,4
613.0,6.13e-13,12.7712392837599,2.0098296308290244,1.9578543727339595,1.6662992425326086,1.8959627169830617,1.9516757428782547,1.9254089383672335,1,1,4,4,7,19,10,10,13,13,16,16,19,19,19,2,2,1,2,2,2,4
613.5,6.135000000000001e-13,12.786516758596441,2.0085050397210074,1.9594092687609885,1.6641280502165305,1.8977242451183203,1.9516740796129042,1.923325679179184,1,1,4,4,7,19,10,10,13,13,16,16,19,19,19,2,2,1,2,2,2,4
614.0,6.14e-13,12.801801443553472,2.0071084829314283,1.961004517554362,1.6618880085198389,1.8996885367764689,1.9516343446043536,1.9212641486351414,1,1,4,4,7,19,10,10,13,13,16,16,19,19,19,2,2,1,2,2,2,4
614.5,6.145000000000001e-13,12.81702826548717,2.0056399213095952,1.9626391951913913,1.6595797748822334,1.9018547710495155,1.9515505616843274,1.9192303533893929,1,1,4,4,7,19,10,10,13,13,16,16,19,19,19,2,2,1,2,2,2,4
615.0,6.15e-13,12.832140086088557,2.0040965762312695,1.964310535095845,1.6572043854917367,1.9042140042685427,1.9514220465979115,1.9172259141924488,1,1,4,4,7,19,10,10,13,13,16,16,19,19,19,2,2,1,2,2,2,4
615.5,6.155000000000001e-13,12.847094859775014,2.0024732766721973,1.9660132918310693,1.6547652912543982,1.9067493090157657,1.9512533176400686,1.9152482001595492,1,1,4,4,7,19,10,10,13,13,16,16,19,19,19,2,2,1,2,2,2,4
616.0,6.16e-13,12.86186968891767,2.000763223693084,1.9677393390086648,1.65227021371598,1.9094365884631814,1.9510533370230299,1.9132907797910008,1,1,4,4,7,19,10,10,13,13,16,16,19,19,19,2,2,1,2,2,2,4
616.5,6.165e-13,12.87646090752068,1.9989589839312842,1.9694775089542822,1.6497324533571036,1.912246280784983,1.9508340698369735,1.9113442538949588,1,1,4,4,7,19,10,10,13,13,16,16,19,19,19,2,2,1,2,2,2,4
617.0,6.170000000000001e-13,12.890880774872011,1.9970536727433557,1.971213684593565,1.647171379656402,1.9151457988770362,1.9506086376879275,1.9093974425701803,1,1,4,4,7,19,10,10,13,13,16,16,19,19,19,2,2,1,2,2,2,4
617.5,6.175e-13,12.905152382934881,1.9950421887274776,1.9729311310108237,1.6446120204476578,1.9181023949731284,1.9503893892238788,1.9074389045949043,1,1,4,4,7,19,10,10,13,13,16,16,19,19,19,2,2,1,2,2,2,4
618.0,6.180000000000001e-13,12.919304587958619,1.9929223390424184,1.9746110685575993,1.6420838430683138,1.9210859572596224,1.950186193539915,1.905458675474349,1,1,4,4,7,19,10,10,13,13,16,16,19,19,19,2,2,1,2,2,2,4
618.5,6.185e-13,12.933368186066561,1.9906956911703755,1.9762334967196848,1.639618956520331,1.9240712323615798,1.9500051629751451,1.903450012341503,1,1,4,4,7,19,10,10,13,13,16,16,19,19,19,2,2,1,2,2,2,4
619.0,6.190000000000001e-13,12.947373677901863,1.9883680300368032,1.977778255867236,1.63725002403947,1.9270391150515938,1.9498478936527777,1.9014108744389415,1,1,4,4,7,19,10,10,13,13,16,16,19,19,19,2,2,1,2,2,2,4
619.5,6.195e-13,12.961350327312777,1.985949379272587,1.9792262402716683,1.6350081933272633,1.9299768982382055,1.9497112182503946,1.8993448678608198,1,1,4,4,7,19,10,10,13,13,16,16,19,19,19,2,2,1,2,2,2,4
620.0,6.200000000000001e-13,12.975325886520064,1.9834535974281562,1.9805606375027018,1.6329212386677727,1.9328776755919923,1.9495874324078575,1.8972614650784456,1,1,4,4,7,19,10,10,13,13,16,16,19,19,19,2,2,1,2,2,2,4
620.5,6.205e-13,12.989326388695966,1.9808976093795545,1.981768003085936,1.6310120723577501,1.9357392081195972,1.9494649286920829,1.895175446033361,1,1,4,4,7,19,10,10,13,13,16,16,19,19,19,2,2,1,2,2,2,4
621.0,6.210000000000001e-13,13.00337549752657,1.9783003600694893,1.9828389658683123,1.6292977286790886,1.9385625393336887,1.9493291785312716,1.8931056594196873,1,1,4,4,7,19,10,10,13,13,16,16,19,19,19,2,2,1,2,2,2,4
621.5,6.215e-13,13.017493028152241,1.975681599445193,1.9837684372218058,1.627788890267813,1.94135053751586,1.9491639899248454,1.8910733287750507,1,1,4,4,7,19,10,10,13,13,16,16,19,19,19,2,2,1,2,2,2,4
622.0,6.220000000000001e-13,13.031692469151444,1.9730606043443188,1.9845553123927453,1.626489990945733,1.944106473931706,1.9489529664774954,1.8891001752928895,1,1,4,4,7,19,10,10,13,13,16,16,19,19,19,2,2,1,2,2,2,4
622.5,6.225e-13,13.045977738930553,1.9704549458300227,1.985201778046967,1.6253999109021984,1.946832717207108,1.9486810766074356,1.8872066164253325,1,1,4,4,7,19,10,10,13,13,16,16,19,19,19,2,2,1,2,2,2,4
623.0,6.230000000000001e-13,13.060340011225136,1.9678794311505736,1.9857123667982726,1.6245132719093904,1.9495295572157303,1.9483361990859562,1.8854102263267731,1,1,4,4,7,19,10,10,13,13,16,16,19,19,19,2,2,1,2,2,2,4
623.5,6.235e-13,13.074755907283395,1.9653453167649,1.9860929765642747,1.6238221776656612,1.9521942551601357,1.9479104846209863,1.883724580974637,1,1,4,4,7,19,10,10,13,13,16,16,19,19,19,2,2,1,2,2,2,4
624.0,6.240000000000001e-13,13.089188509357827,1.962859874931948,1.9863499771819828,1.6233182254821226,1.954820377897671,1.9474013361074392,1.8821585291972895,1,1,4,4,7,19,10,10,13,13,16,16,19,19,19,2,2,1,2,2,2,4
624.5,6.245e-13,13.10359203314906,1.9604263812228717,1.986489471276087,1.6229945008244522,1.9573974841920845,1.9468118042404021,1.8807159012328651,1,1,4,4,7,19,10,10,13,13,16,16,19,19,19,2,2,1,2,2,2,4
625.0,6.250000000000001e-13,13.11791969911051,1.9580445506263153,1.986516732661156,1.6228472117676753,1.9599112342307672,1.9461502595180016,1.8793956455265328,1,1,4,4,7,19,10,10,13,13,16,16,19,19,19,2,2,1,2,2,2,4
625.5,6.255e-13,13.132132974552498,1.9557113906460915,1.98643582635498,1.6228766345331236,1.96234401172161,1.9454293309554445,1.8781923799930669,1,1,4,4,7,19,10,10,13,13,16,16,19,19,19,2,2,1,2,2,2,4
626.0,6.260000000000001e-13,13.146209608207338,1.9534223738665206,1.9862494047857275,1.6230871755415024,1.9646761114928684,1.944664254714825,1.8770973438953407,1,1,4,4,7,19,10,10,13,13,16,16,19,19,19,2,2,1,2,2,2,4
626.5,6.265e-13,13.160148231239223,1.9511727709717372,1.9859586877894024,1.623486544666065,1.966887457755902,1.9438709062078319,1.876099712550437,1,1,4,4,7,19,10,10,13,13,16,16,19,19,19,2,2,1,2,2,2,4
627.0,6.270000000000001e-13,13.173968595899177,1.948958944577652,1.9855636510133423,1.6240842257359522,1.9689596703563286,1.9430638391437236,1.8751882035026965,1,1,4,4,7,19,10,10,13,13,16,16,19,19,19,2,2,1,2,2,2,4
627.5,6.275e-13,13.187708094795811,1.9467794057495373,1.9850634537577796,1.6248895561546572,1.9708781565858275,1.9422546125193294,1.8743528317508522,1,1,4,4,7,19,10,10,13,13,16,16,19,19,19,2,2,1,2,2,2,4
628.0,6.28e-13,13.201416248929167,1.9446354796656553,1.9844571208372577,1.6259097374116258,1.9726338597259603,1.9414505950184318,1.873586586985695,1,1,4,4,7,19,10,10,13,13,16,16,19,19,19,2,2,1,2,2,2,4
628.5,6.285000000000001e-13,13.215148956692014,1.9425315058596082,1.9837444554884203,1.627148038992116,1.9742243738242693,1.9406543203443518,1.8728867638437354,1,1,4,4,7,19,10,10,13,13,16,16,19,19,19,2,2,1,2,2,2,4
629.0,6.29e-13,13.228963665003766,1.9404745757485544,1.9829270436934687,1.6286024212243218,1.9756542987215044,1.9398633793273632,1.8722556906019874,1,1,4,4,7,19,10,10,13,13,16,16,19,19,19,2,2,1,2,2,2,4
629.5,6.295000000000001e-13,13.242915804987001,1.9384739007750609,1.982009198631867,1.6302646422441778,1.9769348604163777,1.9390707975172616,1.8717007118456515,1,1,4,4,7,19,10,10,13,13,16,16,19,19,19,2,2,1,2,2,2,4
630.0,6.3e-13,13.257056263833732,1.9365399155255139,1.9809986261334815,1.632119927769593,1.9780829348493052,1.9382658243847635,1.8712334330736686,1,1,4,4,7,19,10,10,13,13,16,16,19,19,19,2,2,1,2,2,2,4
630.5,6.305000000000001e-13,13.271429411363298,1.9346832434495713,1.979906642418397,1.6341472373623147,1.9791196144391858,1.9374350769092068,1.8708683612217676,1,1,4,4,7,19,10,10,13,13,16,16,19,19,19,2,2,1,2,2,2,4
631.0,6.31e-13,13.286071154870704,1.9329136150311377,1.9787478677925239,1.636320133462059,1.980068471710133,1.9365639486950792,1.8706211937970565,1,1,4,4,7,19,10,10,13,13,16,16,19,19,19,2,2,1,2,2,2,4
631.5,6.315000000000001e-13,13.301006650506183,1.9312388352485401,1.977539451814897,1.6386082383472351,1.9809536692856193,1.9356381974174108,1.870507029091735,1,1,4,4,7,19,10,10,13,13,16,16,19,19,19,2,2,1,2,2,2,4
632.0,6.32e-13,13.316247568744165,1.9296638877359367,1.9762999886336607,1.6409791827336864,1.981798069874037,1.9346455951298673,1.87053872841107,1,1,4,4,7,19,10,10,13,13,16,16,19,19,19,2,2,1,2,2,2,4
632.5,6.325000000000001e-13,13.33178924626972,1.9281902567473919,1.9750483306095046,1.6434008592860074,1.9826214994100786,1.9335774863992832,1.8707255956960929,1,1,4,4,7,19,10,10,13,13,16,16,19,19,19,2,2,1,2,2,2,4
633.0,6.33e-13,13.347608599644136,1.9268155378707421,1.9738024736976414,1.6458437030507742,1.9834392965687133,1.9324300584914231,1.871072456346118,1,1,4,4,7,19,10,10,13,13,16,16,19,19,19,2,2,1,2,2,2,4
633.5,6.335000000000001e-13,13.363664027648356,1.925533397999446,1.9725786456318914,1.6482826349696236,1.9842612666257466,1.9312051159040837,1.871579162184334,1,1,4,4,7,19,10,10,13,13,16,16,19,19,19,2,2,1,2,2,2,4
634.0,6.34e-13,13.379898463673827,1.9243339096038181,1.971390623629349,1.6506983672487912,1.9850911391360084,1.9299101592822372,1.872240531377707,1,1,4,4,7,19,10,10,13,13,16,16,19,19,19,2,2,1,2,2,2,4
634.5,6.345000000000001e-13,13.396245888083145,1.9232042736424337,1.9702492894868975,1.6530778244228315,1.9859266059935394,1.9285576996802076,1.8730466975460338,1,1,4,4,7,19,10,10,13,13,16,16,19,19,19,2,2,1,2,2,2,4
635.0,6.35e-13,13.412640280831807,1.9221298952644508,1.9691624109539207,1.6554135997591122,1.9867600047082308,1.9271638944976932,1.8739838463445924,1,1,4,4,7,19,10,10,13,13,16,16,19,19,19,2,2,1,2,2,2,4
635.5,6.355000000000001e-13,13.429024861101816,1.9210957079072317,1.9681346243935172,1.6577026094261993,1.9875796537450134,1.9257467291731134,1.8750353179409673,1,1,4,4,7,19,10,10,13,13,16,16,19,19,19,2,2,1,2,2,2,4
636.0,6.36e-13,13.445359073608527,1.9200875878388037,1.9671676133194702,1.6599442331550807,1.9883717476959957,1.9243240543891458,1.8761830243247213,1,1,4,4,7,19,10,10,13,13,16,16,19,19,19,2,2,1,2,2,2,4
636.5,6.365000000000001e-13,13.461621611944054,1.9190936600647472,1.966260496441558,1.6621382994177338,1.989122577450917,1.92291176812445,1.8774090964335752,1,1,4,4,7,19,10,10,13,13,16,16,19,19,19,2,2,1,2,2,2,4
637.0,6.37e-13,13.477809322240143,1.9181053030723498,1.9654104115262003,1.6642832762104784,1.9898207020055962,1.9215223472100162,1.8786976093089525,1,1,4,4,7,19,10,10,13,13,16,16,19,19,19,2,2,1,2,2,2,4
637.5,6.375000000000001e-13,13.493933098291254,1.9171177239278743,1.9646133799349124,1.6663747264503,1.9904586914422224,1.9201638771203091,1.8800361716781142,1,1,4,4,7,19,10,10,13,13,16,16,19,19,19,2,2,1,2,2,2,4
638.0,6.38e-13,13.510012665132388,1.9161300694566425,1.9638652534454681,1.6684043728948637,1.9910340936654152,1.9188395762684216,1.8814171163536044,1,1,4,4,7,19,10,10,13,13,16,16,19,19,19,2,2,1,2,2,2,4
638.5,6.385000000000001e-13,13.526071713485091,1.9151451429536874,1.963162693589965,1.6703596672484498,1.9915495215199333,1.9175478560904453,1.8828380477155566,1,1,4,4,7,19,10,10,13,13,16,16,19,19,19,2,2,1,2,2,2,4
639.0,6.39e-13,13.542134175147151,1.9141688142477011,1.96250404253698,1.6722238206059519,1.9920120124871747,1.916282862000969,1.8843016785951874,1,1,4,4,7,19,10,10,13,13,16,16,19,19,19,2,2,1,2,2,2,4
639.5,6.395000000000001e-13,13.5582218094072,1.913209239670346,1.9618898584143483,1.6739763734584436,1.9924318459043913,1.915035428927661,1.8858149749836706,1,1,4,4,7,19,10,10,13,13,16,16,19,19,19,2,2,1,2,2,2,4
640.0,6.400000000000001e-13,13.574352785724349,1.9122759773171507,1.9613230141906302,1.6755942833074315,1.9928210552902226,1.9137943712532626,1.887387796519709,1,1,4,4,7,19,10,10,13,13,16,16,19,19,19,2,2,1,2,2,2,4
640.5,6.405e-13,13.590540807603745,1.9113790587592598,1.960808348540116,1.6770534938237234,1.993191828465236,1.9125480102669887,1.889031274904179,1,1,4,4,7,19,10,10,13,13,16,16,19,19,19,2,2,1,2,2,2,4
641.0,6.410000000000001e-13,13.606794328644222,1.9105280684711694,1.9603519705244283,1.6783308732656275,1.9935549448510947,1.9112858231355978,1.890756180024121,1,1,4,4,7,19,10,10,13,13,16,16,19,19,19,2,2,1,2,2,2,4
641.5,6.415e-13,13.623115493058593,1.909731289581517,1.959960388690476,1.67940630300793,1.993918370492342,1.9100000665865302,1.8925714689442854,1,1,4,4,7,19,10,10,13,13,16,16,19,19,19,2,2,1,2,2,2,4
642.0,6.420000000000001e-13,13.639498589111144,1.908994986194664,1.959639631720055,1.6802646227728315,1.9942861097833604,1.9086871835009307,1.8944831523430026,1,1,4,4,7,19,10,10,13,13,16,16,19,19,19,2,2,1,2,2,2,4
642.5,6.425e-13,13.655928025673541,1.9083229058364668,1.959394532008835,1.6808970163483243,1.9946574070759382,1.907348848938297,1.896493494894658,1,1,4,4,7,19,10,10,13,13,16,16,19,19,19,2,2,1,2,2,2,4
643.0,6.430000000000001e-13,13.672376358692064,1.9077160697029727,1.9592282140504749,1.6813016230811926,1.9950263574388012,1.905992362321718,1.8986006452966966,1,1,4,4,7,19,10,10,13,13,16,16,19,19,19,2,2,1,2,2,2,4
643.5,6.435e-13,13.688803314078362,1.907172932616948,1.9591417403767535,1.681483295134384,1.995381966270874,1.9046302973580298,1.900798636229564,1,1,4,4,7,19,10,10,13,13,16,16,19,19,19,2,2,1,2,2,2,4
644.0,6.440000000000001e-13,13.70515679321109,1.9066899137559317,1.9591339955966984,1.6814524224929996,1.9957087217216596,1.9032794385841496,1.9030777433130364,1,1,4,4,7,19,10,10,13,13,16,16,19,19,19,2,2,1,2,2,2,4
644.5,6.445e-13,13.72137659917458,1.9062622814103118,1.9592017040722833,1.6812231621803082,1.9959876652402717,1.9019591295978044,1.9054251876599442,1,1,4,4,7,19,10,10,13,13,16,16,19,19,19,2,2,1,2,2,2,4
645.0,6.450000000000001e-13,13.737400691473603,1.9058852811629856,1.9593395657375134,1.6808114081006718,1.9961979111102484,1.9006893206887825,1.907826140539708,1,1,4,4,7,19,10,10,13,13,16,16,19,19,19,2,2,1,2,2,2,4
645.5,6.455e-13,13.753172715536035,1.9055553408008914,1.9595405267439026,1.6802328058714269,1.9963184868546056,1.8994886328278717,1.9102649720376406,1,1,4,4,7,19,10,10,13,13,16,16,19,19,19,2,2,1,2,2,2,4
646.0,6.460000000000001e-13,13.768649008605509,1.9052711405997869,1.9597962002600884,1.6795010737666831,1.9963302715424287,1.8983726961666134,1.912726654706073,1,1,4,4,7,19,10,10,13,13,16,16,19,19,19,2,2,1,2,2,2,4
646.5,6.465e-13,13.783803488225479,1.9050343538694385,1.9600974625954115,1.6786267670115407,1.9962177592599746,1.8973529055057394,1.915198207276063,1,1,4,4,7,19,10,10,13,13,16,16,19,19,19,2,2,1,2,2,2,4
647.0,6.470000000000001e-13,13.798629669789026,1.9048499080862176,1.9604351947486132,1.6776165695953196,1.9959704005512853,1.896435696222078,1.917669968457303,1,1,4,4,7,19,10,10,13,13,16,16,19,19,19,2,2,1,2,2,2,4
647.5,6.475e-13,13.813139918220319,1.9047257894062721,1.9608011471903615,1.6764730721666514,1.9955833324858123,1.8956222785455357,1.9201365599932112,1,1,4,4,7,19,10,10,13,13,16,16,19,19,19,2,2,1,2,2,2,4
648.0,6.480000000000001e-13,13.827362777766043,1.9046724155029948,1.961188755378251,1.6751950932306279,1.9950574938673131,1.894908893528017,1.9225972677988172,1,1,4,4,7,19,10,10,13,13,16,16,19,19,19,2,2,1,2,2,2,4
648.5,6.485e-13,13.84133940790127,1.9047017279650078,1.9615937546330848,1.6737785285825861,1.9943991919262185,1.894287517355685,1.9250557680705713,1,1,4,4,7,19,10,10,13,13,16,16,19,19,19,2,2,1,2,2,2,4
649.0,6.490000000000001e-13,13.855120001891734,1.9048261270665916,1.9620144465600906,1.6722177069798172,1.993619255575756,1.893746961171088,1.9275192285686784,1,1,4,4,7,19,10,10,13,13,16,16,19,19,19,2,2,1,2,2,2,4
649.5,6.495e-13,13.868760662883204,1.9050573612787947,1.9624515457543672,1.6705071693639095,1.9927318986517748,1.8932742742800635,1.9299969496840312,1,1,4,4,7,19,10,10,13,13,16,16,19,19,19,2,2,1,2,2,2,4
650.0,6.500000000000001e-13,13.882320783088177,1.905405448827674,1.9629076390029214,1.6686436913924898,1.9917534114463962,1.8928563354397565,1.9324987748870677,1,1,4,4,7,19,10,10,13,13,16,16,19,19,19,2,2,1,2,2,2,4
650.5,6.505e-13,13.895860674631749,1.9058776979529535,1.9633863837158636,1.666628268858372,1.9907007764720082,1.892481493999996,1.9350335023962553,1,1,4,4,7,19,10,10,13,13,16,16,19,19,19,2,2,1,2,2,2,4
651.0,6.510000000000001e-13,13.90943905913288,1.9064778979244008,1.963891603448384,1.6644677301055049,1.9895903019478896,1.8921410922024455,1.9376074897085696,1,1,4,4,7,19,10,10,13,13,16,16,19,19,19,2,2,1,2,2,2,4
651.5,6.515e-13,13.923109979542781,1.9072057487077774,1.9644264485899288,1.662175622325627,1.9884363720460825,1.8918306812697072,1.9402235879073666,1,1,4,4,7,19,10,10,13,13,16,16,19,19,19,2,2,1,2,2,2,4
652.0,6.52e-13,13.936918886944554,1.9080566176561773,1.9649926959501267,1.6597722019897176,1.9872503857518624,1.8915507344011693,1.9428804567036475,1,1,4,4,7,19,10,10,13,13,16,16,19,19,19,2,2,1,2,2,2,4
652.5,6.525000000000001e-13,13.950898001412737,1.9090217075628775,1.9655902578203155,1.6572834766734172,1.986039984264673,1.8913067288982162,1.9455722815015055,1,1,4,4,7,19,10,10,13,13,16,16,19,19,19,2,2,1,2,2,2,4
653.0,6.53e-13,13.965061620155412,1.9100885913234589,1.9662168908559998,1.6547394667048765,1.9848087252312598,1.8911084983053383,1.9482889242476051,1,1,4,4,7,19,10,10,13,13,16,16,19,19,19,2,2,1,2,2,2,4
653.5,6.535000000000001e-13,13.979402923492342,1.9112421722514417,1.9668680502149372,1.6521720759686975,1.9835562262686737,1.8909689603900306,1.9510164119028857,1,1,4,4,7,19,10,10,13,13,16,16,19,19,19,2,2,1,2,2,2,4
654.0,6.54e-13,13.993893949565383,1.912465923107833,1.9675368871733174,1.6496128811439519,1.982278895762114,1.8909024051977545,1.9537377769015947,1,1,4,4,7,19,10,10,13,13,16,16,19,19,19,2,2,1,2,2,2,4
654.5,6.545000000000001e-13,14.008489936745386,1.9137432455918364,1.96821437834991,1.6470911558747126,1.9809712412272966,1.890922635375618,1.9564341923963326,1,1,4,4,7,19,10,10,13,13,16,16,19,19,19,2,2,1,2,2,2,4
655.0,6.55e-13,14.02313782298347,1.915058739589035,1.9688896040208572,1.644632337665526,1.9796276285755154,1.8910412388513895,1.959086328314393,1,1,4,4,7,19,10,10,13,13,16,16,19,19,19,2,2,1,2,2,2,4
655.5,6.555000000000001e-13,14.037787066136886,1.9163991806894851,1.9695502011493882,1.64225703523652,1.97824422324794,1.891266208255007,1.9616758184883039,1,1,4,4,7,19,10,10,13,13,16,16,19,19,19,2,2,1,2,2,2,4
656.0,6.56e-13,14.052399961161855,1.9177540796033306,1.9701830180232538,1.639980587214591,1.976820731061512,1.8916010229993856,1.9641867003406912,1,1,4,4,7,19,10,10,13,13,16,16,19,19,19,2,2,1,2,2,2,4
656.5,6.565000000000001e-13,14.066958810528856,1.9191157990117245,1.9707749385267614,1.6378131521944583,1.9753615693700992,1.8920442439964846,1.966606655074029,1,1,4,4,7,19,10,10,13,13,16,16,19,19,19,2,2,1,2,2,2,4
657.0,6.57e-13,14.081468498989413,1.9204793075271938,1.97131380077059,1.6357602907603586,1.9738762217000823,1.892589611862152,1.9689278765821847,1,1,4,4,7,19,10,10,13,13,16,16,19,19,19,2,2,1,2,2,2,4
657.5,6.575000000000001e-13,14.095954628581735,1.9218416786418822,1.9717892442353786,1.6338240438599227,1.9723787726411588,1.8932266190127423,1.9711473964460697,1,1,4,4,7,19,10,10,13,13,16,16,19,19,19,2,2,1,2,2,2,4
658.0,6.58e-13,14.110458640264723,1.9232014481605775,1.9721933074035207,1.6320044605584747,1.9708867933039473,1.8939414917688089,1.9732667883196655,1,1,4,4,7,19,10,10,13,13,16,16,19,19,19,2,2,1,2,2,2,4
658.5,6.585000000000001e-13,14.125031822991188,1.924557911497731,1.9725206329922076,1.630301448389754,1.969419834911369,1.8947184898314346,1.975291300720536,1,1,4,4,7,19,10,10,13,13,16,16,19,19,19,2,2,1,2,2,2,4
659.0,6.59e-13,14.139729757632367,1.9259104249917003,1.972768245853736,1.6287166981726071,1.9679977684808165,1.8955414062277336,1.9772285849428088,1,1,4,4,7,19,10,10,13,13,16,16,19,19,19,2,2,1,2,2,2,4
659.5,6.595000000000001e-13,14.154607968513908,1.9272577497050745,1.9729349742191251,1.627255351273344,1.9666391491369435,1.8963951345363164,1.9790872366266121,1,1,4,4,7,19,10,10,13,13,16,16,19,19,19,2,2,1,2,2,2,4
660.0,6.6e-13,14.16971883445583,1.9285974823095484,1.9730206687159386,1.625927072718521,1.9653597185348823,1.89726715541623,1.9808753618849975,1,1,4,4,7,19,10,10,13,13,16,16,19,19,19,2,2,1,2,2,2,4
660.5,6.605000000000001e-13,14.185109384853408,1.9299256106167053,1.9730254036250479,1.6247462621384883,1.9641711270546993,1.8981487929351046,1.9825993399393576,1,1,4,4,7,19,10,10,13,13,16,16,19,19,19,2,2,1,2,2,2,4
661.0,6.61e-13,14.200819535398926,1.9312362670725276,1.9729487435083808,1.6237314041352306,1.9630799012360038,1.8990360794505117,1.9842628515416043,1,1,4,4,7,19,10,10,13,13,16,16,19,19,19,2,2,1,2,2,2,4
661.5,6.615000000000001e-13,14.216880182210637,1.93252172935389,1.972789268406085,1.6229034979569241,1.962086762811155,1.899930123413965,1.985866286409788,1,1,4,4,7,19,10,10,13,13,16,16,19,19,19,2,2,1,2,2,2,4
662.0,6.62e-13,14.233310857976326,1.9337726756469504,1.9725442617231,1.6222840222580757,1.9611863763936979,1.9008368869339953,1.9874065281313895,1,1,4,4,7,19,10,10,13,13,16,16,19,19,19,2,2,1,2,2,2,4
662.5,6.625000000000001e-13,14.250116785852413,1.9349787474657487,1.9722095841396412,1.6218927118184596,1.9603676022532974,1.9017663622363343,1.9888770933382915,1,1,4,4,7,19,10,10,13,13,16,16,19,19,19,2,2,1,2,2,2,4
663.0,6.63e-13,14.267285653524343,1.936129351515312,1.9717796954874334,1.6217454932528077,1.9596143604582807,1.902731250590803,1.9902686343964875,1,1,4,4,7,19,10,10,13,13,16,16,19,19,19,2,2,1,2,2,2,4
663.5,6.635000000000001e-13,14.284785069603783,1.9372146206011145,1.971247805013023,1.6218528258056308,1.9589071184240996,1.9037453324356808,1.991569786732419,1,1,4,4,7,19,10,10,13,13,16,16,19,19,19,2,2,1,2,2,2,4
664.0,6.640000000000001e-13,14.302562104686173,1.938226410503404,1.9706061568139184,1.6222185814294081,1.9582248985885202,1.904821768765426,1.9927683272791619,1,1,4,4,7,19,10,10,13,13,16,16,19,19,19,2,2,1,2,2,2,4
664.5,6.645e-13,14.320546143427842,1.9391591862657747,1.969846473002329,1.622839521228406,1.9575475458696672,1.9059715635808805,1.9938525729542065,1,1,4,4,7,19,10,10,13,13,16,16,19,19,19,2,2,1,2,2,2,4
665.0,6.650000000000001e-13,14.33865531201924,1.9400106655264913,1.968960590870926,1.6237053623061661,1.9568578635467442,1.9072023579631032,1.9948128947243,1,1,4,4,7,19,10,10,13,13,16,16,19,19,19,2,2,1,2,2,2,4
665.5,6.655e-13,14.356805436106258,1.9407821194574568,1.967941232784186,1.6247994948845073,1.9561432018414473,1.9085176241956685,1.995643148210371,1,1,4,4,7,19,10,10,13,13,16,16,19,19,19,2,2,1,2,2,2,4
666.0,6.660000000000001e-13,14.374919363960371,1.9414783308730794,1.9667829881339112,1.626100143795374,1.955396216131119,1.9099163514312163,1.9963418272727373,1,1,4,4,7,19,10,10,13,13,16,16,19,19,19,2,2,1,2,2,2,4
666.5,6.665e-13,14.392934566213839,1.942107228017392,1.9654831877440095,1.6275821734485818,1.9546147259102822,1.9113931739559282,1.996912681563691,1,1,4,4,7,19,10,10,13,13,16,16,19,19,19,2,2,1,2,2,2,4
667.0,6.670000000000001e-13,14.410807437091172,1.9426792810824502,1.9640426438648324,1.629219187488778,1.9538008608351014,1.9129389395427716,1.9973647033462139,1,1,4,4,7,19,10,10,13,13,16,16,19,19,19,2,2,1,2,2,2,4
667.5,6.675e-13,14.428514033227676,1.9432067408767357,1.9624660263546745,1.6309857779794665,1.9529597725034658,1.9145416572176872,1.997711450598147,1,1,4,4,7,19,10,10,13,13,16,16,19,19,19,2,2,1,2,2,2,4
668.0,6.680000000000001e-13,14.446047992135473,1.9437027893810128,1.9607617910160628,1.6328595720049421,1.9520982007813024,1.9161877387208355,1.9979698200869407,1,1,4,4,7,19,10,10,13,13,16,16,19,19,19,2,2,1,2,2,2,4
668.5,6.685e-13,14.463416928462854,1.944180662677279,1.9589416733717844,1.6348227254475012,1.9512230943229347,1.9178634163168184,1.9981584772035836,1,1,4,4,7,19,10,10,13,13,16,16,19,19,19,2,2,1,2,2,2,4
669.0,6.690000000000001e-13,14.480638574073305,1.9446528000251848,1.957019864136451,1.6368625864676591,1.9503403896865696,1.9195562009985483,1.9982961767782168,1,1,4,4,7,19,10,10,13,13,16,16,19,19,19,2,2,1,2,2,2,4
669.5,6.695e-13,14.497737490318322,1.9451300716440907,1.9550120352567955,1.638971421142569,1.949453991277144,1.921256233820252,1.9984001835273277,1,1,4,4,7,19,10,10,13,13,16,16,19,19,19,2,2,1,2,2,2,4
670.0,6.700000000000001e-13,14.514742671430199,1.9456211428501695,1.9529343849946421,1.6411452883113606,1.9485649690430258,1.9229573862966634,1.998484932413924,1,1,4,4,7,19,10,10,13,13,16,16,19,19,19,2,2,1,2,2,2,4
670.5,6.705e-13,14.531685959948133,1.9461320349679931,1.9508028088028067,1.6433823278561888,1.9476709956042024,1.9246579739690757,1.9985610215897858,1,1,4,4,7,19,10,10,13,13,16,16,19,19,19,2,2,1,2,2,2,4
671.0,6.710000000000001e-13,14.548600920100446,1.9466659386473315,1.9486322339948523,1.645680814394934,1.946766061680079,1.9263609772053618,1.9986345735033404,1,1,4,4,7,19,10,10,13,13,16,16,19,19,19,2,2,1,2,2,2,4
671.5,6.715e-13,14.565521609659045,1.947223334390561,1.9464361148067064,1.6480373054703854,1.9458405373657988,1.9280736977885495,1.9987069931686865,1,1,4,4,7,19,10,10,13,13,16,16,19,19,19,2,2,1,2,2,2,4
672.0,6.720000000000001e-13,14.582480551569995,1.9478024340540163,1.944226077908915,1.6504451269217708,1.944881670992167,1.9298068589942168,1.998775134844765,1,1,4,4,7,19,10,10,13,13,16,16,19,19,19,2,2,1,2,2,2,4
672.5,6.725e-13,14.5995052807262,1.9483999161473287,1.9420117158612085,1.6528933374826262,1.9438746042193946,1.9315732399030945,1.9988318870347215,1,1,4,4,7,19,10,10,13,13,16,16,19,19,19,2,2,1,2,2,2,4
673.0,6.730000000000001e-13,14.616613308866564,1.9490118562384695,1.9398005504123146,1.6553662235090678,1.9428039251454965,1.933386027572544,1.9988671587367393,1,1,4,4,7,19,10,10,13,13,16,16,19,19,19,2,2,1,2,2,2,4
673.5,6.735e-13,14.633806246059956,1.9496347048222116,1.9375982051270306,1.6578433191633257,1.9416556507173979,1.9352571109606513,1.9988692186832517,1,1,4,4,7,19,10,10,13,13,16,16,19,19,19,2,2,1,2,2,2,4
674.0,6.740000000000001e-13,14.651064879215243,1.9502661391843623,1.9354088133364296,1.6602999465604005,1.9404193657069682,1.937195544361677,1.9988262768507339,1,1,4,4,7,19,10,10,13,13,16,16,19,19,19,2,2,1,2,2,2,4
674.5,6.745e-13,14.668347558050906,1.9509056388269264,1.9332356638043446,1.66270826270255,1.939090111632287,1.9392063465549463,1.9987281383336828,1,1,4,4,7,19,10,10,13,13,16,16,19,19,19,2,2,1,2,2,2,4
675.0,6.750000000000001e-13,14.685593650325659,1.9515546889848783,1.931082034970104,1.6650387797899058,1.9376696070403368,1.9412897539054241,1.998567694331986,1,1,4,4,7,19,10,10,13,13,16,16,19,19,19,2,2,1,2,2,2,4
675.5,6.755000000000001e-13,14.702732102089156,1.9522166538882735,1.9289521336424276,1.667262269509125,1.9361665278561764,1.9434409217419069,1.9983420289272922,1,1,4,4,7,19,10,10,13,13,16,16,19,19,19,2,2,1,2,2,2,4
676.0,6.76e-13,14.719693027276657,1.952896302011044,1.9268519665463013,1.669351828358383,1.93459584217786,1.9456501565256366,1.9980528933643946,1,1,4,4,7,19,10,10,13,13,16,16,19,19,19,2,2,1,2,2,2,4
676.5,6.765000000000001e-13,14.736419182450241,1.9535991783130329,1.9247899920448657,1.6712848404664333,1.9329774108127844,1.9479035571676817,1.9977065050699423,1,1,4,4,7,19,10,10,13,13,16,16,19,19,19,2,2,1,2,2,2,4
677.0,6.77e-13,14.752874396678301,1.9543308845543343,1.9227773598638132,1.6730445214305192,1.9313341690357742,1.950184063994601,1.9973126913244608,1,1,4,4,7,19,10,10,13,13,16,16,19,19,19,2,2,1,2,2,2,4
677.5,6.775000000000001e-13,14.769047363943322,1.9550963664559275,1.9208276553447015,1.6746207603607532,1.9296901790341923,1.9524728374821003,1.9968835472629216,1,1,4,4,7,19,10,10,13,13,16,16,19,19,19,2,2,1,2,2,2,4
678.0,6.78e-13,14.784950842913279,1.9558992616396222,1.918956181537593,1.6760100916771088,1.9280687656236004,1.9547508515695198,1.9964318485652783,1,1,4,4,7,19,10,10,13,13,16,16,19,19,19,2,2,1,2,2,2,4
678.5,6.785000000000001e-13,14.800617556028431,1.9567413442340942,1.9171789252596045,1.6772148023413336,1.9264908615645113,1.9570005487801072,1.9959694622556026,1,1,4,4,7,19,10,10,13,13,16,16,19,19,19,2,2,1,2,2,2,4
679.0,6.79e-13,14.816094564971372,1.9576220916136446,1.9155114099136723,1.6782413573094395,1.9249736324894795,1.9592073719993202,1.9955059521210314,1,1,4,4,7,19,10,10,13,13,16,16,19,19,19,2,2,1,2,2,2,4
679.5,6.795000000000001e-13,14.831437664726359,1.958538403403686,1.9139676198401532,1.6790984455472386,1.9235294164236734,1.961360993327039,1.9950475057996158,1,1,4,4,7,19,10,10,13,13,16,16,19,19,19,2,2,1,2,2,2,4
680.0,6.8e-13,14.846706714012946,1.9594845114586132,1.9125591132972888,1.6797949758822404,1.9221650124177203,1.963456077745771,1.994596242545112,1,1,4,4,7,19,10,10,13,13,16,16,19,19,19,2,2,1,2,2,2,4
680.5,6.805000000000001e-13,14.861962157496464,1.9604521233559835,1.9112943706731622,1.6803383102743292,1.9208813674777183,1.9654924664054543,1.9941499165573777,1,1,4,4,7,19,10,10,13,13,16,16,19,19,19,2,2,1,2,2,2,4
681.0,6.81e-13,14.877262484749306,1.9614308358381287,1.910178377428949,1.6807329132206994,1.9196737425677568,1.9674747297772774,1.9937020071604068,1,1,4,4,7,19,10,10,13,13,16,16,19,19,19,2,2,1,2,2,2,4
681.5,6.815000000000001e-13,14.892662048171998,1.9624088153600887,1.9092124316259385,1.6809795125199096,1.9185324672301354,1.9694111273852122,1.9932421925168544,1,1,4,4,7,19,10,10,13,13,16,16,19,19,19,2,2,1,2,2,2,4
682.0,6.82e-13,14.908208543118679,1.9633736930953525,1.90839416976436,1.6810748093355805,1.9174443589856027,1.971312108737991,1.992757194336503,1,1,4,4,7,19,10,10,13,13,16,16,19,19,19,2,2,1,2,2,2,4
682.5,6.825000000000001e-13,14.923939594611337,1.9643135641329215,1.907717811575468,1.6810117451370408,1.9163947656101399,1.9731885822067776,1.9922319614811252,1,1,4,4,7,19,10,10,13,13,16,16,19,19,19,2,2,1,2,2,2,4
683.0,6.83e-13,14.939878382615522,1.965217948306203,1.9071746390558617,1.6807802940328824,1.9153700008233314,1.975050197384433,1.9916511227537033,1,1,4,4,7,19,10,10,13,13,16,16,19,19,19,2,2,1,2,2,2,4
683.5,6.835000000000001e-13,14.95602902684076,1.9660785659462232,1.9067537186982624,1.6803687428197318,1.9143597501227196,1.9769038607970562,1.9910005976001528,1,1,4,4,7,19,10,10,13,13,16,16,19,19,19,2,2,1,2,2,2,4
684.0,6.84e-13,14.972373256756423,1.966889815957353,1.9064428386437,1.6797653794640364,1.9133589144702736,1.9787526393694903,1.9902691770112464,1,1,4,4,7,19,10,10,13,13,16,16,19,19,19,2,2,1,2,2,2,4
684.5,6.845000000000001e-13,14.988870219233398,1.9676489215616784,1.9062295974302639,1.6789604275599164,1.9123684531385623,1.9805951325778282,1.9894498565847551,1,1,4,4,7,19,10,10,13,13,16,16,19,19,19,2,2,1,2,2,2,4
685.0,6.85e-13,15.005460631698616,1.9683557760628738,1.9061025340699609,1.677947969033377,1.9113950685683607,1.9824253321968242,1.988540702574711,1,1,4,4,7,19,10,10,13,13,16,16,19,19,19,2,2,1,2,2,2,4
685.5,6.855000000000001e-13,15.022074979337786,1.9690125616449146,1.9060521301141513,1.6767275584104406,1.910449912119463,1.9842329527333757,1.987545097379761,1,1,4,4,7,19,10,10,13,13,16,16,19,19,19,2,2,1,2,2,2,4
686.0,6.86e-13,15.038643823119017,1.969623227364839,1.9060714941626913,1.6753052454657882,1.9095467109849689,1.9860041896487974,1.9864713232752313,1,1,4,4,7,19,10,10,13,13,16,16,19,19,19,2,2,1,2,2,2,4
686.5,6.865000000000001e-13,15.055107485573508,1.9701929016121196,1.9061565868507386,1.6736937935510898,1.9086997449206493,1.9877228511566138,1.985331567276525,1,1,4,4,7,19,10,10,13,13,16,16,19,19,19,2,2,1,2,2,2,4
687.0,6.870000000000001e-13,15.071422811761336,1.9707272889680216,1.9063059363719361,1.6719120391933198,1.907921989876138,1.9893717954078063,1.984140522250888,1,1,4,4,7,19,10,10,13,13,16,16,19,19,19,2,2,1,2,2,2,4
687.5,6.875e-13,15.087565955967108,1.9712320788493751,1.9065199168279863,1.6699835030158692,1.9072235938296476,1.9909345565205074,1.9829138131798394,1,1,4,4,7,19,10,10,13,13,16,16,19,19,19,2,2,1,2,2,2,4
688.0,6.880000000000001e-13,15.103531517257412,1.9717123944861572,1.9067997492951696,1.667934508222057,1.9066107274965327,1.992397011437294,1.9816664571437486,1,1,4,4,7,19,10,10,13,13,16,16,19,19,19,2,2,1,2,2,2,4
688.5,6.885e-13,15.119329226924682,1.9721723170434093,1.9071464440033832,1.665792109500799,1.9060847993162815,1.9937488834545252,1.9804115402254363,1,1,4,4,7,19,10,10,13,13,16,16,19,19,19,2,2,1,2,2,2,4
689.0,6.890000000000001e-13,15.134979673043235,1.972614493884961,1.9075598084525447,1.6635821988796775,1.9056420238562306,1.9949849213096813,1.9791591567020916,1,1,4,4,7,19,10,10,13,13,16,16,19,19,19,2,2,1,2,2,2,4
689.5,6.895e-13,15.150510211127488,1.9730399053267473,1.9080377247654179,1.6613278932704612,1.9052733602474088,1.9961055175412579,1.9779157391578341,1,1,4,4,7,19,10,10,13,13,16,16,19,19,19,2,2,1,2,2,2,4
690.0,6.900000000000001e-13,15.165951821262258,1.9734478742306774,1.9085756835387384,1.6590484294415886,1.9049647901284816,1.9971166443753892,1.9766837725111606,1,1,4,4,7,19,10,10,13,13,16,16,19,19,19,2,2,1,2,2,2,4
690.5,6.905e-13,15.181337077962937,1.9738362837771308,1.909166571934559,1.6567585900709778,1.9046980673451894,1.9980291230026803,1.975461822439723,1,1,4,4,7,19,10,10,13,13,16,16,19,19,19,2,2,1,2,2,2,4
691.0,6.910000000000001e-13,15.196698988833539,1.9742020620837413,1.9098007155592567,1.6544686527921573,1.9044519536011695,1.998857272833039,1.974244921870879,1,1,4,4,7,19,10,10,13,13,16,16,19,19,19,2,2,1,2,2,2,4
691.5,6.915e-13,15.212070165301771,1.974541880997099,1.9104661336790902,1.6521848730844488,1.9042039478289674,1.9996171442238675,1.9730253000838835,1,1,4,4,7,19,10,10,13,13,16,16,19,19,19,2,2,1,2,2,2,4
692.0,6.920000000000001e-13,15.227481639288843,1.9748529666471448,1.9111489885235644,1.649910485236511,1.9039323935193475,2.0003246023078414,1.97179343358007,1,1,4,4,7,19,10,10,13,13,16,16,19,19,19,2,2,1,2,2,2,4
692.5,6.925e-13,15.242960697955413,1.9751338768947895,1.9118342158828996,1.6476471614753931,1.9036186956084158,2.000993528056977,1.9705393664672042,1,1,4,4,7,19,10,10,13,13,16,16,19,19,19,2,2,1,2,2,2,4
693.0,6.930000000000001e-13,15.258527421240231,1.9753850939529687,1.912506333387319,1.6453967917577703,1.9032492628840851,2.0016343532133885,1.969254178655981,1,1,4,4,7,19,10,10,13,13,16,16,19,19,19,2,2,1,2,2,2,4
693.5,6.935e-13,15.274190213953107,1.9756093118319396,1.913150398811267,1.6431633616396972,1.9028167840674923,2.002253052674416,1.9679314244729826,1,1,4,4,7,19,10,10,13,13,16,16,19,19,19,2,2,1,2,2,2,4
694.0,6.940000000000001e-13,15.289941409003102,1.975811374205044,1.9137530474855826,1.6409546366133003,1.9023205985002467,2.0028506422704795,1.9665683192897887,1,1,4,4,7,19,10,10,13,13,16,16,19,19,19,2,2,1,2,2,2,4
694.5,6.945e-13,15.305754621298215,1.975997893348898,1.9143034947281843,1.6387833256345057,1.9017661698847894,2.0034231837956553,1.965166460463911,1,1,4,4,7,19,10,10,13,13,16,16,19,19,19,2,2,1,2,2,2,4
695.0,6.950000000000001e-13,15.321585495018404,1.9761766418252726,1.914794341738818,1.6366674706853437,1.9011638986692414,2.0039622681227054,1.9637319394015382,1,1,4,4,7,19,10,10,13,13,16,16,19,19,19,2,2,1,2,2,2,4
695.5,6.955e-13,15.337376522920358,1.9763558160391868,1.9152220110164297,1.6346299704044385,1.9005276076861854,2.004455929654704,1.9622748199765743,1,1,4,4,7,19,10,10,13,13,16,16,19,19,19,2,2,1,2,2,2,4
696.0,6.960000000000001e-13,15.353065119057257,1.976543266580143,1.9155866999807667,1.6326973103917526,1.8998729890492474,2.004889932076471,1.9608080774399153,1,1,4,4,7,19,10,10,13,13,16,16,19,19,19,2,2,1,2,2,2,4
696.5,6.965e-13,15.368592909787607,1.9767457636711765,1.9158918570678143,1.6308977125150645,1.899216187586858,2.005249329713005,1.9593461944544752,1,1,4,4,7,19,10,10,13,13,16,16,19,19,19,2,2,1,2,2,2,4
697.0,6.970000000000001e-13,15.383913952613536,1.9769683363483788,1.916143278596579,1.6292590152683974,1.8985725906845088,2.0055201743205298,1.9579036298743087,1,1,4,4,7,19,10,10,13,13,16,16,19,19,19,2,2,1,2,2,2,4
697.5,6.975e-13,15.399000229887926,1.9772137247474106,1.9163480087137912,1.6278065820259384,1.89795582069759,2.0056911905689367,1.9564933652954462,1,1,4,4,7,19,10,10,13,13,16,16,19,19,19,2,2,1,2,2,2,4
698.0,6.980000000000001e-13,15.413843842434805,1.9774819753764137,1.9165132226182924,1.626561506027868,1.8973769173415451,2.005755211227755,1.9551256742686345,1,1,4,4,7,19,10,10,13,13,16,16,19,19,19,2,2,1,2,2,2,4
698.5,6.985000000000001e-13,15.42845624645389,1.9777702223267004,1.9166453449946936,1.6255391659857257,1.8968437346855485,2.005710185726381,1.9538071846691318,1,1,4,4,7,19,10,10,13,13,16,16,19,19,19,2,2,1,2,2,2,4
699.0,6.990000000000001e-13,15.44286560578161,1.978072692622816,1.916749311535586,1.6247484698700472,1.896360565708481,2.005559531326873,1.9525403253195681,1,1,4,4,7,19,10,10,13,13,16,16,19,19,19,2,2,1,2,2,2,4
699.5,6.995000000000001e-13,15.457113279370557,1.978380970941871,1.9168281741378475,1.6241916071067004,1.8959280944139165,2.005311786543048,1.9513231241053215,1,1,4,4,7,19,10,10,13,13,16,16,19,19,19,2,2,1,2,2,2,4
700.0,7e-13,15.471250341508139,1.9786845458622335,1.9168829545634047,1.6238644165662377,1.8955437458282958,2.0049795645130186,1.9501493872885725,1,1,4,4,7,19,10,10,13,13,16,16,19,19,19,2,2,1,2,2,2,4
700.5,7.005000000000001e-13,15.48533456573123,1.9789716084635058,1.916912713878609,1.623757335406419,1.8952025148085614,2.0045779688388485,1.9490092520140188,1,1,4,4,7,19,10,10,13,13,16,16,19,19,19,2,2,1,2,2,2,4
701.0,7.01e-13,15.499427842150293,1.9792300279925477,1.916914807675703,1.6238568611245123,1.894898285596458,2.0041227212766195,1.9478901063379894,1,1,4,4,7,19,10,10,13,13,16,16,19,19,19,2,2,1,2,2,2,4
701.5,7.015000000000001e-13,15.513593638588853,1.979448368919257,1.9168853054723252,1.6241473958275583,1.8946255354387418,2.00362828650694,1.9467778385740417,1,1,4,4,7,19,10,10,13,13,16,16,19,19,19,2,2,1,2,2,2,4
702.0,7.02e-13,15.527893938006365,1.979616782482327,1.9168195612369048,1.6246132727347495,1.8943811654422493,2.0031062431524886,1.9456583353991488,1,1,4,4,7,19,10,10,13,13,16,16,19,19,19,2,2,1,2,2,2,4
702.5,7.025000000000001e-13,15.542385101260583,1.9797276238907906,1.9167129124782862,1.625240703056298,1.8941660718615547,2.0025640733894,1.9445190762895785,1,1,4,4,7,19,10,10,13,13,16,16,19,19,19,2,2,1,2,2,2,4
703.0,7.03e-13,15.557112391670689,1.979775686807996,1.9165615343034272,1.6260192362498236,1.8939861096392978,2.002004437772321,1.9433506523527673,1,1,4,4,7,19,10,10,13,13,16,16,19,19,19,2,2,1,2,2,2,4
703.5,7.035000000000001e-13,15.57210370257207,1.9797580807976298,1.9163632697833821,1.6269426016892834,1.8938521619444983,2.001424972543689,1.9421479352657267,1,1,4,4,7,19,10,10,13,13,16,16,19,19,19,2,2,1,2,2,2,4
704.0,7.04e-13,15.587363865941063,1.9796738024832325,1.916118405390689,1.6280086388736408,1.8937793892649437,2.0008185913704577,1.9409107138838912,1,1,4,4,7,19,10,10,13,13,16,16,19,19,19,2,2,1,2,2,2,4
704.5,7.045000000000001e-13,15.602871724279593,1.9795231476057513,1.9158301376108946,1.6292184975106434,1.8937858206444769,2.0001742191282346,1.9396436932015368,1,1,4,4,7,19,10,10,13,13,16,16,19,19,19,2,2,1,2,2,2,4
705.0,7.05e-13,15.61858179238166,1.9793070608000218,1.9155047015670228,1.6305751319428263,1.8938906783545963,1.9994779502573865,1.9383558390750675,1,1,4,4,7,19,10,10,13,13,16,16,19,19,19,2,2,1,2,2,2,4
705.5,7.055000000000001e-13,15.634431065303138,1.9790265226215915,1.9151510406088574,1.6320814802318688,1.8941126836396436,1.9987145270267475,1.9370592087801932,1,1,4,4,7,19,10,10,13,13,16,16,19,19,19,2,2,1,2,2,2,4
706.0,7.06e-13,15.650349511440755,1.9786820226271187,1.9147800786355986,1.633738607679741,1.8944685345489547,1.9978690283515688,1.9357674837309782,1,1,4,4,7,19,10,10,13,13,16,16,19,19,19,2,2,1,2,2,2,4
706.5,7.065000000000001e-13,15.666271416996508,1.978273135624979,1.9144037344748788,1.63554407598575,1.89497164328911,1.9969286117323644,1.9344944318452473,1,1,4,4,7,19,10,10,13,13,16,16,19,19,19,2,2,1,2,2,2,4
707.0,7.07e-13,15.682144675052502,1.977798215186322,1.9140338554511864,1.6374907421690688,1.8956311518071856,1.9958841039608133,1.9332524900987569,1,1,4,4,7,19,10,10,13,13,16,16,19,19,19,2,2,1,2,2,2,4
707.5,7.075000000000001e-13,15.697936131908284,1.9772542168623304,1.9136812757503876,1.6395660031152715,1.8964512397710733,1.9947312445205545,1.9320516107137307,1,1,4,4,7,19,10,10,13,13,16,16,19,19,19,2,2,1,2,2,2,4
708.0,7.08e-13,15.713632748707374,1.9766366680329417,1.9133550955038476,1.641751671166393,1.8974307470284335,1.99347136636647,1.930898410205027,1,1,4,4,7,19,10,10,13,13,16,16,19,19,19,2,2,1,2,2,2,4
708.5,7.085000000000001e-13,15.729239498083563,1.9759398324632884,1.9130622103217085,1.6440244764186032,1.8985631337948659,1.9921113663248553,1.9297956825972356,1,1,4,4,7,19,10,10,13,13,16,16,19,19,19,2,2,1,2,2,2,4
709.0,7.09e-13,15.744775385332897,1.9751570837967192,1.9128071557174287,1.6463570610937066,1.8998368606438363,1.9906629897146255,1.9287422825439764,1,1,4,4,7,19,10,10,13,13,16,16,19,19,19,2,2,1,2,2,2,4
709.5,7.095000000000001e-13,15.760269037329854,1.9742815136480347,1.9125921824198888,1.6487194742087656,1.9012362133177507,1.989141506434176,1.92773338779966,1,1,4,4,7,19,10,10,13,13,16,16,19,19,19,2,2,1,2,2,2,4
710.0,7.100000000000001e-13,15.775754778718062,1.9733067428429867,1.9124175197019528,1.6510810180888553,1.9027425857482714,1.9875639974510555,1.9267611397130722,1,1,4,4,7,19,10,10,13,13,16,16,19,19,19,2,2,1,2,2,2,4
710.5,7.105000000000001e-13,15.791269572906895,1.9722278552633006,1.9122817772208,1.6534122636153774,1.9043361424228409,1.9859475195760659,1.9258156389029515,1,1,4,4,7,19,10,10,13,13,16,16,19,19,19,2,2,1,2,2,2,4
711.0,7.110000000000001e-13,15.806850761267226,1.9710423130960162,1.9121824536836893,1.655686991140749,1.9059976803831427,1.9843073977427503,1.9248862425940416,1,1,4,4,7,19,10,10,13,13,16,16,19,19,19,2,2,1,2,2,2,4
711.5,7.115e-13,15.822534251663605,1.969750686957196,1.912116544695633,1.6578837832471254,1.907710395935636,1.9826558245924055,1.9239630564485901,1,1,4,4,7,19,10,10,13,13,16,16,19,19,19,2,2,1,2,2,2,4
712.0,7.120000000000001e-13,15.838352662566074,1.968357038180296,1.9120812157344789,1.6599870306621722,1.9094612220720155,1.9810008713967087,1.9230384501465165,1,1,4,4,7,19,10,10,13,13,16,16,19,19,19,2,2,1,2,2,2,4
712.5,7.125e-13,15.854332886170324,1.9668688853620409,1.9120745225341638,1.6619871756033113,1.9112414768540806,1.9793459565750582,1.9221083921377184,1,1,4,4,7,19,10,10,13,13,16,16,19,19,19,2,2,1,2,2,2,4
713.0,7.130000000000001e-13,15.870492625100267,1.9652967635427516,1.9120961169064312,1.6638801248112172,1.9130467396946977,1.9776897788313947,1.921173376428758,1,1,4,4,7,19,10,10,13,13,16,16,19,19,19,2,2,1,2,2,2,4
713.5,7.135e-13,15.886835932036005,1.9636534724239876,1.912147820862315,1.6656659746100866,1.9148760875353554,1.9760267039728918,1.9202387661063833,1,1,4,4,7,19,10,10,13,13,16,16,19,19,19,2,2,1,2,2,2,4
714.0,7.140000000000001e-13,15.903348587579133,1.9619531811244904,1.9122339346235224,1.6673472916701215,1.9167309425766257,1.9743476076851054,1.9193144843244854,1,1,4,4,7,19,10,10,13,13,16,16,19,19,19,2,2,1,2,2,2,4
714.5,7.145e-13,15.919994915265587,1.9602105032366213,1.9123612040970137,1.6689272274958278,1.918613823154299,1.972641107790868,1.9184141039246339,1,1,4,4,7,19,10,10,13,13,16,16,19,19,19,2,2,1,2,2,2,4
715.0,7.150000000000001e-13,15.93671787787446,1.9584396287592432,1.9125384134559094,1.6704077632176872,1.9205272081058402,1.9708950994415266,1.9175534873474713,1,1,4,4,7,19,10,10,13,13,16,16,19,19,19,2,2,1,2,2,2,4
715.5,7.155e-13,15.953443448130342,1.9566535610444387,1.9127756679691315,1.6717882922418559,1.9224726119304287,1.9690984521346828,1.91674919586614,1,1,4,4,7,19,10,10,13,13,16,16,19,19,19,2,2,1,2,2,2,4
716.0,7.160000000000001e-13,15.970088661606058,1.9548634691234714,1.9130834999161348,1.6730646889930119,1.9244499068020025,1.9672426769654305,1.916016879392499,1,1,4,4,7,19,10,10,13,13,16,16,19,19,19,2,2,1,2,2,2,4
716.5,7.165e-13,15.986571286532401,1.9530782328484668,1.91347197007143,1.6742288405228052,1.9264568111835243,1.9653233860734787,1.9153698750057047,1,1,4,4,7,19,10,10,13,13,16,16,19,19,19,2,2,1,2,2,2,4
717.0,7.170000000000001e-13,16.002818725412478,1.9513041249096998,1.9139498942629325,1.6752687856844262,1.9284886159277748,1.963341270167092,1.9148180657030376,1,1,4,4,7,19,10,10,13,13,16,16,19,19,19,2,2,1,2,2,2,4
717.5,7.175e-13,16.018774392878896,1.9495447111366642,1.9145242754388279,1.6761694056438468,1.9305381138946784,1.9613024425551764,1.9143671046874835,1,1,4,4,7,19,10,10,13,13,16,16,19,19,19,2,2,1,2,2,2,4
718.0,7.180000000000001e-13,16.03440087163792,1.9478010155077004,1.9152000019918298,1.6769135822854269,1.9325957346113811,1.9592180764639555,1.914018042328587,1,1,4,4,7,19,10,10,13,13,16,16,19,19,19,2,2,1,2,2,2,4
718.5,7.185e-13,16.049680225338705,1.9460719614073105,1.9159797750357914,1.6774837792779556,1.9346499450853094,1.957103350449154,1.9137673434252969,1,1,4,4,7,19,10,10,13,13,16,16,19,19,19,2,2,1,2,2,2,4
719.0,7.190000000000001e-13,16.064612334532363,1.9443550954469635,1.9168642222503514,1.6778638766942733,1.93668793397006,1.954975874858211,1.913607295085315,1,1,4,4,7,19,10,10,13,13,16,16,19,19,19,2,2,1,2,2,2,4
719.5,7.195e-13,16.079212241319713,1.9426475297711725,1.9178521371346033,1.6780410400608428,1.9386965854945193,1.952853853415546,1.9135267882248008,1,1,4,4,7,19,10,10,13,13,16,16,19,19,19,2,2,1,2,2,2,4
720.0,7.200000000000001e-13,16.093507286185545,1.940946982224667,1.9189408189127823,1.6780073248645664,1.9406636898548817,1.9507542603648347,1.913512425975184,1,1,4,4,7,19,10,10,13,13,16,16,19,19,19,2,2,1,2,2,2,4
720.5,7.205e-13,16.107534607651164,1.9392527233098218,1.9201264629457304,1.6777608076450625,1.9425792715082473,1.9486912545630615,1.913549883290793,1,1,4,4,7,19,10,10,13,13,16,16,19,19,19,2,2,1,2,2,2,4
721.0,7.210000000000001e-13,16.121339192472295,1.9375662267349454,1.9214046277395194,1.6773060035146488,1.9444368430292205,1.9466749703717885,1.91362539872994,1,1,4,4,7,19,10,10,13,13,16,16,19,19,19,2,2,1,2,2,2,4
721.5,7.215000000000001e-13,16.134972368975713,1.9358913818783083,1.922770796073724,1.67665348652477,1.946234344087282,1.944710749240014,1.9137272218759669,1,1,4,4,7,19,10,10,13,13,16,16,19,19,19,2,2,1,2,2,2,4
722.0,7.220000000000001e-13,16.148490297683214,1.9342342077293322,1.9242209776197094,1.6758187837378369,1.9479745685471836,1.9427988107503875,1.91384684878649,1,1,4,4,7,19,10,10,13,13,16,16,19,19,19,2,2,1,2,2,2,4
722.5,7.225000000000001e-13,16.1619516590306,1.9326021968902123,1.9257523081510928,1.6748207503539765,1.9496649537747477,1.9409343809516582,1.9139798089064128,1,1,4,4,7,19,10,10,13,13,16,16,19,19,19,2,2,1,2,2,2,4
723.0,7.23e-13,16.175413628823247,1.9310034132831038,1.9273635644673108,1.6736796151423394,1.951316827460146,1.9391083147625814,1.914125848867896,1,1,4,4,7,19,10,10,13,13,16,16,19,19,19,2,2,1,2,2,2,4
723.5,7.235000000000001e-13,16.188925756839858,1.9294455727131232,1.929055355968258,1.672415122048207,1.9529442344996142,1.9373081435653519,1.9142885440259854,1,1,4,4,7,19,10,10,13,13,16,16,19,19,19,2,2,1,2,2,2,4
724.0,7.24e-13,16.202522249919156,1.9279352432091164,1.9308299518200593,1.6710449420388453,1.9545625656888836,1.9355195323933816,1.9144743654947707,1,1,4,4,7,19,10,10,13,13,16,16,19,19,19,2,2,1,2,2,2,4
724.5,7.245000000000001e-13,16.216214569032235,1.926477234489395,1.932690720901686,1.6695835253764661,1.9561871710398642,1.9337280168558544,1.9146913929120695,1,1,4,4,7,19,10,10,13,13,16,16,19,19,19,2,2,1,2,2,2,4
725.0,7.25e-13,16.22998720161931,1.925074186889978,1.9346412778658792,1.6680414740519238,1.9578320837263397,1.9319208311244005,1.914947888942288,1,1,4,4,7,19,10,10,13,13,16,16,19,19,19,2,2,1,2,2,2,4
725.5,7.255000000000001e-13,16.243799086077154,1.9237263358816092,1.9366845098488594,1.6664254395338143,1.9595089302277542,1.9300885929090248,1.9152509357407919,1,1,4,4,7,19,10,10,13,13,16,16,19,19,19,2,2,1,2,2,2,4
726.0,7.26e-13,16.25759119649271,1.9224314261193265,1.9388216783403607,1.664738509794624,1.9612260879672772,1.928226589646879,1.9156052943219875,1,1,4,4,7,19,10,10,13,13,16,16,19,19,19,2,2,1,2,2,2,4
726.5,7.265000000000001e-13,16.271298366481357,1.9211848080540777,1.9410516816026269,1.66298114866493,1.9629880485169797,1.9263354902968257,1.9160125519978455,1,1,4,4,7,19,10,10,13,13,16,16,19,19,19,2,2,1,2,2,2,4
727.0,7.27e-13,16.284861804868562,1.9199797116700907,1.9433706235218833,1.6611525093136488,1.964795082901557,1.924421326339891,1.9164706554067374,1,1,4,4,7,19,10,10,13,13,16,16,19,19,19,2,2,1,2,2,2,4
727.5,7.275000000000001e-13,16.298239108447007,1.918807700287315,1.9457716798423608,1.6592520388503866,1.9666432595150445,1.9224947681700197,1.9169737978967412,1,1,4,4,7,19,10,10,13,13,16,16,19,19,19,2,2,1,2,2,2,4
728.0,7.28e-13,16.311410012815998,1.9176593515876401,1.948245184184667,1.6572812604987432,1.96852478274506,1.920569811093447,1.9175126607875057,1,1,4,4,7,19,10,10,13,13,16,16,19,19,19,2,2,1,2,2,2,4
728.5,7.285000000000001e-13,16.324377669480047,1.9165250922303172,1.9507789266480626,1.6552454027131602,1.9704287675473933,1.9186620769606697,1.918074995481898,1,1,4,4,7,19,10,10,13,13,16,16,19,19,19,2,2,1,2,2,2,4
729.0,7.29e-13,16.337166452061094,1.915396122333068,1.9533585884123468,1.6531546210708399,1.9723424246278125,1.916787003160424,1.9186465150759628,1,1,4,4,7,19,10,10,13,13,16,16,19,19,19,2,2,1,2,2,2,4
729.5,7.295000000000001e-13,16.34981776452038,1.9142653069122901,1.955968264730686,1.65102458465197,1.974252566128138,1.9149581711329289,1.9192120448802898,1,1,4,4,7,19,10,10,13,13,16,16,19,19,19,2,2,1,2,2,2,4
730.0,7.3e-13,16.362385256632184,1.913127897969351,1.9585910564556823,1.6488763006611884,1.976147223975017,1.9131859589352749,1.91975685610905,1,1,4,4,7,19,10,10,13,13,16,16,19,19,19,2,2,1,2,2,2,4
730.5,7.305000000000001e-13,16.374930448491572,1.9119819617421512,1.961209737554684,1.6467351905737966,1.9780170842848444,1.911476615423032,1.9202680635320721,1,1,4,4,7,19,10,10,13,13,16,16,19,19,19,2,2,1,2,2,2,4
731.0,7.31e-13,16.387519238810874,1.910828445428289,1.963807529209088,1.644629539591076,1.9798564357879946,1.9098317805234226,1.9207359315856902,1,1,4,4,7,19,10,10,13,13,16,16,19,19,19,2,2,1,2,2,2,4
731.5,7.315000000000001e-13,16.40021933716778,1.909670884984324,1.9663688963198804,1.6425886023031864,1.9816633991966586,1.9082484323530193,1.9211549233507286,1,1,4,4,7,19,10,10,13,13,16,16,19,19,19,2,2,1,2,2,2,4
732.0,7.32e-13,16.413098113021736,1.9085148667917644,1.9688803156409318,1.6406406220305958,1.9834394318891568,1.9067192700337425,1.9215242806438084,1,1,4,4,7,19,10,10,13,13,16,16,19,19,19,2,2,1,2,2,2,4
732.5,7.325000000000001e-13,16.426220080200554,1.9073673466988132,1.971330953171016,1.6388109187726099,1.985188314974523,1.905233502052488,1.92184804040612,1,1,4,4,7,19,10,10,13,13,16,16,19,19,19,2,2,1,2,2,2,4
733.0,7.33e-13,16.43964332482373,1.906235974124661,1.9737129219453546,1.6371204400126023,1.9869148150178848,1.9037780176539973,1.9221344821466073,1,1,4,4,7,19,10,10,13,13,16,16,19,19,19,2,2,1,2,2,2,4
733.5,7.335000000000001e-13,16.453414412683337,1.9051285069332105,1.9760211292954732,1.635584811991933,1.9886233285902255,1.9023388769578193,1.9223950869802209,1,1,4,4,7,19,10,10,13,13,16,16,19,19,19,2,2,1,2,2,2,4
734.0,7.340000000000001e-13,16.467562149114396,1.904052354278696,1.978252709251085,1.6342139614155848,1.9903166822592813,1.90090299156775,1.9226431899120036,1,1,4,4,7,19,10,10,13,13,16,16,19,19,19,2,2,1,2,2,2,4
734.5,7.345000000000001e-13,16.482091641189655,1.9030142440481628,1.9804061597929685,1.6330123078576935,1.991995183934693,1.8994598119708497,1.9228925347408545,1,1,4,4,7,19,10,10,13,13,16,16,19,19,19,2,2,1,2,2,2,4
735.0,7.350000000000001e-13,16.49698092721156,1.90201999390902,1.9824803797880242,1.6319794870005175,1.9936559514760872,1.8980028008464285,1.9231559109922247,1,1,4,4,7,19,10,10,13,13,16,16,19,19,19,2,2,1,2,2,2,4
735.5,7.355e-13,16.512182246286972,1.901074367856064,1.984473808477414,1.6311115191748382,1.9952925263625292,1.8965304619236372,1.9234440127594858,1,1,4,4,7,19,10,10,13,13,16,16,19,19,19,2,2,1,2,2,2,4
736.0,7.360000000000001e-13,16.527628553342584,1.900180994820712,1.9863837758515999,1.6304023758803843,1.9968947681857339,1.895046787254607,1.9237645621730735,1,1,4,4,7,19,10,10,13,13,16,16,19,19,19,2,2,1,2,2,2,4
736.5,7.365e-13,16.543243720568707,1.8993423857279046,1.9882061882506679,1.629845703734482,1.9984490712158187,1.8935609632484838,1.9241218186055575,1,1,4,4,7,19,10,10,13,13,16,16,19,19,19,2,2,1,2,2,2,4
737.0,7.370000000000001e-13,16.5589535562223,1.8985601263509118,1.9899354991141485,1.6294365125055097,1.9999388244767167,1.8920864700183029,1.924516400521433,1,1,4,4,7,19,10,10,13,13,16,16,19,19,19,2,2,1,2,2,2,4
737.5,7.375e-13,16.574694816453025,1.8978352050207619,1.9915648942571902,1.6291725991786996,2.0013451951881684,1.8906396546883821,1.924945473414333,1,1,4,4,7,19,10,10,13,13,16,16,19,19,19,2,2,1,2,2,2,4
738.0,7.380000000000001e-13,16.590420600701695,1.8971685053666105,1.9930866522579163,1.629055400935497,2.002648201780761,1.8892380186460733,1.925403274243043,1,1,4,4,7,19,10,10,13,13,16,16,19,19,19,2,2,1,2,2,2,4
738.5,7.385e-13,16.60610198306137,1.8965613937202521,1.9944926182292662,1.629090118928028,2.0038280469910146,1.8878984517494355,1.9258819461716739,1,1,4,4,7,19,10,10,13,13,16,16,19,19,19,2,2,1,2,2,2,4
739.0,7.390000000000001e-13,16.621726734084454,1.8960162976331725,1.9957747630215175,1.6292850785462272,2.00486660873184,1.8866356323667222,1.9263726316002199,1,1,4,4,7,19,10,10,13,13,16,16,19,19,19,2,2,1,2,2,2,4
739.5,7.395e-13,16.637296385134224,1.8955371465952908,1.9969258127594918,1.6296504514746954,2.0057489052325113,1.8854607457515675,1.926866731196119,1,1,4,4,7,19,10,10,13,13,16,16,19,19,19,2,2,1,2,2,2,4
740.0,7.400000000000001e-13,16.65282281571248,1.8951295666062342,1.9979399662014723,1.6301965502841895,2.0064642986486008,1.8843806117168902,1.927357191766408,1,1,4,4,7,19,10,10,13,13,16,16,19,19,19,2,2,1,2,2,2,4
740.5,7.405e-13,16.668325275893725,1.8948007455742977,1.998813611841374,1.6309320415670132,2.007007217273575,1.8833972221763642,1.9278396825833626,1,1,4,4,7,19,10,10,13,13,16,16,19,19,19,2,2,1,2,2,2,4
741.0,7.410000000000001e-13,16.683828289843163,1.8945590263185572,1.9995460700343095,1.6318622350759344,2.0073772587666188,1.882507738188886,1.928313423089455,1,1,4,4,7,19,10,10,13,13,16,16,19,19,19,2,2,1,2,2,2,4
741.5,7.415e-13,16.6993604712914,1.894413295824014,2.0001401706273074,1.632987744928727,2.007578698820911,1.8817049024411479,1.928781545903387,1,1,4,4,7,19,10,10,13,13,16,16,19,19,19,2,2,1,2,2,2,4
742.0,7.420000000000001e-13,16.71495385378922,1.8943722743848386,2.0006025403437615,1.6343036127967605,2.007619555918193,1.8809778589617578,1.9292509096972157,1,1,4,4,7,19,10,10,13,13,16,16,19,19,19,2,2,1,2,2,2,4
742.5,7.425e-13,16.730642989820698,1.8944438459699022,2.0009434495337652,1.6357990010437045,2.0075104062633224,1.880313365848995,1.9297313601459858,1,1,4,4,7,19,10,10,13,13,16,16,19,19,19,2,2,1,2,2,2,4
743.0,7.430000000000001e-13,16.746462943982365,1.8946344931540986,2.001176207073807,1.6374574444406704,2.0072631558412795,1.8796973097962322,1.9302345715338494,1,1,4,4,7,19,10,10,13,13,16,16,19,19,19,2,2,1,2,2,2,4
743.5,7.435e-13,16.762445460437263,1.8949488729646375,2.001316179062422,1.6392576275943953,2.006889905574005,1.8791163836819442,1.930772658948133,1,1,4,4,7,19,10,10,13,13,16,16,19,19,19,2,2,1,2,2,2,4
744.0,7.440000000000001e-13,16.778613143004556,1.8953895258021554,2.0013795942333212,1.641174622535573,2.0064019823350416,1.878559742940618,1.931356759137915,1,1,4,4,7,19,10,10,13,13,16,16,19,19,19,2,2,1,2,2,2,4
744.5,7.445e-13,16.794972495764732,1.8959567030138103,2.001382336282289,1.643181483668684,2.005809166721866,1.878020421295784,1.9319957567239208,1,1,4,4,7,19,10,10,13,13,16,16,19,19,19,2,2,1,2,2,2,4
745.0,7.450000000000001e-13,16.81150785699224,1.8966482916479543,2.001338885577148,1.6452510743995614,2.0051191210572794,1.8774963049479603,1.9326952703022067,1,1,4,4,7,19,10,10,13,13,16,16,19,19,19,2,2,1,2,2,2,4
745.5,7.455000000000001e-13,16.82817878608864,1.8974598934227613,2.001261562768736,1.647357886739506,2.0043370037758272,1.8769905124384934,1.9334569729822215,1,1,4,4,7,19,10,10,13,13,16,16,19,19,19,2,2,1,2,2,2,4
746.0,7.460000000000001e-13,16.844922870537072,1.8983850002209959,2.001160042180525,1.6494797440938052,2.003465320797546,1.8765110863875538,1.93427828733177,1,1,4,4,7,19,10,10,13,13,16,16,19,19,19,2,2,1,2,2,2,4
746.5,7.465000000000001e-13,16.861663711564983,1.8994153836556709,2.001041191856599,1.6515990295546414,2.0025040185839624,1.8760700399826993,1.9351524680836611,1,1,4,4,7,19,10,10,13,13,16,16,19,19,19,2,2,1,2,2,2,4
747.0,7.47e-13,16.878321865200995,1.9005416477377393,2.0009091758034407,1.6537032516400496,2.001450916769091,1.875681894212413,1.9360690558573914,1,1,4,4,7,19,10,10,13,13,16,16,19,19,19,2,2,1,2,2,2,4
747.5,7.475000000000001e-13,16.89482562642851,1.9017538944243062,2.000765775020589,1.6557848284779624,2.0003025492749167,1.8753619286889793,1.9370146641397954,1,1,4,4,7,19,10,10,13,13,16,16,19,19,19,2,2,1,2,2,2,4
748.0,7.48e-13,16.9111191949447,1.903042409209956,2.0006108814471437,1.6578401478545164,1.999055422129916,1.8751243947932286,1.937974044767256,1,1,4,4,7,19,10,10,13,13,16,16,19,19,19,2,2,1,2,2,2,4
748.5,7.485000000000001e-13,16.9271671382378,1.9043982464342115,2.0004431314043885,1.659868102585787,1.9977075770211143,1.8749809085934224,1.9389313555546932,1,1,4,4,7,19,10,10,13,13,16,16,19,19,19,2,2,1,2,2,2,4
749.0,7.49e-13,16.94295536287684,1.9058136080592263,2.000260640463365,1.6618683914157832,1.996260198323466,1.8749391753602935,1.9398715311599728,1,1,4,4,7,19,10,10,13,13,16,16,19,19,19,2,2,1,2,2,2,4
749.5,7.495000000000001e-13,16.95848951144376,1.9072819621295944,2.0000618372151577,1.663839794663027,1.9947189095721134,1.8750021634233287,1.9407816029415468,1,1,4,4,7,19,10,10,13,13,16,16,19,19,19,2,2,1,2,2,2,4
750.0,7.5e-13,16.973792060481284,1.9087978947590472,1.9998462701464348,1.6657787566902054,1.9930943889448687,1.8751677133226217,1.9416518384864094,1,1,4,4,7,19,10,10,13,13,16,16,19,19,19,2,2,1,2,2,2,4
750.5,7.505000000000001e-13,16.98889908586786,1.9103567902565122,1.999615348542437,1.6676783044653545,1.9914021155456771,1.8754286299830614,1.942476511479368,1,1,4,4,7,19,10,10,13,13,16,16,19,19,19,2,2,1,2,2,2,4
751.0,7.51e-13,17.003857413164383,1.911954419188032,1.9993727865253488,1.6695275402080179,1.9896612837215368,1.875773218890134,1.9432541962569372,1,1,4,4,7,19,10,10,13,13,16,16,19,19,19,2,2,1,2,2,2,4
751.5,7.515000000000001e-13,17.018722258261796,1.9135865697585404,1.9991247302005697,1.671311579214351,1.9878931464658824,1.876186275450792,1.9439875202508814,1,1,4,4,7,19,10,10,13,13,16,16,19,19,19,2,2,1,2,2,2,4
752.0,7.52e-13,17.03355512150359,1.9152487765203294,1.9988794327717139,1.6730120321553643,1.9861191233883544,1.8766504564338446,1.9446824257108128,1,1,4,4,7,19,10,10,13,13,16,16,19,19,19,2,2,1,2,2,2,4
752.5,7.525000000000001e-13,17.04842131187844,1.9169361639536886,1.998646521735148,1.6746079723237424,1.9843589945175257,1.8771479376981457,1.9453470698202162,1,1,4,4,7,19,10,10,13,13,16,16,19,19,19,2,2,1,2,2,2,4
753.0,7.53e-13,17.063386329086462,1.918643393122582,1.9984359838300203,1.676077310851844,1.9826293820448502,1.8776622037629513,1.9459905435423215,1,1,4,4,7,19,10,10,13,13,16,16,19,19,19,2,2,1,2,2,2,4
753.5,7.535000000000001e-13,17.078510480031124,1.9203646722609162,1.998257048114099,1.6773984587194053,1.980942618792127,1.8781797704500025,1.9466215931622939,1,1,4,4,7,19,10,10,13,13,16,16,19,19,19,2,2,1,2,2,2,4
754.0,7.54e-13,17.093841713365887,1.9220937872098618,1.998117147922012,1.678552107794176,1.9793060236590827,1.8786916169653292,1.947247495787352,1,1,4,4,7,19,10,10,13,13,16,16,19,19,19,2,2,1,2,2,2,4
754.5,7.545000000000001e-13,17.10940774214029,1.9238241737955775,1.998021153877005,1.6795228343217514,1.9777215418315872,1.8791941467861433,1.9478731746004532,1,1,4,4,7,19,10,10,13,13,16,16,19,19,19,2,2,1,2,2,2,4
755.0,7.55e-13,17.125209751016307,1.925548994553256,1.9979709006945556,1.680300362454474,1.976185757619006,1.8796895070182758,1.948500634236922,1,1,4,4,7,19,10,10,13,13,16,16,19,19,19,2,2,1,2,2,2,4
755.5,7.555000000000001e-13,17.141220460873278,1.9272612885006852,1.9979650026864173,1.6808803078172945,1.9746902397560622,1.8801852192197,1.9491287162229551,1,1,4,4,7,19,10,10,13,13,16,16,19,19,19,2,2,1,2,2,2,4
756.0,7.56e-13,17.15738815229366,1.928954254110774,1.9979990341571228,1.6812641125590535,1.973222257232355,1.880693168103308,1.9497531975301503,1,1,4,4,7,19,10,10,13,13,16,16,19,19,19,2,2,1,2,2,2,4
756.5,7.565000000000001e-13,17.17364601245646,1.9306216268282113,1.9980659284123414,1.6814583093938824,1.9717659254700965,1.8812280794556901,1.950367210910995,1,1,4,4,7,19,10,10,13,13,16,16,19,19,19,2,2,1,2,2,2,4
757.0,7.570000000000001e-13,17.18992395719968,1.932258120814249,1.9981565765726086,1.6814731787418955,1.9703037942056336,1.8818057090003086,1.950961964643998,1,1,4,4,7,19,10,10,13,13,16,16,19,19,19,2,2,1,2,2,2,4
757.5,7.575000000000001e-13,17.206159479738165,1.9338598510255969,1.9982605589753721,1.6813210594477335,1.9688187936171866,1.8824409958294632,1.951527708665076,1,1,4,4,7,19,10,10,13,13,16,16,19,19,19,2,2,1,2,2,2,4
758.0,7.580000000000001e-13,17.22230510526013,1.935424663191928,1.9983669641813122,1.6810145913154764,1.9672962893314634,1.883146404395939,1.9520548858944802,1,1,4,4,7,19,10,10,13,13,16,16,19,19,19,2,2,1,2,2,2,4
758.5,7.585e-13,17.238331707063683,1.936952300910381,1.9984652544703283,1.680565135380312,1.9657258710321406,1.8839306176956554,1.9525353632833593,1,1,4,4,7,19,10,10,13,13,16,16,19,19,19,2,2,1,2,2,2,4
759.0,7.590000000000001e-13,17.254228316359388,1.9384443873647261,1.9985461413554952,1.6799815259244966,1.9641024653516201,1.88479768313708,1.9529636012108627,1,1,4,4,7,19,10,10,13,13,16,16,19,19,19,2,2,1,2,2,2,4
759.5,7.595e-13,17.26999972447072,1.9399041618758395,1.9986023589486424,1.679269305293659,1.9624265654780018,1.885746602042216,1.9533376293505846,1,1,4,4,7,19,10,10,13,13,16,16,19,19,19,2,2,1,2,2,2,4
760.0,7.600000000000001e-13,17.285663197733363,1.9413361351289644,1.9986293118001912,1.6784303765658894,1.960703448278445,1.8867714574476355,1.9536595905165155,1,1,4,4,7,19,10,10,13,13,16,16,19,19,19,2,2,1,2,2,2,4
760.5,7.605e-13,17.301245279167144,1.9427456024319878,1.9986254030325155,1.6774631855072741,1.9589417517133485,1.8878619727694863,1.9539358143281909,1,1,4,4,7,19,10,10,13,13,16,16,19,19,19,2,2,1,2,2,2,4
761.0,7.610000000000001e-13,17.316779207948358,1.9441381513416034,1.9985919808561383,1.6763633834945022,1.9571517265232588,1.8890045257518533,1.9541763365248566,1,1,4,4,7,19,10,10,13,13,16,16,19,19,19,2,2,1,2,2,2,4
761.5,7.615e-13,17.332303054104987,1.9455192089747626,1.9985328587044524,1.6751249517443612,1.9553435365376362,1.890183541502606,1.9543939501328718,1,1,4,4,7,19,10,10,13,13,16,16,19,19,19,2,2,1,2,2,2,4
762.0,7.620000000000001e-13,17.34785833408395,1.9468936570452218,1.9984534841345267,1.6737416841661688,1.953525851083886,1.8913831742118037,1.9546029271829115,1,1,4,4,7,19,10,10,13,13,16,16,19,19,19,2,2,1,2,2,2,4
762.5,7.625e-13,17.36348858673508,1.948265527085557,1.9983598821280832,1.6722088967664015,1.9517048269087565,1.892589112627141,1.954817605904147,1,1,4,4,7,19,10,10,13,13,16,16,19,19,19,2,2,1,2,2,2,4
763.0,7.630000000000001e-13,17.379237236344647,1.9496377704329388,1.9982575500064736,1.6705251461430237,1.9498834752695386,1.8937903120121315,1.9550510237515413,1,1,4,4,7,19,10,10,13,13,16,16,19,19,19,2,2,1,2,2,2,4
763.5,7.635e-13,17.395144032219022,1.9510120967167484,1.9981505178266712,1.6686936617214636,1.9480613886991882,1.8949804070634775,1.95531374687715,1,1,4,4,7,19,10,10,13,13,16,16,19,19,19,2,2,1,2,2,2,4
764.0,7.640000000000001e-13,17.411239829003552,1.9523888771629079,1.9980406144581901,1.6667233047653438,1.946234753709459,1.896158593733673,1.9556129768127999,1,1,4,4,7,19,10,10,13,13,16,16,19,19,19,2,2,1,2,2,2,4
764.5,7.645e-13,17.42754015913685,1.9537671138700092,1.997927070064067,1.6646288466086585,1.944396668113072,1.8973298225160093,1.9559519721354062,1,1,4,4,7,19,10,10,13,13,16,16,19,19,19,2,2,1,2,2,2,4
765.0,7.650000000000001e-13,17.444039221835855,1.9551445455413432,1.9978064560421345,1.662430417879302,1.9425377167706088,1.898504212082784,1.9563298507092404,1,1,4,4,7,19,10,10,13,13,16,16,19,19,19,2,2,1,2,2,2,4
765.5,7.655e-13,17.460706700811336,1.9565178610419078,1.997672871336243,1.6601523652575436,1.9406468700370534,1.8996957976760211,1.9567417076762657,1,1,4,4,7,19,10,10,13,13,16,16,19,19,19,2,2,1,2,2,2,4
766.0,7.660000000000001e-13,17.477489305766667,1.9578830666108593,1.9975183540015562,1.6578215907337046,1.938712691226357,1.9009207766838534,1.957179091575942,1,1,4,4,7,19,10,10,13,13,16,16,19,19,19,2,2,1,2,2,2,4
766.5,7.665e-13,17.494317260340026,1.9592359569913216,1.9973334520827313,1.6554656613691054,1.9367248433221949,1.9021955255693952,1.9576308066304575,1,1,4,4,7,19,10,10,13,13,16,16,19,19,19,2,2,1,2,2,2,4
767.0,7.670000000000001e-13,17.511113933846023,1.9605726003280817,1.9971079029092182,1.653110972865702,1.9346757939975012,1.903534657268947,1.9580840018447927,1,1,4,4,7,19,10,10,13,13,16,16,19,19,19,2,2,1,2,2,2,4
767.5,7.675e-13,17.527805826963668,1.9618897237390471,1.9968313831855855,1.6507811966497008,1.9325624925926015,1.9049493497681604,1.9585254597546795,1,1,4,4,7,19,10,10,13,13,16,16,19,19,19,2,2,1,2,2,2,4
768.0,7.680000000000001e-13,17.54433057676033,1.9631849058769777,1.9964943017510788,1.6484961339274458,1.9303876804406388,1.9064461114492735,1.9589429595971828,1,1,4,4,7,19,10,10,13,13,16,16,19,19,19,2,2,1,2,2,2,4
768.5,7.685000000000001e-13,17.560641938249255,1.964456541328417,1.996088537302711,1.646271147956014,1.9281604838234219,1.9080260008658088,1.9593265693196296,1,1,4,4,7,19,10,10,13,13,16,16,19,19,19,2,2,1,2,2,2,4
769.0,7.690000000000001e-13,17.576711795804435,1.965703573650655,1.9956081238111283,1.6441169906884683,1.9258961085576443,1.9096844559855326,1.9596696422926867,1,1,4,4,7,19,10,10,13,13,16,16,19,19,19,2,2,1,2,2,2,4
769.5,7.695000000000001e-13,17.59253000208837,1.9669250927612802,1.9950496960640367,1.6420402184013345,1.9236146657002573,1.9114115954496476,1.9599693955300452,1,1,4,4,7,19,10,10,13,13,16,16,19,19,19,2,2,1,2,2,2,4
770.0,7.700000000000001e-13,17.608102932120193,1.9681198813334244,1.9944126259366184,1.640044078499301,1.9213394070891854,1.9131930281117742,1.9602269456751902,1,1,4,4,7,19,10,10,13,13,16,16,19,19,19,2,2,1,2,2,2,4
770.5,7.705000000000001e-13,17.62345152804785,1.9692860001148718,1.9936987654649154,1.6381298375734346,1.9190947350351657,1.915011105516833,1.9604467998322859,1,1,4,4,7,19,10,10,13,13,16,16,19,19,19,2,2,1,2,2,2,4
771.0,7.71e-13,17.638609375115916,1.9704204779003878,1.9929118141045086,1.636298399552237,1.916904309946861,1.9168465404489998,1.960635898502074,1,1,4,4,7,19,10,10,13,13,16,16,19,19,19,2,2,1,2,2,2,4
771.5,7.715000000000001e-13,17.653621080502717,1.9715191397916934,1.9920563985101318,1.634552016668373,1.914789452617669,1.918680269172814,1.9608023789875375,1,1,4,4,7,19,10,10,13,13,16,16,19,19,19,2,2,1,2,2,2,4
772.0,7.72e-13,17.668540909720264,1.9725765716922437,1.9911370178013086,1.6328958214732239,1.9127679179639316,1.9204953777084992,1.9609542550894488,1,1,4,4,7,19,10,10,13,13,16,16,19,19,19,2,2,1,2,2,2,4
772.5,7.725000000000001e-13,17.683431313293184,1.973586200941378,1.990157017327145,1.6313389076147173,1.9108530344266326,1.9222788682751564,1.9610981892269737,1,1,4,4,7,19,10,10,13,13,16,16,19,19,19,2,2,1,2,2,2,4
773.0,7.73e-13,17.698360600491593,1.9745404760526661,1.989117805832372,1.629894666957379,1.9090531965167603,1.924023011614191,1.9612384885089449,1,1,4,4,7,19,10,10,13,13,16,16,19,19,19,2,2,1,2,2,2,4
773.5,7.735000000000001e-13,17.713398968027924,1.9754310997239821,1.988018311879908,1.6285804116346616,1.9073716889064156,1.9257260661351416,1.9613763991146667,1,1,4,4,7,19,10,10,13,13,16,16,19,19,19,2,2,1,2,2,2,4
774.0,7.74e-13,17.72861218661196,1.9762493111098218,1.986854783391215,1.6274162959391967,1.9058068674998836,1.9273922163191781,1.9615097287274577,1,1,4,4,7,19,10,10,13,13,16,16,19,19,19,2,2,1,2,2,2,4
774.5,7.745000000000001e-13,17.744053039054567,1.9769862168813737,1.9856209835460066,1.626423634172452,1.9043527475775943,1.9290307401139224,1.961632824556236,1,1,4,4,7,19,10,10,13,13,16,16,19,19,19,2,2,1,2,2,2,4
775.0,7.75e-13,17.759752200248176,1.9776331564993346,1.9843086180448395,1.625623057805728,1.9030000158459044,1.930654507374296,1.9617368688190517,1,1,4,4,7,19,10,10,13,13,16,16,19,19,19,2,2,1,2,2,2,4
775.5,7.755000000000001e-13,17.775711428642957,1.9781821164940958,1.9829079897493056,1.6250326662362728,1.9017374727673024,1.9322780769850227,1.961810501173441,1,1,4,4,7,19,10,10,13,13,16,16,19,19,19,2,2,1,2,2,2,4
776.0,7.76e-13,17.791902182754995,1.9786261660580315,1.98140877976495,1.6246664006276508,1.9005538210889452,1.933915692048922,1.9618407412491659,1,1,4,4,7,19,10,10,13,13,16,16,19,19,19,2,2,1,2,2,2,4
776.5,7.765000000000001e-13,17.808271018029423,1.978959868601619,1.979800892254538,1.6245327878644606,1.8994396027179374,1.935579468508074,1.961814160014541,1,1,4,4,7,19,10,10,13,13,16,16,19,19,19,2,2,1,2,2,2,4
777.0,7.77e-13,17.82475034466142,1.979179590841257,1.9780752767148504,1.6246342157431237,1.8983889455782335,1.9372779024134807,1.9617182407046372,1,1,4,4,7,19,10,10,13,13,16,16,19,19,19,2,2,1,2,2,2,4
777.5,7.775000000000001e-13,17.84127102199629,1.9792836429790828,1.976224730113858,1.6249667465702697,1.8974007708367506,1.9390149229829023,1.9615427324197687,1,1,4,4,7,19,10,10,13,13,16,16,19,19,19,2,2,1,2,2,2,4
778.0,7.78e-13,17.857773233281165,1.979272244001754,1.9742446640904443,1.6255204361745117,1.8964791181117793,1.9407894291859373,1.9612808735306313,1,1,4,4,7,19,10,10,13,13,16,16,19,19,19,2,2,1,2,2,2,4
778.5,7.785000000000001e-13,17.874213639306564,1.9791472992234842,1.9721336424797538,1.6262802925733058,1.8956324906535267,1.9425953261045392,1.9609302807014897,1,1,4,4,7,19,10,10,13,13,16,16,19,19,19,2,2,1,2,2,2,4
779.0,7.79e-13,17.89056836012756,1.9789120786012757,1.9698937104072225,1.6272276439643865,1.894872393097131,1.944422049062416,1.960493337655216,1,1,4,4,7,19,10,10,13,13,16,16,19,19,19,2,2,1,2,2,2,4
779.5,7.795000000000001e-13,17.906832617000404,1.9785708534609607,1.9675303777935986,1.6283418655067272,1.8942114291163765,1.9462555367496346,1.9599770190778834,1,1,4,4,7,19,10,10,13,13,16,16,19,19,19,2,2,1,2,2,2,4
780.0,7.800000000000001e-13,17.92301827660024,1.978128555526159,1.9650522344303338,1.6296022606890461,1.8936613669687854,1.948079591488345,1.9593921731758999,1,1,4,4,7,19,10,10,13,13,16,16,19,19,19,2,2,1,2,2,2,4
780.5,7.805000000000001e-13,17.93915049963338,1.9775904935236142,1.962470239595056,1.6309898439939137,1.89323148564743,1.9498775352852469,1.9587523873111141,1,1,4,4,7,19,10,10,13,13,16,16,19,19,19,2,2,1,2,2,2,4
781.0,7.810000000000001e-13,17.955264406759994,1.9769621382727205,1.959796790242403,1.6324887549074025,1.8929273592475286,1.951634020133266,1.9580726169888207,1,1,4,4,7,19,10,10,13,13,16,16,19,19,19,2,2,1,2,2,2,4
781.5,7.815000000000001e-13,17.971402290401617,1.9762489624469812,1.9570447113744718,1.6340870678988935,1.8927501110187033,1.9533368087353487,1.9573677675269259,1,1,4,4,7,19,10,10,13,13,16,16,19,19,19,2,2,1,2,2,2,4
782.0,7.820000000000001e-13,17.987611509502546,1.9754563083546566,1.954226285544716,1.6357768975470786,1.8926960948254425,1.9549783051397764,1.956651388395365,1,1,4,4,7,19,10,10,13,13,16,16,19,19,19,2,2,1,2,2,2,4
782.5,7.825e-13,18.003942727748065,1.9745892980735875,1.9513525479507845,1.637553692601488,1.892756962031715,1.95655658215462,1.9559346044993944,1,1,4,4,7,19,10,10,13,13,16,16,19,19,19,2,2,1,2,2,2,4
783.0,7.830000000000001e-13,18.0204479930068,1.973652743686755,1.948432708579578,1.6394151025564383,1.89292004453189,1.9580757615274325,1.9552253526260024,1,1,4,4,7,19,10,10,13,13,16,16,19,19,19,2,2,1,2,2,2,4
783.5,7.835e-13,18.037177700071176,1.9726511305422056,1.9454739519001485,1.6413594340821231,1.893169058711496,1.9595456167608907,1.9545279703343932,1,1,4,4,7,19,10,10,13,13,16,16,19,19,19,2,2,1,2,2,2,4
784.0,7.840000000000001e-13,18.054175806112333,1.9715886895911165,1.942481511759703,1.64338406180409,1.893485100945147,1.960980456497715,1.9538431510664074,1,1,4,4,7,19,10,10,13,13,16,16,19,19,19,2,2,1,2,2,2,4
784.5,7.845e-13,18.071473221325867,1.9704695957765919,1.9394590180667037,1.6454839913298367,1.8938479280276124,1.9623974490952745,1.9531682636500944,1,1,4,4,7,19,10,10,13,13,16,16,19,19,19,2,2,1,2,2,2,4
785.0,7.850000000000001e-13,18.08908044622692,1.969298299371082,1.9364090668006704,1.647650722957503,1.894237473821971,1.9638146395541782,1.9524980203846471,1,1,4,4,7,19,10,10,13,13,16,16,19,19,19,2,2,1,2,2,2,4
785.5,7.855e-13,18.106981714679204,1.9680799432974954,1.9333339424283917,1.6498715167377023,1.8946355064849334,1.9652489386902274,1.9518254450980428,1,1,4,4,7,19,10,10,13,13,16,16,19,19,19,2,2,1,2,2,2,4
786.0,7.860000000000001e-13,18.125133296489498,1.9668207691443171,1.9302363998817231,1.6521291319720375,1.8950272485681003,1.9667143335376183,1.9511430632419322,1,1,4,4,7,19,10,10,13,13,16,16,19,19,19,2,2,1,2,2,2,4
786.5,7.865e-13,18.14346748851243,1.9655283739697222,1.9271203898017222,1.6544021176662949,1.8954027136276326,1.9682205041406626,1.9504441878298608,1,1,4,4,7,19,10,10,13,13,16,16,19,19,19,2,2,1,2,2,2,4
787.0,7.870000000000001e-13,18.16190148833579,1.9642117493495088,1.9239917522851782,1.6566655606950895,1.895757466262483,1.9697719419864255,1.9497241664768823,1,1,4,4,7,19,10,10,13,13,16,16,19,19,19,2,2,1,2,2,2,4
787.5,7.875e-13,18.18034847592345,1.962881028618625,1.9208586957773859,1.6588923935705333,1.8960926499495094,1.9713675998794196,1.9489813815526023,1,1,4,4,7,19,10,10,13,13,16,16,19,19,19,2,2,1,2,2,2,4
788.0,7.880000000000001e-13,18.19872770567355,1.9615469736554658,1.9177320719252542,1.6610550493687362,1.896414259673706,1.9730010793414026,1.9482178482979389,1,1,4,4,7,19,10,10,13,13,16,16,19,19,19,2,2,1,2,2,2,4
788.5,7.885e-13,18.216971519501644,1.960220352677419,1.914625443211409,1.6631272513001156,1.8967318365102135,1.974661290789527,1.9474393164327417,1,1,4,4,7,19,10,10,13,13,16,16,19,19,19,2,2,1,2,2,2,4
789.0,7.890000000000001e-13,18.23502877529314,1.9589112799423027,1.911554819816785,1.665085770624972,1.8970568943446133,1.9763335601338643,1.9466548300769109,1,1,4,4,7,19,10,10,13,13,16,16,19,19,19,2,2,1,2,2,2,4
789.5,7.895e-13,18.252865285256508,1.9576286261313434,1.90853807305164,1.6669118820982307,1.897401372210954,1.9780011114582714,1.945875824380268,1,1,4,4,7,19,10,10,13,13,16,16,19,19,19,2,2,1,2,2,2,4
790.0,7.900000000000001e-13,18.27046234798583,1.9563795626421683,1.9055940780019556,1.668592285976272,1.8977763110770725,1.9796468132970908,1.9451149078287953,1,1,4,4,7,19,10,10,13,13,16,16,19,19,19,2,2,1,2,2,2,4
790.5,7.905e-13,18.287814457210366,1.9551692636416511,1.90274169528261,1.670119344593183,1.8981908509156462,1.9812550299582607,1.9443845183742745,1,1,4,4,7,19,10,10,13,13,16,16,19,19,19,2,2,1,2,2,2,4
791.0,7.910000000000001e-13,18.304927050123773,1.954000756379558,1.8999987256255901,1.671490605148608,1.898651555637125,1.9828133660772915,1.9436956273875534,1,1,4,4,7,19,10,10,13,13,16,16,19,19,19,2,2,1,2,2,2,4
791.5,7.915000000000001e-13,18.321814843630317,1.9528748983454556,1.89738095485928,1.672707721779169,1.8991620388391939,1.9843140727848814,1.9430566323962493,1,1,4,4,7,19,10,10,13,13,16,16,19,19,19,2,2,1,2,2,2,4
792.0,7.920000000000001e-13,18.338500941211247,1.951790466488256,1.8949013881166055,1.6737749804400734,1.8997228591752462,1.9857548977144508,1.942472527013065,1,1,4,4,7,19,10,10,13,13,16,16,19,19,19,2,2,1,2,2,2,4
792.5,7.925000000000001e-13,18.355016463533065,1.9507443603754253,1.8925697507985177,1.6746976649419363,1.9003316744802123,1.9871392163370682,1.9419444153732655,1,1,4,4,7,19,10,10,13,13,16,16,19,19,19,2,2,1,2,2,2,4
793.0,7.930000000000001e-13,18.37140005874114,1.9497319308825851,1.8903922877047858,1.6754805066320941,1.900983655319465,1.9884754010049552,1.941469389912583,1,1,4,4,7,19,10,10,13,13,16,16,19,19,19,2,2,1,2,2,2,4
793.5,7.935000000000001e-13,18.387696337800755,1.948747445358395,1.8883718729161358,1.6761263845634025,1.9016721667602836,1.9897755188055755,1.9410407765131155,1,1,4,4,7,19,10,10,13,13,16,16,19,19,19,2,2,1,2,2,2,4
794.0,7.94e-13,18.40395229294342,1.9477846795532583,1.8865084071868536,1.6766353938147982,1.9023897234957232,1.9910535671743088,1.9406487250530922,1,1,4,4,7,19,10,10,13,13,16,16,19,19,19,2,2,1,2,2,2,4
794.5,7.945000000000001e-13,18.420211161136194,1.9468375881379265,1.8847994431703379,1.677004348858662,1.903129177895642,1.992323515752134,1.9402811077791566,1,1,4,4,7,19,10,10,13,13,16,16,19,19,19,2,2,1,2,2,2,4
795.0,7.95e-13,18.436504201540238,1.9459009662394493,1.8832409649557966,1.6772267575942614,1.903885041639619,1.993597424332289,1.9399246548849942,1,1,4,4,7,19,10,10,13,13,16,16,19,19,19,2,2,1,2,2,2,4
795.5,7.955000000000001e-13,18.45284227564502,1.9449709861676583,1.881828239333142,1.6772932791005453,1.9046547541798722,1.9948838485746718,1.9395662367767854,1,1,4,4,7,19,10,10,13,13,16,16,19,19,19,2,2,1,2,2,2,4
796.0,7.96e-13,18.469210252371948,1.9440454943077328,1.8805566459754606,1.6771926615308146,1.905439648066662,1.9961866896881388,1.9391941655447524,1,1,4,4,7,19,10,10,13,13,16,16,19,19,19,2,2,1,2,2,2,4
796.5,7.965000000000001e-13,18.485566961228237,1.9431239842343964,1.8794224229182113,1.6769130784899757,1.9062453712405438,1.9975045250216532,1.9387994025525608,1,1,4,4,7,19,10,10,13,13,16,16,19,19,19,2,2,1,2,2,2,4
797.0,7.97e-13,18.50185145164958,1.9422072767303857,1.878423215311087,1.6764437592905639,1.9070815837617956,1.9988305531602808,1.9383764332956868,1,1,4,4,7,19,10,10,13,13,16,16,19,19,19,2,2,1,2,2,2,4
797.5,7.975000000000001e-13,18.517993549771496,1.941296979459167,1.8775584322540009,1.675776659316234,1.907960972693087,2.0001530468882387,1.9379237287461744,1,1,4,4,7,19,10,10,13,13,16,16,19,19,19,2,2,1,2,2,2,4
798.0,7.98e-13,18.533925332806106,1.9403948445398573,1.8768292510427462,1.6749080216741281,1.908897776525805,2.001456285447932,1.9374437472196606,1,1,4,4,7,19,10,10,13,13,16,16,19,19,19,2,2,1,2,2,2,4
798.5,7.985000000000001e-13,18.549590475050575,1.9395022104598962,1.8762383427957847,1.6738394660716733,1.9099060990243515,2.0027219161486443,1.9369424082154274,1,1,4,4,7,19,10,10,13,13,16,16,19,19,19,2,2,1,2,2,2,4
799.0,7.99e-13,18.56495003496912,1.9386195895202123,1.8757892637093754,1.6725784825070953,1.910998313150381,2.0039306320088732,1.9364281869131443,1,1,4,4,7,19,10,10,13,13,16,16,19,19,19,2,2,1,2,2,2,4
799.5,7.995000000000001e-13,18.579984692638032,1.9377464465288776,1.8754855990366766,1.6711382306410456,1.9121837521772354,2.0050640340249366,1.9359109709750921,1,1,4,4,7,19,10,10,13,13,16,16,19,19,19,2,2,1,2,2,2,4
800.0,8e-13,18.59469431206484,1.9368811633266194,1.875329991740668,1.6695366906564129,1.9134677783708591,2.0061064894027507,1.9354008528291187,1,1,4,4,7,19,10,10,13,13,16,16,19,19,19,2,2,1,2,2,2,4
800.5,8.005000000000001e-13,18.60909590036631,1.9360211633588633,1.8753232362381718,1.667795272892984,1.9148512405714213,2.00704675718132,1.9349070244058448,1,1,4,4,7,19,10,10,13,13,16,16,19,19,19,2,2,1,2,2,2,4
801.0,8.01e-13,18.623221117665416,1.9351631500194806,1.8754634747246763,1.6659372707286022,1.9163302739310513,2.007879155655829,1.9344368427861165,1,1,4,4,7,19,10,10,13,13,16,16,19,19,19,2,2,1,2,2,2,4
801.5,8.015000000000001e-13,18.637113903838067,1.9343034129711512,1.8757457645381428,1.6639861089078118,1.917896486458296,2.008604088901922,1.9339951836623508,1,1,4,4,7,19,10,10,13,13,16,16,19,19,19,2,2,1,2,2,2,4
802.0,8.02e-13,18.650828668961918,1.933438157486793,1.876161930892228,1.6619638010210072,1.9195375079988473,2.0092278286524543,1.9335840753711548,1,1,4,4,7,19,10,10,13,13,16,16,19,19,19,2,2,1,2,2,2,4
802.5,8.025000000000001e-13,18.664428824365608,1.9325639398214984,1.8767007863993344,1.6598896522085325,1.921237814955152,2.0097615308369194,1.9332026875364259,1,1,4,4,7,19,10,10,13,13,16,16,19,19,19,2,2,1,2,2,2,4
803.0,8.030000000000001e-13,18.677985138214193,1.9316780867083496,1.8773486352637667,1.6577793716390672,1.9229799032410808,2.010219707956845,1.93284758900914,1,1,4,4,7,19,10,10,13,13,16,16,19,19,19,2,2,1,2,2,2,4
803.5,8.035000000000001e-13,18.691573028463132,1.9307791534813108,1.8780900001849208,1.6556446609997628,1.9247456701978554,2.0106183511043554,1.9325133112565132,1,1,4,4,7,19,10,10,13,13,16,16,19,19,19,2,2,1,2,2,2,4
804.0,8.040000000000001e-13,18.705267967010872,1.929867372863372,1.8789084675329635,1.6534933378848293,1.9265178853879212,2.0109729841263633,1.9321931688378615,1,1,4,4,7,19,10,10,13,13,16,16,19,19,19,2,2,1,2,2,2,4
804.5,8.045000000000001e-13,18.719138589849173,1.92894502694536,1.8797875553637793,1.6513300108552682,1.9282815706287006,2.0112968976790007,1.9318802718657673,1,1,4,4,7,19,10,10,13,13,16,16,19,19,19,2,2,1,2,2,2,4
805.0,8.050000000000001e-13,18.733238077297177,1.9280166601162643,1.880711535418755,1.6491572620735286,1.9300250757498436,2.0115997336283837,1.931568639574283,1,1,4,4,7,19,10,10,13,13,16,16,19,19,19,2,2,1,2,2,2,4
805.5,8.055000000000001e-13,18.74759574809378,1.927089055072984,1.8816661676748851,1.6469772207476387,1.9317406540727537,2.0118865165804394,1.931254292747794,1,1,4,4,7,19,10,10,13,13,16,16,19,19,19,2,2,1,2,2,2,4
806.0,8.060000000000001e-13,18.762211825627904,1.9261709240450777,1.8826393306900624,1.6447932969150185,1.9334244441080908,2.0121571736797654,1.9309361767746696,1,1,4,4,7,19,10,10,13,13,16,16,19,19,19,2,2,1,2,2,2,4
806.5,8.065e-13,18.77705798964485,1.925272329176224,1.8836214660299306,1.6426118786090425,1.9350758440907019,2.0124065569106118,1.930616767422807,1,1,4,4,7,19,10,10,13,13,16,16,19,19,19,2,2,1,2,2,2,4
807.0,8.070000000000001e-13,18.792084084667003,1.924403922205469,1.8846058631923575,1.6404435606928538,1.9366964884551625,2.0126249609581968,1.9303022422244744,1,1,4,4,7,19,10,10,13,13,16,16,19,19,19,2,2,1,2,2,2,4
807.5,8.075e-13,18.807228869400085,1.9235761274137002,1.88558861521994,1.6383038247771486,1.938289015616894,2.012799110917959,1.9300021610687983,1,1,4,4,7,19,10,10,13,13,16,16,19,19,19,2,2,1,2,2,2,4
808.0,8.080000000000001e-13,18.82243118832643,1.922798388778592,1.8865683024962905,1.6362128738628117,1.9398558879346224,2.012913578411733,1.9297286923547992,1,1,4,4,7,19,10,10,13,13,16,16,19,19,19,2,2,1,2,2,2,4
808.5,8.085e-13,18.837638767171356,1.9220786207897667,1.8875453025020634,1.6341948558261465,1.9413983693228847,2.0129524967750396,1.9294955241668315,1,1,4,4,7,19,10,10,13,13,16,16,19,19,19,2,2,1,2,2,2,4
809.0,8.090000000000001e-13,18.852813278959513,1.9214228619664346,1.8885209083820627,1.6322764608407658,1.9429158196471157,2.0129014352005,1.929316605553662,1,1,4,4,7,19,10,10,13,13,16,16,19,19,19,2,2,1,2,2,2,4
809.5,8.095e-13,18.867931907144232,1.9208351327644086,1.8894963856774754,1.6304851515168537,1.944405310493229,2.012749206741156,1.9292048916859843,1,1,4,4,7,19,10,10,13,13,16,16,19,19,19,2,2,1,2,2,2,4
810.0,8.100000000000001e-13,18.882986422237828,1.9203174672025733,1.8904721244550504,1.6288472832129828,1.9458615386853142,2.0124893654099796,1.9291712309126479,1,1,4,4,7,19,10,10,13,13,16,16,19,19,19,2,2,1,2,2,2,4
810.5,8.105e-13,18.897980971770846,1.9198700805579856,1.8914470142358426,1.6273863388020846,1.9472770008157048,2.0121211547377698,1.9292234958004304,1,1,4,4,7,19,10,10,13,13,16,16,19,19,19,2,2,1,2,2,2,4
811.0,8.110000000000001e-13,18.91292961859382,1.9194916377139815,1.8924181202355055,1.62612145059072,1.9486423968043332,2.011649742808036,1.9293660092064262,1,1,4,4,7,19,10,10,13,13,16,16,19,19,19,2,2,1,2,2,2,4
811.5,8.115e-13,18.927854327575528,1.919179606506503,1.8933806917029286,1.6250663180955327,1.9499472398964828,2.0110856829952475,1.9295992962989141,1,1,4,4,7,19,10,10,13,13,16,16,19,19,19,2,2,1,2,2,2,4
812.0,8.120000000000001e-13,18.942783699695877,1.9189306799603647,1.89432847422755,1.6242286046445022,1.9511806475534799,2.0104436702121826,1.9299201724812813,1,1,4,4,7,19,10,10,13,13,16,16,19,19,19,2,2,1,2,2,2,4
812.5,8.125e-13,18.957752317876153,1.9187412563405595,1.8952542603020566,1.6236098715026055,1.9523322678148154,2.009740786448458,1.930322156158436,1,1,4,4,7,19,10,10,13,13,16,16,19,19,19,2,2,1,2,2,2,4
813.0,8.130000000000001e-13,18.9728001867282,1.9186079420528963,1.8961505822118023,1.623206085552601,1.953393280826624,2.008994504395422,1.9307961775461546,1,1,4,4,7,19,10,10,13,13,16,16,19,19,19,2,2,1,2,2,2,4
813.5,8.135e-13,18.987971477392076,1.9185280105874718,1.8970104482493404,1.6230086805060815,1.9543573945921857,2.008220731093699,1.9313315247808829,1,1,4,4,7,19,10,10,13,13,16,16,19,19,19,2,2,1,2,2,2,4
814.0,8.140000000000001e-13,19.003311706592747,1.9184997319698158,1.8978280405393693,1.6230060840474065,1.9552217271790406,2.007432125021636,1.9319169405174976,1,1,4,4,7,19,10,10,13,13,16,16,19,19,19,2,2,1,2,2,2,4
814.5,8.145e-13,19.01886270542593,1.918522484400751,1.8985993199133253,1.6231855357325056,1.9559874529692542,2.006636834779407,1.932541758601775,1,1,4,4,7,19,10,10,13,13,16,16,19,19,19,2,2,1,2,2,2,4
815.0,8.150000000000001e-13,19.034655482024505,1.918596606338752,1.8993224676015652,1.623534983220594,1.95666006243014,2.0058377537623926,1.9331969348904623,1,1,4,4,7,19,10,10,13,13,16,16,19,19,19,2,2,1,2,2,2,4
815.5,8.155000000000001e-13,19.050702216328943,1.9187229845654372,1.8999982192823461,1.6240446720000479,1.9572491796847984,2.005032274683162,1.933875872302615,1,1,4,4,7,19,10,10,13,13,16,16,19,19,19,2,2,1,2,2,2,4
816.0,8.160000000000001e-13,19.06699000347342,1.918902463429892,1.9006299523223622,1.6247082893702538,1.9577678841241213,2.004212552324791,1.9345748935145919,1,1,4,4,7,19,10,10,13,13,16,16,19,19,19,2,2,1,2,2,2,4
816.5,8.165000000000001e-13,19.083479051552267,1.9191351935713457,1.9012235911957314,1.6255233455476312,1.9582316478853468,2.003366239349323,1.9352933315509506,1,1,4,4,7,19,10,10,13,13,16,16,19,19,19,2,2,1,2,2,2,4
817.0,8.170000000000001e-13,19.100106698946554,1.9194200546048734,1.9017872419260076,1.6264908090247425,1.958657035621218,2.002477665224421,1.9360332064902714,1,1,4,4,7,19,10,10,13,13,16,16,19,19,19,2,2,1,2,2,2,4
817.5,8.175000000000001e-13,19.116796098501975,1.9197542493216324,1.9023305566997086,1.6276140716765501,1.9590603608014583,2.00152940647058,1.9367985396159497,1,1,4,4,7,19,10,10,13,13,16,16,19,19,19,2,2,1,2,2,2,4
818.0,8.18e-13,19.13346666320138,1.9201331208157353,1.9028638850080195,1.6288974383103019,1.959456464140709,2.0005041398284025,1.9375944078255163,1,1,4,4,7,19,10,10,13,13,16,16,19,19,19,2,2,1,2,2,2,4
818.5,8.185000000000001e-13,19.150043353106668,1.9205501885040122,1.9033973203505121,1.63034440586551,1.9598577342861236,1.999386597844755,1.9384258795033278,1,1,4,4,7,19,10,10,13,13,16,16,19,19,19,2,2,1,2,2,2,4
819.0,8.19e-13,19.16646311898635,1.9209973667169027,1.9039397891014775,1.6319559888275126,1.9602734263791894,1.9981653816824079,1.9392969859379456,1,1,4,4,7,19,10,10,13,13,16,16,19,19,19,2,2,1,2,2,2,4
819.5,8.195000000000001e-13,19.182678244132298,1.92146531808597,1.9044983165456173,1.6337293053487303,1.9607092892691556,1.996834367200173,1.940209849494696,1,1,4,4,7,19,10,10,13,13,16,16,19,19,19,2,2,1,2,2,2,4
820.0,8.2e-13,19.198657246896836,1.921943892794959,1.9050775704111245,1.6356565635710762,1.9611674861189992,1.9953934787389511,1.9411640574291698,1,1,4,4,7,19,10,10,13,13,16,16,19,19,19,2,2,1,2,2,2,4
820.5,8.205000000000001e-13,19.21438432759022,1.9224226166219482,1.9056797274487651,1.63772453982683,1.9616467926335504,1.9938486980388603,1.9421563277836542,1,1,4,4,7,19,10,10,13,13,16,16,19,19,19,2,2,1,2,2,2,4
821.0,8.21e-13,19.22985826836176,1.9228911963264077,1.9063046484798647,1.63991460565899,1.9621430606623211,1.9922113045760352,1.9431804796620284,1,1,4,4,7,19,10,10,13,13,16,16,19,19,19,2,2,1,2,2,2,4
821.5,8.215000000000001e-13,19.24509138518226,1.9233400271400527,1.9069503285555305,1.642203304864975,1.9626499456649877,1.9904964725455387,1.9442277070034453,1,1,4,4,7,19,10,10,13,13,16,16,19,19,19,2,2,1,2,2,2,4
822.0,8.22e-13,19.260108799146234,1.9237606742785611,1.907613537927983,1.6445634663185684,1.9631598890630355,1.9887214526306929,1.9452871306036357,1,1,4,4,7,19,10,10,13,13,16,16,19,19,19,2,2,1,2,2,2,4
822.5,8.225000000000001e-13,19.274947942703925,1.924146294520439,1.9082905570554645,1.6469657842708985,1.9636653131166437,1.9869036105523916,1.9463465841260463,1,1,4,4,7,19,10,10,13,13,16,16,19,19,19,2,2,1,2,2,2,4
823.0,8.23e-13,19.28965789373556,1.9244919538867127,1.908977905781169,1.649380726600781,1.9641599299157457,1.9850585832948147,1.9473935698398186,1,1,4,4,7,19,10,10,13,13,16,16,19,19,19,2,2,1,2,2,2,4
823.5,8.235000000000001e-13,19.304297852920932,1.9247947897574047,1.9096729976283766,1.6517805413739748,1.9646399914631538,1.9831987448413269,1.9484163023575947,1,1,4,4,7,19,10,10,13,13,16,16,19,19,19,2,2,1,2,2,2,4
824.0,8.24e-13,19.318933915540995,1.9250539827430149,1.9103746632685596,1.6541410874706128,1.9651052429763485,1.9813321067957235,1.9494047371123362,1,1,4,4,7,19,10,10,13,13,16,16,19,19,19,2,2,1,2,2,2,4
824.5,8.245000000000001e-13,19.333633352064343,1.9252705254643399,1.9110835183776733,1.6564431882303707,1.965559347241408,1.979461725558905,1.950351465565218,1,1,4,4,7,19,10,10,13,13,16,16,19,19,19,2,2,1,2,2,2,4
825.0,8.25e-13,19.348456198236416,1.925446825715202,1.9118021388184903,1.6586732698394462,1.9660096072657562,1.9775856288773583,1.9512523498656518,1,1,4,4,7,19,10,10,13,13,16,16,19,19,19,2,2,1,2,2,2,4
825.5,8.255000000000001e-13,19.36344525676262,1.9255862161732376,1.9125350235794918,1.6608232229431539,1.966465995212021,1.9756972406891262,1.9521068153235668,1,1,4,4,7,19,10,10,13,13,16,16,19,19,19,2,2,1,2,2,2,4
826.0,8.26e-13,19.378617173479107,1.9256924465296763,1.9132883440144615,1.6628894915071015,1.9669396870396596,1.9737863007050596,1.952917746702829,1,1,4,4,7,19,10,10,13,13,16,16,19,19,19,2,2,1,2,2,2,4
826.5,8.265000000000001e-13,19.393958070296517,1.9257692440223675,1.9140694755325043,1.664871648047179,1.96744138406639,1.9718401825373433,1.953691009266093,1,1,4,4,7,19,10,10,13,13,16,16,19,19,19,2,2,1,2,2,2,4
827.0,8.270000000000001e-13,19.40942602657438,1.9258199938607337,1.9148863606120758,1.6667707266768452,1.9679797282192792,1.9698455208454198,1.9544346621324769,1,1,4,4,7,19,10,10,13,13,16,16,19,19,19,2,2,1,2,2,2,4
827.5,8.275000000000001e-13,19.42495983921022,1.9258475568241518,1.9157467687831164,1.6685875696720842,1.9685600366950011,1.9677900145897942,1.9551579699882105,1,1,4,4,7,19,10,10,13,13,16,16,19,19,19,2,2,1,2,2,2,4
828.0,8.280000000000001e-13,19.44049087709783,1.9258542171606756,1.9166575370647632,1.670321379136352,1.9691834663640508,1.9656642370330446,1.9558703388377832,1,1,4,4,7,19,10,10,13,13,16,16,19,19,19,2,2,1,2,2,2,4
828.5,8.285000000000001e-13,19.455954225240237,1.9258417369331542,1.9176238966302084,1.6719686077480067,1.9698466236738656,1.9634632297030405,1.9565803017745353,1,1,4,4,7,19,10,10,13,13,16,16,19,19,19,2,2,1,2,2,2,4
829.0,8.290000000000001e-13,19.471296588903172,1.9258115053956044,1.9186490153514872,1.6735221975470724,1.9705415790587737,1.9611876862193909,1.9572946492520733,1,1,4,4,7,19,10,10,13,13,16,16,19,19,19,2,2,1,2,2,2,4
829.5,8.295e-13,19.48648038625468,1.9257647285016841,1.9197337684641935,1.6749713524949965,1.9712562420522768,1.9588444367708273,1.958017814123203,1,1,4,4,7,19,10,10,13,13,16,16,19,19,19,2,2,1,2,2,2,4
830.0,8.300000000000001e-13,19.501484702248195,1.9257026715528593,1.9208767937244382,1.6763017948649126,1.9719750313642335,1.9564462002860106,1.9587515136967473,1,1,4,4,7,19,10,10,13,13,16,16,19,19,19,2,2,1,2,2,2,4
830.5,8.305e-13,19.516304286157844,1.925626901989988,1.922074803192121,1.677496534582189,1.97267984648063,1.954010570440393,1.959494694957357,1,1,4,4,7,19,10,10,13,13,16,16,19,19,19,2,2,1,2,2,2,4
831.0,8.310000000000001e-13,19.530947672624112,1.92553957170565,1.9233231122854644,1.6785370639337465,1.973351269913461,1.9515584430273327,1.9602437526152425,1,1,4,4,7,19,10,10,13,13,16,16,19,19,19,2,2,1,2,2,2,4
831.5,8.315e-13,19.545435223636805,1.9254436959048402,1.924616284885098,1.67940492963474,1.9739699808569893,1.9491120935107518,1.9609930045421629,1,1,4,4,7,19,10,10,13,13,16,16,19,19,19,2,2,1,2,2,2,4
832.0,8.320000000000001e-13,19.559797482968353,1.9253434090159112,1.925948815702623,1.6800835045968239,1.9745183024142525,1.9466931818208348,1.9617353790443293,1,1,4,4,7,19,10,10,13,13,16,16,19,19,19,2,2,1,2,2,2,4
832.5,8.325e-13,19.574073915162035,1.9252441430935832,1.9273157754354986,1.6805597267935906,1.974981749771896,1.9443209171587958,1.9624632592961335,1,1,4,4,7,19,10,10,13,13,16,16,19,19,19,2,2,1,2,2,2,4
833.0,8.330000000000001e-13,19.588311796360916,1.925152674001743,1.9287133855070908,1.6808255172227422,1.9753503756492987,1.9420105610082983,1.9631693963872838,1,1,4,4,7,19,10,10,13,13,16,16,19,19,19,2,2,1,2,2,2,4
833.5,8.335e-13,19.60256481253628,1.9250769502915999,1.9301394002022831,1.6808787258146225,1.9756196817829204,1.939772337953669,1.963847831511033,1,1,4,4,7,19,10,10,13,13,16,16,19,19,19,2,2,1,2,2,2,4
834.0,8.340000000000001e-13,19.616890543541277,1.9250257275247618,1.9315934479939274,1.6807232348074963,1.9757908730441265,1.9376108592729488,1.9644946464333206,1,1,4,4,7,19,10,10,13,13,16,16,19,19,19,2,2,1,2,2,2,4
834.5,8.345e-13,19.631346175460703,1.9250080096245183,1.933077127663514,1.6803683991809006,1.9758703568948814,1.935525044830456,1.9651084933640346,1,1,4,4,7,19,10,10,13,13,16,16,19,19,19,2,2,1,2,2,2,4
835.0,8.350000000000001e-13,19.645981962336766,1.9250323853864857,1.9345939680856943,1.6798277830433848,1.975868582066202,1.9335086063146913,1.9656907454346877,1,1,4,4,7,19,10,10,13,13,16,16,19,19,19,2,2,1,2,2,2,4
835.5,8.355e-13,19.660833118046472,1.9251063505496238,1.9361491029054554,1.6791175486124303,1.9757984487929878,1.9315510274563896,1.9662452931478636,1,1,4,4,7,19,10,10,13,13,16,16,19,19,19,2,2,1,2,2,2,4
836.0,8.360000000000001e-13,19.675912028222484,1.9252357211697246,1.9377487046691555,1.678254724373198,1.9756735934957392,1.9296390283289528,1.9667779665593719,1,1,4,4,7,19,10,10,13,13,16,16,19,19,19,2,2,1,2,2,2,4
836.5,8.365e-13,19.69120361486839,1.9254242029717663,1.9393992102386646,1.6772555971289216,1.9755068200060693,1.927758382049281,1.967295681073658,1,1,4,4,7,19,10,10,13,13,16,16,19,19,19,2,2,1,2,2,2,4
837.0,8.370000000000001e-13,19.706666155012467,1.9256731584091538,1.941106445798498,1.6761343868908676,1.9753088431290027,1.9258958931994987,1.9678054357419024,1,1,4,4,7,19,10,10,13,13,16,16,19,19,19,2,2,1,2,2,2,4
837.5,8.375e-13,19.7222377344355,1.9259815896915415,1.9428747830221018,1.6749022897888475,1.9750874147637254,1.9240412955635504,1.968313306822444,1,1,4,4,7,19,10,10,13,13,16,16,19,19,19,2,2,1,2,2,2,4
838.0,8.380000000000001e-13,19.737846119727227,1.9263463153616323,1.9447064480563174,1.6735669322864106,1.9748468368165337,1.922188811737655,1.9688235567048697,1,1,4,4,7,19,10,10,13,13,16,16,19,19,19,2,2,1,2,2,2,4
838.5,8.385000000000001e-13,19.75341887053614,1.9267623148558484,1.9466009926042727,1.6721323869281752,1.9745878245984434,1.9203381480599389,1.969337927350782,1,1,4,4,7,19,10,10,13,13,16,16,19,19,19,2,2,1,2,2,2,4
839.0,8.390000000000001e-13,19.768891160448067,1.927223179283915,1.948555107481526,1.6705995626764278,1.9743077131442688,1.9184947505191972,1.9698552158564453,1,1,4,4,7,19,10,10,13,13,16,16,19,19,19,2,2,1,2,2,2,4
839.5,8.395000000000001e-13,19.78421051476504,1.9277216411220488,1.950562632065851,1.6689671982777443,1.9740009473732707,1.9166692634676556,1.9703711337769205,1,1,4,4,7,19,10,10,13,13,16,16,19,19,19,2,2,1,2,2,2,4
840.0,8.400000000000001e-13,19.79933873583352,1.9282501034286246,1.9526148729248578,1.6672331712860773,1.9736599006777011,1.9148763245768816,1.9708784310705945,1,1,4,4,7,19,10,10,13,13,16,16,19,19,19,2,2,1,2,2,2,4
840.5,8.405000000000001e-13,19.814251977236683,1.9288011884118361,1.9547010788587296,1.6653961469695737,1.973275949451016,1.9131328530876368,1.9713672999095264,1,1,4,4,7,19,10,10,13,13,16,16,19,19,19,2,2,1,2,2,2,4
841.0,8.410000000000001e-13,19.82893988911369,1.9293682316444103,1.9568090500266044,1.6634572935511096,1.9728408181071388,1.9114561314706509,1.9718260063510749,1,1,4,4,7,19,10,10,13,13,16,16,19,19,19,2,2,1,2,2,2,4
841.5,8.415000000000001e-13,19.843404558462815,1.9299456853645576,1.9589258023499863,1.6614218231384348,1.9723481121986066,1.909861939623392,1.9722417065268936,1,1,4,4,7,19,10,10,13,13,16,16,19,19,19,2,2,1,2,2,2,4
842.0,8.42e-13,19.8576597040801,1.9305293743466811,1.9610382347543565,1.6593000861587055,1.9717948729198629,1.9083629392950634,1.9726013907647824,1,1,4,4,7,19,10,10,13,13,16,16,19,19,19,2,2,1,2,2,2,4
842.5,8.425000000000001e-13,19.871730304716156,1.9311165578561422,1.9631337754147546,1.6571079868781866,1.9711828902946884,1.9069674373469974,1.9728928813028117,1,1,4,4,7,19,10,10,13,13,16,16,19,19,19,2,2,1,2,2,2,4
843.0,8.43e-13,19.885652533317582,1.9317057739267676,1.9652009871083664,1.6548666087917658,1.970519452316107,1.9056785964515468,1.973105784961519,1,1,4,4,7,19,10,10,13,13,16,16,19,19,19,2,2,1,2,2,2,4
843.5,8.435000000000001e-13,19.899473536642912,1.9322964790003223,1.9672300861798746,1.6526011132764682,1.9698172744520968,1.904494126796663,1.9732322838268102,1,1,4,4,7,19,10,10,13,13,16,16,19,19,19,2,2,1,2,2,2,4
844.0,8.44e-13,19.913250232794855,1.932888548099591,1.9692133341349947,1.6503390857978824,1.9690935230837345,1.9034064750325228,1.9732676616948681,1,1,4,4,7,19,10,10,13,13,16,16,19,19,19,2,2,1,2,2,2,4
844.5,8.445000000000001e-13,19.927046194721395,1.9334817267084594,1.9711452073743616,1.6481086413803305,1.9683680935823322,1.9024035119051643,1.973210480545307,1,1,4,4,7,19,10,10,13,13,16,16,19,19,19,2,2,1,2,2,2,4
845.0,8.45e-13,19.940925875836378,1.934075133660547,1.9730222758122158,1.6459365797826764,1.9676614828083963,1.9014696987317123,1.9730623776161098,1,1,4,4,7,19,10,10,13,13,16,16,19,19,19,2,2,1,2,2,2,4
845.5,8.455000000000001e-13,19.954946224723145,1.934666894029981,1.974842758913673,1.6438468293236723,1.966992649529923,1.9005876696892159,1.9728275211963469,1,1,4,4,7,19,10,10,13,13,16,16,19,19,19,2,2,1,2,2,2,4
846.0,8.46e-13,19.969147099602306,1.9352539466670167,1.976605796689943,1.641859317095746,1.966377176648178,1.8997401101435543,1.9725118165623872,1,1,4,4,7,19,10,10,13,13,16,16,19,19,19,2,2,1,2,2,2,4
846.5,8.465000000000001e-13,19.98354329323337,1.935832048493028,1.9783105607140714,1.6399893008305646,1.965825903826885,1.8989117368125596,1.972121987325154,1,1,4,4,7,19,10,10,13,13,16,16,19,19,19,2,2,1,2,2,2,4
847.0,8.47e-13,19.99812134066592,1.936395966259495,1.979955374182769,1.638247145062429,1.965344074031053,1.8980911237540379,1.9716646487030298,1,1,4,4,7,19,10,10,13,13,16,16,19,19,19,2,2,1,2,2,2,4
847.5,8.475000000000001e-13,20.012842754159667,1.9369398347385884,1.9815370334703744,1.6366384854606897,1.9649309779755613,1.8972720991741288,1.971145473906624,1,1,4,4,7,19,10,10,13,13,16,16,19,19,19,2,2,1,2,2,2,4
848.0,8.48e-13,20.027652694379366,1.9374575994845533,1.983050326423972,1.6351649254566618,1.9645800515889504,1.8964544632000426,1.9705685208599257,1,1,4,4,7,19,10,10,13,13,16,16,19,19,19,2,2,1,2,2,2,4
848.5,8.485000000000001e-13,20.042490815830188,1.9379435341236873,1.9844879444922627,1.6338250596770638,1.9642794263464527,1.895643951449952,1.96993579123565,1,1,4,4,7,19,10,10,13,13,16,16,19,19,19,2,2,1,2,2,2,4
849.0,8.49e-13,20.057301135496918,1.9383927392921458,1.985840598120769,1.6326159558774658,1.9640128580065344,1.8948514004876034,1.969247085100832,1,1,4,4,7,19,10,10,13,13,16,16,19,19,19,2,2,1,2,2,2,4
849.5,8.495000000000001e-13,20.0720388897862,1.938801581280257,1.9870974170075757,1.631534774905332,1.9637610704454325,1.8940913840538813,1.9685000776046544,1,1,4,4,7,19,10,10,13,13,16,16,19,19,19,2,2,1,2,2,2,4
850.0,8.500000000000001e-13,20.08667409901784,1.9391680930868986,1.9882464859763949,1.6305804054201714,1.9635033791622838,1.8933804515724109,1.967690704907826,1,1,4,4,7,19,10,10,13,13,16,16,19,19,19,2,2,1,2,2,2,4
850.5,8.505000000000001e-13,20.1011924524289,1.9394923003955913,1.9892755122027137,1.6297547551934208,1.963219556649809,1.892735284236379,1.9668137747393002,1,1,4,4,7,19,10,10,13,13,16,16,19,19,19,2,2,1,2,2,2,4
851.0,8.510000000000001e-13,20.115594524032026,1.9397764508292061,1.9901725593249104,1.6290634622379971,1.9628917733510067,1.8921709755659737,1.9658637651047584,1,1,4,4,7,19,10,10,13,13,16,16,19,19,19,2,2,1,2,2,2,4
851.5,8.515000000000001e-13,20.129894281850774,1.940025106664535,1.9909268163766995,1.6285158673821267,1.9625063816520847,1.8916995875761564,1.964835739326351,1,1,4,4,7,19,10,10,13,13,16,16,19,19,19,2,2,1,2,2,2,4
852.0,8.520000000000001e-13,20.144117617567414,1.9402450581561215,1.9915293768865168,1.6281242320465512,1.9620552309527266,1.8913290714136668,1.9637262719568902,1,1,4,4,7,19,10,10,13,13,16,16,19,19,19,2,2,1,2,2,2,4
852.5,8.525000000000001e-13,20.15830133577124,1.9404450154628117,1.9919739650367518,1.6279023515540445,1.9615362202360802,1.8910625885486945,1.9625342989231125,1,1,4,4,7,19,10,10,13,13,16,16,19,19,19,2,2,1,2,2,2,4
853.0,8.530000000000001e-13,20.17249250359207,1.9406350841029125,1.992257567271429,1.6278638017928153,1.9609529250143896,1.8908982763787396,1.961261727928341,1,1,4,4,7,19,10,10,13,13,16,16,19,19,19,2,2,1,2,2,2,4
853.5,8.535e-13,20.1867476934375,1.940826093049095,1.9923808757957258,1.6280201255847935,1.9603133178247052,1.8908294952342828,1.9599137000261901,1,1,4,4,7,19,10,10,13,13,16,16,19,19,19,2,2,1,2,2,2,4
854.0,8.540000000000001e-13,20.201131325245587,1.9410288366736792,1.9923484070877047,1.6283792230064817,1.9596278978455255,1.8908455429155533,1.9584984961832048,1,1,4,4,7,19,10,10,13,13,16,16,19,19,19,2,2,1,2,2,2,4
854.5,8.545e-13,20.215712154754723,1.9412533502863858,1.992168258359556,1.6289441222270467,1.9589076148610702,1.8909328298176824,1.957027063300226,1,1,4,4,7,19,10,10,13,13,16,16,19,19,19,2,2,1,2,2,2,4
855.0,8.550000000000001e-13,20.230557208458944,1.9415083088124034,1.9918514938065395,1.6297122363167975,1.958161975770101,1.8910764453673976,1.9555122340511093,1,1,4,4,7,19,10,10,13,13,16,16,19,19,19,2,2,1,2,2,2,4
855.5,8.555e-13,20.245723289729227,1.9418005989505294,1.9914112385410976,1.630675112668652,1.9573975882422616,1.8912619681843073,1.9539677650253273,1,1,4,4,7,19,10,10,13,13,16,16,19,19,19,2,2,1,2,2,2,4
856.0,8.560000000000001e-13,20.261247404617087,1.9421350868593932,1.9908616238023074,1.6318186611899106,1.956617252902782,1.8914773279044106,1.9524073170478902,1,1,4,4,7,19,10,10,13,13,16,16,19,19,19,2,2,1,2,2,2,4
856.5,8.565e-13,20.277138939757744,1.9425145740372298,1.9902167119135148,1.6331238808909725,1.955819577627933,1.8917144540838908,1.9508434817559244,1,1,4,4,7,19,10,10,13,13,16,16,19,19,19,2,2,1,2,2,2,4
857.0,8.570000000000001e-13,20.29337670605875,1.942939916227199,1.9894895847012875,1.6345680131639202,1.9549990724374535,1.8919704893611873,1.949286922652732,1,1,4,4,7,19,10,10,13,13,16,16,19,19,19,2,2,1,2,2,2,4
857.5,8.575e-13,20.309912520371046,1.943410297688809,1.988691595180678,1.6361261966712917,1.9541465873123167,1.8922482986100044,1.9477456840393745,1,1,4,4,7,19,10,10,13,13,16,16,19,19,19,2,2,1,2,2,2,4
858.0,8.580000000000001e-13,20.3266801039987,1.9439236138944758,1.9878319233588808,1.637773381801008,1.9532500960693195,1.8925562064125105,1.9462247473680163,1,1,4,4,7,19,10,10,13,13,16,16,19,19,19,2,2,1,2,2,2,4
858.5,8.585e-13,20.343606102890995,1.94447698304165,1.9869174033199302,1.6394863225679523,1.9522957271931736,1.8929070225225688,1.9447258304926016,1,1,4,4,7,19,10,10,13,13,16,16,19,19,19,2,2,1,2,2,2,4
859.0,8.590000000000001e-13,20.360619834667837,1.9450672777778935,1.9859526802387177,1.6412452472620462,1.9512691013242498,1.8933164783479406,1.9432475593822913,1,1,4,4,7,19,10,10,13,13,16,16,19,19,19,2,2,1,2,2,2,4
859.5,8.595e-13,20.377659911104413,1.9456916727428486,1.9849406194492514,1.6430349604337116,1.950156879062214,1.8938013526120372,1.9417859357911484,1,1,4,4,7,19,10,10,13,13,16,16,19,19,19,2,2,1,2,2,2,4
860.0,8.600000000000001e-13,20.39467746120484,1.9463481440653974,1.9838829162947311,1.6448451766478254,1.9489484434870024,1.8943775424312115,1.9403350624363982,1,1,4,4,7,19,10,10,13,13,16,16,19,19,19,2,2,1,2,2,2,4
860.5,8.605e-13,20.411636700507085,1.94703584699897,1.9827808302957564,1.6466700536657746,1.9476375670448685,1.8950582992799085,1.9388880515762978,1,1,4,4,7,19,10,10,13,13,16,16,19,19,19,2,2,1,2,2,2,4
861.0,8.610000000000001e-13,20.42851393945147,1.947755295502863,1.9816359824718988,1.6485070453743418,1.9462238301298038,1.8958527785752057,1.9374380279559638,1,1,4,4,7,19,10,10,13,13,16,16,19,19,19,2,2,1,2,2,2,4
861.5,8.615000000000001e-13,20.44529609265137,1.9485082787725623,1.980451134568286,1.6503553344393844,1.9447135003108686,1.8967649978907506,1.9359791107188196,1,1,4,4,7,19,10,10,13,13,16,16,19,19,19,2,2,1,2,2,2,4
862.0,8.620000000000001e-13,20.46197944942427,1.949297489851034,1.9792309093717748,1.6522140653309974,1.9431196489667042,1.8977932370201247,1.9345073010464906,1,1,4,4,7,19,10,10,13,13,16,16,19,19,19,2,2,1,2,2,2,4
862.5,8.625000000000001e-13,20.478569203626982,1.9501259423867199,1.9779822976758739,1.654080770164849,1.9414612952491217,1.898929955645104,1.9330210897215372,1,1,4,4,7,19,10,10,13,13,16,16,19,19,19,2,2,1,2,2,2,4
863.0,8.630000000000001e-13,20.495079661910367,1.9509962138328454,1.9767148975118731,1.6559501163867485,1.939761752682624,1.9001622629697887,1.9315217256541708,1,1,4,4,7,19,10,10,13,13,16,16,19,19,19,2,2,1,2,2,2,4
863.5,8.635000000000001e-13,20.51153459700828,1.9519096956638333,1.9754408094750466,1.6578130715490091,1.938046439128397,1.9014729068176677,1.9300131338508764,1,1,4,4,7,19,10,10,13,13,16,16,19,19,19,2,2,1,2,2,2,4
864.0,8.640000000000001e-13,20.52796696837762,1.9528659444730943,1.974174150570814,1.65965655758301,1.9363405578876962,1.9028417622588085,1.9285014726753498,1,1,4,4,7,19,10,10,13,13,16,16,19,19,19,2,2,1,2,2,2,4
864.5,8.645000000000001e-13,20.544417069231958,1.9538622288530008,1.9729302314018946,1.6614635826231987,1.934667014361345,1.9042477000141445,1.9269944176358833,1,1,4,4,7,19,10,10,13,13,16,16,19,19,19,2,2,1,2,2,2,4
865.0,8.65e-13,20.560928284752197,1.9548933141802616,1.9717245061515336,1.6632138285936646,1.9330448082878373,1.9056706461455626,1.9255002890264907,1,1,4,4,7,19,10,10,13,13,16,16,19,19,19,2,2,1,2,2,2,4
865.5,8.655000000000001e-13,20.57754017639291,1.9559514833177964,1.9705714505348773,1.6648846590897184,1.9314879993406244,1.9070935738997676,1.9240271577013086,1,1,4,4,7,19,10,10,13,13,16,16,19,19,19,2,2,1,2,2,2,4
866.0,8.66e-13,20.594279700076754,1.9570267671845034,1.9694835271858655,1.6664524907929092,1.9300052342274296,1.9085041459772727,1.9225820421332196,1,1,4,4,7,19,10,10,13,13,16,16,19,19,19,2,2,1,2,2,2,4
866.5,8.665000000000001e-13,20.611152811899654,1.9581073607423514,1.9684703513919577,1.6678944575569805,1.9285997549884666,1.9098957588796306,1.9211702676324742,1,1,4,4,7,19,10,10,13,13,16,16,19,19,19,2,2,1,2,2,2,4
867.0,8.67e-13,20.628139516881514,1.9591802119920771,1.9675381571583594,1.669190195121146,1.9272698096144445,1.9112678426419922,1.9197950098866148,1,1,4,4,7,19,10,10,13,13,16,16,19,19,19,2,2,1,2,2,2,4
867.5,8.675000000000001e-13,20.645194708237042,1.9602317464895789,1.9666895735173242,1.6703235094146573,1.926009390941489,1.91262537255616,1.9184570528898603,1,1,4,4,7,19,10,10,13,13,16,16,19,19,19,2,2,1,2,2,2,4
868.0,8.68e-13,20.66225469803883,1.9612486819463955,1.9659237149515976,1.6712837112129661,1.9248093278974185,1.9139777269013778,1.917154746086833,1,1,4,4,7,19,10,10,13,13,16,16,19,19,19,2,2,1,2,2,2,4
868.5,8.685000000000001e-13,20.67924691419714,1.9622188442740471,1.9652366281436764,1.6720661967220163,1.9236587081173857,1.9153370238186926,1.9158842346031224,1,1,4,4,7,19,10,10,13,13,16,16,19,19,19,2,2,1,2,2,2,4
869.0,8.69e-13,20.696099609584735,1.9631318972884186,1.964621997280975,1.6726722294735634,1.9225465840967646,1.9167162145398755,1.9146399452846936,1,1,4,4,7,19,10,10,13,13,16,16,19,19,19,2,2,1,2,2,2,4
869.5,8.695000000000001e-13,20.712749316110305,1.9639799143872616,1.9640720171725703,1.6731079698813143,1.9214638104369794,1.9181271928998407,1.9134152927662353,1,1,4,4,7,19,10,10,13,13,16,16,19,19,19,2,2,1,2,2,2,4
870.0,8.7e-13,20.72914529738468,1.9647577347988967,1.9635783285676842,1.6733829682893133,1.9204047704688274,1.9195791292854685,1.9122035422068975,1,1,4,4,7,19,10,10,13,13,16,16,19,19,19,2,2,1,2,2,2,4
870.5,8.705000000000001e-13,20.74525138184244,1.9654630658213756,1.963132931088672,1.673508402637876,1.9193686800031484,1.9210771718201494,1.9109987430865931,1,1,4,4,7,19,10,10,13,13,16,16,19,19,19,2,2,1,2,2,2,4
871.0,8.71e-13,20.761046086636515,1.9660962705072556,1.9627290040755032,1.673495326893384,1.9183602011075254,1.9226215716883237,1.9097966559165969,1,1,4,4,7,19,10,10,13,13,16,16,19,19,19,2,2,1,2,2,2,4
871.5,8.715000000000001e-13,20.776522045773326,1.9666599202046584,1.9623615573571143,1.6733531802775112,1.9173891179755391,1.9242072985571612,1.9085955367835816,1,1,4,4,7,19,10,10,13,13,16,16,19,19,19,2,2,1,2,2,2,4
872.0,8.72e-13,20.79168545581909,1.9671581178745428,1.9620278837082161,1.6730886350477454,1.9164691403896035,1.9258241691652085,1.9073966792014454,1,1,4,4,7,19,10,10,13,13,16,16,19,19,19,2,2,1,2,2,2,4
872.5,8.725000000000001e-13,20.806555962885508,1.9675957597879965,1.9617276780544548,1.6727049576727233,1.9156159672152302,1.9274574991090383,1.9062046350068778,1,1,4,4,7,19,10,10,13,13,16,16,19,19,19,2,2,1,2,2,2,4
873.0,8.730000000000001e-13,20.82116688194072,1.9679777723901986,1.961462856188502,1.6722017982249346,1.91484509568145,1.9290892844369463,1.9050270539599279,1,1,4,4,7,19,10,10,13,13,16,16,19,19,19,2,2,1,2,2,2,4
873.5,8.735000000000001e-13,20.835565377583094,1.9683084746106587,1.96123702178931,1.6715754809841878,1.914169713431563,1.9306998486570042,1.9038741578782825,1,1,4,4,7,19,10,10,13,13,16,16,19,19,19,2,2,1,2,2,2,4
874.0,8.740000000000001e-13,20.84981190679079,1.9685911245590133,1.9610546483861644,1.6708197712070623,1.913599000288084,1.9322698198822024,1.9027579223244504,1,1,4,4,7,19,10,10,13,13,16,16,19,19,19,2,2,1,2,2,2,4
874.5,8.745000000000001e-13,20.863978044111196,1.968827685878653,1.9609200932655286,1.6699270759955158,1.9131370057712656,1.9337822179103636,1.901691085250063,1,1,4,4,7,19,10,10,13,13,16,16,19,19,19,2,2,1,2,2,2,4
875.0,8.750000000000001e-13,20.878141797126982,1.9690188111876599,1.9608365974925541,1.6688899896172085,1.912782136554477,1.9352243668726594,1.900686120992336,1,1,4,4,7,19,10,10,13,13,16,16,19,19,19,2,2,1,2,2,2,4
875.5,8.755000000000001e-13,20.892379920813713,1.96916402084761,1.960805411803396,1.667703045105494,1.9125271996371846,1.9365893277576445,1.8997543068182492,1,1,4,4,7,19,10,10,13,13,16,16,19,19,19,2,2,1,2,2,2,4
876.0,8.760000000000001e-13,20.906757765005636,1.9692620180845035,1.9608252302372489,1.6663643954668437,1.9123599434187672,1.9378766260411477,1.8989049666132334,1,1,4,4,7,19,10,10,13,13,16,16,19,19,19,2,2,1,2,2,2,4
876.5,8.765000000000001e-13,20.92131887395596,1.9693111350198953,1.9608919210519384,1.6648772352239118,1.912263974155597,1.9390921355684978,1.8981449507740864,1,1,4,4,7,19,10,10,13,13,16,16,19,19,19,2,2,1,2,2,2,4
877.0,8.770000000000001e-13,20.936077810299906,1.9693098441149715,1.9609985944600992,1.6632506692103375,1.912220004471412,1.9402471809181734,1.8974783379591365,1,1,4,4,7,19,10,10,13,13,16,16,19,19,19,2,2,1,2,2,2,4
877.5,8.775e-13,20.951019227475186,1.969257288611818,1.9611360417593509,1.6614997462072805,1.9122073877897574,1.9413570328848608,1.8969063735658125,1,1,4,4,7,19,10,10,13,13,16,16,19,19,19,2,2,1,2,2,2,4
878.0,8.780000000000001e-13,20.966103754939585,1.96915379325806,1.9612934369518835,1.6596446666038047,1.912205842064102,1.9424390255549926,1.8964276557992161,1,1,4,4,7,19,10,10,13,13,16,16,19,19,19,2,2,1,2,2,2,4
878.5,8.785e-13,20.98127825802807,1.9690012916542532,1.9614592050722357,1.6577093171431894,1.9121972336577864,1.943510549528281,1.8960385711464156,1,1,4,4,7,19,10,10,13,13,16,16,19,19,19,2,2,1,2,2,2,4
879.0,8.790000000000001e-13,20.99648671507244,1.9688036114772292,1.9616219366325947,1.6557194364109338,1.9121672364631999,1.9445871491124858,1.8957339520385728,1,1,4,4,7,19,10,10,13,13,16,16,19,19,19,2,2,1,2,2,2,4
879.5,8.795e-13,21.01167878434052,1.9685665611417758,1.9617712395657174,1.6537007302332112,1.912106642975892,1.945680911205275,1.8955078857313337,1,1,4,4,7,19,10,10,13,13,16,16,19,19,19,2,2,1,2,2,2,4
880.0,8.800000000000001e-13,21.026814935381584,1.9682977665061034,1.9618984485364517,1.6516771902137861,1.9120121221994104,1.946799260497438,1.8953545802123812,1,1,4,4,7,19,10,10,13,13,16,16,19,19,19,2,2,1,2,2,2,4
880.5,8.805e-13,21.041868497410885,1.968006241443791,1.9619971570033958,1.6496697542645342,1.9118862664828324,1.9479442208651983,1.8952691898834835,1,1,4,4,7,19,10,10,13,13,16,16,19,19,19,2,2,1,2,2,2,4
881.0,8.810000000000001e-13,21.056825703958257,1.967701689236876,1.9620634968483313,1.6476954583303725,1.911736907273464,1.9491121696925415,1.89524847949461,1,1,4,4,7,19,10,10,13,13,16,16,19,19,19,2,2,1,2,2,2,4
881.5,8.815e-13,21.071684825045605,1.9673936655142157,1.962096187467586,1.645767026413941,1.9115757847773736,1.950294108252702,1.895291259510038,1,1,4,4,7,19,10,10,13,13,16,16,19,19,19,2,2,1,2,2,2,4
882.0,8.820000000000001e-13,21.08645516424811,1.967090690930328,1.9620963509299358,1.6438928668776085,1.911416827799308,1.9514764556998223,1.895398541769606,1,1,4,4,7,19,10,10,13,13,16,16,19,19,19,2,2,1,2,2,2,4
882.5,8.825e-13,21.101156413446475,1.9667994312373243,1.962066990721736,1.6420776078394184,1.9112743301818185,1.9526423572307279,1.895573339740224,1,1,4,4,7,19,10,10,13,13,16,16,19,19,19,2,2,1,2,2,2,4
883.0,8.830000000000001e-13,21.11581838229222,1.9665240775187007,1.9620122303603433,1.640323054412714,1.9111612933822706,1.9537734382421674,1.8958201751308164,1,1,4,4,7,19,10,10,13,13,16,16,19,19,19,2,2,1,2,2,2,4
883.5,8.835e-13,21.130480864287936,1.9662659936713331,1.9619363702238053,1.6386295248972218,1.9110881222203029,1.9548518585434609,1.8961443470859274,1,1,4,4,7,19,10,10,13,13,16,16,19,19,19,2,2,1,2,2,2,4
884.0,8.840000000000001e-13,21.14519312829908,1.9660236587046942,1.9618428934846228,1.6369974374550669,1.9110617636876088,1.9558624228458084,1.8965510755207484,1,1,4,4,7,19,10,10,13,13,16,16,19,19,19,2,2,1,2,2,2,4
884.5,8.845000000000001e-13,21.160012315697063,1.9657928894481336,1.9617335672396312,1.635428935473363,1.911085301275209,1.9567944431748616,1.8970446367511395,1,1,4,4,7,19,10,10,13,13,16,16,19,19,19,2,2,1,2,2,2,4
885.0,8.850000000000001e-13,21.174999941382307,1.9655672973432963,1.9616077710979642,1.6339293037144318,1.9111579715609377,1.9576430429475762,1.8976275982699444,1,1,4,4,7,19,10,10,13,13,16,16,19,19,19,2,2,1,2,2,2,4
885.5,8.855000000000001e-13,21.190215904121125,1.9653389170255688,1.961462197476716,1.6325078648293778,1.9112755577723612,1.958409677848426,1.8983002287490773,1,1,4,4,7,19,10,10,13,13,16,16,19,19,19,2,2,1,2,2,2,4
886.0,8.860000000000001e-13,21.20571028268123,1.9650989298163557,1.9612908584424915,1.6311783012082877,1.9114310880058578,1.9591017736036354,1.8990601207788864,1,1,4,4,7,19,10,10,13,13,16,16,19,19,19,2,2,1,2,2,2,4
886.5,8.865000000000001e-13,21.22151431333598,1.964838417399709,1.9610855362039725,1.629958128999587,1.9116158222396147,1.9597315774586392,1.8999020824642157,1,1,4,4,7,19,10,10,13,13,16,16,19,19,19,2,2,1,2,2,2,4
887.0,8.870000000000001e-13,21.23763339823965,1.9645490818475277,1.960836497171905,1.6288675406292,1.9118204431047514,1.9603144487811641,1.9008182512634821,1,1,4,4,7,19,10,10,13,13,16,16,19,19,19,2,2,1,2,2,2,4
887.5,8.875000000000001e-13,21.254044896341746,1.9642238656610174,1.9605334135275072,1.6279277174183477,1.9120364098391474,1.9608668677225773,1.901798479865658,1,1,4,4,7,19,10,10,13,13,16,16,19,19,19,2,2,1,2,2,2,4
888.0,8.880000000000001e-13,21.270701820129684,1.9638574095578476,1.9601663456469212,1.6271589002255364,1.9122573686513826,1.9614044470567176,1.902830969081942,1,1,4,4,7,19,10,10,13,13,16,16,19,19,19,2,2,1,2,2,2,4
888.5,8.885000000000001e-13,21.287540984322646,1.9634462928293224,1.959726652329065,1.6265785283208332,1.9124804706900802,1.9619401755157486,1.9039030835421349,1,1,4,4,7,19,10,10,13,13,16,16,19,19,19,2,2,1,2,2,2,4
889.0,8.89e-13,21.30449257601892,1.9629890251706956,1.9592077254076314,1.6261996960229343,1.9127073901420335,1.96248303540473,1.905002263114171,1,1,4,4,7,19,10,10,13,13,16,16,19,19,19,2,2,1,2,2,2,4
889.5,8.895000000000001e-13,21.32148838937563,1.9624857762024837,1.958605503970633,1.6260300605262665,1.9129448451035183,1.9630370754807271,1.9061169290758178,1,1,4,4,7,19,10,10,13,13,16,16,19,19,19,2,2,1,2,2,2,4
890.0,8.9e-13,21.338467395723814,1.9619379131675598,1.9579186965816369,1.6260713308945607,1.9132044092120275,1.9636009590278773,1.907237273003315,1,1,4,4,7,19,10,10,13,13,16,16,19,19,19,2,2,1,2,2,2,4
890.5,8.905000000000001e-13,21.355378650290607,1.961347355301518,1.957148829943947,1.6263191851564365,1.9135016540091314,1.9641680178207674,1.908355890021825,1,1,4,4,7,19,10,10,13,13,16,16,19,19,19,2,2,1,2,2,2,4
891.0,8.91e-13,21.372182367917706,1.9607159073416425,1.956299992897535,1.626763806424434,1.9138546339739513,1.9647267879426749,1.9094681439664674,1,1,4,4,7,19,10,10,13,13,16,16,19,19,19,2,2,1,2,2,2,4
891.5,8.915000000000001e-13,21.388850012377805,1.960044655083359,1.9553783914499345,1.6273908492985547,1.9142819997139777,1.9652620403708452,1.9105722473251687,1,1,4,4,7,19,10,10,13,13,16,16,19,19,19,2,2,1,2,2,2,4
892.0,8.92e-13,21.405364174869845,1.9593335200572122,1.954391691291208,1.628182844645928,1.9148010273141804,1.9657562691411798,1.9116690371938492,1,1,4,4,7,19,10,10,13,13,16,16,19,19,19,2,2,1,2,2,2,4
892.5,8.925000000000001e-13,21.42171866815841,1.9585810354332955,1.953348204228919,1.6291209139573075,1.915425841726061,1.9661915538142454,1.9127614791974803,1,1,4,4,7,19,10,10,13,13,16,16,19,19,19,2,2,1,2,2,2,4
893.0,8.93e-13,21.437918990095138,1.9577843622270117,1.9522560017730868,1.630186604157757,1.9161660384266794,1.9665516277127069,1.9138539660809866,1,1,4,4,7,19,10,10,13,13,16,16,19,19,19,2,2,1,2,2,2,4
893.5,8.935000000000001e-13,21.453983022072205,1.956939534612595,1.9511220690230529,1.631363587133482,1.917025804826256,1.966823902051405,1.9149515114598663,1,1,4,4,7,19,10,10,13,13,16,16,19,19,19,2,2,1,2,2,2,4
894.0,8.94e-13,21.46994155612908,1.956041880940249,1.9499516037583098,1.632638975079934,1.9180035734605732,1.9670011259393967,1.9160589533228278,1,1,4,4,7,19,10,10,13,13,16,16,19,19,19,2,2,1,2,2,2,4
894.5,8.945000000000001e-13,21.485837898752607,1.955086591597192,1.9487476343769323,1.6340039305435168,1.919092172915539,1.9670824346977922,1.917180235035736,1,1,4,4,7,19,10,10,13,13,16,16,19,19,19,2,2,1,2,2,2,4
895.0,8.95e-13,21.50172573151617,1.954069324775233,1.9475109356156781,1.635453571115572,1.9202794433491321,1.9670735535056905,1.9183178842424695,1,1,4,4,7,19,10,10,13,13,16,16,19,19,19,2,2,1,2,2,2,4
895.5,8.955000000000001e-13,21.517664348899288,1.952986799506746,1.946240264438542,1.6369862166809492,1.921549235417702,1.9669861308251138,1.9194727102181386,1,1,4,4,7,19,10,10,13,13,16,16,19,19,19,2,2,1,2,2,2,4
896.0,8.96e-13,21.533710939644713,1.9518373623752685,1.9449329887953832,1.6386019819308955,1.9228827128046924,1.9668363928744907,1.9206437163125387,1,1,4,4,7,19,10,10,13,13,16,16,19,19,19,2,2,1,2,2,2,4
896.5,8.965000000000001e-13,21.549910846489237,1.950621459889778,1.9435859256923846,1.6403011165835348,1.9242598703095297,1.966643327363417,1.921828237510967,1,1,4,4,7,19,10,10,13,13,16,16,19,19,19,2,2,1,2,2,2,4
897.0,8.970000000000001e-13,21.56628815665085,1.9493419880663434,1.9421962946281668,1.642082314586427,1.925661169226166,1.9664266866557991,1.9230222843125744,1,1,4,4,7,19,10,10,13,13,16,16,19,19,19,2,2,1,2,2,2,4
897.5,8.975000000000001e-13,21.58283987245745,1.9480044716796758,1.9407626268192004,1.643941250169201,1.927069172198529,1.9662050637294544,1.9242210730871272,1,1,4,4,7,19,10,10,13,13,16,16,19,19,19,2,2,1,2,2,2,4
898.0,8.980000000000001e-13,21.599536064675675,1.9466170146446362,1.939285482816427,1.6458695461874502,1.9284700228681655,1.965994218952132,1.925419707818342,1,1,4,4,7,19,10,10,13,13,16,16,19,19,19,2,2,1,2,2,2,4
898.5,8.985000000000001e-13,21.61632594580875,1.9451900076190318,1.9377679099096592,1.6478542626509685,1.9298545501169637,1.965805782768522,1.926613938879116,1,1,4,4,7,19,10,10,13,13,16,16,19,19,19,2,2,1,2,2,2,4
899.0,8.990000000000001e-13,21.63314736765086,1.9437356068080125,1.93621565598266,1.6498778582843565,1.9312187717763827,1.965646409884485,1.9278009078495104,1,1,4,4,7,19,10,10,13,13,16,16,19,19,19,2,2,1,2,2,2,4
899.5,8.995000000000001e-13,21.649936551196355,1.9422670143299448,1.9346370668218618,1.651918779548021,1.932563650251044,1.965517382655777,1.9289797434232532,1,1,4,4,7,19,10,10,13,13,16,16,19,19,19,2,2,1,2,2,2,4
900.0,9.000000000000001e-13,21.666635615692982,1.9407976733221468,1.9330428573390472,1.6539523984378133,1.9338941148715292,1.9654147397301323,1.9301519125982802,1,1,4,4,7,19,10,10,13,13,16,16,19,19,19,2,2,1,2,2,2,4
900.5,9.005e-13,21.683197190955415,1.9393405211660866,1.931445702504871,1.655952355034636,1.9352174599191794,1.9653298573959042,1.931321306219977,1,1,4,4,7,19,10,10,13,13,16,16,19,19,19,2,2,1,2,2,2,4
901.0,9.010000000000001e-13,21.69958649787681,1.9379072793905878,1.9298596938923194,1.6578921659441324,1.9365415281456746,1.965250525768899,1.9324940009191252,1,1,4,4,7,19,10,10,13,13,16,16,19,19,19,2,2,1,2,2,2,4
901.5,9.015e-13,21.715781781691643,1.9365079214337546,1.9282996575988172,1.6597469717495312,1.9378729229867906,1.9651624543202693,1.933677733288515,1,1,4,4,7,19,10,10,13,13,16,16,19,19,19,2,2,1,2,2,2,4
902.0,9.020000000000001e-13,21.731773991319532,1.935150344942849,1.9267803726007597,1.6614952081744814,1.9392155149641872,1.9650511137945503,1.9348811472912688,1,1,4,4,7,19,10,10,13,13,16,16,19,19,19,2,2,1,2,2,2,4
902.5,9.025e-13,21.747566387903927,1.9338402631211042,1.9253157413988538,1.663119966799521,1.940569397681356,1.9649037348112646,1.9361129073699668,1,1,4,4,7,19,10,10,13,13,16,16,19,19,19,2,2,1,2,2,2,4
903.0,9.030000000000001e-13,21.76317445754458,1.9325812916733218,1.9239179787798153,1.6646098449114612,1.9419303589954573,1.9647111887044866,1.9373808046971535,1,1,4,4,7,19,10,10,13,13,16,16,19,19,19,2,2,1,2,2,2,4
903.5,9.035e-13,21.778626089768256,1.9313752470571726,1.922597013613486,1.6659590175254324,1.9432898454852003,1.9644695026216181,1.9386909286741982,1,1,4,4,7,19,10,10,13,13,16,16,19,19,19,2,2,1,2,2,2,4
904.0,9.040000000000001e-13,21.793961704476118,1.9302225429443676,1.9213600635165513,1.667166671328756,1.9446354105663557,1.9641806560197506,1.9400470606872509,1,1,4,4,7,19,10,10,13,13,16,16,19,19,19,2,2,1,2,2,2,4
904.5,9.045e-13,21.809233590151262,1.929122704052274,1.9202115075788497,1.6682358420475494,1.9459515417770428,1.9638525253693175,1.9414503281926083,1,1,4,4,7,19,10,10,13,13,16,16,19,19,19,2,2,1,2,2,2,4
905.0,9.050000000000001e-13,21.82450353868708,1.928074929959398,1.9191531300484845,1.6691718146542183,1.9472208179714914,1.963498034156528,1.9428991115422842,1,1,4,4,7,19,10,10,13,13,16,16,19,19,19,2,2,1,2,2,2,4
905.5,9.055e-13,21.839837987116095,1.9270786544511391,1.9181846408633467,1.669980420751964,1.9484253001979426,1.96313362791192,1.9443892244796128,1,1,4,4,7,19,10,10,13,13,16,16,19,19,19,2,2,1,2,2,2,4
906.0,9.060000000000001e-13,21.855300385064535,1.9261340527766782,1.917304405568908,1.670666454549902,1.9495480636371485,1.9627773648763418,1.945914309086292,1,1,4,4,7,19,10,10,13,13,16,16,19,19,19,2,2,1,2,2,2,4
906.5,9.065e-13,21.87094166273586,1.9252424442602885,1.9165102668449066,1.6712323868323289,1.950574764079955,1.9624469149676065,1.9474663884654773,1,1,4,4,7,19,10,10,13,13,16,16,19,19,19,2,2,1,2,2,2,4
907.0,9.070000000000001e-13,21.886791060410168,1.9244065183834362,1.915800310812198,1.6716775361289358,1.9514951248091712,1.962157701360824,1.9490365188099348,1,1,4,4,7,19,10,10,13,13,16,16,19,19,19,2,2,1,2,2,2,4
907.5,9.075e-13,21.90285040265454,1.923630342801975,1.9151734987408278,1.6719977156930086,1.952304175380798,1.9619213670636082,1.950615493138999,1,1,4,4,7,19,10,10,13,13,16,16,19,19,19,2,2,1,2,2,2,4
908.0,9.080000000000001e-13,21.919094143067888,1.9229190887021776,1.9146300881672167,1.6721854025311453,1.9530030746201092,1.9617446402981158,1.9521945635836822,1,1,4,4,7,19,10,10,13,13,16,16,19,19,19,2,2,1,2,2,2,4
908.5,9.085000000000001e-13,21.935475199816427,1.9222785018469584,1.9141718154031013,1.6722304348610668,1.9535993011821133,1.9616286634196207,1.9537661093248422,1,1,4,4,7,19,10,10,13,13,16,16,19,19,19,2,2,1,2,2,2,4
909.0,9.090000000000001e-13,21.95193413854732,1.9217142079595035,1.9138019278682186,1.6721210924725691,1.9541060686435565,1.9615688020583493,1.9553241802192787,1,1,4,4,7,19,10,10,13,13,16,16,19,19,19,2,2,1,2,2,2,4
909.5,9.095000000000001e-13,21.96840856756985,1.921230907075633,1.913525002205352,1.671845581317845,1.9545410209554475,1.9615549898931084,1.9568647863240964,1,1,4,4,7,19,10,10,13,13,16,16,19,19,19,2,2,1,2,2,2,4
910.0,9.100000000000002e-13,21.984840354317996,1.9208316511753858,1.913346655854811,1.6713936569108558,1.9549243752582146,1.9615725535272224,1.9583859195606497,1,1,4,4,7,19,10,10,13,13,16,16,19,19,19,2,2,1,2,2,2,4
910.5,9.105e-13,22.001179943668195,1.9205172599607538,1.9132730750774183,1.670758275487265,1.9552768375186313,1.9616035112174353,1.9598872962018234,1,1,4,4,7,19,10,10,13,13,16,16,19,19,19,2,2,1,2,2,2,4
911.0,9.11e-13,22.01738815729273,1.92028595587502,1.9133103761081394,1.6699370236185807,1.9556175991301963,1.9616282762746546,1.9613698654581533,1,1,4,4,7,19,10,10,13,13,16,16,19,19,19,2,2,1,2,2,2,4
911.5,9.115000000000001e-13,22.033436376428398,1.9201332592024938,1.9134638325377067,1.6689330917895318,1.9559626496122478,1.9616276395377676,1.9628351543902316,1,1,4,4,7,19,10,10,13,13,16,16,19,19,19,2,2,1,2,2,2,4
912.0,9.120000000000002e-13,22.049306062611983,1.9200521464715674,1.9137370504226097,1.667755607945707,1.9563235459492323,1.961584820681728,1.9642845475088526,1,1,4,4,7,19,10,10,13,13,16,16,19,19,19,2,2,1,2,2,2,4
912.5,9.125e-13,22.064988344658598,1.920033451043254,1.9141312113998987,1.66641923176105,1.9567066849200097,1.9614873220768572,1.9657186023558484,1,1,4,4,7,19,10,10,13,13,16,16,19,19,19,2,2,1,2,2,2,4
913.0,9.13e-13,22.0804841665264,1.9200664695146472,1.9146444431179919,1.6649431440122129,1.9571130740491567,1.9613282659880205,1.967136492320483,1,1,4,4,7,19,10,10,13,13,16,16,19,19,19,2,2,1,2,2,2,4
913.5,9.135e-13,22.095804966049183,1.9201397035789487,1.9152715517060246,1.6633494260454345,1.9575386158349988,1.961106999656412,1.9685356688621665,1,1,4,4,7,19,10,10,13,13,16,16,19,19,19,2,2,1,2,2,2,4
914.0,9.140000000000001e-13,22.110973634876974,1.9202416908236,1.9160040242993117,1.6616612982661843,1.9579748081682478,1.9608288045316118,1.9699117687838499,1,1,4,4,7,19,10,10,13,13,16,16,19,19,19,2,2,1,2,2,2,4
914.5,9.145e-13,22.126024978917012,1.9203617780993292,1.916830427302793,1.6599012882558295,1.9584099273347892,1.9605038636326364,1.9712587579902199,1,1,4,4,7,19,10,10,13,13,16,16,19,19,19,2,2,1,2,2,2,4
915.0,9.15e-13,22.141004859446518,1.9204908361050184,1.9177370597146064,1.65808969712658,1.9588305111749433,1.9601456099090537,1.9725692891170075,1,1,4,4,7,19,10,10,13,13,16,16,19,19,19,2,2,1,2,2,2,4
915.5,9.155e-13,22.155967117200007,1.9206218053780184,1.9187087872550113,1.6562434773627372,1.959223090615739,1.9597688034561531,1.973835218672059,1,1,4,4,7,19,10,10,13,13,16,16,19,19,19,2,2,1,2,2,2,4
916.0,9.160000000000001e-13,22.170967753445606,1.9207500380330857,1.9197299216657726,1.6543756284786995,1.9595759978014096,1.959387622385451,1.9750482143677803,1,1,4,4,7,19,10,10,13,13,16,16,19,19,19,2,2,1,2,2,2,4
916.5,9.165e-13,22.186056684110767,1.9208734075015235,1.9207850370941737,1.6524951480724623,1.9598810431582765,1.9590139879389843,1.9762003937629884,1,1,4,4,7,19,10,10,13,13,16,16,19,19,19,2,2,1,2,2,2,4
917.0,9.17e-13,22.20126867790566,1.920992182720978,1.9218596520526763,1.6506075117474357,1.9601348151223874,1.9586562562913246,1.9772849428814074,1,1,4,4,7,19,10,10,13,13,16,16,19,19,19,2,2,1,2,2,2,4
917.5,9.175e-13,22.21661620671077,1.9211086759106264,1.9229407889693277,1.648715571643952,1.9603393645468268,1.958318331291093,1.9782966955677508,1,1,4,4,7,19,10,10,13,13,16,16,19,19,19,2,2,1,2,2,2,4
918.0,9.180000000000001e-13,22.23208695618253,1.921226703576498,1.9240173619693766,1.6468208855088362,1.9605020626354173,1.9579992044410626,1.9792325988786268,1,1,4,4,7,19,10,10,13,13,16,16,19,19,19,2,2,1,2,2,2,4
918.5,9.185e-13,22.24764692356925,1.9213509180123214,1.9250804649528956,1.6449251943608012,1.9606346274860706,1.9576929229989763,1.9800920831469637,1,1,4,4,7,19,10,10,13,13,16,16,19,19,19,2,2,1,2,2,2,4
919.0,9.19e-13,22.26324768215845,1.9214860882782678,1.9261235500180354,1.6430318838818134,1.9607514408012534,1.9573890441986508,1.9808772167594462,1,1,4,4,7,19,10,10,13,13,16,16,19,19,19,2,2,1,2,2,2,4
919.5,9.195e-13,22.278835117456804,1.921636427430568,1.92714232301891,1.6411474093748517,1.960867455785586,1.9570735282624228,1.9815926054328221,1,1,4,4,7,19,10,10,13,13,16,16,19,19,19,2,2,1,2,2,2,4
920.0,9.200000000000001e-13,22.29435705963736,1.9218050480854847,1.928134397484986,1.6392823327216204,1.9609960781211484,1.9567300773484655,1.9822450405184293,1,1,4,4,7,19,10,10,13,13,16,16,19,19,19,2,2,1,2,2,2,4
920.5,9.205000000000002e-13,22.30976854159901,1.9219936066335903,1.9290987026305986,1.6374517881502813,1.9611473375588204,1.9563418390254215,1.9828429337174225,1,1,4,4,7,19,10,10,13,13,16,16,19,19,19,2,2,1,2,2,2,4
921.0,9.21e-13,22.32503462118258,1.9222021698203124,1.9300347153648132,1.6356752546704336,1.9613265456664937,1.9558933337332287,1.9833955993780925,1,1,4,4,7,19,10,10,13,13,16,16,19,19,19,2,2,1,2,2,2,4
921.5,9.215e-13,22.340131426195033,1.9224293040108826,1.9309416264402468,1.633975650298175,1.961533523144496,1.9553723860195236,1.9839124687183909,1,1,4,4,7,19,10,10,13,13,16,16,19,19,19,2,2,1,2,2,2,4
922.0,9.220000000000001e-13,22.35504628598892,1.9226723687434597,1.931817585584357,1.6323778651206586,1.9617623957294177,1.9547717856629963,1.9844023241914257,1,1,4,4,7,19,10,10,13,13,16,16,19,19,19,2,2,1,2,2,2,4
922.5,9.225000000000002e-13,22.369777759384448,1.9229279428325552,1.9326591171537528,1.6309070131608265,1.9620019417709522,1.9540903596135006,1.9848726549949052,1,1,4,4,7,19,10,10,13,13,16,16,19,19,19,2,2,1,2,2,2,4
923.0,9.23e-13,22.384336030134552,1.9231923780234226,1.9334608359510141,1.6295865887522056,1.9622363901426958,1.9533332914126036,1.9853291812113458,1,1,4,4,7,19,10,10,13,13,16,16,19,19,19,2,2,1,2,2,2,4
923.5,9.235e-13,22.398743740562043,1.9234624013974249,1.9342155345675056,1.6284366948497455,1.9624466781863144,1.9525116113021752,1.9857755771573764,1,1,4,4,7,19,10,10,13,13,16,16,19,19,19,2,2,1,2,2,2,4
924.0,9.240000000000001e-13,22.413037058089063,1.9237356795579823,1.9349145407148551,1.6274727098372321,1.9626120494799,1.9516409201407814,1.9862134494307826,1,1,4,4,7,19,10,10,13,13,16,16,19,19,19,2,2,1,2,2,2,4
924.5,9.245000000000002e-13,22.42726625186103,1.9240113074214618,1.935548336786337,1.6267044107968582,1.9627118882721821,1.950739606000251,1.9866425320360117,1,1,4,4,7,19,10,10,13,13,16,16,19,19,19,2,2,1,2,2,2,4
925.0,9.25e-13,22.441494888700994,1.9242901667063388,1.936107325717747,1.6261356513467478,1.9627276244445304,1.9498268465686461,1.9870610628615701,1,1,4,4,7,19,10,10,13,13,16,16,19,19,19,2,2,1,2,2,2,4
925.5,9.255e-13,22.4557966519629,1.924575108721284,1.9365826222728497,1.6257646291989827,1.9626445096650897,1.9489206743214722,1.9874662879596325,1,1,4,4,7,19,10,10,13,13,16,16,19,19,19,2,2,1,2,2,2,4
926.0,9.26e-13,22.470249113114892,1.9248709381764058,1.936966781111514,1.6255846977641721,1.9624530421253699,1.9480363140231975,1.9878550219094338,1,1,4,4,7,19,10,10,13,13,16,16,19,19,19,2,2,1,2,2,2,4
926.5,9.265000000000001e-13,22.484924448831197,1.9251841696823944,1.9372544172318842,1.6255856159278546,1.962149853417987,1.9471849167705393,1.9882242049611714,1,1,4,4,7,19,10,10,13,13,16,16,19,19,19,2,2,1,2,2,2,4
927.0,9.27e-13,22.499878656606416,1.9255225514916254,1.9374426787501784,1.6257551325406638,1.9617379109421436,1.9463727248079856,1.988571402155859,1,1,4,4,7,19,10,10,13,13,16,16,19,19,19,2,2,1,2,2,2,4
927.5,9.275e-13,22.51514229051054,1.9258943940339701,1.937531586945735,1.6260807080388437,1.9612259731088202,1.9456006808402728,1.9888952108548192,1,1,4,4,7,19,10,10,13,13,16,16,19,19,19,2,2,1,2,2,2,4
928.0,9.28e-13,22.530716080889,1.9263077722061503,1.9375242092365412,1.626551165063564,1.9606273839189667,1.9448644478866122,1.9891955366226088,1,1,4,4,7,19,10,10,13,13,16,16,19,19,19,2,2,1,2,2,2,4
928.5,9.285000000000001e-13,22.54657317284299,1.926769672481676,1.9374265940419813,1.62715807066026,1.9599583305747028,1.9441548569318032,1.989473715706463,1,1,4,4,7,19,10,10,13,13,16,16,19,19,19,2,2,1,2,2,2,4
929.0,9.29e-13,22.56266674759562,1.9272852344632065,1.937247460063598,1.6278965674869401,1.9592358978517705,1.9434588444134928,1.9897324426700538,1,1,4,4,7,19,10,10,13,13,16,16,19,19,19,2,2,1,2,2,2,4
929.5,9.295e-13,22.578939842353925,1.9278571544187537,1.9369975998470936,1.6287655216148544,1.9584762058605767,1.9427608604104,1.989975495261664,1,1,4,4,7,19,10,10,13,13,16,16,19,19,19,2,2,1,2,2,2,4
930.0,9.3e-13,22.595334186877146,1.9284853180436512,1.9366890542793156,1.6297669301714601,1.957692880610492,1.9420446714218875,1.9902072824638495,1,1,4,4,7,19,10,10,13,13,16,16,19,19,19,2,2,1,2,2,2,4
930.5,9.305000000000001e-13,22.611796322393936,1.9291666942623837,1.9363341571372443,1.630904707480607,1.9568959908198018,1.941295386325176,1.990432263369489,1,1,4,4,7,19,10,10,13,13,16,16,19,19,19,2,2,1,2,2,2,4
931.0,9.310000000000002e-13,22.628280831162925,1.9298954905789985,1.9359445747734494,1.6321830770520842,1.9560914863526488,1.9405014448234263,1.990654313719933,1,1,4,4,7,19,10,10,13,13,16,16,19,19,19,2,2,1,2,2,2,4
931.5,9.315e-13,22.644751448594434,1.930663537563811,1.9355304611219775,1.6336048595942154,1.9552811163532393,1.9396562616875035,1.9908761131890738,1,1,4,4,7,19,10,10,13,13,16,16,19,19,19,2,2,1,2,2,2,4
932.0,9.32e-13,22.661181071098103,1.9314608901060701,1.9350998822986196,1.6351698398085186,1.954462778272889,1.9387592175543618,1.9910986561893742,1,1,4,4,7,19,10,10,13,13,16,16,19,19,19,2,2,1,2,2,2,4
932.5,9.325000000000001e-13,22.677551651853328,1.932276539279342,1.9346585038960111,1.6368735333330682,1.9536312631308195,1.9378158475129017,1.9913208994009812,1,1,4,4,7,19,10,10,13,13,16,16,19,19,19,2,2,1,2,2,2,4
933.0,9.330000000000002e-13,22.6938544802617,1.9330992062773644,1.9342096281368792,1.6387063779812352,1.952779325400673,1.9368371595540548,1.9915396251457411,1,1,4,4,7,19,10,10,13,13,16,16,19,19,19,2,2,1,2,2,2,4
933.5,9.335e-13,22.71009102378005,1.9339181466400472,1.9337544946807677,1.6406535868766727,1.9518990133452465,1.9358382246774886,1.9917495115223172,1,1,4,4,7,19,10,10,13,13,16,16,19,19,19,2,2,1,2,2,2,4
934.0,9.34e-13,22.726273978303745,1.9347238607533597,1.9332928656403996,1.642695468799974,1.9509831883699817,1.9348363102353554,1.9919434038831925,1,1,4,4,7,19,10,10,13,13,16,16,19,19,19,2,2,1,2,2,2,4
934.5,9.345000000000001e-13,22.742428010936138,1.9355086503974286,1.9328237424691226,1.6448083110919336,1.950027072882379,1.9338488518419248,1.9921127478457539,1,1,4,4,7,19,10,10,13,13,16,16,19,19,19,2,2,1,2,2,2,4
935.0,9.350000000000002e-13,22.75858942228334,1.9362669587172778,1.9323461246709384,1.6469657132950213,1.9490296533717228,1.9328915434871303,1.9922481349439898,1,1,4,4,7,19,10,10,13,13,16,16,19,19,19,2,2,1,2,2,2,4
935.5,9.355e-13,22.774803903578174,1.936995451912012,1.9318597127149622,1.6491402480556556,1.9479947387244185,1.9319767422738732,1.9923399098055952,1,1,4,4,7,19,10,10,13,13,16,16,19,19,19,2,2,1,2,2,2,4
936.0,9.36e-13,22.79112171870307,1.9376928297793978,1.931365490515423,1.6513052695505217,1.9469314796169914,1.9311123023130399,1.9923787884235302,1,1,4,4,7,19,10,10,13,13,16,16,19,19,19,2,2,1,2,2,2,4
936.5,9.365e-13,22.807590239945498,1.938359373844987,1.9308661415139807,1.6534366612513178,1.9458542178005473,1.9303008880192873,1.9923564385278492,1,1,4,4,7,19,10,10,13,13,16,16,19,19,19,2,2,1,2,2,2,4
937.0,9.370000000000001e-13,22.824244819795144,1.938996321230892,1.9303662980078153,1.6555142583019873,1.944781607729385,1.929539715974446,1.9922660339208909,1,1,4,4,7,19,10,10,13,13,16,16,19,19,19,2,2,1,2,2,2,4
937.5,9.375e-13,22.84110040036404,1.939605093567595,1.929872575124836,1.6575227950235836,1.9437351324915129,1.928820821253812,1.9921026469542467,1,1,4,4,7,19,10,10,13,13,16,16,19,19,19,2,2,1,2,2,2,4
938.0,9.38e-13,22.858146667919378,1.9401865650871681,1.9293933883367742,1.6594522153090665,1.9427371633691848,1.9281317343897677,1.9918635296887643,1,1,4,4,7,19,10,10,13,13,16,16,19,19,19,2,2,1,2,2,2,4
938.5,9.385e-13,22.875348644804866,1.9407404440474785,1.9289385200358422,1.6612973377603464,1.9418088611522824,1.9274566217647409,1.9915481877336048,1,1,4,4,7,19,10,10,13,13,16,16,19,19,19,2,2,1,2,2,2,4
939.0,9.390000000000001e-13,22.892652283859075,1.941264850059186,1.9285184620598859,1.6630569151248975,1.9409682237985362,1.9267778578231858,1.9911582253858395,1,1,4,4,7,19,10,10,13,13,16,16,19,19,19,2,2,1,2,2,2,4
939.5,9.395e-13,22.90999267056737,1.9417561333111344,1.9281436044812443,1.6647322247807042,1.9402285290770518,1.9260779397778747,1.9906969727457304,1,1,4,4,7,19,10,10,13,13,16,16,19,19,19,2,2,1,2,2,2,4
940.0,9.4e-13,22.927302050351354,1.9422089429078133,1.927823375796903,1.6663254128316047,1.9395973193176925,1.9253415602619228,1.9901689507453966,1,1,4,4,7,19,10,10,13,13,16,16,19,19,19,2,2,1,2,2,2,4
940.5,9.405e-13,22.944515893795785,1.9426165362759107,1.9275654522809822,1.6678378479545088,1.9390759624705736,1.9245575656734675,1.989579250048391,1,1,4,4,7,19,10,10,13,13,16,16,19,19,19,2,2,1,2,2,2,4
941.0,9.410000000000001e-13,22.96157656096542,1.9429712958664975,1.9273751465353997,1.6692687042172416,1.9386597645772277,1.9237204929173208,1.9889329139866618,1,1,4,4,7,19,10,10,13,13,16,16,19,19,19,2,2,1,2,2,2,4
941.5,9.415e-13,22.978435104036723,1.9432654016685047,1.9272550538478594,1.6706139463369858,1.9383385820944898,1.9228314163653615,1.9882343918114302,1,1,4,4,7,19,10,10,13,13,16,16,19,19,19,2,2,1,2,2,2,4
942.0,9.42e-13,22.99505205224596,1.9434915949200269,1.9272050174293716,1.6718657932673975,1.9380978883417728,1.9218979609323832,1.9874871193076598,1,1,4,4,7,19,10,10,13,13,16,16,19,19,19,2,2,1,2,2,2,4
942.5,9.425e-13,23.01139801407439,1.943643950891238,1.92722241271749,1.6730127160477803,1.9379202372413962,1.9209334723824634,1.9866932615254167,1,1,4,4,7,19,10,10,13,13,16,16,19,19,19,2,2,1,2,2,2,4
943.0,9.430000000000001e-13,23.02745458219936,1.9437185877193002,1.9273027200196151,1.6740399645067903,1.9377870295522757,1.9199555124467327,1.9858536265682856,1,1,4,4,7,19,10,10,13,13,16,16,19,19,19,2,2,1,2,2,2,4
943.5,9.435000000000002e-13,23.043215675208483,1.9437142366034172,1.9274403009524466,1.674930588341681,1.9376804369210905,1.9189839352737654,1.9849677484061483,1,1,4,4,7,19,10,10,13,13,16,16,19,19,19,2,2,1,2,2,2,4
944.0,9.44e-13,23.058689125578386,1.9436326107751614,1.9276292669977906,1.6756668666475725,1.9375852767065267,1.9180388319260115,1.9840341271498074,1,1,4,4,7,19,10,10,13,13,16,16,19,19,19,2,2,1,2,2,2,4
944.5,9.445e-13,23.073898067362503,1.9434785311831668,1.9278643172857666,1.6762320065969916,1.9374905836365255,1.9171386025605703,1.9830505974493438,1,1,4,4,7,19,10,10,13,13,16,16,19,19,19,2,2,1,2,2,2,4
945.0,9.450000000000001e-13,23.08888146203887,1.9432597721523,1.9281414391911162,1.6766119098547332,1.9373906338201898,1.9162983350543366,1.982014790867348,1,1,4,4,7,19,10,10,13,13,16,16,19,19,19,2,2,1,2,2,2,4
945.5,9.455000000000002e-13,23.103692951355928,1.942986645795652,1.9284583905762906,1.6767967808635864,1.9372852286106177,1.9155286007685048,1.9809246423994882,1,1,4,4,7,19,10,10,13,13,16,16,19,19,19,2,2,1,2,2,2,4
946.0,9.46e-13,23.118397153653774,1.9426713134041484,1.9288149965898174,1.676782241665474,1.9371791997467804,1.9148347160422192,1.979778910747515,1,1,4,4,7,19,10,10,13,13,16,16,19,19,19,2,2,1,2,2,2,4
946.5,9.465e-13,23.13306300173279,1.94232691705596,1.929213179600331,1.6765698512569869,1.9370811944294795,1.9142164971844464,1.9785776397862676,1,1,4,4,7,19,10,10,13,13,16,16,19,19,19,2,2,1,2,2,2,4
947.0,9.470000000000001e-13,23.14775452199584,1.9419666288447286,1.9296567377766698,1.6761669560462884,1.9370019493505097,1.9136684890102698,1.977322511867407,1,1,4,4,7,19,10,10,13,13,16,16,19,19,19,2,2,1,2,2,2,4
947.5,9.475000000000002e-13,23.162520794478876,1.9416026928110282,1.9301509489771609,1.6755858166575852,1.936952388561398,1.9131806950938677,1.9760170513782866,1,1,4,4,7,19,10,10,13,13,16,16,19,19,19,2,2,1,2,2,2,4
948.0,9.48e-13,23.17738798753994,1.941245591378001,1.930702017804168,1.674842181061377,1.9369418130125182,1.912739793149512,1.9746666254330205,1,1,4,4,7,19,10,10,13,13,16,16,19,19,19,2,2,1,2,2,2,4
948.5,9.485e-13,23.192356251217632,1.9409034016806896,1.9313163250122098,1.6739536261197372,1.9369763965359252,1.9123307731118195,1.9732781745892058,1,1,4,4,7,19,10,10,13,13,16,16,19,19,19,2,2,1,2,2,2,4
949.0,9.49e-13,23.207402380305705,1.9405814143113187,1.9319996029442597,1.6729378192492528,1.9370581438183365,1.9119388983840189,1.9718597217411986,1,1,4,4,7,19,10,10,13,13,16,16,19,19,19,2,2,1,2,2,2,4
949.5,9.495000000000001e-13,23.22248678979566,1.940282050979612,1.9327561366582284,1.6718109172514413,1.9371843633125567,1.9115517805815525,1.9704197069529559,1,1,4,4,7,19,10,10,13,13,16,16,19,19,19,2,2,1,2,2,2,4
950.0,9.5e-13,23.237562002622255,1.940005089776233,1.9335880744831666,1.6705863115066506,1.9373476506534906,1.9111612778770728,1.968966260308465,1,1,4,4,7,19,10,10,13,13,16,16,19,19,19,2,2,1,2,2,2,4
950.5,9.505e-13,23.25258013620818,1.9397481602002626,1.9344949431777552,1.6692738347147684,1.9375363526277716,1.9107648953226744,1.9675065210552471,1,1,4,4,7,19,10,10,13,13,16,16,19,19,19,2,2,1,2,2,2,4
951.0,9.51e-13,23.26749817147892,1.9395074257228955,1.9354734257763033,1.667879516187089,1.9377354722875604,1.9103664281633082,1.9660460837126272,1,1,4,4,7,19,10,10,13,13,16,16,19,19,19,2,2,1,2,2,2,4
951.5,9.515000000000001e-13,23.282280959157458,1.939278425730581,1.9365175098535026,1.6664057926904128,1.9379279259167785,1.909975707237981,1.9645886282758298,1,1,4,4,7,19,10,10,13,13,16,16,19,19,19,2,2,1,2,2,2,4
952.0,9.52e-13,23.296902736008477,1.939056899464403,1.9376188962063772,1.6648523113047033,1.9380961163503636,1.909607523850883,1.9631357403433518,1,1,4,4,7,19,10,10,13,13,16,16,19,19,19,2,2,1,2,2,2,4
952.5,9.525e-13,23.311347915633956,1.9388395472302733,1.9387676924909667,1.6632171450769635,1.938223687231157,1.9092799148260602,1.961686932148389,1,1,4,4,7,19,10,10,13,13,16,16,19,19,19,2,2,1,2,2,2,4
953.0,9.53e-13,23.3256117938943,1.938624632425044,1.9399532770291643,1.6614983408088448,1.9382972921353285,1.9090120961223398,1.9602398458815524,1,1,4,4,7,19,10,10,13,13,16,16,19,19,19,2,2,1,2,2,2,4
953.5,9.535000000000001e-13,23.339701482406575,1.9384123539943465,1.9411652035642106,1.6596956262600144,1.938308170530221,1.9088223445443824,1.958790610009352,1,1,4,4,7,19,10,10,13,13,16,16,19,19,19,2,2,1,2,2,2,4
954.0,9.54e-13,23.35363705337945,1.9382049364662965,1.9423940155445156,1.6578120442873343,1.9382533055118045,1.9087260757260727,1.9573343082594477,1,1,4,4,7,19,10,10,13,13,16,16,19,19,19,2,2,1,2,2,2,4
954.5,9.545e-13,23.367452561526765,1.9380064151800174,1.9436318644642472,1.6558552466714667,1.938135969139909,1.9087342941411878,1.9558655125237048,1,1,4,4,7,19,10,10,13,13,16,16,19,19,19,2,2,1,2,2,2,4
955.0,9.55e-13,23.381196299889528,1.937822130214138,1.9448728850014392,1.6538381850438395,1.9379655400085902,1.9088525173165483,1.9543788289837192,1,1,4,4,7,19,10,10,13,13,16,16,19,19,19,2,2,1,2,2,2,4
955.5,9.555000000000001e-13,23.394929511949282,1.9376579782019356,1.946113288013283,1.6517790999629072,1.9377565974731412,1.9090802069677948,1.952869423267442,1,1,4,4,7,19,10,10,13,13,16,16,19,19,19,2,2,1,2,2,2,4
956.0,9.560000000000002e-13,23.40872269771945,1.9375195301233137,1.9473512184512096,1.6497007600217801,1.9375274080239895,1.9094107364804056,1.951333462832584,1,1,4,4,7,19,10,10,13,13,16,16,19,19,19,2,2,1,2,2,2,4
956.5,9.565e-13,23.422649088501004,1.9374111273754786,1.9485863967882677,1.6476291090269775,1.9372980391952632,1.9098318818270166,1.9497684521234642,1,1,4,4,7,19,10,10,13,13,16,16,19,19,19,2,2,1,2,2,2,4
957.0,9.57e-13,23.43677574380519,1.9373350818999993,1.9498195736217319,1.6455915640018446,1.9370883646609804,1.9103268231746653,1.9481734271557303,1,1,4,4,7,19,10,10,13,13,16,16,19,19,19,2,2,1,2,2,2,4
957.5,9.575000000000001e-13,23.451153962610892,1.937291083521062,1.9510518403450758,1.6436152110410307,1.936916208707131,1.9108756305391825,1.9465489811255474,1,1,4,4,7,19,10,10,13,13,16,16,19,19,19,2,2,1,2,2,2,4
958.0,9.580000000000002e-13,23.465811691044227,1.9372758898609088,1.9522838604232,1.6417251031162103,1.936795811359802,1.9114571630582984,1.9448971008491447,1,1,4,4,7,19,10,10,13,13,16,16,19,19,19,2,2,1,2,2,2,4
958.5,9.585e-13,23.48075045732405,1.937283337706034,1.9535151083452928,1.6399428073292865,1.936736716341805,1.9120512379580874,1.943220808616013,1,1,4,4,7,19,10,10,13,13,16,16,19,19,19,2,2,1,2,2,2,4
959.0,9.59e-13,23.495947722189833,1.9373046808658991,1.9547432295225406,1.6382852964587313,1.9367431434709925,1.912640823928981,1.9415236483252551,1,1,4,4,7,19,10,10,13,13,16,16,19,19,19,2,2,1,2,2,2,4
959.5,9.595000000000001e-13,23.511363382563825,1.9373292099434767,1.955963539330899,1.6367643801555496,1.936813860844431,1.913213910159404,1.9398090893144662,1,1,4,4,7,19,10,10,13,13,16,16,19,19,19,2,2,1,2,2,2,4
960.0,9.600000000000002e-13,23.52694774564197,1.9373451149999075,1.9571688599795953,1.635386568730371,1.9369425600617771,1.913764760217983,1.9380799675495641,1,1,4,4,7,19,10,10,13,13,16,16,19,19,19,2,2,1,2,2,2,4
960.5,9.605e-13,23.542648685874912,1.9373404673332182,1.9583495869985486,1.6341536015775517,1.937118683046184,1.9142942767711848,1.9363380379864927,1,1,4,4,7,19,10,10,13,13,16,16,19,19,19,2,2,1,2,2,2,4
961.0,9.61e-13,23.558416662804216,1.9373042096507929,1.9594941335824936,1.6330634007478613,1.9373287050083516,1.9148094320387126,1.9345837376386914,1,1,4,4,7,19,10,10,13,13,16,16,19,19,19,2,2,1,2,2,2,4
961.5,9.615e-13,23.57420759690026,1.9372270682909782,1.9605896120888853,1.63211150161873,1.9375577259777976,1.9153219223983313,1.9328161445929595,1,1,4,4,7,19,10,10,13,13,16,16,19,19,19,2,2,1,2,2,2,4
962.0,9.620000000000001e-13,23.58998415973358,1.9371022853824271,1.9616227359846037,1.631292721000105,1.937791272028408,1.9158463011159148,1.9310331550065252,1,1,4,4,7,19,10,10,13,13,16,16,19,19,19,2,2,1,2,2,2,4
962.5,9.625e-13,23.605716265041377,1.9369261049976514,1.962580810101803,1.6306028600793077,1.9380171157094264,1.9163979043411765,1.9292318475533046,1,1,4,4,7,19,10,10,13,13,16,16,19,19,19,2,2,1,2,2,2,4
963.0,9.63e-13,23.621381451860408,1.9366979803593305,1.9634526802233252,1.6300401795805415,1.9382268814139993,1.9169908548308172,1.927408984740384,1,1,4,4,7,19,10,10,13,13,16,16,19,19,19,2,2,1,2,2,2,4
963.5,9.635e-13,23.63696562406792,1.9364204770138207,1.964229514954771,1.6296063862687278,1.9384171979317728,1.9176363499693037,1.9255615891811755,1,1,4,4,7,19,10,10,13,13,16,16,19,19,19,2,2,1,2,2,2,4
964.0,9.640000000000001e-13,23.65246432453568,1.9360988981931249,1.9649053360888669,1.6293069475166335,1.938590182915223,1.9183413620658505,1.9236875234932707,1,1,4,4,7,19,10,10,13,13,16,16,19,19,19,2,2,1,2,2,2,4
964.5,9.645e-13,23.667884333660307,1.9357406660293883,1.9654772769046363,1.629150649538298,1.9387531474767152,1.9191078083599178,1.9217860098485666,1,1,4,4,7,19,10,10,13,13,16,16,19,19,19,2,2,1,2,2,2,4
965.0,9.65e-13,23.683245071441753,1.9353545177811813,1.965945508366258,1.6291485514855306,1.9389175250453192,1.9199322469561002,1.9198580087069541,1,1,4,4,7,19,10,10,13,13,16,16,19,19,19,2,2,1,2,2,2,4
965.5,9.655e-13,23.698578891276625,1.9349496376023012,1.9663130053427393,1.6293124071794547,1.9390972098984598,1.920806026990368,1.9179064921002256,1,1,4,4,7,19,10,10,13,13,16,16,19,19,19,2,2,1,2,2,2,4
966.0,9.660000000000001e-13,23.713929408434996,1.9345348050937508,1.9665850718704037,1.6296529469414176,1.939306559968986,1.9217159626668736,1.9159365238077615,1,1,4,4,7,19,10,10,13,13,16,16,19,19,19,2,2,1,2,2,2,4
966.5,9.665000000000002e-13,23.729347123679165,1.9341176707736927,1.966768731311423,1.6301782077632163,1.9395583809959918,1.922645476177049,1.913955177177598,1,1,4,4,7,19,10,10,13,13,16,16,19,19,19,2,2,1,2,2,2,4
967.0,9.67e-13,23.744882301646424,1.9337042383355207,1.9668720127973012,1.6308921180868385,1.9398621546904098,1.923576172970308,1.911971290210772,1,1,4,4,7,19,10,10,13,13,16,16,19,19,19,2,2,1,2,2,2,4
967.5,9.675e-13,23.760576145051143,1.9332986012924172,1.9669031928654392,1.6317934534913734,1.9402226885352043,1.924489758051052,1.909995067151934,1,1,4,4,7,19,10,10,13,13,16,16,19,19,19,2,2,1,2,2,2,4
968.0,9.680000000000001e-13,23.776452506409075,1.932902944189287,1.9668700218301014,1.6328752974183016,1.940639277034345,1.9253701071505016,1.908037550742815,1,1,4,4,7,19,10,10,13,13,16,16,19,19,19,2,2,1,2,2,2,4
968.5,9.685000000000002e-13,23.792512713885053,1.9325177963735158,1.9667790913614027,1.6341249660689656,1.94110541392415,1.9262052623851764,1.9061099654090714,1,1,4,4,7,19,10,10,13,13,16,16,19,19,19,2,2,1,2,2,2,4
969.0,9.69e-13,23.808735275583423,1.9321425062379949,1.966635349416938,1.6355245231658389,1.9416090419564893,1.9269890017425046,1.9042230333451124,1,1,4,4,7,19,10,10,13,13,16,16,19,19,19,2,2,1,2,2,2,4
969.5,9.695e-13,23.82508019073536,1.9317758693849008,1.9664418771063925,1.6370518463323909,1.942133330431923,1.9277217020663375,1.9023863176906493,1,1,4,4,7,19,10,10,13,13,16,16,19,19,19,2,2,1,2,2,2,4
970.0,9.700000000000001e-13,23.841495946224626,1.9314168395039875,1.966199940472829,1.6386821886814364,1.942657912013353,1.928410299616018,1.9006077212416406,1,1,4,4,7,19,10,10,13,13,16,16,19,19,19,2,2,1,2,2,2,4
970.5,9.705000000000002e-13,23.857926740732175,1.9310652420908774,1.9659093802279637,1.6403899914621372,1.9431605033518897,1.9290673470282702,1.898893255689527,1,1,4,4,7,19,10,10,13,13,16,16,19,19,19,2,2,1,2,2,2,4
971.0,9.71e-13,23.87431828308285,1.9307223989844808,1.965569263263062,1.6421507784686105,1.9436187774095173,1.9297093698707801,1.8972470833471793,1,1,4,4,7,19,10,10,13,13,16,16,19,19,19,2,2,1,2,2,2,4
971.5,9.715e-13,23.89062157721392,1.9303915832653473,1.965178710184719,1.6439428620253382,1.944012326838662,1.9303548194440074,1.8956718153582266,1,1,4,4,7,19,10,10,13,13,16,16,19,19,19,2,2,1,2,2,2,4
972.0,9.72e-13,23.906794971205535,1.930078251751066,1.9647377641677373,1.6457486141774853,1.9443245090648404,1.9310219378159115,1.8941689995298592,1,1,4,4,7,19,10,10,13,13,16,16,19,19,19,2,2,1,2,2,2,4
972.5,9.725000000000001e-13,23.922805167195833,1.9297900161333397,1.964248164433841,1.6475551068994407,1.944543956285809,1.93172679101385,1.892739707243044,1,1,4,4,7,19,10,10,13,13,16,16,19,19,19,2,2,1,2,2,2,4
973.0,9.73e-13,23.93862796446985,1.929536345283461,1.9637139027195485,1.6493540419770187,1.9446655350000075,1.9324816442108872,1.891385112660432,1,1,4,4,7,19,10,10,13,13,16,16,19,19,19,2,2,1,2,2,2,4
973.5,9.735e-13,23.954249294966736,1.9293280126011412,1.9631415095865035,1.6511410033913694,1.9446906163043354,1.933293769038483,1.8901069823449617,1,1,4,4,7,19,10,10,13,13,16,16,19,19,19,2,2,1,2,2,2,4
974.0,9.74e-13,23.969666830588665,1.929176328230885,1.9625400457651916,1.652914203124576,1.9446265900189086,1.9341647430307114,1.888907992903967,1,1,4,4,7,19,10,10,13,13,16,16,19,19,19,2,2,1,2,2,2,4
974.5,9.745000000000001e-13,23.98489195442646,1.9290922293617265,1.9619208515835254,1.654672932502159,1.9444857039704,1.9350902520168807,1.8877918555429298,1,1,4,4,7,19,10,10,13,13,16,16,19,19,19,2,2,1,2,2,2,4
975.0,9.75e-13,23.999951541565547,1.9290853336103726,1.9612970624848431,1.6564160384602464,1.9442833906259014,1.9360604112564717,1.886763238903642,1,1,4,4,7,19,10,10,13,13,16,16,19,19,19,2,2,1,2,2,2,4
975.5,9.755e-13,24.01488857455625,1.9291630623527822,1.9606830086326519,1.6581405116866368,1.9440363623805224,1.937060604660681,1.8858275397460695,1,1,4,4,7,19,10,10,13,13,16,16,19,19,19,2,2,1,2,2,2,4
976.0,9.76e-13,24.029760577565806,1.9293299361529461,1.9600935013751193,1.6598403985017232,1.9437607336881486,1.938072825106124,1.8849905192538075,1,1,4,4,7,19,10,10,13,13,16,16,19,19,19,2,2,1,2,2,2,4
976.5,9.765000000000001e-13,24.044634979371573,1.9295871206161428,1.9595430496399748,1.6615061119913888,1.9434703971458358,1.9390774478123267,1.8842578514133157,1,1,4,4,7,19,10,10,13,13,16,16,19,19,19,2,2,1,2,2,2,4
977.0,9.77e-13,24.059581181655414,1.9299322644543178,1.9590450553970227,1.6631241821171574,1.9431757952466782,1.9400552951887877,1.8836346250038092,1,1,4,4,7,19,10,10,13,13,16,16,19,19,19,2,2,1,2,2,2,4
977.5,9.775e-13,24.074660321997374,1.9303596448569231,1.958611044835963,1.6646774784937801,1.9428831524790713,1.9409897706097974,1.8831248369029558,1,1,4,4,7,19,10,10,13,13,16,16,19,19,19,2,2,1,2,2,2,4
978.0,9.78e-13,24.089915165222568,1.930860607362623,1.958249993205321,1.666145949609391,1.9425941718432151,1.9418687729767763,1.8827309178025626,1,1,4,4,7,19,10,10,13,13,16,16,19,19,19,2,2,1,2,2,2,4
978.5,9.785000000000001e-13,24.105363246945984,1.9314242764806007,1.9579678871220043,1.6675077838022052,1.9423062065224754,1.9426860661685805,1.8824533493574045,1,1,4,4,7,19,10,10,13,13,16,16,19,19,19,2,2,1,2,2,2,4
979.0,9.790000000000002e-13,24.12099562627728,1.9320384787773137,1.9577675098050114,1.6687410667281088,1.942012852513328,1.943441869500733,1.8822904360612747,1,1,4,4,7,19,10,10,13,13,16,16,19,19,19,2,2,1,2,2,2,4
979.5,9.795e-13,24.13678118900863,1.9326907746930806,1.9576485810602027,1.6698256166211718,1.9417049659591215,1.9441425209525725,1.8822382935642372,1,1,4,4,7,19,10,10,13,13,16,16,19,19,19,2,2,1,2,2,2,4
980.0,9.8e-13,24.152674340317038,1.9333694846892822,1.9576082263860057,1.6707447806547326,1.9413720353571073,1.9447992916247985,1.8822910806877873,1,1,4,4,7,19,10,10,13,13,16,16,19,19,19,2,2,1,2,2,2,4
980.5,9.805000000000001e-13,24.168623144712775,1.9340645514771737,1.957641746561542,1.6714868441483886,1.9410038337585551,1.9454265781988465,1.8824414696930634,1,1,4,4,7,19,10,10,13,13,16,16,19,19,19,2,2,1,2,2,2,4
981.0,9.810000000000002e-13,24.18457583957099,1.9347681397801613,1.9577435378352213,1.6720458566901828,1.9405921775121815,1.9460398118524391,1.8826812760507932,1,1,4,4,7,19,10,10,13,13,16,16,19,19,19,2,2,1,2,2,2,4
981.5,9.815e-13,24.200484978930213,1.9354749109505784,1.9579080167557716,1.672421740450351,1.9401325951176258,1.946653400706551,1.8830021548434916,1,1,4,4,7,19,10,10,13,13,16,16,19,19,19,2,2,1,2,2,2,4
982.0,9.82e-13,24.21630953767829,1.9361819610965751,1.9581304092082534,1.6726196875807342,1.9396256730174684,1.9472789436557656,1.8833962632899768,1,1,4,4,7,19,10,10,13,13,16,16,19,19,19,2,2,1,2,2,2,4
982.5,9.825000000000001e-13,24.232015796691474,1.9368884599434404,1.9584073077947313,1.6726489751450022,1.9390778483832867,1.947923856065793,1.8838568061985086,1,1,4,4,7,19,10,10,13,13,16,16,19,19,19,2,2,1,2,2,2,4
983.0,9.830000000000002e-13,24.247577876038463,1.9375950374568929,1.9587369372192691,1.6725214244765816,1.938501495348292,1.9485904441119706,1.8843784035090478,1,1,4,4,7,19,10,10,13,13,16,16,19,19,19,2,2,1,2,2,2,4
983.5,9.835e-13,24.262978513654687,1.938303020273989,1.959119191599378,1.672249710906104,1.937914211145163,1.9492754959745124,1.8849572639414325,1,1,4,4,7,19,10,10,13,13,16,16,19,19,19,2,2,1,2,2,2,4
984.0,9.84e-13,24.27821037813688,1.939013634387554,1.9595554274437885,1.671845802313005,1.9373373458431422,1.9499703546418723,1.8855911725501255,1,1,4,4,7,19,10,10,13,13,16,16,19,19,19,2,2,1,2,2,2,4
984.5,9.845e-13,24.29327768726349,1.939727210709668,1.9600481397590708,1.6713196067293683,1.9367940525410043,1.9506615092129116,1.886279339023584,1,1,4,4,7,19,10,10,13,13,16,16,19,19,19,2,2,1,2,2,2,4
985.0,9.850000000000001e-13,24.3081977182007,1.9404425492694375,1.9606004795044427,1.6706780368262337,1.9363070786804915,1.951331676079816,1.8870221210933968,1,1,4,4,7,19,10,10,13,13,16,16,19,19,19,2,2,1,2,2,2,4
985.5,9.855e-13,24.32300146636124,1.9411564842600042,1.9612156726342935,1.6699245204573303,1.9358966400076605,1.9519613559703248,1.8878206707765341,1,1,4,4,7,19,10,10,13,13,16,16,19,19,19,2,2,1,2,2,2,4
986.0,9.86e-13,24.337732640663827,1.9418637094329665,1.9618963580102777,1.669059006332051,1.935578624180801,1.9525307720156946,1.88867653338282,1,1,4,4,7,19,10,10,13,13,16,16,19,19,19,2,2,1,2,2,2,4
986.5,9.865e-13,24.35244427351001,1.9425568864371376,1.962643887048209,1.6680784745296815,1.9353632800615388,1.9530220145257164,1.8895912238544803,1,1,4,4,7,19,10,10,13,13,16,16,19,19,19,2,2,1,2,2,2,4
987.0,9.870000000000001e-13,24.367192635103542,1.9432270263847644,1.9634576512356607,1.666977933314753,1.935254458413755,1.9534211279973326,1.8905658116013782,1,1,4,4,7,19,10,10,13,13,16,16,19,19,19,2,2,1,2,2,2,4
987.5,9.875e-13,24.382029009354017,1.9438641168411204,1.9643345282282132,1.6657518206975397,1.935249414119162,1.9537198238293825,1.8916005552872142,1,1,4,4,7,19,10,10,13,13,16,16,19,19,19,2,2,1,2,2,2,4
988.0,9.88e-13,24.396991048228234,1.9444579559719308,1.9652685298662191,1.6643957213258769,1.9353391332337242,1.953916528725569,1.8926946140815875,1,1,4,4,7,19,10,10,13,13,16,16,19,19,19,2,2,1,2,2,2,4
988.5,9.885e-13,24.412096152076035,1.9449991047069413,1.96625076252359,1.662908089065644,1.9355091763295018,1.9540165632609208,1.8938459244469514,1,1,4,4,7,19,10,10,13,13,16,16,19,19,19,2,2,1,2,2,2,4
989.0,9.890000000000001e-13,24.427339048941104,1.945479833491904,1.967269756991046,1.6612917252200592,1.935741059092946,1.954031411651707,1.8950513036620926,1,1,4,4,7,19,10,10,13,13,16,16,19,19,19,2,2,1,2,2,2,4
989.5,9.895000000000002e-13,24.442694139974172,1.9458949712699907,1.968312131189892,1.6595547591254094,1.9360140363859648,1.9539772340889174,1.8963067443179773,1,1,4,4,7,19,10,10,13,13,16,16,19,19,19,2,2,1,2,2,2,4
990.0,9.9e-13,24.45812125341837,1.9462425026468093,1.9693635058570198,1.6577109260315255,1.936307192369728,1.9538728899961775,1.8976078833958756,1,1,4,4,7,19,10,10,13,13,16,16,19,19,19,2,2,1,2,2,2,4
990.5,9.905e-13,24.473572522422877,1.9465238340218367,1.9704095130885164,1.655779118197541,1.9366015941683843,1.9537378038671631,1.898950546277937,1,1,4,4,7,19,10,10,13,13,16,16,19,19,19,2,2,1,2,2,2,4
991.0,9.910000000000001e-13,24.488998425650983,1.9467437034923918,1.9714367397241153,1.6537823090291186,1.9368822281074345,1.9535899642735857,1.900331269916791,1,1,4,4,7,19,10,10,13,13,16,16,19,19,19,2,2,1,2,2,2,4
991.5,9.915000000000002e-13,24.50435205963273,1.9469097636536215,1.9724334783869593,1.6517460461315183,1.9371394324080307,1.953444252770059,1.9017477159930176,1,1,4,4,7,19,10,10,13,13,16,16,19,19,19,2,2,1,2,2,2,4
992.0,9.92e-13,24.51959167975804,1.9470319064165422,1.9733902261433443,1.6496967343351634,1.9373695952030605,1.9533112051254884,1.9031989139735705,1,1,4,4,7,19,10,10,13,13,16,16,19,19,19,2,2,1,2,2,2,4
992.5,9.925e-13,24.53468213609792,1.9471213662663214,1.9742998927259519,1.6476599782250236,1.9375750252824784,1.9531962089267108,1.9046853357809213,1,1,4,4,7,19,10,10,13,13,16,16,19,19,19,2,2,1,2,2,2,4
993.0,9.930000000000001e-13,24.549595893497116,1.9471897635304842,1.9751578031931212,1.6456590631551151,1.937762967565447,1.9530991936735407,1.9062087674333872,1,1,4,4,7,19,10,10,13,13,16,16,19,19,19,2,2,1,2,2,2,4
993.5,9.935000000000002e-13,24.564314253423927,1.9472480891744974,1.9759614850355018,1.643713826522237,1.9379440174581364,1.95301478411944,1.907772060028132,1,1,4,4,7,19,10,10,13,13,16,16,19,19,19,2,2,1,2,2,2,4
994.0,9.94e-13,24.578828981507748,1.9473058151015363,1.9767103391448964,1.6418398462941632,1.938130119185896,1.9529329381276692,1.9093788035777104,1,1,4,4,7,19,10,10,13,13,16,16,19,19,19,2,2,1,2,2,2,4
994.5,9.945e-13,24.59314434233701,1.947370132581865,1.9774051444612049,1.6400481657858923,1.9383325346568592,1.9528400852469585,1.9110329324885889,1,1,4,4,7,19,10,10,13,13,16,16,19,19,19,2,2,1,2,2,2,4
995.0,9.950000000000001e-13,24.60727915428399,1.9474454377743577,1.9780474492580444,1.638345502733985,1.9385600305004886,1.9527207330726306,1.9127383151239212,1,1,4,4,7,19,10,10,13,13,16,16,19,19,19,2,2,1,2,2,2,4
995.5,9.955000000000002e-13,24.621268255132314,1.9475331078174964,1.9786388735106755,1.6367349504977147,1.9388174819268502,1.9525594369415518,1.9144983414389942,1,1,4,4,7,19,10,10,13,13,16,16,19,19,19,2,2,1,2,2,2,4
996.0,9.96e-13,24.635162560725952,1.947631592928454,1.9791803822820258,1.635217124348177,1.9391049885890714,1.952342929865723,1.9163155293375718,1,1,4,4,7,19,10,10,13,13,16,16,19,19,19,2,2,1,2,2,2,4
996.5,9.965e-13,24.64902682319761,1.9477368191637772,1.979671624164547,1.6337916194622737,1.9394175290531641,1.9520621078291782,1.9181911837727252,1,1,4,4,7,19,10,10,13,13,16,16,19,19,19,2,2,1,2,2,2,4
997.0,9.97e-13,24.662934487883184,1.94784285806421,1.9801103907935804,1.632458677536019,1.9397451249876831,1.9517135801532626,1.9201250688788638,1,1,4,4,7,19,10,10,13,13,16,16,19,19,19,2,2,1,2,2,2,4
997.5,9.975000000000001e-13,24.676959615245952,1.9479427964098144,1.9804923730080908,1.6312206756280956,1.9400735117999863,1.9513004225338486,1.9221152366245644,1,1,4,4,7,19,10,10,13,13,16,16,19,19,19,2,2,1,2,2,2,4
998.0,9.98e-13,24.691167156495492,1.9480296918605438,1.9808111802572141,1.6300833328143192,1.9403852525589547,1.9508320266308798,1.924157961793953,1,1,4,4,7,19,10,10,13,13,16,16,19,19,19,2,2,1,2,2,2,4
998.5,9.985e-13,24.705603848380232,1.9480975223404544,1.9810587381835063,1.6290562507536128,1.9406612605899214,1.95032312297924,1.9262478085101296,1,1,4,4,7,19,10,10,13,13,16,16,19,19,19,2,2,1,2,2,2,4
999.0,9.99e-13,24.720292489860395,1.9481419735416032,1.9812259561643302,1.6281527731375243,1.9408826457006378,1.9497920866067493,1.9283779150713674,1,1,4,4,7,19,10,10,13,13,16,16,19,19,19,2,2,1,2,2,2,4
999.5,9.995000000000001e-13,24.735231234355652,1.94816097420756,1.9813036029430098,1.6273891194675296,1.9410327182461564,1.9492588700437976,1.930540442702948,1,1,4,4,7,19,10,10,13,13,16,16,19,19,19,2,2,1,2,2,2,4
1000.0,1e-12,24.750397582360236,1.9481549031386578,1.9812832392702302,1.6267829774777327,1.9410989214584011,1.9487428719157536,1.9327271201540548,1,1,4,4,7,19,10,10,13,13,16,16,19,19,19,2,2,1,2,2,2,4
1000.5,1.0005e-12,24.76575505945647,1.9481264460283068,1.9811580586919488,1.6263518085895976,1.9410744283831398,1.9482610105557059,1.9349297744491554,1,1,4,4,7,19,10,10,13,13,16,16,19,19,19,2,2,1,2,2,2,4
1001.0,1.001e-12,24.78126015505991,1.9480801327654333,1.9809235361647022,1.626111104663427,1.9409591613322013,1.94782617745651,1.9371407550685342,1,1,4,4,7,19,10,10,13,13,16,16,19,19,19,2,2,1,2,2,2,4
1001.5,1.0015000000000001e-12,24.7968679547199,1.9480216220363826,1.980577748439525,1.6260729273905175,1.9407600460630139,1.9474461418393427,1.9393531685278456,1,1,4,4,7,19,10,10,13,13,16,16,19,19,19,2,2,1,2,2,2,4
1002.0,1.0020000000000002e-12,24.812535856232845,1.9479568293835132,1.980121507288185,1.6262446605330592,1.9404904907870402,1.9471229567850858,1.9415609597143302,1,1,4,4,7,19,10,10,13,13,16,16,19,19,19,2,2,1,2,2,2,4
1002.5,1.0025e-12,24.828225836732084,1.9478910162746672,1.979558254804017,1.6266281993619336,1.9401691132510235,1.9468528154610802,1.9437588712690568,1,1,4,4,7,19,10,10,13,13,16,16,19,19,19,2,2,1,2,2,2,4
1003.0,1.003e-12,24.843906005659935,1.9478279051571625,1.978893706906552,1.6272196897331868,1.9398179206994648,1.946626406578549,1.9459423176885662,1,1,4,4,7,19,10,10,13,13,16,16,19,19,19,2,2,1,2,2,2,4
1003.5,1.0035000000000001e-12,24.859552039753495,1.947768953981498,1.9781353891005709,1.6280097039222472,1.9394601911832172,1.9464297573800171,1.9481072340913024,1,1,4,4,7,19,10,10,13,13,16,16,19,19,19,2,2,1,2,2,2,4
1004.0,1.0040000000000002e-12,24.875148890684393,1.9477128489227251,1.9772920242113108,1.628983935551796,1.9391183356596804,1.946245570843996,1.9502499250680543,1,1,4,4,7,19,10,10,13,13,16,16,19,19,19,2,2,1,2,2,2,4
1004.5,1.0045e-12,24.890692773593905,1.9476552828176419,1.9763728136286953,1.630124361274639,1.9388119785426086,1.9460550080520063,1.9523669186488437,1,1,4,4,7,19,10,10,13,13,16,16,19,19,19,2,2,1,2,2,2,4
1005.0,1.005e-12,24.906193115957063,1.9475890495770607,1.9753866612100368,1.6314107726604294,1.9385564321822815,1.9458397841820543,1.9544548212086057,1,1,4,4,7,19,10,10,13,13,16,16,19,19,19,2,2,1,2,2,2,4
1005.5,1.0055000000000001e-12,24.921673876176712,1.947504460298466,1.9743414158471262,1.6328225188272776,1.9383616608163656,1.9455843428008635,1.9565101694179874,1,1,4,4,7,19,10,10,13,13,16,16,19,19,19,2,2,1,2,2,2,4
1006.0,1.0060000000000002e-12,24.93717346115937,1.9473900396238029,1.9732432139895824,1.6343402516527836,1.9382317775768971,1.9452777965595074,1.958529290929678,1,1,4,4,7,19,10,10,13,13,16,16,19,19,19,2,2,1,2,2,2,4
1006.5,1.0065e-12,24.952742427406054,1.947233486272203,1.9720960741193074,1.6359473444897408,1.9381650618154043,1.9449152931856164,1.9605081816401837,1,1,4,4,7,19,10,10,13,13,16,16,19,19,19,2,2,1,2,2,2,4
1007.0,1.007e-12,24.9684385416437,1.9470227289218915,1.9709017382402108,1.637630863662116,1.938154526252707,1.9444985813816897,1.962442431497415,1,1,4,4,7,19,10,10,13,13,16,16,19,19,19,2,2,1,2,2,2,4
1007.5,1.0075e-12,24.984319319327405,1.9467470124104598,1.9696598691408442,1.6393818318697448,1.9381889752809327,1.9440356652404178,1.9643272069784077,1,1,4,4,7,19,10,10,13,13,16,16,19,19,19,2,2,1,2,2,2,4
1008.0,1.0080000000000001e-12,25.00043321516553,1.9463978633826398,1.96836856245016,1.6411948036934174,1.9382545130964712,1.943539647636897,1.9661573205759066,1,1,4,4,7,19,10,10,13,13,16,16,19,19,19,2,2,1,2,2,2,4
1008.5,1.0085e-12,25.01681155162133,1.945969823593696,1.9670251070957097,1.6430668594307898,1.9383363997775804,1.9430270034507617,1.9679273964546402,1,1,4,4,7,19,10,10,13,13,16,16,19,19,19,2,2,1,2,2,2,4
1009.0,1.009e-12,25.03346344937333,1.9454608665577853,1.965626895909415,1.6449961931567496,1.9384210834982256,1.9425155863951595,1.9696321254864502,1,1,4,4,7,19,10,10,13,13,16,16,19,19,19,2,2,1,2,2,2,4
1009.5,1.0095e-12,25.0503752148387,1.9448724350684594,1.9641722400529478,1.6469807069171207,1.9384981683990385,1.9420226214266452,1.9712665979797181,1,1,4,4,7,19,10,10,13,13,16,16,19,19,19,2,2,1,2,2,2,4
1010.0,1.0100000000000001e-12,25.067513783127833,1.9442091379281765,1.9626610940059892,1.6490165969718178,1.9385620198991926,1.9415629582055325,1.9728266242243009,1,1,4,4,7,19,10,10,13,13,16,16,19,19,19,2,2,1,2,2,2,4
1010.5,1.0105e-12,25.084832607941483,1.9434781525025404,1.961095507489405,1.6510972606076988,1.9386127412443215,1.941147687864364,1.9743090107840948,1,1,4,4,7,19,10,10,13,13,16,16,19,19,19,2,2,1,2,2,2,4
1011.0,1.011e-12,25.102277848413667,1.9426884491331993,1.9594798589263707,1.6532124807110866,1.9386563407842898,1.9407831942356837,1.9757117513816869,1,1,4,4,7,19,10,10,13,13,16,16,19,19,19,2,2,1,2,2,2,4
1011.5,1.0115e-12,25.119793504461697,1.9418499042469908,1.9578207903464517,1.655348117353388,1.9387040222783176,1.9404706605239603,1.9770341114383718,1,1,4,4,7,19,10,10,13,13,16,16,19,19,19,2,2,1,2,2,2,4
1012.0,1.0120000000000001e-12,25.137324907554493,1.9409724405863418,1.956126996235142,1.6574861529351086,1.938770713587955,1.9402060052417607,1.9782766575654342,1,1,4,4,7,19,10,10,13,13,16,16,19,19,19,2,2,1,2,2,2,4
1012.5,1.0125000000000002e-12,25.154820864486503,1.940065223497343,1.9544088534454458,1.659605214173804,1.9388730933347134,1.9399803446283688,1.979441162433639,1,1,4,4,7,19,10,10,13,13,16,16,19,19,19,2,2,1,2,2,2,4
1013.0,1.013e-12,25.172235024703856,1.9391360177649544,1.9526779422190736,1.6616814923206098,1.9390273945560956,1.9397808666163245,1.9805305147982155,1,1,4,4,7,19,10,10,13,13,16,16,19,19,19,2,2,1,2,2,2,4
1013.5,1.0135e-12,25.189527084177843,1.9381907312261826,1.9509464599635893,1.6636900480943189,1.9392473075451202,1.9395921846923045,1.9815485701729563,1,1,4,4,7,19,10,10,13,13,16,16,19,19,19,2,2,1,2,2,2,4
1014.0,1.0140000000000001e-12,25.20666424274497,1.937233187879785,1.9492265562874862,1.665606382074877,1.9395422225296162,1.9393980950762115,1.9824999607899358,1,1,4,4,7,19,10,10,13,13,16,16,19,19,19,2,2,1,2,2,2,4
1014.5,1.0145000000000002e-12,25.22362308593199,1.9362651581107344,1.947529629419741,1.6674080919289185,1.9399159616010273,1.9391835974939249,1.9833898565480996,1,1,4,4,7,19,10,10,13,13,16,16,19,19,19,2,2,1,2,2,2,4
1015.0,1.015e-12,25.240391776237704,1.9352866476488424,1.9458656553202875,1.6690763877447332,1.9403660728506407,1.9389369420140725,1.9842236829818445,1,1,4,4,7,19,10,10,13,13,16,16,19,19,19,2,2,1,2,2,2,4
1015.5,1.0155e-12,25.256972159444615,1.9342964317873068,1.9442426213033117,1.6705972392713684,1.9408836890542651,1.9386513850032145,1.9850068154396112,1,1,4,4,7,19,10,10,13,13,16,16,19,19,19,2,2,1,2,2,2,4
1016.0,1.0160000000000001e-12,25.27338105380117,1.933292750806786,1.9426662056431676,1.6719618891603192,1.9414539982785,1.9383263624810374,1.9857442706947235,1,1,4,4,7,19,10,10,13,13,16,16,19,19,19,2,2,1,2,2,2,4
1016.5,1.0165000000000002e-12,25.28964992968398,1.9322741421418521,1.9411397234649193,1.6731667048178822,1.942057213062928,1.9379678195930583,1.9864404613710993,1,1,4,4,7,19,10,10,13,13,16,16,19,19,19,2,2,1,2,2,2,4
1017.0,1.017e-12,25.305822233139338,1.9312402534210562,1.9396643341206976,1.6742124541357213,1.942670038916915,1.9375876583836615,1.9870990022001354,1,1,4,4,7,19,10,10,13,13,16,16,19,19,19,2,2,1,2,2,2,4
1017.5,1.0175e-12,25.321947952095332,1.9301925470921741,1.9382395912575747,1.6751030266997717,1.9432675704311018,1.937202417990393,1.9877226301716724,1,1,4,4,7,19,10,10,13,13,16,16,19,19,19,2,2,1,2,2,2,4
1018.0,1.0180000000000001e-12,25.33807600547073,1.9291347970826904,1.936864193430674,1.6758439175421376,1.9438254461044546,1.9368314332643963,1.9883132260366658,1,1,4,4,7,19,10,10,13,13,16,16,19,19,19,2,2,1,2,2,2,4
1018.5,1.0185000000000002e-12,25.354245965981708,1.9280733053141483,1.9355368239485191,1.6764406945773938,1.9443220587976267,1.936494772438627,1.9888719308855605,1,1,4,4,7,19,10,10,13,13,16,16,19,19,19,2,2,1,2,2,2,4
1019.0,1.019e-12,25.37048128700926,1.927016803254257,1.934256930609493,1.6768976599402268,1.944740554685164,1.936211225124108,1.9893993300530264,1,1,4,4,7,19,10,10,13,13,16,16,19,19,19,2,2,1,2,2,2,4
1019.5,1.0195e-12,25.386785940937795,1.9259760450185217,1.9330253164094857,1.6772168374604854,1.945070343058662,1.935996541437749,1.9898956699345491,1,1,4,4,7,19,10,10,13,13,16,16,19,19,19,2,2,1,2,2,2,4
1020.0,1.02e-12,25.40314516707074,1.924963140608175,1.93184445531449,1.6773973742821358,1.9453078695591115,1.9358620486044524,1.990361066199263,1,1,4,4,7,19,10,10,13,13,16,16,19,19,19,2,2,1,2,2,2,4
1020.5,1.0205000000000001e-12,25.41952946381742,1.9239907064896815,1.9307185828723281,1.6774353254381638,1.945456539773662,1.9358137101108654,1.9907956821322035,1,1,4,4,7,19,10,10,13,13,16,16,19,19,19,2,2,1,2,2,2,4
1021.0,1.021e-12,25.435900123305803,1.9230709180010963,1.929653526423172,1.6773239302786302,1.9455258083721119,1.935851649066645,1.9911998528697212,1,1,4,4,7,19,10,10,13,13,16,16,19,19,19,2,2,1,2,2,2,4
1021.5,1.0215e-12,25.45221459048577,1.922214605071586,1.9286563628019147,1.6770543112486245,1.9455295539969824,1.9359701791000892,1.9915741329317012,1,1,4,4,7,19,10,10,13,13,16,16,19,19,19,2,2,1,2,2,2,4
1022.0,1.022e-12,25.46843061674682,1.921430416836359,1.9277349918270992,1.676616539221922,1.9454840938548044,1.9361583036956682,1.9919193151923344,1,1,4,4,7,19,10,10,13,13,16,16,19,19,19,2,2,1,2,2,2,4
1022.5,1.0225000000000001e-12,25.484509046209826,1.920724158495413,1.9268976091728547,1.6760010274941568,1.9454060951397918,1.9364007215988672,1.9922363973663741,1,1,4,4,7,19,10,10,13,13,16,16,19,19,19,2,2,1,2,2,2,4
1023.0,1.023e-12,25.500415605768932,1.920098356443878,1.9261520982596119,1.6752000969173773,1.9453106487410947,1.9366793060922058,1.9925265109733388,1,1,4,4,7,19,10,10,13,13,16,16,19,19,19,2,2,1,2,2,2,4
1023.5,1.0235e-12,25.516122298762074,1.9195520910622432,1.9255053658177483,1.6742095094898573,1.9452096970291286,1.9369749868627273,1.9927908104226069,1,1,4,4,7,19,10,10,13,13,16,16,19,19,19,2,2,1,2,2,2,4
1024.0,1.024e-12,25.5316089716326,1.9190811274256265,1.9249626596073401,1.6730297302085673,1.945110913771458,1.937269871457392,1.9930303252073471,1,1,4,4,7,19,10,10,13,13,16,16,19,19,19,2,2,1,2,2,2,4
1024.5,1.0245000000000001e-12,25.546865402857357,1.9186783450261045,1.9245269306436776,1.6716666955831052,1.9450170778651301,1.937549345304298,1.993245782119317,1,1,4,4,7,19,10,10,13,13,16,16,19,19,19,2,2,1,2,2,2,4
1025.0,1.0250000000000002e-12,25.561893872715924,1.9183344417257304,1.9241983874294926,1.670131880583354,1.9449259665640979,1.937803819206472,1.9934374117769709,1,1,4,4,7,19,10,10,13,13,16,16,19,19,19,2,2,1,2,2,2,4
1025.5,1.0255e-12,25.576711841607672,1.9180388666981878,1.9239742119392338,1.6684417431921328,1.9448307249780596,1.9380298144915806,1.9936047715903493,1,1,4,4,7,19,10,10,13,13,16,16,19,19,19,2,2,1,2,2,2,4
1026.0,1.026e-12,25.591353832361325,1.9177808668088157,1.9238486288854635,1.6666165428718729,1.9447207459873905,1.938230143849975,1.9937466292313504,1,1,4,4,7,19,10,10,13,13,16,16,19,19,19,2,2,1,2,2,2,4
1026.5,1.0265000000000001e-12,25.60587142888449,1.9175504974973148,1.9238132869196898,1.664678773008495,1.9445830317449129,1.938413227290831,1.9938608900289294,1,1,4,4,7,19,10,10,13,13,16,16,19,19,19,2,2,1,2,2,2,4
1027.0,1.0270000000000002e-12,25.62033043098337,1.9173395189099662,1.9238579033490089,1.6626515106417459,1.9444039164902955,1.938591629367376,1.9939446333526065,1,1,4,4,7,19,10,10,13,13,16,16,19,19,19,2,2,1,2,2,2,4
1027.5,1.0275e-12,25.634804679222018,1.9171420287378527,1.9239710933023497,1.6605568795424006,1.9441710344038274,1.9387801410446301,1.9939942323569548,1,1,4,4,7,19,10,10,13,13,16,16,19,19,19,2,2,1,2,2,2,4
1028.0,1.028e-12,25.649367141200504,1.9169547638967885,1.9241412471522428,1.6584148142682122,1.943875305275606,1.938993711005328,1.9940055510355077,1,1,4,4,7,19,10,10,13,13,16,16,19,19,19,2,2,1,2,2,2,4
1028.5,1.0285000000000001e-12,25.664080068430334,1.9167770556477124,1.9243573210580365,1.6562422143679285,1.9435126584452123,1.93924550436624,1.9939741912469977,1,1,4,4,7,19,10,10,13,13,16,16,19,19,19,2,2,1,2,2,2,4
1029.0,1.0290000000000002e-12,25.67898682617059,1.9166104651370723,1.9246094465869457,1.6540524898564122,1.9430852118782935,1.939545286386332,1.9938957586914532,1,1,4,4,7,19,10,10,13,13,16,16,19,19,19,2,2,1,2,2,2,4
1029.5,1.0295e-12,25.694107784166636,1.9164581631278352,1.9248892631238865,1.6518556010996013,1.9426016577050862,1.9398981972337523,1.9937661170285343,1,1,4,4,7,19,10,10,13,13,16,16,19,19,19,2,2,1,2,2,2,4
1030.0,1.03e-12,25.70944102515962,1.9163241633285935,1.9251900339034376,1.649658440039704,1.942076750580058,1.940304027736745,1.9935816118568326,1,1,4,4,7,19,10,10,13,13,16,16,19,19,19,2,2,1,2,2,2,4
1030.5,1.0305000000000001e-12,25.72496686558562,1.9162124756274674,1.925506592738258,1.6474655788012855,1.9415299822738723,1.9407569989625229,1.9933392451147676,1,1,4,4,7,19,10,10,13,13,16,16,19,19,19,2,2,1,2,2,2,4
1031.0,1.0310000000000002e-12,25.740654119606518,1.9161263112062825,1.9258351068338184,1.6452804533653937,1.940983616040709,1.94124600981951,1.9930368119996007,1,1,4,4,7,19,10,10,13,13,16,16,19,19,19,2,2,1,2,2,2,4
1031.5,1.0315e-12,25.75646602402026,1.9160674086847405,1.92617273677266,1.6431067982932148,1.940460419643075,1.9417553857972434,1.9926729948342938,1,1,4,4,7,19,10,10,13,13,16,16,19,19,19,2,2,1,2,2,2,4
1032.0,1.032e-12,25.772364684714187,1.916035546316065,1.9265172043511627,1.6409501659625552,1.939981413570636,1.9422661131584071,1.992247418635853,1,1,4,4,7,19,10,10,13,13,16,16,19,19,19,2,2,1,2,2,2,4
1032.5,1.0325e-12,25.78831385675334,1.916028290087643,1.926866289792547,1.6388192808798385,1.939563895894592,1.942757522369913,1.991760662167765,1,1,4,4,7,19,10,10,13,13,16,16,19,19,19,2,2,1,2,2,2,4
1033.0,1.0330000000000001e-12,25.804280515777688,1.9160410097054306,1.927217285368682,1.6367269695489528,1.9392199111105406,1.943209321821163,1.9912142124425372,1,1,4,4,7,19,10,10,13,13,16,16,19,19,19,2,2,1,2,2,2,4
1033.5,1.0335e-12,25.8202359026702,1.9160671730335448,1.9275664652330589,1.634690450983002,1.9389552480637515,1.9436037901015921,1.9906103532414885,1,1,4,4,7,19,10,10,13,13,16,16,19,19,19,2,2,1,2,2,2,4
1034.0,1.034e-12,25.8361566582066,1.9160989049903956,1.9279086479522947,1.6327308895933874,1.9387690024446136,1.9439278258639547,1.9899520016825634,1,1,4,4,7,19,10,10,13,13,16,16,19,19,19,2,2,1,2,2,2,4
1034.5,1.0345e-12,25.852026447573543,1.9161277770266034,1.9282369009681948,1.6308723253318211,1.9386536933209457,1.9441745385912406,1.9892424654469454,1,1,4,4,7,19,10,10,13,13,16,16,19,19,19,2,2,1,2,2,2,4
1035.0,1.0350000000000001e-12,25.867838051256868,1.916145733435744,1.928542517169623,1.6291400577732953,1.9385959765531666,1.944344063820749,1.9884852046666948,1,1,4,4,7,19,10,10,13,13,16,16,19,19,19,2,2,1,2,2,2,4
1035.5,1.0355e-12,25.88359561338209,1.9161460661071266,1.9288152603954265,1.6275588219399226,1.9385778962426385,1.944443410793315,1.987683631964259,1,1,4,4,7,19,10,10,13,13,16,16,19,19,19,2,2,1,2,2,2,4
1036.0,1.036e-12,25.899316406588543,1.9161243002683364,1.9290438768667577,1.6261510256943863,1.9385786396628941,1.9444854426897318,1.9868409513342484,1,1,4,4,7,19,10,10,13,13,16,16,19,19,19,2,2,1,2,2,2,4
1036.5,1.0365e-12,25.915031265737518,1.916078870172714,1.9292168257090194,1.6249352435813145,1.9385766692903978,1.9444871601097662,1.9859601051744455,1,1,4,4,7,19,10,10,13,13,16,16,19,19,19,2,2,1,2,2,2,4
1037.0,1.0370000000000001e-12,25.930782873975804,1.9160115004993805,1.9293231262288382,1.6239251144187046,1.9385520156945897,1.9444676168275754,1.9850438269021187,1,1,4,4,7,19,10,10,13,13,16,16,19,19,19,2,2,1,2,2,2,4
1037.5,1.0375000000000002e-12,25.946621410783745,1.9159272468846746,1.9293531990258415,1.6231287146791002,1.938488442042765,1.9444457877248478,1.9840947870502152,1,1,4,4,7,19,10,10,13,13,16,16,19,19,19,2,2,1,2,2,2,4
1038.0,1.038e-12,25.962597774934977,1.915834204623743,1.9292995799631367,1.6225484299156867,1.938375161565682,1.9444386369616078,1.9831157967472903,1,1,4,4,7,19,10,10,13,13,16,16,19,19,19,2,2,1,2,2,2,4
1038.5,1.0385e-12,25.978755554521904,1.9157429297221455,1.9291574152561874,1.6221813244666194,1.9382078235426103,1.9444595411786159,1.9821100103365692,1,1,4,4,7,19,10,10,13,13,16,16,19,19,19,2,2,1,2,2,2,4
1039.0,1.0390000000000001e-12,25.995123672634676,1.915665648962865,1.9289247505411449,1.6220199184166317,1.9379886008513612,1.9445171547070692,1.9810810891089838,1,1,4,4,7,19,10,10,13,13,16,16,19,19,19,2,2,1,2,2,2,4
1039.5,1.0395000000000002e-12,26.01171180769527,1.9156153217341987,1.9286025485148075,1.622053413471427,1.9377253800744536,1.9446147357785963,1.9800332872220847,1,1,4,4,7,19,10,10,13,13,16,16,19,19,19,2,2,1,2,2,2,4
1040.0,1.04e-12,26.02850973843158,1.9156046634005384,1.9281944876134443,1.6222692540819612,1.9374301872107953,1.94474994008086,1.9789713959607966,1,1,4,4,7,19,10,10,13,13,16,16,19,19,19,2,2,1,2,2,2,4
1040.5,1.0405e-12,26.04549018896896,1.9156452026352486,1.9277066272792673,1.6226548028945393,1.9371171741528155,1.9449151369056041,1.9779006398637082,1,1,4,4,7,19,10,10,13,13,16,16,19,19,19,2,2,1,2,2,2,4
1041.0,1.0410000000000001e-12,26.062613732587756,1.915746459848522,1.9271469363416271,1.623198941031849,1.9368004852128358,1.9450982392189382,1.9768265123026945,1,1,4,4,7,19,10,10,13,13,16,16,19,19,19,2,2,1,2,2,2,4
1041.5,1.0415000000000002e-12,26.079833996870903,1.9159153170941423,1.9265247270261254,1.6238933032957068,1.9364923053287968,1.945284043930103,1.975754589140793,1,1,4,4,7,19,10,10,13,13,16,16,19,19,19,2,2,1,2,2,2,4
1042.0,1.042e-12,26.097101961611113,1.9161556300670277,1.9258500223933597,1.624732914261104,1.9362012975546532,1.9454560286254692,1.9746903320961435,1,1,4,4,7,19,10,10,13,13,16,16,19,19,19,2,2,1,2,2,2,4
1042.5,1.0425e-12,26.11436894860413,1.9164681175569929,1.925132895289727,1.625716104770774,1.9359315342395036,1.9455984650440517,1.9736388799929994,1,1,4,4,7,19,10,10,13,13,16,16,19,19,19,2,2,1,2,2,2,4
1043.0,1.043e-12,26.131588545389814,1.9168505457896596,1.9243828280369997,1.626843740702399,1.9356819513469212,1.945698611519661,1.9726048260298443,1,1,4,4,7,19,10,10,13,13,16,16,19,19,19,2,2,1,2,2,2,4
1043.5,1.0435000000000001e-12,26.148718051644575,1.9172982028797634,1.9236081470556579,1.6281179567140032,1.935446319546939,1.9457486512710886,1.971591976612065,1,1,4,4,7,19,10,10,13,13,16,16,19,19,19,2,2,1,2,2,2,4
1044.0,1.044e-12,26.165719958166274,1.9178046257424717,1.9228156765079152,1.6295405332483148,1.9352137246581478,1.945747024603492,1.9706031661223056,1,1,4,4,7,19,10,10,13,13,16,16,19,19,19,2,2,1,2,2,2,4
1044.5,1.0445e-12,26.18256393655265,1.9183624979557987,1.9220105928697806,1.631111330244133,1.9349695509562888,1.9456989008151284,1.9696400737924038,1,1,4,4,7,19,10,10,13,13,16,16,19,19,19,2,2,1,2,2,2,4
1045.0,1.045e-12,26.1992294432628,1.9189646436560188,1.9211965212416835,1.6328269945919633,1.9346969014924056,1.945615641278117,1.9687031407244484,1,1,4,4,7,19,10,10,13,13,16,16,19,19,19,2,2,1,2,2,2,4
1045.5,1.0455000000000001e-12,26.21570862147056,1.9196049414026277,1.9203759481392932,1.6346799667536005,1.9343784242731676,1.945513416525864,1.9677916133100228,1,1,4,4,7,19,10,10,13,13,16,16,19,19,19,2,2,1,2,2,2,4
1046.0,1.046e-12,26.23200899434697,1.920279049384616,1.919550830099002,1.6366579660587417,1.9339983729063415,1.9454112291073398,1.9669037044121986,1,1,4,4,7,19,10,10,13,13,16,16,19,19,19,2,2,1,2,2,2,4
1046.5,1.0465e-12,26.248155093932564,1.9209848389781803,1.918723307369339,1.6387439612552248,1.9335446717597726,1.9453286942797317,1.9660368542794502,1,1,4,4,7,19,10,10,13,13,16,16,19,19,19,2,2,1,2,2,2,4
1047.0,1.047e-12,26.264188038740752,1.9217224827703465,1.91789639192512,1.6409166160092032,1.9330107019730456,1.94528390306319,1.965188041977574,1,1,4,4,7,19,10,10,13,13,16,16,19,19,19,2,2,1,2,2,2,4
1047.5,1.0475000000000001e-12,26.280162238331307,1.9224941981728723,1.9170745092385482,1.6431511813734612,1.9323965187140562,1.9452915931511783,1.9643540899136385,1,1,4,4,7,19,10,10,13,13,16,16,19,19,19,2,2,1,2,2,2,4
1048.0,1.0480000000000002e-12,26.296138994998696,1.9233037073976125,1.9162638122047273,1.6454207865554862,1.9317092776948785,1.9453617547376987,1.9635319099575443,1,1,4,4,7,19,10,10,13,13,16,16,19,19,19,2,2,1,2,2,2,4
1048.5,1.0485e-12,26.3121777396034,1.9241554389523547,1.9154722605784646,1.6476979795368136,1.9309628390206983,1.945498721849697,1.9627186480835774,1,1,4,4,7,19,10,10,13,13,16,16,19,19,19,2,2,1,2,2,2,4
1049.0,1.049e-12,26.328326799747515,1.9250536761682775,1.914709451605826,1.6499564621659781,1.9301765039566008,1.9457007797019925,1.9619116990366587,1,1,4,4,7,19,10,10,13,13,16,16,19,19,19,2,2,1,2,2,2,4
1049.5,1.0495000000000001e-12,26.344616107535234,1.9260016344081896,1.9139862904194966,1.6521727534690012,1.9293732257764635,1.9459602168747359,1.9611086922948124,1,1,4,4,7,19,10,10,13,13,16,16,19,19,19,2,2,1,2,2,2,4
1050.0,1.0500000000000002e-12,26.36105382671407,1.9270006452824193,1.9133145201197275,1.6543275695501776,1.928577462500644,1.946263926962145,1.960307372719653,1,1,4,4,7,19,10,10,13,13,16,16,19,19,19,2,2,1,2,2,2,4
1050.5,1.0505e-12,26.377627412257798,1.9280495049402468,1.9127061620710584,1.6564066874879444,1.9278129976005387,1.9465945179071138,1.9595054734769906,1,1,4,4,7,19,10,10,13,13,16,16,19,19,19,2,2,1,2,2,2,4
1051.0,1.051e-12,26.39430798974672,1.9291440556669894,1.9121728972757723,1.6584011212733156,1.9271009709507099,1.9469319212673644,1.9587005989906252,1,1,4,4,7,19,10,10,13,13,16,16,19,19,19,2,2,1,2,2,2,4
1051.5,1.0515000000000001e-12,26.41105608739275,1.930277037239168,1.9117254256004275,1.660306570637927,1.9264582981103837,1.9472554084991696,1.9578901382078684,1,1,4,4,7,19,10,10,13,13,16,16,19,19,19,2,2,1,2,2,2,4
1052.0,1.0520000000000002e-12,26.427826972311195,1.9314382327908015,1.911372841811647,1.662122259604735,1.9258965638465588,1.9475458371368253,1.9570712111642348,1,1,4,4,7,19,10,10,13,13,16,16,19,19,19,2,2,1,2,2,2,4
1052.5,1.0525e-12,26.444574701727927,1.9326149141918452,1.9111220835110871,1.663849394503724,1.925421425046362,1.9477878437542382,1.9562406438854776,1,1,4,4,7,19,10,10,13,13,16,16,19,19,19,2,2,1,2,2,2,4
1053.0,1.053e-12,26.461254884351707,1.933792576927881,1.9109775113419074,1.665489542575832,1.9250325188141841,1.9479716467027688,1.9553949676207467,1,1,4,4,7,19,10,10,13,13,16,16,19,19,19,2,2,1,2,2,2,4
1053.5,1.0535000000000001e-12,26.477826635360813,1.9349558971729528,1.9109407276410721,1.6670430739044466,1.9247239060517458,1.9480941302719994,1.954530462167392,1,1,4,4,7,19,10,10,13,13,16,16,19,19,19,2,2,1,2,2,2,4
1054.0,1.0540000000000002e-12,26.494254366344716,1.9360898675191374,1.9110106661487087,1.668507964059615,1.9244850032825558,1.9481590232522945,1.9536432208610954,1,1,4,4,7,19,10,10,13,13,16,16,19,19,19,2,2,1,2,2,2,4
1054.5,1.0545e-12,26.510509871486057,1.9371809417921644,1.911183950551595,1.6698790974448556,1.9243020447874863,1.9481761029893396,1.9527292835137329,1,1,4,4,7,19,10,10,13,13,16,16,19,19,19,2,2,1,2,2,2,4
1055.0,1.055e-12,26.526574755001423,1.9382180629165047,1.9114555603848997,1.671147952670092,1.9241599653478347,1.9481596498080895,1.9517848365765718,1,1,4,4,7,19,10,10,13,13,16,16,19,19,19,2,2,1,2,2,2,4
1055.5,1.0555e-12,26.54244301521478,1.939193432779156,1.9118196722327676,1.672302791091413,1.9240445371801644,1.9481264405328333,1.9508064653138695,1,1,4,4,7,19,10,10,13,13,16,16,19,19,19,2,2,1,2,2,2,4
1056.0,1.0560000000000001e-12,26.558123252712612,1.9401029280448243,1.9122705464851693,1.6733292983373353,1.9239444938707155,1.9480936233555624,1.9497914348677123,1,1,4,4,7,19,10,10,13,13,16,16,19,19,19,2,2,1,2,2,2,4
1056.5,1.0565e-12,26.573639773411383,1.9409461277513333,1.9128033130166013,1.674211639137361,1.9238533086181748,1.9480767614053207,1.9487379518772057,1,1,4,4,7,19,10,10,13,13,16,16,19,19,19,2,2,1,2,2,2,4
1057.0,1.057e-12,26.589031800488105,1.9417259765932993,1.9134145297857497,1.6749338465512453,1.9237703114904114,1.9480882310578578,1.9476453564003184,1,1,4,4,7,19,10,10,13,13,16,16,19,19,19,2,2,1,2,2,2,4
1057.5,1.0575e-12,26.604350220031037,1.9424481606077448,1.9141024475917219,1.6754814173595975,1.9237009209388154,1.9481360462636372,1.9465142158478863,1,1,4,4,7,19,10,10,13,13,16,16,19,19,19,2,2,1,2,2,2,4
1058.0,1.0580000000000001e-12,26.61965178492302,1.9431202514304153,1.9148670008496156,1.67584288246681,1.9236559752802262,1.9482231839043154,1.9453462691012584,1,1,4,4,7,19,10,10,13,13,16,16,19,19,19,2,2,1,2,2,2,4
1058.5,1.0585e-12,26.634991539832995,1.9437507754545864,1.915709545057077,1.6760111849887471,1.9236502434360425,1.9483473327451075,1.944144292491058,1,1,4,4,7,19,10,10,13,13,16,16,19,19,19,2,2,1,2,2,2,4
1059.0,1.059e-12,26.65041494047744,1.9443482626129174,1.9166324417830036,1.6759845921536711,1.9237004311689336,1.948501109181555,1.9429119068268201,1,1,4,4,7,19,10,10,13,13,16,16,19,19,19,2,2,1,2,2,2,4
1059.5,1.0595e-12,26.665951589783003,1.9449203741322678,1.917638549754303,1.6757669897454643,1.9238229912611908,1.9486727332476603,1.941653338254939,1,1,4,4,7,19,10,10,13,13,16,16,19,19,19,2,2,1,2,2,2,4
1060.0,1.0600000000000001e-12,26.681612113811152,1.9454731854499892,1.9187306762623817,1.675367486839128,1.9240320405705555,1.948847180476666,1.9403731729130773,1,1,4,4,7,19,10,10,13,13,16,16,19,19,19,2,2,1,2,2,2,4
1060.5,1.0605000000000002e-12,26.697388616952427,1.946010686885241,1.919911019781866,1.6747993897942564,1.9243376152587954,1.9490077863686803,1.9390761278809934,1,1,4,4,7,19,10,10,13,13,16,16,19,19,19,2,2,1,2,2,2,4
1061.0,1.061e-12,26.713257933787535,1.9465345480489313,1.9211806141179597,1.6740787441330425,1.9247444012745472,1.9491381981792826,1.9377668543223794,1,1,4,4,7,19,10,10,13,13,16,16,19,19,19,2,2,1,2,2,2,4
1061.5,1.0615e-12,26.72918620128873,1.947044169014663,1.9225387861355407,1.6732227091073835,1.9252509949479266,1.9492244877088192,1.9364497753647645,1,1,4,4,7,19,10,10,13,13,16,16,19,19,19,2,2,1,2,2,2,4
1062.0,1.0620000000000001e-12,26.745133306261778,1.9475370251946102,1.9239827315020979,1.672247949047702,1.9258496986039864,1.949257139885484,1.9351289622769745,1,1,4,4,7,19,10,10,13,13,16,16,19,19,19,2,2,1,2,2,2,4
1062.5,1.0625000000000002e-12,26.76105644700942,1.9480092823113144,1.92550725819555,1.6711692663422915,1.9265268435763472,1.949232576895231,1.933808050713198,1,1,4,4,7,19,10,10,13,13,16,16,19,19,19,2,2,1,2,2,2,4
1063.0,1.063e-12,26.776912709034036,1.9484566231300955,1.9271047668511407,1.669998609689186,1.927263638886322,1.9491539233302546,1.932490193956838,1,1,4,4,7,19,10,10,13,13,16,16,19,19,19,2,2,1,2,2,2,4
1063.5,1.0635e-12,26.792660996641555,1.9488751703125449,1.9287655036975884,1.6687445524636315,1.928037547053884,1.949030848726841,1.9311780650759112,1,1,4,4,7,19,10,10,13,13,16,16,19,19,19,2,2,1,2,2,2,4
1064.0,1.0640000000000001e-12,26.80826373291977,1.9492624520826212,1.9304781659189578,1.6674121602796574,1.9288241002160909,1.9488784947915945,1.9298739217182137,1,1,4,4,7,19,10,10,13,13,16,16,19,19,19,2,2,1,2,2,2,4
1064.5,1.0645000000000002e-12,26.823688755914574,1.9496181773088817,1.9322307032809367,1.6660033898439175,1.9295990785321981,1.9487157434226283,1.9285797172064172,1,1,4,4,7,19,10,10,13,13,16,16,19,19,19,2,2,1,2,2,2,4
1065.0,1.065e-12,26.838911560969727,1.9499447534060843,1.9340112509201597,1.6645179143935802,1.9303408024824362,1.948563109387376,1.9272972571464928,1,1,4,4,7,19,10,10,13,13,16,16,19,19,19,2,2,1,2,2,2,4
1065.5,1.0655e-12,26.853917872186713,1.9502474502226272,1.9358090207744922,1.6629543376411378,1.9310322382922596,1.9484405882693325,1.9260283679374994,1,1,4,4,7,19,10,10,13,13,16,16,19,19,19,2,2,1,2,2,2,4
1066.0,1.0660000000000001e-12,26.86870626647129,1.9505341915789023,1.9376149951224269,1.6613116849786933,1.9316625804786327,1.9483657194911217,1.9247750311033014,1,1,4,4,7,19,10,10,13,13,16,16,19,19,19,2,2,1,2,2,2,4
1066.5,1.0665000000000002e-12,26.883290304811926,1.9508149991421222,1.9394223153264452,1.6595909922777088,1.932228048190854,1.9483520212514494,1.9235394379249289,1,1,4,4,7,19,10,10,13,13,16,16,19,19,19,2,2,1,2,2,2,4
1067.0,1.067e-12,26.89769939242988,1.9511011786650208,1.9412263470978537,1.6577967414300467,1.9327317609686183,1.94840787468759,1.9223239390192375,1,1,4,4,7,19,10,10,13,13,16,16,19,19,19,2,2,1,2,2,2,4
1067.5,1.0675e-12,26.91197761254988,1.95140430004222,1.943024408770218,1.6559379713791857,1.9331827659865715,1.9485358642195427,1.9211309041467584,1,1,4,4,7,19,10,10,13,13,16,16,19,19,19,2,2,1,2,2,2,4
1068.0,1.068e-12,26.926179959533506,1.951735144481485,1.9448153306627178,1.6540287284414643,1.9335944013620228,1.9487326061636516,1.9199625086953482,1,1,4,4,7,19,10,10,13,13,16,16,19,19,19,2,2,1,2,2,2,4
1068.5,1.0685000000000001e-12,26.94036615360418,1.952102694357296,1.946598881104578,1.652087844431483,1.9339823049148663,1.9489890675153594,1.918820505219512,1,1,4,4,7,19,10,10,13,13,16,16,19,19,19,2,2,1,2,2,2,4
1069.0,1.069e-12,26.954593039980566,1.9525132587869665,1.9483751166674816,1.6501380858724448,1.9343623577400721,1.9492913595331312,1.9177060395884689,1,1,4,4,7,19,10,10,13,13,16,16,19,19,19,2,2,1,2,2,2,4
1069.5,1.0695e-12,26.96890717561302,1.9529697968866555,1.9501437933876467,1.6482046687673617,1.9347488426279469,1.9496220324811706,1.9166195492773164,1,1,4,4,7,19,10,10,13,13,16,16,19,19,19,2,2,1,2,2,2,4
1070.0,1.07e-12,26.98333945832998,1.953471543071091,1.9519037558608168,1.6463135878025232,1.935152929496765,1.9499618327157535,1.9155607202507947,1,1,4,4,7,19,10,10,13,13,16,16,19,19,19,2,2,1,2,2,2,4
1070.5,1.0705000000000001e-12,26.99790290021948,1.9540139568556123,1.953652409826095,1.644489860766102,1.935581599141201,1.9502917946006746,1.9145285144087687,1,1,4,4,7,19,10,10,13,13,16,16,19,19,19,2,2,1,2,2,2,4
1071.0,1.0710000000000002e-12,27.012593607610786,1.9545890234541907,1.95538530052139,1.6427559423338398,1.9360370220048906,1.9505954429227412,1.9135212395153232,1,1,4,4,7,19,10,10,13,13,16,16,19,19,19,2,2,1,2,2,2,4
1071.5,1.0715e-12,27.027394026890843,1.9551858925590135,1.9570958455043053,1.6411304702829146,1.9365164025231105,1.9508607851717898,1.912536646436683,1,1,4,4,7,19,10,10,13,13,16,16,19,19,19,2,2,1,2,2,2,4
1072.0,1.072e-12,27.04227710247292,1.9557918008396378,1.9587752917070878,1.6396274324607845,1.9370123029735764,1.9510817554031064,1.9115720355965378,1,1,4,4,7,19,10,10,13,13,16,16,19,19,19,2,2,1,2,2,2,4
1072.5,1.0725000000000001e-12,27.05721029227524,1.9563932299280145,1.9604129074119205,1.6382558665996847,1.9375133827053959,1.9512587867229472,1.910624399700562,1,1,4,4,7,19,10,10,13,13,16,16,19,19,19,2,2,1,2,2,2,4
1073.0,1.0730000000000002e-12,27.072158802316153,1.9569770921784109,1.9619965052956636,1.637019988045104,1.9380056866989217,1.9513984829946558,1.9096905432679268,1,1,4,4,7,19,10,10,13,13,16,16,19,19,19,2,2,1,2,2,2,4
1073.5,1.0735e-12,27.08708812540722,1.9575318759840903,1.9635132006633877,1.6359198444581233,1.9384742933204353,1.9515123927530642,1.9087672403283074,1,1,4,4,7,19,10,10,13,13,16,16,19,19,19,2,2,1,2,2,2,4
1074.0,1.074e-12,27.101966149037267,1.958048555938256,1.9649503586950248,1.6349523889526578,1.9389052688345805,1.951615184967053,1.9078513974507874,1,1,4,4,7,19,10,10,13,13,16,16,19,19,19,2,2,1,2,2,2,4
1074.5,1.0745000000000001e-12,27.116765259971576,1.9585211573268595,1.966296578492369,1.6341128939941207,1.9392876904691874,1.9517225527213065,1.9069402120880858,1,1,4,4,7,19,10,10,13,13,16,16,19,19,19,2,2,1,2,2,2,4
1075.0,1.0750000000000002e-12,27.131464774299282,1.9589469076896022,1.9675425543799465,1.6333965424652253,1.939615446631367,1.9518491561484823,1.9060313086565401,1,1,4,4,7,19,10,10,13,13,16,16,19,19,19,2,2,1,2,2,2,4
1075.5,1.0755e-12,27.146053804239195,1.9593259797633547,1.968681668055952,1.6327999840143383,1.9398885048617027,1.9520068381128524,1.9051228274933762,1,1,4,4,7,19,10,10,13,13,16,16,19,19,19,2,2,1,2,2,2,4
1076.0,1.076e-12,27.160534320230273,1.9596608945665965,1.9697102305790177,1.6323225995492285,1.94011340593257,1.952203246373367,1.9042134520611798,1,1,4,4,7,19,10,10,13,13,16,16,19,19,19,2,2,1,2,2,2,4
1076.5,1.0765000000000001e-12,27.17492375416005,1.9599556859958553,1.9706273859105983,1.6319672313706877,1.940302887283826,1.9524409207253512,1.9033023699361407,1,1,4,4,7,19,10,10,13,13,16,16,19,19,19,2,2,1,2,2,2,4
1077.0,1.0770000000000002e-12,27.189256224191865,1.9602149597961385,1.9714346955902506,1.6317402798530278,1.9404746722486552,1.952716831189193,1.9023892044270794,1,1,4,4,7,19,10,10,13,13,16,16,19,19,19,2,2,1,2,2,2,4
1077.5,1.0775e-12,27.203581326093623,1.9604429582849168,1.972135560403553,1.631651085862198,1.9406496624951468,1.953022400271053,1.901473925983685,1,1,4,4,7,19,10,10,13,13,16,16,19,19,19,2,2,1,2,2,2,4
1078.0,1.078e-12,27.217959871949013,1.9606427101817403,1.972734606619837,1.6317106891472124,1.9408498116342798,1.9533440277930822,1.9005567789447546,1,1,4,4,7,19,10,10,13,13,16,16,19,19,19,2,2,1,2,2,2,4
1078.5,1.0785e-12,27.23245688816213,1.9608153788866138,1.973237019707117,1.631930272386955,1.9410959446997433,1.9536640830218241,1.89963826807571,1,1,4,4,7,19,10,10,13,13,16,16,19,19,19,2,2,1,2,2,2,4
1079.0,1.0790000000000001e-12,27.24713304917727,1.9609598461405633,1.9736479346546991,1.632319471118089,1.9414057897537234,1.9539623896874831,1.8987191962041692,1,1,4,4,7,19,10,10,13,13,16,16,19,19,19,2,2,1,2,2,2,4
1079.5,1.0795e-12,27.262036519098473,1.961072578509801,1.9739718925371823,1.63288480369532,1.9417923783886983,1.9542181365186149,1.8978007415195577,1,1,4,4,7,19,10,10,13,13,16,16,19,19,19,2,2,1,2,2,2,4
1080.0,1.08e-12,27.277197190319907,1.9611478000447256,1.974212386569459,1.633628404829012,1.9422629097118607,1.9544120659781903,1.896884543022427,1,1,4,4,7,19,10,10,13,13,16,16,19,19,19,2,2,1,2,2,2,4
1080.5,1.0805e-12,27.29262452156874,1.9611779740621111,1.9743715290593542,1.6345471911337552,1.94281812103769,1.9545286831809023,1.8959727646515356,1,1,4,4,7,19,10,10,13,13,16,16,19,19,19,2,2,1,2,2,2,4
1081.0,1.0810000000000001e-12,27.308308909289668,1.96115455382063,1.9744498883184682,1.6356325265772405,1.9434521991408058,1.9545581490404307,1.895068110351065,1,1,4,4,7,19,10,10,13,13,16,16,19,19,19,2,2,1,2,2,2,4
1081.5,1.0815e-12,27.324225463244154,1.9610689863842798,1.9744465256599084,1.6368704216015006,1.944153196957463,1.9544974991672397,1.8941738107049175,1,1,4,4,7,19,10,10,13,13,16,16,19,19,19,2,2,1,2,2,2,4
1082.0,1.082e-12,27.340338649109608,1.9609137862965116,1.974359287054877,1.6382422414427156,1.9449040324265905,1.9543509374933183,1.8932935920288216,1,1,4,4,7,19,10,10,13,13,16,16,19,19,19,2,2,1,2,2,2,4
1082.5,1.0825e-12,27.35660657581568,1.9606836005831745,1.9741853654612596,1.6397258625748967,1.945684012793659,1.9541292108887272,1.892431574575461,1,1,4,4,7,19,10,10,13,13,16,16,19,19,19,2,2,1,2,2,2,4
1083.0,1.0830000000000001e-12,27.37298434343776,1.9603761181542823,1.9739220581354588,1.6412972022195136,1.9464707840974362,1.9538481241884886,1.8915922364374893,1,1,4,4,7,19,10,10,13,13,16,16,19,19,19,2,2,1,2,2,2,4
1083.5,1.0835000000000002e-12,27.38942643960506,1.9599926761537825,1.9735676415553802,1.6429319646083649,1.9472425721877553,1.9535265396470585,1.8907803786613213,1,1,4,4,7,19,10,10,13,13,16,16,19,19,19,2,2,1,2,2,2,4
1084.0,1.084e-12,27.405888540696097,1.9595384783213332,1.97312221736921,1.6446074005220055,1.947980447393609,1.9531841893823445,1.890001101649359,1,1,4,4,7,19,10,10,13,13,16,16,19,19,19,2,2,1,2,2,2,4
1084.5,1.0845e-12,27.422329174653427,1.9590223977812853,1.9725883750037383,1.6463038509960135,1.9486702857574225,1.9528395930513827,1.8892597799488406,1,1,4,4,7,19,10,10,13,13,16,16,19,19,19,2,2,1,2,2,2,4
1085.0,1.0850000000000001e-12,27.43871164869523,1.958456399786732,1.97197154368089,1.648005838055387,1.949304101879892,1.9525082822004467,1.888562011103981,1,1,4,4,7,19,10,10,13,13,16,16,19,19,19,2,2,1,2,2,2,4
1085.5,1.0855000000000002e-12,27.45500643889199,1.9578546680744389,1.9712799753112076,1.6497025384108466,1.9498805196143107,1.9522014435244475,1.8879135174496628,1,1,4,4,7,19,10,10,13,13,16,16,19,19,19,2,2,1,2,2,2,4
1086.0,1.086e-12,27.471193875198637,1.9572325513684994,1.9705244356154972,1.651387494165641,1.9504043163740068,1.9519250276326936,1.887320013298572,1,1,4,4,7,19,10,10,13,13,16,16,19,19,19,2,2,1,2,2,2,4
1086.5,1.0865e-12,27.487266743505995,1.9566054381904443,1.9697176064545243,1.6530577498290624,1.950885139935329,1.951679325652995,1.8867870308081363,1,1,4,4,7,19,10,10,13,13,16,16,19,19,19,2,2,1,2,2,2,4
1087.0,1.0870000000000001e-12,27.503231982263905,1.9559876768731361,1.9688734132159134,1.6547124626672147,1.9513356784160245,1.9514590390965856,1.886319756421906,1,1,4,4,7,19,10,10,13,13,16,16,19,19,19,2,2,1,2,2,2,4
1087.5,1.0875000000000002e-12,27.51911070805748,1.9553916229838215,1.9680062614482914,1.6563513781105415,1.951769554174514,1.9512538366260297,1.8859228697860009,1,1,4,4,7,19,10,10,13,13,16,16,19,19,19,2,2,1,2,2,2,4
1088.0,1.088e-12,27.534935834330614,1.9548268806962497,1.9671303611513844,1.657973251703586,1.9521992869279823,1.9510494300034078,1.8856004436067404,1,1,4,4,7,19,10,10,13,13,16,16,19,19,19,2,2,1,2,2,2,4
1088.5,1.0885e-12,27.550747235511015,1.954299800278107,1.9662590975913476,1.6595745163062507,1.9526345243380008,1.9508291512940519,1.8853558879716055,1,1,4,4,7,19,10,10,13,13,16,16,19,19,19,2,2,1,2,2,2,4
1089.0,1.0890000000000001e-12,27.56658513222086,1.9538132599667348,1.9654044560562172,1.6611483372004698,1.9530806844484772,1.950575937006465,1.885191939984738,1,1,4,4,7,19,10,10,13,13,16,16,19,19,19,2,2,1,2,2,2,4
1089.5,1.0895000000000002e-12,27.58248303516633,1.9533667959689778,1.9645765877296326,1.6626840497122701,1.9535380794749673,1.9502745762246252,1.885110668452668,1,1,4,4,7,19,10,10,13,13,16,16,19,19,19,2,2,1,2,2,2,4
1090.0,1.09e-12,27.598462023732797,1.9529570264423306,1.9637834283477709,1.6641671700172935,1.9540015417021284,1.949913862086571,1.8851134986004485,1,1,4,4,7,19,10,10,13,13,16,16,19,19,19,2,2,1,2,2,2,4
1090.5,1.0905e-12,27.614527621897377,1.9525783849814264,1.9630305052439934,1.665579884043875,1.954460568762759,1.9494883162619578,1.8852012481789133,1,1,4,4,7,19,10,10,13,13,16,16,19,19,19,2,2,1,2,2,2,4
1091.0,1.091e-12,27.630669685715503,1.9522240997299936,1.9623209852857642,1.666901992348099,1.9548999913815792,1.9489991602085566,1.8853741576476701,1,1,4,4,7,19,10,10,13,13,16,16,19,19,19,2,2,1,2,2,2,4
1091.5,1.0915000000000001e-12,27.646864761931866,1.9518872891816237,1.9616559342553568,1.668112307728599,1.9553011572257326,1.9484543109747616,1.8856319129697954,1,1,4,4,7,19,10,10,13,13,16,16,19,19,19,2,2,1,2,2,2,4
1092.0,1.092e-12,27.663079683345284,1.9515620519365522,1.9610348808995273,1.6691902620427024,1.9556436065339535,1.9478674058979855,1.8859737120021165,1,1,4,4,7,19,10,10,13,13,16,16,19,19,19,2,2,1,2,2,2,4
1092.5,1.0925e-12,27.67927528154197,1.9512443868620442,1.960456573927127,1.670117603818105,1.9559071405904156,1.9472560737313578,1.8863983468255798,1,1,4,4,7,19,10,10,13,13,16,16,19,19,19,2,2,1,2,2,2,4
1093.0,1.093e-12,27.695409485764316,1.9509328061807563,1.959919831067639,1.670879943517799,1.9560740975869244,1.9466397840248542,1.8869042971299266,1,1,4,4,7,19,10,10,13,13,16,16,19,19,19,2,2,1,2,2,2,4
1093.5,1.0935000000000001e-12,27.711439626964196,1.9506285546298419,1.9594243360080998,1.6714679073398868,1.956131565657446,1.946037618938807,1.887489818903029,1,1,4,4,7,19,10,10,13,13,16,16,19,19,19,2,2,1,2,2,2,4
1094.0,1.0940000000000002e-12,27.727324240469404,1.9503354003539142,1.958971180890464,1.6718777793524093,1.9560731914832414,1.945466246943304,1.888152998893405,1,1,4,4,7,19,10,10,13,13,16,16,19,19,19,2,2,1,2,2,2,4
1094.5,1.0945e-12,27.743024757815537,1.950059068322008,1.9585631362859783,1.6721114050896,1.955900266575583,1.9449382832218935,1.888891760739132,1,1,4,4,7,19,10,10,13,13,16,16,19,19,19,2,2,1,2,2,2,4
1095.0,1.095e-12,27.758507526894054,1.949806395169315,1.9582045801745638,1.6721754426007045,1.9556218929526439,1.9444611057322672,1.8897038113134852,1,1,4,4,7,19,10,10,13,13,16,16,19,19,19,2,2,1,2,2,2,4
1095.5,1.0955000000000001e-12,27.773746430411904,1.9495843267166235,1.957901148711971,1.672080074856672,1.955254178200569,1.944036174152364,1.890586539551981,1,1,4,4,7,19,10,10,13,13,16,16,19,19,19,2,2,1,2,2,2,4
1096.0,1.0960000000000002e-12,27.788726089185836,1.9493989039685007,1.957659190751523,1.6718374349000495,1.9548185994193243,1.943658851575694,1.8915368982933494,1,1,4,4,7,19,10,10,13,13,16,16,19,19,19,2,2,1,2,2,2,4
1096.5,1.0965e-12,27.803445197998577,1.9492543179197894,1.9574852002253331,1.6714599166781896,1.9543398681642412,1.9433187611254368,1.8925512828393076,1,1,4,4,7,19,10,10,13,13,16,16,19,19,19,2,2,1,2,2,2,4
1097.0,1.097e-12,27.817919288266175,1.9491521476890887,1.9573852169714072,1.6709586875805964,1.9538435563947558,1.9430006346879813,1.893625468706782,1,1,4,4,7,19,10,10,13,13,16,16,19,19,19,2,2,1,2,2,2,4
1097.5,1.0975000000000001e-12,27.83218185197072,1.9490908333122738,1.9573642871200048,1.670342508134815,1.953353816971717,1.9426856852072034,1.8947546140566494,1,1,4,4,7,19,10,10,13,13,16,16,19,19,19,2,2,1,2,2,2,4
1098.0,1.0980000000000002e-12,27.846282849337815,1.9490654319042826,1.957425978742535,1.6696169779465515,1.952891408354533,1.9423534480271847,1.8959333393146933,1,1,4,4,7,19,10,10,13,13,16,16,19,19,19,2,2,1,2,2,2,4
1098.5,1.0985e-12,27.860284112800812,1.94906768810623,1.957571954404446,1.6687842568437332,1.9524721562245366,1.9419839708519906,1.8971558709146705,1,1,4,4,7,19,10,10,13,13,16,16,19,19,19,2,2,1,2,2,2,4
1099.0,1.099e-12,27.87425206000314,1.9490864229348381,1.9578016278053878,1.6678432648295474,1.9521059262498508,1.9415601292081759,1.8984162283235693,1,1,4,4,7,19,10,10,13,13,16,16,19,19,19,2,2,1,2,2,2,4
1099.5,1.0995000000000001e-12,27.888249144107494,1.9491082712261176,1.9581119040151347,1.6667904038226713,1.9517960983871157,1.9410697149819358,1.8997084155488115,1,1,4,4,7,19,10,10,13,13,16,16,19,19,19,2,2,1,2,2,2,4
1100.0,1.1000000000000002e-12,27.902326022960356,1.9491186556355224,1.9584971329150551,1.665620643599059,1.9515396415974933,1.940506982514141,1.9010266226727108,1,1,4,4,7,19,10,10,13,13,16,16,19,19,19,2,2,1,2,2,2,4
1100.5,1.1005e-12,27.916516393124855,1.9491029722864242,1.9589492493368716,1.6643289855201098,1.951327738672158,1.9398733057393496,1.9023654019554093,1,1,4,4,7,19,10,10,13,13,16,16,19,19,19,2,2,1,2,2,2,4
1101.0,1.101e-12,27.930835358692768,1.9490478229350099,1.9594581846148338,1.6629120438616416,1.9511470189366735,1.9391768604761885,1.903719825281423,1,1,4,4,7,19,10,10,13,13,16,16,19,19,19,2,2,1,2,2,2,4
1101.5,1.1015000000000001e-12,27.94528108881459,1.9489421725846214,1.960012505958587,1.6613696121532013,1.9509813429089173,1.9384313758715763,1.9050856269137075,1,1,4,4,7,19,10,10,13,13,16,16,19,19,19,2,2,1,2,2,2,4
1102.0,1.1020000000000002e-12,27.95983847644056,1.9487782554851538,1.9606002193971066,1.6597059381020256,1.950814036232928,1.9376542448215437,1.9064593194074624,1,1,4,4,7,19,10,10,13,13,16,16,19,19,19,2,2,1,2,2,2,4
1102.5,1.1025e-12,27.974483350277342,1.9485521147900389,1.9612096143303168,1.65793049915782,1.9506303300906072,1.9368643471319655,1.9078382702397279,1,1,4,4,7,19,10,10,13,13,16,16,19,19,19,2,2,1,2,2,2,4
1103.0,1.103e-12,27.989186207697763,1.9482637146727082,1.9618300089270972,1.6560581326183446,1.9504196680415475,1.9360799110030804,1.90922073058346,1,1,4,4,7,19,10,10,13,13,16,16,19,19,19,2,2,1,2,2,2,4
1103.5,1.1035e-12,28.00391510142157,1.9479166347173884,1.9624522805638638,1.6541084790647733,1.9501774829346676,1.9353166560592354,1.910605804302694,1,1,4,4,7,19,10,10,13,13,16,16,19,19,19,2,2,1,2,2,2,4
1104.0,1.1040000000000001e-12,28.018637834879183,1.947517414130691,1.963069122913566,1.6521048049064646,1.9499061039971468,1.9345863445610232,1.911993364066899,1,1,4,4,7,19,10,10,13,13,16,16,19,19,19,2,2,1,2,2,2,4
1104.5,1.1045e-12,28.0333239427683,1.9470746579315474,1.9636750148654523,1.6500724631983683,1.949614596735966,1.9338958046352825,1.913383884112414,1,1,4,4,7,19,10,10,13,13,16,16,19,19,19,2,2,1,2,2,2,4
1105.0,1.105e-12,28.047946759558187,1.9465980144043433,1.9642659937742868,1.6480370985962405,1.949317574215722,1.9332464191696255,1.9147782540398874,1,1,4,4,7,19,10,10,13,13,16,16,19,19,19,2,2,1,2,2,2,4
1105.5,1.1055e-12,28.062485895450724,1.9460971183446685,1.9648392894109585,1.6460229789714687,1.9490332468526497,1.9326341018010926,1.9161775732960846,1,1,4,4,7,19,10,10,13,13,16,16,19,19,19,2,2,1,2,2,2,4
1106.0,1.1060000000000001e-12,28.076930013493605,1.94558068012276,1.9653929371532337,1.6440515274591916,1.9487809898119814,1.9320497787691164,1.9175829510097262,1,1,4,4,7,19,10,10,13,13,16,16,19,19,19,2,2,1,2,2,2,4
1106.5,1.1065000000000002e-12,28.091279616491622,1.9450556972313446,1.9659253677136155,1.64214031156648,1.9485789050715283,1.9314803589642064,1.9189953534252608,1,1,4,4,7,19,10,10,13,13,16,16,19,19,19,2,2,1,2,2,2,4
1107.0,1.107e-12,28.105549192946288,1.9445269013914088,1.9664350198665257,1.6403024940701667,1.9484416359010854,1.930910200497178,1.9204155111737296,1,1,4,4,7,19,10,10,13,13,16,16,19,19,19,2,2,1,2,2,2,4
1107.5,1.1075e-12,28.11976793463975,1.9439964707611692,1.966919967348988,1.6385467856646425,1.9483786474477687,1.9303230005126206,1.9218438944801641,1,1,4,4,7,19,10,10,13,13,16,16,19,19,19,2,2,1,2,2,2,4
1108.0,1.1080000000000001e-12,28.133978317529795,1.9434640315571325,1.9673775684643267,1.636877890358616,1.9483930680690327,1.9297039527308253,1.9232807441757758,1,1,4,4,7,19,10,10,13,13,16,16,19,19,19,2,2,1,2,2,2,4
1108.5,1.1085000000000002e-12,28.14823223738034,1.942926968002459,1.9678041679313394,1.6352973794678727,1.9484811150137573,1.92904190674826,1.9247261508928812,1,1,4,4,7,19,10,10,13,13,16,16,19,19,19,2,2,1,2,2,2,4
1109.0,1.109e-12,28.162585105108963,1.9423809817464557,1.96819485194129,1.6338050229244612,1.9486321368480832,1.92833120141922,1.9261801149367983,1,1,4,4,7,19,10,10,13,13,16,16,19,19,19,2,2,1,2,2,2,4
1109.5,1.1095e-12,28.17708888997657,1.941820949375751,1.968543406969279,1.6324002531809418,1.948829202644153,1.927572809454543,1.9276426415665262,1,1,4,4,7,19,10,10,13,13,16,16,19,19,19,2,2,1,2,2,2,4
1110.0,1.1100000000000001e-12,28.19178567672359,1.9412418855347893,1.9688424294201698,1.6310837593413197,1.9490503046415388,1.9267745710309665,1.9291138035766626,1,1,4,4,7,19,10,10,13,13,16,16,19,19,19,2,2,1,2,2,2,4
1110.5,1.1105000000000002e-12,28.206703102035394,1.940639965643647,1.9690836919922357,1.629858804230459,1.949270120720817,1.9259504567549333,1.9305938057506358,1,1,4,4,7,19,10,10,13,13,16,16,19,19,19,2,2,1,2,2,2,4
1111.0,1.111e-12,28.22185249074552,1.9400134267055729,1.969258690716035,1.6287321693332066,1.9494622568167288,1.9251190191837144,1.932083035026447,1,1,4,4,7,19,10,10,13,13,16,16,19,19,19,2,2,1,2,2,2,4
1111.5,1.1115e-12,28.23722956952123,1.9393632237485325,1.9693593279442168,1.6277144634091043,1.9496017935318972,1.9243013334539127,1.9335821036205196,1,1,4,4,7,19,10,10,13,13,16,16,19,19,19,2,2,1,2,2,2,4
1112.0,1.1120000000000001e-12,28.252816939818633,1.9386933350488025,1.9693786141544896,1.6268197463212135,1.9496678397082767,1.9235187760747126,1.9350918689420544,1,1,4,4,7,19,10,10,13,13,16,16,19,19,19,2,2,1,2,2,2,4
1112.5,1.1125000000000002e-12,28.26858724360883,1.9380106768075687,1.969311268900437,1.6260645221065515,1.9496457140896881,1.922790944261207,1.9366134041257996,1,1,4,4,7,19,10,10,13,13,16,16,19,19,19,2,2,1,2,2,2,4
1113.0,1.113e-12,28.28450618453878,1.9373246446638526,1.969154139318553,1.6254662469266863,1.9495283854740566,1.922133915758454,1.938147902882632,1,1,4,4,7,19,10,10,13,13,16,16,19,19,19,2,2,1,2,2,2,4
1113.5,1.1135e-12,28.30053509116495,1.936646340802143,1.968906311608991,1.62504169871172,1.9493168942284351,1.9215589476013666,1.9396964964877474,1,1,4,4,7,19,10,10,13,13,16,16,19,19,19,2,2,1,2,2,2,4
1114.0,1.114e-12,28.316632963408075,1.9359876149853301,1.9685690763191053,1.6248052181178607,1.9490197191432832,1.9210716523553353,1.9412600254053678,1,1,4,4,7,19,10,10,13,13,16,16,19,19,19,2,2,1,2,2,2,4
1114.5,1.1145000000000001e-12,28.332758348673895,1.9353600096783559,1.9681456666075887,1.6247672502400796,1.9486512101480302,1.9206716516746924,1.9428387676674093,1,1,4,4,7,19,10,10,13,13,16,16,19,19,19,2,2,1,2,2,2,4
1115.0,1.115e-12,28.348871309067114,1.9347737038530113,1.9676409154866155,1.6249332325878056,1.9482294762995505,1.9203527302886338,1.9444321769131845,1,1,4,4,7,19,10,10,13,13,16,16,19,19,19,2,2,1,2,2,2,4
1115.5,1.1155e-12,28.36493575740892,1.9342366127528952,1.9670608053302234,1.6253030149617456,1.9477739774103597,1.9201034777084056,1.9460386931196882,1,1,4,4,7,19,10,10,13,13,16,16,19,19,19,2,2,1,2,2,2,4
1116.0,1.116e-12,28.380922182025675,1.9337536665642767,1.96641205855711,1.6258707449134513,1.9473032837563513,1.9199084538040494,1.9476556250026373,1,1,4,4,7,19,10,10,13,13,16,16,19,19,19,2,2,1,2,2,2,4
1116.5,1.1165000000000001e-12,28.39681068569106,1.933326349473649,1.9657017070513463,1.6266252857539751,1.9468331776556593,1.9197498317209378,1.9492791390116568,1,1,4,4,7,19,10,10,13,13,16,16,19,19,19,2,2,1,2,2,2,4
1117.0,1.117e-12,28.412593920561605,1.932952537445345,1.9649366604069718,1.627551116783663,1.9463752260209188,1.919609426985669,1.9509043512642124,1,1,4,4,7,19,10,10,13,13,16,16,19,19,19,2,2,1,2,2,2,4
1117.5,1.1175e-12,28.42827922049225,1.9326266515727142,1.9641232831037727,1.6286296465537637,1.9459358709705912,1.919470913803984,1.9525255092467388,1,1,4,4,7,19,10,10,13,13,16,16,19,19,19,2,2,1,2,2,2,4
1118.0,1.118e-12,28.443889094058523,1.9323401205839017,1.9632670055580468,1.629840836886537,1.9455160392581394,1.9193219337111986,1.9541362454672584,1,1,4,4,7,19,10,10,13,13,16,16,19,19,19,2,2,1,2,2,2,4
1118.5,1.1185000000000001e-12,28.459459375768503,1.93208216503765,1.962372039622841,1.6311649150834315,1.9451112369412278,1.9191557672033313,1.9557298526297073,1,1,4,4,7,19,10,10,13,13,16,16,19,19,19,2,2,1,2,2,2,4
1119.0,1.1190000000000002e-12,28.475034897718473,1.93184078743278,1.9614412369584677,1.6325840293503355,1.944712195952439,1.9189722021113362,1.9572996018178126,1,1,4,4,7,19,10,10,13,13,16,16,19,19,19,2,2,1,2,2,2,4
1119.5,1.1195e-12,28.49066322015203,1.9316039012895798,1.9604761596165323,1.6340835226961865,1.9443060374897598,1.9187774748021444,1.9588389993662063,1,1,4,4,7,19,10,10,13,13,16,16,19,19,19,2,2,1,2,2,2,4
1120.0,1.12e-12,28.506387666858327,1.9313604589525792,1.9594773944725399,1.6356526067360613,1.9438779432653848,1.9185832841672819,1.960342015803437,1,1,4,4,7,19,10,10,13,13,16,16,19,19,19,2,2,1,2,2,2,4
1120.5,1.1205000000000001e-12,28.522241262216884,1.931101432983904,1.9584450287330817,1.6372844416991839,1.9434132300917437,1.9184051028016358,1.9618032730563932,1,1,4,4,7,19,10,10,13,13,16,16,19,19,19,2,2,1,2,2,2,4
1121.0,1.1210000000000002e-12,28.538242741457037,1.9308205137206589,1.9573792875014888,1.6389754617868024,1.942899647057647,1.9182601172714886,1.9632181473641115,1,1,4,4,7,19,10,10,13,13,16,16,19,19,19,2,2,1,2,2,2,4
1121.5,1.1215e-12,28.554395227460585,1.9305144398911884,1.956281164713615,1.6407241999981004,1.9423295657672326,1.9181651294670958,1.9645828099980494,1,1,4,4,7,19,10,10,13,13,16,16,19,19,19,2,2,1,2,2,2,4
1122.0,1.122e-12,28.570687272002303,1.9301829410111089,1.9551529353205899,1.6425298145629246,1.9417016940813738,1.9181346825844439,1.9658941932450047,1,1,4,4,7,19,10,10,13,13,16,16,19,19,19,2,2,1,2,2,2,4
1122.5,1.1225000000000001e-12,28.587095428435408,1.9298283288732594,1.9539984536721005,1.6443905795435538,1.9410219672036122,1.9181795678132023,1.9671498796799365,1,1,4,4,7,19,10,10,13,13,16,16,19,19,19,2,2,1,2,2,2,4
1123.0,1.1230000000000002e-12,28.603587390201042,1.9294548357991956,1.9528232411154312,1.6463024689913932,1.9403034510702462,1.9183057747443724,1.9683479181220114,1,1,4,4,7,19,10,10,13,13,16,16,19,19,19,2,2,1,2,2,2,4
1123.5,1.1235e-12,28.620125089635746,1.9290677838165948,1.951634315272936,1.6482581481081693,1.9395652202424214,1.9185139101576452,1.9694866028776519,1,1,4,4,7,19,10,10,13,13,16,16,19,19,19,2,2,1,2,2,2,4
1124.0,1.124e-12,28.636667445003706,1.928672731714439,1.950439881082601,1.650246342013546,1.9388304207636058,1.91879906943191,1.970564258360396,1,1,4,4,7,19,10,10,13,13,16,16,19,19,19,2,2,1,2,2,2,4
1124.5,1.1245000000000001e-12,28.653172808306735,1.9282746280295002,1.94924893276132,1.6522517027121237,1.938123931030988,1.9191511936372474,1.9715790502356494,1,1,4,4,7,19,10,10,13,13,16,16,19,19,19,2,2,1,2,2,2,4
1125.0,1.1250000000000002e-12,28.669601354806087,1.9278771147851943,1.9480708335798518,1.654255129412924,1.9374699015802745,1.9195558864360867,1.9725288839626463,1,1,4,4,7,19,10,10,13,13,16,16,19,19,19,2,2,1,2,2,2,4
1125.5,1.1255e-12,28.685917677675448,1.9274820053215442,1.9469148947384904,1.6562345476200775,1.9368895158403314,1.919995707033277,1.9734114026749385,1,1,4,4,7,19,10,10,13,13,16,16,19,19,19,2,2,1,2,2,2,4
1126.0,1.126e-12,28.702093743162195,1.9270889886012321,1.9457899645158407,1.6581660784807983,1.936399166906314,1.9204518929281769,1.9742240846016856,1,1,4,4,7,19,10,10,13,13,16,16,19,19,19,2,2,1,2,2,2,4
1126.5,1.1265e-12,28.718112108483655,1.9266955920504587,1.9447040327925096,1.660025500880216,1.9360091447028454,1.9209063961616855,1.9749644263826927,1,1,4,4,7,19,10,10,13,13,16,16,19,19,19,2,2,1,2,2,2,4
1127.0,1.1270000000000001e-12,28.733968971496697,1.9262974140260058,1.9436638618040532,1.6617898679127536,1.9357228649398994,1.9213440234916148,1.9756301795323605,1,1,4,4,7,19,10,10,13,13,16,16,19,19,19,2,2,1,2,2,2,4
1127.5,1.1275e-12,28.749676298570225,1.9258886183672979,1.9426746694053239,1.6634391019392232,1.9355366379613828,1.9217543717994356,1.9762196189459527,1,1,4,4,7,19,10,10,13,13,16,16,19,19,19,2,2,1,2,2,2,4
1128.0,1.128e-12,28.765262138109193,1.9254626879393093,1.9417399428811617,1.66495730187278,1.9354399797474702,1.922133276997647,1.9767317600798584,1,1,4,4,7,19,10,10,13,13,16,16,19,19,19,2,2,1,2,2,2,4
1128.5,1.1285e-12,28.78076847725808,1.9250133076903966,1.940861397062369,1.666333632122824,1.9354165154324547,1.9224834081036875,1.9771665793859696,1,1,4,4,7,19,10,10,13,13,16,16,19,19,19,2,2,1,2,2,2,4
1129.0,1.1290000000000001e-12,28.796246501037498,1.9245353359588817,1.9400391687356207,1.6675625248510006,1.9354454544690631,1.9228139414646472,1.9775251511980416,1,1,4,4,7,19,10,10,13,13,16,16,19,19,19,2,2,1,2,2,2,4
1129.5,1.1295000000000002e-12,28.811750019738025,1.9240257370168674,1.9392722156205526,1.6686432994150109,1.9355035911986884,1.9231393734553979,1.9778097002319706,1,1,4,4,7,19,10,10,13,13,16,16,19,19,19,2,2,1,2,2,2,4
1130.0,1.13e-12,28.82732832402039,1.9234843165011535,1.9385589283418085,1.6695791136765512,1.9355677254567127,1.9234777026042715,1.978023586979705,1,1,4,4,7,19,10,10,13,13,16,16,19,19,19,2,2,1,2,2,2,4
1130.5,1.1305e-12,28.84302006456493,1.9229141671504197,1.9378978178060042,1.6703755476957,1.935617204072412,1.9238483124880772,1.9781712254672321,1,1,4,4,7,19,10,10,13,13,16,16,19,19,19,2,2,1,2,2,2,4
1131.0,1.1310000000000001e-12,28.858849343725144,1.922321760033104,1.9372881569031861,1.6710390378268176,1.9356362185495701,1.9242698695165097,1.9782579381970147,1,1,4,4,7,19,10,10,13,13,16,16,19,19,19,2,2,1,2,2,2,4
1131.5,1.1315000000000002e-12,28.87482446953084,1.9217166659223983,1.9367304487202848,1.671575393191371,1.935615461765967,1.9247584736339565,1.978289745686514,1,1,4,4,7,19,10,10,13,13,16,16,19,19,19,2,2,1,2,2,2,4
1132.0,1.132e-12,28.890939041102126,1.921110960536537,1.9362266344001637,1.6719885835608452,1.9355528194989822,1.9253261940517439,1.9782730882743453,1,1,4,4,7,19,10,10,13,13,16,16,19,19,19,2,2,1,2,2,2,4
1132.5,1.1325e-12,28.907174474947436,1.920518374982251,1.9357800740173183,1.6722798466539277,1.9354530107787733,1.925980055080849,1.9782145013721688,1,1,4,4,7,19,10,10,13,13,16,16,19,19,19,2,2,1,2,2,2,4
1133.0,1.1330000000000001e-12,28.9235031269252,1.9199533155408148,1.9353952582023988,1.67244729844761,1.9353262191723666,1.9267214730322604,1.9781202433329952,1,1,4,4,7,19,10,10,13,13,16,16,19,19,19,2,2,1,2,2,2,4
1133.5,1.1335000000000002e-12,28.93989126379877,1.919429836045739,1.9350774239163946,1.6724859596864743,1.9351861045954948,1.9275461833570657,1.9779959342286508,1,1,4,4,7,19,10,10,13,13,16,16,19,19,19,2,2,1,2,2,2,4
1134.0,1.134e-12,28.95630162237137,1.9189606766376492,1.9348320817354312,1.6723882525016665,1.9350474717621982,1.9284446203447967,1.9778462669510555,1,1,4,4,7,19,10,10,13,13,16,16,19,19,19,2,2,1,2,2,2,4
1134.5,1.1345e-12,28.97269553767231,1.9185564171670224,1.934664551668307,1.6721449082542548,1.934924053384943,1.9294028056212984,1.977674807926911,1,1,4,4,7,19,10,10,13,13,16,16,19,19,19,2,2,1,2,2,2,4
1135.0,1.1350000000000001e-12,28.98903487077197,1.918224830606626,1.9345795094502583,1.6717462281072388,1.9348266104801928,1.9304037193801225,1.9774839304373735,1,1,4,4,7,19,10,10,13,13,16,16,19,19,19,2,2,1,2,2,2,4
1135.5,1.1355000000000002e-12,29.00528400780373,1.917970482101036,1.9345805511732452,1.6711835769538048,1.9347615039056596,1.9314291026232229,1.9772748837018568,1,1,4,4,7,19,10,10,13,13,16,16,19,19,19,2,2,1,2,2,2,4
1136.0,1.136e-12,29.02141214637862,1.9177946108892776,1.9346697879581722,1.6704509245927506,1.9347297840504385,1.9324615449164142,1.9770479765359994,1,1,4,4,7,19,10,10,13,13,16,16,19,19,19,2,2,1,2,2,2,4
1136.5,1.1365e-12,29.03739593583634,1.9176953155281207,1.9348474877902857,1.6695462236531355,1.934726790320573,1.9334866125712862,1.9768028430968334,1,1,4,4,7,19,10,10,13,13,16,16,19,19,19,2,2,1,2,2,2,4
1137.0,1.1370000000000001e-12,29.053222273884153,1.9176680348535984,1.935111818593492,1.6684723966935573,1.9347422499426699,1.9344946789259714,1.976538748083081,1,1,4,4,7,19,10,10,13,13,16,16,19,19,19,2,2,1,2,2,2,4
1137.5,1.1375000000000002e-12,29.06889076084054,1.9177062966949079,1.935458746327959,1.6672377482870127,1.934760878758009,1.9354821803675277,1.9762548622737408,1,1,4,4,7,19,10,10,13,13,16,16,19,19,19,2,2,1,2,2,2,4
1138.0,1.138e-12,29.084415088722672,1.9178026471876022,1.9358821526332368,1.6658557252210116,1.9347634937007279,1.9364519487429028,1.975950534144189,1,1,4,4,7,19,10,10,13,13,16,16,19,19,19,2,2,1,2,2,2,4
1138.5,1.1385e-12,29.09982261047126,1.917949706687855,1.9363742068445577,1.6643440249594252,1.9347286107075539,1.9374126547571482,1.975625463109268,1,1,4,4,7,19,10,10,13,13,16,16,19,19,19,2,2,1,2,2,2,4
1139.0,1.139e-12,29.115151642275777,1.918141155111239,1.9369259656186122,1.6627232444408284,1.9346345092063753,1.9383774102049058,1.9752798090072277,1,1,4,4,7,19,10,10,13,13,16,16,19,19,19,2,2,1,2,2,2,4
1139.5,1.1395000000000001e-12,29.13044666641762,1.9183725352634766,1.9375281278543695,1.6610152693468874,1.9344615683923,1.9393618262652061,1.9749142217607947,1,1,4,4,7,19,10,10,13,13,16,16,19,19,19,2,2,1,2,2,2,4
1140.0,1.14e-12,29.14575230176575,1.91864174116554,1.9381718080664598,1.6592416623236517,1.934194601948642,1.9403818601677187,1.9745297917865354,1,1,4,4,7,19,10,10,13,13,16,16,19,19,19,2,2,1,2,2,2,4
1140.5,1.1405e-12,29.1611073394138,1.9189491191597075,1.9388491807201647,1.657422251413532,1.9338248286461277,1.9414517552814086,1.974127924744005,1,1,4,4,7,19,10,10,13,13,16,16,19,19,19,2,2,1,2,2,2,4
1141.0,1.141e-12,29.176540116185105,1.9192971812128496,1.939553880987562,1.6555740597417852,1.933351120586475,1.942582295360796,1.9737101393160132,1,1,4,4,7,19,10,10,13,13,16,16,19,19,19,2,2,1,2,2,2,4
1141.5,1.1415000000000001e-12,29.192066021525324,1.919689991526051,1.9402811069833188,1.6537106493559495,1.9327802811493053,1.943779495161226,1.9732778001072888,1,1,4,4,7,19,10,10,13,13,16,16,19,19,19,2,2,1,2,2,2,4
1142.0,1.1420000000000002e-12,29.20768724252264,1.9201323301940882,1.9410274418426647,1.6518419166832374,1.932126304879855,1.9450437710649462,1.9728318090414925,1,1,4,4,7,19,10,10,13,13,16,16,19,19,19,2,2,1,2,2,2,4
1142.5,1.1425e-12,29.223394233990483,1.9206287615931565,1.9417904852055432,1.649974332551274,1.9314087806467475,1.9463696098143397,1.972372299070873,1,1,4,4,7,19,10,10,13,13,16,16,19,19,19,2,2,1,2,2,2,4
1143.0,1.143e-12,29.239168132891017,1.9211827185786876,1.9425683837931695,1.6481116197644716,1.930650744531112,1.9477457249671746,1.9718983847049218,1,1,4,4,7,19,10,10,13,13,16,16,19,19,19,2,2,1,2,2,2,4
1143.5,1.1435000000000001e-12,29.254983384665614,1.9217957001835697,1.9433593464568129,1.6462558184994345,1.9298763370785394,1.949155708216806,1.971408017177759,1,1,4,4,7,19,10,10,13,13,16,16,19,19,19,2,2,1,2,2,2,4
1144.0,1.1440000000000002e-12,29.27081013118716,1.922466655313551,1.9441611909150145,1.6444086412986807,1.929108567149429,1.9505791758400461,1.9708979827362285,1,1,4,4,7,19,10,10,13,13,16,16,19,19,19,2,2,1,2,2,2,4
1144.5,1.1445e-12,29.286616245202826,1.9231916076928686,1.94497094870441,1.6425729481261149,1.9283673971143698,1.9519933884891179,1.9703640561753477,1,1,4,4,7,19,10,10,13,13,16,16,19,19,19,2,2,1,2,2,2,4
1145.0,1.145e-12,29.30236917400971,1.9239635569956746,1.9457845266151816,1.640754131651932,1.9276682572037873,1.9533752628284158,1.9698012921685106,1,1,4,4,7,19,10,10,13,13,16,16,19,19,19,2,2,1,2,2,2,4
1145.5,1.1455000000000001e-12,29.318037903528406,1.9247726777209802,1.946596436826879,1.6389611731347777,1.9270210377670267,1.9547035948242852,1.9692044191700837,1,1,4,4,7,19,10,10,13,13,16,16,19,19,19,2,2,1,2,2,2,4
1146.0,1.1460000000000002e-12,29.333595367902554,1.9256068167830935,1.9473996169250496,1.6372071700270012,1.9264295698613167,1.9559612202721082,1.9685682811508665,1,1,4,4,7,19,10,10,13,13,16,16,19,19,19,2,2,1,2,2,2,4
1146.5,1.1465e-12,29.349021475744546,1.9264522621237532,1.9481853874150108,1.635509213474663,1.9258916058906397,1.9571367699090976,1.9678882753648803,1,1,4,4,7,19,10,10,13,13,16,16,19,19,19,2,2,1,2,2,2,4
1147.0,1.147e-12,29.36430663456878,1.9272947647754486,1.9489435843263898,1.6338876371980382,1.92539929404381,1.9582257035050608,1.967160726238379,1,1,4,4,7,19,10,10,13,13,16,16,19,19,19,2,2,1,2,2,2,4
1147.5,1.1475000000000001e-12,29.379455155385383,1.9281206513798284,1.9496629295651147,1.6323647288554999,1.9249402221348237,1.9592304161239913,1.9663831842631883,1,1,4,4,7,19,10,10,13,13,16,16,19,19,19,2,2,1,2,2,2,4
1148.0,1.1480000000000002e-12,29.39448762652775,1.9289179800892213,1.950331616668494,1.6309631385542078,1.9244989709918738,1.9601594183708426,1.9655546068329266,1,1,4,4,7,19,10,10,13,13,16,16,19,19,19,2,2,1,2,2,2,4
1148.5,1.1485e-12,29.409441157189367,1.9296775600295983,1.9509380821659397,1.6297041911960382,1.9240591358711303,1.9610257690508777,1.9646754296970144,1,1,4,4,7,19,10,10,13,13,16,16,19,19,19,2,2,1,2,2,2,4
1149.0,1.149e-12,29.424366788124512,1.930393696444798,1.9514718535459488,1.6286063254514354,1.9236056343431691,1.9618450652031352,1.9637475330557308,1,1,4,4,7,19,10,10,13,13,16,16,19,19,19,2,2,1,2,2,2,4
1149.5,1.1495e-12,29.439324139112053,1.9310645510752493,1.9519243292581154,1.627683831487338,1.9231270020844802,1.9626333204685877,1.9627741141700539,1,1,4,4,7,19,10,10,13,13,16,16,19,19,19,2,2,1,2,2,2,4
1150.0,1.1500000000000001e-12,29.45437426721274,1.9316920692080444,1.9522893516095619,1.6269460014740849,1.9226172998718447,1.963405006010191,1.9617594840482988,1,1,4,4,7,19,10,10,13,13,16,16,19,19,19,2,2,1,2,2,2,4
1150.5,1.1505e-12,29.46957230584095,1.9322815039161458,1.9525634768550695,1.6263967531340322,1.9220772654277731,1.9641714394481657,1.9607087972650672,1,1,4,4,7,19,10,10,13,13,16,16,19,19,19,2,2,1,2,2,2,4
1151.0,1.151e-12,29.484961479247545,1.9328406221457892,1.9527459332490225,1.6260347267080826,1.9215144867203908,1.9649396080736437,1.9596277357599217,1,1,4,4,7,19,10,10,13,13,16,16,19,19,19,2,2,1,2,2,2,4
1151.5,1.1515e-12,29.50056963506139,1.9333787356146874,1.9528382646747002,1.6258539308998488,1.9209425277953456,1.9657114580034103,1.9585221574965725,1,1,4,4,7,19,10,10,13,13,16,16,19,19,19,2,2,1,2,2,2,4
1152.0,1.1520000000000001e-12,29.51640838053002,1.9339056470474685,1.952843875548792,1.6258447271256466,1.9203792831347266,1.966483646754906,1.9573977765967205,1,1,4,4,7,19,10,10,13,13,16,16,19,19,19,2,2,1,2,2,2,4
1152.5,1.1525000000000002e-12,29.532474444485043,1.9344306661675768,1.9527674495051202,1.6259952374536577,1.9198447677482595,1.9672477793459793,1.9562598503403428,1,1,4,4,7,19,10,10,13,13,16,16,19,19,19,2,2,1,2,2,2,4
1153.0,1.153e-12,29.54875222972727,1.9349617463554407,1.9526144077975571,1.626292926014001,1.919358790736717,1.9679911116940072,1.9551129828195941,1,1,4,4,7,19,10,10,13,13,16,16,19,19,19,2,2,1,2,2,2,4
1153.5,1.1535e-12,29.565216698726378,1.9355048183230967,1.9523904185158,1.6267261820353152,1.918938782812332,1.968697741905649,1.9539610340614089,1,1,4,4,7,19,10,10,13,13,16,16,19,19,19,2,2,1,2,2,2,4
1154.0,1.1540000000000001e-12,29.581836053465558,1.9360633593032006,1.9521009461768801,1.627285688727211,1.9185979799921171,1.9693502635915505,1.95280713999399,1,1,4,4,7,19,10,10,13,13,16,16,19,19,19,2,2,1,2,2,2,4
1154.5,1.1545000000000002e-12,29.598573995138484,1.9366382453835878,1.9517509464078817,1.6279652141300027,1.9183441139719979,1.9699317595968733,1.9516538771337215,1,1,4,4,7,19,10,10,13,13,16,16,19,19,19,2,2,1,2,2,2,4
1155.0,1.155e-12,29.61539179334923,1.937227880084234,1.951344555403062,1.6287618751371262,1.9181785858770979,1.9704279699893903,1.9505034589777783,1,1,4,4,7,19,10,10,13,13,16,16,19,19,19,2,2,1,2,2,2,4
1155.5,1.1555e-12,29.63225041062865,1.9378286201550117,1.9508848958962948,1.6296757185410304,1.9180961830047916,1.9708292978637751,1.949357984600961,1,1,4,4,7,19,10,10,13,13,16,16,19,19,19,2,2,1,2,2,2,4
1156.0,1.1560000000000001e-12,29.649112966661423,1.9384354777461565,1.9503740136007988,1.6307087387953372,1.9180853189015419,1.971132317885745,1.9482196814038895,1,1,4,4,7,19,10,10,13,13,16,16,19,19,19,2,2,1,2,2,2,4
1156.5,1.1565000000000002e-12,29.665947649503835,1.9390430292276033,1.9498130064521468,1.6318635193910291,1.9181288206585625,1.9713404933165992,1.9470911065535996,1,1,4,4,7,19,10,10,13,13,16,16,19,19,19,2,2,1,2,2,2,4
1157.0,1.157e-12,29.68273092701293,1.939646442679757,1.9492023740177429,1.6331417127364465,1.918205256658595,1.9714639114480028,1.9459753091044716,1,1,4,4,7,19,10,10,13,13,16,16,19,19,19,2,2,1,2,2,2,4
1157.5,1.1575e-12,29.699450603582523,1.9402424703356027,1.9485425416305076,1.6345426303576664,1.9182907791602268,1.9715181214270288,1.9448759340765365,1,1,4,4,7,19,10,10,13,13,16,16,19,19,19,2,2,1,2,2,2,4
1158.0,1.1580000000000001e-12,29.716107967519825,1.9408302631784278,1.9478345081872894,1.6360620996182538,1.9183613770093861,1.9715222917058064,1.9437972679061724,1,1,4,4,7,19,10,10,13,13,16,16,19,19,19,2,2,1,2,2,2,4
1158.5,1.1585000000000002e-12,29.732718213036044,1.941411875455302,1.9470805097367772,1.6376916955346121,1.9183953312181747,1.9714970223950439,1.942744223923634,1,1,4,4,7,19,10,10,13,13,16,16,19,19,19,2,2,1,2,2,2,4
1159.0,1.159e-12,29.74930862353442,1.9419923630284084,1.9462845571492906,1.6394184251460988,1.9183755579399728,1.971462148558906,1.9417222512030177,1,1,4,4,7,19,10,10,13,13,16,16,19,19,19,2,2,1,2,2,2,4
1159.5,1.1595e-12,29.765914558068747,1.942579456731824,1.945452723224511,1.6412249024619028,1.9182914644132854,1.9714347878723786,1.9407371566397957,1,1,4,4,7,19,10,10,13,13,16,16,19,19,19,2,2,1,2,2,2,4
1160.0,1.1600000000000001e-12,29.782573932383546,1.9431828775319253,1.9445931219668549,1.643090003161905,1.918139974197573,1.9714277948383063,1.9397948320364582,1,1,4,4,7,19,10,10,13,13,16,16,19,19,19,2,2,1,2,2,2,4
1160.5,1.1605000000000002e-12,29.799321315942656,1.9438133319358184,1.9437156079527023,1.6449899384047117,1.9179256088607841,1.9714486833437952,1.9389009032715612,1,1,4,4,7,19,10,10,13,13,16,16,19,19,19,2,2,1,2,2,2,4
1161.0,1.161e-12,29.81618288224344,1.9444814417515583,1.9428312583677918,1.6468996779910734,1.9176595287814846,1.9714990779229717,1.9380602951675794,1,1,4,4,7,19,10,10,13,13,16,16,19,19,19,2,2,1,2,2,2,4
1161.5,1.1615e-12,29.833173081808106,1.9451966401274077,1.9419517604422372,1.6487945835192905,1.9173578623082823,1.971574594379509,1.9372768454240927,1,1,4,4,7,19,10,10,13,13,16,16,19,19,19,2,2,1,2,2,2,4
1162.0,1.162e-12,29.85029332912261,1.9459661714610206,1.9410888047225092,1.6506520521402523,1.9170396048956255,1.9716652544986955,1.9365529318448427,1,1,4,4,7,19,10,10,13,13,16,16,19,19,19,2,2,1,2,2,2,4
1162.5,1.1625000000000001e-12,29.86753245888032,1.9467942859188414,1.9402535426622607,1.6524529589537462,1.9167244166151447,1.97175638588795,1.9358892169074606,1,1,4,4,7,19,10,10,13,13,16,16,19,19,19,2,2,1,2,2,2,4
1163.0,1.163e-12,29.884868350685796,1.9476816818656535,1.9394561348193151,1.6541826732186011,1.9164305864434148,1.9718300132802449,1.935284542506279,1,1,4,4,7,19,10,10,13,13,16,16,19,19,19,2,2,1,2,2,2,4
1163.5,1.1635e-12,29.902270078124833,1.9486252362306362,1.9387053826243466,1.6558314804080032,1.9161733351094847,1.9718666962822569,1.9347359857141821,1,1,4,4,7,19,10,10,13,13,16,16,19,19,19,2,2,1,2,2,2,4
1164.0,1.164e-12,29.91970013734783,1.9496180585521734,1.9380084143395948,1.6573943849152082,1.915963530950775,1.9718476875829816,1.934239062480016,1,1,4,4,7,19,10,10,13,13,16,16,19,19,19,2,2,1,2,2,2,4
1164.5,1.1645000000000001e-12,29.937116492462156,1.950649876508908,1.9373705045647303,1.6588702035398386,1.9158068921415505,1.9717571440673127,1.933788068962402,1,1,4,4,7,19,10,10,13,13,16,16,19,19,19,2,2,1,2,2,2,4
1165.0,1.1650000000000002e-12,29.954474554888495,1.9517077518751915,1.9367949346599,1.6602603346738225,1.9157036426067613,1.971584106604352,1.9333764895309358,1,1,4,4,7,19,10,10,13,13,16,16,19,19,19,2,2,1,2,2,2,4
1165.5,1.1655e-12,29.971729179451437,1.9527770998219978,1.9362830203688681,1.6615672809355837,1.9156486759859799,1.9713238715011832,1.9329974463377166,1,1,4,4,7,19,10,10,13,13,16,16,19,19,19,2,2,1,2,2,2,4
1166.0,1.166e-12,29.988836910971163,1.9538429109281568,1.935834339567688,1.662793143577486,1.9156322421178418,1.9709784710526372,1.932644147957149,1,1,4,4,7,19,10,10,13,13,16,16,19,19,19,2,2,1,2,2,2,4
1166.5,1.1665000000000001e-12,30.005758718823184,1.9548910194241458,1.935447098049408,1.6639384046507373,1.9156411842714274,1.9705561905344298,1.9323102804077843,1,1,4,4,7,19,10,10,13,13,16,16,19,19,19,2,2,1,2,2,2,4
1167.0,1.1670000000000002e-12,30.02246314388381,1.9559092920754286,1.935118719314358,1.6650009500501675,1.915660677466438,1.9700702265266916,1.9319903548792134,1,1,4,4,7,19,10,10,13,13,16,16,19,19,19,2,2,1,2,2,2,4
1167.5,1.1675e-12,30.038929684662037,1.9568885434924967,1.9348465059268063,1.665975526428138,1.9156763674898176,1.9695367783006117,1.9316799696730271,1,1,4,4,7,19,10,10,13,13,16,16,19,19,19,2,2,1,2,2,2,4
1168.0,1.168e-12,30.055151826654097,1.9578230568685846,1.934628272266171,1.6668536511324523,1.9156766763463298,1.9689729179056812,1.9313759730947924,1,1,4,4,7,19,10,10,13,13,16,16,19,19,19,2,2,1,2,2,2,4
1168.5,1.1685000000000001e-12,30.07113888689604,1.9587106454425782,1.9344628230338752,1.667623988672143,1.9156549428678502,1.9683945505276306,1.9310765041672722,1,1,4,4,7,19,10,10,13,13,16,16,19,19,19,2,2,1,2,2,2,4
1169.0,1.1690000000000002e-12,30.08691585776371,1.9595522719892349,1.9343501857056413,1.668273175297981,1.9156110156625397,1.9678146823696587,1.9307808942619957,1,1,4,4,7,19,10,10,13,13,16,16,19,19,19,2,2,1,2,2,2,4
1169.5,1.1695e-12,30.102520829300726,1.9603513103614514,1.9342915655965547,1.668787036844317,1.9155519829919574,1.9672421168657015,1.9304894215125814,1,1,4,4,7,19,10,10,13,13,16,16,19,19,19,2,2,1,2,2,2,4
1170.0,1.17e-12,30.118000198189037,1.9611125880512186,1.9342890798018448,1.669152030084788,1.9154918481294212,1.9666806142176807,1.930202967841566,1,1,4,4,7,19,10,10,13,13,16,16,19,19,19,2,2,1,2,2,2,4
1170.5,1.1705000000000001e-12,30.133402610355876,1.9618413273975628,1.9343453248768998,1.6693568221654616,1.915450259823735,1.966128541270799,1.9299225768302042,1,1,4,4,7,19,10,10,13,13,16,16,19,19,19,2,2,1,2,2,2,4
1171.0,1.1710000000000002e-12,30.148772855002345,1.9625421468522315,1.9344629235058306,1.6693936945016563,1.9154505018264338,1.965578990438191,1.9296490179240866,1,1,4,4,7,19,10,10,13,13,16,16,19,19,19,2,2,1,2,2,2,4
1171.5,1.1715e-12,30.164146939610934,1.963218188975734,1.9346440848712196,1.6692596383733629,1.915517109497672,1.9650203634914063,1.9293824211136978,1,1,4,4,7,19,10,10,13,13,16,16,19,19,19,2,2,1,2,2,2,4
1172.0,1.172e-12,30.179549051994115,1.963870476831668,1.934890256199808,1.6689568905380672,1.9156734441394285,1.9644374317836815,1.9291220336302233,1,1,4,4,7,19,10,10,13,13,16,16,19,19,19,2,2,1,2,2,2,4
1172.5,1.1725000000000001e-12,30.19499055925058,1.9644975250197811,1.935201847352941,1.6684928500092877,1.9159395027400234,1.9638128475285117,1.928866139095918,1,1,4,4,7,19,10,10,13,13,16,16,19,19,19,2,2,1,2,2,2,4
1173.0,1.1730000000000002e-12,30.210470676946958,1.9650952366577503,1.935578010402216,1.667879392654049,1.9163301326468218,1.9631290463768305,1.9286121415191624,1,1,4,4,7,19,10,10,13,13,16,16,19,19,19,2,2,1,2,2,2,4
1173.5,1.1735e-12,30.225978182341215,1.9656571046697995,1.9360165049207039,1.6671316462036145,1.9168537434855715,1.962370380348781,1.9283568044794264,1,1,4,4,7,19,10,10,13,13,16,16,19,19,19,2,2,1,2,2,2,4
1174.0,1.174e-12,30.241493631838164,1.9661747166612993,1.9365135871568477,1.6662665079663035,1.917511560146124,1.961525227025077,1.9280966005278433,1,1,4,4,7,19,10,10,13,13,16,16,19,19,19,2,2,1,2,2,2,4
1174.5,1.1745e-12,30.25699170673372,1.966638547683081,1.9370639632889153,1.6653011106225186,1.9182974299616689,1.9605877411327615,1.92782811668376,1,1,4,4,7,19,10,10,13,13,16,16,19,19,19,2,2,1,2,2,2,4
1175.0,1.1750000000000001e-12,30.27244348731888,1.9670389970712419,1.9376609195942458,1.6642513456238066,1.9191982322809322,1.9595589309160901,1.9275484615895304,1,1,4,4,7,19,10,10,13,13,16,16,19,19,19,2,2,1,2,2,2,4
1175.5,1.1755000000000002e-12,30.28781876222493,1.967367514007841,1.938296568043464,1.6631307231485633,1.9201949388066004,1.9584467822684917,1.9272556720741123,1,1,4,4,7,19,10,10,13,13,16,16,19,19,19,2,2,1,2,2,2,4
1176.0,1.176e-12,30.303088455866575,1.967617781129568,1.9389622965033158,1.661949561416203,1.9212642400846665,1.9572654604559632,1.9269490265303924,1,1,4,4,7,19,10,10,13,13,16,16,19,19,19,2,2,1,2,2,2,4
1176.5,1.1765e-12,30.318227396063413,1.96778667788599,1.939649303152422,1.6607146881449502,1.9223807369628025,1.9560337324110473,1.9266292794465232,1,1,4,4,7,19,10,10,13,13,16,16,19,19,19,2,2,1,2,2,2,4
1177.0,1.1770000000000001e-12,30.333217416201478,1.9678749288848056,1.940349189582237,1.6594295957305154,1.923519482557698,1.9547729288211093,1.9262987900952242,1,1,4,4,7,19,10,10,13,13,16,16,19,19,19,2,2,1,2,2,2,4
1177.5,1.1775000000000002e-12,30.348050592151097,1.967887314362448,1.9410544763360715,1.6580950877901175,1.9246585757692827,1.953504787911025,1.9259615258786498,1,1,4,4,7,19,10,10,13,13,16,16,19,19,19,2,2,1,2,2,2,4
1178.0,1.178e-12,30.362732060666993,1.9678324128151978,1.9417589630493952,1.6567103302647108,1.9257814210285762,1.952249459780254,1.9256229184239184,1,1,4,4,7,19,10,10,13,13,16,16,19,19,19,2,2,1,2,2,2,4
1178.5,1.1785e-12,30.377281645836653,1.967721910710218,1.942457873791939,1.6552741978398762,1.926878266697654,1.951023841471082,1.925289557049801,1,1,4,4,7,19,10,10,13,13,16,16,19,19,19,2,2,1,2,2,2,4
1179.0,1.1790000000000001e-12,30.391733551124663,1.9675695898817245,1.9431477649109037,1.6537867750489914,1.927946731723692,1.9498403146430914,1.9249687196692304,1,1,4,4,7,19,10,10,13,13,16,16,19,19,19,2,2,1,2,2,2,4
1179.5,1.1795000000000002e-12,30.406133705129577,1.967390111487925,1.943826290366708,1.652250763758987,1.928991247308497,1.948705949391342,1.9246677977443014,1,1,4,4,7,19,10,10,13,13,16,16,19,19,19,2,2,1,2,2,2,4
1180.0,1.18e-12,30.420535081054496,1.9671977856365324,1.9444918114598269,1.6506726614492075,1.9300215297439192,1.9476221500507969,1.9243936472860288,1,1,4,4,7,19,10,10,13,13,16,16,19,19,19,2,2,1,2,2,2,4
1180.5,1.1805e-12,30.434991817167987,1.9670054286786447,1.9451430196311403,1.6490634210370145,1.9310504492523555,1.9465847929921651,1.9241519826995712,1,1,4,4,7,19,10,10,13,13,16,16,19,19,19,2,2,1,2,2,2,4
1181.0,1.1810000000000001e-12,30.449553374979704,1.9668234136882725,1.9457786090727478,1.6474384900133423,1.9320916733707119,1.9455848677751078,1.923946881928847,1,1,4,4,7,19,10,10,13,13,16,16,19,19,19,2,2,1,2,2,2,4
1181.5,1.1815000000000002e-12,30.464259859468434,1.9666589877856466,1.9463969755906658,1.6458172455116518,1.9331574203961346,1.9446095813624844,1.9237804869306971,1,1,4,4,7,19,10,10,13,13,16,16,19,19,19,2,2,1,2,2,2,4
1182.0,1.182e-12,30.47913910341883,1.9665158679809542,1.946996000872881,1.6442218709483196,1.9342565830103753,1.943643955369974,1.923652904807655,1,1,4,4,7,19,10,10,13,13,16,16,19,19,19,2,2,1,2,2,2,4
1182.5,1.1825e-12,30.494205615753433,1.9663941499110786,1.9475728730965967,1.6426758758968396,1.935393336019211,1.9426727828910992,1.9235623250021654,1,1,4,4,7,19,10,10,13,13,16,16,19,19,19,2,2,1,2,2,2,4
1183.0,1.1830000000000001e-12,30.5094610349709,1.9662905352729902,1.9481239735203175,1.641202418043939,1.9365662805789252,1.9416827652661526,1.9235053276692,1,1,4,4,7,19,10,10,13,13,16,16,19,19,19,2,2,1,2,2,2,4
1183.5,1.1835000000000002e-12,30.52489564775853,1.966198872544011,1.948644744306335,1.6398227884842123,1.9377680987680928,1.940664544835497,1.9234773174413602,1,1,4,4,7,19,10,10,13,13,16,16,19,19,19,2,2,1,2,2,2,4
1184.0,1.184e-12,30.540490368505225,1.9661109859025365,1.9491296924173036,1.6385550440562324,1.9389857744354768,1.9396142870960937,1.9234730482460487,1,1,4,4,7,19,10,10,13,13,16,16,19,19,19,2,2,1,2,2,2,4
1184.5,1.1845e-12,30.556218894673172,1.9660177443660343,1.9495725090437581,1.6374130040706494,1.9402013615084208,1.9385344938782028,1.9234871705580052,1,1,4,4,7,19,10,10,13,13,16,16,19,19,19,2,2,1,2,2,2,4
1185.0,1.185e-12,30.5720498728351,1.9659102525855527,1.949966309678486,1.6364057302803914,1.941393317048433,1.9374338724536946,1.92351473462546,1,1,4,4,7,19,10,10,13,13,16,16,19,19,19,2,2,1,2,2,2,4
1185.5,1.1855000000000001e-12,30.587948963215858,1.965781037846841,1.9503040832133167,1.6355374109326508,1.9425383692262843,1.9363263006691567,1.9235516071704033,1,1,4,4,7,19,10,10,13,13,16,16,19,19,19,2,2,1,2,2,2,4
1186.0,1.186e-12,30.603880962170656,1.9656250225753114,1.9505791946814386,1.6348078119247236,1.943613823533771,1.9352290929980893,1.9235947661765638,1,1,4,4,7,19,10,10,13,13,16,16,19,19,19,2,2,1,2,2,2,4
1186.5,1.1865e-12,30.619812073362567,1.9654401578599616,1.9507859115610011,1.6342131909929194,1.944600073251626,1.934160921310484,1.923642436795021,1,1,4,4,7,19,10,10,13,13,16,16,19,19,19,2,2,1,2,2,2,4
1187.0,1.187e-12,30.635712441905902,1.965227605320978,1.950919864666246,1.6337475685377802,1.945482992137232,1.933139725805584,1.923694062052475,1,1,4,4,7,19,10,10,13,13,16,16,19,19,19,2,2,1,2,2,2,4
1187.5,1.1875000000000001e-12,30.65155895259305,1.9649914532150565,1.950978336237143,1.6334042364834511,1.9462558073947196,1.9321808761498342,1.9237500996137695,1,1,4,4,7,19,10,10,13,13,16,16,19,19,19,2,2,1,2,2,2,4
1188.0,1.1880000000000002e-12,30.667338037998896,1.9647380300835482,1.9509603244779623,1.6331773106611067,1.9469200978690258,1.931295730204527,1.923811649007828,1,1,4,4,7,19,10,10,13,13,16,16,19,19,19,2,2,1,2,2,2,4
1188.5,1.1885e-12,30.683047931013203,1.9644749101883903,1.9508664210017614,1.633063051361399,1.9474857303893478,1.9304906109311237,1.9238799961915638,1,1,4,4,7,19,10,10,13,13,16,16,19,19,19,2,2,1,2,2,2,4
1189.0,1.189e-12,30.69869972569529,1.9642098107722226,1.9506984878848663,1.6330608165000429,1.9479697078207285,1.929766259059285,1.9239560497687906,1,1,4,4,7,19,10,10,13,13,16,16,19,19,19,2,2,1,2,2,2,4
1189.5,1.1895000000000001e-12,30.7143165335379,1.963949485956014,1.95045928495796,1.6331733858574158,1.948394209447641,1.9291177210697432,1.9240398227023092,1,1,4,4,7,19,10,10,13,13,16,16,19,19,19,2,2,1,2,2,2,4
1190.0,1.1900000000000002e-12,30.729930565309346,1.9636987795731426,1.9501520935942078,1.6334066203377144,1.948784126137737,1.92853469994958,1.9241300082391626,1,1,4,4,7,19,10,10,13,13,16,16,19,19,19,2,2,1,2,2,2,4
1190.5,1.1905e-12,30.745578572182136,1.963459851153746,1.949780372771791,1.6337685616734572,1.9491645392120553,1.9280023988796278,1.9242237276344492,1,1,4,4,7,19,10,10,13,13,16,16,19,19,19,2,2,1,2,2,2,4
1191.0,1.191e-12,30.76129654577097,1.9632317147447,1.9493474962144879,1.6342680808463779,1.949558399189317,1.9275028323263887,1.9243164911612156,1,1,4,4,7,19,10,10,13,13,16,16,19,19,19,2,2,1,2,2,2,4
1191.5,1.1915000000000001e-12,30.777114779885228,1.963010072291266,1.9488565529112114,1.6349133225647101,1.9499846267636907,1.927016569591251,1.9244023786499094,1,1,4,4,7,19,10,10,13,13,16,16,19,19,19,2,2,1,2,2,2,4
1192.0,1.1920000000000002e-12,30.793054140023095,1.962787457905492,1.94831019382037,1.6357101697684797,1.9504567164101088,1.9265247834681574,1.9244744234819195,1,1,4,4,7,19,10,10,13,13,16,16,19,19,19,2,2,1,2,2,2,4
1192.5,1.1925e-12,30.809123975211897,1.9625536858186101,1.9477105024513917,1.6366609446613882,1.9509818664467233,1.9260113891949824,1.9245251501627219,1,1,4,4,7,19,10,10,13,13,16,16,19,19,19,2,2,1,2,2,2,4
1193.0,1.193e-12,30.82532162631302,1.9622966223311373,1.9470589566480976,1.6377633953512643,1.9515606181469611,1.9254649733586686,1.9245472054838757,1,1,4,4,7,19,10,10,13,13,16,16,19,19,19,2,2,1,2,2,2,4
1193.5,1.1935000000000001e-12,30.84163328749004,1.9620031878466329,1.9463564184548372,1.639010205344248,1.9521870542407418,1.9248801857033884,1.9245340059913716,1,1,4,4,7,19,10,10,13,13,16,16,19,19,19,2,2,1,2,2,2,4
1194.0,1.1940000000000002e-12,30.85803572462415,1.9616605572486634,1.945603251519271,1.6403889802162275,1.9528495639408487,1.9242583239608428,1.9244803233846093,1,1,4,4,7,19,10,10,13,13,16,16,19,19,19,2,2,1,2,2,2,4
1194.5,1.1945e-12,30.874498388627764,1.961257418518602,1.9447995996979905,1.6418826988059054,1.9535322140804057,1.9236069760678922,1.9243827606574864,1,1,4,4,7,19,10,10,13,13,16,16,19,19,19,2,2,1,2,2,2,4
1195.0,1.195e-12,30.890985653699218,1.9607851443086861,1.9439457390243846,1.6434707447066903,1.9542166953990456,1.9229388284929885,1.924240035638908,1,1,4,4,7,19,10,10,13,13,16,16,19,19,19,2,2,1,2,2,2,4
1195.5,1.1955000000000001e-12,30.90745892927096,1.9602387034880318,1.9430425668979754,1.6451302490318527,1.9548847245354624,1.9222698738407622,1.9240530956989412,1,1,4,4,7,19,10,10,13,13,16,16,19,19,19,2,2,1,2,2,2,4
1196.0,1.1960000000000002e-12,30.923878759763888,1.9596171775349762,1.9420920786304596,1.6468377156034588,1.955520627696206,1.921617357571992,1.923825037336029,1,1,4,4,7,19,10,10,13,13,16,16,19,19,19,2,2,1,2,2,2,4
1196.5,1.1965e-12,30.94020711462671,1.9589238065201673,1.9410977438246446,1.6485707169621384,1.9561137174032335,1.9209977784490972,1.9235608499478902,1,1,4,4,7,19,10,10,13,13,16,16,19,19,19,2,2,1,2,2,2,4
1197.0,1.197e-12,30.956410102408498,1.9581655802249045,1.940064699338788,1.6503094344453855,1.9566600186543086,1.92042516716734,1.923267012697891,1,1,4,4,7,19,10,10,13,13,16,16,19,19,19,2,2,1,2,2,2,4
1197.5,1.1975e-12,30.972461191673577,1.9573524671475515,1.9389997100091434,1.6520378293853049,1.9571629799084214,1.9199097721257392,1.9229509712759478,1,1,4,4,7,19,10,10,13,13,16,16,19,19,19,2,2,1,2,2,2,4
1198.0,1.1980000000000001e-12,30.988344645812585,1.9564963771255592,1.9379109436553434,1.6537442242330063,1.9576330533596542,1.9194571648027732,1.9226205762239508,1,1,4,4,7,19,10,10,13,13,16,16,19,19,19,2,2,1,2,2,2,4
1198.5,1.1985e-12,31.0040585557044,1.9556100551568358,1.9368075540864857,1.6554212947653089,1.9580861716273446,1.9190678039637399,1.9222834728635978,1,1,4,4,7,19,10,10,13,13,16,16,19,19,19,2,2,1,2,2,2,4
1199.0,1.199e-12,31.01961647542561,1.954705974284391,1.93569923869905,1.6570653847477756,1.9585415437894282,1.918737038064346,1.9219465690872257,1,1,4,4,7,19,10,10,13,13,16,16,19,19,19,2,2,1,2,2,2,4
1199.5,1.1995e-12,31.035046893757794,1.9537953642732462,1.9345957366604476,1.6586754379160817,1.9590190748273697,1.9184555340342087,1.9216155929012873,1,1,4,4,7,19,10,10,13,13,16,16,19,19,19,2,2,1,2,2,2,4
1200.0,1.2000000000000001e-12,31.0503901614477,1.9528874083580918,1.93350641408556,1.6602515862891216,1.9595369107354397,1.9182101867481716,1.9212948297852552,1,1,4,4,7,19,10,10,13,13,16,16,19,19,19,2,2,1,2,2,2,4
1200.5,1.2005000000000002e-12,31.065693368687075,1.951988694598352,1.9324399198311675,1.661793684724171,1.9601093363927238,1.9179854875611624,1.9209870578060875,1,1,4,4,7,19,10,10,13,13,16,16,19,19,19,2,2,1,2,2,2,4
1201.0,1.201e-12,31.081004242212078,1.9511029504605062,1.9314039226506394,1.6632999688233083,1.9607451944425962,1.9177652939600232,1.920693692245584,1,1,4,4,7,19,10,10,13,13,16,16,19,19,19,2,2,1,2,2,2,4
1201.5,1.2015e-12,31.096365339627873,1.9502310809656198,1.9304049192029924,1.6647659941896626,1.9614468697961016,1.9175348567144277,1.9204151148947508,1,1,4,4,7,19,10,10,13,13,16,16,19,19,19,2,2,1,2,2,2,4
1202.0,1.2020000000000001e-12,31.11180957775507,1.9493715089277537,1.9294480901195386,1.666183984587321,1.9622098263189247,1.9172828555287562,1.9201511338791266,1,1,4,4,7,19,10,10,13,13,16,16,19,19,19,2,2,1,2,2,2,4
1202.5,1.2025000000000002e-12,31.12735758428315,1.948520808601766,1.9285373000878123,1.6675425348026243,1.9630226956254477,1.9170031379986616,1.919901524973407,1,1,4,4,7,19,10,10,13,13,16,16,19,19,19,2,2,1,2,2,2,4
1203.0,1.203e-12,31.143016981630467,1.947674572923382,1.927675130102218,1.6688268988227184,1.9638678967988685,1.9166958210309746,1.9196665494161909,1,1,4,4,7,19,10,10,13,13,16,16,19,19,19,2,2,1,2,2,2,4
1203.5,1.2035e-12,31.15878316488145,1.9468284373051665,1.9268630824766533,1.670019705187922,1.9647228326362032,1.916367533068938,1.9194474010478966,1,1,4,4,7,19,10,10,13,13,16,16,19,19,19,2,2,1,2,2,2,4
1204.0,1.2040000000000001e-12,31.174641024714383,1.9459791458751683,1.9261019623300941,1.6711020636450384,1.9655616541463306,1.916030730536282,1.9192465222809507,1,1,4,4,7,19,10,10,13,13,16,16,19,19,19,2,2,1,2,2,2,4
1204.5,1.2045000000000002e-12,31.190567100501898,1.9451255000898269,1.9253923471147896,1.6720550577167839,1.9663575351108489,1.9157022137590871,1.9190677511267549,1,1,4,4,7,19,10,10,13,13,16,16,19,19,19,2,2,1,2,2,2,4
1205.0,1.205e-12,31.206531710744628,1.9442690519842964,1.9247351718697865,1.6728613276737225,1.9670852772611003,1.9154011402938778,1.9189162933743928,1,1,4,4,7,19,10,10,13,13,16,16,19,19,19,2,2,1,2,2,2,4
1205.5,1.2055e-12,31.222500965231674,1.9434144105534392,1.9241322522312088,1.6735066311556706,1.9677239315633055,1.9151468639163185,1.918798517296489,1,1,4,4,7,19,10,10,13,13,16,16,19,19,19,2,2,1,2,2,2,4
1206.0,1.2060000000000001e-12,31.238438735353405,1.9425691060247514,1.9235866453901866,1.673981122400546,1.968259030559416,1.9149569015610481,1.9187215885443512,1,1,4,4,7,19,10,10,13,13,16,16,19,19,19,2,2,1,2,2,2,4
1206.5,1.2065000000000002e-12,31.254308809933672,1.9417430315710824,1.9231027615018208,1.6742801430470482,1.9686840241674743,1.9148452284691109,1.918692975881577,1,1,4,4,7,19,10,10,13,13,16,16,19,19,19,2,2,1,2,2,2,4
1207.0,1.207e-12,31.270077459504627,1.9409475723820562,1.9226862074297875,1.6744043789547698,1.9690006201410304,1.9148210319056096,1.9187198636464322,1,1,4,4,7,19,10,10,13,13,16,16,19,19,19,2,2,1,2,2,2,4
1207.5,1.2075e-12,31.285716480754445,1.9401945282786202,1.9223433755302979,1.674359387705269,1.969218011292608,1.9148879189441388,1.9188085299129733,1,1,4,4,7,19,10,10,13,13,16,16,19,19,19,2,2,1,2,2,2,4
1208.0,1.2080000000000001e-12,31.30120649624686,1.939494985123057,1.922080878554452,1.6741545862932956,1.9693511758006275,1.9150436128101613,1.918963747731573,1,1,4,4,7,19,10,10,13,13,16,16,19,19,19,2,2,1,2,2,2,4
1208.5,1.2085000000000002e-12,31.316539894441053,1.9388582743476515,1.9219049827982322,1.6738018134479977,1.9694186167738874,1.9152801318571684,1.9191882945349152,1,1,4,4,7,19,10,10,13,13,16,16,19,19,19,2,2,1,2,2,2,4
1209.0,1.209e-12,31.331722654935273,1.9382910774762614,1.9218210420135844,1.6733137952709078,1.9694399531791396,1.915584443455308,1.919482617041616,1,1,4,4,7,19,10,10,13,13,16,16,19,19,19,2,2,1,2,2,2,4
1209.5,1.2095e-12,31.346774309221317,1.937796757869276,1.9218330360001117,1.6727026578918787,1.969433691114707,1.9159396108527318,1.9198447137728234,1,1,4,4,7,19,10,10,13,13,16,16,19,19,19,2,2,1,2,2,2,4
1210.0,1.21e-12,31.36172573631528,1.9373749620533975,1.9219432233505551,1.6719786697629102,1.969415386851976,1.9163264036953676,1.9202702588739535,1,1,4,4,7,19,10,10,13,13,16,16,19,19,19,2,2,1,2,2,2,4
1210.5,1.2105000000000001e-12,31.37661509788043,1.9370215243495799,1.9221519047322628,1.671149338190621,1.9693962939028087,1.9167252721134806,1.9207529630211553,1,1,4,4,7,19,10,10,13,13,16,16,19,19,19,2,2,1,2,2,2,4
1211.0,1.2110000000000002e-12,31.39148274303222,1.9367286886375223,1.9224572892287093,1.670218934663544,1.969382512743791,1.917118495932637,1.9212851287915444,1,1,4,4,7,19,10,10,13,13,16,16,19,19,19,2,2,1,2,2,2,4
1211.5,1.2115e-12,31.40636612179307,1.936485637544818,1.9228554711279096,1.66918848197643,1.9693746402511516,1.9174922308249622,1.9218583302709291,1,1,4,4,7,19,10,10,13,13,16,16,19,19,19,2,2,1,2,2,2,4
1212.0,1.212e-12,31.421295621549508,1.9362793480203409,1.9233405204336926,1.668056220320852,1.969367857992024,1.9178380923849616,1.9224641477952074,1,1,4,4,7,19,10,10,13,13,16,16,19,19,19,2,2,1,2,2,2,4
1212.5,1.2125000000000001e-12,31.43629185090766,1.9360956463777599,1.9239047440872084,1.6668184980357725,1.969352556320292,1.9181540292030694,1.9230948546684157,1,1,4,4,7,19,10,10,13,13,16,16,19,19,19,2,2,1,2,2,2,4
1213.0,1.2130000000000002e-12,31.451364490912272,1.9359204210295486,1.9245391095334146,1.665471045339468,1.969315439326737,1.9184442632714733,1.9237439866638426,1,1,4,4,7,19,10,10,13,13,16,16,19,19,19,2,2,1,2,2,2,4
1213.5,1.2135e-12,31.466512452047755,1.9357408500764697,1.925233871632378,1.664010427648181,1.9692411475252904,1.9187183841431044,1.924406729358573,1,1,4,4,7,19,10,10,13,13,16,16,19,19,19,2,2,1,2,2,2,4
1214.0,1.214e-12,31.481724945537163,1.935546483006421,1.9259793034626866,1.6624355886468454,1.9691143232017816,1.9189897143505552,1.9250801051471378,1,1,4,4,7,19,10,10,13,13,16,16,19,19,19,2,2,1,2,2,2,4
1214.5,1.2145000000000001e-12,31.496983010430043,1.9353300191255782,1.9267664495691086,1.6607492078240702,1.9689219382756868,1.919273298465112,1.9257629404356285,1,1,4,4,7,19,10,10,13,13,16,16,19,19,19,2,2,1,2,2,2,4
1215.0,1.2150000000000002e-12,31.512261179369613,1.9350876704954798,1.9275877634571281,1.658958656336007,1.9686555637709713,1.9195838330989232,1.9264556324775655,1,1,4,4,7,19,10,10,13,13,16,16,19,19,19,2,2,1,2,2,2,4
1215.5,1.2155e-12,31.527529138358947,1.934819067329455,1.9284375111127179,1.6570763479830908,1.96831318123814,1.9199338176738017,1.9271597511727276,1,1,4,4,7,19,10,10,13,13,16,16,19,19,19,2,2,1,2,2,2,4
1216.0,1.216e-12,31.542753460276973,1.9345267291663928,1.9293118114952836,1.6551195078768306,1.9679001617921648,1.92033204830765,1.9278775198978377,1,1,4,4,7,19,10,10,13,13,16,16,19,19,19,2,2,1,2,2,2,4
1216.5,1.2165000000000001e-12,31.55789951288999,1.9342152387848712,1.9302083969291859,1.653109229770281,1.967429169250178,1.9207826032103659,1.9286112456669766,1,1,4,4,7,19,10,10,13,13,16,16,19,19,19,2,2,1,2,2,2,4
1217.0,1.2170000000000002e-12,31.572933822894264,1.9338902538691474,1.9311260957735692,1.65106911824662,1.9669189984232691,1.9212843009788045,1.929362736536475,1,1,4,4,7,19,10,10,13,13,16,16,19,19,19,2,2,1,2,2,2,4
1217.5,1.2175e-12,31.58782701298509,1.933557468387615,1.9320641964538618,1.649023666798433,1.9663926289865714,1.9218306342218856,1.93013279902086,1,1,4,4,7,19,10,10,13,13,16,16,19,19,19,2,2,1,2,2,2,4
1218.0,1.218e-12,31.60255726555709,1.9332216937979447,1.9330217734253852,1.6469966663701734,1.9658748200974294,1.9224101538198006,1.930920853086671,1,1,4,4,7,19,10,10,13,13,16,16,19,19,19,2,2,1,2,2,2,4
1218.5,1.2185000000000001e-12,31.617113862320863,1.9328861109790703,1.9339970996601603,1.6450097823136927,1.9653896558479573,1.9230073268233907,1.931724722591339,1,1,4,4,7,19,10,10,13,13,16,16,19,19,19,2,2,1,2,2,2,4
1219.0,1.2190000000000002e-12,31.631500022192945,1.9325517497743323,1.9349871993498147,1.643081434067329,1.9649583348352673,1.9236038549105916,1.9325406417716378,1,1,4,4,7,19,10,10,13,13,16,16,19,19,19,2,2,1,2,2,2,4
1219.5,1.2195e-12,31.6457341383227,1.9322172235383364,1.9359875623684044,1.6412260508096894,1.9645973807575254,1.9241804167223817,1.9333634889367932,1,1,4,4,7,19,10,10,13,13,16,16,19,19,19,2,2,1,2,2,2,4
1220.0,1.22e-12,31.659848785058816,1.9318787369951065,1.936992014535976,1.6394537568377838,1.9643173575537638,1.9247187161305126,1.934187228386298,1,1,4,4,7,19,10,10,13,13,16,16,19,19,19,2,2,1,2,2,2,4
1220.5,1.2205e-12,31.673887464660265,1.931530377459307,1.9379927313056116,1.6377705172898316,1.9641221105376743,1.9252036142203988,1.9350055115264586,1,1,4,4,7,19,10,10,13,13,16,16,19,19,19,2,2,1,2,2,2,4
1221.0,1.2210000000000001e-12,31.687899724915635,1.9311646821556132,1.9389803928050984,1.6361787408122668,1.9640085367329378,1.9256250290130041,1.9358123681495525,1,1,4,4,7,19,10,10,13,13,16,16,19,19,19,2,2,1,2,2,2,4
1221.5,1.2215e-12,31.70193571047209,1.9307734815801905,1.939944472993739,1.6346783417968125,1.9639668664097847,1.9259793098564864,1.936602852065849,1,1,4,4,7,19,10,10,13,13,16,16,19,19,19,2,2,1,2,2,2,4
1222.0,1.222e-12,31.716041159533564,1.9303489110365746,1.9408737055777985,1.6332680919602247,1.963981492240048,1.9262697639564843,1.9373736245584514,1,1,4,4,7,19,10,10,13,13,16,16,19,19,19,2,2,1,2,2,2,4
1222.5,1.2225e-12,31.730253610868658,1.9298844974493217,1.941756693164802,1.6319471694548335,1.9640323502880734,1.9265062546691667,1.9381233639288902,1,1,4,4,7,19,10,10,13,13,16,16,19,19,19,2,2,1,2,2,2,4
1223.0,1.2230000000000001e-12,31.744600080401693,1.9293762493244904,1.9425826905800732,1.630716576060771,1.9640967810179624,1.9267039712299219,1.9388529607429994,1,1,4,4,7,19,10,10,13,13,16,16,19,19,19,2,2,1,2,2,2,4
1223.5,1.2235000000000002e-12,31.759096193876804,1.9288234975461769,1.9433424211213872,1.6295803048879913,1.9641518438689636,1.9268815801710877,1.9395654908368134,1,1,4,4,7,19,10,10,13,13,16,16,19,19,19,2,2,1,2,2,2,4
1224.0,1.224e-12,31.773746442433126,1.9282293913326922,1.9440288389241593,1.6285459643335682,1.9641768200785743,1.9270590901014948,1.9402659798485633,1,1,4,4,7,19,10,10,13,13,16,16,19,19,19,2,2,1,2,2,2,4
1224.5,1.2245e-12,31.788545205415883,1.9276009443832285,1.9446376950216135,1.6276247450136503,1.964155564297382,1.9272557379635509,1.9409609918028048,1,1,4,4,7,19,10,10,13,13,16,16,19,19,19,2,2,1,2,2,2,4
1225.0,1.2250000000000001e-12,31.80347821546514,1.9269486122505646,1.9451677895953203,1.6268307058477622,1.9640782872708833,1.9274881277701092,1.9416580779076926,1,1,4,4,7,19,10,10,13,13,16,16,19,19,19,2,2,1,2,2,2,4
1225.5,1.2255000000000002e-12,31.818524300314742,1.9262854666878966,1.9456208218620172,1.626179581906929,1.9639424100923295,1.92776879505595,1.9423651328864608,1,1,4,4,7,19,10,10,13,13,16,16,19,19,19,2,2,1,2,2,2,4
1226.0,1.226e-12,31.833657222914894,1.9256260830474345,1.9460009357087542,1.6256871763928764,1.9637523322801986,1.9281052142625752,1.943089709979483,1,1,4,4,7,19,10,10,13,13,16,16,19,19,19,2,2,1,2,2,2,4
1226.5,1.2265e-12,31.848847734537124,1.92498531471686,1.9463140124303104,1.6253676939112893,1.963518170025853,1.9284993057912707,1.9438383589898722,1,1,4,4,7,19,10,10,13,13,16,16,19,19,19,2,2,1,2,2,2,4
1227.0,1.2270000000000001e-12,31.864065980711885,1.924377105470044,1.946566824635721,1.6252322818911162,1.9632537831558619,1.928947455342557,1.9446160073653878,1,1,4,4,7,19,10,10,13,13,16,16,19,19,19,2,2,1,2,2,2,4
1227.5,1.2275000000000002e-12,31.87928430684344,1.923813450800286,1.9467662880047338,1.6252877610434935,1.962974478344396,1.9294409670110988,1.9454255344349543,1,1,4,4,7,19,10,10,13,13,16,16,19,19,19,2,2,1,2,2,2,4
1228.0,1.228e-12,31.894480526991217,1.9233035752701675,1.9469187818493736,1.6255358439945435,1.9626947810736795,1.929967034583728,1.9462674736054801,1,1,4,4,7,19,10,10,13,13,16,16,19,19,19,2,2,1,2,2,2,4
1228.5,1.2285e-12,31.909641262066607,1.9228533750843348,1.9470296545670267,1.6259727852235388,1.9624265275038884,1.9305101694268785,1.947139949003777,1,1,4,4,7,19,10,10,13,13,16,16,19,19,19,2,2,1,2,2,2,4
1229.0,1.2290000000000001e-12,31.92476469958967,1.922465143107165,1.9471029033987615,1.6265895148562612,1.9621774132246164,1.9310540364111854,1.9480388532734847,1,1,4,4,7,19,10,10,13,13,16,16,19,19,19,2,2,1,2,2,2,4
1229.5,1.2295000000000002e-12,31.93986196184447,1.9221375927595623,1.9471410105363105,1.6273722719241686,1.961950036248134,1.9315835561099943,1.9489582597124928,1,1,4,4,7,19,10,10,13,13,16,16,19,19,19,2,2,1,2,2,2,4
1230.0,1.23e-12,31.954956458542128,1.9218661936935888,1.9471449365616236,1.6283037021545976,1.9617414350178164,1.9320870212718475,1.9498910304161985,1,1,4,4,7,19,10,10,13,13,16,16,19,19,19,2,2,1,2,2,2,4
1230.5,1.2305e-12,31.970081133253412,1.9216438272706367,1.9471142569033517,1.6293643465535774,1.9615430945799461,1.9325578867638373,1.9508295402315783,1,1,4,4,7,19,10,10,13,13,16,16,19,19,19,2,2,1,2,2,2,4
1231.0,1.2310000000000001e-12,31.9852741351221,1.9214617123250304,1.9470474685664285,1.6305343556277345,1.9613414487342127,1.9329959002907884,1.9517664226988471,1,1,4,4,7,19,10,10,13,13,16,16,19,19,19,2,2,1,2,2,2,4
1231.5,1.2315000000000002e-12,32.00057386169423,1.9213105313087961,1.946942468663323,1.6317951960872854,1.9611188684490326,1.9334073348067846,1.9526952262837944,1,1,4,4,7,19,10,10,13,13,16,16,19,19,19,2,2,1,2,2,2,4
1232.0,1.232e-12,32.01601433234317,1.9211816236438128,1.9467971857869295,1.6331310998532673,1.9608551506949754,1.9338042678477874,1.9536109013046206,1,1,4,4,7,19,10,10,13,13,16,16,19,19,19,2,2,1,2,2,2,4
1232.5,1.2325e-12,32.03162158830694,1.921068086245212,1.946610322960299,1.634530019438812,1.9605294796651966,1.9342030553854852,1.9545100822265564,1,1,4,4,7,19,10,10,13,13,16,16,19,19,19,2,2,1,2,2,2,4
1233.0,1.233e-12,32.047411408888884,1.9209656157708135,1.9463821017440308,1.6359839367588227,1.9601227330767337,1.9346223074886997,1.9553911255979382,1,1,4,4,7,19,10,10,13,13,16,16,19,19,19,2,2,1,2,2,2,4
1233.5,1.2335000000000001e-12,32.06338832119119,1.9208729571209973,1.9461148707840557,1.6374884957139142,1.9596198796684179,1.9350806970023726,1.9562539279415887,1,1,4,4,7,19,10,10,13,13,16,16,19,19,19,2,2,1,2,2,2,4
1234.0,1.2340000000000002e-12,32.07954570402306,1.9207918914039832,1.9458134469869004,1.6390420525854892,1.959012106857969,1.9355949078153403,1.9570995539448397,1,1,4,4,7,19,10,10,13,13,16,16,19,19,19,2,2,1,2,2,2,4
1234.5,1.2345e-12,32.09586672332519,1.9207267704793527,1.945485099264554,1.640644337507422,1.9582982836998652,1.93617793801726,1.957929718417906,1,1,4,4,7,19,10,10,13,13,16,16,19,19,19,2,2,1,2,2,2,4
1235.0,1.235e-12,32.11232583151872,1.9206836851625289,1.9451391620984266,1.6422949757544232,1.9574854489857552,1.936837854786613,1.9587461895619342,1,1,4,4,7,19,10,10,13,13,16,16,19,19,19,2,2,1,2,2,2,4
1235.5,1.2355000000000001e-12,32.12889058222874,1.9206694165019718,1.9447863490486166,1.6439920930745826,1.9565881767258615,1.9375770617870924,1.9595501692043233,1,1,4,4,7,19,10,10,13,13,16,16,19,19,19,2,2,1,2,2,2,4
1236.0,1.2360000000000002e-12,32.14552355726257,1.920690353939437,1.9444379276991686,1.6457311363431306,1.9556269671407527,1.9383920864495428,1.9603417009479651,1,1,4,4,7,19,10,10,13,13,16,16,19,19,19,2,2,1,2,2,2,4
1236.5,1.2365e-12,32.162184366063165,1.9207514651087458,1.9441048435631874,1.6475041213879131,1.9546260265284527,1.9392738462386465,1.961119195857154,1,1,4,4,7,19,10,10,13,13,16,16,19,19,19,2,2,1,2,2,2,4
1237.0,1.237e-12,32.17883171203411,1.9208554759200305,1.9437969895727498,1.6492992343804194,1.9536107984522018,1.9402084025911486,1.9618791005616305,1,1,4,4,7,19,10,10,13,13,16,16,19,19,19,2,2,1,2,2,2,4
1237.5,1.2375000000000001e-12,32.19542570142081,1.921002290299959,1.9435226496147548,1.6511008782420913,1.952605623179262,1.9411781685559288,1.9626157718599104,1,1,4,4,7,19,10,10,13,13,16,16,19,19,19,2,2,1,2,2,2,4
1238.0,1.2380000000000002e-12,32.2119304917021,1.9211886857533333,1.9432881462984446,1.652890142696234,1.9516317531350493,1.94216352917363,1.9633215845220444,1,1,4,4,7,19,10,10,13,13,16,16,19,19,19,2,2,1,2,2,2,4
1238.5,1.2385e-12,32.228317207893454,1.921408295891176,1.943097669127655,1.6546456859645085,1.9507058306009517,1.9431447934602355,1.963987277657187,1,1,4,4,7,19,10,10,13,13,16,16,19,19,19,2,2,1,2,2,2,4
1239.0,1.239e-12,32.244566777999225,1.921651892757718,1.9429532570186996,1.656344992182892,1.9498388393903252,1.9441043156972528,1.9646025280304087,1,1,4,4,7,19,10,10,13,13,16,16,19,19,19,2,2,1,2,2,2,4
1239.5,1.2395000000000001e-12,32.26067209566183,1.921907960465042,1.9428549007846785,1.657965937428382,1.949035518873803,1.9450285338524491,1.9651567068334064,1,1,4,4,7,19,10,10,13,13,16,16,19,19,19,2,2,1,2,2,2,4
1240.0,1.2400000000000002e-12,32.276638745780986,1.9221635836217494,1.9428008278041666,1.6594884148365794,1.9482942427679204,1.945909622577376,1.9656397187560377,1,1,4,4,7,19,10,10,13,13,16,16,19,19,19,2,2,1,2,2,2,4
1240.5,1.2405e-12,32.29248395237376,1.9224055355467657,1.9427878876481142,1.6608959047165845,1.9476074159495416,1.9467464113597406,1.9660428486322554,1,1,4,4,7,19,10,10,13,13,16,16,19,19,19,2,2,1,2,2,2,4
1241.0,1.241e-12,32.30823371263498,1.9226215145311618,1.9428121194886587,1.662176603267734,1.9469624222565036,1.9475443962816708,1.9663594709879788,1,1,4,4,7,19,10,10,13,13,16,16,19,19,19,2,2,1,2,2,2,4
1241.5,1.2415000000000001e-12,32.32391872430152,1.9228013777252915,1.9428694572030647,1.6633239214945308,1.946343146273022,1.9483148287085827,1.966585549801741,1,1,4,4,7,19,10,10,13,13,16,16,19,19,19,2,2,1,2,2,2,4
1242.0,1.2420000000000002e-12,32.33957000078375,1.9229381691412792,1.9429564338511938,1.6643363760046233,1.945732042662467,1.9490730715756521,1.966719871220632,1,1,4,4,7,19,10,10,13,13,16,16,19,19,19,2,2,1,2,2,2,4
1242.5,1.2425e-12,32.35521487522504,1.9230288491595837,1.943070869983955,1.665216760866461,1.9451125449597206,1.949836545270378,1.9667640143481495,1,1,4,4,7,19,10,10,13,13,16,16,19,19,19,2,2,1,2,2,2,4
1243.0,1.243e-12,32.370873943105394,1.923074577179346,1.9432123569482267,1.66597087409193,1.9444715283485605,1.9506225920716234,1.9667220821092586,1,1,4,4,7,19,10,10,13,13,16,16,19,19,19,2,2,1,2,2,2,4
1243.5,1.2435000000000001e-12,32.386559161575306,1.9230805088796135,1.943382439974381,1.6666060134880074,1.9438014193336768,1.9514465363730378,1.9666002327902863,1,1,4,4,7,19,10,10,13,13,16,16,19,19,19,2,2,1,2,2,2,4
1244.0,1.2440000000000002e-12,32.40227312011331,1.9230551970093013,1.9435844764624948,1.667129440315034,1.943101497945757,1.9523201133083397,1.9664060708002824,1,1,4,4,7,19,10,10,13,13,16,16,19,19,19,2,2,1,2,2,2,4
1244.5,1.2445e-12,32.41800936212805,1.9230096393034348,1.9438231825685717,1.667547047160231,1.9423781612690991,1.9532503758048576,1.9661479243356614,1,1,4,4,7,19,10,10,13,13,16,16,19,19,19,2,2,1,2,2,2,4
1245.0,1.245e-12,32.43375353741015,1.9229560683473392,1.9441039057113993,1.667862384518873,1.9416440384004636,1.9542390087584975,1.965834110807277,1,1,4,4,7,19,10,10,13,13,16,16,19,19,19,2,2,1,2,2,2,4
1245.5,1.2455e-12,32.44948496007152,1.9229068706974557,1.944431967582609,1.6680759780682053,1.9409161633239056,1.9552822840909063,1.9654721916946698,1,1,4,4,7,19,10,10,13,13,16,16,19,19,19,2,2,1,2,2,2,4
1246.0,1.2460000000000001e-12,32.46517843045504,1.9228734522854212,1.9448119390610885,1.6681851863814998,1.9402136060436987,1.9563713721602476,1.9650683778076778,1,1,4,4,7,19,10,10,13,13,16,16,19,19,19,2,2,1,2,2,2,4
1246.5,1.2465000000000002e-12,32.48080607385519,1.922865356357821,1.9452471221041048,1.6681844354628046,1.93955497947679,1.9574931745484778,1.9646270841209967,1,1,4,4,7,19,10,10,13,13,16,16,19,19,19,2,2,1,2,2,2,4
1247.0,1.247e-12,32.4963392887548,1.9228896151474502,1.945739206048042,1.6680658928005798,1.9389561825117938,1.9586315966045766,1.9641507228050017,1,1,4,4,7,19,10,10,13,13,16,16,19,19,19,2,2,1,2,2,2,4
1247.5,1.2475e-12,32.511750961980596,1.9229503749068146,1.946288096116543,1.6678205215564814,1.938428600873747,1.9597692128497226,1.9636397571755284,1,1,4,4,7,19,10,10,13,13,16,16,19,19,19,2,2,1,2,2,2,4
1248.0,1.2480000000000001e-12,32.527018098105934,1.9230488058350397,1.9468918791999068,1.667439432990392,1.9379778481853287,1.9608892098211843,1.9630930180341633,1,1,4,4,7,19,10,10,13,13,16,16,19,19,19,2,2,1,2,2,2,4
1248.5,1.2485000000000002e-12,32.54212483137705,1.9231832996595077,1.947546889977146,1.6669153989907488,1.937603050937828,1.961977414545356,1.962508246496606,1,1,4,4,7,19,10,10,13,13,16,16,19,19,19,2,2,1,2,2,2,4
1249.0,1.249e-12,32.55706548370571,1.9233499504032194,1.9482478759953012,1.6662443233285633,1.9372966487343075,1.963024148944333,1.961882794728838,1,1,4,4,7,19,10,10,13,13,16,16,19,19,19,2,2,1,2,2,2,4
1249.5,1.2495e-12,32.57184704437174,1.9235432935730155,1.9489882298699823,1.665426485717489,1.9370446876502325,1.9640255885548636,1.9612143782810127,1,1,4,4,7,19,10,10,13,13,16,16,19,19,19,2,2,1,2,2,2,4
1250.0,1.2500000000000001e-12,32.58649020343133,1.9237573118783777,1.9497604737526584,1.6644671459621985,1.9368276433288973,1.9649844036425566,1.9605017957195858,1,1,4,4,7,19,10,10,13,13,16,16,19,19,19,2,2,1,2,2,2,4
1250.5,1.2505000000000002e-12,32.601028479548454,1.9239864605938888,1.9505566971349113,1.6633767159655821,1.9366218063245122,1.9659094316739303,1.959745489161777,1,1,4,4,7,19,10,10,13,13,16,16,19,19,19,2,2,1,2,2,2,4
1251.0,1.251e-12,32.615505208789045,1.924226786438784,1.9513692259275006,1.6621700775203558,1.9364011738394504,1.966814536530735,1.9589478698974145,1,1,4,4,7,19,10,10,13,13,16,16,19,19,19,2,2,1,2,2,2,4
1251.5,1.2515e-12,32.62996909001964,1.9244767971965175,1.9521912231599616,1.6608654640044112,1.936139806005051,1.96771677666115,1.9581134109365876,1,1,4,4,7,19,10,10,13,13,16,16,19,19,19,2,2,1,2,2,2,4
1252.0,1.2520000000000001e-12,32.64446915973781,1.924738001142893,1.9530171876382976,1.6594830023680853,1.9358144009975844,1.9686342499383447,1.9572484832575654,1,1,4,4,7,19,10,10,13,13,16,16,19,19,19,2,2,1,2,2,2,4
1252.5,1.2525000000000002e-12,32.65905011182344,1.9250150001449304,1.9538432278045565,1.658043174005124,1.9354067580198124,1.9695839367066832,1.9563609650515712,1,1,4,4,7,19,10,10,13,13,16,16,19,19,19,2,2,1,2,2,2,4
1253.0,1.253e-12,32.67374860065983,1.9253151166581974,1.954667051538432,1.6565653898116721,1.934905725353727,1.970579794208845,1.9554596662264756,1,1,4,4,7,19,10,10,13,13,16,16,19,19,19,2,2,1,2,2,2,4
1253.5,1.2535e-12,32.68859084348493,1.9256476258247917,1.9554876778069592,1.6550668056452005,1.934308257908544,1.9716312666524427,1.954553615096319,1,1,4,4,7,19,10,10,13,13,16,16,19,19,19,2,2,1,2,2,2,4
1254.0,1.2540000000000001e-12,32.70359163181227,1.9260226752912362,1.9563049018355179,1.6535615134581474,1.9336193938656654,1.9727422557596817,1.9536512745233756,1,1,4,4,7,19,10,10,13,13,16,16,19,19,19,2,2,1,2,2,2,4
1254.5,1.2545000000000002e-12,32.71875452018731,1.926450127003661,1.9571186925260282,1.6520600728360313,1.932851134035758,1.9739106381832698,1.9527597411287234,1,1,4,4,7,19,10,10,13,13,16,16,19,19,19,2,2,1,2,2,2,4
1255.0,1.255e-12,32.73407293961451,1.9269384135317986,1.9579285874181298,1.6505694739660988,1.9320205099237922,1.975128288315888,1.9518840359921101,1,1,4,4,7,19,10,10,13,13,16,16,19,19,19,2,2,1,2,2,2,4
1255.5,1.2555e-12,32.74953179879687,1.927493555905505,1.958733246884194,1.6490934743764754,1.9311472181384655,1.976381621753284,1.9510265713195742,1,1,4,4,7,19,10,10,13,13,16,16,19,19,19,2,2,1,2,2,2,4
1256.0,1.256e-12,32.765109328446655,1.9281184177953543,1.9595301420503006,1.6476334044369398,1.9302512228974058,1.9776526370334262,1.9501868595030913,1,1,4,4,7,19,10,10,13,13,16,16,19,19,19,2,2,1,2,2,2,4
1256.5,1.2565000000000001e-12,32.78077898285987,1.9288122462857522,1.9603154254316877,1.64618931014297,1.9293506336409278,1.9789204241576586,1.9493615244724145,1,1,4,4,7,19,10,10,13,13,16,16,19,19,19,2,2,1,2,2,2,4
1257.0,1.2570000000000002e-12,32.79651144047549,1.9295705140563795,1.9610839411233043,1.6447613345598069,1.928460035249261,1.980163054750782,1.9485446246974847,1,1,4,4,7,19,10,10,13,13,16,16,19,19,19,2,2,1,2,2,2,4
1257.5,1.2575e-12,32.812276850911104,1.9303850607753135,1.9618293299215752,1.643351156440199,1.9275893342447743,1.9813596977555359,1.9477282652482968,1,1,4,4,7,19,10,10,13,13,16,16,19,19,19,2,2,1,2,2,2,4
1258.0,1.258e-12,32.82804746137901,1.9312445313088404,1.9625441989522427,1.6419632640834756,1.9267431118841118,1.9824927229076192,1.9469034382810155,1,1,4,4,7,19,10,10,13,13,16,16,19,19,19,2,2,1,2,2,2,4
1258.5,1.2585000000000001e-12,32.84380060550802,1.9321350857930684,1.9632203529801586,1.6406058245119972,1.925920468191143,1.9835494969675331,1.9460609961251842,1,1,4,4,7,19,10,10,13,13,16,16,19,19,19,2,2,1,2,2,2,4
1259.0,1.2590000000000002e-12,32.85952178965308,1.9330413908238289,1.9638490819298118,1.6392910063915325,1.9251153203008526,1.984523564997966,1.945192645425198,1,1,4,4,7,19,10,10,13,13,16,16,19,19,19,2,2,1,2,2,2,4
1259.5,1.2595e-12,32.87520726705933,1.9339477767630517,1.9644215532348939,1.6380346159519612,1.9243172097651118,1.9854149906210183,1.9442918236707825,1,1,4,4,7,19,10,10,13,13,16,16,19,19,19,2,2,1,2,2,2,4
1260.0,1.26e-12,32.89086538603675,1.934839496937369,1.9649293013248064,1.6368551162489957,1.923512611380079,1.9862298221441594,1.9433543301109595,1,1,4,4,7,19,10,10,13,13,16,16,19,19,19,2,2,1,2,2,2,4
1260.5,1.2605000000000001e-12,32.906516151469376,1.9357039302913883,1.9653647543879782,1.6357722229617617,1.9226867384381232,1.9869787410618203,1.942378657467337,1,1,4,4,7,19,10,10,13,13,16,16,19,19,19,2,2,1,2,2,2,4
1261.0,1.2610000000000002e-12,32.92218888298566,1.9365315365712228,1.965721735826402,1.6348052933208344,1.9218257485376231,1.9876751802416637,1.9413659868927777,1,1,4,4,7,19,10,10,13,13,16,16,19,19,19,2,2,1,2,2,2,4
1261.5,1.2615e-12,32.93791842444536,1.9373164131344203,1.965995835770534,1.633971755591467,1.920919115951154,1.988333232136276,1.9403198804165571,1,1,4,4,7,19,10,10,13,13,16,16,19,19,19,2,2,1,2,2,2,4
1262.0,1.262e-12,32.953740682067384,1.9380563768625425,1.966184587318031,1.6332857419898665,1.9199618078667837,1.9889656616778266,1.9392457306968387,1,1,4,4,7,19,10,10,13,13,16,16,19,19,19,2,2,1,2,2,2,4
1262.5,1.2625000000000001e-12,32.96968836592637,1.9387525539426271,1.9662873336900573,1.6327571564944963,1.9189558545269243,1.989582195389366,1.9381500788996304,1,1,4,4,7,19,10,10,13,13,16,16,19,19,19,2,2,1,2,2,2,4
1263.0,1.2630000000000002e-12,32.98578741896324,1.9394086132598394,1.9663049537612887,1.6323910324143658,1.9179109742940943,1.990188295227785,1.9370398411199157,1,1,4,4,7,19,10,10,13,13,16,16,19,19,19,2,2,1,2,2,2,4
1263.5,1.2635e-12,33.00205460554493,1.9400297682640772,1.9662393970367442,1.632187379697757,1.9168440668277618,1.990784373235588,1.9359215662960139,1,1,4,4,7,19,10,10,13,13,16,16,19,19,19,2,2,1,2,2,2,4
1264.0,1.264e-12,33.01849627373364,1.9406217141928908,1.9660931838166933,1.632141463775429,1.9157776950480143,1.991365501596689,1.9348007705702535,1,1,4,4,7,19,10,10,13,13,16,16,19,19,19,2,2,1,2,2,2,4
1264.5,1.2645000000000001e-12,33.035108266873166,1.9411896096272219,1.9658689236910414,1.6322445684741844,1.9147378207712635,1.9919216238999509,1.9336814031772678,1,1,4,4,7,19,10,10,13,13,16,16,19,19,19,2,2,1,2,2,2,4
1265.0,1.2650000000000002e-12,33.051876635251425,1.9417372486390336,1.9655689931372435,1.632485106739061,1.9137512204327924,1.9924382409846817,1.9325655225391614,1,1,4,4,7,19,10,10,13,13,16,16,19,19,19,2,2,1,2,2,2,4
1265.5,1.2655e-12,33.068778892895686,1.9422664559472074,1.9651953459059002,1.6328500507974193,1.9128429617673943,1.9928975825085413,1.9314532107392288,1,1,4,4,7,19,10,10,13,13,16,16,19,19,19,2,2,1,2,2,2,4
1266.0,1.266e-12,33.085785522478304,1.9427767409570063,1.9647494598442623,1.6333264954147375,1.9120342295299995,1.9932802199147301,1.9303427537156799,1,1,4,4,7,19,10,10,13,13,16,16,19,19,19,2,2,1,2,2,2,4
1266.5,1.2665000000000001e-12,33.10286158458213,1.94326522535827,1.9642323820730456,1.633903135341294,1.911340662267957,1.993567022717829,1.9292310854185464,1,1,4,4,7,19,10,10,13,13,16,16,19,19,19,2,2,1,2,2,2,4
1267.0,1.2670000000000002e-12,33.119968448621584,1.9437268446208615,1.963644834823822,1.6345714170496475,1.9107712537749644,1.9937412761222597,1.9281144577657487,1,1,4,4,7,19,10,10,13,13,16,16,19,19,19,2,2,1,2,2,2,4
1267.5,1.2675e-12,33.137065826702525,1.944154813991031,1.9629873466151952,1.6353261792459028,1.9103278157642551,1.9937906945541521,1.9269892562810125,1,1,4,4,7,19,10,10,13,13,16,16,19,19,19,2,2,1,2,2,2,4
1268.0,1.268e-12,33.15411428203749,1.9445413594874073,1.9622604554721015,1.636165599925565,1.910004983106817,1.9937089959303311,1.9258529080273552,1,1,4,4,7,19,10,10,13,13,16,16,19,19,19,2,2,1,2,2,2,4
1268.5,1.2685e-12,33.171078390152445,1.9448786331788785,1.9614649192681788,1.6370905811890533,1.9097907711532682,1.9934967829213988,1.9247046883550387,1,1,4,4,7,19,10,10,13,13,16,16,19,19,19,2,2,1,2,2,2,4
1269.0,1.2690000000000001e-12,33.18793031928259,1.9451597696867187,1.9606020216022204,1.6381035855218222,1.9096676799429628,1.9931615177040998,1.9235463661081729,1,1,4,4,7,19,10,10,13,13,16,16,19,19,19,2,2,1,2,2,2,4
1269.5,1.2695000000000002e-12,33.20465331002557,1.945379952464571,1.959673861785537,1.639207294932936,1.9096143534952061,1.9927165944094773,1.9223825321860655,1,1,4,4,7,19,10,10,13,13,16,16,19,19,19,2,2,1,2,2,2,4
1270.0,1.27e-12,33.22124409815693,1.945537340287159,1.958683705294348,1.6404031472465714,1.9096077637082285,1.992179681329092,1.9212206107833143,1,1,4,4,7,19,10,10,13,13,16,16,19,19,19,2,2,1,2,2,2,4
1270.5,1.2705e-12,33.23771354885175,1.9456336963849274,1.9576362556506781,1.641690065451009,1.9096257378942865,1.991570626174344,1.9200705220541836,1,1,4,4,7,19,10,10,13,13,16,16,19,19,19,2,2,1,2,2,2,4
1271.0,1.2710000000000001e-12,33.254085158626594,1.9456745992826987,1.9565377882762331,1.6430634973699323,1.9096495312389963,1.9909092611159385,1.9189440645365732,1,1,4,4,7,19,10,10,13,13,16,16,19,19,19,2,2,1,2,2,2,4
1271.5,1.2715000000000002e-12,33.270391725504055,1.9456691857515949,1.9553960936866344,1.6445148487016228,1.909666030464923,1.9902133935464659,1.9178541102605198,1,1,4,4,7,19,10,10,13,13,16,16,19,19,19,2,2,1,2,2,2,4
1272.0,1.272e-12,33.28667095208827,1.9456294752003538,1.9542202122480354,1.646031345990126,1.9096691628919038,1.989497180944036,1.916813707996136,1,1,4,4,7,19,10,10,13,13,16,16,19,19,19,2,2,1,2,2,2,4
1272.5,1.2725e-12,33.30296084422279,1.9455693460011065,1.9530200131481148,1.6475963173807775,1.909660260569864,1.9887699703920019,1.9158352108746162,1,1,4,4,7,19,10,10,13,13,16,16,19,19,19,2,2,1,2,2,2,4
1273.0,1.2730000000000001e-12,33.31929564889439,1.9455033746139725,1.951805656621302,1.6491899335886369,1.9096472660137174,1.9880356480394545,1.914929457027429,1,1,4,4,7,19,10,10,13,13,16,16,19,19,19,2,2,1,2,2,2,4
1273.5,1.2735000000000002e-12,33.33570268611055,1.9454456234142417,1.9505871105983776,1.6507902574920348,1.9096430709922194,1.9872925049061476,1.914105109591674,1,1,4,4,7,19,10,10,13,13,16,16,19,19,19,2,2,1,2,2,2,4
1274.0,1.274e-12,33.352200303157,1.9454085824681253,1.9493737084296792,1.6523746619948663,1.90966323207975,1.9865335632600016,1.913368156903731,1,1,4,4,7,19,10,10,13,13,16,16,19,19,19,2,2,1,2,2,2,4
1274.5,1.2745e-12,33.368796865877805,1.945402257624381,1.9481738581128965,1.6539213876079781,1.909723600486441,1.9857474079619761,1.9127216474097686,1,1,4,4,7,19,10,10,13,13,16,16,19,19,19,2,2,1,2,2,2,4
1275.0,1.2750000000000001e-12,33.385490666434876,1.9454335182152878,1.9469948841235234,1.6554110919436245,1.909838137795774,1.9849194875710936,1.9121656687583752,1,1,4,4,7,19,10,10,13,13,16,16,19,19,19,2,2,1,2,2,2,4
1275.5,1.2755000000000002e-12,33.40227053550625,1.9455057260286124,1.9458429810685738,1.6568281549020034,1.9100171479827825,1.9840338332211493,1.911697593627476,1,1,4,4,7,19,10,10,13,13,16,16,19,19,19,2,2,1,2,2,2,4
1276.0,1.276e-12,33.41911694097756,1.9456186599386787,1.9447232434143846,1.6581615239513552,1.9102660263628681,1.983075065369422,1.9113125911539142,1,1,4,4,7,19,10,10,13,13,16,16,19,19,19,2,2,1,2,2,2,4
1276.5,1.2765e-12,33.43600342587204,1.9457687605668248,1.9436397273562784,1.6594049704259892,1.9105845237736323,1.9820304749844364,1.9110043572257716,1,1,4,4,7,19,10,10,13,13,16,16,19,19,19,2,2,1,2,2,2,4
1277.0,1.2770000000000001e-12,33.452898290391346,1.9459496313944993,1.9425955896056288,1.660556621588637,1.9109665677858803,1.9808918868877305,1.9107660125243984,1,1,4,4,7,19,10,10,13,13,16,16,19,19,19,2,2,1,2,2,2,4
1277.5,1.2775000000000002e-12,33.46976667104948,1.9461528571242077,1.9415932288690487,1.6616180058582333,1.9114005256890623,1.9796569772651673,1.9105910415164429,1,1,4,4,7,19,10,10,13,13,16,16,19,19,19,2,2,1,2,2,2,4
1278.0,1.278e-12,33.48657313463208,1.9463690093700359,1.9406345194042,1.6625926659675598,1.9118699812033038,1.978329803891644,1.9104741559805147,1,1,4,4,7,19,10,10,13,13,16,16,19,19,19,2,2,1,2,2,2,4
1278.5,1.2785e-12,33.50328494309182,1.9465887731211897,1.939721059683363,1.663484715775003,1.9123549971530618,1.9769204361125208,1.910411936918022,1,1,4,4,7,19,10,10,13,13,16,16,19,19,19,2,2,1,2,2,2,4
1279.0,1.2790000000000001e-12,33.51987572549479,1.9468040530594846,1.938854521664403,1.6642974027437396,1.912833889701554,1.9754437588055418,1.9104031958611438,1,1,4,4,7,19,10,10,13,13,16,16,19,19,19,2,2,1,2,2,2,4
1279.5,1.2795000000000002e-12,33.53632905861047,1.9470089127199712,1.9380369859684643,1.6650319519223278,1.9132854320593395,1.9739176682118709,1.9104489864009297,1,1,4,4,7,19,10,10,13,13,16,16,19,19,19,2,2,1,2,2,2,4
1280.0,1.2800000000000002e-12,33.552641098826236,1.947200201031494,1.9372712016004459,1.665686783154229,1.913691304963708,1.9723609707903362,1.9105522795024599,1,1,4,4,7,19,10,10,13,13,16,16,19,19,19,2,2,1,2,2,2,4
1280.5,1.2805e-12,33.568821465366405,1.9473777595295505,1.936560694730348,1.6662571582439445,1.914038480470905,1.9707912918472847,1.9107173686640324,1,1,4,4,7,19,10,10,13,13,16,16,19,19,19,2,2,1,2,2,2,4
1281.0,1.281e-12,33.58489201839901,1.9475441791382253,1.935909680485337,1.6667352731157925,1.9143211241525326,1.9692232524329587,1.9109490982602266,1,1,4,4,7,19,10,10,13,13,16,16,19,19,19,2,2,1,2,2,2,4
1281.5,1.2815000000000001e-12,33.60088380229153,1.9477041570178044,1.9353227777207274,1.667110781483985,1.9145416287723862,1.9676670744971823,1.911252019051745,1,1,4,4,7,19,10,10,13,13,16,16,19,19,19,2,2,1,2,2,2,4
1282.0,1.2820000000000002e-12,33.616832899541485,1.947863576482171,1.9348045801632747,1.6673717137507817,1.914710548413501,1.9661276934933718,1.91162957061672,1,1,4,4,7,19,10,10,13,13,16,16,19,19,19,2,2,1,2,2,2,4
1282.5,1.2825e-12,33.63277605964865,1.9480284591921457,1.9343591752582479,1.6675057120311778,1.9148454485870443,1.9646043950035372,1.9120833678989617,1,1,4,4,7,19,10,10,13,13,16,16,19,19,19,2,2,1,2,2,2,4
1283.0,1.283e-12,33.648746792808495,1.948203943162835,1.9339897012746061,1.6675014681064235,1.9149689142847746,1.9630909602344027,1.9126126550734688,1,1,4,4,7,19,10,10,13,13,16,16,19,19,19,2,2,1,2,2,2,4
1283.5,1.2835000000000001e-12,33.66477231307293,1.948393398628945,1.9336980204861758,1.6673501952011658,1.9151061015730277,1.961576306206087,1.913213969386139,1,1,4,4,7,19,10,10,13,13,16,16,19,19,19,2,2,1,2,2,2,4
1284.0,1.2840000000000002e-12,33.680871472006714,1.948597759012394,1.9334845401294203,1.6670469291687602,1.9152822225964752,1.9600455922140227,1.9138810528117587,1,1,4,4,7,19,10,10,13,13,16,16,19,19,19,2,2,1,2,2,2,4
1284.5,1.2845e-12,33.69705368090966,1.9488151137083205,1.9333481629524676,1.6665914622690081,1.9155202526850097,1.958481750615892,1.9146050457302897,1,1,4,4,7,19,10,10,13,13,16,16,19,19,19,2,2,1,2,2,2,4
1285.0,1.285e-12,33.713318665207076,1.9490405787110945,1.9332864029830665,1.665988658024934,1.9158390904573253,1.9568673655954762,1.915374916631007,1,1,4,4,7,19,10,10,13,13,16,16,19,19,19,2,2,1,2,2,2,4
1285.5,1.2855000000000001e-12,33.729656991516386,1.9492664579942436,1.9332955288075062,1.6652481833427626,1.9162521715818437,1.9551867182673013,1.9161782200201882,1,1,4,4,7,19,10,10,13,13,16,16,19,19,19,2,2,1,2,2,2,4
1286.0,1.2860000000000002e-12,33.74605113602602,1.9494826862802301,1.9333707206899462,1.6643836845468096,1.9167666265850591,1.9534277783604321,1.9170020123011615,1,1,4,4,7,19,10,10,13,13,16,16,19,19,19,2,2,1,2,2,2,4
1286.5,1.2865e-12,33.762476841804464,1.9496775581694628,1.9335063056949755,1.663411455595062,1.9173829477929385,1.951583854721171,1.9178338996082616,1,1,4,4,7,19,10,10,13,13,16,16,19,19,19,2,2,1,2,2,2,4
1287.0,1.287e-12,33.77890465868501,1.949838688662336,1.9336960249835404,1.6623488810701308,1.9180951899350225,1.9496546123438716,1.9186630855831175,1,1,4,4,7,19,10,10,13,13,16,16,19,19,19,2,2,1,2,2,2,4
1287.5,1.2875000000000001e-12,33.79530165852384,1.949954135211958,1.9339333218927806,1.6612129214437408,1.9188917100494056,1.947646262042641,1.9194812694061938,1,1,4,4,7,19,10,10,13,13,16,16,19,19,19,2,2,1,2,2,2,4
1288.0,1.2880000000000002e-12,33.811633402952616,1.9500135646780263,1.9342117069591953,1.660018781116262,1.9197564732041341,1.94557095531777,1.9202832209988199,1,1,4,4,7,19,10,10,13,13,16,16,19,19,19,2,2,1,2,2,2,4
1288.5,1.2885e-12,33.827866359403245,1.9500093598058081,1.9345251231117795,1.6587789495978453,1.920670866613693,1.9434454398680774,1.9210670283460993,1,1,4,4,7,19,10,10,13,13,16,16,19,19,19,2,2,1,2,2,2,4
1289.0,1.289e-12,33.84397081491875,1.9499374929696562,1.9348682944441682,1.6575026507730597,1.9216159545339697,1.94128926520047,1.921833955697891,1,1,4,4,7,19,10,10,13,13,16,16,19,19,19,2,2,1,2,2,2,4
1289.5,1.2895000000000001e-12,33.85992409502257,1.9497980351268631,1.9352369784611927,1.6561957292447684,1.9225749499478115,1.9391228054587624,1.9225879672800184,1,1,4,4,7,19,10,10,13,13,16,16,19,19,19,2,2,1,2,2,2,4
1290.0,1.2900000000000002e-12,33.87571354381885,1.9495952119984234,1.9356280575407843,1.6548609547055295,1.9235355593111372,1.9369653388301573,1.9233350034204262,1,1,4,4,7,19,10,10,13,13,16,16,19,19,19,2,2,1,2,2,2,4
1290.5,1.2905e-12,33.891338531783354,1.9493369922185906,1.9360394109719656,1.653498740431279,1.9244917673681357,1.9348333676850136,1.9240821143708413,1,1,4,4,7,19,10,10,13,13,16,16,19,19,19,2,2,1,2,2,2,4
1291.0,1.291e-12,33.90681078411082,1.9490342615790475,1.9364696498595682,1.6521081412436152,1.9254446985555058,1.9327393160714468,1.9248365676496675,1,1,4,4,7,19,10,10,13,13,16,16,19,19,19,2,2,1,2,2,2,4
1291.5,1.2915e-12,33.9221529478764,1.9486997259199224,1.936917656122324,1.6506881865558267,1.9264023197982252,1.9306906773939392,1.9256049872115246,1,1,4,4,7,19,10,10,13,13,16,16,19,19,19,2,2,1,2,2,2,4
1292.0,1.2920000000000001e-12,33.937395678503194,1.9483467133071628,1.9373821100899202,1.6492392973498515,1.9273780620583867,1.9286896918279508,1.9263925877951968,1,1,4,4,7,19,10,10,13,13,16,16,19,19,19,2,2,1,2,2,2,4
1292.5,1.2925000000000002e-12,33.952573951607576,1.9479880408340382,1.937861070970912,1.6477646075322774,1.928388649221152,1.9267334762055546,1.9272026157375908,1,1,4,4,7,19,10,10,13,13,16,16,19,19,19,2,2,1,2,2,2,4
1293.0,1.293e-12,33.9677232985418,1.9476350200182135,1.9383516879411482,1.646270998514949,1.9294515937596741,1.9248146898466352,1.928035965041196,1,1,4,4,7,19,10,10,13,13,16,16,19,19,19,2,2,1,2,2,2,4
1293.5,1.2935e-12,33.98287646174498,1.9472967029697483,1.938850075904565,1.6447696164241932,1.9305827404077336,1.922922655471475,1.928891042646102,1,1,4,4,7,19,10,10,13,13,16,16,19,19,19,2,2,1,2,2,2,4
1294.0,1.2940000000000001e-12,33.99806077801783,1.9469793940967497,1.9393513307756844,1.6432757952698414,1.9317941598984745,1.92104490029395,1.9297638855078538,1,1,4,4,7,19,10,10,13,13,16,16,19,19,19,2,2,1,2,2,2,4
1294.5,1.2945000000000002e-12,34.013296410569,1.9466864396486594,1.9398496514793937,1.6418083597247233,1.933092548178292,1.9191690094025318,1.9306485393110162,1,1,4,4,7,19,10,10,13,13,16,16,19,19,19,2,2,1,2,2,2,4
1295.0,1.295e-12,34.02859542299035,1.946418302434403,1.9403385574786636,1.6403883887032011,1.9344782008808745,1.9172846032852766,1.9315377000526648,1,1,4,4,7,19,10,10,13,13,16,16,19,19,19,2,2,1,2,2,2,4
1295.5,1.2955e-12,34.04396165816132,1.9461729156255327,1.940811137969913,1.6390376548706813,1.9359445628733265,1.9153851846462226,1.9324235550605167,1,1,4,4,7,19,10,10,13,13,16,16,19,19,19,2,2,1,2,2,2,4
1296.0,1.2960000000000001e-12,34.05939125877519,1.9459463096135954,1.941260324329611,1.6377769755593794,1.9374783445671397,1.9134695620152373,1.9332987344593369,1,1,4,4,7,19,10,10,13,13,16,16,19,19,19,2,2,1,2,2,2,4
1296.5,1.2965000000000002e-12,34.07487362263096,1.9457334760166491,1.9416791911283402,1.63662469081432,1.9390601898035833,1.9115425865661397,1.9341572480321219,1,1,4,4,7,19,10,10,13,13,16,16,19,19,19,2,2,1,2,2,2,4
1297.0,1.297e-12,34.09039264689237,1.9455293781472573,1.9420612625982687,1.6355954858428927,1.9406658946795647,1.909615046028111,1.9349952636743266,1,1,4,4,7,19,10,10,13,13,16,16,19,19,19,2,2,1,2,2,2,4
1297.5,1.2975e-12,34.105928128485004,1.945330044768586,1.94240089590734,1.6346995707257965,1.9422680998946071,1.907702766929996,1.93581158770691,1,1,4,4,7,19,10,10,13,13,16,16,19,19,19,2,2,1,2,2,2,4
1298.0,1.2980000000000001e-12,34.12145746714595,1.9451335212884149,1.9426936061198603,1.6339424014863975,1.9438384562670772,1.905825067571712,1.9366077988860633,1,1,4,4,7,19,10,10,13,13,16,16,19,19,19,2,2,1,2,2,2,4
1298.5,1.2985000000000002e-12,34.136957778183536,1.9449405715382988,1.9429363486175448,1.6333248542657801,1.9453500768935024,1.9040028611370776,1.9373880103263303,1,1,4,4,7,19,10,10,13,13,16,16,19,19,19,2,2,1,2,2,2,4
1299.0,1.299e-12,34.1524085534806,1.94475499310774,1.943127649732359,1.6328438797590037,1.9467800239237698,1.90225670324612,1.938158299256213,1,1,4,4,7,19,10,10,13,13,16,16,19,19,19,2,2,1,2,2,2,4
1299.5,1.2995e-12,34.16779475350072,1.9445834784841456,1.9432675723184893,1.6324935070884956,1.9481115024449918,1.900604995473601,1.9389259085063346,1,1,4,4,7,19,10,10,13,13,16,16,19,19,19,2,2,1,2,2,2,4
1300.0,1.3000000000000001e-12,34.18310992595645,1.9444350401020105,1.9433574590422453,1.6322661609824263,1.9493353870296264,1.8990624766687914,1.9396983221517172,1,1,4,4,7,19,10,10,13,13,16,16,19,19,19,2,2,1,2,2,2,4
1300.5,1.3005000000000002e-12,34.19835860054028,1.9443200603774449,1.9433995504895236,1.6321540861655859,1.9504507909120385,1.8976390834100008,1.9404823572694474,1,1,4,4,7,19,10,10,13,13,16,16,19,19,19,2,2,1,2,2,2,4
1301.0,1.301e-12,34.213557164257054,1.9442491695032023,1.943396442179077,1.6321508223709764,1.9514645203851644,1.8963392350521342,1.9412832987481197,1,1,4,4,7,19,10,10,13,13,16,16,19,19,19,2,2,1,2,2,2,4
1301.5,1.3015e-12,34.22873277879509,1.9442320681115037,1.943350583609057,1.632252386627701,1.9523895724183615,1.8951616080408327,1.9421041761375226,1,1,4,4,7,19,10,10,13,13,16,16,19,19,19,2,2,1,2,2,2,4
1302.0,1.3020000000000001e-12,34.24392052988163,1.9442764892934357,1.9432638715790111,1.6324580218607754,1.9532429533301676,1.8940993861359379,1.9429452579134405,1,1,4,4,7,19,10,10,13,13,16,16,19,19,19,2,2,1,2,2,2,4
1302.5,1.3025000000000002e-12,34.259159482869215,1.9443873498654374,1.943137411978154,1.6327703363338468,1.9540432636589398,1.8931410359033205,1.9438037504503314,1,1,4,4,7,19,10,10,13,13,16,16,19,19,19,2,2,1,2,2,2,4
1303.0,1.303e-12,34.27448844040285,1.9445661795591658,1.942971464467656,1.6331948067850641,1.9548084001395647,1.8922715453437788,1.9446737635033433,1,1,4,4,7,19,10,10,13,13,16,16,19,19,19,2,2,1,2,2,2,4
1303.5,1.3035e-12,34.28994204693033,1.9448108410012472,1.9427655472683425,1.6337387318426115,1.955553624177016,1.8914740698634371,1.9455465545581878,1,1,4,4,7,19,10,10,13,13,16,16,19,19,19,2,2,1,2,2,2,4
1304.0,1.304e-12,34.305547665685616,1.9451155381516434,1.9425186319341046,1.6344098430314293,1.956290118718926,1.8907318599092062,1.9464110616987507,1,1,4,4,7,19,10,10,13,13,16,16,19,19,19,2,2,1,2,2,2,4
1304.5,1.3045000000000001e-12,34.321323221889266,1.9454711475111588,1.9422294324803453,1.635214721131474,1.9570240360850961,1.8900302849966581,1.9472546846942447,1,1,4,4,7,19,10,10,13,13,16,16,19,19,19,2,2,1,2,2,2,4
1305.0,1.3050000000000002e-12,34.337276151389304,1.9458658103704847,1.9418966580239436,1.6361573754494594,1.9577560728091885,1.8893586712960055,1.9480642908127486,1,1,4,4,7,19,10,10,13,13,16,16,19,19,19,2,2,1,2,2,2,4
1305.5,1.3055e-12,34.35340337800729,1.9462858080718388,1.9415192680254965,1.6372380867125178,1.958481535721811,1.8887116745654864,1.9488273172057793,1,1,4,4,7,19,10,10,13,13,16,16,19,19,19,2,2,1,2,2,2,4
1306.0,1.306e-12,34.36969215038108,1.9467166543597985,1.9410967202303768,1.6384526747676975,1.9591909223796382,1.8880899323837623,1.9495328378323353,1,1,4,4,7,19,10,10,13,13,16,16,19,19,19,2,2,1,2,2,2,4
1306.5,1.3065000000000001e-12,34.386121433684444,1.947144307916265,1.9406292426642822,1.639792201209574,1.9598710178657919,1.8874998542064994,1.9501724529556514,1,1,4,4,7,19,10,10,13,13,16,16,19,19,19,2,2,1,2,2,2,4
1307.0,1.3070000000000002e-12,34.4026636659285,1.9475563542213163,1.940118047243751,1.641243249129915,1.960506517477183,1.886952632573428,1.9507408319721202,1,1,4,4,7,19,10,10,13,13,16,16,19,19,19,2,2,1,2,2,2,4
1307.5,1.3075e-12,34.41928662166728,1.9479430148993282,1.9395655694414764,1.6427885669085418,1.9610820815378738,1.8864626391594006,1.9512358942414951,1,1,4,4,7,19,10,10,13,13,16,16,19,19,19,2,2,1,2,2,2,4
1308.0,1.308e-12,34.435955413485175,1.9482978249518743,1.9389756132521696,1.6444081189270507,1.9615846588278232,1.886045526421765,1.951658595343898,1,1,4,4,7,19,10,10,13,13,16,16,19,19,19,2,2,1,2,2,2,4
1308.5,1.3085000000000001e-12,34.45263468558961,1.9486178847374613,1.9383533612475294,1.6460804180821504,1.9620057741133259,1.8857163204261242,1.9520123915481822,1,1,4,4,7,19,10,10,13,13,16,16,19,19,19,2,2,1,2,2,2,4
1309.0,1.3090000000000002e-12,34.46929108352649,1.9489036587673476,1.9377052094626206,1.6477840136110762,1.9623433975461793,1.8854877291392211,1.9523024840354137,1,1,4,4,7,19,10,10,13,13,16,16,19,19,19,2,2,1,2,2,2,4
1309.5,1.3095e-12,34.485895977599334,1.949158375515802,1.937038416648664,1.64949899547881,1.962603016900474,1.8853688054066862,1.952534947008164,1,1,4,4,7,19,10,10,13,13,16,16,19,19,19,2,2,1,2,2,2,4
1310.0,1.31e-12,34.50242814415436,1.9493871894074772,1.9363606624689462,1.6512082368790884,1.9627976305015855,1.8853639826091513,1.9527158956593753,1,1,4,4,7,19,10,10,13,13,16,16,19,19,19,2,2,1,2,2,2,4
1310.5,1.3105000000000001e-12,34.51887599904327,1.9495960884967043,1.9356794153592551,1.6528985304214598,1.9629466879920314,1.8854725805900165,1.9528506390062066,1,1,4,4,7,19,10,10,13,13,16,16,19,19,19,2,2,1,2,2,2,4
1311.0,1.3110000000000002e-12,34.53523856629401,1.9497909946286978,1.9350015406077847,1.6545608394308213,1.9630740801270312,1.885688751281722,1.9529430524618185,1,1,4,4,7,19,10,10,13,13,16,16,19,19,19,2,2,1,2,2,2,4
1311.5,1.3115e-12,34.551524983297014,1.9499768217286757,1.9343328907866457,1.6561902240087905,1.9632056545804866,1.886001871550093,1.9529950978286479,1,1,4,4,7,19,10,10,13,13,16,16,19,19,19,2,2,1,2,2,2,4
1312.0,1.312e-12,34.567752439019486,1.9501568041021522,1.9336781499479492,1.6577850521823108,1.9633666135423624,1.8863973960547475,1.9530065732416828,1,1,4,4,7,19,10,10,13,13,16,16,19,19,19,2,2,1,2,2,2,4
1312.5,1.3125000000000001e-12,34.583943074112454,1.9503320505747797,1.933040856563875,1.6593457837564407,1.963579160877005,1.886858137150947,1.9529751207995365,1,1,4,4,7,19,10,10,13,13,16,16,19,19,19,2,2,1,2,2,2,4
1313.0,1.3130000000000002e-12,34.60012045277026,1.9505013570052165,1.9324235769477414,1.66087351898618,1.9638606083302612,1.8873659057788643,1.9528965108186327,1,1,4,4,7,19,10,10,13,13,16,16,19,19,19,2,2,1,2,2,2,4
1313.5,1.3135e-12,34.61630616222594,1.9506612801713188,1.931828160486214,1.6623685458613293,1.9642220234489054,1.8879033935431622,1.9527651940818123,1,1,4,4,7,19,10,10,13,13,16,16,19,19,19,2,2,1,2,2,2,4
1314.0,1.314e-12,34.63251695695128,1.9508064672636214,1.9312560045594234,1.663829106327145,1.9646674270558382,1.888456098587022,1.9525750870146439,1,1,4,4,7,19,10,10,13,13,16,16,19,19,19,2,2,1,2,2,2,4
1314.5,1.3145000000000001e-12,34.64876267451775,1.950930241012988,1.9307083384849548,1.6652504440547606,1.9651935319032692,1.8890140407850031,1.9523205118393796,1,1,4,4,7,19,10,10,13,13,16,16,19,19,19,2,2,1,2,2,2,4
1315.0,1.3150000000000002e-12,34.66504514558654,1.9510253911079551,1.9301864379866156,1.6666243586463718,1.965790029332401,1.8895729658522311,1.9519971930501794,1,1,4,4,7,19,10,10,13,13,16,16,19,19,19,2,2,1,2,2,2,4
1315.5,1.3155000000000002e-12,34.681358030156915,1.9510851277028878,1.9296918294433703,1.6679392163989233,1.9664404436480993,1.8901348252216348,1.9516031443744026,1,1,4,4,7,19,10,10,13,13,16,16,19,19,19,2,2,1,2,2,2,4
1316.0,1.316e-12,34.69768738853206,1.9511040869801408,1.9292265184004043,1.6691803907722575,1.9671235864251708,1.8907074042283951,1.9511393384290285,1,1,4,4,7,19,10,10,13,13,16,16,19,19,19,2,2,1,2,2,2,4
1316.5,1.3165e-12,34.714012777113325,1.9510792736770273,1.9287931466368344,1.6703312143034852,1.96781556005245,1.8913031765502575,1.9506100128275043,1,1,4,4,7,19,10,10,13,13,16,16,19,19,19,2,2,1,2,2,2,4
1317.0,1.3170000000000001e-12,34.73030850185623,1.9510107756411939,1.92839517000706,1.6713741742126351,1.968492199163607,1.891937590698698,1.950022622001267,1,1,4,4,7,19,10,10,13,13,16,16,19,19,19,2,2,1,2,2,2,4
1317.5,1.3175000000000002e-12,34.74654496617149,1.950902134453273,1.9280369268969078,1.6722923418351534,1.9691316884833978,1.8926270964006888,1.9493874227403398,1,1,4,4,7,19,10,10,13,13,16,16,19,19,19,2,2,1,2,2,2,4
1318.0,1.318e-12,34.762690137564434,1.9507602995582751,1.927723557815432,1.6730708520212711,1.969716987494093,1.8933871945507765,1.9487167774274703,1,1,4,4,7,19,10,10,13,13,16,16,19,19,19,2,2,1,2,2,2,4
1318.5,1.3185e-12,34.778711317944364,1.950595162756584,1.9274607489341165,1.6736982429950695,1.970237647888173,1.8942307297332868,1.9480242709069175,1,1,4,4,7,19,10,10,13,13,16,16,19,19,19,2,2,1,2,2,2,4
1319.0,1.3190000000000001e-12,34.79457744469602,1.9504187481580695,1.9272543022204536,1.6741674787228946,1.9706906680213587,1.8951665498851569,1.9473237370769274,1,1,4,4,7,19,10,10,13,13,16,16,19,19,19,2,2,1,2,2,2,4
1319.5,1.3195000000000002e-12,34.81026195836719,1.950244161569789,1.9271096467629336,1.6744764328746755,1.9710802358681365,1.8961985910274295,1.9466282977434972,1,1,4,4,7,19,10,10,13,13,16,16,19,19,19,2,2,1,2,2,2,4
1320.0,1.32e-12,34.8257460622851,1.9500844647645321,1.9270312974860015,1.674627845111537,1.9714164075922147,1.8973254156195236,1.9459494520272411,1,1,4,4,7,19,10,10,13,13,16,16,19,19,19,2,2,1,2,2,2,4
1320.5,1.3205e-12,34.84102167461646,1.9499515888238357,1.9270224597056218,1.674628636840994,1.9717130667965201,1.898540234401156,1.9452963098969553,1,1,4,4,7,19,10,10,13,13,16,16,19,19,19,2,2,1,2,2,2,4
1321.0,1.3210000000000001e-12,34.856093349431355,1.9498553840279347,1.9270847070238433,1.6744888724502611,1.9719855386269292,1.899831400157536,1.9446750070028833,1,1,4,4,7,19,10,10,13,13,16,16,19,19,19,2,2,1,2,2,2,4
1321.5,1.3215000000000002e-12,34.8709784060885,1.9498029131454655,1.9272179704596242,1.674220265000552,1.9722482618578254,1.9011833941438556,1.9440883863729101,1,1,4,4,7,19,10,10,13,13,16,16,19,19,19,2,2,1,2,2,2,4
1322.0,1.322e-12,34.88570529707564,1.9497980054532573,1.9274206375700047,1.6738347097640316,1.972512812859951,1.9025782368047963,1.943535985268131,1,1,4,4,7,19,10,10,13,13,16,16,19,19,19,2,2,1,2,2,2,4
1322.5,1.3225e-12,34.90031055007003,1.9498410982820527,1.9276897867900198,1.6733429309526082,1.972786423981074,1.9039972459127432,1.9430143467199426,1,1,4,4,7,19,10,10,13,13,16,16,19,19,19,2,2,1,2,2,2,4
1323.0,1.3230000000000001e-12,34.91483495273291,1.949929361023792,1.9280214777148315,1.6727534221329778,1.9730710413977028,1.9054229813759562,1.9425176419354233,1,1,4,4,7,19,10,10,13,13,16,16,19,19,19,2,2,1,2,2,2,4
1323.5,1.3235000000000002e-12,34.92931962329976,1.950057103607819,1.9284110429557364,1.672071779626188,1.973362885723756,1.9068411454242624,1.9420385553498585,1,1,4,4,7,19,10,10,13,13,16,16,19,19,19,2,2,1,2,2,2,4
1324.0,1.324e-12,34.94380248355812,1.9502163584506933,1.9288533309620617,1.6713005042641298,1.973652555623411,1.9082421318955176,1.941569343363377,1,1,4,4,7,19,10,10,13,13,16,16,19,19,19,2,2,1,2,2,2,4
1324.5,1.3245e-12,34.958315359697075,1.9503978408349352,1.9293430404018312,1.6704391092385265,1.9739255276133953,1.9096221085567995,1.941102895212739,1,1,4,4,7,19,10,10,13,13,16,16,19,19,19,2,2,1,2,2,2,4
1325.0,1.3250000000000001e-12,34.97288209997657,1.9505918428320854,1.9298748959516627,1.6694848594513698,1.9741632368318967,1.9109830977407158,1.9406337696149192,1,1,4,4,7,19,10,10,13,13,16,16,19,19,19,2,2,1,2,2,2,4
1325.5,1.3255000000000002e-12,34.98751749680267,1.9507893288973273,1.9304439583408601,1.6684337030104275,1.9743446239756863,1.912332417128926,1.9401588978589246,1,1,4,4,7,19,10,10,13,13,16,16,19,19,19,2,2,1,2,2,2,4
1326.0,1.326e-12,35.0022270495871,1.9509828833639966,1.9310459001408906,1.6672815284111078,1.9744481750714586,1.913681338036089,1.9396779688113133,1,1,4,4,7,19,10,10,13,13,16,16,19,19,19,2,2,1,2,2,2,4
1326.5,1.3265e-12,35.01700734526662,1.9511674377115615,1.931677228322875,1.6660255537582158,1.9744542948747237,1.9150432945002296,1.9391934033969205,1,1,4,4,7,19,10,10,13,13,16,16,19,19,19,2,2,1,2,2,2,4
1327.0,1.3270000000000001e-12,35.03184688969354,1.9513406463942922,1.932335385013202,1.6646656735486351,1.974347753681007,1.9164319267881469,1.9387099494652198,1,1,4,4,7,19,10,10,13,13,16,16,19,19,19,2,2,1,2,2,2,4
1327.5,1.3275000000000001e-12,35.04672730970586,1.951502845776125,1.9330186654145707,1.6632055661232101,1.9741198384242338,1.917859232841116,1.9382339758093885,1,1,4,4,7,19,10,10,13,13,16,16,19,19,19,2,2,1,2,2,2,4
1328.0,1.3280000000000002e-12,35.06162496042961,1.9516566134289932,1.9337259446131538,1.6616533592663558,1.9737698074596575,1.9193340272431711,1.937772572744576,1,1,4,4,7,19,10,10,13,13,16,16,19,19,19,2,2,1,2,2,2,4
1328.5,1.3285e-12,35.07651310733285,1.9518060101064922,1.9344562195449975,1.6600217838897353,1.9733053318414582,1.9208607467773402,1.9373326185793005,1,1,4,4,7,19,10,10,13,13,16,16,19,19,19,2,2,1,2,2,2,4
1329.0,1.329e-12,35.09136476211272,1.9519556455441456,1.9352080977086936,1.6583276884954388,1.9727418203209008,1.9224387609575286,1.9369198329245263,1,1,4,4,7,19,10,10,13,13,16,16,19,19,19,2,2,1,2,2,2,4
1329.5,1.3295000000000001e-12,35.10615617640131,1.952109711357055,1.9359793006665533,1.6565910655541876,1.9721007586717774,1.924062114440658,1.9365379666576412,1,1,4,4,7,19,10,10,13,13,16,16,19,19,19,2,2,1,2,2,2,4
1330.0,1.3300000000000002e-12,35.12087051971529,1.9522710775286893,1.9367663259064085,1.6548336559209555,1.971407417700735,1.9257197409014999,1.9361882121681517,1,1,4,4,7,19,10,10,13,13,16,16,19,19,19,2,2,1,2,2,2,4
1330.5,1.3305e-12,35.135501084388245,1.952440598819974,1.9375642761885594,1.6530774145293068,1.9706882706256788,1.927396163241437,1.935868828629877,1,1,4,4,7,19,10,10,13,13,16,16,19,19,19,2,2,1,2,2,2,4
1331.0,1.331e-12,35.15005314160485,1.9526166521110595,1.9383669022899503,1.6513429932195172,1.9699685270977945,1.9290726701067558,1.9355750644110365,1,1,4,4,7,19,10,10,13,13,16,16,19,19,19,2,2,1,2,2,2,4
1331.5,1.3315000000000001e-12,35.164543934227005,1.9527949393746638,1.9391668136863907,1.6496484410955492,1.9692700321038716,1.9307289175829674,1.9352993942606167,1,1,4,4,7,19,10,10,13,13,16,16,19,19,19,2,2,1,2,2,2,4
1332.0,1.3320000000000002e-12,35.17900083871245,1.9529685602391635,1.9399557947315278,1.648008262276823,1.9686096695304407,1.932344835784064,1.9350320737590656,1,1,4,4,7,19,10,10,13,13,16,16,19,19,19,2,2,1,2,2,2,4
1332.5,1.3325e-12,35.19345821560229,1.9531283442422889,1.9407251609176477,1.6464329093073538,1.967998313048783,1.9339026431926316,1.9347619820419253,1,1,4,4,7,19,10,10,13,13,16,16,19,19,19,2,2,1,2,2,2,4
1333.0,1.333e-12,35.20795367797193,1.9532634124519073,1.9414661114708502,1.6449287396213466,1.9674403257085016,1.93538871054176,1.934477686042489,1,1,4,4,7,19,10,10,13,13,16,16,19,19,19,2,2,1,2,2,2,4
1333.5,1.3335000000000001e-12,35.22252441658733,1.9533619965668105,1.9421700684698673,1.6434984253445286,1.9669335504419732,1.936794995777919,1.9341686122100878,1,1,4,4,7,19,10,10,13,13,16,16,19,19,19,2,2,1,2,2,2,4
1334.0,1.3340000000000002e-12,35.23720402183194,1.953412379195791,1.942829000292913,1.6421417803107698,1.9664698612442637,1.938119768487078,1.933826197242561,1,1,4,4,7,19,10,10,13,13,16,16,19,19,19,2,2,1,2,2,2,4
1334.5,1.3345e-12,35.25201998998578,1.9534039486656922,1.9434357525273183,1.6408569150122116,1.9660362324333525,1.9393675128085066,1.9334448539874727,1,1,4,4,7,19,10,10,13,13,16,16,19,19,19,2,2,1,2,2,2,4
1335.0,1.335e-12,35.26699198339911,1.9533282348404593,1.943984383208971,1.639641610920456,1.9656163553107169,1.9405480141004956,1.9330226289183916,1,1,4,4,7,19,10,10,13,13,16,16,19,19,19,2,2,1,2,2,2,4
1335.5,1.3355000000000001e-12,35.282130805764666,1.9531798046295359,1.9444704996220987,1.6384946798166018,1.9651927626472856,1.9416748746606292,1.932561400767232,1,1,4,4,7,19,10,10,13,13,16,16,19,19,19,2,2,1,2,2,2,4
1336.0,1.3360000000000002e-12,35.297438063467,1.952956874584377,1.9448914737695746,1.6374172201477526,1.9647492587678748,1.942763611859205,1.9320666725213083,1,1,4,4,7,19,10,10,13,13,16,16,19,19,19,2,2,1,2,2,2,4
1336.5,1.3365e-12,35.31290637821149,1.9526615348080005,1.9452465059917081,1.6364134848431373,1.964273366123883,1.9438297068616899,1.931546958968414,1,1,4,4,7,19,10,10,13,13,16,16,19,19,19,2,2,1,2,2,2,4
1337.0,1.337e-12,35.32852003478268,1.952299538614887,1.9455364736868301,1.6354912150558099,1.9637583759807775,1.944886830283645,1.9310128810876235,1,1,4,4,7,19,10,10,13,13,16,16,19,19,19,2,2,1,2,2,2,4
1337.5,1.3375000000000001e-12,35.34425595358004,1.9518796948362598,1.9457635729050415,1.6346613532121113,1.9632045783839178,1.9459453892504548,1.9304761110671225,1,1,4,4,7,19,10,10,13,13,16,16,19,19,19,2,2,1,2,2,2,4
1338.0,1.3380000000000002e-12,35.3600849603019,1.951412956540499,1.945930781726703,1.6339372472295477,1.9626194143693445,1.9470115071126608,1.9299482742902199,1,1,4,4,7,19,10,10,13,13,16,16,19,19,19,2,2,1,2,2,2,4
1338.5,1.3385000000000002e-12,35.375973384446034,1.9509113598772012,1.9460412895969246,1.6333333572770359,1.962016477975347,1.9480864245977911,1.9294399441862766,1,1,4,4,7,19,10,10,13,13,16,16,19,19,19,2,2,1,2,2,2,4
1339.0,1.339e-12,35.391885180541294,1.9503869588992406,1.9460979526673454,1.6328638002555027,1.9614136161733564,1.9491663745941175,1.9289597817879605,1,1,4,4,7,19,10,10,13,13,16,16,19,19,19,2,2,1,2,2,2,4
1339.5,1.3395e-12,35.40778465875943,1.9498508500486869,1.9461029269544927,1.6325408124081369,1.9608305102072607,1.9502428717711218,1.9285139362867894,1,1,4,4,7,19,10,10,13,13,16,16,19,19,19,2,2,1,2,2,2,4
1340.0,1.3400000000000001e-12,35.42363978733317,1.9493123912432093,1.9460574685790726,1.6323734189279822,1.960286146365257,1.9513035121550264,1.9281056596644925,1,1,4,4,7,19,10,10,13,13,16,16,19,19,19,2,2,1,2,2,2,4
1340.5,1.3405000000000002e-12,35.43942561467566,1.9487786433350764,1.9459619332576814,1.6323663973997735,1.9597965315154322,1.9523332345677278,1.9277352180547085,1,1,4,4,7,19,10,10,13,13,16,16,19,19,19,2,2,1,2,2,2,4
1341.0,1.341e-12,35.45512708437914,1.948254063912478,1.9458159303605473,1.6325196515391556,1.9593728719504098,1.9533160016291082,1.9274001058858576,1,1,4,4,7,19,10,10,13,13,16,16,19,19,19,2,2,1,2,2,2,4
1341.5,1.3415e-12,35.47074053191533,1.947740463534839,1.9456185733402198,1.6328280564917221,1.9590203216248654,1.9542367595962364,1.9270955684418294,1,1,4,4,7,19,10,10,13,13,16,16,19,19,19,2,2,1,2,2,2,4
1342.0,1.3420000000000001e-12,35.48627350930531,1.947237233548859,1.945368779172247,1.6332817831107485,1.9587373131434387,1.9550834293924124,1.9268154140497296,1,1,4,4,7,19,10,10,13,13,16,16,19,19,19,2,2,1,2,2,2,4
1342.5,1.3425000000000002e-12,35.501743108272954,1.946741827546738,1.9450655562017989,1.6338671168231158,1.958515465513519,1.955848672635832,1.9265530013989984,1,1,4,4,7,19,10,10,13,13,16,16,19,19,19,2,2,1,2,2,2,4
1343.0,1.343e-12,35.517173258078905,1.9462504723803375,1.9447083232004354,1.634567628922466,1.9583400242475655,1.9565310554807316,1.9263023620106592,1,1,4,4,7,19,10,10,13,13,16,16,19,19,19,2,2,1,2,2,2,4
1343.5,1.3435e-12,35.53259160671033,1.9457590439897199,1.944297215546187,1.6353656476469176,1.958190823455847,1.9571354326417114,1.9260592473799925,1,1,4,4,7,19,10,10,13,13,16,16,19,19,19,2,2,1,2,2,2,4
1344.0,1.3440000000000001e-12,35.548026441975956,1.9452640258523688,1.9438333879577343,1.6362438584831005,1.9580437475980634,1.9576724638154563,1.9258219609733944,1,1,4,4,7,19,10,10,13,13,16,16,19,19,19,2,2,1,2,2,2,4
1344.5,1.3445000000000002e-12,35.56350389810897,1.9447634323674403,1.9433193572352336,1.6371867682876633,1.9578726887849498,1.9581573592302102,1.9255918357284103,1,1,4,4,7,19,10,10,13,13,16,16,19,19,19,2,2,1,2,2,2,4
1345.0,1.345e-12,35.57904564213112,1.944257538947486,1.9427592360648709,1.6381819174626466,1.9576518849522735,1.9586080800393668,1.9253732910624302,1,1,4,4,7,19,10,10,13,13,16,16,19,19,19,2,2,1,2,2,2,4
1345.5,1.3455e-12,35.594667089022174,1.9437493090164888,1.942158859981009,1.6392205710699108,1.9573584350861422,1.9590432994511364,1.9251734583421491,1,1,4,4,7,19,10,10,13,13,16,16,19,19,19,2,2,1,2,2,2,4
1346.0,1.3460000000000001e-12,35.61037622617506,1.9432444217919147,1.9415256967788714,1.6402978220294862,1.956974668981938,1.9594804160619277,1.9250014420250379,1,1,4,4,7,19,10,10,13,13,16,16,19,19,19,2,2,1,2,2,2,4
1346.5,1.3465000000000002e-12,35.62617306326904,1.9427508860840006,1.9408685078493193,1.6414121082820694,1.9564899732985768,1.9599338319815456,1.9248673277505135,1,1,4,4,7,19,10,10,13,13,16,16,19,19,19,2,2,1,2,2,2,4
1347.0,1.347e-12,35.64204960426704,1.9422782968087975,1.9401968590364407,1.642564141893831,1.9559017407059605,1.9604136417620475,1.9247810987158969,1,1,4,4,7,19,10,10,13,13,16,16,19,19,19,2,2,1,2,2,2,4
1347.5,1.3475e-12,35.657990336698454,1.941836850715814,1.9395204401010075,1.6437556105263753,1.9552152223000994,1.9609247843424342,1.9247515476389705,1,1,4,4,7,19,10,10,13,13,16,16,19,19,19,2,2,1,2,2,2,4
1348.0,1.3480000000000001e-12,35.67397309646613,1.9414362781281818,1.9388483947464779,1.6449877480503512,1.9544423407154798,1.961466674251174,1.9247853258710832,1,1,4,4,7,19,10,10,13,13,16,16,19,19,19,2,2,1,2,2,2,4
1348.5,1.3485000000000002e-12,35.689970321785154,1.9410848399347285,1.9381887955330834,1.6462599499134791,1.9535997524020559,1.9620333226430802,1.9248861955420418,1,1,4,4,7,19,10,10,13,13,16,16,19,19,19,2,2,1,2,2,2,4
1349.0,1.349e-12,35.70595091634469,1.94078847260261,1.937548250144328,1.647568719995398,1.9527065407930106,1.962613910607719,1.9250545319388244,1,1,4,4,7,19,10,10,13,13,16,16,19,19,19,2,2,1,2,2,2,4
1349.5,1.3495e-12,35.721882822592775,1.9405501782856662,1.9369317778343886,1.6489069029164098,1.9517819252313053,1.9631938350673657,1.9252871054864609,1,1,4,4,7,19,10,10,13,13,16,16,19,19,19,2,2,1,2,2,2,4
1350.0,1.3500000000000001e-12,35.737736389039846,1.9403696722151313,1.9363428732880783,1.650263369978045,1.950843258321606,1.9637561844540898,1.9255771723363058,1,1,4,4,7,19,10,10,13,13,16,16,19,19,19,2,2,1,2,2,2,4
1350.5,1.3505000000000002e-12,35.753488174354615,1.9402433048189363,1.9357837128924247,1.651623186809091,1.949904449735354,1.9642835677485546,1.9259148870713398,1,1,4,4,7,19,10,10,13,13,16,16,19,19,19,2,2,1,2,2,2,4
1351.0,1.3510000000000002e-12,35.76912442500474,1.9401642535652632,1.935255426512379,1.65296829439518,1.9489748679322574,1.9647601296418218,1.9262880382514072,1,1,4,4,7,19,10,10,13,13,16,16,19,19,19,2,2,1,2,2,2,4
1351.5,1.3515e-12,35.784643261892846,1.940123003026065,1.9347584527281905,1.6542785691530228,1.9480587213634437,1.9651735124083156,1.926683068455417,1,1,4,4,7,19,10,10,13,13,16,16,19,19,19,2,2,1,2,2,2,4
1352.0,1.352e-12,35.80005504099594,1.940108059307646,1.9342928454413042,1.655533300074683,1.9471549249394728,1.9655164277695383,1.9270862844355277,1,1,4,4,7,19,10,10,13,13,16,16,19,19,19,2,2,1,2,2,2,4
1352.5,1.3525000000000001e-12,35.815380815527014,1.9401068728695443,1.9338586068035535,1.6567128036151864,1.946257456735973,1.9657875738008759,1.927485117589324,1,1,4,4,7,19,10,10,13,13,16,16,19,19,19,2,2,1,2,2,2,4
1353.0,1.3530000000000002e-12,35.83064940396186,1.9401069001118918,1.9334560438805384,1.6577999647138053,1.9453562092800807,1.9659917138813976,1.9278692681183158,1,1,4,4,7,19,10,10,13,13,16,16,19,19,19,2,2,1,2,2,2,4
1353.5,1.3535e-12,35.8458938195005,1.9400966698694109,1.9330860630275761,1.658781612591048,1.9444383414774382,1.9661389281952535,1.9282315550040612,1,1,4,4,7,19,10,10,13,13,16,16,19,19,19,2,2,1,2,2,2,4
1354.0,1.354e-12,35.86114760189241,1.9400667760200165,1.9327504772190691,1.6596493584121674,1.943490091535145,1.9662431842228223,1.9285683743106357,1,1,4,4,7,19,10,10,13,13,16,16,19,19,19,2,2,1,2,2,2,4
1354.5,1.3545000000000001e-12,35.87644151863199,1.9400106353604645,1.9324521866326057,1.6603998864855452,1.9424989229298213,1.9663205012353517,1.9288796914403505,1,1,4,4,7,19,10,10,13,13,16,16,19,19,19,2,2,1,2,2,2,4
1355.0,1.3550000000000002e-12,35.89180081744964,1.9399249207579399,1.9321952523899002,1.6610345254038286,1.9414557719433407,1.9663869934696643,1.9291686251211808,1,1,4,4,7,19,10,10,13,13,16,16,19,19,19,2,2,1,2,2,2,4
1355.5,1.3555e-12,35.90724326057118,1.9398095870215737,1.9319847065128006,1.6615583528311657,1.94035704288252,1.9664570631446265,1.9294406759672305,1,1,4,4,7,19,10,10,13,13,16,16,19,19,19,2,2,1,2,2,2,4
1356.0,1.356e-12,35.92277799007252,1.9396675033806243,1.9318261651024347,1.661978883932623,1.9392059703087872,1.9665419083307958,1.9297027556388706,1,1,4,4,7,19,10,10,13,13,16,16,19,19,19,2,2,1,2,2,2,4
1356.5,1.3565000000000001e-12,35.938405231675986,1.9395037552347587,1.9317252825586586,1.6623045726956809,1.9380130259450592,1.9666484455973456,1.9299621461969245,1,1,4,4,7,19,10,10,13,13,16,16,19,19,19,2,2,1,2,2,2,4
1357.0,1.3570000000000002e-12,35.95411673348021,1.9393247304986334,1.9316871389452681,1.662543344302673,1.9367952461821858,1.9667786893980523,1.9302255083747553,1,1,4,4,7,19,10,10,13,13,16,16,19,19,19,2,2,1,2,2,2,4
1357.5,1.3575e-12,35.969896745803176,1.9391371367246641,1.9317156786529328,1.6627013344426367,1.9355745984579737,1.9669295995141145,1.9304980332921735,1,1,4,4,7,19,10,10,13,13,16,16,19,19,19,2,2,1,2,2,2,4
1358.0,1.358e-12,35.98572330991582,1.9389470930295916,1.931813337138247,1.6627819234054906,1.9343757191996767,1.9670933994550897,1.9307827938720294,1,1,4,4,7,19,10,10,13,13,16,16,19,19,19,2,2,1,2,2,2,4
1358.5,1.3585000000000001e-12,36.001569800275,1.938759354054654,1.9319808129723908,1.6627852719383178,1.9332234409062183,1.9672583226750238,1.9310803461748127,1,1,4,4,7,19,10,10,13,13,16,16,19,19,19,2,2,1,2,2,2,4
1359.0,1.3590000000000002e-12,36.01740662923652,1.9385767776250535,1.9322171107767694,1.6627082380135347,1.9321404504309654,1.96740980051706,1.9313885910069046,1,1,4,4,7,19,10,10,13,13,16,16,19,19,19,2,2,1,2,2,2,4
1359.5,1.3595e-12,36.033203277698455,1.9384000334977907,1.932519749065928,1.6625447795572128,1.9311453407495616,1.9675320160611085,1.93170292359978,1,1,4,4,7,19,10,10,13,13,16,16,19,19,19,2,2,1,2,2,2,4
1360.0,1.36e-12,36.048930754453195,1.9382275649002638,1.9328850717459494,1.662286812280857,1.9302511613627238,1.9676097230543794,1.9320166746564442,1,1,4,4,7,19,10,10,13,13,16,16,19,19,19,2,2,1,2,2,2,4
1360.5,1.3605000000000001e-12,36.06456436767556,1.9380558017643341,1.9333086502063954,1.6619253911542358,1.9294644884146606,1.967630161063673,1.9323218347739433,1,1,4,4,7,19,10,10,13,13,16,16,19,19,19,2,2,1,2,2,2,4
1361.0,1.3610000000000002e-12,36.08008649328718,1.9378795995382772,1.9337856415722279,1.6614522035041441,1.92878500625538,1.9675847925914407,1.9326100172089251,1,1,4,4,7,19,10,10,13,13,16,16,19,19,19,2,2,1,2,2,2,4
1361.5,1.3615000000000002e-12,36.095488661485334,1.9376929012491675,1.9343111385765324,1.660861106731619,1.9282056012040143,1.9674705891927498,1.932873558273263,1,1,4,4,7,19,10,10,13,13,16,16,19,19,19,2,2,1,2,2,2,4
1362.0,1.362e-12,36.11077241817284,1.937489554694858,1.9348804898745693,1.66014949702761,1.9277129892688927,1.9672906110562605,1.9331066316890861,1,1,4,4,7,19,10,10,13,13,16,16,19,19,19,2,2,1,2,2,2,4
1362.5,1.3625000000000001e-12,36.12594878751141,1.937264228350318,1.9354895521923947,1.6593193435621656,1.9272888737581917,1.9670537674022401,1.9333061951979416,1,1,4,4,7,19,10,10,13,13,16,16,19,19,19,2,2,1,2,2,2,4
1363.0,1.3630000000000001e-12,36.141036482650456,1.9370133444786772,1.9361349551194393,1.6583775825602114,1.9269116222081275,1.9667738085819517,1.9334726216797216,1,1,4,4,7,19,10,10,13,13,16,16,19,19,19,2,2,1,2,2,2,4
1363.5,1.3635000000000002e-12,36.156059404720715,1.9367358621153514,1.9368142302530815,1.6573359639601106,1.9265583771094321,1.96646772222629,1.933609914059602,1,1,4,4,7,19,10,10,13,13,16,16,19,19,19,2,2,1,2,2,2,4
1364.0,1.364e-12,36.171043839984016,1.9364338096710554,1.9375258377538813,1.6562102836159467,1.92620742221281,1.966153828370641,1.9337254714800163,1,1,4,4,7,19,10,10,13,13,16,16,19,19,19,2,2,1,2,2,2,4
1364.5,1.3645e-12,36.18601572718125,1.936112462352976,1.9382690369373632,1.6550191608224984,1.9258405251841655,1.965849848844202,1.9338294528512756,1,1,4,4,7,19,10,10,13,13,16,16,19,19,19,2,2,1,2,2,2,4
1365.0,1.3650000000000001e-12,36.20099823683933,1.935780118475304,1.939043607868251,1.6537825129222001,1.9254449041391066,1.9655711744508368,1.9339338397728913,1,1,4,4,7,19,10,10,13,13,16,16,19,19,19,2,2,1,2,2,2,4
1365.5,1.3655000000000002e-12,36.21600991946775,1.9354474667743886,1.939849355200036,1.6525200966786733,1.9250144534856477,1.965329475561193,1.9340513427275539,1,1,4,4,7,19,10,10,13,13,16,16,19,19,19,2,2,1,2,2,2,4
1366.0,1.366e-12,36.23106342467315,1.9351266708284884,1.9406856213239754,1.6512500385914157,1.924549992066991,1.965131728822085,1.934194259352015,1,1,4,4,7,19,10,10,13,13,16,16,19,19,19,2,2,1,2,2,2,4
1366.5,1.3665e-12,36.24616488349963,1.9348302708919605,1.941550804737669,1.6499876630075274,1.9240584678066737,1.964979693309001,1.9343734101286159,1,1,4,4,7,19,10,10,13,13,16,16,19,19,19,2,2,1,2,2,2,4
1367.0,1.3670000000000001e-12,36.26131385622302,1.9345700559402654,1.9424419972662075,1.6487447137792337,1.9235513190834705,1.9648698515198821,1.934597244751688,1,1,4,4,7,19,10,10,13,13,16,16,19,19,19,2,2,1,2,2,2,4
1367.5,1.3675000000000002e-12,36.27650370194894,1.934356046383413,1.943354797927768,1.6475290525564414,1.923042334638703,1.9647938209201425,1.9348711706974873,1,1,4,4,7,19,10,10,13,13,16,16,19,19,19,2,2,1,2,2,2,4
1368.0,1.368e-12,36.291722175643756,1.9341956890680032,1.9442834079727904,1.646344740131207,1.9225454100882393,1.9647392170841502,1.9351971745574088,1,1,4,4,7,19,10,10,13,13,16,16,19,19,19,2,2,1,2,2,2,4
1368.5,1.3685e-12,36.306952284496894,1.9340933072310211,1.94522086285539,1.6451926693967749,1.9220725266524648,1.9646909399734318,1.935573721266035,1,1,4,4,7,19,10,10,13,13,16,16,19,19,19,2,2,1,2,2,2,4
1369.0,1.3690000000000001e-12,36.322173412118346,1.934049838343924,1.9461594141585616,1.644071590748268,1.9216321580160143,1.9646328051020403,1.9359959672302327,1,1,4,4,7,19,10,10,13,13,16,16,19,19,19,2,2,1,2,2,2,4
1369.5,1.3695000000000002e-12,36.337362903932465,1.9340628632145875,1.9470909793745106,1.6429794326754221,1.9212281843936088,1.9645493820741597,1.936456289620214,1,1,4,4,7,19,10,10,13,13,16,16,19,19,19,2,2,1,2,2,2,4
1370.0,1.37e-12,36.352498340892744,1.934126882597643,1.9480075326259818,1.6419148225485614,1.9208593219135746,1.9644278560895434,1.9369450559711672,1,1,4,4,7,19,10,10,13,13,16,16,19,19,19,2,2,1,2,2,2,4
1370.5,1.3705e-12,36.36756045526963,1.9342338687921201,1.948901490763905,1.640878478803979,1.9205190245530201,1.9642596079340033,1.9374516808997047,1,1,4,4,7,19,10,10,13,13,16,16,19,19,19,2,2,1,2,2,2,4
1371.0,1.3710000000000001e-12,36.3825363702826,1.9343740497020885,1.949766019485586,1.6398743161589915,1.9201958350362298,1.9640412984367357,1.9379657899822431,1,1,4,4,7,19,10,10,13,13,16,16,19,19,19,2,2,1,2,2,2,4
1371.5,1.3715000000000002e-12,36.397422472087776,1.9345368371961429,1.9505952255170322,1.6389100982811697,1.9198741979080993,1.9637751985754912,1.9384783873519291,1,1,4,4,7,19,10,10,13,13,16,16,19,19,19,2,2,1,2,2,2,4
1372.0,1.372e-12,36.412226066145166,1.9347118976184474,1.9513843554818902,1.6379973865464916,1.9195357299290918,1.963468766007029,1.9389828328802168,1,1,4,4,7,19,10,10,13,13,16,16,19,19,19,2,2,1,2,2,2,4
1372.5,1.3725e-12,36.42696546533825,1.934890159010023,1.9521298706449166,1.6371509431928177,1.9191609337583135,1.9631334828481102,1.9394754958373388,1,1,4,4,7,19,10,10,13,13,16,16,19,19,19,2,2,1,2,2,2,4
1373.0,1.3730000000000001e-12,36.44166849390199,1.9350646638354168,1.9528294483011825,1.6363876129795132,1.9187312700099437,1.962783219970802,1.9399559659190366,1,1,4,4,7,19,10,10,13,13,16,16,19,19,19,2,2,1,2,2,2,4
1373.5,1.3735000000000002e-12,36.456369824653564,1.9352311253389916,1.953481877808442,1.6357248855884112,1.9182314104966207,1.9624323999601196,1.9404268052963518,1,1,4,4,7,19,10,10,13,13,16,16,19,19,19,2,2,1,2,2,2,4
1374.0,1.3740000000000002e-12,36.47110768340063,1.9353881011664407,1.954086829887792,1.635179355741919,1.917651390466241,1.9620942229483778,1.9408929062915043,1,1,4,4,7,19,10,10,13,13,16,16,19,19,19,2,2,1,2,2,2,4
1374.5,1.3745e-12,36.485920396269265,1.9355367615098733,1.954644516291084,1.634765258338238,1.9169883037124313,1.9617791447674529,1.9413605827691807,1,1,4,4,7,19,10,10,13,13,16,16,19,19,19,2,2,1,2,2,2,4
1375.0,1.375e-12,36.500843183595684,1.9356802815984149,1.955155246834733,1.634493284529594,1.9162472075753272,1.9614937307826275,1.9418365193733271,1,1,4,4,7,19,10,10,13,13,16,16,19,19,19,2,2,1,2,2,2,4
1375.5,1.3755000000000001e-12,36.51590543334906,1.9358229974816683,1.955619032236686,1.6343696688819938,1.9154410041799215,1.9612399118114459,1.942326758485645,1,1,4,4,7,19,10,10,13,13,16,16,19,19,19,2,2,1,2,2,2,4
1376.0,1.3760000000000002e-12,36.531128708883585,1.9359694218729782,1.9560352118810163,1.6343957716271775,1.9145892977855472,1.9610146829252633,1.9428357732777461,1,1,4,4,7,19,10,10,13,13,16,16,19,19,19,2,2,1,2,2,2,4
1376.5,1.3765e-12,36.54652548978087,1.9361233063790477,1.9564022957921328,1.6345680507363414,1.9137164299135287,1.9608102425931742,1.9433657535300854,1,1,4,4,7,19,10,10,13,13,16,16,19,19,19,2,2,1,2,2,2,4
1377.0,1.377e-12,36.56209871428999,1.9362868010154592,1.956717949480269,1.6348785902101257,1.9128490592814413,1.9606145645821267,1.943916145960553,1,1,4,4,7,19,10,10,13,13,16,16,19,19,19,2,2,1,2,2,2,4
1377.5,1.3775000000000001e-12,36.57784199175585,1.9364598563630888,1.9569792115765918,1.6353160219541896,1.9120136779678256,1.9604124047292313,1.9444834569219736,1,1,4,4,7,19,10,10,13,13,16,16,19,19,19,2,2,1,2,2,2,4
1378.0,1.3780000000000002e-12,36.59374040070773,1.9366398781885712,1.9571828595114371,1.6358668168019568,1.9112343827487845,1.9601866949691793,1.9450613491425301,1,1,4,4,7,19,10,10,13,13,16,16,19,19,19,2,2,1,2,2,2,4
1378.5,1.3785e-12,36.60977178048889,1.9368216554513848,1.9573258548516457,1.6365167916139733,1.9105310955410422,1.9599202376864278,1.9456410307328555,1,1,4,4,7,19,10,10,13,13,16,16,19,19,19,2,2,1,2,2,2,4
1379.0,1.379e-12,36.62590850002723,1.9369975484598514,1.9574057715904267,1.6372526567675854,1.9099183136998386,1.9595975434488795,1.9462119234026807,1,1,4,4,7,19,10,10,13,13,16,16,19,19,19,2,2,1,2,2,2,4
1379.5,1.3795000000000001e-12,36.6421197014697,1.9371579581903713,1.9574212045991766,1.6380632852578383,1.909404376097182,1.9592066069892073,1.9467625807711624,1,1,4,4,7,19,10,10,13,13,16,16,19,19,19,2,2,1,2,2,2,4
1380.0,1.3800000000000002e-12,36.65837414189567,1.9372919969081732,1.9573720048755794,1.6389406645482654,1.9089912443934758,1.9587403420789449,1.947281791782355,1,1,4,4,7,19,10,10,13,13,16,16,19,19,19,2,2,1,2,2,2,4
1380.5,1.3805e-12,36.67464346563155,1.9373883645970604,1.9572594149415858,1.6398802512160464,1.9086747679071383,1.9581974461102372,1.9477597550702725,1,1,4,4,7,19,10,10,13,13,16,16,19,19,19,2,2,1,2,2,2,4
1381.0,1.381e-12,36.69090549958612,1.9374363598091155,1.9570860985968261,1.6408807448543308,1.9084454516333784,1.957582508400928,1.9481891989776177,1,1,4,4,7,19,10,10,13,13,16,16,19,19,19,2,2,1,2,2,2,4
1381.5,1.3815000000000001e-12,36.70714686187519,1.9374269303242702,1.9568561043695354,1.6419432951134387,1.9082897569772026,1.9569053604087765,1.9485662540237427,1,1,4,4,7,19,10,10,13,13,16,16,19,19,19,2,2,1,2,2,2,4
1382.0,1.3820000000000002e-12,36.723364294272386,1.937353629218028,1.956574716853921,1.643070385681098,1.9081918981751216,1.9561797551336764,1.9488909466514763,1,1,4,4,7,19,10,10,13,13,16,16,19,19,19,2,2,1,2,2,2,4
1382.5,1.3825e-12,36.73956436017697,1.937213346974868,1.956248293331396,1.6442644573559417,1.9081360446839273,1.9554216551867118,1.9491672243580365,1,1,4,4,7,19,10,10,13,13,16,16,19,19,19,2,2,1,2,2,2,4
1383.0,1.383e-12,36.75576174804392,1.9370067047691881,1.9558840159593143,1.6455265551730198,1.9081086766810387,1.9546473887690796,1.9494025254472753,1,1,4,4,7,19,10,10,13,13,16,16,19,19,19,2,2,1,2,2,2,4
1383.5,1.3835000000000001e-12,36.771976661988035,1.936738040032483,1.9554895651648256,1.646855149263681,1.9081007552327838,1.9538719271059952,1.9496069748015812,1,1,4,4,7,19,10,10,13,13,16,16,19,19,19,2,2,1,2,2,2,4
1384.0,1.3840000000000002e-12,36.78823185298279,1.9364149869601972,1.9550727206660083,1.648245253801782,1.9081093104570388,1.9531074494271004,1.9497923462314577,1,1,4,4,7,19,10,10,13,13,16,16,19,19,19,2,2,1,2,2,2,4
1384.5,1.3845e-12,36.804549735953564,1.9360477184316665,1.9546409196764336,1.6496879371740045,1.9081381078134052,1.9523622841131114,1.9499709304597987,1,1,4,4,7,19,10,10,13,13,16,16,19,19,19,2,2,1,2,2,2,4
1385.0,1.385e-12,36.820949858363264,1.9356479390101557,1.954200853146119,1.651170231508411,1.9081972630389008,1.9516402706737304,1.9501544428143358,1,1,4,4,7,19,10,10,13,13,16,16,19,19,19,2,2,1,2,2,2,4
1385.5,1.3855000000000001e-12,36.837446920359305,1.9352278076640568,1.953758126488661,1.6526755494265675,1.9083018197660415,1.9509405329226799,1.9503530501002686,1,1,4,4,7,19,10,10,13,13,16,16,19,19,19,2,2,1,2,2,2,4
1386.0,1.3860000000000002e-12,36.854049326080364,1.9347988699005576,1.9533171068361679,1.6541844887150543,1.9084696687091514,1.95025772685245,1.950574579236777,1,1,4,4,7,19,10,10,13,13,16,16,19,19,19,2,2,1,2,2,2,4
1386.5,1.3865000000000002e-12,36.870758328255455,1.934371171965974,1.9528809269619811,1.6556760671333182,1.908719090878435,1.9495826543121801,1.9508240041547935,1,1,4,4,7,19,10,10,13,13,16,16,19,19,19,2,2,1,2,2,2,4
1387.0,1.387e-12,36.887567648928204,1.9339525656686196,1.9524516893896873,1.6571291986327819,1.909066426246518,1.9489033610515727,1.9511031762183095,1,1,4,4,7,19,10,10,13,13,16,16,19,19,19,2,2,1,2,2,2,4
1387.5,1.3875e-12,36.90446353612201,1.9335482868424465,1.9520308013543362,1.658524271082093,1.9095240973721663,1.9482066048951632,1.9514108593757336,1,1,4,4,7,19,10,10,13,13,16,16,19,19,19,2,2,1,2,2,2,4
1388.0,1.3880000000000001e-12,36.9214251730185,1.9331608133163307,1.951619371581833,1.659844601287405,1.9100991537487282,1.947479595755726,1.951743073076966,1,1,4,4,7,19,10,10,13,13,16,16,19,19,19,2,2,1,2,2,2,4
1388.5,1.3885000000000002e-12,36.93842540255887,1.9327900065818038,1.9512185752450157,1.661077567903063,1.9107923711091568,1.9467118136235262,1.9520937335681172,1,1,4,4,7,19,10,10,13,13,16,16,19,19,19,2,2,1,2,2,2,4
1389.0,1.389e-12,36.9554317343388,1.9324334960783414,1.9508299926221007,1.6622151398293405,1.9115979227713142,1.9458966874231995,1.9524555537811035,1,1,4,4,7,19,10,10,13,13,16,16,19,19,19,2,2,1,2,2,2,4
1389.5,1.3895e-12,36.97240788265084,1.9320873131142304,1.9504557839606709,1.6632538741329148,1.9125035176895013,1.945032809207192,1.9528211240811018,1,1,4,4,7,19,10,10,13,13,16,16,19,19,19,2,2,1,2,2,2,4
1390.0,1.3900000000000001e-12,36.989315959925634,1.931746685656368,1.9500988001258068,1.6641942681505248,1.9134910500897921,1.944124488145998,1.9531840544309522,1,1,4,4,7,19,10,10,13,13,16,16,19,19,19,2,2,1,2,2,2,4
1390.5,1.3905000000000002e-12,37.00611946451121,1.9314069292042086,1.9497625635363889,1.6650397293838375,1.9145377433551292,1.9431815064976787,1.9535400088374204,1,1,4,4,7,19,10,10,13,13,16,16,19,19,19,2,2,1,2,2,2,4
1391.0,1.391e-12,37.022786711721004,1.9310643505696587,1.949451246897204,1.665795204103174,1.9156177890286212,1.9422181331621382,1.9538874816985305,1,1,4,4,7,19,10,10,13,13,16,16,19,19,19,2,2,1,2,2,2,4
1391.5,1.3915e-12,37.03929412403777,1.9307170332708268,1.949169595330472,1.666465771256047,1.9167044280875898,1.941251550588431,1.9542281740304326,1,1,4,4,7,19,10,10,13,13,16,16,19,19,19,2,2,1,2,2,2,4
1392.0,1.3920000000000001e-12,37.05562860372313,1.9303653891135293,1.948922799866522,1.6670553550288638,1.917772322680912,1.9402999736906632,1.9545668967405498,1,1,4,4,7,19,10,10,13,13,16,16,19,19,19,2,2,1,2,2,2,4
1392.5,1.3925000000000002e-12,37.071788471429734,1.930012376923844,1.9487162991483191,1.6675656955860583,1.918799957004643,1.9393807431321106,1.9549110254886186,1,1,4,4,7,19,10,10,13,13,16,16,19,19,19,2,2,1,2,2,2,4
1393.0,1.393e-12,37.08778290723025,1.9296633445826363,1.9485554883425185,1.6679956744707232,1.9197717165463772,1.9385086293338403,1.955269601285085,1,1,4,4,7,19,10,10,13,13,16,16,19,19,19,2,2,1,2,2,2,4
1393.5,1.3935e-12,37.10363023168503,1.9293255168379166,1.9484453259234802,1.6683410708000113,1.9206792792127643,1.9376944914531664,1.9556522200597497,1,1,4,4,7,19,10,10,13,13,16,16,19,19,19,2,2,1,2,2,2,4
1394.0,1.3940000000000001e-12,37.11935544759792,1.9290071710967782,1.9483899481556246,1.6685946726248837,1.9215220877697345,1.9369443768533465,1.956067882855259,1,1,4,4,7,19,10,10,13,13,16,16,19,19,19,2,2,1,2,2,2,4
1394.5,1.3945000000000002e-12,37.13498759423746,1.9287166811696725,1.9483922388741126,1.6687469096505525,1.9223067607132354,1.9362590750100803,1.9565238995168939,1,1,4,4,7,19,10,10,13,13,16,16,19,19,19,2,2,1,2,2,2,4
1395.0,1.395e-12,37.15055711120329,1.9284615252945354,1.9484535264080403,1.6687868288208911,1.9230456248561039,1.935634141091879,1.9570249726409792,1,1,4,4,7,19,10,10,13,13,16,16,19,19,19,2,2,1,2,2,2,4
1395.5,1.3955e-12,37.1660933786918,1.9282473946255538,1.9485734362977365,1.668703378303232,1.9237546583261451,1.9350603860833793,1.9575725162768465,1,1,4,4,7,19,10,10,13,13,16,16,19,19,19,2,2,1,2,2,2,4
1396.0,1.3960000000000001e-12,37.1816224955137,1.9280774990043734,1.948749941321055,1.6684868475961563,1.9244512143079986,1.934524819375886,1.958164258702095,1,1,4,4,7,19,10,10,13,13,16,16,19,19,19,2,2,1,2,2,2,4
1396.5,1.3965000000000002e-12,37.1971653654421,1.9279520986951104,1.948979572129363,1.6681303111458439,1.9251518792259825,1.9340120014278372,1.9587941851321005,1,1,4,4,7,19,10,10,13,13,16,16,19,19,19,2,2,1,2,2,2,4
1397.0,1.3970000000000002e-12,37.21273615724565,1.927868321422873,1.9492577599750587,1.6676308208395718,1.9258706713293248,1.9335057509970939,1.9594527966298598,1,1,4,4,7,19,10,10,13,13,16,16,19,19,19,2,2,1,2,2,2,4
1397.5,1.3975e-12,37.22834123901187,1.927820258004689,1.9495792480585314,1.6669901397102314,1.926617703748845,1.9329910389200862,1.9601277050597394,1,1,4,4,7,19,10,10,13,13,16,16,19,19,19,2,2,1,2,2,2,4
1398.0,1.3980000000000001e-12,37.24397867665089,1.9277993044394388,1.9499384961806723,1.6662148884041432,1.9273983515693853,1.9324558331970954,1.960804553161591,1,1,4,4,7,19,10,10,13,13,16,16,19,19,19,2,2,1,2,2,2,4
1398.5,1.3985000000000001e-12,37.259638373984316,1.9277947807872655,1.9503300103988066,1.6653161045819005,1.9282128459425087,1.9318926272430266,1.9614681779742844,1,1,4,4,7,19,10,10,13,13,16,16,19,19,19,2,2,1,2,2,2,4
1399.0,1.3990000000000002e-12,37.27530287400905,1.9277947010717897,1.95074862466194,1.6643082425842,1.9290563752871954,1.9312993926693494,1.9621039499337989,1,1,4,4,7,19,10,10,13,13,16,16,19,19,19,2,2,1,2,2,2,4
1399.5,1.3995e-12,37.290948963064366,1.927786698762771,1.9511896937403432,1.6632078630653828,1.9299196046604203,1.9306797834550562,1.962699095281207,1,1,4,4,7,19,10,10,13,13,16,16,19,19,19,2,2,1,2,2,2,4
1400.0,1.4e-12,37.30655014198954,1.9277590160858438,1.9516492641604193,1.6620321551231656,1.9307896731907856,1.9300426095175582,1.9632438163415293,1,1,4,4,7,19,10,10,13,13,16,16,19,19,19,2,2,1,2,2,2,4
1400.5,1.4005000000000001e-12,37.322080003397566,1.9277014775376173,1.9521241981842017,1.6607975423684118,1.9316516364424445,1.9294006039114324,1.9637320840517927,1,1,4,4,7,19,10,10,13,13,16,16,19,19,19,2,2,1,2,2,2,4
1401.0,1.4010000000000002e-12,37.33751615024889,1.9276063211475354,1.9526122598544482,1.659518491361761,1.9324903355453829,1.9287687526410981,1.9641619472288883,1,1,4,4,7,19,10,10,13,13,16,16,19,19,19,2,2,1,2,2,2,4
1401.5,1.4015e-12,37.35284395102867,1.9274687810299043,1.9531121219622478,1.658206632894257,1.9332925352218335,1.9281624411761373,1.9645353221114865,1,1,4,4,7,19,10,10,13,13,16,16,19,19,19,2,2,1,2,2,2,4
1402.0,1.402e-12,37.36805928624895,1.9272873276237086,1.9536232467284196,1.65687026677138,1.9340490628017177,1.9275956689339,1.9648573128278786,1,1,4,4,7,19,10,10,13,13,16,16,19,19,19,2,2,1,2,2,2,4
1402.5,1.4025000000000001e-12,37.38316966472703,1.9270635284458681,1.9541456171720615,1.6555142908833926,1.934756582093737,1.9270795272575876,1.9651351908044026,1,1,4,4,7,19,10,10,13,13,16,16,19,19,19,2,2,1,2,2,2,4
1403.0,1.4030000000000002e-12,37.39819358672185,1.9268015482731575,1.9546793414986037,1.654140551576404,1.9354186454262394,1.9266210619034574,1.9653772050874907,1,1,4,4,7,19,10,10,13,13,16,16,19,19,19,2,2,1,2,2,2,4
1403.5,1.4035e-12,37.41315855271334,1.926507398865632,1.9552241444815812,1.6527486722973916,1.9360457379657872,1.9262225817196101,1.9655913680869084,1,1,4,4,7,19,10,10,13,13,16,16,19,19,19,2,2,1,2,2,2,4
1404.0,1.404e-12,37.428098241712746,1.926188027918555,1.9557788817706008,1.6513372045183559,1.9366543228404918,1.925881435861358,1.965784367008763,1,1,4,4,7,19,10,10,13,13,16,16,19,19,19,2,2,1,2,2,2,4
1404.5,1.4045000000000001e-12,37.44304938019281,1.9258503956122686,1.95634118155784,1.649904965905394,1.93726505213492,1.9255902435946777,1.9659607129562013,1,1,4,4,7,19,10,10,13,13,16,16,19,19,19,2,2,1,2,2,2,4
1405.0,1.4050000000000002e-12,37.45804873989709,1.9255006564037205,1.9569072132456025,1.6484524996259142,1.937900461997899,1.9253375898415774,1.9661221351136542,1,1,4,4,7,19,10,10,13,13,16,16,19,19,19,2,2,1,2,2,2,4
1405.5,1.4055e-12,37.47313041614194,1.9251435151379472,1.9574716669048453,1.6469833542565913,1.9385825548359843,1.9251091530492757,1.9662672845200377,1,1,4,4,7,19,10,10,13,13,16,16,19,19,19,2,2,1,2,2,2,4
1406.0,1.406e-12,37.488323514893025,1.9247818068164293,1.9580279229667146,1.6455049790932845,1.9393305874974684,1.9248892194606368,1.9663917583651742,1,1,4,4,7,19,10,10,13,13,16,16,19,19,19,2,2,1,2,2,2,4
1406.5,1.4065000000000001e-12,37.50365034479525,1.924416317903195,1.958568371409187,1.644029056222459,1.9401592755189976,1.9246624667710703,1.9664884574850041,1,1,4,4,7,19,10,10,13,13,16,16,19,19,19,2,2,1,2,2,2,4
1407.0,1.4070000000000002e-12,37.519125205404464,1.92404585021364,1.9590848186815617,1.642571193653542,1.941077519360054,1.9244158402087275,1.9665482724037957,1,1,4,4,7,19,10,10,13,13,16,16,19,19,19,2,2,1,2,2,2,4
1407.5,1.4075e-12,37.534753813781485,1.9236675167980477,1.9595689304265524,1.641150004612814,1.9420876791567576,1.924140255735309,1.96656108214177,1,1,4,4,7,19,10,10,13,13,16,16,19,19,19,2,2,1,2,2,2,4
1408.0,1.408e-12,37.550533377200345,1.9232772557373305,1.960012639560907,1.639785796955627,1.9431853733448154,1.9238319142295863,1.966516930402964,1,1,4,4,7,19,10,10,13,13,16,16,19,19,19,2,2,1,2,2,2,4
1408.5,1.4085000000000001e-12,37.56645316039749,1.9228704925328597,1.9604085423105557,1.6384989989959622,1.9443598250944067,1.9234929180623561,1.9664073514412235,1,1,4,4,7,19,10,10,13,13,16,16,19,19,19,2,2,1,2,2,2,4
1409.0,1.4090000000000002e-12,37.58249544273389,1.922442976347133,1.9607502564014077,1.637308592569929,1.945594663796086,1.9231311278118817,1.9662265999990254,1,1,4,4,7,19,10,10,13,13,16,16,19,19,19,2,2,1,2,2,2,4
1409.5,1.4095000000000002e-12,37.59863680938059,1.921991633935949,1.9610327310676474,1.6362307846289295,1.9468692361437898,1.922759289223724,1.9659726053527655,1,1,4,4,7,19,10,10,13,13,16,16,19,19,19,2,2,1,2,2,2,4
1410.0,1.41e-12,37.61484982027092,1.9215153805285181,1.961252506771541,1.6352779938236992,1.94816036102483,1.9223935739091569,1.965647499465032,1,1,4,4,7,19,10,10,13,13,16,16,19,19,19,2,2,1,2,2,2,4
1410.5,1.4105e-12,37.63110518274802,1.9210157663591956,1.9614078826656833,1.6344582348081542,1.9494444410336222,1.9220517812382247,1.965257612582303,1,1,4,4,7,19,10,10,13,13,16,16,19,19,19,2,2,1,2,2,2,4
1411.0,1.4110000000000001e-12,37.647374444323994,1.920497341785796,1.9614989369321247,1.6337749253279121,1.9506997579577472,1.9217514550562564,1.964812932922958,1,1,4,4,7,19,10,10,13,13,16,16,19,19,19,2,2,1,2,2,2,4
1411.5,1.4115000000000002e-12,37.663632937978896,1.9199676573638944,1.9615273517505045,1.6332271352029157,1.9519086582863867,1.9215081396675522,1.9643261181035168,1,1,4,4,7,19,10,10,13,13,16,16,19,19,19,2,2,1,2,2,2,4
1412.0,1.412e-12,37.67986245014666,1.9194368777160848,1.9614960338507696,1.6328102623375573,1.9530592741714252,1.9213339367307871,1.9638112126952283,1,1,4,4,7,19,10,10,13,13,16,16,19,19,19,2,2,1,2,2,2,4
1412.5,1.4125e-12,37.696053041616395,1.9189170567694462,1.961408552472477,1.6325171104601914,1.9541464365281054,1.921236455108912,1.9632822584984346,1,1,4,4,7,19,10,10,13,13,16,16,19,19,19,2,2,1,2,2,2,4
1413.0,1.4130000000000001e-12,37.712203629464156,1.9184211658618693,1.961268534701642,1.6323392209197938,1.9551715952538016,1.921218242339728,1.9627519704275276,1,1,4,4,7,19,10,10,13,13,16,16,19,19,19,2,2,1,2,2,2,4
1413.5,1.4135000000000002e-12,37.72832141995224,1.9179620372961184,1.961079041551491,1.632268382647616,1.9561417589351136,1.921276662808057,1.9622306012776751,1,1,4,4,7,19,10,10,13,13,16,16,19,19,19,2,2,1,2,2,2,4
1414.0,1.414e-12,37.744420412313396,1.917551341378721,1.9608420971734934,1.632298034152786,1.9570677061862691,1.9214042594534717,1.9617250844698406,1,1,4,4,7,19,10,10,13,13,16,16,19,19,19,2,2,1,2,2,2,4
1414.5,1.4145e-12,37.76051936023929,1.9171987075075543,1.960558421582842,1.6324243516165469,1.9579618276891808,1.9215895753917291,1.9612384994114451,1,1,4,4,7,19,10,10,13,13,16,16,19,19,19,2,2,1,2,2,2,4
1415.0,1.4150000000000001e-12,37.77663951115391,1.9169110607994249,1.9602273937510202,1.6326468239623608,1.958835966453833,1.9218184040396835,1.9607698776770934,1,1,4,4,7,19,10,10,13,13,16,16,19,19,19,2,2,1,2,2,2,4
1415.5,1.4155000000000002e-12,37.79280233802726,1.9166922144010865,1.9598472346719815,1.6329681971832064,1.9596995381895412,1.9220753963868134,1.9603143633068119,1,1,4,4,7,19,10,10,13,13,16,16,19,19,19,2,2,1,2,2,2,4
1416.0,1.416e-12,37.8090274438919,1.9165427279771154,1.9594153238861725,1.6333938429113504,1.9605581014739368,1.922345897937097,1.9598637192745856,1,1,4,4,7,19,10,10,13,13,16,16,19,19,19,2,2,1,2,2,2,4
1416.5,1.4165e-12,37.825330701093606,1.9164600406208565,1.9589286372511527,1.6339306059549388,1.9614124239227333,1.9226177899690167,1.959407189200557,1,1,4,4,7,19,10,10,13,13,16,16,19,19,19,2,2,1,2,2,2,4
1417.0,1.4170000000000001e-12,37.841722741866036,1.916438865120581,1.9583842156684637,1.634585376848216,1.9622580680547057,1.9228830974920634,1.958932653889592,1,1,4,4,7,19,10,10,13,13,16,16,19,19,19,2,2,1,2,2,2,4
1417.5,1.4175000000000002e-12,37.85820786271449,1.9164718173558826,1.95777961274268,1.6353636257940156,1.9630854596026952,1.9231390787024105,1.9584279935988298,1,1,4,4,7,19,10,10,13,13,16,16,19,19,19,2,2,1,2,2,2,4
1418.0,1.418e-12,37.874783355603256,1.9165502407516029,1.957113337411854,1.6362680585916891,1.9638804245122268,1.9233886168668497,1.9578825014042032,1,1,4,4,7,19,10,10,13,13,16,16,19,19,19,2,2,1,2,2,2,4
1418.5,1.4185e-12,37.89143930639208,1.916665159391863,1.956385201334884,1.637297654753426,1.964625176332231,1.9236398263709988,1.9572881449746098,1,1,4,4,7,19,10,10,13,13,16,16,19,19,19,2,2,1,2,2,2,4
1419.0,1.4190000000000001e-12,37.90815877455948,1.9168082583521069,1.9555966435649816,1.6384470489123981,1.9652997433592652,1.9239049622596331,1.9566404915015927,1,1,4,4,7,19,10,10,13,13,16,16,19,19,19,2,2,1,2,2,2,4
1419.5,1.4195000000000002e-12,37.924918419826234,1.9169727817135225,1.9547509563847507,1.6397063572132762,1.9658837890132639,1.9241988272412935,1.9559391336210306,1,1,4,4,7,19,10,10,13,13,16,16,19,19,19,2,2,1,2,2,2,4
1420.0,1.4200000000000002e-12,37.941689713525264,1.91715422214147,1.9538533724603468,1.6410614406364452,1.966358718124014,1.9245369382418733,1.9551875529467475,1,1,4,4,7,19,10,10,13,13,16,16,19,19,19,2,2,1,2,2,2,4
1420.5,1.4205e-12,37.958440940958084,1.9173506994395197,1.9529109600562644,1.6424945905566917,1.9667098668449097,1.9249337062599408,1.9543924613097623,1,1,4,4,7,19,10,10,13,13,16,16,19,19,19,2,2,1,2,2,2,4
1421.0,1.4210000000000001e-12,37.97514008610073,1.9175629679917934,1.9519322918977562,1.6439856040723466,1.9669284717513922,1.925400832500943,1.9535627472670687,1,1,4,4,7,19,10,10,13,13,16,16,19,19,19,2,2,1,2,2,2,4
1421.5,1.4215000000000002e-12,37.99175836294152,1.9177940448011164,1.9509268847189618,1.6455132001088326,1.9670130787514313,1.9259460523200662,1.9527081999430416,1,1,4,4,7,19,10,10,13,13,16,16,19,19,19,2,2,1,2,2,2,4
1422.0,1.4220000000000002e-12,38.008273735896665,1.9180485504394515,1.9499045254738359,1.6470565459708337,1.966970050672984,1.9265723267111714,1.9518382042494817,1,1,4,4,7,19,10,10,13,13,16,16,19,19,19,2,2,1,2,2,2,4
1422.5,1.4225e-12,38.024673691348816,1.9183318308338835,1.9488745203333904,1.6485968419155566,1.9668130904104795,1.9272774775651005,1.9509605476917518,1,1,4,4,7,19,10,10,13,13,16,16,19,19,19,2,2,1,2,2,2,4
1423.0,1.423e-12,38.04095663546288,1.9186490105936629,1.947845027316403,1.6501186468637608,1.9665618116485344,1.9280542858313119,1.9500804701739007,1,1,4,4,7,19,10,10,13,13,16,16,19,19,19,2,2,1,2,2,2,4
1423.5,1.4235000000000001e-12,38.057131735369474,1.919004119738157,1.9468226011706657,1.6516106889421147,1.9662396428739177,1.928891055961182,1.949200014253436,1,1,4,4,7,19,10,10,13,13,16,16,19,19,19,2,2,1,2,2,2,4
1424.0,1.4240000000000002e-12,38.07321744366165,1.9193993726292307,1.9458119848929212,1.6530660730167943,1.9658714437177525,1.9297726032440754,1.9483177132296565,1,1,4,4,7,19,10,10,13,13,16,16,19,19,19,2,2,1,2,2,2,4
1424.5,1.4245e-12,38.089239119182835,1.9198346672361968,1.944816163147525,1.6544818441676516,1.9654811851619132,1.9306816239238533,1.9474286235147562,1,1,4,4,7,19,10,10,13,13,16,16,19,19,19,2,2,1,2,2,2,4
1425.0,1.425e-12,38.105226170816806,1.9203073369666988,1.9438366405192995,1.6558580082461893,1.9650899470227685,1.9316003541515896,1.9465247043528182,1,1,4,4,7,19,10,10,13,13,16,16,19,19,19,2,2,1,2,2,2,4
1425.5,1.4255000000000001e-12,38.121209070326486,1.9208121652468282,1.9428738515337074,1.6571962307889356,1.964714361425625,1.932512378440099,1.945595533023154,1,1,4,4,7,19,10,10,13,13,16,16,19,19,19,2,2,1,2,2,2,4
1426.0,1.4260000000000002e-12,38.13721641943022,1.9213416602200912,1.9419277068391854,1.658498307325283,1.9643655891871943,1.9334043670249228,1.9446293248997204,1,1,4,4,7,19,10,10,13,13,16,16,19,19,19,2,2,1,2,2,2,4
1426.5,1.4265e-12,38.15327237323795,1.9218865717156928,1.9409980709580412,1.6597648361178556,1.9640487724802795,1.9342675147506234,1.943614198641373,1,1,4,4,7,19,10,10,13,13,16,16,19,19,19,2,2,1,2,2,2,4
1427.0,1.427e-12,38.1693945384418,1.9224366292145014,1.9400852198158065,1.6609941110119422,1.963763000769795,1.9350984450518198,1.9425395709351767,1,1,4,4,7,19,10,10,13,13,16,16,19,19,19,2,2,1,2,2,2,4
1427.5,1.4275000000000001e-12,38.18559251992426,1.9229814660168008,1.9391902442754925,1.6621813555123413,1.963501771378122,1.9358994140015091,1.9413975219064623,1,1,4,4,7,19,10,10,13,13,16,16,19,19,19,2,2,1,2,2,2,4
1428.0,1.4280000000000002e-12,38.20186726604355,1.9235116106567793,1.9383153168980851,1.6633184538340877,1.9632539840914758,1.9366777878810273,1.9401839002517598,1,1,4,4,7,19,10,10,13,13,16,16,19,19,19,2,2,1,2,2,2,4
1428.5,1.4285e-12,38.218211157744356,1.924019485424784,1.9374639077415938,1.6643940465776819,1.963005429555787,1.9374448810025766,1.938899036172234,1,1,4,4,7,19,10,10,13,13,16,16,19,19,19,2,2,1,2,2,2,4
1429.0,1.429e-12,38.23460877250305,1.9245002613624516,1.9366408635237866,1.6653940659239304,1.9627407110129667,1.9382143630681472,1.937547921954718,1,1,4,4,7,19,10,10,13,13,16,16,19,19,19,2,2,1,2,2,2,4
1429.5,1.4295000000000001e-12,38.25103817676136,1.9249524529173985,1.9358523241025911,1.6663026539774641,1.9624454355773133,1.939000483489961,1.936139842030175,1,1,4,4,7,19,10,10,13,13,16,16,19,19,19,2,2,1,2,2,2,4
1430.0,1.4300000000000002e-12,38.26747267075627,1.9253781536167924,1.9351054477296576,1.6671033970386961,1.9621084097992993,1.939816345858128,1.9346875342275862,1,1,4,4,7,19,10,10,13,13,16,16,19,19,19,2,2,1,2,2,2,4
1430.5,1.4305e-12,38.2838829946842,1.9257828677032494,1.9344079423675309,1.6677807634640451,1.961723490477733,1.940672411572486,1.9332060294385331,1,1,4,4,7,19,10,10,13,13,16,16,19,19,19,2,2,1,2,2,2,4
1431.0,1.431e-12,38.30024001480365,1.9261749603457499,1.9337674341790556,1.668321596979249,1.9612907390221879,1.9415753483901794,1.9317113346958528,1,1,4,4,7,19,10,10,13,13,16,16,19,19,19,2,2,1,2,2,2,4
1431.5,1.4315000000000001e-12,38.316517702449254,1.9265648082166642,1.9331907664039358,1.6687164488658381,1.9608166207506597,1.9425273334773017,1.9302190887300856,1,1,4,4,7,19,10,10,13,13,16,16,19,19,19,2,2,1,2,2,2,4
1432.0,1.4320000000000002e-12,38.3326959367278,1.9269637722951332,1.932683343554122,1.6689605149860387,1.9603131896482902,1.9435257588311334,1.9287433825704912,1,1,4,4,7,19,10,10,13,13,16,16,19,19,19,2,2,1,2,2,2,4
1432.5,1.4325000000000002e-12,38.34876259942095,1.9273831189371684,1.9322486085682509,1.6690540351815966,1.9597964204768696,1.9445633896926156,1.9272957796616423,1,1,4,4,7,19,10,10,13,13,16,16,19,19,19,2,2,1,2,2,2,4
1433.0,1.433e-12,38.3647145045247,1.9278330313482368,1.9318877846720668,1.6690020327243509,1.9592840196238956,1.9456289769869497,1.925884631117879,1,1,4,4,7,19,10,10,13,13,16,16,19,19,19,2,2,1,2,2,2,4
1433.5,1.4335000000000001e-12,38.3805571171588,1.9283217928465355,1.9315998895702882,1.6688134698902133,1.9587931068528581,1.9467082678019525,1.9245147224185808,1,1,4,4,7,19,10,10,13,13,16,16,19,19,19,2,2,1,2,2,2,4
1434.0,1.4340000000000002e-12,38.396303285375645,1.9288552084047383,1.9313820104278716,1.6684999774240514,1.9583381026872266,1.9477853622552312,1.9231872673388284,1,1,4,4,7,19,10,10,13,13,16,16,19,19,19,2,2,1,2,2,2,4
1434.5,1.4345000000000002e-12,38.41197133943173,1.9294362926112356,1.931229785273221,1.668074358653726,1.9579290397928033,1.94884433158432,1.9219002410604906,1,1,4,4,7,19,10,10,13,13,16,16,19,19,19,2,2,1,2,2,2,4
1435.0,1.435e-12,38.4275829472355,1.9300652166625984,1.931137964005096,1.6675491434089145,1.9575704069627524,1.9498709030525092,1.920649067547811,1,1,4,4,7,19,10,10,13,13,16,16,19,19,19,2,2,1,2,2,2,4
1435.5,1.4355e-12,38.44316094539325,1.9307395364720872,1.9311009943813893,1.66693532220746,1.9572605206190863,1.9508540662607359,1.9194275751891265,1,1,4,4,7,19,10,10,13,13,16,16,19,19,19,2,2,1,2,2,2,4
1436.0,1.4360000000000001e-12,38.458727315010215,1.9314546614642798,1.9311135564569393,1.666241386442526,1.9569914275179183,1.9517873271865098,1.9182291850716509,1,1,4,4,7,19,10,10,13,13,16,16,19,19,19,2,2,1,2,2,2,4
1436.5,1.4365000000000002e-12,38.474301390887575,1.93220453806711,1.9311709929412382,1.665472757481952,1.9567493130196107,1.9526693979568497,1.9170482122422536,1,1,4,4,7,19,10,10,13,13,16,16,19,19,19,2,2,1,2,2,2,4
1437.0,1.437e-12,38.48989836328347,1.9329825167753392,1.93126959572764,1.6646316665563845,1.9565153803342428,1.953504217785009,1.9158810799553962,1,1,4,4,7,19,10,10,13,13,16,16,19,19,19,2,2,1,2,2,2,4
1437.5,1.4375e-12,38.50552808177859,1.93378229908321,1.931406778657272,1.6637174485814779,1.956267197067539,1.9543002795147428,1.9147272818438774,1,1,4,4,7,19,10,10,13,13,16,16,19,19,19,2,2,1,2,2,2,4
1438.0,1.4380000000000001e-12,38.52119420795835,1.9345988585892806,1.931581118948509,1.6627272503094708,1.9559804804206045,1.9550693935953927,1.913589910025251,1,1,4,4,7,19,10,10,13,13,16,16,19,19,19,2,2,1,2,2,2,4
1438.5,1.4385000000000002e-12,38.5368937391614,1.9354292010086325,1.9317922472245337,1.6616571162182534,1.9556312042538015,1.9558250733215845,1.9124756758314592,1,1,4,4,7,19,10,10,13,13,16,16,19,19,19,2,2,1,2,2,2,4
1439.0,1.439e-12,38.55261689667731,1.9362728469318542,1.9320405904589875,1.660503331342895,1.9551978534567966,1.9565808047263633,1.9113944048141815,1,1,4,4,7,19,10,10,13,13,16,16,19,19,19,2,2,1,2,2,2,4
1439.5,1.4395e-12,38.56834740640152,1.9371319428490732,1.9323269576416873,1.6592638850674053,1.954663562922394,1.957348409393152,1.9103581115470583,1,1,4,4,7,19,10,10,13,13,16,16,19,19,19,2,2,1,2,2,2,4
1440.0,1.4400000000000001e-12,38.58406328162521,1.9380109812724575,1.9326519955862396,1.657939857232307,1.9540178193018451,1.9581366668135292,1.9093798049948223,1,1,4,4,7,19,10,10,13,13,16,16,19,19,19,2,2,1,2,2,2,4
1440.5,1.4405000000000002e-12,38.59973827511823,1.938916148045556,1.9330156124206714,1.6565364547053743,1.9532574500345494,1.9589502966812986,1.908472203517041,1,1,4,4,7,19,10,10,13,13,16,16,19,19,19,2,2,1,2,2,2,4
1441.0,1.441e-12,38.615344236674154,1.9398544454255782,1.9334163891341947,1.6550635873739903,1.952386664657526,1.9597893494682084,1.9076464975781882,1,1,4,4,7,19,10,10,13,13,16,16,19,19,19,2,2,1,2,2,2,4
1441.5,1.4415e-12,38.63085421613969,1.9408326740886357,1.9338511526225568,1.6535357790216514,1.9514161686257612,1.9606490379894164,1.9069112846817207,1,1,4,4,7,19,10,10,13,13,16,16,19,19,19,2,2,1,2,2,2,4
1442.0,1.4420000000000001e-12,38.64624588945053,1.9418564631005322,1.9343147505946916,1.6519714581815526,1.9503614969199783,1.9615200185693487,1.9062717434790106,1,1,4,4,7,19,10,10,13,13,16,16,19,19,19,2,2,1,2,2,2,4
1442.5,1.4425000000000002e-12,38.661504521588526,1.9429294240657604,1.9348001629844316,1.6503916306572175,1.949240927288206,1.9623891094641317,1.905729141537868,1,1,4,4,7,19,10,10,13,13,16,16,19,19,19,2,2,1,2,2,2,4
1443.0,1.4430000000000002e-12,38.676624945419945,1.9440525190324875,1.9352988170691463,1.648818357847795,1.948073284086661,1.96324039627996,1.9052806670476334,1,1,4,4,7,19,10,10,13,13,16,16,19,19,19,2,2,1,2,2,2,4
1443.5,1.4435e-12,38.6916122094726,1.9452236844084425,1.9358011348615474,1.647273147642824,1.9468759576412489,1.9640566690879486,1.9049196123134022,1,1,4,4,7,19,10,10,13,13,16,16,19,19,19,2,2,1,2,2,2,4
1444.0,1.4440000000000001e-12,38.70648100082096,1.9464377207001005,1.9362972035743335,1.64577550086885,1.9456633239229801,1.964821072618044,1.904635903257259,1,1,4,4,7,19,10,10,13,13,16,16,19,19,19,2,2,1,2,2,2,4
1444.5,1.4445000000000002e-12,38.72125417144382,1.9476864511158845,1.9367774654452865,1.6443417581964852,1.944445640717767,1.965518801937446,1.9044169523044725,1,1,4,4,7,19,10,10,13,13,16,16,19,19,19,2,2,1,2,2,2,4
1445.0,1.4450000000000002e-12,38.73596073922969,1.9489591319720263,1.9372333395871775,1.6429843230491181,1.9432284386710268,1.9661386394108016,1.9042487894129148,1,1,4,4,7,19,10,10,13,13,16,16,19,19,19,2,2,1,2,2,2,4
1445.5,1.4455e-12,38.75063368591654,1.95024312216218,1.9376576675946346,1.641711365581087,1.9420123459450196,1.9666740732281196,1.904117391255488,1,1,4,4,7,19,10,10,13,13,16,16,19,19,19,2,2,1,2,2,2,4
1446.0,1.446e-12,38.76530763995761,1.951524728744551,1.9380450314402944,1.6405268961802992,1.9407934095702017,1.967123872803537,1.9040100742619588,1,1,4,4,7,19,10,10,13,13,16,16,19,19,19,2,2,1,2,2,2,4
1446.5,1.4465000000000001e-12,38.78001654722982,1.9527902061838276,1.938391863277358,1.6394313171769306,1.9395638368249888,1.9674919627593632,1.903916771677149,1,1,4,4,7,19,10,10,13,13,16,16,19,19,19,2,2,1,2,2,2,4
1447.0,1.4470000000000002e-12,38.79479134676288,1.9540267989741433,1.938696372678555,1.6384224041684452,1.938313184037378,1.9677866356389253,1.9038310157362714,1,1,4,4,7,19,10,10,13,13,16,16,19,19,19,2,2,1,2,2,2,4
1447.5,1.4475e-12,38.80965764947861,1.9552237315552412,1.9389584145795533,1.6374964859083525,1.937029975755269,1.9680192991695267,1.9037504399377645,1,1,4,4,7,19,10,10,13,13,16,16,19,19,19,2,2,1,2,2,2,4
1448.0,1.448e-12,38.82463373993665,1.956372989063461,1.939179171338422,1.6366499014459441,1.9357036278998352,1.9682028845545898,1.9036767548305626,1,1,4,4,7,19,10,10,13,13,16,16,19,19,19,2,2,1,2,2,2,4
1448.5,1.4485000000000001e-12,38.83972908102826,1.957469794494838,1.9393607472551426,1.635880411271508,1.9343264920773002,1.9683502049648625,1.903615201247454,1,1,4,4,7,19,10,10,13,13,16,16,19,19,19,2,2,1,2,2,2,4
1449.0,1.4490000000000002e-12,38.85494358700984,1.9585127112358844,1.9395056678548723,1.6351883811459302,1.9328957248658547,1.9684724483696,1.90357359518435,1,1,4,4,7,19,10,10,13,13,16,16,19,19,19,2,2,1,2,2,2,4
1449.5,1.4495e-12,38.87026779476204,1.9595033263841763,1.9396163384172038,1.6345775280093477,1.931414675330181,1.9685779368618377,1.9035611477471206,1,1,4,4,7,19,10,10,13,13,16,16,19,19,19,2,2,1,2,2,2,4
1450.0,1.45e-12,38.8856839920902,1.960445616760615,1.9396945208804643,1.6340550609540272,1.9298934624314008,1.9686712436572402,1.9035872223811743,1,1,4,4,7,19,10,10,13,13,16,16,19,19,19,2,2,1,2,2,2,4
1450.5,1.4505000000000001e-12,38.90116831712745,1.961345076300638,1.9397409066821723,1.6336311914099353,1.928348594104902,1.9687527021627038,1.903660180028927,1,1,4,4,7,19,10,10,13,13,16,16,19,19,19,2,2,1,2,2,2,4
1451.0,1.4510000000000002e-12,38.91669376717034,1.9622077504058355,1.939754862736538,1.6333180951704391,1.926801658673095,1.9688183286446228,1.903786420719837,1,1,4,4,7,19,10,10,13,13,16,16,19,19,19,2,2,1,2,2,2,4
1451.5,1.4515e-12,38.932233860883784,1.9630393044094254,1.939734389142176,1.6331285308065846,1.9252773261040441,1.9688601546457418,1.9039696772099601,1,1,4,4,7,19,10,10,13,13,16,16,19,19,19,2,2,1,2,2,2,4
1452.0,1.452e-12,38.9477662819734,1.963844220305208,1.9396763908624126,1.633074212002639,1.9238009899654647,1.9688669911876047,1.9042106077645549,1,1,4,4,7,19,10,10,13,13,16,16,19,19,19,2,2,1,2,2,2,4
1452.5,1.4525000000000001e-12,38.96327591844969,1.9646252102550563,1.9395771148387924,1.633164347225104,1.9223964155154076,1.9688255709408853,1.9045066949939398,1,1,4,4,7,19,10,10,13,13,16,16,19,19,19,2,2,1,2,2,2,4
1453.0,1.4530000000000002e-12,38.978756629120724,1.9653828756503218,1.9394327572456533,1.6334044213508176,1.921083687854739,1.9687220195228878,1.9048524648409944,1,1,4,4,7,19,10,10,13,13,16,16,19,19,19,2,2,1,2,2,2,4
1453.5,1.4535e-12,38.99421154280344,1.9661156242639775,1.9392401262449934,1.6337953600211337,1.919877643509634,1.9685435221810785,1.9052400233202325,1,1,4,4,7,19,10,10,13,13,16,16,19,19,19,2,2,1,2,2,2,4
1454.0,1.454e-12,39.009652092191885,1.9668198438920934,1.9389972477420943,1.6343331447185767,1.9187868523487621,1.968279997684389,1.9056598916178367,1,1,4,4,7,19,10,10,13,13,16,16,19,19,19,2,2,1,2,2,2,4
1454.5,1.4545000000000001e-12,39.025096211486385,1.967490317246966,1.9387038365257008,1.6350088837984356,1.9178131573155377,1.9679255493574475,1.9061020898118746,1,1,4,4,7,19,10,10,13,13,16,16,19,19,19,2,2,1,2,2,2,4
1455.0,1.4550000000000002e-12,39.040566191909875,1.9681208596996365,1.9383615376543606,1.6358093877738344,1.916951740937623,1.9674794279453056,1.9065573988857782,1,1,4,4,7,19,10,10,13,13,16,16,19,19,19,2,2,1,2,2,2,4
1455.5,1.4555000000000002e-12,39.05608646950657,1.9687051092718353,1.9379739828576799,1.6367181359185932,1.916191722134813,1.9669463827170786,1.9070186193232614,1,1,4,4,7,19,10,10,13,13,16,16,19,19,19,2,2,1,2,2,2,4
1456.0,1.456e-12,39.07168151922075,1.969237423414133,1.9375466691274856,1.6377165957354702,1.9155172461278405,1.966336286765971,1.9074816773893124,1,1,4,4,7,19,10,10,13,13,16,16,19,19,19,2,2,1,2,2,2,4
1456.5,1.4565000000000001e-12,39.08737386198357,1.969713757621207,1.9370867052792804,1.6387857427043675,1.9149090605849044,1.9656631187211984,1.9079463956278337,1,1,4,4,7,19,10,10,13,13,16,16,19,19,19,2,2,1,2,2,2,4
1457.0,1.4570000000000002e-12,39.10318225597296,1.9701324307213937,1.9366023859708965,1.6399077324224896,1.914346476825889,1.964943471264941,1.9084167320796763,1,1,4,4,7,19,10,10,13,13,16,16,19,19,19,2,2,1,2,2,2,4
1457.5,1.4575000000000002e-12,39.11912000581416,1.9704946426710062,1.9361027548678678,1.6410672992634603,1.9138095765102878,1.964194831906,1.9089004952680373,1,1,4,4,7,19,10,10,13,13,16,16,19,19,19,2,2,1,2,2,2,4
1458.0,1.458e-12,39.13519358343699,1.970804658643155,1.9355970914426428,1.6422527871798125,1.9132814024629756,1.9634338623095189,1.9094085510931385,1,1,4,4,7,19,10,10,13,13,16,16,19,19,19,2,2,1,2,2,2,4
1458.5,1.4585e-12,39.15140169511155,1.971069610245619,1.9350943670454683,1.643456611480693,1.9127498231106357,1.9626748711117132,1.9099536653089713,1,1,4,4,7,19,10,10,13,13,16,16,19,19,19,2,2,1,2,2,2,4
1459.0,1.4590000000000001e-12,39.16773490779074,1.9712989382546835,1.9346026955819944,1.6446750972074482,1.9122087425274614,1.9619286070583435,1.9105491608703307,1,1,4,4,7,19,10,10,13,13,16,16,19,19,19,2,2,1,2,2,2,4
1459.5,1.4595000000000002e-12,39.18417580728806,1.9715035302744612,1.934128886065525,1.6459076690051202,1.9116584638113336,1.9612014415852792,1.9112075821801178,1,1,4,4,7,19,10,10,13,13,16,16,19,19,19,2,2,1,2,2,2,4
1460.0,1.46e-12,39.200699733144205,1.9716947069703483,1.9336780807597933,1.647155656309755,1.9111050923270776,1.9604949863877956,1.9119394784533272,1,1,4,4,7,19,10,10,13,13,16,16,19,19,19,2,2,1,2,2,2,4
1460.5,1.4605e-12,39.21727605193393,1.9718831748690473,1.9332536225803294,1.6484208222760746,1.9105591582172494,1.9598061644699998,1.9127524232819129,1,1,4,4,7,19,10,10,13,13,16,16,19,19,19,2,2,1,2,2,2,4
1461.0,1.4610000000000001e-12,39.23387010108715,1.9720780697971685,1.9328571072520764,1.6497039343611877,1.9100336951535204,1.9591277008007342,1.9136503316508973,1,1,4,4,7,19,10,10,13,13,16,16,19,19,19,2,2,1,2,2,2,4
1461.5,1.4615000000000002e-12,39.25044577440763,1.9722861812644255,1.9324886612872394,1.6510035288338367,1.9095421575101867,1.9584490903947112,1.9146330547996326,1,1,4,4,7,19,10,10,13,13,16,16,19,19,19,2,2,1,2,2,2,4
1462.0,1.462e-12,39.26696851219041,1.9725114289821624,1.932147444458502,1.652314956151634,1.9090964607628105,1.9577579215630942,1.9156963592319192,1,1,4,4,7,19,10,10,13,13,16,16,19,19,19,2,2,1,2,2,2,4
1462.5,1.4625e-12,39.283408272225245,1.9727546190149106,1.931832229785929,1.6536298907698606,1.9087053685692028,1.9570415150971232,1.9168322271152263,1,1,4,4,7,19,10,10,13,13,16,16,19,19,19,2,2,1,2,2,2,4
1463.0,1.4630000000000001e-12,39.29974191023382,1.9730134825540253,1.9315420018596579,1.6549362912148022,1.9083733470728004,1.956288691689425,1.9180295074035987,1,1,4,4,7,19,10,10,13,13,16,16,19,19,19,2,2,1,2,2,2,4
1463.5,1.4635000000000002e-12,39.31595457823162,1.9732829868155348,1.931276489777725,1.6562187873036431,1.9080999196057795,1.9554914466372666,1.9192748839019234,1,1,4,4,7,19,10,10,13,13,16,16,19,19,19,2,2,1,2,2,2,4
1464.0,1.464e-12,39.33204009736237,1.973555875663928,1.9310365088935455,1.6574595243311148,1.9078795126812216,1.9546462436587393,1.9205541159111137,1,1,4,4,7,19,10,10,13,13,16,16,19,19,19,2,2,1,2,2,2,4
1464.5,1.4645e-12,39.34800045798577,1.9738234087269508,1.930824153160702,1.6586393515022002,1.907701779129848,1.9537547552272296,1.9218534190988252,1,1,4,4,7,19,10,10,13,13,16,16,19,19,19,2,2,1,2,2,2,4
1465.0,1.4650000000000001e-12,39.36384474528075,1.9740762258107072,1.9306427940748185,1.6597392674769522,1.9075523697263657,1.9528238771141884,1.9231608331410328,1,1,4,4,7,19,10,10,13,13,16,16,19,19,19,2,2,1,2,2,2,4
1465.5,1.4655000000000002e-12,39.37958773335614,1.9743052623713861,1.9304969401712704,1.6607419666698642,1.9074141360259973,1.9518650357378255,1.924467375327006,1,1,4,4,7,19,10,10,13,13,16,16,19,19,19,2,2,1,2,2,2,4
1466.0,1.466e-12,39.395248276933685,1.9745026249927586,1.9303919973869286,1.6616332918810353,1.9072687422214423,1.9508929056527453,1.9257678054418337,1,1,4,4,7,19,10,10,13,13,16,16,19,19,19,2,2,1,2,2,2,4
1466.5,1.4665e-12,39.41084752665908,1.9746623120983062,1.9303339571714084,1.6624033684321224,1.9070985949231414,1.9499237575768593,1.9270608574322856,1,1,4,4,7,19,10,10,13,13,16,16,19,19,19,2,2,1,2,2,2,4
1467.0,1.4670000000000001e-12,39.42640695094984,1.9747806873762284,1.9303290263755528,1.6630472281413957,1.9068889192933303,1.9489737064949815,1.9283488901142765,1,1,4,4,7,19,10,10,13,13,16,16,19,19,19,2,2,1,2,2,2,4
1467.5,1.4675000000000002e-12,39.44194620193531,1.9748566307120865,1.9303832121403108,1.6635648099681088,1.9066297375215933,1.9480570706738964,1.929637042701876,1,1,4,4,7,19,10,10,13,13,16,16,19,19,19,2,2,1,2,2,2,4
1468.0,1.4680000000000002e-12,39.4574809725132,1.9748913412999933,1.9305018647390493,1.6639603548541304,1.9063174504878024,1.947184992446052,1.9309320595379225,1,1,4,4,7,19,10,10,13,13,16,16,19,19,19,2,2,1,2,2,2,4
1468.5,1.4685e-12,39.4730210703833,1.974887826903415,1.930689224746995,1.6642412924389536,1.905955716272423,1.9463644281654244,1.9322409797337325,1,1,4,4,7,19,10,10,13,13,16,16,19,19,19,2,2,1,2,2,2,4
1469.0,1.4690000000000001e-12,39.488568966592794,1.974850165208783,1.9309480310929035,1.6644168056199458,1.905555426002571,1.9455975619401742,1.9335698747626646,1,1,4,4,7,19,10,10,13,13,16,16,19,19,19,2,2,1,2,2,2,4
1469.5,1.4695000000000002e-12,39.5041190557727,1.9747826667182746,1.931279218582502,1.664496351541604,1.9051337453107622,1.944881677858819,1.934922750093375,1,1,4,4,7,19,10,10,13,13,16,16,19,19,19,2,2,1,2,2,2,4
1470.0,1.4700000000000002e-12,39.51965769449248,1.9746890158126031,1.9316818387026542,1.6644882300930914,1.9047124323781452,1.944209486322622,1.9363007303652993,1,1,4,4,7,19,10,10,13,13,16,16,19,19,19,2,2,1,2,2,2,4
1470.5,1.4705e-12,39.535164172276495,1.9745715513665492,1.9321531347476921,1.6643984883638845,1.904315670051398,1.9435698995059887,1.9377015296400215,1,1,4,4,7,19,10,10,13,13,16,16,19,19,19,2,2,1,2,2,2,4
1471.0,1.471e-12,39.55061262774078,1.9744307349416077,1.9326888307107286,1.664230186904221,1.9039677836371793,1.9429492264614878,1.9391192482356503,1,1,4,4,7,19,10,10,13,13,16,16,19,19,19,2,2,1,2,2,2,4
1471.5,1.4715000000000001e-12,39.56597488149011,1.9742648546715125,1.9332835811455618,1.6639831015943158,1.903691124860225,1.9423327151706509,1.940544506003506,1,1,4,4,7,19,10,10,13,13,16,16,19,19,19,2,2,1,2,2,2,4
1472.0,1.4720000000000002e-12,39.58122391746873,1.9740699802572603,1.9339315150273455,1.6636538763626671,1.9035043192604881,1.941706304874944,1.9419649206104497,1,1,4,4,7,19,10,10,13,13,16,16,19,19,19,2,2,1,2,2,2,4
1472.5,1.4725e-12,39.59633747699776,1.9738401631410547,1.9346267905639853,1.6632366142452373,1.9034209807835634,1.941058395095082,1.9433659269435335,1,1,4,4,7,19,10,10,13,13,16,16,19,19,19,2,2,1,2,2,2,4
1473.0,1.473e-12,39.611301092208805,1.9735678514913368,1.9353640899242948,1.6627238451587902,1.903448940547601,1.940381388950832,1.9447319070220317,1,1,4,4,7,19,10,10,13,13,16,16,19,19,19,2,2,1,2,2,2,4
1473.5,1.4735000000000001e-12,39.62611007997658,1.9732445315434308,1.9361389531044608,1.662107850373994,1.9035899599351538,1.939672748237329,1.9460475500670005,1,1,4,4,7,19,10,10,13,13,16,16,19,19,19,2,2,1,2,2,2,4
1474.0,1.4740000000000002e-12,39.640770181719894,1.972861474867196,1.9369480077646888,1.6613820945453301,1.9038399918527469,1.9389354184389282,1.9472993176571503,1,1,4,4,7,19,10,10,13,13,16,16,19,19,19,2,2,1,2,2,2,4
1474.5,1.4745e-12,39.655297045238825,1.9724105935870229,1.9377890259438115,1.6605426835209525,1.9041899233727535,1.9381775277921094,1.9484768071536624,1,1,4,4,7,19,10,10,13,13,16,16,19,19,19,2,2,1,2,2,2,4
1475.0,1.475e-12,39.669714824289564,1.9718853033838557,1.938660851603353,1.6595896235961385,1.9046268041397434,1.9374114314404318,1.9495738228654242,1,1,4,4,7,19,10,10,13,13,16,16,19,19,19,2,2,1,2,2,2,4
1475.5,1.4755000000000001e-12,39.68405414490741,1.9712813097366688,1.9395632947067305,1.658527563326905,1.9051355274193913,1.936652271368175,1.9505889876402256,1,1,4,4,7,19,10,10,13,13,16,16,19,19,19,2,2,1,2,2,2,4
1476.0,1.4760000000000002e-12,39.69834978626898,1.9705972117665393,1.9404968926112547,1.6573660334981446,1.90570082373648,1.9359162741439726,1.9515257471210614,1,1,4,4,7,19,10,10,13,13,16,16,19,19,19,2,2,1,2,2,2,4
1476.5,1.4765e-12,39.71263815138521,1.9698348289156524,1.9414626024949837,1.6561190394304275,1.9063093739546764,1.9352190283258413,1.9523917838996963,1,1,4,4,7,19,10,10,13,13,16,16,19,19,19,2,2,1,2,2,2,4
1477.0,1.477e-12,39.72695463164032,1.968999198964181,1.9424614255790167,1.6548040640637225,1.9069517347500642,1.9345739308686272,1.9531979414388616,1,1,4,4,7,19,10,10,13,13,16,16,19,19,19,2,2,1,2,2,2,4
1477.5,1.4775000000000001e-12,39.741331059937224,1.968098208399783,1.9434939184183913,1.6534407613094235,1.9076237677944072,1.9339909329002212,1.9539568530668607,1,1,4,4,7,19,10,10,13,13,16,16,19,19,19,2,2,1,2,2,2,4
1478.0,1.4780000000000002e-12,39.75579336920913,1.9671419245852269,1.9445597449152272,1.6520493443651358,1.9083272704888128,1.933475663856348,1.95468146871456,1,1,4,4,7,19,10,10,13,13,16,16,19,19,19,2,2,1,2,2,2,4
1478.5,1.4785000000000002e-12,39.770359808248955,1.966141706476646,1.9456572561719492,1.6506490407328864,1.909069665478902,1.9330289833673617,1.9553836748965532,1,1,4,4,7,19,10,10,13,13,16,16,19,19,19,2,2,1,2,2,2,4
1479.0,1.479e-12,39.78503995527691,1.9651092261834553,1.9467831574961685,1.6492568201246458,1.909862805875837,1.9326470058700334,1.9560731045325173,1,1,4,4,7,19,10,10,13,13,16,16,19,19,19,2,2,1,2,2,2,4
1479.5,1.4795000000000001e-12,39.799834521930805,1.9640555160431972,1.9479324129906215,1.647886352948732,1.9107211134695155,1.9323215262840796,1.95675630045777,1,1,4,4,7,19,10,10,13,13,16,16,19,19,19,2,2,1,2,2,2,4
1480.0,1.4800000000000002e-12,39.81473596366392,1.962990153447611,1.9490983149545422,1.6465474805232632,1.9116594036287249,1.9320409271183316,1.9574361624331535,1,1,4,4,7,19,10,10,13,13,16,16,19,19,19,2,2,1,2,2,2,4
1480.5,1.4805000000000002e-12,39.82972970152921,1.961920660278266,1.9502727726572489,1.6452461236258948,1.912690727516036,1.9317914736024835,1.9581117520824394,1,1,4,4,7,19,10,10,13,13,16,16,19,19,19,2,2,1,2,2,2,4
1481.0,1.481e-12,39.8447958855499,1.9608521547438307,1.9514467649817913,1.643984654162539,1.9138245076032367,1.931558911739318,1.9587784528425445,1,1,4,4,7,19,10,10,13,13,16,16,19,19,19,2,2,1,2,2,2,4
1481.5,1.4815e-12,39.85991165799524,1.9597872629690998,1.9526108959020119,1.6427626899834973,1.9150651320486094,1.931330209713001,1.959428486628918,1,1,4,4,7,19,10,10,13,13,16,16,19,19,19,2,2,1,2,2,2,4
1482.0,1.4820000000000001e-12,39.87505380726962,1.9587262751087329,1.9537559697130331,1.641578239760489,1.9164110874739066,1.9310952266642107,1.9600517836889322,1,1,4,4,7,19,10,10,13,13,16,16,19,19,19,2,2,1,2,2,2,4
1482.5,1.4825000000000002e-12,39.89020151631929,1.9576675263259222,1.9548735218706594,1.6404290633795122,1.9178546358595496,1.9308480627186508,1.9606371606080588,1,1,4,4,7,19,10,10,13,13,16,16,19,19,19,2,2,1,2,2,2,4
1483.0,1.483e-12,39.905338797816796,1.9566079521845585,1.9559562068582275,1.639314150139569,1.919382029125177,1.9305878671820327,1.9611737124219222,1,1,4,4,7,19,10,10,13,13,16,16,19,19,19,2,2,1,2,2,2,4
1483.5,1.4835e-12,39.92045618066108,1.9555437872346737,1.9569980871311352,1.6382349977980117,1.9209742266851337,1.9303189588830922,1.961652278558198,1,1,4,4,7,19,10,10,13,13,16,16,19,19,19,2,2,1,2,2,2,4
1484.0,1.4840000000000001e-12,39.935551475143974,1.9544713507118374,1.9579947790830037,1.6371965357364087,1.9226080532241407,1.9300502572319636,1.9620667473339262,1,1,4,4,7,19,10,10,13,13,16,16,19,19,19,2,2,1,2,2,2,4
1484.5,1.4845000000000002e-12,39.950629663671215,1.9533878169192833,1.9589434631827103,1.6362075461775691,1.9242577866432296,1.9297941213643792,1.9624150059416712,1,1,4,4,7,19,10,10,13,13,16,16,19,19,19,2,2,1,2,2,2,4
1485.0,1.485e-12,39.9657021065698,1.952291892794163,1.9598427864533277,1.6352804565164265,1.925897073220281,1.9295648024666907,1.9626993512234476,1,1,4,4,7,19,10,10,13,13,16,16,19,19,19,2,2,1,2,2,2,4
1485.5,1.4855e-12,39.98078530974754,1.951184298456262,1.9606926556024662,1.6344305378486506,1.9275010406537576,1.9293767430029802,1.9629262800731822,1,1,4,4,7,19,10,10,13,13,16,16,19,19,19,2,2,1,2,2,2,4
1486.0,1.4860000000000001e-12,39.99589944109121,1.950067973082382,1.9614939188107066,1.633674637621003,1.9290483960142948,1.929242936308922,1.9631056976483663,1,1,4,4,7,19,10,10,13,13,16,16,19,19,19,2,2,1,2,2,2,4
1486.5,1.4865000000000002e-12,40.01106669349136,1.948947964266286,1.9622479619037354,1.6330296247087972,1.930523245556811,1.9291735137455521,1.963249688821251,1,1,4,4,7,19,10,10,13,13,16,16,19,19,19,2,2,1,2,2,2,4
1487.0,1.487e-12,40.02630955424509,1.947830986506046,1.9629561727868603,1.6325108749620598,1.9319163227838037,1.9291746695690828,1.9633710571743626,1,1,4,4,7,19,10,10,13,13,16,16,19,19,19,2,2,1,2,2,2,4
1487.5,1.4875e-12,40.041648929599326,1.9467247299306563,1.9636194715801227,1.632130795574662,1.9332254656623775,1.9292479765077684,1.9634818437129233,1,1,4,4,7,19,10,10,13,13,16,16,19,19,19,2,2,1,2,2,2,4
1488.0,1.4880000000000001e-12,40.05710225099642,1.9456370159748153,1.964237844330111,1.6318977479042338,1.9344551759974664,1.9293901416152062,1.963591995574114,1,1,4,4,7,19,10,10,13,13,16,16,19,19,19,2,2,1,2,2,2,4
1488.5,1.4885000000000002e-12,40.07268162430426,1.9445749213317787,1.9648100694806245,1.6318153144370182,1.9356153966154273,1.9295931893687654,1.9637083343635282,1,1,4,4,7,19,10,10,13,13,16,16,19,19,19,2,2,1,2,2,2,4
1489.0,1.489e-12,40.08839228985019,1.9435439702846473,1.9653336048796433,1.6318820779201146,1.936719721224084,1.9298450919159646,1.9638338409876817,1,1,4,4,7,19,10,10,13,13,16,16,19,19,19,2,2,1,2,2,2,4
1489.5,1.4895e-12,40.10423155176782,1.9425475091981292,1.9658047149407865,1.6320918691347508,1.9377833467935068,1.9301308132051933,1.9639673120087682,1,1,4,4,7,19,10,10,13,13,16,16,19,19,19,2,2,1,2,2,2,4
1490.0,1.4900000000000001e-12,40.12018832506671,1.9415863150349513,1.9662188107473066,1.6324344782325786,1.938821073459227,1.9304337094336645,1.964103386741162,1,1,4,4,7,19,10,10,13,13,16,16,19,19,19,2,2,1,2,2,2,4
1490.5,1.4905000000000002e-12,40.13624340312502,1.94065846629395,1.9665709505235516,1.6328967719767706,1.9398455774645147,1.9307371738861485,1.9642329424523677,1,1,4,4,7,19,10,10,13,13,16,16,19,19,19,2,2,1,2,2,2,4
1491.0,1.4910000000000002e-12,40.152370548803994,1.939759471912285,1.9668564203243273,1.633464110774717,1.940866095225955,1.9310263540625008,1.9643438479272195,1,1,4,4,7,19,10,10,13,13,16,16,19,19,19,2,2,1,2,2,2,4
1491.5,1.4915e-12,40.168538494849365,1.9388826342499417,1.9670713075383828,1.6341219131574038,1.9418875818134207,1.931289722108608,1.9644220544133322,1,1,4,4,7,19,10,10,13,13,16,16,19,19,19,2,2,1,2,2,2,4
1492.0,1.4920000000000001e-12,40.1847137748626,1.9380196123375433,1.9672129905838278,1.634857155814435,1.9429103458869506,1.9315202675456185,1.9644529561641864,1,1,4,4,7,19,10,10,13,13,16,16,19,19,19,2,2,1,2,2,2,4
1492.5,1.4925000000000002e-12,40.2008640686096,1.9371611353525506,1.9672804851675485,1.63565961014729,1.9439301709279446,1.9317161177874804,1.9644229157717532,1,1,4,4,7,19,10,10,13,13,16,16,19,19,19,2,2,1,2,2,2,4
1493.0,1.4930000000000002e-12,40.21696149812428,1.9362978094866232,1.9672746375614567,1.6365225821584493,1.944938898937441,1.9318804853002047,1.9643207679476111,1,1,4,4,7,19,10,10,13,13,16,16,19,19,19,2,2,1,2,2,2,4
1493.5,1.4935e-12,40.232985286012195,1.9354209600761405,1.967198184596795,1.6374430169991576,1.9459254591239585,1.9320209596091138,1.9641391047140841,1,1,4,4,7,19,10,10,13,13,16,16,19,19,19,2,2,1,2,2,2,4
1494.0,1.494e-12,40.24892345352963,1.9345234134470308,1.9670556267817674,1.6384210605967593,1.9468773003042352,1.9321482998741917,1.963875093877515,1,1,4,4,7,19,10,10,13,13,16,16,19,19,19,2,2,1,2,2,2,4
1494.5,1.4945000000000001e-12,40.264773382401,1.9336001589850098,1.9668530249338132,1.6394590200204013,1.9477821367598194,1.9322749027308221,1.9635307372405353,1,1,4,4,7,19,10,10,13,13,16,16,19,19,19,2,2,1,2,2,2,4
1495.0,1.4950000000000002e-12,40.280541447995766,1.9326487905346768,1.9665976647757049,1.6405600098071826,1.9486298475881676,1.9324131887454203,1.963112497490182,1,1,4,4,7,19,10,10,13,13,16,16,19,19,19,2,2,1,2,2,2,4
1495.5,1.4955e-12,40.29624197274395,1.9316696712908001,1.9662976000146566,1.641726497506342,1.9494142874632205,1.9325741043194438,1.96263036994902,1,1,4,4,7,19,10,10,13,13,16,16,19,19,19,2,2,1,2,2,2,4
1496.0,1.496e-12,40.31189570879141,1.9306657709703041,1.9659611337441225,1.6429589038602264,1.950134752392166,1.932765836245402,1.9620966301159777,1,1,4,4,7,19,10,10,13,13,16,16,19,19,19,2,2,1,2,2,2,4
1496.5,1.4965000000000001e-12,40.32752802391803,1.9296422326203797,1.965596218790114,1.644254524715357,1.9507967552139405,1.9329929263530412,1.9615243439873187,1,1,4,4,7,19,10,10,13,13,16,16,19,19,19,2,2,1,2,2,2,4
1497.0,1.4970000000000002e-12,40.3431667806826,1.928605706744913,1.9652098930960729,1.6456068002059323,1.9514119669865324,1.9332557142310753,1.9609259727112398,1,1,4,4,7,19,10,10,13,13,16,16,19,19,19,2,2,1,2,2,2,4
1497.5,1.4975e-12,40.35883989734743,1.9275635554837929,1.9648078245508265,1.6470050333208128,1.9519972839475426,1.9335502235271802,1.9603121372788506,1,1,4,4,7,19,10,10,13,13,16,16,19,19,19,2,2,1,2,2,2,4
1498.0,1.498e-12,40.37457268162167,1.9265230318031754,1.9643940269396722,1.64843458125062,1.9525731683783722,1.9338684158303223,1.9596907161257349,1,1,4,4,7,19,10,10,13,13,16,16,19,19,19,2,2,1,2,2,2,4
1498.5,1.4985000000000001e-12,40.39038515146225,1.925490570118235,1.9639708189608427,1.6498774768064253,1.9531615320442384,1.93419888490976,1.9590662432529022,1,1,4,4,7,19,10,10,13,13,16,16,19,19,19,2,2,1,2,2,2,4
1499.0,1.4990000000000002e-12,40.406289742544416,1.924471242345769,1.9635390247395217,1.651313459367289,1.9537835055563975,1.9345279176938188,1.9584396692860284,1,1,4,4,7,19,10,10,13,13,16,16,19,19,19,2,2,1,2,2,2,4
1499.5,1.4995e-12,40.4222898058647,1.9234684354482452,1.9630983889443565,1.652721328503984,1.9544573796763391,1.934840871231781,1.9578084728775298,1,1,4,4,7,19,10,10,13,13,16,16,19,19,19,2,2,1,2,2,2,4
1500.0,1.5e-12,40.43837915114585,1.9224837660816292,1.9626481340136195,1.6540804874336006,1.9551969271718947,1.9351237485755082,1.95716711931627,1,1,4,4,7,19,10,10,13,13,16,16,19,19,19,2,2,1,2,2,2,4
1500.5,1.5005000000000001e-12,40.454542683101984,1.9215172234659814,1.962187564592032,1.655372494867123,1.956010211968267,1.9353648016702978,1.956507850262937,1,1,4,4,7,19,10,10,13,13,16,16,19,19,19,2,2,1,2,2,2,4
1501.0,1.5010000000000002e-12,40.47075804259405,1.9205675112363827,1.961716608238342,1.6565824354294925,1.9568989254932703,1.935555942646314,1.955821772169801,1,1,4,4,7,19,10,10,13,13,16,16,19,19,19,2,2,1,2,2,2,4
1501.5,1.5015000000000002e-12,40.48699807109062,1.9196325520960578,1.9612362545982738,1.657699822549446,1.957858280114295,1.9356937561679557,1.9551001691751402,1,1,4,4,7,19,10,10,13,13,16,16,19,19,19,2,2,1,2,2,2,4
1502.0,1.502e-12,40.503233888546184,1.9187101086641485,1.960748792333083,1.6587189924240904,1.958877401113543,1.935779920211829,1.9543359193460557,1,1,4,4,7,19,10,10,13,13,16,16,19,19,19,2,2,1,2,2,2,4
1502.5,1.5025000000000001e-12,40.519438169051675,1.9177984336731146,1.9602579010561378,1.659638810719116,1.9599402600827895,1.9358209809486475,1.953524824148817,1,1,4,4,7,19,10,10,13,13,16,16,19,19,19,2,2,1,2,2,2,4
1503.0,1.5030000000000002e-12,40.535588155709284,1.916896914469661,1.9597685196413561,1.6604619000733143,1.9610270564539574,1.935827506419271,1.952666620608515,1,1,4,4,7,19,10,10,13,13,16,16,19,19,19,2,2,1,2,2,2,4
1503.5,1.5035000000000002e-12,40.55166783932861,1.9160066318079068,1.9592866380412863,1.6611933556780925,1.9621159942534336,1.9358127812171435,1.9517655312179139,1,1,4,4,7,19,10,10,13,13,16,16,19,19,19,2,2,1,2,2,2,4
1504.0,1.504e-12,40.56766908114305,1.9151307544598568,1.9588189628113528,1.6618392777220734,1.9631852980850466,1.9357912437258273,1.9508302121056975,1,1,4,4,7,19,10,10,13,13,16,16,19,19,19,2,2,1,2,2,2,4
1504.5,1.5045000000000001e-12,40.58359168905055,1.914274704255885,1.9583724871925565,1.6624053157226621,1.9642152653553442,1.9357768860144664,1.9498731062605097,1,1,4,4,7,19,10,10,13,13,16,16,19,19,19,2,2,1,2,2,2,4
1505.0,1.5050000000000002e-12,40.59944269334987,1.913446047898824,1.957953983158724,1.662895410487244,1.9651900980461408,1.9357817983523542,1.9489093109107902,1,1,4,4,7,19,10,10,13,13,16,16,19,19,19,2,2,1,2,2,2,4
1505.5,1.5055000000000002e-12,40.615235164563785,1.912654104564643,1.9575694393435916,1.6633108806478334,1.9660992485103594,1.9358149788999015,1.9479551438855691,1,1,4,4,7,19,10,10,13,13,16,16,19,19,19,2,2,1,2,2,2,4
1506.0,1.506e-12,40.63098681319053,1.9119092978042167,1.9572235410908085,1.6636498700529005,1.9669380617596643,1.9358815041806139,1.9470266272717283,1,1,4,4,7,19,10,10,13,13,16,16,19,19,19,2,2,1,2,2,2,4
1506.5,1.5065e-12,40.646718582063436,1.9112223548648584,1.956919181686917,1.6639073154472803,1.9677075799094472,1.9359820715950782,1.9461380624217584,1,1,4,4,7,19,10,10,13,13,16,16,19,19,19,2,2,1,2,2,2,4
1507.0,1.5070000000000001e-12,40.662453149226515,1.9106034446247713,1.9566571675544335,1.6640753113512285,1.9684135794577777,1.936112958794945,1.9453008549503732,1,1,4,4,7,19,10,10,13,13,16,16,19,19,19,2,2,1,2,2,2,4
1507.5,1.5075000000000002e-12,40.67821328973437,1.9100613604300323,1.9564361478983845,1.6641438862877178,1.9690650322357357,1.936266401743849,1.9445226442628807,1,1,4,4,7,19,10,10,13,13,16,16,19,19,19,2,2,1,2,2,2,4
1508.0,1.508e-12,40.69402007604622,1.90960284944867,1.9562527553862314,1.6641021982679396,1.96967225321461,1.9364313623985476,1.9438067995102655,1,1,4,4,7,19,10,10,13,13,16,16,19,19,19,2,2,1,2,2,2,4
1508.5,1.5085e-12,40.70989093037254,1.9092321679028497,1.9561020239932154,1.6639399211188803,1.9702450405252692,1.936594676592248,1.9431522935996455,1,1,4,4,7,19,10,10,13,13,16,16,19,19,19,2,2,1,2,2,2,4
1509.0,1.5090000000000001e-12,40.72583776592691,1.9089508803975581,1.955977977686653,1.6636487359738796,1.970791046721015,1.9367424865217213,1.942553939848146,1,1,4,4,7,19,10,10,13,13,16,16,19,19,19,2,2,1,2,2,2,4
1509.5,1.5095000000000002e-12,40.7418654742752,1.9087578997259809,1.9558743081042747,1.6632237088206545,1.9713145349017949,1.9368618266220505,1.9420029801951213,1,1,4,4,7,19,10,10,13,13,16,16,19,19,19,2,2,1,2,2,2,4
1510.0,1.51e-12,40.757970987792135,1.9086497640981468,1.9557850676181967,1.6626642997433059,1.9718155799271022,1.9369421813452263,1.941488014375161,1,1,4,4,7,19,10,10,13,13,16,16,19,19,19,2,2,1,2,2,2,4
1510.5,1.5105e-12,40.774143126972234,1.9086210761485705,1.9557051856661027,1.6619749504199737,1.9722897334529583,1.936976783840986,1.9409962047899767,1,1,4,4,7,19,10,10,13,13,16,16,19,19,19,2,2,1,2,2,2,4
1511.0,1.5110000000000001e-12,40.790363243948974,1.9086650778710603,1.9556308453757143,1.6611650071402193,1.972728149177792,1.9369634533451883,1.9405146965606497,1,1,4,4,7,19,10,10,13,13,16,16,19,19,19,2,2,1,2,2,2,4
1511.5,1.5115000000000002e-12,40.80660666551673,1.9087743829187291,1.9555597466211787,1.6602479161296833,1.9731181316476136,1.9369048700914093,1.940032102244196,1,1,4,4,7,19,10,10,13,13,16,16,19,19,19,2,2,1,2,2,2,4
1512.0,1.512e-12,40.8228450622263,1.9089415878612674,1.9554909764218298,1.659240201075784,1.9734441218429462,1.9368081288551893,1.939539839152844,1,1,4,4,7,19,10,10,13,13,16,16,19,19,19,2,2,1,2,2,2,4
1512.5,1.5125e-12,40.8390492454911,1.9091599768930687,1.9554249007945554,1.658159902703144,1.9736890438970747,1.9366838013050482,1.9390331273684336,1,1,4,4,7,19,10,10,13,13,16,16,19,19,19,2,2,1,2,2,2,4
1513.0,1.5130000000000001e-12,40.855192136887034,1.9094240499585453,1.9553628526119446,1.6570250575122096,1.9738359757827646,1.9365445688503644,1.9385114655741025,1,1,4,4,7,19,10,10,13,13,16,16,19,19,19,2,2,1,2,2,2,4
1513.5,1.5135000000000002e-12,40.87125135679414,1.909729890054116,1.9553067403608249,1.6558522872515375,1.9738700052763725,1.9364036785196477,1.9379784962780813,1,1,4,4,7,19,10,10,13,13,16,16,19,19,19,2,2,1,2,2,2,4
1514.0,1.5140000000000002e-12,40.88721107314851,1.9100753064966423,1.9552585878693458,1.654655668806577,1.9737800833185577,1.9362734245297935,1.9374412853806398,1,1,4,4,7,19,10,10,13,13,16,16,19,19,19,2,2,1,2,2,2,4
1514.5,1.5145e-12,40.9030630056835,1.9104597319758272,1.9552200173763195,1.6534459978216112,1.9735606231845157,1.936163811748763,1.9369091613436362,1,1,4,4,7,19,10,10,13,13,16,16,19,19,19,2,2,1,2,2,2,4
1515.0,1.5150000000000001e-12,40.91880667625878,1.9108838680800815,1.9551917462031247,1.652230478669649,1.973212592424833,1.93608151699511,1.936392322607399,1,1,4,4,7,19,10,10,13,13,16,16,19,19,19,2,2,1,2,2,2,4
1515.5,1.5155000000000002e-12,40.93444915574244,1.9113491691595226,1.9551731182056433,1.6510128563002922,1.9727438488989106,1.9360292097422755,1.935900398746014,1,1,4,4,7,19,10,10,13,13,16,16,19,19,19,2,2,1,2,2,2,4
1516.0,1.5160000000000002e-12,40.950004477982525,1.9118572025626424,1.9551617711613547,1.6497939729859012,1.9721686587437472,1.9360052526519096,1.9354411774266902,1,1,4,4,7,19,10,10,13,13,16,16,19,19,19,2,2,1,2,2,2,4
1516.5,1.5165e-12,40.96549278324751,1.9124090105682008,1.955153497530076,1.648572694154989,1.9715064254153478,1.936003811721163,1.9350195989082188,1,1,4,4,7,19,10,10,13,13,16,16,19,19,19,2,2,1,2,2,2,4
1517.0,1.517e-12,40.98093913794628,1.913004542444319,1.9551423198345474,1.6473471673477489,1.9707798448937255,1.936015370881059,1.9346370851493693,1,1,4,4,7,19,10,10,13,13,16,16,19,19,19,2,2,1,2,2,2,4
1517.5,1.5175000000000001e-12,40.9963718524626,1.913642241170586,1.9551208163248257,1.6461162383188974,1.9700127915079677,1.936027638354871,1.9342912269053605,1,1,4,4,7,19,10,10,13,13,16,16,19,19,19,2,2,1,2,2,2,4
1518.0,1.5180000000000002e-12,41.01182022830594,1.9143188245163694,1.9550806724127792,1.6448808327007935,1.969228230467495,1.9360267996352214,1.9339758362747745,1,1,4,4,7,19,10,10,13,13,16,16,19,19,19,2,2,1,2,2,2,4
1518.5,1.5185e-12,41.02731181877972,1.9150292752786917,1.9550133704309212,1.6436451029109655,1.9684463905143228,1.9359990190342329,1.9336813534807062,1,1,4,4,7,19,10,10,13,13,16,16,19,19,19,2,2,1,2,2,2,4
1519.0,1.519e-12,41.04286952183081,1.9157670339887976,1.9549109194517929,1.6424171262288765,1.9676833417847246,1.9359320379983065,1.9333955936563718,1,1,4,4,7,19,10,10,13,13,16,16,19,19,19,2,2,1,2,2,2,4
1519.5,1.5195000000000001e-12,41.05850898393355,1.916524364214597,1.9547665348606247,1.6412089919304949,1.96695005055597,1.9358166749623567,1.933104808895161,1,1,4,4,7,19,10,10,13,13,16,16,19,19,19,2,2,1,2,2,2,4
1520.0,1.5200000000000002e-12,41.07423687717973,1.9172928802583518,1.954575108150771,1.6400363412259027,1.9662518909661635,1.9356479938350126,1.9327949980924217,1,1,4,4,7,19,10,10,13,13,16,16,19,19,19,2,2,1,2,2,2,4
1520.5,1.5205e-12,41.09005029080778,1.9180641578426094,1.954333524624822,1.6389172658422673,1.9655886636843116,1.9354259625888897,1.9324533927359224,1,1,4,4,7,19,10,10,13,13,16,16,19,19,19,2,2,1,2,2,2,4
1521.0,1.521e-12,41.10593739788373,1.9188303809434695,1.954040722087988,1.6378709060856613,1.964955096790327,1.9351554802708024,1.9320699212993089,1,1,4,4,7,19,10,10,13,13,16,16,19,19,19,2,2,1,2,2,2,4
1521.5,1.5215000000000001e-12,41.121879242475885,1.9195849789477346,1.9536975537793504,1.6369158987609815,1.9643418107482205,1.9348457811402122,1.931638467748232,1,1,4,4,7,19,10,10,13,13,16,16,19,19,19,2,2,1,2,2,2,4
1522.0,1.5220000000000002e-12,41.13785238014261,1.9203231989916827,1.9533064984322517,1.6360688685644575,1.9637367287821403,1.934509323746337,1.9311576981053524,1,1,4,4,7,19,10,10,13,13,16,16,19,19,19,2,2,1,2,2,2,4
1522.5,1.5225e-12,41.153832019185245,1.921042543437258,1.9528712782305468,1.6353431443001205,1.963126826677518,1.9341603525156421,1.930631303707258,1,1,4,4,7,19,10,10,13,13,16,16,19,19,19,2,2,1,2,2,2,4
1523.0,1.523e-12,41.1697952338989,1.9217430047680655,1.952396366588996,1.6347478760017393,1.9625000767203935,1.9338133320844266,1.9300676093330125,1,1,4,4,7,19,10,10,13,13,16,16,19,19,19,2,2,1,2,2,2,4
1523.5,1.5235000000000001e-12,41.18572375303462,1.9224270734672135,1.9518864556138495,1.6342875585028056,1.961847335772799,1.9334814589216456,1.9294786089921545,1,1,4,4,7,19,10,10,13,13,16,16,19,19,19,2,2,1,2,2,2,4
1524.0,1.5240000000000002e-12,41.201605964342825,1.9230995122549486,1.9513458998096556,1.6339620090580966,1.9611638794778943,1.9331753887309595,1.9288785975816827,1,1,4,4,7,19,10,10,13,13,16,16,19,19,19,2,2,1,2,2,2,4
1524.5,1.5245000000000002e-12,41.217437974873995,1.923766859076826,1.9507782010923456,1.633766809873911,1.9604503588068156,1.9329022716811424,1.9282826464292087,1,1,4,4,7,19,10,10,13,13,16,16,19,19,19,2,2,1,2,2,2,4
1525.0,1.525e-12,41.233223819827984,1.924436799903793,1.9501855590203674,1.6336941737976443,1.9597129029295965,1.93266516220601,1.927705068485682,1,1,4,4,7,19,10,10,13,13,16,16,19,19,19,2,2,1,2,2,2,4
1525.5,1.5255000000000001e-12,41.24897500636061,1.9251174267038402,1.9495685878267572,1.6337341564277057,1.958962395925944,1.9324628162656046,1.927158100132442,1,1,4,4,7,19,10,10,13,13,16,16,19,19,19,2,2,1,2,2,2,4
1526.0,1.5260000000000002e-12,41.26470960113432,1.9258164947170997,1.9489262424931724,1.6338761010606628,1.9582130386907124,1.9322898960267967,1.9266508802546385,1,1,4,4,7,19,10,10,13,13,16,16,19,19,19,2,2,1,2,2,2,4
1526.5,1.5265000000000002e-12,41.28045097287962,1.9265407606315474,1.9482559872741743,1.6341101412946992,1.9574804595094224,1.932137590117426,1.9261887758489793,1,1,4,4,7,19,10,10,13,13,16,16,19,19,19,2,2,1,2,2,2,4
1527.0,1.527e-12,41.29622619728934,1.9272954772116275,1.9475542079596275,1.6344285367126605,1.9567796769752637,1.9319946375926587,1.92577306968673,1,1,4,4,7,19,10,10,13,13,16,16,19,19,19,2,2,1,2,2,2,4
1527.5,1.5275000000000001e-12,41.31206407567595,1.928084086911025,1.946816840914327,1.6348266009172008,1.956123211650906,1.9318487097070125,1.9254010092401852,1,1,4,4,7,19,10,10,13,13,16,16,19,19,19,2,2,1,2,2,2,4
1528.0,1.5280000000000002e-12,41.327992817932405,1.9289081193194926,1.94604006645498,1.6353031465375967,1.9555195442970619,1.9316879685768584,1.9250662617198728,1,1,4,4,7,19,10,10,13,13,16,16,19,19,19,2,2,1,2,2,2,4
1528.5,1.5285000000000002e-12,41.34403745279366,1.92976731210158,1.9452210659804117,1.635860203786072,1.954972060646794,1.9315027278048928,1.9247596694318507,1,1,4,4,7,19,10,10,13,13,16,16,19,19,19,2,2,1,2,2,2,4
1529.0,1.529e-12,41.360217352177294,1.9306598834679545,1.9443586092942011,1.6365022374035307,1.9544785021367095,1.9312868522041309,1.9244703779602068,1,1,4,4,7,19,10,10,13,13,16,16,19,19,19,2,2,1,2,2,2,4
1529.5,1.5295e-12,41.376544232275705,1.9315829728971317,1.943453468915815,1.6372349103000994,1.9540309137857057,1.9310387720767546,1.9241871945951041,1,1,4,4,7,19,10,10,13,13,16,16,19,19,19,2,2,1,2,2,2,4
1530.0,1.5300000000000001e-12,41.393020942128,1.932533159919491,1.942508587017371,1.6380636299792848,1.9536160845843917,1.9307618804893703,1.9239000786276246,1,1,4,4,7,19,10,10,13,13,16,16,19,19,19,2,2,1,2,2,2,4
1530.5,1.5305000000000002e-12,41.40964122688302,1.9335070389084985,1.9415289539109333,1.6389921829808043,1.9532164324106123,1.9304642589287355,1.9236015554994583,1,1,4,4,7,19,10,10,13,13,16,16,19,19,19,2,2,1,2,2,2,4
1531.0,1.531e-12,41.42639032748268,1.934501762682089,1.9405213354890167,1.6400215015687096,1.9528113336050406,1.9301577820805966,1.9232878729702891,1,1,4,4,7,19,10,10,13,13,16,16,19,19,19,2,2,1,2,2,2,4
1531.5,1.5315e-12,41.44324631227417,1.9355155139029743,1.9394938450358614,1.641148780223586,1.9523788055988618,1.9298567656753018,1.922959664820994,1,1,4,4,7,19,10,10,13,13,16,16,19,19,19,2,2,1,2,2,2,4
1532.0,1.5320000000000001e-12,41.46018199119484,1.9365478433995662,1.9384554223181405,1.6423669992246142,1.9518974302295387,1.9295763742074472,1.922621994154137,1,1,4,4,7,19,10,10,13,13,16,16,19,19,19,2,2,1,2,2,2,4
1532.5,1.5325000000000002e-12,41.477167266820956,1.937599825483067,1.937415259001043,1.6436648892801649,1.951348340928822,1.929331003387749,1.9222837606685554,1,1,4,4,7,19,10,10,13,13,16,16,19,19,19,2,2,1,2,2,2,4
1533.0,1.533e-12,41.494171693150236,1.9386739975394938,1.9363822035686922,1.645027341047071,1.9507170381445387,1.9291328215447159,1.9219565800121545,1,1,4,4,7,19,10,10,13,13,16,16,19,19,19,2,2,1,2,2,2,4
1533.5,1.5335e-12,41.511166932744324,1.9397740849927707,1.9353641743805017,1.6464362555691203,1.9499947720066828,1.9289906054569321,1.9216533190339253,1,1,4,4,7,19,10,10,13,13,16,16,19,19,19,2,2,1,2,2,2,4
1534.0,1.5340000000000001e-12,41.528128759374795,1.9409045046594982,1.9343676724693684,1.6478716918145238,1.9491792961447159,1.9289088950148192,1.9213865886295756,1,1,4,4,7,19,10,10,13,13,16,16,19,19,19,2,2,1,2,2,2,4
1534.5,1.5345000000000002e-12,41.54503846331471,1.9420697652513617,1.9333973903742745,1.64931333313559,1.9482748108866002,1.9288875918818662,1.9211672811708764,1,1,4,4,7,19,10,10,13,13,16,16,19,19,19,2,2,1,2,2,2,4
1535.0,1.535e-12,41.56188357963403,1.9432737947132859,1.932456045139006,1.6507419840175297,1.9472911586241282,1.9289219656086973,1.9210033895107823,1,1,4,4,7,19,10,10,13,13,16,16,19,19,19,2,2,1,2,2,2,4
1535.5,1.5355e-12,41.57865812336494,1.944519274977933,1.9315444098216554,1.652141035401883,1.946242420462352,1.9290030804788518,1.920899153960718,1,1,4,4,7,19,10,10,13,13,16,16,19,19,19,2,2,1,2,2,2,4
1536.0,1.5360000000000001e-12,41.59536241312427,1.945807119432729,1.9306616251771664,1.6534975547328694,1.945145111498445,1.9291186554607695,1.9208545864195499,1,1,4,4,7,19,10,10,13,13,16,16,19,19,19,2,2,1,2,2,2,4
1536.5,1.5365000000000002e-12,41.61200262334504,1.9471361189709069,1.929805735778004,1.6548028924034088,1.9440162855029994,1.9292543181176487,1.9208653667070261,1,1,4,4,7,19,10,10,13,13,16,16,19,19,19,2,2,1,2,2,2,4
1537.0,1.5370000000000002e-12,41.628590053528576,1.948502799444365,1.9289743896605798,1.6560526852916517,1.9428717814459147,1.9293951645358562,1.9209231132986473,1,1,4,4,7,19,10,10,13,13,16,16,19,19,19,2,2,1,2,2,2,4
1537.5,1.5375e-12,41.645140022608636,1.949901495796103,1.9281655984126176,1.6572462691632188,1.9417247806980178,1.9295274686861426,1.9210160165198908,1,1,4,4,7,19,10,10,13,13,16,16,19,19,19,2,2,1,2,2,2,4
1538.0,1.5380000000000001e-12,41.661670265649676,1.9513246252187604,1.9273784365152389,1.6583856142874984,1.940584773321385,1.9296403221677203,1.921129817959538,1,1,4,4,7,19,10,10,13,13,16,16,19,19,19,2,2,1,2,2,2,4
1538.5,1.5385000000000002e-12,41.67819881010881,1.9527631236588863,1.926613553122101,1.6594740004495845,1.9394569711000127,1.9297269551270628,1.9212490898392345,1,1,4,4,7,19,10,10,13,13,16,16,19,19,19,2,2,1,2,2,2,4
1539.0,1.5390000000000002e-12,41.69474142036661,1.9542069989669226,1.9258734921448215,1.6605145494593057,1.938342199599548,1.929785526476289,1.9213587300003812,1,1,4,4,7,19,10,10,13,13,16,16,19,19,19,2,2,1,2,2,2,4
1539.5,1.5395e-12,41.71130901284047,1.9556459551046708,1.925162718266236,1.6615089270825574,1.9372372425178335,1.929819241991851,1.9214455282687628,1,1,4,4,7,19,10,10,13,13,16,16,19,19,19,2,2,1,2,2,2,4
1540.0,1.5400000000000001e-12,41.72790551382527,1.9570700515786565,1.9244873585616653,1.6624563883992214,1.93613561719679,1.9298357964721424,1.9214995979924576,1,1,4,4,7,19,10,10,13,13,16,16,19,19,19,2,2,1,2,2,2,4
1540.5,1.5405000000000002e-12,41.744526486031624,1.9584703372836747,1.9238548163639317,1.6633531117830342,1.9350287837519615,1.9298462570457462,1.9215154608841096,1,1,4,4,7,19,10,10,13,13,16,16,19,19,19,2,2,1,2,2,2,4
1541.0,1.5410000000000002e-12,41.761158811259904,1.959839411863941,1.9232732432507158,1.6641919808316816,1.9339076923654968,1.9298635775067832,1.9214925882658815,1,1,4,4,7,19,10,10,13,13,16,16,19,19,19,2,2,1,2,2,2,4
1541.5,1.5415e-12,41.77778145120867,1.9611718522662307,1.9227509466894879,1.664962799737231,1.932764543077739,1.9299009735363408,1.9214352945042634,1,1,4,4,7,19,10,10,13,13,16,16,19,19,19,2,2,1,2,2,2,4
1542.0,1.542e-12,41.79436718758362,1.9624644534579765,1.9222957706977382,1.6656529267237281,1.9315945488366024,1.9299703633142054,1.9213520042224288,1,1,4,4,7,19,10,10,13,13,16,16,19,19,19,2,2,1,2,2,2,4
1542.5,1.5425000000000001e-12,41.81088514196756,1.963716246779455,1.9219144901706884,1.6662482849789642,1.930397441086767,1.9300810300042865,1.9212540390405823,1,1,4,4,7,19,10,10,13,13,16,16,19,19,19,2,2,1,2,2,2,4
1543.0,1.5430000000000002e-12,41.82730376950938,1.9649282850068794,1.9216122480632614,1.666734673532439,1.9291784482123304,1.9302386132641913,1.9211541270076564,1,1,4,4,7,19,10,10,13,13,16,16,19,19,19,2,2,1,2,2,2,4
1543.5,1.5435e-12,41.84359387950817,1.9661032229049724,1.9213921369991869,1.667099189559559,1.9279485540467867,1.930444464881555,1.9210648997877648,1,1,4,4,7,19,10,10,13,13,16,16,19,19,19,2,2,1,2,2,2,4
1544.0,1.544e-12,41.85973132753432,1.9672447445802812,1.9212549026021866,1.6673316724756218,1.9267239329555317,1.9306954302737966,1.920997509416214,1,1,4,4,7,19,10,10,13,13,16,16,19,19,19,2,2,1,2,2,2,4
1544.5,1.5445000000000001e-12,41.87569901192176,1.968356918227962,1.9211989153406184,1.6674258403957134,1.925524673977488,1.9309840442086326,1.9209605383549402,1,1,4,4,7,19,10,10,13,13,16,16,19,19,19,2,2,1,2,2,2,4
1545.0,1.5450000000000002e-12,41.89148813263489,1.9694435443872198,1.9212203362268323,1.667380069415719,1.9243729616342882,1.931299158495649,1.9209592352807803,1,1,4,4,7,19,10,10,13,13,16,16,19,19,19,2,2,1,2,2,2,4
1545.5,1.5455e-12,41.907098703424246,1.9705076115518725,1.9213135855782801,1.6671975491103823,1.9232910201364244,1.9316269721553743,1.9209951199761526,1,1,4,4,7,19,10,10,13,13,16,16,19,19,19,2,2,1,2,2,2,4
1546.0,1.546e-12,41.92253947947808,1.971550895182917,1.921472021949661,1.6668858415545378,1.9222990920406366,1.9319524230126768,1.921065941338835,1,1,4,4,7,19,10,10,13,13,16,16,19,19,19,2,2,1,2,2,2,4
1546.5,1.5465000000000001e-12,41.93782742478437,1.972573744860652,1.9216887405458862,1.6664559358586934,1.921413672270663,1.9322608207400096,1.9211659902690914,1,1,4,4,7,19,10,10,13,13,16,16,19,19,19,2,2,1,2,2,2,4
1547.0,1.5470000000000002e-12,41.95298673448396,1.9735750656228643,1.921957385259655,1.6659209369401544,1.9206461574080804,1.932539540667153,1.921286759212065,1,1,4,4,7,19,10,10,13,13,16,16,19,19,19,2,2,1,2,2,2,4
1547.5,1.5475e-12,41.96804734043436,1.9745524785705957,1.9222728535481526,1.6652945847081633,1.9200019961796717,1.9327795563445689,1.9214179212188296,1,1,4,4,7,19,10,10,13,13,16,16,19,19,19,2,2,1,2,2,2,4
1548.0,1.548e-12,41.98304285782678,1.9755026544722598,1.9226317292174915,1.6645898985756564,1.9194803440846429,1.9329765140057764,1.9215486045723567,1,1,4,4,7,19,10,10,13,13,16,16,19,19,19,2,2,1,2,2,2,4
1548.5,1.5485000000000001e-12,41.9980078999162,1.976421741465743,1.9230324581050429,1.6638179925281398,1.9190742689780913,1.9331312192758079,1.9216688494831808,1,1,4,4,7,19,10,10,13,13,16,16,19,19,19,2,2,1,2,2,2,4
1549.0,1.5490000000000002e-12,42.01297496230745,1.9773058771978935,1.923475254292694,1.6629871965950727,1.9187714728224305,1.9332494782414422,1.921771036289925,1,1,4,4,7,19,10,10,13,13,16,16,19,19,19,2,2,1,2,2,2,4
1549.5,1.5495000000000002e-12,42.02797139225796,1.9781517249363847,1.9239617282671264,1.6621026456496113,1.9185554777676235,1.9333412466531574,1.9218511664643143,1,1,4,4,7,19,10,10,13,13,16,16,19,19,19,2,2,1,2,2,2,4
1550.0,1.55e-12,42.04301694448148,1.978956988773702,1.924494361433159,1.6611662799833957,1.918407216888232,1.933419312770602,1.9219097232300597,1,1,4,4,7,19,10,10,13,13,16,16,19,19,19,2,2,1,2,2,2,4
1550.5,1.5505000000000001e-12,42.05812238091228,1.9797208539483624,1.9250758928277245,1.6601772717459233,1.9183069059964815,1.9334977112359284,1.9219519536778504,1,1,4,4,7,19,10,10,13,13,16,16,19,19,19,2,2,1,2,2,2,4
1551.0,1.5510000000000002e-12,42.0732892745476,1.980444292353164,1.9257086768291136,1.6591328495352036,1.9182360076910567,1.9335900876582608,1.9219875023370867,1,1,4,4,7,19,10,10,13,13,16,16,19,19,19,2,2,1,2,2,2,4
1551.5,1.5515000000000002e-12,42.08851089342312,1.9811301761736893,1.9263940587093806,1.6580294547783503,1.9181790541276575,1.93370819920763,1.922029453826161,1,1,4,4,7,19,10,10,13,13,16,16,19,19,19,2,2,1,2,2,2,4
1552.0,1.552e-12,42.103773889275125,1.9817831746469388,1.927131831816317,1.6568640806296429,1.9181250633398357,1.9338606905094933,1.9220929484849878,1,1,4,4,7,19,10,10,13,13,16,16,19,19,19,2,2,1,2,2,2,4
1552.5,1.5525e-12,42.11906059534806,1.9824093943762457,1.9279197448576975,1.6556357320579669,1.9180683424386742,1.9340522046309014,1.922193612175535,1,1,4,4,7,19,10,10,13,13,16,16,19,19,19,2,2,1,2,2,2,4
1553.0,1.5530000000000001e-12,42.134351581936734,1.9830158348170157,1.9287532245771746,1.6543466369234077,1.9180085442944634,1.9342829051064043,1.9223460041935256,1,1,4,4,7,19,10,10,13,13,16,16,19,19,19,2,2,1,2,2,2,4
1553.5,1.5535000000000002e-12,42.14962823160769,1.9836097132515613,1.9296252852480882,1.653003109631613,1.917949976207306,1.9345484157187316,1.9225622621429799,1,1,4,4,7,19,10,10,13,13,16,16,19,19,19,2,2,1,2,2,2,4
1554.0,1.554e-12,42.16487500148597,1.9841977396973247,1.9305266756551558,1.651615898085005,1.917900301967242,1.9348401890207754,1.9228510523299227,1,1,4,4,7,19,10,10,13,13,16,16,19,19,19,2,2,1,2,2,2,4
1554.5,1.5545e-12,42.180081078912,1.98478542816501,1.9314463308582637,1.6501998607831778,1.9178689014126773,1.9351462706172835,1.9232169148296732,1,1,4,4,7,19,10,10,13,13,16,16,19,19,19,2,2,1,2,2,2,4
1555.0,1.5550000000000001e-12,42.195241371626935,1.9853765231629006,1.9323720383223901,1.648773131937898,1.9178651154405157,1.9354524667353536,1.9236599541884505,1,1,4,4,7,19,10,10,13,13,16,16,19,19,19,2,2,1,2,2,2,4
1555.5,1.5555000000000002e-12,42.21035686243321,1.9859726045119848,1.933291294803356,1.647355846514692,1.9178966291660104,1.935743811345667,1.9241759079170382,1,1,4,4,7,19,10,10,13,13,16,16,19,19,19,2,2,1,2,2,2,4
1556.0,1.556e-12,42.22543449358683,1.986572899210834,1.9341922370203786,1.6459686365230224,1.9179681627517664,1.936006202927593,1.924756577583917,1,1,4,4,7,19,10,10,13,13,16,16,19,19,19,2,2,1,2,2,2,4
1556.5,1.5565e-12,42.24048675687299,1.9871743051685318,1.9350645122203494,1.644631107089976,1.9180805750693621,1.9362280219558783,1.92539060398957,1,1,4,4,7,19,10,10,13,13,16,16,19,19,19,2,2,1,2,2,2,4
1557.0,1.5570000000000001e-12,42.25553110159884,1.9877716435664572,1.9358999381034787,1.6433604923361813,1.9182303812464623,1.9364014536126244,1.9260645926285889,1,1,4,4,7,19,10,10,13,13,16,16,19,19,19,2,2,1,2,2,2,4
1557.5,1.5575000000000002e-12,42.270589104945415,1.988358051980259,1.9366928952025746,1.6421705810116667,1.9184097743701907,1.936523362266335,1.926764486629033,1,1,4,4,7,19,10,10,13,13,16,16,19,19,19,2,2,1,2,2,2,4
1558.0,1.558e-12,42.28568531044416,1.988925523686519,1.9374403685295065,1.6410710603812058,1.91860707016475,1.9365955212238608,1.9274770934550016,1,1,4,4,7,19,10,10,13,13,16,16,19,19,19,2,2,1,2,2,2,4
1558.5,1.5585e-12,42.30084558383503,1.989465541416974,1.9381416883384517,1.640067306061472,1.9188075638878967,1.9366242280298591,1.9281915299399732,1,1,4,4,7,19,10,10,13,13,16,16,19,19,19,2,2,1,2,2,2,4
1559.0,1.5590000000000001e-12,42.31609496275059,1.9899697222652948,1.9387980363024437,1.639160628842658,1.918994779372951,1.9366193193802907,1.928900453831289,1,1,4,4,7,19,10,10,13,13,16,16,19,19,19,2,2,1,2,2,2,4
1559.5,1.5595000000000002e-12,42.33145516379913,1.990430433854766,1.939411814491615,1.6383489602252008,1.9191520236048667,1.936592820419397,1.929600812544743,1,1,4,4,7,19,10,10,13,13,16,16,19,19,19,2,2,1,2,2,2,4
1560.0,1.5600000000000002e-12,42.34694211350577,1.990841321005772,1.9399859638410046,1.6376279122480755,1.9192641357179228,1.9365574222659032,1.9302939917690503,1,1,4,4,7,19,10,10,13,13,16,16,19,19,19,2,2,1,2,2,2,4
1560.5,1.5605e-12,42.36256394906556,1.9911976861618883,1.9405232994944,1.6369921026855823,1.9193192556597625,1.9365249898909098,1.9309853321110395,1,1,4,4,7,19,10,10,13,13,16,16,19,19,19,2,2,1,2,2,2,4
1561.0,1.5610000000000001e-12,42.378319846987594,1.9914966769046762,1.9410259226272224,1.6364365700188543,1.9193103979724613,1.936505253751962,1.931683111062882,1,1,4,4,7,19,10,10,13,13,16,16,19,19,19,2,2,1,2,2,2,4
1561.5,1.5615000000000002e-12,42.394199907422966,1.9917372417147619,1.9414946885103597,1.6359581529466196,1.9192365804925946,1.9365047658923458,1.932397189684254,1,1,4,4,7,19,10,10,13,13,16,16,19,19,19,2,2,1,2,2,2,4
1562.0,1.5620000000000002e-12,42.41018603284992,1.9919198711313055,1.941928862916897,1.6355565072758451,1.9191033152566295,1.9365262274439212,1.9331375217255307,1,1,4,4,7,19,10,10,13,13,16,16,19,19,19,2,2,1,2,2,2,4
1562.5,1.5625e-12,42.426253706864664,1.9920461330438601,1.942325937104746,1.635234644120924,1.9189223581351302,1.9365681759018765,1.9339127512749466,1,1,4,4,7,19,10,10,13,13,16,16,19,19,19,2,2,1,2,2,2,4
1563.0,1.5630000000000001e-12,42.4423744402893,1.9921180959813503,1.9426816486603615,1.6349988920510217,1.9187107069860838,1.9366250738707973,1.9347290424909243,1,1,4,4,7,19,10,10,13,13,16,16,19,19,19,2,2,1,2,2,2,4
1563.5,1.5635000000000002e-12,42.458518494353086,1.992137695493841,1.9429902941759913,1.634858204168638,1.918489044754905,1.9366877945328929,1.9355892506538315,1,1,4,4,7,19,10,10,13,13,16,16,19,19,19,2,2,1,2,2,2,4
1564.0,1.5640000000000002e-12,42.474657522872235,1.9921061601422465,1.9432452523826904,1.6348230408734241,1.918279822180974,1.9367444876933408,1.936492433486142,1,1,4,4,7,19,10,10,13,13,16,16,19,19,19,2,2,1,2,2,2,4
1564.5,1.5645e-12,42.490766770236476,1.9920235544400715,1.943439727664797,1.6349039496509365,1.9181052688739764,1.93678178546594,1.93743372787734,1,1,4,4,7,19,10,10,13,13,16,16,19,19,19,2,2,1,2,2,2,4
1565.0,1.565e-12,42.50682665284971,1.9918884991990684,1.943567617703715,1.6351100760930994,1.9179855581467893,1.9367862546207837,1.9384045760686577,1,1,4,4,7,19,10,10,13,13,16,16,19,19,19,2,2,1,2,2,2,4
1565.5,1.5655000000000001e-12,42.522823745940286,1.9916980917875817,1.9436243817596874,1.6354478041104628,1.9179372894609195,1.936745950825222,1.9393932926048032,1,1,4,4,7,19,10,10,13,13,16,16,19,19,19,2,2,1,2,2,2,4
1566.0,1.5660000000000002e-12,42.538751317296416,1.9914480179780711,1.9436077784269783,1.6359196697879117,1.9179723929579633,1.9366518785044986,1.9403859703618462,1,1,4,4,7,19,10,10,13,13,16,16,19,19,19,2,2,1,2,2,2,4
1566.5,1.5665e-12,42.55460959663263,1.9911328881535177,1.9435183120522648,1.6365237096599843,1.9180974731646887,1.9364991391776785,1.941367653537547,1,1,4,4,7,19,10,10,13,13,16,16,19,19,19,2,2,1,2,2,2,4
1567.0,1.567e-12,42.57040577484855,1.9907466853672013,1.9433593869307038,1.637253204171087,1.9183136657877309,1.9362875788101768,1.9423237765990926,1,1,4,4,7,19,10,10,13,13,16,16,19,19,19,2,2,1,2,2,2,4
1567.5,1.5675000000000001e-12,42.58615366628143,1.9902833085690026,1.9431370849787948,1.6380969411477362,1.9186170074176547,1.9360218163134884,1.9432416762428246,1,1,4,4,7,19,10,10,13,13,16,16,19,19,19,2,2,1,2,2,2,4
1568.0,1.5680000000000002e-12,42.601872734490826,1.989737197256117,1.9428597149060414,1.6390398741845995,1.9189992724157123,1.9357107029494791,1.9441119742421564,1,1,4,4,7,19,10,10,13,13,16,16,19,19,19,2,2,1,2,2,2,4
1568.5,1.5685e-12,42.617586346796145,1.9891039332349327,1.9425371144892438,1.6400642704524595,1.9194492581597578,1.9353662526841233,1.9449296564482919,1,1,4,4,7,19,10,10,13,13,16,16,19,19,19,2,2,1,2,2,2,4
1569.0,1.569e-12,42.633319123493614,1.9883807940149854,1.9421799226385836,1.641151086888286,1.9199544127953905,1.9350022838849967,1.9456946168166358,1,1,4,4,7,19,10,10,13,13,16,16,19,19,19,2,2,1,2,2,2,4
1569.5,1.5695000000000001e-12,42.64909367774169,1.9875671853905321,1.941798846095562,1.642281509267862,1.920502643391114,1.9346329494061612,1.9464115742598957,1,1,4,4,7,19,10,10,13,13,16,16,19,19,19,2,2,1,2,2,2,4
1570.0,1.5700000000000002e-12,42.66492730443643,1.9866648998031866,1.9414039827955873,1.6434384489491376,1.9210840839102943,1.9342713363072643,1.9470893715718351,1,1,4,4,7,19,10,10,13,13,16,16,19,19,19,2,2,1,2,2,2,4
1570.5,1.5705e-12,42.68082933586948,1.9856781524210767,1.9410042313953284,1.6446077967320591,1.921692576544408,1.933928260648753,1.947739786340167,1,1,4,4,7,19,10,10,13,13,16,16,19,19,19,2,2,1,2,2,2,4
1571.0,1.571e-12,42.696799760917905,1.9846133585841015,1.9406067956100865,1.6457792652148386,1.9223266266773094,1.9336113336686882,1.9483760577426246,1,1,4,4,7,19,10,10,13,13,16,16,19,19,19,2,2,1,2,2,2,4
1571.5,1.5715000000000001e-12,42.71282926585606,1.9834786833419848,1.9402168814671201,1.6469465880749026,1.9229896841389074,1.9333243869743957,1.9490113497986077,1,1,4,4,7,19,10,10,13,13,16,16,19,19,19,2,2,1,2,2,2,4
1572.0,1.5720000000000002e-12,42.72890061419695,1.9822833805705427,1.939837493974333,1.6481072238243004,1.9236896452432601,1.9330672170165601,1.9496573408937699,1,1,4,4,7,19,10,10,13,13,16,16,19,19,19,2,2,1,2,2,2,4
1572.5,1.5725000000000002e-12,42.74499085107243,1.9810370350705755,1.9394695289639081,1.6492614293727608,1.9244377110160265,1.932835741076852,1.950323087368182,1,1,4,4,7,19,10,10,13,13,16,16,19,19,19,2,2,1,2,2,2,4
1573.0,1.573e-12,42.76107400302612,1.9797488022649339,1.9391120367882326,1.6504110480854226,1.9252467616801103,1.9326225292937196,1.951014218678972,1,1,4,4,7,19,10,10,13,13,16,16,19,19,19,2,2,1,2,2,2,4
1573.5,1.5735000000000001e-12,42.77712377311801,1.9784267534107451,1.9387627904231457,1.6515580555768106,1.9261295182512879,1.9324177198344739,1.9517324963397213,1,1,4,4,7,19,10,10,13,13,16,16,19,19,19,2,2,1,2,2,2,4
1574.0,1.5740000000000002e-12,42.79311598583969,1.9770773898966034,1.9384190004380593,1.6527031986204255,1.9270967511980632,1.9322102456840662,1.952475737772461,1,1,4,4,7,19,10,10,13,13,16,16,19,19,19,2,2,1,2,2,2,4
1574.5,1.5745000000000002e-12,42.80903051606567,1.9757053759187755,1.9380781271961798,1.6538448494488354,1.9281557383278956,1.9319892790059903,1.953238091174244,1,1,4,4,7,19,10,10,13,13,16,16,19,19,19,2,2,1,2,2,2,4
1575.0,1.575e-12,42.82485260215601,1.9743135000085974,1.9377386688153455,1.6549781882326435,1.9293091090002767,1.9317457253231654,1.9540106535123016,1,1,4,4,7,19,10,10,13,13,16,16,19,19,19,2,2,1,2,2,2,4
1575.5,1.5755000000000001e-12,42.84057365245643,1.9729028431780928,1.9374007315207897,1.656094858043143,1.9305541458467943,1.9314735751321939,1.954782381316945,1,1,4,4,7,19,10,10,13,13,16,16,19,19,19,2,2,1,2,2,2,4
1576.0,1.5760000000000002e-12,42.85619161117228,1.971473120686453,1.9370663940598631,1.6571830101896745,1.9318825726670417,1.9311708843739221,1.9555413009777267,1,1,4,4,7,19,10,10,13,13,16,16,19,19,19,2,2,1,2,2,2,4
1576.5,1.5765000000000002e-12,42.87171108637314,1.9700231261386574,1.9367397260340267,1.658227851332903,1.93328083857559,1.9308402275372882,1.9562758858990208,1,1,4,4,7,19,10,10,13,13,16,16,19,19,19,2,2,1,2,2,2,4
1577.0,1.577e-12,42.88714320839679,1.9685512227489133,1.9364265407725034,1.6592125867289342,1.934730905274013,1.930488542994429,1.95697646907864,1,1,4,4,7,19,10,10,13,13,16,16,19,19,19,2,2,1,2,2,2,4
1577.5,1.5775e-12,42.90250511631256,1.9670558720751503,1.9361339615068998,1.6601196559848916,1.9362114333842038,1.9301264185638858,1.9576364904631502,1,1,4,4,7,19,10,10,13,13,16,16,19,19,19,2,2,1,2,2,2,4
1578.0,1.5780000000000001e-12,42.91781896675736,1.9655360979508065,1.9358697916571996,1.660932286070128,1.9376993413436086,1.9297669164810096,1.9582533731309995,1,1,4,4,7,19,10,10,13,13,16,16,19,19,19,2,2,1,2,2,2,4
1578.5,1.5785000000000002e-12,42.933110228171216,1.9639918871375621,1.9356419171227275,1.661635972700963,1.9391715742017877,1.9294241740616453,1.9588288493163002,1,1,4,4,7,19,10,10,13,13,16,16,19,19,19,2,2,1,2,2,2,4
1579.0,1.579e-12,42.94840532205991,1.9624244627792098,1.9354577156550186,1.6622197994313683,1.9406069329764213,1.929111951871188,1.9593686701521256,1,1,4,4,7,19,10,10,13,13,16,16,19,19,19,2,2,1,2,2,2,4
1579.5,1.5795e-12,42.963728814484455,1.96083639871742,1.9353235222010594,1.6626773671312138,1.9419877650792388,1.9288422993904584,1.9598817429315056,1,1,4,4,7,19,10,10,13,13,16,16,19,19,19,2,2,1,2,2,2,4
1580.0,1.5800000000000001e-12,42.97910060198626,1.95923154319301,1.9352441612212654,1.6630071917927853,1.9433013196360207,1.9286244486868303,1.9603788554303796,1,1,4,4,7,19,10,10,13,13,16,16,19,19,19,2,2,1,2,2,2,4
1580.5,1.5805000000000002e-12,42.99453359829532,1.9576147357024456,1.9352226004939712,1.6632124530124914,1.9445406070128544,1.9284640112172473,1.9608712002853288,1,1,4,4,7,19,10,10,13,13,16,16,19,19,19,2,2,1,2,2,2,4
1581.0,1.581e-12,43.01003243692715,1.9559913543316847,1.9352596638915636,1.6633002636338803,1.945704597179675,1.928362516759852,1.9613689110364156,1,1,4,4,7,19,10,10,13,13,16,16,19,19,19,2,2,1,2,2,2,4
1581.5,1.5815e-12,43.02559322915525,1.9543667289207607,1.9353539769940014,1.6632804121284142,1.946797786285097,1.9283173213131137,1.9618798008374518,1,1,4,4,7,19,10,10,13,13,16,16,19,19,19,2,2,1,2,2,2,4
1582.0,1.5820000000000001e-12,43.0412043481646,1.9527455190182321,1.9355020696099017,1.6631639284665274,1.947829161166399,1.928321911901992,1.9624083957591305,1,1,4,4,7,19,10,10,13,13,16,16,19,19,19,2,2,1,2,2,2,4
1582.5,1.5825000000000002e-12,43.05684791378829,1.9511311382608245,1.9356987430774624,1.6629615795078,1.9488107530402463,1.92836659193541,1.962955360272878,1,1,4,4,7,19,10,10,13,13,16,16,19,19,19,2,2,1,2,2,2,4
1583.0,1.5830000000000002e-12,43.0725017608394,1.94952533438399,1.9359376080789705,1.6626825741719744,1.9497559659428885,1.9284395345592644,1.9635172773309508,1,1,4,4,7,19,10,10,13,13,16,16,19,19,19,2,2,1,2,2,2,4
1583.5,1.5835e-12,43.08814160350199,1.947927962286327,1.9362117786785438,1.662333572223309,1.9506779292537637,1.928528122411676,1.9640867968498392,1,1,4,4,7,19,10,10,13,13,16,16,19,19,19,2,2,1,2,2,2,4
1584.0,1.5840000000000001e-12,43.10374316385523,1.9463369737398455,1.9365146187203386,1.6619180937149352,1.9515880465701552,1.928620450625989,1.9646531248623211,1,1,4,4,7,19,10,10,13,13,16,16,19,19,19,2,2,1,2,2,2,4
1584.5,1.5845000000000002e-12,43.119284062946164,1.944748627009884,1.9368404318727308,1.6614363645534878,1.952494852253676,1.9287067996252423,1.9652028369112908,1,1,4,4,7,19,10,10,13,13,16,16,19,19,19,2,2,1,2,2,2,4
1585.0,1.5850000000000002e-12,43.13474537597236,1.9431578385431971,1.9371849663616707,1.6608856301096466,1.9534032743140255,1.9287809094827588,1.9657209365130386,1,1,4,4,7,19,10,10,13,13,16,16,19,19,19,2,2,1,2,2,2,4
1585.5,1.5855e-12,43.150112835004116,1.941558689439044,1.9375457068578215,1.6602608628535485,1.954314284504306,1.9288407837632235,1.9661921886497722,1,1,4,4,7,19,10,10,13,13,16,16,19,19,19,2,2,1,2,2,2,4
1586.0,1.5860000000000001e-12,43.1653777740106,1.939944986197561,1.9379218875925535,1.6595558572648768,1.9552249714681387,1.9288889440474621,1.9666025312419406,1,1,4,4,7,19,10,10,13,13,16,16,19,19,19,2,2,1,2,2,2,4
1586.5,1.5865000000000002e-12,43.18053786336047,1.93831082381328,1.9383142855255777,1.658764575328867,1.9561290366312551,1.9289320842828936,1.966940458819664,1,1,4,4,7,19,10,10,13,13,16,16,19,19,19,2,2,1,2,2,2,4
1587.0,1.5870000000000002e-12,43.195597608474,1.9366511050882211,1.9387248538572988,1.6578825976444744,1.9570176940281747,1.9289801915485498,1.9671981950212951,1,1,4,4,7,19,10,10,13,13,16,16,19,19,19,2,2,1,2,2,2,4
1587.5,1.5875e-12,43.21056850818305,1.9349619854278455,1.9391562448482478,1.6569085108750994,1.9578809134273583,1.9290452883958142,1.9673724425918777,1,1,4,4,7,19,10,10,13,13,16,16,19,19,19,2,2,1,2,2,2,4
1588.0,1.588e-12,43.225468606666574,1.9332412174360616,1.939611360366998,1.6558448961772891,1.9587089180496144,1.929140002089021,1.967464578031026,1,1,4,4,7,19,10,10,13,13,16,16,19,19,19,2,2,1,2,2,2,4
1588.5,1.5885000000000001e-12,43.24032132234179,1.9314883618441818,1.9400928426632702,1.6546989258234555,1.9594937552922371,1.9292761330597543,1.9674802373031115,1,1,4,4,7,19,10,10,13,13,16,16,19,19,19,2,2,1,2,2,2,4
1589.0,1.5890000000000002e-12,43.25515336240733,1.9297048524833422,1.9406026051746175,1.6534823373434455,1.9602307513988462,1.9294633848354372,1.9674283749176795,1,1,4,4,7,19,10,10,13,13,16,16,19,19,19,2,2,1,2,2,2,4
1589.5,1.5895e-12,43.269991812330595,1.927893906326685,1.9411414136235925,1.652210791939474,1.9609196215728588,1.9297083472858163,1.96731997374327,1,1,4,4,7,19,10,10,13,13,16,16,19,19,19,2,2,1,2,2,2,4
1590.0,1.59e-12,43.28486082842829,1.926060256334703,1.9417084905057351,1.6509028222740636,1.961565054917996,1.9300138070352821,1.9671665929789806,1,1,4,4,7,19,10,10,13,13,16,16,19,19,19,2,2,1,2,2,2,4
1590.5,1.5905000000000001e-12,43.299778497611165,1.9242097664721407,1.942301274572131,1.649578373263207,1.962176617907869,1.9303784072684809,1.9669789834835343,1,1,4,4,7,19,10,10,13,13,16,16,19,19,19,2,2,1,2,2,2,4
1591.0,1.5910000000000002e-12,43.31475458633639,1.9223489205180315,1.9429153303340498,1.6482572464112257,1.9627679992845266,1.9307966865195565,1.9667659194470153,1,1,4,4,7,19,10,10,13,13,16,16,19,19,19,2,2,1,2,2,2,4
1591.5,1.5915e-12,43.329789622222144,1.9204842713868178,1.9435444365073546,1.6469576746771635,1.9633556921926307,1.9312595439231153,1.9665333048336175,1,1,4,4,7,19,10,10,13,13,16,16,19,19,19,2,2,1,2,2,2,4
1592.0,1.592e-12,43.344875304038254,1.918621913211882,1.944180933671321,1.6456950703057671,1.9639573090564315,1.931755055246906,1.9662836838189743,1,1,4,4,7,19,10,10,13,13,16,16,19,19,19,2,2,1,2,2,2,4
1592.5,1.5925000000000001e-12,43.35999601365824,1.916767069737037,1.9448162334651558,1.644481202133129,1.964589773790931,1.93226967638313,1.9660160673827975,1,1,4,4,7,19,10,10,13,13,16,16,19,19,19,2,2,1,2,2,2,4
1593.0,1.5930000000000002e-12,43.375131009411206,1.9149238467241292,1.9454414712985297,1.6433238001877495,1.9652676214425933,1.9327896978493733,1.965726124758897,1,1,4,4,7,19,10,10,13,13,16,16,19,19,19,2,2,1,2,2,2,4
1593.5,1.5935e-12,43.39025693550985,1.9130951754603878,1.9460481985348825,1.6422266260240497,1.966001578559761,1.9333028023407075,1.9654067105030653,1,1,4,4,7,19,10,10,13,13,16,16,19,19,19,2,2,1,2,2,2,4
1594.0,1.594e-12,43.405350333212375,1.9112829486279215,1.9466290124169279,1.6411899866146935,1.96679752454042,1.9337995195430944,1.9650486987419449,1,1,4,4,7,19,10,10,13,13,16,16,19,19,19,2,2,1,2,2,2,4
1594.5,1.5945000000000001e-12,43.42038994084603,1.909488269583102,1.9471780046929643,1.6402116887933011,1.9676559234132098,1.9342743675589122,1.9646420762672256,1,1,4,4,7,19,10,10,13,13,16,16,19,19,19,2,2,1,2,2,2,4
1595.0,1.5950000000000002e-12,43.4353586097291,1.9077118455896198,1.9476910175629192,1.639288264604989,1.9685716819710721,1.934726466708732,1.964177236844931,1,1,4,4,7,19,10,10,13,13,16,16,19,19,19,2,2,1,2,2,2,4
1595.5,1.5955000000000002e-12,43.45024482506869,1.9059544132062447,1.9481656414748276,1.6384164178954483,1.9695344675257214,1.9351595406995923,1.9636463366182946,1,1,4,4,7,19,10,10,13,13,16,16,19,19,19,2,2,1,2,2,2,4
1596.0,1.596e-12,43.46504381259643,1.9042171579623495,1.9486010453188838,1.6375944339333226,1.9705294736691064,1.9355813210165298,1.963044561947514,1,1,4,4,7,19,10,10,13,13,16,16,19,19,19,2,2,1,2,2,2,4
1596.5,1.5965000000000001e-12,43.47975826246607,1.9025020830805617,1.9489977033293575,1.6368233261786376,1.9715386081650266,1.936002455365151,1.962371113941753,1,1,4,4,7,19,10,10,13,13,16,16,19,19,19,2,2,1,2,2,2,4
1597.0,1.5970000000000002e-12,43.49439872869088,1.900812295918428,1.9493569985337302,1.6361076212615846,1.9725419890411304,1.9364351087196476,1.961629715191182,1,1,4,4,7,19,10,10,13,13,16,16,19,19,19,2,2,1,2,2,2,4
1597.5,1.5975000000000002e-12,43.508983584993594,1.8991521887923164,1.9496808104399281,1.63545554507313,1.973519641093336,1.93689145684941,1.9608285330237598,1,1,4,4,7,19,10,10,13,13,16,16,19,19,19,2,2,1,2,2,2,4
1598.0,1.598e-12,43.523538403865714,1.897527484385664,1.9499710901417937,1.6348785914893793,1.9744532120286706,1.937382258327178,1.9599795047851474,1,1,4,4,7,19,10,10,13,13,16,16,19,19,19,2,2,1,2,2,2,4
1598.5,1.5985000000000001e-12,43.53809457715938,1.8959451391390774,1.950229444083775,1.6343905476197749,1.9753274925706839,1.9379156385143812,1.9590971770419705,1,1,4,4,7,19,10,10,13,13,16,16,19,19,19,2,2,1,2,2,2,4
1599.0,1.5990000000000002e-12,43.552687063654766,1.8944130933592258,1.9504567512001794,1.6340061312164889,1.976131543745856,1.938496172263514,1.958197249866637,1,1,4,4,7,19,10,10,13,13,16,16,19,19,19,2,2,1,2,2,2,4
1599.5,1.5995000000000002e-12,43.56735136538814,1.8929399269476563,1.9506528323500762,1.6337394799530398,1.9768592174088437,1.9391243104763312,1.957295067105361,1,1,4,4,7,19,10,10,13,13,16,16,19,19,19,2,2,1,2,2,2,4
1600.0,1.6e-12,43.582120083538854,1.8915343758477747,1.9508162337758232,1.6336026622087065,1.977509085947833,1.9397961816155165,1.9564042167296007,1,1,4,4,7,19,10,10,13,13,16,16,19,19,19,2,2,1,2,2,2,4
1600.5,1.6005e-12,43.59701968128734,1.8902048111182155,1.9509441651018689,1.633604415420271,1.9780837494787487,1.9405037889389427,1.955535407690473,1,1,4,4,7,19,10,10,13,13,16,16,19,19,19,2,2,1,2,2,2,4
1601.0,1.6010000000000001e-12,43.61206808882734,1.8889587072321412,1.9510326294825648,1.6337492221331258,1.9785886829168713,1.9412356187705586,1.9546956826684838,1,1,4,4,7,19,10,10,13,13,16,16,19,19,19,2,2,1,2,2,2,4
1601.5,1.6015000000000002e-12,43.62727354825704,1.887802154777517,1.951076765246251,1.6340367987269975,1.979030822101204,1.9419776560013091,1.9538879908616458,1,1,4,4,7,19,10,10,13,13,16,16,19,19,19,2,2,1,2,2,2,4
1602.0,1.602e-12,43.64263471241755,1.8867394850541468,1.951071374580993,1.634462049498836,1.9794170936770605,1.9427147615850344,1.953111128960532,1,1,4,4,7,19,10,10,13,13,16,16,19,19,19,2,2,1,2,2,2,4
1602.5,1.6025e-12,43.658141726668646,1.8857730761317306,1.9510115666413275,1.635015484378041,1.9797530602244666,1.9434322636667634,1.9523600605060585,1,1,4,4,7,19,10,10,13,13,16,16,19,19,19,2,2,1,2,2,2,4
1603.0,1.6030000000000001e-12,43.67377795799448,1.8849033357783291,1.9508934001811937,1.6356840952058356,1.9800418329954472,1.9441175928467895,1.9516265694701382,1,1,4,4,7,19,10,10,13,13,16,16,19,19,19,2,2,1,2,2,2,4
1603.5,1.6035000000000002e-12,43.68952208193985,1.8841288623089802,1.9507144354278239,1.636452599398003,1.9802833250218097,1.9447616976625768,1.950900244598914,1,1,4,4,7,19,10,10,13,13,16,16,19,19,19,2,2,1,2,2,2,4
1604.0,1.604e-12,43.705350286752825,1.883446760776501,1.9504741195738788,1.6373049200281826,1.9804738788304552,1.9453600352330407,1.9501697173554184,1,1,4,4,7,19,10,10,13,13,16,16,19,19,19,2,2,1,2,2,2,4
1604.5,1.6045e-12,43.721238391681595,1.8828530492552416,1.950173960574126,1.6382257118613006,1.9806062912798377,1.9459129539490323,1.949424062172267,1,1,4,4,7,19,10,10,13,13,16,16,19,19,19,2,2,1,2,2,2,4
1605.0,1.6050000000000001e-12,43.73716373144281,1.8823431228054104,1.949817458642356,1.639201774839062,1.9806702112165921,1.94642542956578,1.9486541879370523,1,1,4,4,7,19,10,10,13,13,16,16,19,19,19,2,2,1,2,2,2,4
1605.5,1.6055000000000002e-12,43.75310667376583,1.8819122192216726,1.9494098842525385,1.640223085480439,1.9806529229289704,1.9469061907228566,1.9478541031579706,1,1,4,4,7,19,10,10,13,13,16,16,19,19,19,2,2,1,2,2,2,4
1606.0,1.6060000000000002e-12,43.76905178953639,1.8815558581598104,1.9489579280820597,1.6412833117719428,1.980540467845718,1.9473664185368078,1.9470218178820804,1,1,4,4,7,19,10,10,13,13,16,16,19,19,19,2,2,1,2,2,2,4
1606.5,1.6065e-12,43.784988731394684,1.881270219329544,1.948469275857382,1.6423797231148207,1.9803190451905788,1.947818225581283,1.9461597280273837,1,1,4,4,7,19,10,10,13,13,16,16,19,19,19,2,2,1,2,2,2,4
1607.0,1.6070000000000001e-12,43.800912883163384,1.881052432374531,1.9479521447107337,1.643512522733396,1.9799765759039685,1.9482731206570272,1.945274397677722,1,1,4,4,7,19,10,10,13,13,16,16,19,19,19,2,2,1,2,2,2,4
1607.5,1.6075000000000002e-12,43.81682577984388,1.8809007500833166,1.9474148022278202,1.6446837368281826,1.9795042600245025,1.9487406278196957,1.944375768450608,1,1,4,4,7,19,10,10,13,13,16,16,19,19,19,2,2,1,2,2,2,4
1608.0,1.6080000000000002e-12,43.83273519734925,1.880814584023616,1.9468650887750958,1.6458958570648814,1.9788979175229973,1.9492271771589809,1.9434759310868714,1,1,4,4,7,19,10,10,13,13,16,16,19,19,19,2,2,1,2,2,2,4
1608.5,1.6085e-12,43.84865471348515,1.8807943794652446,1.946309970773891,1.6471504571949729,1.9781589054222037,1.949735333189425,1.9425876729264122,1,1,4,4,7,19,10,10,13,13,16,16,19,19,19,2,2,1,2,2,2,4
1609.0,1.6090000000000001e-12,43.86460250574584,1.8808413837506677,1.9457551903286385,1.648446917980717,1.9772944190809596,1.9502633960028242,1.9417230288613112,1,1,4,4,7,19,10,10,13,13,16,16,19,19,19,2,2,1,2,2,2,4
1609.5,1.6095000000000002e-12,43.88059929985122,1.8809572617600092,1.9452050212899759,1.649781490684294,1.9763171447896015,1.9508054028032995,1.9408920083113503,1,1,4,4,7,19,10,10,13,13,16,16,19,19,19,2,2,1,2,2,2,4
1610.0,1.6100000000000002e-12,43.896665524003375,1.8811436870960072,1.9446622474200228,1.651146661300232,1.9752442795594982,1.9513515364503051,1.9401016418040122,1,1,4,4,7,19,10,10,13,13,16,16,19,19,19,2,2,1,2,2,2,4
1610.5,1.6105e-12,43.91281817229245,1.8814018714315774,1.944128291806859,1.6525310247623057,1.9740960958941631,1.9518889270316018,1.9393553901057268,1,1,4,4,7,19,10,10,13,13,16,16,19,19,19,2,2,1,2,2,2,4
1611.0,1.6110000000000001e-12,43.92906790109099,1.8817321890026737,1.9436035936253528,1.6539195379940743,1.972894218268061,1.9524028476882005,1.938652919347801,1,1,4,4,7,19,10,10,13,13,16,16,19,19,19,2,2,1,2,2,2,4
1611.5,1.6115000000000002e-12,43.94541701160858,1.8821338948567385,1.9430881358980825,1.6552942401630795,1.9716598498892486,1.9528782175005208,1.9379902326416631,1,1,4,4,7,19,10,10,13,13,16,16,19,19,19,2,2,1,2,2,2,4
1612.0,1.6120000000000002e-12,43.961858641321825,1.8826049879927007,1.9425820567539809,1.656635376101995,1.9704121355777355,1.9533012667267506,1.9373601366203572,1,1,4,4,7,19,10,10,13,13,16,16,19,19,19,2,2,1,2,2,2,4
1612.5,1.6125e-12,43.9783771593744,1.8831422321678781,1.9420862417137301,1.6579228215188386,1.96916681014895,1.9536611468061003,1.9367530212328794,1,1,4,4,7,19,10,10,13,13,16,16,19,19,19,2,2,1,2,2,2,4
1613.0,1.613e-12,43.99494953796758,1.8837413201895694,1.9416027849966524,1.6591376620349916,1.9679352308368383,1.953951231768433,1.9361579114702252,1,1,4,4,7,19,10,10,13,13,16,16,19,19,19,2,2,1,2,2,2,4
1613.5,1.6135000000000001e-12,44.0115473397293,1.8843971807949544,1.9411352805841764,1.6602636658970553,1.9667238612254707,1.9541698859941643,1.9355637408052218,1,1,4,4,7,19,10,10,13,13,16,16,19,19,19,2,2,1,2,2,2,4
1614.0,1.6140000000000002e-12,44.02813905478271,1.8851043595807462,1.9406888635125872,1.6612884918736255,1.9655342188835736,1.9543205632139191,1.9349607325402949,1,1,4,4,7,19,10,10,13,13,16,16,19,19,19,2,2,1,2,2,2,4
1614.5,1.6145e-12,44.04469250534695,1.8858574412021356,1.9402700067437564,1.6622044527359165,1.9643632932164534,1.9544112426619675,1.9343417230730668,1,1,4,4,7,19,10,10,13,13,16,16,19,19,19,2,2,1,2,2,2,4
1615.0,1.615e-12,44.061177027472944,1.886651499807649,1.9398861843212438,1.663008635544775,1.9632044211027735,1.9544533113701683,1.933703282631499,1,1,4,4,7,19,10,10,13,13,16,16,19,19,19,2,2,1,2,2,2,4
1615.5,1.6155000000000001e-12,44.07756533475206,1.8874825203526648,1.9395454161704038,1.6637024232080224,1.962048559953857,1.9544600989556882,1.93304642896845,1,1,4,4,7,19,10,10,13,13,16,16,19,19,19,2,2,1,2,2,2,4
1616.0,1.6160000000000002e-12,44.09383503657882,1.8883477631627672,1.9392557585953336,1.6642905029219583,1.9608858448414304,1.9544452864506423,1.9323767973130006,1,1,4,4,7,19,10,10,13,13,16,16,19,19,19,2,2,1,2,2,2,4
1616.5,1.6165e-12,44.109969874724875,1.8892460336352037,1.93902477759529,1.664779538373139,1.9597072616052726,1.9544213852011847,1.9317042116607475,1,1,4,4,7,19,10,10,13,13,16,16,19,19,19,2,2,1,2,2,2,4
1617.0,1.617e-12,44.125960749453846,1.8901778268565579,1.9388590311185265,1.6651767188177513,1.9585062101433333,1.9543984289188636,1.9310417144778576,1,1,4,4,7,19,10,10,13,13,16,16,19,19,19,2,2,1,2,2,2,4
1617.5,1.6175000000000001e-12,44.14180653404483,1.8911453053590308,1.9387635829242038,1.6654883971978254,1.9572797251449334,1.9543829716837606,1.9304042085874205,1,1,4,4,7,19,10,10,13,13,16,16,19,19,19,2,2,1,2,2,2,4
1618.0,1.6180000000000002e-12,44.1575144905132,1.8921521394015919,1.9387416293173767,1.6657189123069365,1.9560291336062086,1.9543774703785834,1.9298069300636196,1,1,4,4,7,19,10,10,13,13,16,16,19,19,19,2,2,1,2,2,2,4
1618.5,1.6185000000000002e-12,44.17310009797257,1.8932031400956453,1.9387941994866482,1.665869825930751,1.9547600610675513,1.954380032514673,1.9292639503913096,1,1,4,4,7,19,10,10,13,13,16,16,19,19,19,2,2,1,2,2,2,4
1619.0,1.619e-12,44.188585928237124,1.8943037940274312,1.938920096221054,1.6659394929845595,1.9534817799331778,1.9543846065093389,1.9287869195110694,1,1,4,4,7,19,10,10,13,13,16,16,19,19,19,2,2,1,2,2,2,4
1619.5,1.6195000000000001e-12,44.20399951511472,1.8954596875380785,1.9391159878385584,1.6659231521979618,1.9522060307022697,1.9543815611669382,1.9283841363747007,1,1,4,4,7,19,10,10,13,13,16,16,19,19,19,2,2,1,2,2,2,4
1620.0,1.6200000000000002e-12,44.21937026039815,1.8966759323570965,1.9393767714460446,1.6658133969395876,1.9509455111983767,1.9543586871111607,1.9280599963142333,1,1,4,4,7,19,10,10,13,13,16,16,19,19,19,2,2,1,2,2,2,4
1620.5,1.6205000000000002e-12,44.23472589188496,1.8979566319106558,1.9396961264725394,1.665601077925676,1.949712271234643,1.9543025429983434,1.927814822916771,1,1,4,4,7,19,10,10,13,13,16,16,19,19,19,2,2,1,2,2,2,4
1621.0,1.621e-12,44.250089168273185,1.8993044696054973,1.940067230234506,1.6652765205177076,1.9485162020270093,1.9542000465904399,1.9276450645037866,1,1,4,4,7,19,10,10,13,13,16,16,19,19,19,2,2,1,2,2,2,4
1621.5,1.6215000000000001e-12,44.26547559378707,1.900720428366211,1.9404834815342005,1.6648310059653308,1.9473638001774582,1.9540401284951137,1.9275438230121795,1,1,4,4,7,19,10,10,13,13,16,16,19,19,19,2,2,1,2,2,2,4
1622.0,1.6220000000000002e-12,44.280892458209294,1.9022037241656167,1.9409391705431058,1.6642582608126288,1.9462572548543384,1.9538152193414045,1.9275016884772955,1,1,4,4,7,19,10,10,13,13,16,16,19,19,19,2,2,1,2,2,2,4
1622.5,1.6225000000000002e-12,44.29633916277479,1.9037519039155573,1.9414299731440865,1.663555751346554,1.945193957922476,1.953522323710714,1.927507839907037,1,1,4,4,7,19,10,10,13,13,16,16,19,19,19,2,2,1,2,2,2,4
1623.0,1.623e-12,44.31180847061503,1.9053611226366216,1.9419531993397114,1.6627255642501162,1.944166445366177,1.9531634978817074,1.9275513353079539,1,1,4,4,7,19,10,10,13,13,16,16,19,19,19,2,2,1,2,2,2,4
1623.5,1.6235e-12,44.327288290677366,1.907026527108012,1.942507739178707,1.6617747368815001,1.9431627740357154,1.9527456127416671,1.9276224776596502,1,1,4,4,7,19,10,10,13,13,16,16,19,19,19,2,2,1,2,2,2,4
1624.0,1.6240000000000001e-12,44.342763634390366,1.9087426684506135,1.943093788618179,1.6607149473951537,1.9421673563744228,1.9522795353306064,1.9277140495274956,1,1,4,4,7,19,10,10,13,13,16,16,19,19,19,2,2,1,2,2,2,4
1624.5,1.6245000000000002e-12,44.358218545779124,1.9105039537444575,1.9437123926880597,1.659561657821934,1.9411621464184372,1.9517788250685493,1.9278222935155154,1,1,4,4,7,19,10,10,13,13,16,16,19,19,19,2,2,1,2,2,2,4
1625.0,1.625e-12,44.3736378255424,1.9123050616302109,1.9443649003843086,1.6583328418649068,1.9401281335881917,1.951258200430106,1.9279474332599462,1,1,4,4,7,19,10,10,13,13,16,16,19,19,19,2,2,1,2,2,2,4
1625.5,1.6255e-12,44.389008470313236,1.914141293533544,1.9450523973205616,1.6570475049447266,1.9390470141296345,1.9507319829845353,1.9280936342203587,1,1,4,4,7,19,10,10,13,13,16,16,19,19,19,2,2,1,2,2,2,4
1626.0,1.6260000000000001e-12,44.404320838987374,1.9160088304999838,1.9457751620670585,1.6557242025815158,1.9379028760543004,1.9502126908476143,1.9282683883801468,1,1,4,4,7,19,10,10,13,13,16,16,19,19,19,2,2,1,2,2,2,4
1626.5,1.6265000000000002e-12,44.419569626702874,1.917904868576014,1.9465321843858259,1.6543797234429738,1.9366837036654714,1.9497098871193272,1.9284814260480394,1,1,4,4,7,19,10,10,13,13,16,16,19,19,19,2,2,1,2,2,2,4
1627.0,1.627e-12,44.43475471341399,1.9198276252730913,1.9473207949322417,1.6530280384426388,1.9353825060064946,1.949229353531618,1.9287433292213707,1,1,4,4,7,19,10,10,13,13,16,16,19,19,19,2,2,1,2,2,2,4
1627.5,1.6275e-12,44.44988194233513,1.9217762195969268,1.9481363957197564,1.6516796682706547,1.9339978570263314,1.9487726458472712,1.9290640460905786,1,1,4,4,7,19,10,10,13,13,16,16,19,19,19,2,2,1,2,2,2,4
1628.0,1.6280000000000001e-12,44.46496360531025,1.923750390084277,1.9489724025308446,1.6503414243638141,1.932533864664158,1.9483370151598454,1.929451552137168,1,1,4,4,7,19,10,10,13,13,16,16,19,19,19,2,2,1,2,2,2,4
1628.5,1.6285000000000002e-12,44.48001847918807,1.9257501190832504,1.9498203610696838,1.649016647522479,1.930999497909678,1.9479157478324693,1.9299107624438905,1,1,4,4,7,19,10,10,13,13,16,16,19,19,19,2,2,1,2,2,2,4
1629.0,1.629e-12,44.4950710625904,1.927775214669122,1.9506703495081232,1.6477058023498394,1.9294074209275145,1.947498912202937,1.9304428213704705,1,1,4,4,7,19,10,10,13,13,16,16,19,19,19,2,2,1,2,2,2,4
1629.5,1.6295e-12,44.510149952435064,1.929824838305681,1.9515115401299838,1.6464075586121563,1.9277725386539712,1.9470744863434772,1.931044766045328,1,1,4,4,7,19,10,10,13,13,16,16,19,19,19,2,2,1,2,2,2,4
1630.0,1.6300000000000001e-12,44.52528532862472,1.9318970786601308,1.9523329449774776,1.6451201412325605,1.9261104562768623,1.946629792341184,1.9317095690217587,1,1,4,4,7,19,10,10,13,13,16,16,19,19,19,2,2,1,2,2,2,4
1630.5,1.6305000000000002e-12,44.540505886096184,1.9339886132634814,1.953124241073269,1.6438428103538558,1.9244360423133473,1.94615310141897,1.932426532403626,1,1,4,4,7,19,10,10,13,13,16,16,19,19,19,2,2,1,2,2,2,4
1631.0,1.6310000000000002e-12,44.55583578409379,1.9360945167267725,1.95387656629825,1.6425772478642262,1.9227622132257531,1.9456352151587928,1.9331820030701734,1,1,4,4,7,19,10,10,13,13,16,16,19,19,19,2,2,1,2,2,2,4
1631.5,1.6315e-12,44.57129225913956,1.9382082580125783,1.9545831679152104,1.6413285953032115,1.9210990136483432,1.9450707842415245,1.933960383776497,1,1,4,4,7,19,10,10,13,13,16,16,19,19,19,2,2,1,2,2,2,4
1632.0,1.6320000000000001e-12,44.58688437553548,1.940321877222701,1.9552397664840158,1.6401060203071611,1.9194530384880095,1.944459138170041,1.9347453639523264,1,1,4,4,7,19,10,10,13,13,16,16,19,19,19,2,2,1,2,2,2,4
1632.5,1.6325000000000002e-12,44.60261290786209,1.942426374397458,1.9558446631981843,1.6389225322677499,1.9178272111694423,1.943804486676446,1.9355213346157938,1,1,4,4,7,19,10,10,13,13,16,16,19,19,19,2,2,1,2,2,2,4
1633.0,1.6330000000000002e-12,44.61847120677601,1.9445121715049534,1.95639847024693,1.6377942955505096,1.9162209892704254,1.9431154586816526,1.9362747631381372,1,1,4,4,7,19,10,10,13,13,16,16,19,19,19,2,2,1,2,2,2,4
1633.5,1.6335e-12,44.63444659863889,1.946569656550849,1.956903641713101,1.6367393781205815,1.914630984221276,1.9424040978480637,1.9369954215321277,1,1,4,4,7,19,10,10,13,13,16,16,19,19,19,2,2,1,2,2,2,4
1634.0,1.6340000000000001e-12,44.650522055796046,1.9485897174153481,1.9573638273173606,1.6357762660705213,1.9130519788917935,1.9416844932994148,1.9376772477850512,1,1,4,4,7,19,10,10,13,13,16,16,19,19,19,2,2,1,2,2,2,4
1634.5,1.6345000000000002e-12,44.66667787730863,1.9505642309024018,1.9577831761527822,1.6349223116921325,1.9114782667338945,1.9409712719263543,1.9383187071888406,1,1,4,4,7,19,10,10,13,13,16,16,19,19,19,2,2,1,2,2,2,4
1635.0,1.6350000000000002e-12,44.682893237257574,1.9524864709190486,1.9581656623606316,1.6341923181967424,1.9099051713496213,1.9402781432725502,1.938922582270238,1,1,4,4,7,19,10,10,13,13,16,16,19,19,19,2,2,1,2,2,2,4
1635.5,1.6355e-12,44.69914753577443,1.9543514078041888,1.9585144992994343,1.6335973733506297,1.9083305495330158,1.9396166347761001,1.9394952237190775,1,1,4,4,7,19,10,10,13,13,16,16,19,19,19,2,2,1,2,2,2,4
1636.0,1.636e-12,44.71542165082154,1.9561558477452015,1.9588316090125832,1.6331441384635819,1.9067560569893165,1.938995115694824,1.9400453728162883,1,1,4,4,7,19,10,10,13,13,16,16,19,19,19,2,2,1,2,2,2,4
1636.5,1.6365000000000001e-12,44.73169912889194,1.9578984415275555,1.9591172814876783,1.6328344643140198,1.9051879479949017,1.9384181309545443,1.94058277087955,1,1,4,4,7,19,10,10,13,13,16,16,19,19,19,2,2,1,2,2,2,4
1637.0,1.6370000000000002e-12,44.747967453491896,1.9595795360428956,1.9593699838215684,1.6326654898654431,1.903637242131276,1.9378860881366688,1.94111674344575,1,1,4,4,7,19,10,10,13,13,16,16,19,19,19,2,2,1,2,2,2,4
1637.5,1.6375e-12,44.76421934951183,1.9612008772538114,1.9595863716821003,1.632630202061155,1.9021192153083983,1.9373953160819295,1.941654944625303,1,1,4,4,7,19,10,10,13,13,16,16,19,19,19,2,2,1,2,2,2,4
1638.0,1.638e-12,44.78045391881652,1.9627651833617628,1.959761534941718,1.6327184204875151,1.900652308120962,1.9369385166468898,1.9422023831609623,1,1,4,4,7,19,10,10,13,13,16,16,19,19,19,2,2,1,2,2,2,4
1638.5,1.6385000000000001e-12,44.79667729227103,1.9642756754109447,1.9598894739097905,1.6329181424088046,1.8992565569312425,1.9365055931479127,1.9427608102959055,1,1,4,4,7,19,10,10,13,13,16,16,19,19,19,2,2,1,2,2,2,4
1639.0,1.6390000000000002e-12,44.81290240766085,1.965735564930143,1.9599637953738163,1.633217075993878,1.8979518648650653,1.9360848452181236,1.9433284715855104,1,1,4,4,7,19,10,10,13,13,16,16,19,19,19,2,2,1,2,2,2,4
1639.5,1.6395e-12,44.82914764086631,1.9671475899305866,1.9599785535198166,1.6336041612130354,1.8967562983495214,1.935664425084719,1.943900223267065,1,1,4,4,7,19,10,10,13,13,16,16,19,19,19,2,2,1,2,2,2,4
1640.0,1.64e-12,44.84543424467094,1.9685136459175971,1.9599291250809205,1.6340708433368578,1.895684604628214,1.935233910643441,1.944467983427932,1,1,4,4,7,19,10,10,13,13,16,16,19,19,19,2,2,1,2,2,2,4
1640.5,1.6405000000000001e-12,44.86178291568039,1.9698345570891502,1.9598129949222698,1.6346118697904406,1.8947470659867118,1.934785783572472,1.945021489916134,1,1,4,4,7,19,10,10,13,13,16,16,19,19,19,2,2,1,2,2,2,4
1641.0,1.6410000000000002e-12,44.87821024487559,1.9711100164544393,1.95963025903146,1.6352255413928514,1.8939487514918893,1.9343165830205413,1.9455493018002143,1,1,4,4,7,19,10,10,13,13,16,16,19,19,19,2,2,1,2,2,2,4
1641.5,1.6415000000000002e-12,44.89472588261864,1.9723387160039008,1.9593838415299738,1.6359132834771424,1.8932891917646055,1.933827530025111,1.9460400220044693,1,1,4,4,7,19,10,10,13,13,16,16,19,19,19,2,2,1,2,2,2,4
1642.0,1.642e-12,44.911331094820234,1.9735186380292447,1.9590793341741564,1.6366786956281603,1.8927625100225407,1.9333245103913126,1.9464836147739146,1,1,4,4,7,19,10,10,13,13,16,16,19,19,19,2,2,1,2,2,2,4
1642.5,1.6425000000000001e-12,44.92801882415143,1.9746474528231892,1.9587244863448379,1.6375262860360202,1.8923580250480343,1.9328174129327698,1.9468726785001014,1,1,4,4,7,19,10,10,13,13,16,16,19,19,19,2,2,1,2,2,2,4
1643.0,1.6430000000000002e-12,44.94477484512366,1.975722974979118,1.958328486789064,1.6384600417578852,1.8920612984327807,1.9323189934571978,1.9472034643584417,1,1,4,4,7,19,10,10,13,13,16,16,19,19,19,2,2,1,2,2,2,4
1643.5,1.6435000000000002e-12,44.96157950278285,1.976743606278482,1.9579011387159095,1.6394820786561857,1.8918555538602007,1.9318434296180547,1.947476499935404,1,1,4,4,7,19,10,10,13,13,16,16,19,19,19,2,2,1,2,2,2,4
1644.0,1.644e-12,44.97840958762996,1.9777087054899347,1.9574520446086467,1.6405915204049721,1.8917233347577065,1.931404808559421,1.947696673861058,1,1,4,4,7,19,10,10,13,13,16,16,19,19,19,2,2,1,2,2,2,4
1644.5,1.6445000000000001e-12,44.995240111857875,1.978618858465814,1.9569898827058028,1.6417837117951088,1.891648201690258,1.9310157216687927,1.947872750546472,1,1,4,4,7,19,10,10,13,13,16,16,19,19,19,2,2,1,2,2,2,4
1645.0,1.6450000000000002e-12,45.01204590048883,1.9794760121754782,1.9565218153875217,1.643049836260887,1.8916162583936196,1.9306860879004586,1.9480163841171838,1,1,4,4,7,19,10,10,13,13,16,16,19,19,19,2,2,1,2,2,2,4
1645.5,1.6455000000000002e-12,45.02880302937437,1.9802834678191912,1.9560530414126223,1.6443769910778647,1.8916172933538937,1.9304222686674257,1.9481407865706775,1,1,4,4,7,19,10,10,13,13,16,16,19,19,19,2,2,1,2,2,2,4
1646.0,1.646e-12,45.045490146169605,1.981045675086418,1.9555865556417376,1.6457486436534798,1.8916454397845428,1.9302265465443746,1.9482592428079544,1,1,4,4,7,19,10,10,13,13,16,16,19,19,19,2,2,1,2,2,2,4
1646.5,1.6465000000000001e-12,45.06208982165588,1.9817679187262922,1.955123058662717,1.6471455929390262,1.89169919758014,1.9300969419268534,1.9483836782628445,1,1,4,4,7,19,10,10,13,13,16,16,19,19,19,2,2,1,2,2,2,4
1647.0,1.6470000000000002e-12,45.07858990455163,1.9824558773325827,1.9546611118634871,1.6485472429708952,1.8917809015654343,1.9300274175417047,1.9485234515469945,1,1,4,4,7,19,10,10,13,13,16,16,19,19,19,2,2,1,2,2,2,4
1647.5,1.6475000000000002e-12,45.094984817268916,1.9831151143243737,1.9541975344544729,1.6499331079084254,1.8918957312424542,1.9300084800529014,1.9486844574383457,1,1,4,4,7,19,10,10,13,13,16,16,19,19,19,2,2,1,2,2,2,4
1648.0,1.648e-12,45.111276634454505,1.983750559592715,1.9537279985651106,1.6512844673572915,1.8920504223517183,1.9300281333451093,1.9488686349519602,1,1,4,4,7,19,10,10,13,13,16,16,19,19,19,2,2,1,2,2,2,4
1648.5,1.6485e-12,45.12747558607712,1.9843660490150532,1.953247854301173,1.652585751026952,1.8922518821974268,1.9300731978197818,1.9490738498391396,1,1,4,4,7,19,10,10,13,13,16,16,19,19,19,2,2,1,2,2,2,4
1649.0,1.6490000000000001e-12,45.143599731382686,1.9849639745316443,1.952753044516474,1.65382554978383,1.89250587712329,1.9301308365538155,1.9492941586026777,1,1,4,4,7,19,10,10,13,13,16,16,19,19,19,2,2,1,2,2,2,4
1649.5,1.6495000000000002e-12,45.159673567186886,1.985545077827861,1.952240978588323,1.6549970759941584,1.8928159320133446,1.930190117399056,1.949520420175065,1,1,4,4,7,19,10,10,13,13,16,16,19,19,19,2,2,1,2,2,2,4
1650.0,1.65e-12,45.17572548303643,1.986108408663968,1.951711274258454,1.6560978998080578,1.8931825323421025,1.9302434114782998,1.949741181816571,1,1,4,4,7,19,10,10,13,13,16,16,19,19,19,2,2,1,2,2,2,4
1650.5,1.6505e-12,45.19178440681248,1.9866514320064483,1.9511661614133695,1.6571291810688624,1.893602674606889,1.9302873611263736,1.9499438234671962,1,1,4,4,7,19,10,10,13,13,16,16,19,19,19,2,2,1,2,2,2,4
1651.0,1.6510000000000001e-12,45.20787621084634,1.987170280492479,1.9506105275143757,1.6580944521522527,1.8940697910307331,1.9303232865605333,1.9501158445218674,1,1,4,4,7,19,10,10,13,13,16,16,19,19,19,2,2,1,2,2,2,4
1651.5,1.6515000000000002e-12,45.22402066997306,1.9876601108567549,1.9500515895976025,1.658998195130962,1.894574067731876,1.930356944123193,1.9502461948836678,1,1,4,4,7,19,10,10,13,13,16,16,19,19,19,2,2,1,2,2,2,4
1652.0,1.652e-12,45.240229589665496,1.9881155275202644,1.9494982652316732,1.6598444314479026,1.8951031514544145,1.9303976954042077,1.9503265020203895,1,1,4,4,7,19,10,10,13,13,16,16,19,19,19,2,2,1,2,2,2,4
1652.5,1.6525e-12,45.25650626352439,1.9885310207575269,1.948960385624859,1.6606354697329069,1.8956432212371377,1.9304572500362849,1.9503520301913002,1,1,4,4,7,19,10,10,13,13,16,16,19,19,19,2,2,1,2,2,2,4
1653.0,1.6530000000000001e-12,45.27284604856858,1.988901409150768,1.9484477838304746,1.6613710536516386,1.8961803421402514,1.9305481792623387,1.9503221805987623,1,1,4,4,7,19,10,10,13,13,16,16,19,19,19,2,2,1,2,2,2,4
1653.5,1.6535000000000002e-12,45.28923755284517,1.9892221910635413,1.9479695099285883,1.6620477913990768,1.896701970081192,1.9306824206156274,1.9502404673163987,1,1,4,4,7,19,10,10,13,13,16,16,19,19,19,2,2,1,2,2,2,4
1654.0,1.6540000000000002e-12,45.305664138274835,1.989489809758607,1.947533153752868,1.6626590313262655,1.897198441679585,1.9308699343754754,1.9501139403350525,1,1,4,4,7,19,10,10,13,13,16,16,19,19,19,2,2,1,2,2,2,4
1654.5,1.6545e-12,45.322105522373825,1.989701805978793,1.9471443236768036,1.6631951657666666,1.897664252518807,1.931117623665279,1.9499521559080322,1,1,4,4,7,19,10,10,13,13,16,16,19,19,19,2,2,1,2,2,2,4
1655.0,1.6550000000000001e-12,45.33853938139088,1.989856842157085,1.9468062901121892,1.6636443702435053,1.89809894840755,1.9314285800259545,1.9497658587684492,1,1,4,4,7,19,10,10,13,13,16,16,19,19,19,2,2,1,2,2,2,4
1655.5,1.6555000000000002e-12,45.35494289974182,1.989954596457384,1.9465198312350254,1.6639936721664697,1.8985074862173286,1.9318016733764811,1.9495656057908266,1,1,4,4,7,19,10,10,13,13,16,16,19,19,19,2,2,1,2,2,2,4
1656.0,1.6560000000000002e-12,45.371294284490915,1.98999554967872,1.9462832556523626,1.6642303304581352,1.8988999814596705,1.9322315372663736,1.9493604613828357,1,1,4,4,7,19,10,10,13,13,16,16,19,19,19,2,2,1,2,2,2,4
1656.5,1.6565e-12,45.38757425786858,1.9899806780045541,1.9460926661216351,1.6643432997981074,1.8992909079297415,1.9327089265639987,1.9491569566835263,1,1,4,4,7,19,10,10,13,13,16,16,19,19,19,2,2,1,2,2,2,4
1657.0,1.6570000000000001e-12,45.40376757478813,1.9899110756128184,1.9459424033720305,1.6643246823515239,1.8996978117889978,1.9332214773116727,1.9489583793432723,1,1,4,4,7,19,10,10,13,13,16,16,19,19,19,2,2,1,2,2,2,4
1657.5,1.6575000000000002e-12,45.41986445913703,1.98978760547083,1.9458257395533392,1.6641708149894576,1.900139740515823,1.9337548419632171,1.9487644246223272,1,1,4,4,7,19,10,10,13,13,16,16,19,19,19,2,2,1,2,2,2,4
1658.0,1.6580000000000002e-12,45.435861880719585,1.989610596548842,1.9457357121982006,1.6638828725368597,1.9006355795903347,1.9342941244748681,1.9485712183394095,1,1,4,4,7,19,10,10,13,13,16,16,19,19,19,2,2,1,2,2,2,4
1658.5,1.6585e-12,45.45176446000054,1.9893796386188345,1.9456660050430545,1.663466863354949,1.9012024832476326,1.9348254784185073,1.9483716873763024,1,1,4,4,7,19,10,10,13,13,16,16,19,19,19,2,2,1,2,2,2,4
1659.0,1.659e-12,45.467584722706164,1.9890935042177034,1.9456117429440056,1.6629330149292736,1.901854543336807,1.93533766372783,1.948156246044184,1,1,4,4,7,19,10,10,13,13,16,16,19,19,19,2,2,1,2,2,2,4
1659.5,1.6595000000000001e-12,45.48334240910638,1.988750204171696,1.9455700757886805,1.6622946486208623,1.9026017983694077,1.9358233232335031,1.9479137538732483,1,1,4,4,7,19,10,10,13,13,16,16,19,19,19,2,2,1,2,2,2,4
1660.0,1.6600000000000002e-12,45.49906266300916,1.988347167695635,1.9455404317367961,1.6615667672794154,1.9034496331054573,1.9362797601940427,1.9476326827774753,1,1,4,4,7,19,10,10,13,13,16,16,19,19,19,2,2,1,2,2,2,4
1660.5,1.6605e-12,45.514773152907196,1.9878815197141406,1.9455243901464303,1.6607646089597674,1.9043985966277226,1.9367090684856223,1.9473024027001011,1,1,4,4,7,19,10,10,13,13,16,16,19,19,19,2,2,1,2,2,2,4
1661.0,1.661e-12,45.530500483915965,1.9873504302409515,1.94552527276366,1.6599022594714423,1.9054446429632725,1.9371176306056923,1.9469144820972226,1,1,4,4,7,19,10,10,13,13,16,16,19,19,19,2,2,1,2,2,2,4
1661.5,1.6615000000000001e-12,45.54626667228499,1.986751480948833,1.9455474609663772,1.6589915734243286,1.906579802112918,1.9375150662920746,1.9464638421252727,1,1,4,4,7,19,10,10,13,13,16,16,19,19,19,2,2,1,2,2,2,4
1662.0,1.6620000000000002e-12,45.56208641525427,1.986083018079251,1.9455956297242618,1.6580414183166463,1.9077932534101139,1.937912834433879,1.9459495934138062,1,1,4,4,7,19,10,10,13,13,16,16,19,19,19,2,2,1,2,2,2,4
1662.5,1.6625e-12,45.5779656744894,1.9853444496295969,1.9456739781457713,1.657057320485331,1.909072726143748,1.9383227050257361,1.9453754013390916,1,1,4,4,7,19,10,10,13,13,16,16,19,19,19,2,2,1,2,2,2,4
1663.0,1.663e-12,45.59390160598906,1.984536462299859,1.9457855435301774,1.6560415364946823,1.9104060716635796,1.9387552902712613,1.944749291637461,1,1,4,4,7,19,10,10,13,13,16,16,19,19,19,2,2,1,2,2,2,4
1663.5,1.6635000000000001e-12,45.609883506057024,1.983661141560351,1.945931651102265,1.6549935563100016,1.9117827978694704,1.9392187830361467,1.9440829115785663,1,1,4,4,7,19,10,10,13,13,16,16,19,19,19,2,2,1,2,2,2,4
1664.0,1.6640000000000002e-12,45.625894354765464,1.9827219808847398,1.9461115185483675,1.6539110123062684,1.9131953347728674,1.939717990422789,1.9433903599144426,1,1,4,4,7,19,10,10,13,13,16,16,19,19,19,2,2,1,2,2,2,4
1664.5,1.6645000000000002e-12,45.641912627989505,1.9817237790656865,1.94632201149083,1.652790928643735,1.9146398261932718,1.940253711954189,1.9426867709362188,1,1,4,4,7,19,10,10,13,13,16,16,19,19,19,2,2,1,2,2,2,4
1665.0,1.665e-12,45.65791413364276,1.9806724080093212,1.9465576117232906,1.651631126582962,1.9161163526445761,1.940822490953594,1.9419868620486564,1,1,4,4,7,19,10,10,13,13,16,16,19,19,19,2,2,1,2,2,2,4
1665.5,1.6655000000000001e-12,45.67387383878592,1.9795744918285554,1.9468105374566196,1.650431662231804,1.9176285321343873,1.9414167505249575,1.9413036131284747,1,1,4,4,7,19,10,10,13,13,16,16,19,19,19,2,2,1,2,2,2,4
1666.0,1.6660000000000002e-12,45.6897676220285,1.9784370085625662,1.9470710904384707,1.6491960195915427,1.9191826034764996,1.942025321448489,1.9406472181844392,1,1,4,4,7,19,10,10,13,13,16,16,19,19,19,2,2,1,2,2,2,4
1666.5,1.6665000000000002e-12,45.70557401398022,1.9772668494039034,1.947328167224838,1.6479319148165084,1.9207861472076653,1.942634358998644,1.940024370042753,1,1,4,4,7,19,10,10,13,13,16,16,19,19,19,2,2,1,2,2,2,4
1667.0,1.667e-12,45.72127585901002,1.9760703892295113,1.9475700181733773,1.646651424105913,1.9224466526571469,1.9432286341863543,1.9394379063641505,1,1,4,4,7,19,10,10,13,13,16,16,19,19,19,2,2,1,2,2,2,4
1667.5,1.6675000000000001e-12,45.736861957843786,1.9748531298951937,1.9477850844283071,1.645370526912792,1.9241701049601025,1.943793069422915,1.9388868305234312,1,1,4,4,7,19,10,10,13,13,16,16,19,19,19,2,2,1,2,2,2,4
1668.0,1.6680000000000002e-12,45.75232855355561,1.9736194495546058,1.947962854682281,1.6441080703218676,1.9259597650471127,1.9443143709745732,1.9383666845896619,1,1,4,4,7,19,10,10,13,13,16,16,19,19,19,2,2,1,2,2,2,4
1668.5,1.6685000000000002e-12,45.767680476243925,1.9723724819604134,1.948094604140735,1.642884345420031,1.927815259286087,1.944782530032558,1.9378702448979237,1,1,4,4,7,19,10,10,13,13,16,16,19,19,19,2,2,1,2,2,2,4
1669.0,1.669e-12,45.78293166168305,1.971114140242691,1.9481739094597894,1.6417194736872764,1.9297320363628543,1.9451919480439108,1.937388499424429,1,1,4,4,7,19,10,10,13,13,16,16,19,19,19,2,2,1,2,2,2,4
1669.5,1.6695000000000001e-12,45.79810480588106,1.9698452411848848,1.9481967868814545,1.6406319420486675,1.9317012146407895,1.9455419692504323,1.9369118394336242,1,1,4,4,7,19,10,10,13,13,16,16,19,19,19,2,2,1,2,2,2,4
1670.0,1.6700000000000002e-12,45.81322982379496,1.9685657511693533,1.9481615710411466,1.6396372799942058,1.9337098170676263,1.9458367589835008,1.9364313665340265,1,1,4,4,7,19,10,10,13,13,16,16,19,19,19,2,2,1,2,2,2,4
1670.5,1.6705000000000002e-12,45.82834115913413,1.9672750979509366,1.9480685219148894,1.6387471216935698,1.9357413454976216,1.9460845412147205,1.935940185460894,1,1,4,4,7,19,10,10,13,13,16,16,19,19,19,2,2,1,2,2,2,4
1671.0,1.671e-12,45.84347429179643,1.9659724953685596,1.9479192301691242,1.637968738993403,1.9377766877049942,1.9462963633129051,1.9354345076580448,1,1,4,4,7,19,10,10,13,13,16,16,19,19,19,2,2,1,2,2,2,4
1671.5,1.6715e-12,45.85866202367004,1.964657268091055,1.947715995562531,1.6373049806556528,1.9397952939101588,1.9464846025852993,1.9349144051208693,1,1,4,4,7,19,10,10,13,13,16,16,19,19,19,2,2,1,2,2,2,4
1672.0,1.6720000000000001e-12,45.873931336801796,1.963329124291582,1.9474612337292463,1.6367546513155247,1.9417765689796431,1.9466614296687526,1.934384068042428,1,1,4,4,7,19,10,10,13,13,16,16,19,19,19,2,2,1,2,2,2,4
1672.5,1.6725000000000002e-12,45.889301391368384,1.9619883488391943,1.947156966574125,1.6363132963910412,1.943701367580668,1.9468374074373578,1.9338514934198288,1,1,4,4,7,19,10,10,13,13,16,16,19,19,19,2,2,1,2,2,2,4
1673.0,1.673e-12,45.90478280528628,1.9606359010665295,1.9468044203191648,1.6359743349519342,1.9455534309389517,1.9470203392589265,1.9333276438144609,1,1,4,4,7,19,10,10,13,13,16,16,19,19,19,2,2,1,2,2,2,4
1673.5,1.6735e-12,45.92037797550039,1.9592734150364126,1.9464037400432956,1.6357304371109311,1.9473205739206636,1.9472144424409807,1.932825210116749,1,1,4,4,7,19,10,10,13,13,16,16,19,19,19,2,2,1,2,2,2,4
1674.0,1.6740000000000001e-12,45.93608205614517,1.9579031087591465,1.9459538208540084,1.6355749842440732,1.94899545656657,1.9474198772563107,1.9323571770506356,1,1,4,4,7,19,10,10,13,13,16,16,19,19,19,2,2,1,2,2,2,4
1674.5,1.6745000000000002e-12,45.951884264521595,1.956527598643626,1.9454523075839636,1.6355033685271978,1.9505758242157283,1.947632659182264,1.9319354066962269,1,1,4,4,7,19,10,10,13,13,16,16,19,19,19,2,2,1,2,2,2,4
1675.0,1.675e-12,45.96776933330443,1.9551496573504878,1.9448957262946927,1.635513949044107,1.9520642164470177,1.9478449524028734,1.9315694003581458,1,1,4,4,7,19,10,10,13,13,16,16,19,19,19,2,2,1,2,2,2,4
1675.5,1.6755e-12,45.98371899728889,1.953771924154158,1.9442798188661956,1.635608435934921,1.953467194814783,1.9480457631311483,1.931265356108384,1,1,4,4,7,19,10,10,13,13,16,16,19,19,19,2,2,1,2,2,2,4
1676.0,1.6760000000000001e-12,45.99971352011699,1.9523966074024661,1.9436000056081582,1.6357917116700231,1.9547942151316904,1.9482219968987107,1.9310255987866196,1,1,4,4,7,19,10,10,13,13,16,16,19,19,19,2,2,1,2,2,2,4
1676.5,1.6765000000000002e-12,46.01573322106583,1.9510252126776877,1.942852017156425,1.6360710339080582,1.9560563083129965,1.9483598467411776,1.9308483800178298,1,1,4,4,7,19,10,10,13,13,16,16,19,19,19,2,2,1,2,2,2,4
1677.0,1.6770000000000002e-12,46.03176001146676,1.9496583592337893,1.9420326230419647,1.6364547661323967,1.9572647275196926,1.9484463873635642,1.930728041221847,1,1,4,4,7,19,10,10,13,13,16,16,19,19,19,2,2,1,2,2,2,4
1677.5,1.6775e-12,46.04777901217352,1.9482956740688824,1.941140286108173,1.6369509309827759,1.9584297201301284,1.9484711918564304,1.9306555268134875,1,1,4,4,7,19,10,10,13,13,16,16,19,19,19,2,2,1,2,2,2,4
1678.0,1.6780000000000001e-12,46.06378016927045,1.9469357876991786,1.9401756639997825,1.6375657673273007,1.9595595305467897,1.948427709024956,1.930619238352735,1,1,4,4,7,19,10,10,13,13,16,16,19,19,19,2,2,1,2,2,2,4
1678.5,1.6785000000000002e-12,46.079759696285485,1.9455764624924612,1.9391418934127793,1.6383024493734535,1.9606596868153354,1.9483141668148931,1.930606143879618,1,1,4,4,7,19,10,10,13,13,16,16,19,19,19,2,2,1,2,2,2,4
1679.0,1.6790000000000002e-12,46.09572110275125,1.944214797507394,1.9380445567920732,1.639160164329037,1.9617326295804087,1.9481338614955952,1.9306030725773684,1,1,4,4,7,19,10,10,13,13,16,16,19,19,19,2,2,1,2,2,2,4
1679.5,1.6795e-12,46.11167545319908,1.9428475054440622,1.9368913880068028,1.6401335910626327,1.9627776996441515,1.9478947478558193,1.9305980945909433,1,1,4,4,7,19,10,10,13,13,16,16,19,19,19,2,2,1,2,2,2,4
1680.0,1.6800000000000001e-12,46.12764059186541,1.9414712367697924,1.935691730196496,1.641212883066458,1.96379146811317,1.947608455400585,1.9305817994231753,1,1,4,4,7,19,10,10,13,13,16,16,19,19,19,2,2,1,2,2,2,4
1680.5,1.6805000000000002e-12,46.14363915961888,1.9400829252544165,1.9344559407947761,1.6423840324112977,1.964768415554779,1.947288889711834,1.9305483505515628,1,1,4,4,7,19,10,10,13,13,16,16,19,19,19,2,2,1,2,2,2,4
1681.0,1.6810000000000002e-12,46.159695622430846,1.9386801301150707,1.9331947798839602,1.6436296567652862,1.9657019058213958,1.9469506736711562,1.9304961213439724,1,1,4,4,7,19,10,10,13,13,16,16,19,19,19,2,2,1,2,2,2,4
1681.5,1.6815e-12,46.175832826068074,1.9372613463116621,1.9319188535957756,1.6449301404004062,1.9665853784514493,1.9466076287385836,1.930427810250547,1,1,4,4,7,19,10,10,13,13,16,16,19,19,19,2,2,1,2,2,2,4
1682.0,1.6820000000000001e-12,46.19206881908362,1.935826244887726,1.9306381344896895,1.646265046467704,1.9674136387933565,1.9462714447763407,1.930349998033448,1,1,4,4,7,19,10,10,13,13,16,16,19,19,19,2,2,1,2,2,2,4
1682.5,1.6825000000000002e-12,46.20841460868795,1.9343758213214879,1.9293615503912265,1.647614680150054,1.9681840570696643,1.9459506264547843,1.9302722164609332,1,1,4,4,7,19,10,10,13,13,16,16,19,19,19,2,2,1,2,2,2,4
1683.0,1.6830000000000002e-12,46.22487310814304,1.9329123869578229,1.9280966903172116,1.6489615484392515,1.9688975479863766,1.9456497931120547,1.930205670443434,1,1,4,4,7,19,10,10,13,13,16,16,19,19,19,2,2,1,2,2,2,4
1683.5,1.6835e-12,46.24143922634029,1.9314394765046234,1.926849565513996,1.650291599057055,1.969559044742754,1.9453693389134297,1.9301618026440008,1,1,4,4,7,19,10,10,13,13,16,16,19,19,19,2,2,1,2,2,2,4
1684.0,1.684e-12,46.25810070558035,1.9299616199468883,1.925624511610258,1.6515949490476471,1.9701774472524922,1.945105466775804,1.9301509318925554,1,1,4,4,7,19,10,10,13,13,16,16,19,19,19,2,2,1,2,2,2,4
1684.5,1.6845000000000001e-12,46.274839311775324,1.9284840617703616,1.9244242986294784,1.6528659303214635,1.9707650188874404,1.9448506643179002,1.9301810795421024,1,1,4,4,7,19,10,10,13,13,16,16,19,19,19,2,2,1,2,2,2,4
1685.0,1.6850000000000002e-12,46.29163220841058,1.9270124001065096,1.9232503647978787,1.6541025896633976,1.9713363139206066,1.9445945113100245,1.930257156404999,1,1,4,4,7,19,10,10,13,13,16,16,19,19,19,2,2,1,2,2,2,4
1685.5,1.6855e-12,46.30845328608759,1.925552255730062,1.922103258414784,1.6553056282554404,1.971906799540826,1.944324902202495,1.9303804728329186,1,1,4,4,7,19,10,10,13,13,16,16,19,19,19,2,2,1,2,2,2,4
1686.0,1.686e-12,46.32527445170549,1.924108977682465,1.920983205693478,1.656477039074488,1.9724913570679992,1.9440295372526442,1.9305486350568035,1,1,4,4,7,19,10,10,13,13,16,16,19,19,19,2,2,1,2,2,2,4
1686.5,1.6865000000000001e-12,46.342066937432776,1.9226874221322436,1.9198907201780238,1.6576186758857643,1.9731028415485614,1.9436975459311936,1.9307558028529705,1,1,4,4,7,19,10,10,13,13,16,16,19,19,19,2,2,1,2,2,2,4
1687.0,1.6870000000000002e-12,46.3588026942278,1.9212918411326276,1.9188272120192953,1.658730881453287,1.9737508415495335,1.943321043651952,1.9309932882210605,1,1,4,4,7,19,10,10,13,13,16,16,19,19,19,2,2,1,2,2,2,4
1687.5,1.6875000000000002e-12,46.375456064069596,1.9199258492955982,1.9177953976500102,1.6598114578863437,1.974440759224542,1.9428963638466885,1.9312504430677286,1,1,4,4,7,19,10,10,13,13,16,16,19,19,19,2,2,1,2,2,2,4
1688.0,1.688e-12,46.39200569146755,1.9185924774504788,1.9167994742498884,1.6608550112311957,1.9751732718897137,1.9424247310921252,1.9315158021271273,1,1,4,4,7,19,10,10,13,13,16,16,19,19,19,2,2,1,2,2,2,4
1688.5,1.6885000000000001e-12,46.40843648586217,1.9172943058915197,1.9158450311124373,1.661852733613039,1.9759441981330705,1.941912265769046,1.9317783745252732,1,1,4,4,7,19,10,10,13,13,16,16,19,19,19,2,2,1,2,2,2,4
1689.0,1.6890000000000002e-12,46.4247412456116,1.9160336335383772,1.9149387451487165,1.6627926037314684,1.9767448095505764,1.9413693206556115,1.9320289546455889,1,1,4,4,7,19,10,10,13,13,16,16,19,19,19,2,2,1,2,2,2,4
1689.5,1.6895000000000002e-12,46.44092153951575,1.9148126780443102,1.9140878687596892,1.66366008188631,1.9775625333958964,1.9408092793875307,1.9322612822026095,1,1,4,4,7,19,10,10,13,13,16,16,19,19,19,2,2,1,2,2,2,4
1690.0,1.69e-12,46.45698735390521,1.9136337949846898,1.913299708830267,1.6644390987176065,1.978382007219137,1.9402470608535287,1.9324728925717276,1,1,4,4,7,19,10,10,13,13,16,16,19,19,19,2,2,1,2,2,2,4
1690.5,1.6905000000000001e-12,46.472955384184,1.9124996837940997,1.912581108954277,1.6651133512543668,1.9791863828838425,1.9396975510833292,1.9326655059430338,1,1,4,4,7,19,10,10,13,13,16,16,19,19,19,2,2,1,2,2,2,4
1691.0,1.6910000000000002e-12,46.488846132524344,1.9114135625979276,1.9119380007032947,1.6656677600330618,1.9799587530432379,1.9391741593797487,1.93284487262327,1,1,4,4,7,19,10,10,13,13,16,16,19,19,19,2,2,1,2,2,2,4
1691.5,1.6915000000000002e-12,46.50468039176626,1.9103792787802993,1.9113750362369868,1.6660899219230858,1.9806835474509268,1.9386876205927128,1.933020085995444,1,1,4,4,7,19,10,10,13,13,16,16,19,19,19,2,2,1,2,2,2,4
1692.0,1.692e-12,46.52047597859367,1.9094013207376106,1.910895281989927,1.6663713894384642,1.981347747198279,1.9382451018021316,1.9332024578178704,1,1,4,4,7,19,10,10,13,13,16,16,19,19,19,2,2,1,2,2,2,4
1692.5,1.6925000000000001e-12,46.536245388589975,1.908484743321856,1.910500070706049,1.6665084324221782,1.981941729345079,1.9378496849717972,1.9334041509338327,1,1,4,4,7,19,10,10,13,13,16,16,19,19,19,2,2,1,2,2,2,4
1693.0,1.6930000000000002e-12,46.551994850117346,1.907634948411717,1.9101888741276305,1.6665023454108365,1.982459709740524,1.9375001691265314,1.933636727623259,1,1,4,4,7,19,10,10,13,13,16,16,19,19,19,2,2,1,2,2,2,4
1693.5,1.6935000000000002e-12,46.56772450425407,1.9068573900955854,1.9099593187878494,1.6663590960557448,1.9828996586936292,1.9371912868567676,1.9339098352208173,1,1,4,4,7,19,10,10,13,13,16,16,19,19,19,2,2,1,2,2,2,4
1694.0,1.694e-12,46.58342925099809,1.90615723553538,1.909807383671021,1.6660883753908684,1.983262762184998,1.9369143273795884,1.9342301500437897,1,1,4,4,7,19,10,10,13,13,16,16,19,19,19,2,2,1,2,2,2,4
1694.5,1.6945e-12,46.59909982728091,1.9055390201185805,1.9097277961702679,1.6657022208530445,1.9835525345490999,1.9366581149472124,1.9346006984875976,1,1,4,4,7,19,10,10,13,13,16,16,19,19,19,2,2,1,2,2,2,4
1695.0,1.6950000000000001e-12,46.614723892774514,1.9050063381428508,1.9097145440096976,1.6652135216601434,1.9837737141536036,1.9364103356316764,1.9350205430692236,1,1,4,4,7,19,10,10,13,13,16,16,19,19,19,2,2,1,2,2,2,4
1695.5,1.6955000000000002e-12,46.63028699281459,1.9045616050597411,1.9097615049398355,1.664634566999571,1.9839311125356611,1.9361590784715756,1.9354848545843233,1,1,4,4,7,19,10,10,13,13,16,16,19,19,19,2,2,1,2,2,2,4
1696.0,1.696e-12,46.64577344780903,1.90420591704737,1.909863100267429,1.6639758284807726,1.9840285546771248,1.935894423493804,1.9359853389807322,1,1,4,4,7,19,10,10,13,13,16,16,19,19,19,2,2,1,2,2,2,4
1696.5,1.6965e-12,46.66116730070705,1.9039390156451048,1.9100148757529307,1.6632450889273858,1.9840680215538142,1.9356098484745243,1.9365109886895284,1,1,4,4,7,19,10,10,13,13,16,16,19,19,19,2,2,1,2,2,2,4
1697.0,1.6970000000000001e-12,46.67645350950108,1.903759359250931,1.9102138722169941,1.662447011514827,1.9840490492789458,1.9353032498174068,1.9370490687439168,1,1,4,4,7,19,10,10,13,13,16,16,19,19,19,2,2,1,2,2,2,4
1697.5,1.6975000000000002e-12,46.69161945876662,1.9036642857559003,1.9104588261423547,1.6615830651128036,1.983968423884312,1.9349773477684096,1.9375863391451513,1,1,4,4,7,19,10,10,13,13,16,16,19,19,19,2,2,1,2,2,2,4
1698.0,1.698e-12,46.70665678002871,1.9036502471842693,1.9107500816057332,1.660651885424632,1.9838202389428539,1.9346394574580554,1.9381103472651824,1,1,4,4,7,19,10,10,13,13,16,16,19,19,19,2,2,1,2,2,2,4
1698.5,1.6985e-12,46.721563305408395,1.9037130603411445,1.9110891891334307,1.6596501496462939,1.983596222757811,1.9343005694402975,1.9386107049815258,1,1,4,4,7,19,10,10,13,13,16,16,19,19,19,2,2,1,2,2,2,4
1699.0,1.6990000000000001e-12,46.736344607879815,1.9038482102961949,1.9114784628311734,1.658573637563564,1.9832864014192901,1.9339740924685729,1.9390801070558767,1,1,4,4,7,19,10,10,13,13,16,16,19,19,19,2,2,1,2,2,2,4
1699.5,1.6995000000000002e-12,46.75101482970336,1.904051117050901,1.9119204204223414,1.6574185956588998,1.9828800302539356,1.933674324205435,1.9395150288083758,1,1,4,4,7,19,10,10,13,13,16,16,19,19,19,2,2,1,2,2,2,4
1700.0,1.7000000000000002e-12,46.765596368603774,1.904317376029037,1.9124172347512187,1.6561831720546867,1.9823667409383643,1.933414942018266,1.9399159331268931,1,1,4,4,7,19,10,10,13,13,16,16,19,19,19,2,2,1,2,2,2,4
1700.5,1.7005e-12,46.780118250686435,1.9046429496137334,1.9129702376119917,1.6548687355995095,1.9817378022604644,1.9332076638085987,1.940286956126451,1,1,4,4,7,19,10,10,13,13,16,16,19,19,19,2,2,1,2,2,2,4
1701.0,1.7010000000000001e-12,46.79461329782865,1.9050242883549775,1.913579516585851,1.653480840631772,1.9809873770250432,1.9330611840239809,1.9406351107766984,1,1,4,4,7,19,10,10,13,13,16,16,19,19,19,2,2,1,2,2,2,4
1701.5,1.7015000000000002e-12,46.80911465244539,1.9054584183023604,1.9142435744679605,1.6520297412408744,1.9801135425463268,1.9329804196359002,1.9409691467776862,1,1,4,4,7,19,10,10,13,13,16,16,19,19,19,2,2,1,2,2,2,4
1702.0,1.7020000000000002e-12,46.82365234279846,1.9059429124347074,1.9149591512281536,1.6505302057239304,1.9791190281065307,1.9329661179253228,1.9412982163426773,1,1,4,4,7,19,10,10,13,13,16,16,19,19,19,2,2,1,2,2,2,4
1702.5,1.7025e-12,46.83825071087767,1.9064758166058589,1.915721179971975,1.6490006969176794,1.978011420902532,1.9330148127095466,1.9416305625052515,1,1,4,4,7,19,10,10,13,13,16,16,19,19,19,2,2,1,2,2,2,4
1703.0,1.7030000000000001e-12,46.85292706525335,1.9070555300965781,1.9165229091924705,1.6474620797581798,1.9768028109684763,1.9331191703760209,1.9419723728795024,1,1,4,4,7,19,10,10,13,13,16,16,19,19,19,2,2,1,2,2,2,4
1703.5,1.7035000000000002e-12,46.86769142213005,1.9076806183237818,1.9173562521630247,1.6459359816078625,1.9755089284718572,1.933268726193185,1.9423269424296072,1,1,4,4,7,19,10,10,13,13,16,16,19,19,19,2,2,1,2,2,2,4
1704.0,1.7040000000000002e-12,46.882547029024586,1.9083496140521958,1.9182122818996765,1.6444431829797574,1.9741478974174036,1.9334509788616612,1.942694174569802,1,1,4,4,7,19,10,10,13,13,16,16,19,19,19,2,2,1,2,2,2,4
1704.5,1.7045e-12,46.89749123158663,1.909060818623331,1.9190818810274344,1.643002186656208,1.972738789953305,1.9336527742928014,1.9430704605743088,1,1,4,4,7,19,10,10,13,13,16,16,19,19,19,2,2,1,2,2,2,4
1705.0,1.7050000000000001e-12,46.91251643804581,1.909812137303738,1.9199564604600547,1.6416281336575123,1.9713001660972944,1.9338618459244834,1.943448919426822,1,1,4,4,7,19,10,10,13,13,16,16,19,19,19,2,2,1,2,2,2,4
1705.5,1.7055000000000002e-12,46.92761107521572,1.910600981150345,1.9208286550837184,1.6403321419798604,1.9698487493136838,1.934068320186835,1.9438199663811562,1,1,4,4,7,19,10,10,13,13,16,16,19,19,19,2,2,1,2,2,2,4
1706.0,1.7060000000000002e-12,46.94276056130388,1.9114242527101657,1.9216928827447677,1.639121094479145,1.9683983449519658,1.9342659662147217,1.9441721632031765,1,1,4,4,7,19,10,10,13,13,16,16,19,19,19,2,2,1,2,2,2,4
1706.5,1.7065e-12,46.95794839742201,1.9122784180075891,1.9225456734631605,1.6379978595327527,1.966959067754698,1.9344529834456163,1.9444932869545066,1,1,4,4,7,19,10,10,13,13,16,16,19,19,19,2,2,1,2,2,2,4
1707.0,1.707e-12,46.973157516033815,1.9131596918502791,1.923385701451287,1.636961943836628,1.9655368956581936,1.934632166771366,1.944771547579764,1,1,4,4,7,19,10,10,13,13,16,16,19,19,19,2,2,1,2,2,2,4
1707.5,1.7075000000000001e-12,46.9883719160238,1.9140642444876128,1.9242135340086792,1.6360104939879825,1.964133626521103,1.934810452810464,1.944996817381871,1,1,4,4,7,19,10,10,13,13,16,16,19,19,19,2,2,1,2,2,2,4
1708.0,1.7080000000000002e-12,47.00357854949767,1.914988461364391,1.9250311386148273,1.6351395833473032,1.9627471997789547,1.9349979254929268,1.9451617628234463,1,1,4,4,7,19,10,10,13,13,16,16,19,19,19,2,2,1,2,2,2,4
1708.5,1.7085e-12,47.018769252738736,1.9159292015320588,1.9258412326846932,1.6343456586461775,1.9613723993968508,1.9352064567975733,1.9452627326627867,1,1,4,4,7,19,10,10,13,13,16,16,19,19,19,2,2,1,2,2,2,4
1709.0,1.709e-12,47.03394236395588,1.916884023726998,1.926646645560113,1.6336268494209152,1.9600019174108099,1.9354482394535333,1.9453002342056256,1,1,4,4,7,19,10,10,13,13,16,16,19,19,19,2,2,1,2,2,2,4
1709.5,1.7095000000000001e-12,47.04910374468905,1.91785136003472,1.92744967429774,1.6329840894574934,1.9586276589005525,1.9357343533993567,1.9452789406926037,1,1,4,4,7,19,10,10,13,13,16,16,19,19,19,2,2,1,2,2,2,4
1710.0,1.7100000000000002e-12,47.06426679621447,1.918830623349314,1.9282515515215528,1.6324217457152546,1.957242143947848,1.9360735421505828,1.945207192637645,1,1,4,4,7,19,10,10,13,13,16,16,19,19,19,2,2,1,2,2,2,4
1710.5,1.7105e-12,47.079451233028706,1.919822235635644,1.9290520431499634,1.6319476540999496,1.955839814025022,1.936471273281342,1.9450960646999118,1,1,4,4,7,19,10,10,13,13,16,16,19,19,19,2,2,1,2,2,2,4
1711.0,1.711e-12,47.094680609973494,1.9208275620509543,1.9298491967687916,1.631572533758847,1.9544180527867006,1.9369291207909018,1.9449581379569385,1,1,4,4,7,19,10,10,13,13,16,16,19,19,19,2,2,1,2,2,2,4
1711.5,1.7115000000000001e-12,47.10997902131531,1.9218487929969532,1.9306391936050689,1.631308955383026,1.9529777255589866,1.937444496653083,1.9448061403969599,1,1,4,4,7,19,10,10,13,13,16,16,19,19,19,2,2,1,2,2,2,4
1712.0,1.7120000000000002e-12,47.125367508765336,1.9228886756921104,1.9314165364644018,1.6311697433427805,1.9515232280269679,1.9380107317996564,1.944651650952703,1,1,4,4,7,19,10,10,13,13,16,16,19,19,19,2,2,1,2,2,2,4
1712.5,1.7125000000000002e-12,47.14086130041522,1.9239502966929933,1.9321742282850132,1.6311665766294257,1.9500619155578838,1.9386175632726683,1.9445039787520235,1,1,4,4,7,19,10,10,13,13,16,16,19,19,19,2,2,1,2,2,2,4
1713.0,1.713e-12,47.156468140910825,1.9250367528415373,1.9329043420946759,1.631308458627312,1.9486031375174577,1.9392519869379314,1.9443693663896333,1,1,4,4,7,19,10,10,13,13,16,16,19,19,19,2,2,1,2,2,2,4
1713.5,1.7135000000000001e-12,47.17218790565574,1.926150870087382,1.9335987074169583,1.6316005643479567,1.9471569599334462,1.9398994697335117,1.9442505368724396,1,1,4,4,7,19,10,10,13,13,16,16,19,19,19,2,2,1,2,2,2,4
1714.0,1.7140000000000002e-12,47.1880131315076,1.9272949444921925,1.9342497360476343,1.6320434851907393,1.9457328166323749,1.9405454182411097,1.9441466273157997,1,1,4,4,7,19,10,10,13,13,16,16,19,19,19,2,2,1,2,2,2,4
1714.5,1.7145000000000002e-12,47.203930019366894,1.928470541259911,1.9348512731484446,1.6326329341415455,1.9443382599905423,1.9411767401488955,1.944053493882884,1,1,4,4,7,19,10,10,13,13,16,16,19,19,19,2,2,1,2,2,2,4
1715.0,1.715e-12,47.219919586159826,1.9296783762140675,1.9353993441151005,1.6333599218070247,1.942977945869134,1.9417832945212063,1.9439643470732217,1,1,4,4,7,19,10,10,13,13,16,16,19,19,19,2,2,1,2,2,2,4
1715.5,1.7155000000000001e-12,47.23595881849971,1.9309182896114536,1.9358926929117133,1.6342113615066525,1.9416529336035773,1.9423590092330314,1.943870656670836,1,1,4,4,7,19,10,10,13,13,16,16,19,19,19,2,2,1,2,2,2,4
1716.0,1.7160000000000002e-12,47.252021883455384,1.932189326762909,1.936332947152932,1.6351711178108068,1.9403603148589352,1.942902438601938,1.9437632671125442,1,1,4,4,7,19,10,10,13,13,16,16,19,19,19,2,2,1,2,2,2,4
1716.5,1.7165000000000002e-12,47.26808142823683,1.9334898774289038,1.9367244805944976,1.63622132796661,1.939093229270052,1.9434167317833115,1.9436335885153317,1,1,4,4,7,19,10,10,13,13,16,16,19,19,19,2,2,1,2,2,2,4
1717.0,1.717e-12,47.28411010226966,1.9348178786978638,1.937073936751608,1.6373439204786906,1.9378412243587602,1.9439089742895153,1.9434747739912466,1,1,4,4,7,19,10,10,13,13,16,16,19,19,19,2,2,1,2,2,2,4
1717.5,1.7175000000000001e-12,47.30008231077772,1.9361710306861393,1.9373895230307872,1.6385221450330707,1.9365909675184096,1.9443890491545957,1.943282739107532,1,1,4,4,7,19,10,10,13,13,16,16,19,19,19,2,2,1,2,2,2,4
1718.0,1.7180000000000002e-12,47.315976150844875,1.9375469920982247,1.9376802059718246,1.6397418778812083,1.9353272777464112,1.9448682208208918,1.943056890912725,1,1,4,4,7,19,10,10,13,13,16,16,19,19,19,2,2,1,2,2,2,4
1718.5,1.7185000000000002e-12,47.331775429177036,1.9389435433315523,1.9379548659697485,1.640992593569208,1.9340343894596925,1.9453576672274344,1.942800414837541,1,1,4,4,7,19,10,10,13,13,16,16,19,19,19,2,2,1,2,2,2,4
1719.0,1.719e-12,47.34747145438328,1.9403586962487185,1.938221597904448,1.642267689946693,1.9326973574735533,1.9458671122973223,1.9425201018418623,1,1,4,4,7,19,10,10,13,13,16,16,19,19,19,2,2,1,2,2,2,4
1719.5,1.7195e-12,47.36306434238868,1.941790752438539,1.9384871496438227,1.6435642118723042,1.9313034381322227,1.9464036949730394,1.9422256988951583,1,1,4,4,7,19,10,10,13,13,16,16,19,19,19,2,2,1,2,2,2,4
1720.0,1.7200000000000001e-12,47.37856344804157,1.9432383042329568,1.9387565580843833,1.6448819893148436,1.9298432937327408,1.9469711476954914,1.9419288742978826,1,1,4,4,7,19,10,10,13,13,16,16,19,19,19,2,2,1,2,2,2,4
1720.5,1.7205000000000002e-12,47.393986668106805,1.9447001635284336,1.9390329233300136,1.6462224218241472,1.9283118649353748,1.947569303275622,1.9416419632037103,1,1,4,4,7,19,10,10,13,13,16,16,19,19,19,2,2,1,2,2,2,4
1721.0,1.721e-12,47.40935843762759,1.9461752434308763,1.939317410815543,1.6475870267504986,1.926708802546136,1.948193959783148,1.9413766498293488,1,1,4,4,7,19,10,10,13,13,16,16,19,19,19,2,2,1,2,2,2,4
1721.5,1.7215e-12,47.42470667864081,1.9476623678806186,1.9396094053727762,1.648976048749952,1.9250384289062388,1.9488371022479245,1.9411427683104219,1,1,4,4,7,19,10,10,13,13,16,16,19,19,19,2,2,1,2,2,2,4
1722.0,1.7220000000000001e-12,47.44005919838997,1.9491600492317092,1.9399069152719224,1.6503872301564162,1.9233092434797225,1.949487497248658,1.9409473484920585,1,1,4,4,7,19,10,10,13,13,16,16,19,19,19,2,2,1,2,2,2,4
1722.5,1.7225000000000002e-12,47.45544036325876,1.9506662730658493,1.9402071270354506,1.6518149715284312,1.921533028390394,1.950131654247421,1.9407939776546992,1,1,4,4,7,19,10,10,13,13,16,16,19,19,19,2,2,1,2,2,2,4
1723.0,1.7230000000000002e-12,47.47086865760997,1.952178327598174,1.9405071406635657,1.6532499179224176,1.9197236801360515,1.9507551193087043,1.9406825247987274,1,1,4,4,7,19,10,10,13,13,16,16,19,19,19,2,2,1,2,2,2,4
1723.5,1.7235e-12,47.48635539927708,1.9536927096016732,1.9408048037753725,1.654679006982359,1.9178959080790152,1.9513439946755469,1.9406092348307018,1,1,4,4,7,19,10,10,13,13,16,16,19,19,19,2,2,1,2,2,2,4
1724.0,1.7240000000000001e-12,47.50190448457614,1.9552051172299718,1.9410995180025425,1.6560859833412005,1.9160639591270825,1.9518865038784683,1.940567172454009,1,1,4,4,7,19,10,10,13,13,16,16,19,19,19,2,2,1,2,2,2,4
1724.5,1.7245000000000002e-12,47.51751281011511,1.9567105261391429,1.941392888945275,1.6574523068578473,1.914240511505698,1.9523743683832975,1.9405469752498676,1,1,4,4,7,19,10,10,13,13,16,16,19,19,19,2,2,1,2,2,2,4
1725.0,1.7250000000000002e-12,47.53317106633805,1.9582033331328705,1.9416890681420527,1.6587584079403472,1.912435831799414,1.952803763397592,1.9405378414383474,1,1,4,4,7,19,10,10,13,13,16,16,19,19,19,2,2,1,2,2,2,4
1725.5,1.7255e-12,47.548864683618675,1.9596775766684207,1.941994782081645,1.6599850761055779,1.9106572623204265,1.9531756720343483,1.9405286915232218,1,1,4,4,7,19,10,10,13,13,16,16,19,19,19,2,2,1,2,2,2,4
1726.0,1.7260000000000001e-12,47.564574961043206,1.961127166833848,1.9423189164532422,1.6611149968263035,1.9089090599147314,1.9534955889112087,1.940509366950343,1,1,4,4,7,19,10,10,13,13,16,16,19,19,19,2,2,1,2,2,2,4
1726.5,1.7265000000000002e-12,47.58028034515445,1.9625461279990581,1.9426718177102913,1.6621341120741815,1.9071926080643955,1.9537726348447138,1.940471770167608,1,1,4,4,7,19,10,10,13,13,16,16,19,19,19,2,2,1,2,2,2,4
1727.0,1.7270000000000002e-12,47.59595791940835,1.9639288251998552,1.9430644085093094,1.663032640778834,1.9055069937589726,1.9540182529297532,1.9404108165980052,1,1,4,4,7,19,10,10,13,13,16,16,19,19,19,2,2,1,2,2,2,4
1727.5,1.7275e-12,47.61158513338237,1.965270151821905,1.9435072511829559,1.6638055913730756,1.9038499182252469,1.9542447076355574,1.9403250674118993,1,1,4,4,7,19,10,10,13,13,16,16,19,19,19,2,2,1,2,2,2,4
1728.0,1.7280000000000001e-12,47.62714174247615,1.9665656772960476,1.9440096886576663,1.6644526658016476,1.9022188615121998,1.9544635883424553,1.9402169476508555,1,1,4,4,7,19,10,10,13,13,16,16,19,19,19,2,2,1,2,2,2,4
1728.5,1.7285000000000002e-12,47.642611872740545,1.967811743913293,1.9445791391719094,1.6649775862370406,1.9006123667677017,1.9546844858745775,1.9400924881494228,1,1,4,4,7,19,10,10,13,13,16,16,19,19,19,2,2,1,2,2,2,4
1729.0,1.7290000000000002e-12,47.65798603917728,1.9690055122376222,1.945220569886134,1.6653869825004475,1.899031271238731,1.9549139506281783,1.939960621296461,1,1,4,4,7,19,10,10,13,13,16,16,19,19,19,2,2,1,2,2,2,4
1729.5,1.7295e-12,47.673262781092895,1.9701449719466075,1.9459361972924993,1.665688993775471,1.8974796711087583,1.9551547770261701,1.939832138110258,1,1,4,4,7,19,10,10,13,13,16,16,19,19,19,2,2,1,2,2,2,4
1730.0,1.73e-12,47.68844954808918,1.971228899964605,1.9467254118532478,1.6658918046095712,1.8959654519735665,1.955405655384911,1.9397184459884982,1,1,4,4,7,19,10,10,13,13,16,16,19,19,19,2,2,1,2,2,2,4
1730.5,1.7305000000000001e-12,47.70356249023874,1.9722567653630352,1.9475849100744889,1.6660023239312816,1.8945002828451072,1.955661197935471,1.9396303072026644,1,1,4,4,7,19,10,10,13,13,16,16,19,19,19,2,2,1,2,2,2,4
1731.0,1.7310000000000002e-12,47.71862497972405,1.9732285887834555,1.948508989644276,1.6660252001511,1.8930990693476346,1.9559123419686566,1.9395767058430164,1,1,4,4,7,19,10,10,13,13,16,16,19,19,19,2,2,1,2,2,2,4
1731.5,1.7315e-12,47.73366489469578,1.974144735277318,1.9494901077712659,1.6659621314603323,1.8917789720834381,1.956147125882663,1.9395639803501306,1,1,4,4,7,19,10,10,13,13,16,16,19,19,19,2,2,1,2,2,2,4
1732.0,1.732e-12,47.74871121216761,1.9750057145293631,1.9505195572553333,1.665811677196356,1.890558091824236,1.956351814653844,1.9395952597872335,1,1,4,4,7,19,10,10,13,13,16,16,19,19,19,2,2,1,2,2,2,4
1732.5,1.7325000000000001e-12,47.76379055920082,1.9758119928520437,1.95158829609811,1.6655694957808493,1.889454007233321,1.9565123085448903,1.9396702503412087,1,1,4,4,7,19,10,10,13,13,16,16,19,19,19,2,2,1,2,2,2,4
1733.0,1.7330000000000002e-12,47.77892443500258,1.9765638598731239,1.9526878348502619,1.6652290099372296,1.8884823250004095,1.9566157044611239,1.9397853699334833,1,1,4,4,7,19,10,10,13,13,16,16,19,19,19,2,2,1,2,2,2,4
1733.5,1.7335e-12,47.79412750814123,1.9772613685511027,1.9538110645715894,1.6647824411903975,1.887655389594977,1.956651811565233,1.9399342097376309,1,1,4,4,7,19,10,10,13,13,16,16,19,19,19,2,2,1,2,2,2,4
1734.0,1.734e-12,47.80940699302216,1.9779043535615266,1.9549528821486302,1.6642221176809242,1.8869812786891687,1.9566143793889768,1.9401082827961567,1,1,4,4,7,19,10,10,13,13,16,16,19,19,19,2,2,1,2,2,2,4
1734.5,1.7345000000000001e-12,47.82476282574045,1.9784925125886292,1.9561104973854433,1.663541895895574,1.8864631692918021,1.9565018352496026,1.9402979864553092,1,1,4,4,7,19,10,10,13,13,16,16,19,19,19,2,2,1,2,2,2,4
1735.0,1.7350000000000002e-12,47.84018833155988,1.9790255452322822,1.9572833140797588,1.662738570857806,1.886099108971712,1.9563173447224036,1.9404937312505302,1,1,4,4,7,19,10,10,13,13,16,16,19,19,19,2,2,1,2,2,2,4
1735.5,1.7355000000000002e-12,47.855671082899164,1.9795032861446313,1.9584724882194353,1.6618129626176492,1.8858822446452477,1.9560682719429188,1.9406870784536916,1,1,4,4,7,19,10,10,13,13,16,16,19,19,19,2,2,1,2,2,2,4
1736.0,1.736e-12,47.87119389723515,1.9799258178796229,1.95968016149956,1.6607706178107806,1.8858014674112074,1.9557650961274136,1.9408718021249092,1,1,4,4,7,19,10,10,13,13,16,16,19,19,19,2,2,1,2,2,2,4
1736.5,1.7365000000000001e-12,47.88673590111483,1.9802935802778439,1.9609086239266618,1.6596218614489646,1.8858424382446162,1.9554200311121523,1.9410447270648625,1,1,4,4,7,19,10,10,13,13,16,16,19,19,19,2,2,1,2,2,2,4
1737.0,1.7370000000000002e-12,47.90227377469728,1.980607405586983,1.9621594390959929,1.6583813094910083,1.8859889367182534,1.9550455236185573,1.9412062420921157,1,1,4,4,7,19,10,10,13,13,16,16,19,19,19,2,2,1,2,2,2,4
1737.5,1.7375000000000002e-12,47.91778323100736,1.9808685165175932,1.9634327081777003,1.6570668443007537,1.886224386131801,1.9546528501790918,1.9413603811017988,1,1,4,4,7,19,10,10,13,13,16,16,19,19,19,2,2,1,2,2,2,4
1738.0,1.738e-12,47.93324080337504,1.9810784855252705,1.9647265283350612,1.6556982361255252,1.8865333774106312,1.9542509357475315,1.9415144395428459,1,1,4,4,7,19,10,10,13,13,16,16,19,19,19,2,2,1,2,2,2,4
1738.5,1.7385000000000001e-12,47.94862592185534,1.9812391799327351,1.9660366882344584,1.65429559813138,1.8869029811055174,1.9538454717712923,1.9416781647382066,1,1,4,4,7,19,10,10,13,13,16,16,19,19,19,2,2,1,2,2,2,4
1739.0,1.7390000000000002e-12,47.96392317149273,1.9813526440083564,1.9673565460700608,1.652877955676113,1.8873236728497909,1.953438384736743,1.9418626385895608,1,1,4,4,7,19,10,10,13,13,16,16,19,19,19,2,2,1,2,2,2,4
1739.5,1.7395000000000002e-12,47.979124367817235,1.9814210064337054,1.9686771788877306,1.6514619543891773,1.8877897455250796,1.9530276513291347,1.9420789935395062,1,1,4,4,7,19,10,10,13,13,16,16,19,19,19,2,2,1,2,2,2,4
1740.0,1.74e-12,47.994230103915775,1.9814463341354198,1.9699876794695432,1.6500609949586942,1.8882991760987187,1.952607498110056,1.9423371446096478,1,1,4,4,7,19,10,10,13,13,16,16,19,19,19,2,2,1,2,2,2,4
1740.5,1.7405000000000001e-12,48.00925026657775,1.9814305011334796,1.971275686965966,1.6486847203188535,1.888853012215727,1.9521689483070441,1.94264471386593,1,1,4,4,7,19,10,10,13,13,16,16,19,19,19,2,2,1,2,2,2,4
1741.0,1.7410000000000002e-12,48.02420328205273,1.981375020527955,1.9725280348207108,1.6473390189733828,1.8894544205043056,1.95170074132797,1.9430062062863707,1,1,4,4,7,19,10,10,13,13,16,16,19,19,19,2,2,1,2,2,2,4
1741.5,1.7415000000000002e-12,48.03911404056955,1.9812808946498226,1.973731536255972,1.6460264704674394,1.890107546652572,1.9511905579761057,1.9434225257994557,1,1,4,4,7,19,10,10,13,13,16,16,19,19,19,2,2,1,2,2,2,4
1742.0,1.742e-12,48.054010853103534,1.9811484991117656,1.9748738436980426,1.6447472075589658,1.8908163420303645,1.9506264627906413,1.9438908484448671,1,1,4,4,7,19,10,10,13,13,16,16,19,19,19,2,2,1,2,2,2,4
1742.5,1.7425e-12,48.06892209514295,1.9809775211963425,1.9759442939905034,1.6435001015472783,1.891583491891973,1.9499984103262162,1.9444048463125645,1,1,4,4,7,19,10,10,13,13,16,16,19,19,19,2,2,1,2,2,2,4
1743.0,1.7430000000000001e-12,48.08387326274436,1.980766969029432,1.9769346330580824,1.6422841369414467,1.8924095479989085,1.9492996045867523,1.9449552407948403,1,1,4,4,7,19,10,10,13,13,16,16,19,19,19,2,2,1,2,2,2,4
1743.5,1.7435000000000002e-12,48.098884943951106,1.9805152642746549,1.9778395075599806,1.6410997734750206,1.8932923338625485,1.9485274933975512,1.9455306438944922,1,1,4,4,7,19,10,10,13,13,16,16,19,19,19,2,2,1,2,2,2,4
1744.0,1.744e-12,48.11397186064837,1.9802203474271898,1.9786565703146832,1.639950169584724,1.894226678258139,1.947684194080477,1.9461186102253178,1,1,4,4,7,19,10,10,13,13,16,16,19,19,19,2,2,1,2,2,2,4
1744.5,1.7445e-12,48.129142695690525,1.9798798689000288,1.9793862623504843,1.6388419444780689,1.8952044785121376,1.946776311380832,1.9467068186448493,1,1,4,4,7,19,10,10,13,13,16,16,19,19,19,2,2,1,2,2,2,4
1745.0,1.7450000000000001e-12,48.14440038889973,1.979491371534377,1.9800312580631938,1.6377853968170664,1.8962151175102655,1.9458141624612713,1.9472842592113306,1,1,4,4,7,19,10,10,13,13,16,16,19,19,19,2,2,1,2,2,2,4
1745.5,1.7455000000000002e-12,48.15974266733022,1.979052423218408,1.980595638892559,1.6367942181680861,1.8972462004438395,1.9448105813571837,1.94784227421029,1,1,4,4,7,19,10,10,13,13,16,16,19,19,19,2,2,1,2,2,2,4
1746.0,1.7460000000000002e-12,48.17516255393989,1.9785607746701215,1.9810840692495923,1.6358845532795119,1.8982845740360597,1.9437795359122565,1.948375335283995,1,1,4,4,7,19,10,10,13,13,16,16,19,19,19,2,2,1,2,2,2,4
1746.5,1.7465e-12,48.190648950641176,1.9780144346380915,1.9815009775283101,1.6350737315286106,1.8993175773664672,1.9427347137653046,1.9488814634211242,1,1,4,4,7,19,10,10,13,13,16,16,19,19,19,2,2,1,2,2,2,4
1747.0,1.7470000000000001e-12,48.206187347415195,1.9774117292058497,1.981849901039419,1.6343787697924728,1.900334387834946,1.9416882616891764,1.9493622059278093,1,1,4,4,7,19,10,10,13,13,16,16,19,19,19,2,2,1,2,2,2,4
1747.5,1.7475000000000002e-12,48.22176082732936,1.9767513477955148,1.982133040681209,1.633814845127949,1.901327303120649,1.9406497606485813,1.949822170896922,1,1,4,4,7,19,10,10,13,13,16,16,19,19,19,2,2,1,2,2,2,4
1748.0,1.7480000000000002e-12,48.23735159067357,1.9760323277083445,1.9823509685416212,1.6333940555215436,1.902292786185466,1.9396255256932502,1.9502681702732603,1,1,4,4,7,19,10,10,13,13,16,16,19,19,19,2,2,1,2,2,2,4
1748.5,1.7485e-12,48.252942887464954,1.9752540940331824,1.982502632793746,1.633124267049292,1.903232078073002,1.9386181613449518,1.9507081094822856,1,1,4,4,7,19,10,10,13,13,16,16,19,19,19,2,2,1,2,2,2,4
1749.0,1.7490000000000001e-12,48.26852140675009,1.9744164140340716,1.9825854759218062,1.6330085401818355,1.9041513070424891,1.9376264987597702,1.9511497668913194,1,1,4,4,7,19,10,10,13,13,16,16,19,19,19,2,2,1,2,2,2,4
1749.5,1.7495000000000002e-12,48.28407970042421,1.9735193522255126,1.9825956918518637,1.6330450443486992,1.9050610399007324,1.936645872882115,1.9515996290909159,1,1,4,4,7,19,10,10,13,13,16,16,19,19,19,2,2,1,2,2,2,4
1750.0,1.7500000000000002e-12,48.29961808453785,1.9725632033321538,1.9825287150008646,1.6332273303568086,1.9059753650390974,1.9356687433578768,1.9520619189879114,1,1,4,4,7,19,10,10,13,13,16,16,19,19,19,2,2,1,2,2,2,4
1750.5,1.7505e-12,48.31514560594639,1.9715483968005794,1.9823797746164957,1.6335451621368144,1.906910617058933,1.934685639382762,1.9525379163405405,1,1,4,4,7,19,10,10,13,13,16,16,19,19,19,2,2,1,2,2,2,4
1751.0,1.7510000000000001e-12,48.330679591924856,1.9704754245178064,1.9821445942241924,1.6339856759761222,1.9078839297017964,1.9336864025071956,1.9530256068785719,1,1,4,4,7,19,10,10,13,13,16,16,19,19,19,2,2,1,2,2,2,4
1751.5,1.7515000000000002e-12,48.34624372749626,1.9693447969549787,1.9818201258197192,1.6345348087354,1.908911763255522,1.9326615958073123,1.9535196893811413,1,1,4,4,7,19,10,10,13,13,16,16,19,19,19,2,2,1,2,2,2,4
1752.0,1.7520000000000002e-12,48.36186497833525,1.9681570388982956,1.9814052263854585,1.6351788250141395,1.9100085522565335,1.931603910419105,1.9540119343960325,1,1,4,4,7,19,10,10,13,13,16,16,19,19,19,2,2,1,2,2,2,4
1752.5,1.7525e-12,48.37757003606349,1.9669127851399248,1.9809011924082998,1.6359056917761263,1.9111855627155399,1.9305093997542018,1.9544918159538434,1,1,4,4,7,19,10,10,13,13,16,16,19,19,19,2,2,1,2,2,2,4
1753.0,1.7530000000000001e-12,48.39338217731855,1.9656128574735034,1.9803119773335225,1.6367062068130915,1.9124500719694764,1.929378244634082,1.954947465069246,1,1,4,4,7,19,10,10,13,13,16,16,19,19,19,2,2,1,2,2,2,4
1753.5,1.7535000000000002e-12,48.40931910043478,1.9642583714217068,1.9796440893240517,1.6375745805566626,1.9138049601376612,1.9282149654629726,1.9553667823994758,1,1,4,4,7,19,10,10,13,13,16,16,19,19,19,2,2,1,2,2,2,4
1754.0,1.7540000000000002e-12,48.42539191576198,1.9628508553121327,1.9789061498379803,1.6385084315596847,1.9152486898631433,1.9270280360239784,1.9557386246241277,1,1,4,4,7,19,10,10,13,13,16,16,19,19,19,2,2,1,2,2,2,4
1754.5,1.7545e-12,48.44160506861615,1.9613923429802214,1.9781081455678935,1.639508261194954,1.9167757154022271,1.9258289601670464,1.9560539318241146,1,1,4,4,7,19,10,10,13,13,16,16,19,19,19,2,2,1,2,2,2,4
1755.0,1.755e-12,48.45795672014253,1.9598854392933325,1.9772605939762147,1.6405763960977906,1.9183773156014556,1.9246310154811943,1.9563066692644269,1,1,4,4,7,19,10,10,13,13,16,16,19,19,19,2,2,1,2,2,2,4
1755.5,1.7555000000000001e-12,48.47443927388835,1.9583333638246856,1.976373713940096,1.6417156514095361,1.9200427551833905,1.9234478751217725,1.9564944475325965,1,1,4,4,7,19,10,10,13,13,16,16,19,19,19,2,2,1,2,2,2,4
1756.0,1.7560000000000002e-12,48.4910398737275,1.9567399692335397,1.9754567254392943,1.642927912014965,1.9217606643121126,1.9222922903867956,1.956618737170304,1,1,4,4,7,19,10,10,13,13,16,16,19,19,19,2,2,1,2,2,2,4
1756.5,1.7565e-12,48.50774087795472,1.955109738895098,1.9745173384798589,1.6442128271286114,1.9235204692705812,1.921174966614674,1.9566846378826028,1,1,4,4,7,19,10,10,13,13,16,16,19,19,19,2,2,1,2,2,2,4
1757.0,1.757e-12,48.52452046791918,1.953447761927423,1.9735614356601965,1.645566800491599,1.9253136660867656,1.9201036996079965,1.9567002196059133,1,1,4,4,7,19,10,10,13,13,16,16,19,19,19,2,2,1,2,2,2,4
1757.5,1.7575000000000001e-12,48.54135354420508,1.951759669139719,1.97259299463589,1.646982268977158,1.9271347745041467,1.9190828293522275,1.9566755379865477,1,1,4,4,7,19,10,10,13,13,16,16,19,19,19,2,2,1,2,2,2,4
1758.0,1.7580000000000002e-12,48.558213197585296,1.9500515368245104,1.9716140994706113,1.6484475580072202,1.928981768824092,1.91811297285461,1.9566214195201965,1,1,4,4,7,19,10,10,13,13,16,16,19,19,19,2,2,1,2,2,2,4
1758.5,1.7585000000000002e-12,48.57507270245334,1.9483297417545644,1.9706251289943804,1.649947157903001,1.9308559751980798,1.9171910914445434,1.956548210717966,1,1,4,4,7,19,10,10,13,13,16,16,19,19,19,2,2,1,2,2,2,4
1759.0,1.759e-12,48.591907875212144,1.9466007758158592,1.9696251053877374,1.651462407188821,1.9327614760005605,1.916310902558642,1.9564646260161498,1,1,4,4,7,19,10,10,13,13,16,16,19,19,19,2,2,1,2,2,2,4
1759.5,1.7595000000000001e-12,48.60869953927674,1.944871044425244,1.9686121219706765,1.6529726734652415,1.9347040936014412,1.9154635820433277,1.9563768319472257,1,1,4,4,7,19,10,10,13,13,16,16,19,19,19,2,2,1,2,2,2,4
1760.0,1.7600000000000002e-12,48.62543554582351,1.9431466632911438,1.9675839180499222,1.6544567557052,1.936690173091312,1.9146387996592351,1.9562878463380937,1,1,4,4,7,19,10,10,13,13,16,16,19,19,19,2,2,1,2,2,2,4
1760.5,1.7605000000000002e-12,48.64211191347444,1.9414332949826505,1.9665385309790873,1.6558944306948196,1.938725300019457,1.9138259783522078,1.9561973066091067,1,1,4,4,7,19,10,10,13,13,16,16,19,19,19,2,2,1,2,2,2,4
1761.0,1.761e-12,48.65873270727263,1.939736047370921,1.9654749627465502,1.6572679347220065,1.9408131011838827,1.9130156670366751,1.9561016088233079,1,1,4,4,7,19,10,10,13,13,16,16,19,19,19,2,2,1,2,2,2,4
1761.5,1.7615000000000001e-12,48.675308554856265,1.938059449262592,1.9643937571885215,1.6585631959521931,1.9429542360550836,1.9122008495381861,1.9559943960067172,1,1,4,4,7,19,10,10,13,13,16,16,19,19,19,2,2,1,2,2,2,4
1762.0,1.7620000000000002e-12,48.691853999203175,1.936407513059058,1.9632974375182908,1.6597705192749388,1.945145661642056,1.911378007879227,1.9558673460161433,1,1,4,4,7,19,10,10,13,13,16,16,19,19,19,2,2,1,2,2,2,4
1762.5,1.7625000000000002e-12,48.70838442111392,1.9347838464814175,1.9621906148158368,1.660884808262369,1.9473802120498847,1.9105477334367105,1.9557111753398995,1,1,4,4,7,19,10,10,13,13,16,16,19,19,19,2,2,1,2,2,2,4
1763.0,1.763e-12,48.724913241699,1.9331917709190145,1.96107979606885,1.6619051752935001,1.9496465952984516,1.9097147847203413,1.9555167632006432,1,1,4,4,7,19,10,10,13,13,16,16,19,19,19,2,2,1,2,2,2,4
1763.5,1.7635000000000001e-12,48.74144997939592,1.9316344084752421,1.9599729118417608,1.6628340156795396,1.9519298172377717,1.90888757126572,1.9552762762680767,1,1,4,4,7,19,10,10,13,13,16,16,19,19,19,2,2,1,2,2,2,4
1764.0,1.7640000000000002e-12,48.757999384682165,1.9301147366496731,1.9588785906433277,1.6636758091339883,1.954212003778615,1.9080771618764512,1.9549841435995552,1,1,4,4,7,19,10,10,13,13,16,16,19,19,19,2,2,1,2,2,2,4
1764.5,1.7645000000000002e-12,48.77456131419266,1.928635605485742,1.9578054178256004,1.6644356883768294,1.9564735479176516,1.9072960225278288,1.9546377894951523,1,1,4,4,7,19,10,10,13,13,16,16,19,19,19,2,2,1,2,2,2,4
1765.0,1.765e-12,48.79113101454417,1.9271997276927355,1.9567612464086976,1.66511806714235,1.9586944805880924,1.9065566753181027,1.9542380123260443,1,1,4,4,7,19,10,10,13,13,16,16,19,19,19,2,2,1,2,2,2,4
1765.5,1.7655e-12,48.80769948917489,1.9258096509957807,1.9557526639851321,1.6657254727523942,1.9608559226660056,1.9058704538150746,1.9537889598226859,1,1,4,4,7,19,10,10,13,13,16,16,19,19,19,2,2,1,2,2,2,4
1766.0,1.7660000000000001e-12,48.82425381710451,1.924467723942619,1.9547846512973017,1.6662577074843756,1.9629414586981417,1.9052464719104805,1.9532976967243072,1,1,4,4,7,19,10,10,13,13,16,16,19,19,19,2,2,1,2,2,2,4
1766.5,1.7665000000000002e-12,48.84077748590814,1.9231760686970267,1.9538604107889177,1.666711437682861,1.964938267061308,1.904690862158556,1.9527734124320835,1,1,4,4,7,19,10,10,13,13,16,16,19,19,19,2,2,1,2,2,2,4
1767.0,1.767e-12,48.85725084490647,1.9219365181323562,1.9529814082359782,1.6670801510604156,1.9668379024990468,1.9042063225998076,1.9522263821899637,1,1,4,4,7,19,10,10,13,13,16,16,19,19,19,2,2,1,2,2,2,4
1767.5,1.7675e-12,48.87365198680185,1.9207505832219554,1.9521474759727178,1.6673546537528439,1.9686365873576543,1.9037919632116307,1.9516667879727427,1,1,4,4,7,19,10,10,13,13,16,16,19,19,19,2,2,1,2,2,2,4
1768.0,1.7680000000000001e-12,48.88995812618039,1.9196193991047608,1.9513570509258638,1.667523942508494,1.970335039107503,1.9034434673659313,1.9511035707584916,1,1,4,4,7,19,10,10,13,13,16,16,19,19,19,2,2,1,2,2,2,4
1768.5,1.7685000000000002e-12,48.9061475052318,1.9185436600272503,1.950607511409195,1.6675764135806859,1.9719378858687164,1.9031535705570168,1.9505434346962671,1,1,4,4,7,19,10,10,13,13,16,16,19,19,19,2,2,1,2,2,2,4
1769.0,1.7690000000000002e-12,48.922201669004444,1.9175235476854529,1.9498956232189237,1.6675012665134583,1.9734527719603276,1.9029128640253645,1.9499901076077413,1,1,4,4,7,19,10,10,13,13,16,16,19,19,19,2,2,1,2,2,2,4
1769.5,1.7695e-12,48.93810788034895,1.9165586874700127,1.9492180300053308,1.6672899949963282,1.9748892512618663,1.9027108532014485,1.9494439486968331,1,1,4,4,7,19,10,10,13,13,16,16,19,19,19,2,2,1,2,2,2,4
1770.0,1.7700000000000001e-12,48.953861209447226,1.9156481269110437,1.9485718220822406,1.6669376611238662,1.9762576242202718,1.9025372247163221,1.9489019208693157,1,1,4,4,7,19,10,10,13,13,16,16,19,19,19,2,2,1,2,2,2,4
1770.5,1.7705000000000002e-12,48.96946589796109,1.9147903642466826,1.9479550743534335,1.6664438099258099,1.9775678231111906,1.9023831669067977,1.948357923280525,1,1,4,4,7,19,10,10,13,13,16,16,19,19,19,2,2,1,2,2,2,4
1771.0,1.7710000000000002e-12,48.98493557795053,1.9139834268362779,1.9473672758695812,1.6658128474530582,1.978828440405756,1.9022425737910533,1.9478034431128468,1,1,4,4,7,19,10,10,13,13,16,16,19,19,19,2,2,1,2,2,2,4
1771.5,1.7715e-12,49.00029215210187,1.913225007534046,1.9468095425213423,1.6650538481725978,1.9800459586399208,1.9021129514505701,1.9472284477560657,1,1,4,4,7,19,10,10,13,13,16,16,19,19,19,2,2,1,2,2,2,4
1772.0,1.7720000000000001e-12,49.01556341368729,1.9125126397430123,1.946284609654327,1.6641797760421595,1.9812242464842555,1.9019958212200017,1.9466224720616498,1,1,4,4,7,19,10,10,13,13,16,16,19,19,19,2,2,1,2,2,2,4
1772.5,1.7725000000000002e-12,49.03077989937342,1.9118438816398549,1.9457965375902746,1.6632063020474166,1.9823643564422258,1.9018966015426235,1.9459757328800964,1,1,4,4,7,19,10,10,13,13,16,16,19,19,19,2,2,1,2,2,2,4
1773.0,1.7730000000000002e-12,49.04597170521854,1.9112164776546208,1.9453501098170114,1.6621503638094814,1.9834646543124015,1.9018239590604502,1.945280162311976,1,1,4,4,7,19,10,10,13,13,16,16,19,19,19,2,2,1,2,2,2,4
1773.5,1.7735e-12,49.061165827653966,1.9106284847236286,1.9449502059660282,1.6610287270111481,1.9845213051120543,1.9017887267872198,1.9445302884291003,1,1,4,4,7,19,10,10,13,13,16,16,19,19,19,2,2,1,2,2,2,4
1774.0,1.7740000000000001e-12,49.07638443903536,1.9100783385173516,1.9446011008848108,1.6598566322174957,1.985529081062344,1.9018026032874609,1.9437238209848189,1,1,4,4,7,19,10,10,13,13,16,16,19,19,19,2,2,1,2,2,2,4
1774.5,1.7745000000000002e-12,49.09164403668499,1.9095648737084243,1.944305860216645,1.658646741024763,1.9864824202895623,1.9018768139317108,1.9428618924366827,1,1,4,4,7,19,10,10,13,13,16,16,19,19,19,2,2,1,2,2,2,4
1775.0,1.7750000000000002e-12,49.10695520518833,1.9090873128244539,1.9440658962854842,1.6574084689090367,1.9873766054894346,1.9020208945094723,1.9419489222207116,1,1,4,4,7,19,10,10,13,13,16,16,19,19,19,2,2,1,2,2,2,4
1775.5,1.7755e-12,49.12232270213647,1.9086452427405949,1.9438807067874748,1.6561477657327779,1.9882088993387221,1.90224170726584,1.940992121042202,1,1,4,4,7,19,10,10,13,13,16,16,19,19,19,2,2,1,2,2,2,4
1776.0,1.7760000000000001e-12,49.13774569915812,1.9082386006501126,1.9437477820528348,1.6548673572333246,1.9889794445595583,1.9025427464704092,1.9400006892162887,1,1,4,4,7,19,10,10,13,13,16,16,19,19,19,2,2,1,2,2,2,4
1776.5,1.7765000000000002e-12,49.153218145187196,1.9078676372647148,1.9436626982576808,1.6535674029690393,1.9896918166790432,1.9029237538606731,1.9389848310525375,1,1,4,4,7,19,10,10,13,13,16,16,19,19,19,2,2,1,2,2,2,4
1777.0,1.7770000000000002e-12,49.1687293797909,1.907532911984383,1.9436193009596527,1.65224654905804,1.9903530701156262,1.9033806737469183,1.9379546528430578,1,1,4,4,7,19,10,10,13,13,16,16,19,19,19,2,2,1,2,2,2,4
1777.5,1.7775e-12,49.18426510507817,1.9072352713804754,1.943610027298999,1.6509032204825511,1.9909733211824665,1.903905920163077,1.9369191343923884,1,1,4,4,7,19,10,10,13,13,16,16,19,19,19,2,2,1,2,2,2,4
1778.0,1.778e-12,49.199808823335964,1.9069758035085014,1.943626312458826,1.6495370272509544,1.9915649205791301,1.9044890025296304,1.9358852334823047,1,1,4,4,7,19,10,10,13,13,16,16,19,19,19,2,2,1,2,2,2,4
1778.5,1.7785000000000001e-12,49.215343751972895,1.9067557741389791,1.943659087648284,1.6481501103683178,1.9921413411745017,1.9051174447556407,1.9348572591068174,1,1,4,4,7,19,10,10,13,13,16,16,19,19,19,2,2,1,2,2,2,4
1779.0,1.7790000000000002e-12,49.23085509153862,1.9065765571926203,1.943699341221161,1.6467481867218077,1.992715926463437,1.9057779773657995,1.9338365421778523,1,1,4,4,7,19,10,10,13,13,16,16,19,19,19,2,2,1,2,2,2,4
1779.5,1.7795e-12,49.24633236277163,1.9064395565597363,1.94373875439383,1.6453410242109163,1.9933006686132555,1.9064578790654272,1.932821474218211,1,1,4,4,7,19,10,10,13,13,16,16,19,19,19,2,2,1,2,2,2,4
1780.0,1.78e-12,49.26177155579011,1.9063461521156302,1.9437702268336468,1.643942416899195,1.9939050985075408,1.9071463242599949,1.9318078547625768,1,1,4,4,7,19,10,10,13,13,16,16,19,19,19,2,2,1,2,2,2,4
1780.5,1.7805000000000001e-12,49.277176606941005,1.9062976736366988,1.9437882803413316,1.6425695362311283,1.994535401002982,1.9078355435804901,1.9307895344330708,1,1,4,4,7,19,10,10,13,13,16,16,19,19,19,2,2,1,2,2,2,4
1781.0,1.7810000000000002e-12,49.29255981520594,1.9062954260735743,1.943789253431925,1.6412417837114361,1.995193799030164,1.9085216219720236,1.9297592697833577,1,1,4,4,7,19,10,10,13,13,16,16,19,19,19,2,2,1,2,2,2,4
1781.5,1.7815000000000002e-12,49.30794100797857,1.9063407027231463,1.943771200162985,1.6399794018732234,1.9958782860475546,1.9092047295890204,1.9287097483497708,1,1,4,4,7,19,10,10,13,13,16,16,19,19,19,2,2,1,2,2,2,4
1782.0,1.782e-12,49.32334544177169,1.906434848939859,1.9437335752759806,1.6388019103213143,1.99658267436038,1.9098888401378387,1.9276346045384676,1,1,4,4,7,19,10,10,13,13,16,16,19,19,19,2,2,1,2,2,2,4
1782.5,1.7825000000000001e-12,49.338800900595366,1.9065792993759583,1.9436766988682381,1.6377267059254341,1.997297011961602,1.910580919696545,1.9265293663250118,1,1,4,4,7,19,10,10,13,13,16,16,19,19,19,2,2,1,2,2,2,4
1783.0,1.7830000000000002e-12,49.35433454099546,1.906775598690631,1.9436011933698187,1.636767831531101,1.9980083486260547,1.9112897696769928,1.9253922234681706,1,1,4,4,7,19,10,10,13,13,16,16,19,19,19,2,2,1,2,2,2,4
1783.5,1.7835000000000002e-12,49.369970179468,1.9070253701080035,1.9435073925300703,1.6359351655576673,1.9987018121383717,1.9120247028607789,1.924224516666052,1,1,4,4,7,19,10,10,13,13,16,16,19,19,19,2,2,1,2,2,2,4
1784.0,1.784e-12,49.38572637751304,1.9073302564986443,1.9433948724494683,1.6352340116706212,1.9993618963411761,1.91279424777394,1.923030882268458,1,1,4,4,7,19,10,10,13,13,16,16,19,19,19,2,2,1,2,2,2,4
1784.5,1.7845000000000001e-12,49.40161538690712,1.9076918439345911,1.9432621400022483,1.6346651455706258,1.9999738132539464,1.9136050224457408,1.9218190267739055,1,1,4,4,7,19,10,10,13,13,16,16,19,19,19,2,2,1,2,2,2,4
1785.0,1.7850000000000002e-12,49.41764276983201,1.9081115834928741,1.9431064938019493,1.6342253205468564,2.0005247282263032,1.914460867338413,1.9205991504134854,1,1,4,4,7,19,10,10,13,13,16,16,19,19,19,2,2,1,2,2,2,4
1785.5,1.7855000000000002e-12,49.43380743796937,1.9085907264795634,1.9429240297237098,1.6339082116127512,2.0010047008161935,1.9153622769458796,1.9193830837611383,1,1,4,4,7,19,10,10,13,13,16,16,19,19,19,2,2,1,2,2,2,4
1786.0,1.786e-12,49.45010186287667,1.9091302579958382,1.9427098357375856,1.6337056199737274,2.0014072233494327,1.9163061510382928,1.9181832638620677,1,1,4,4,7,19,10,10,13,13,16,16,19,19,19,2,2,1,2,2,2,4
1786.5,1.7865000000000001e-12,49.46651248070261,1.909730855391155,1.9424582445683884,1.633608935794801,2.0017292872161807,1.917285869346752,1.9170116358141063,1,1,4,4,7,19,10,10,13,13,16,16,19,19,19,2,2,1,2,2,2,4
1787.0,1.7870000000000002e-12,49.48302027391639,1.9103928457264294,1.9421632055515132,1.6336105697017889,2.001971027435737,1.9182916932795082,1.9158786315589194,1,1,4,4,7,19,10,10,13,13,16,16,19,19,19,2,2,1,2,2,2,4
1787.5,1.7875000000000002e-12,49.499601646147795,1.9111161601097444,1.9418187452095292,1.6337051563450935,2.0021350441176877,1.9193114879104973,1.9147923266624467,1,1,4,4,7,19,10,10,13,13,16,16,19,19,19,2,2,1,2,2,2,4
1788.0,1.788e-12,49.51622969832223,1.911900284558452,1.941419483821885,1.6338903539286649,2.0022255234269584,1.9203317551811092,1.9137578455957034,1,1,4,4,7,19,10,10,13,13,16,16,19,19,19,2,2,1,2,2,2,4
1788.5,1.7885000000000001e-12,49.53287593292298,1.9127442120772011,1.9409612029664103,1.6341670753938151,2.0022472710707877,1.9213388866935703,1.9127770935462114,1,1,4,4,7,19,10,10,13,13,16,16,19,19,19,2,2,1,2,2,2,4
1789.0,1.7890000000000002e-12,49.549512373306634,1.9136464081554962,1.9404413994048926,1.6345391162926552,2.0022047874953057,1.9223205433786252,1.911848815734468,1,1,4,4,7,19,10,10,13,13,16,16,19,19,19,2,2,1,2,2,2,4
1789.5,1.7895000000000002e-12,49.566113969855934,1.9146047991238693,1.9398597442174268,1.6350122559883737,2.0021014616239716,1.9232669825440822,1.9109689790358446,1,1,4,4,7,19,10,10,13,13,16,16,19,19,19,2,2,1,2,2,2,4
1790.0,1.79e-12,49.58266103098244,1.915616796902737,1.9392183738845648,1.6355929835448382,2.0019389442092326,1.924172146379579,1.9101314239874103,1,1,4,4,7,19,10,10,13,13,16,16,19,19,19,2,2,1,2,2,2,4
1790.5,1.7905e-12,49.59914130258248,1.9166793693195099,1.938521937581911,1.6362870631347675,2.001716736674769,1.9250342955728104,1.909328749297614,1,1,4,4,7,19,10,10,13,13,16,16,19,19,19,2,2,1,2,2,2,4
1791.0,1.7910000000000001e-12,49.61555130101507,1.9177891144522905,1.937777319934153,1.637098210490638,2.0014320570858235,1.9258561081090029,1.908553281305659,1,1,4,4,7,19,10,10,13,13,16,16,19,19,19,2,2,1,2,2,2,4
1791.5,1.7915000000000002e-12,49.63189645245112,1.9189423587067318,1.936993157755018,1.6380269390524804,2.001079971728731,1.9266441791226239,1.9077980838424553,1,1,4,4,7,19,10,10,13,13,16,16,19,19,19,2,2,1,2,2,2,4
1792.0,1.792e-12,49.648189929540244,1.9201352366804478,1.9361791700145972,1.6390697676934427,2.0006538235043134,1.9274080371035969,1.9070578728847571,1,1,4,4,7,19,10,10,13,13,16,16,19,19,19,2,2,1,2,2,2,4
1792.5,1.7925e-12,49.66445035054442,1.9213637456482122,1.9353454306777977,1.6402188342490691,2.0001459447537884,1.9281588421124218,1.9063297465918105,1,1,4,4,7,19,10,10,13,13,16,16,19,19,19,2,2,1,2,2,2,4
1793.0,1.7930000000000001e-12,49.680698839348935,1.9226237709890108,1.9345016819013408,1.6414619496900447,1.9995486192098844,1.928907973837209,1.9056136445432141,1,1,4,4,7,19,10,10,13,13,16,16,19,19,19,2,2,1,2,2,2,4
1793.5,1.7935000000000002e-12,49.69695608293469,1.923911096502491,1.9336567691000297,1.642783096352045,1.9988552052081547,1.929665691971253,1.904912473944711,1,1,4,4,7,19,10,10,13,13,16,16,19,19,19,2,2,1,2,2,2,4
1794.0,1.7940000000000002e-12,49.7132399256925,1.9252214175475082,1.9328182372847977,1.6441633442627392,1.9980612911517919,1.9304400068248362,1.904231877087257,1,1,4,4,7,19,10,10,13,13,16,16,19,19,19,2,2,1,2,2,2,4
1794.5,1.7945e-12,49.72956375836621,1.9265503727735784,1.9319921022917816,1.64558211459927,1.997165715223658,1.931235840650171,1.903579658898966,1,1,4,4,7,19,10,10,13,13,16,16,19,19,19,2,2,1,2,2,2,4
1795.0,1.7950000000000001e-12,49.74593566420737,1.9278936003521359,1.9311827861298243,1.647018665931842,1.9961712857549454,1.9320545168728287,1.9029649453392603,1,1,4,4,7,19,10,10,13,13,16,16,19,19,19,2,2,1,2,2,2,4
1795.5,1.7955000000000002e-12,49.76235811838238,1.929246803295528,1.930393189049173,1.6484536462202377,1.9950850805306846,1.9328935870351363,1.9023971793478078,1,1,4,4,7,19,10,10,13,13,16,16,19,19,19,2,2,1,2,2,2,4
1796.0,1.7960000000000002e-12,49.77882798058082,1.9306058381931857,1.9296249257270341,1.6498704307288716,1.9939182664671788,1.9337470085823318,1.901885085751705,1,1,4,4,7,19,10,10,13,13,16,16,19,19,19,2,2,1,2,2,2,4
1796.5,1.7965e-12,49.7953366770187,1.9319667696838383,1.9288786658091717,1.6512560988245308,1.9926854986404,1.9346056504180456,1.9014357288528676,1,1,4,4,7,19,10,10,13,13,16,16,19,19,19,2,2,1,2,2,2,4
1797.0,1.7970000000000001e-12,49.811870563268045,1.9333259053331926,1.9281545409907783,1.6526019469233333,1.9914039275032482,1.935458131404829,1.9010537585122627,1,1,4,4,7,19,10,10,13,13,16,16,19,19,19,2,2,1,2,2,2,4
1797.5,1.7975000000000002e-12,49.82841148242534,1.9346798152220526,1.927452678892348,1.6539033291495178,1.9900920007216367,1.9362919546546284,1.900740927612637,1,1,4,4,7,19,10,10,13,13,16,16,19,19,19,2,2,1,2,2,2,4
1798.0,1.7980000000000002e-12,49.84493768035105,1.93602533038892,1.9267737642110503,1.655158964744044,1.98876816973113,1.9370948557751428,1.900495914943536,1,1,4,4,7,19,10,10,13,13,16,16,19,19,19,2,2,1,2,2,2,4
1798.5,1.7985e-12,49.86142518927428,1.9373595346456196,1.9261195728703786,1.6563698270253175,1.9874496316310446,1.9378562319638346,1.9003144679516966,1,1,4,4,7,19,10,10,13,13,16,16,19,19,19,2,2,1,2,2,2,4
1799.0,1.7990000000000001e-12,49.87784975148342,1.9386797629554007,1.9254933920200956,1.6575378067796414,1.98615121559997,1.93856845955556,1.9001898466235703,1,1,4,4,7,19,10,10,13,13,16,16,19,19,19,2,2,1,2,2,2,4
1799.5,1.7995000000000002e-12,49.89418923581027,1.9399836180904562,1.9249002306072176,1.6586643614192371,1.984884494348604,1.9392278879350073,1.9001135233908246,1,1,4,4,7,19,10,10,13,13,16,16,19,19,19,2,2,1,2,2,2,4
1800.0,1.8000000000000002e-12,49.91042632005167,1.941269005821209,1.9243467581579738,1.6597493233712397,1.983657184541334,1.9398353204752452,1.9000760731970805,1,1,4,4,7,19,10,10,13,13,16,16,19,19,19,2,2,1,2,2,2,4
1800.5,1.8005e-12,49.92655100746781,1.9425341816790969,1.9238409565849681,1.6607899993359367,1.9824728871913475,1.9403958836849142,1.9000681604395646,1,1,4,4,7,19,10,10,13,13,16,16,19,19,19,2,2,1,2,2,2,4
1801.0,1.801e-12,49.942562412535096,1.9437777938946572,1.9233915317250758,1.6617806446568955,1.9813312016537747,1.940918302419966,1.9000815252333456,1,1,4,4,7,19,10,10,13,13,16,16,19,19,19,2,2,1,2,2,2,4
1801.5,1.8015000000000001e-12,49.95846928434346,1.9449989035467037,1.9230071817193175,1.6627123501213252,1.9802282320830424,1.941413719476618,1.900109862152613,1,1,4,4,7,19,10,10,13,13,16,16,19,19,19,2,2,1,2,2,2,4
1802.0,1.8020000000000002e-12,49.974289006250515,1.9461969669899817,1.9226958282390971,1.6635733683594986,1.9791574736451683,1.941894264652995,1.9001494881378618,1,1,4,4,7,19,10,10,13,13,16,16,19,19,19,2,2,1,2,2,2,4
1802.5,1.8025e-12,49.99004518384412,1.9473718016868657,1.92246398153207,1.6643497683988886,1.9781109929854765,1.9423715865750528,1.9001997553863434,1,1,4,4,7,19,10,10,13,13,16,16,19,19,19,2,2,1,2,2,2,4
1803.0,1.803e-12,50.005764449783435,1.948523521242311,1.922316204735252,1.6650265239796038,1.9770807831005448,1.9428555351038548,1.9002631006521133,1,1,4,4,7,19,10,10,13,13,16,16,19,19,19,2,2,1,2,2,2,4
1803.5,1.8035000000000001e-12,50.02147321003546,1.949652477192216,1.9222547918619481,1.665588842142783,1.9760600963920103,1.94335311611923,1.9003447398623816,1,1,4,4,7,19,10,10,13,13,16,16,19,19,19,2,2,1,2,2,2,4
1804.0,1.8040000000000002e-12,50.037194994506585,1.9507592202965747,1.9222796461704288,1.666023607821198,1.9750445416512354,1.9438677817279366,1.9004520410541166,1,1,4,4,7,19,10,10,13,13,16,16,19,19,19,2,2,1,2,2,2,4
1804.5,1.8045000000000002e-12,50.05294872976561,1.9518444925700824,1.9223883547160692,1.6663207437302334,1.974032752886,1.9443990752911406,1.9005936493183484,1,1,4,4,7,19,10,10,13,13,16,16,19,19,19,2,2,1,2,2,2,4
1805.0,1.805e-12,50.06874788920886,1.9529092319790595,1.9225764077967396,1.666474303262294,1.973026530272774,1.9449426297552794,1.9007784797763032,1,1,4,4,7,19,10,10,13,13,16,16,19,19,19,2,2,1,2,2,2,4
1805.5,1.8055000000000001e-12,50.08460025642013,1.9539545803723366,1.9228375553829438,1.6664830951410288,1.9720304468680365,1.9454905459396845,1.9010146718945031,1,1,4,4,7,19,10,10,13,13,16,16,19,19,19,2,2,1,2,2,2,4
1806.0,1.8060000000000002e-12,50.10050797269386,1.9549818781999229,1.923164287741042,1.6663507099133796,1.9710510318764514,1.9460321091224484,1.9013086540182347,1,1,4,4,7,19,10,10,13,13,16,16,19,19,19,2,2,1,2,2,2,4
1806.5,1.8065000000000002e-12,50.11646765925332,1.9559926117623088,1.923548471854953,1.666084902239638,1.9700957025990216,1.9465548061598723,1.9016644441079027,1,1,4,4,7,19,10,10,13,13,16,16,19,19,19,2,2,1,2,2,2,4
1807.0,1.807e-12,50.13247062934258,1.9569883445290772,1.9239819959966031,1.6656965736019365,1.9691715838261863,1.947045606510212,1.9020831981489266,1,1,4,4,7,19,10,10,13,13,16,16,19,19,19,2,2,1,2,2,2,4
1807.5,1.8075000000000001e-12,50.14850320092581,1.9579706263795555,1.9244574491668323,1.665198441202818,1.9682843802990473,1.9474923911155448,1.9025630777718316,1,1,4,4,7,19,10,10,13,13,16,16,19,19,19,2,2,1,2,2,2,4
1808.0,1.8080000000000002e-12,50.16454726863929,1.958940902962745,1.9249687377537559,1.6646036254428087,1.9674374127917644,1.947885372907472,1.9030994369573893,1,1,4,4,7,19,10,10,13,13,16,16,19,19,19,2,2,1,2,2,2,4
1808.5,1.8085000000000002e-12,50.18058129665735,1.9599004410066059,1.9255115464982895,1.663924336500528,1.9666308907909045,1.9482183098249548,1.9036853076030604,1,1,4,4,7,19,10,10,13,13,16,16,19,19,19,2,2,1,2,2,2,4
1809.0,1.809e-12,50.19658186881789,1.9608502698404267,1.9260835603925008,1.6631708023631429,1.9658614856143668,1.9484893052024312,1.904312141739443,1,1,4,4,7,19,10,10,13,13,16,16,19,19,19,2,2,1,2,2,2,4
1809.5,1.8095000000000001e-12,50.212525823910696,1.9617911910637023,1.9266843689220494,1.6623505628249284,1.9651221634982055,1.948701043704502,1.9049707029564154,1,1,4,4,7,19,10,10,13,13,16,16,19,19,19,2,2,1,2,2,2,4
1810.0,1.8100000000000002e-12,50.22839277001873,1.962723765126138,1.927315109688034,1.66146810438073,1.964402413269152,1.948860405702978,1.9056520716742567,1,1,4,4,7,19,10,10,13,13,16,16,19,19,19,2,2,1,2,2,2,4
1810.5,1.8105000000000002e-12,50.24416765309484,1.9636482949847633,1.9279778417274833,1.6605249706030074,1.9636887914022008,1.9489775246872594,1.906348599942335,1,1,4,4,7,19,10,10,13,13,16,16,19,19,19,2,2,1,2,2,2,4
1811.0,1.811e-12,50.25984281435436,1.964564817377524,1.9286748318503777,1.6595202375751519,1.962965798928631,1.9490645159664461,1.9070546938017237,1,1,4,4,7,19,10,10,13,13,16,16,19,19,19,2,2,1,2,2,2,4
1811.5,1.8115000000000001e-12,50.2754190642356,1.9654730551126782,1.9294078133095516,1.6584513964244583,1.962217033543757,1.9491340150904475,1.9077673798093573,1,1,4,4,7,19,10,10,13,13,16,16,19,19,19,2,2,1,2,2,2,4
1812.0,1.8120000000000002e-12,50.2909054275395,1.9663723521937133,1.9301773489845828,1.6573155384578628,1.9614265376888842,1.949197780336972,1.9084865508878073,1,1,4,4,7,19,10,10,13,13,16,16,19,19,19,2,2,1,2,2,2,4
1812.5,1.8125000000000002e-12,50.30631758369483,1.9672616072671392,1.9309823626920075,1.6561107187798583,1.9605801971601398,1.9492654980780963,1.9092148663421122,1,1,4,4,7,19,10,10,13,13,16,16,19,19,19,2,2,1,2,2,2,4
1813.0,1.813e-12,50.3216753978163,1.968139231661539,1.931819881036749,1.6548373049973641,1.9596670232433755,1.9493438705805437,1.9099573243754306,1,1,4,4,7,19,10,10,13,13,16,16,19,19,19,2,2,1,2,2,2,4
1813.5,1.8135e-12,50.33700018796184,1.969003147288995,1.932684957304103,1.6534991510436259,1.9586801040879855,1.949436080863276,1.9107205063855282,1,1,4,4,7,19,10,10,13,13,16,16,19,19,19,2,2,1,2,2,2,4
1814.0,1.8140000000000001e-12,50.35231233691028,1.9698508470012568,1.9335708130231986,1.6521043132834559,1.9576171233989754,1.9495415583061613,1.9115116713921967,1,1,4,4,7,19,10,10,13,13,16,16,19,19,19,2,2,1,2,2,2,4
1814.5,1.8145000000000002e-12,50.36762962049635,1.9706794957330704,1.9344691336247097,1.6506652138881797,1.9564803595612992,1.9496561116879538,1.9123377424396655,1,1,4,4,7,19,10,10,13,13,16,16,19,19,19,2,2,1,2,2,2,4
1815.0,1.815e-12,50.382966218369255,1.9714860523526534,1.935370547603369,1.6491981391159296,1.9552762048253753,1.949772399708534,1.9132043544627833,1,1,4,4,7,19,10,10,13,13,16,16,19,19,19,2,2,1,2,2,2,4
1815.5,1.8155e-12,50.398332263546926,1.9722673874758574,1.9362651812883906,1.647722265304244,1.9540142973094126,1.9498807321519696,1.9141150263886848,1,1,4,4,7,19,10,10,13,13,16,16,19,19,19,2,2,1,2,2,2,4
1816.0,1.8160000000000001e-12,50.413733634777685,1.9730203690241634,1.9371433048067774,1.6462583158620803,1.9527064334172244,1.9499701490652692,1.915070571729171,1,1,4,4,7,19,10,10,13,13,16,16,19,19,19,2,2,1,2,2,2,4
1816.5,1.8165000000000002e-12,50.42917181322583,1.9737419111247265,1.9379960124601514,1.6448270791186863,1.9513654047274012,1.9500297064131478,1.9160687964560006,1,1,4,4,7,19,10,10,13,13,16,16,19,19,19,2,2,1,2,2,2,4
1817.0,1.8170000000000002e-12,50.44464374898986,1.9744289915526725,1.9388158800229516,1.6434479833083353,1.9500038814390912,1.950049847740526,1.9171045144404704,1,1,4,4,7,19,10,10,13,13,16,16,19,19,19,2,2,1,2,2,2,4
1817.5,1.8175e-12,50.460141811192436,1.9750786505338698,1.9395975171411313,1.6421378834118894,1.9486334293044871,1.9500236942823344,1.9181698802561624,1,1,4,4,7,19,10,10,13,13,16,16,19,19,19,2,2,1,2,2,2,4
1818.0,1.8180000000000001e-12,50.475653997898746,1.9756879821711357,1.9403379307812085,1.6409101518207678,1.9472637215811757,1.9499480597273664,1.9192550176411538,1,1,4,4,7,19,10,10,13,13,16,16,19,19,19,2,2,1,2,2,2,4
1818.5,1.8185000000000002e-12,50.4911646519399,1.9762541654738284,1.941036584346287,1.6397741854441423,1.9459019501980066,1.949824001933559,1.9203488772118098,1,1,4,4,7,19,10,10,13,13,16,16,19,19,19,2,2,1,2,2,2,4
1819.0,1.8190000000000002e-12,50.50665578897367,1.9767744679749706,1.941695182123271,1.6387352668914914,1.9445525376464525,1.94965680778371,1.9214402461899207,1,1,4,4,7,19,10,10,13,13,16,16,19,19,19,2,2,1,2,2,2,4
1819.5,1.8195e-12,50.52210913912138,1.9772462663834898,1.9423171202955927,1.637794910985177,1.9432171271417933,1.949455397785862,1.9225187773893788,1,1,4,4,7,19,10,10,13,13,16,16,19,19,19,2,2,1,2,2,2,4
1820.0,1.8200000000000003e-12,50.537508692533514,1.977667057516777,1.9429067734599839,1.6369515620840114,1.9418949137439603,1.9492312719472031,1.9235759264568022,1,1,4,4,7,19,10,10,13,13,16,16,19,19,19,2,2,1,2,2,2,4
1820.5,1.8205e-12,50.55284339626102,1.978034459114546,1.9434686991252912,1.6362016342168226,1.9405833046505037,1.948997170996022,1.924605679752707,1,1,4,4,7,19,10,10,13,13,16,16,19,19,19,2,2,1,2,2,2,4
1821.0,1.821e-12,50.56810953200125,1.9783461975089336,1.9440068376918211,1.6355408453335123,1.9392788683518556,1.9487656587888156,1.9256049960200214,1,1,4,4,7,19,10,10,13,13,16,16,19,19,19,2,2,1,2,2,2,4
1821.5,1.8215000000000003e-12,50.5833121368938,1.9786000875599474,1.9445238855823406,1.634965591536327,1.937978500449218,1.9485478280267148,1.9265738982128755,1,1,4,4,7,19,10,10,13,13,16,16,19,19,19,2,2,1,2,2,2,4
1822.0,1.822e-12,50.59846504048991,1.9787940373244242,1.9450209054474812,1.6344741543594965,1.9366806411630737,1.9483522543626635,1.9275152199171173,1,1,4,4,7,19,10,10,13,13,16,16,19,19,19,2,2,1,2,2,2,4
1822.5,1.8225e-12,50.61358946310788,1.9789260746817667,1.9454971243660175,1.6340676123507454,1.9353863349644937,1.9481842401974938,1.9284340458330185,1,1,4,4,7,19,10,10,13,13,16,16,19,19,19,2,2,1,2,2,2,4
1823.0,1.8230000000000002e-12,50.62871148377254,1.9789944289173704,1.945949950195537,1.6337502464691196,1.9340999306562268,1.9480453981594172,1.929336896521045,1,1,4,4,7,19,10,10,13,13,16,16,19,19,19,2,2,1,2,2,2,4
1823.5,1.8235e-12,50.64385900469044,1.9789976386449841,1.9463752001324857,1.633529327819704,1.9328293062210107,1.9479335741500268,1.9302307682631763,1,1,4,4,7,19,10,10,13,13,16,16,19,19,19,2,2,1,2,2,2,4
1824.0,1.8240000000000003e-12,50.6590589383495,1.978934673702256,1.9467674837779285,1.633414349662417,1.9315855440914549,1.9478431006342372,1.9311221428053662,1,1,4,4,7,19,10,10,13,13,16,16,19,19,19,2,2,1,2,2,2,4
1824.5,1.8245e-12,50.674335076633874,1.9788050421029308,1.9471207191377549,1.6334158315182952,1.9303821216378867,1.9477653731695623,1.932016088806438,1,1,4,4,7,19,10,10,13,13,16,16,19,19,19,2,2,1,2,2,2,4
1825.0,1.825e-12,50.689706794647876,1.9786088778847537,1.947428705984626,1.6335439472538225,1.9292337537805204,1.9476897417051282,1.9329155278116852,1,1,4,4,7,19,10,10,13,13,16,16,19,19,19,2,2,1,2,2,2,4
1825.5,1.8255000000000002e-12,50.70518832646596,1.9783469440759287,1.9476858062052076,1.633807077234727,1.928155118434823,1.9476046429340685,1.933820785060768,1,1,4,4,7,19,10,10,13,13,16,16,19,19,19,2,2,1,2,2,2,4
1826.0,1.826e-12,50.720788412972816,1.9780206142354144,1.9478875755400011,1.6342105957333373,1.9271595692806827,1.9474989081118121,1.9347294237806931,1,1,4,4,7,19,10,10,13,13,16,16,19,19,19,2,2,1,2,2,2,4
1826.5,1.8265e-12,50.736510041563925,1.977631807342036,1.9480313416331378,1.634755945769241,1.9262580045674558,1.9473630981945043,1.935636411294445,1,1,4,4,7,19,10,10,13,13,16,16,19,19,19,2,2,1,2,2,2,4
1827.0,1.827e-12,50.752350220856805,1.977182898262348,1.9481166411380388,1.6354400827551576,1.9254579703414674,1.9471906976527604,1.9365346027796713,1,1,4,4,7,19,10,10,13,13,16,16,19,19,19,2,2,1,2,2,2,4
1827.5,1.8275e-12,50.76829993978648,1.9766766420179125,1.9481453783074398,1.6362553980017185,1.924763016430801,1.9469789727472457,1.9374154871315792,1,1,4,4,7,19,10,10,13,13,16,16,19,19,19,2,2,1,2,2,2,4
1828.0,1.8280000000000003e-12,50.784344427217036,1.9761160687887611,1.948121767373634,1.6371899908430894,1.9241723923260574,1.946729354926383,1.9382701490768262,1,1,4,4,7,19,10,10,13,13,16,16,19,19,19,2,2,1,2,2,2,4
1828.5,1.8285e-12,50.800464000934014,1.9755043948092983,1.9480519266931406,1.6382284287368294,1.9236810656579262,1.9464472505723318,1.939090302862364,1,1,4,4,7,19,10,10,13,13,16,16,19,19,19,2,2,1,2,2,2,4
1829.0,1.829e-12,50.81663557648552,1.9748449298333763,1.9479432323484644,1.6393528839992453,1.9232800896085847,1.9461413264387517,1.9398692732433174,1,1,4,4,7,19,10,10,13,13,16,16,19,19,19,2,2,1,2,2,2,4
1829.5,1.8295000000000002e-12,50.83283476155243,1.9741409626232842,1.9478035615123808,1.6405445042216404,1.9229573427236815,1.9458223928091627,1.9406028112315192,1,1,4,4,7,19,10,10,13,13,16,16,19,19,19,2,2,1,2,2,2,4
1830.0,1.83e-12,50.849038397239696,1.9733956501096501,1.9476404790456086,1.6417849898756818,1.9226985681412554,1.945502070733247,1.9412896175229195,1,1,4,4,7,19,10,10,13,13,16,16,19,19,19,2,2,1,2,2,2,4
1830.5,1.8305000000000003e-12,50.86522712489905,1.9726119093778005,1.947460578577866,1.6430580048432333,1.9224886698560872,1.9451914579331926,1.941931528571082,1,1,4,4,7,19,10,10,13,13,16,16,19,19,19,2,2,1,2,2,2,4
1831.0,1.831e-12,50.88138758229813,1.9717923278325349,1.947269006864531,1.6443503099576837,1.9223130944901736,1.944899944085629,1.9425333473099056,1,1,4,4,7,19,10,10,13,13,16,16,19,19,19,2,2,1,2,2,2,4
1831.5,1.8315e-12,50.89751376425007,1.9709391098915685,1.9470692245024954,1.6456524121568912,1.9221591205687827,1.9446342843623001,1.9431023466047088,1,1,4,4,7,19,10,10,13,13,16,16,19,19,19,2,2,1,2,2,2,4
1832.0,1.8320000000000003e-12,50.91360724356667,1.9700540647616316,1.9468629774563506,1.6469586546605746,1.9220168662278934,1.94439797390874,1.943647506530282,1,1,4,4,7,19,10,10,13,13,16,16,19,19,19,2,2,1,2,2,2,4
1832.5,1.8325e-12,50.92967614676759,1.9691386404084246,1.9466505213406173,1.6482666445503398,1.9218798842762255,1.944190966092075,1.944178567229425,1,1,4,4,7,19,10,10,13,13,16,16,19,19,19,2,2,1,2,2,2,4
1833.0,1.833e-12,50.94573326123412,1.9681939935462134,1.9464309158526485,1.6495763262732603,1.9217452395515082,1.9440096939753233,1.944705004966468,1,1,4,4,7,19,10,10,13,13,16,16,19,19,19,2,2,1,2,2,2,4
1833.5,1.8335000000000002e-12,50.961793673515565,1.9672210756463835,1.9462024623845378,1.6508886974241517,1.9216131484650854,1.9438474257568168,1.945235043530065,1,1,4,4,7,19,10,10,13,13,16,16,19,19,19,2,2,1,2,2,2,4
1834.0,1.834e-12,50.97787249071057,1.9662207128157423,1.945963200036249,1.6522044603431658,1.9214862534317547,1.943694927048311,1.945774804827327,1,1,4,4,7,19,10,10,13,13,16,16,19,19,19,2,2,1,2,2,2,4
1834.5,1.8345000000000003e-12,50.99398300836442,1.965193664917304,1.9457114210008146,1.653522796158289,1.9213686917001973,1.943541406222943,1.9463276916256305,1,1,4,4,7,19,10,10,13,13,16,16,19,19,19,2,2,1,2,2,2,4
1835.0,1.835e-12,51.01013539613651,1.9641406613673067,1.9454462328404665,1.654840347123977,1.9212651092741841,1.9433756872384016,1.946894082436484,1,1,4,4,7,19,10,10,13,13,16,16,19,19,19,2,2,1,2,2,2,4
1835.5,1.8355e-12,51.02633585838792,1.9630624019488863,1.9451680280139294,1.656150600639968,1.9211797366415777,1.9431875137328147,1.9474713517405624,1,1,4,4,7,19,10,10,13,13,16,16,19,19,19,2,2,1,2,2,2,4
1836.0,1.8360000000000003e-12,51.04258604706449,1.9619595519960036,1.9448788820808038,1.6574436433174096,1.9211156112812713,1.9429688490176267,1.9480542329208168,1,1,4,4,7,19,10,10,13,13,16,16,19,19,19,2,2,1,2,2,2,4
1836.5,1.8365e-12,51.05888261571649,1.960832728311742,1.9445827723474898,1.6587063487007645,1.921073988632455,1.9427149945869469,1.9486354733998503,1,1,4,4,7,19,10,10,13,13,16,16,19,19,19,2,2,1,2,2,2,4
1837.0,1.837e-12,51.07521685378953,1.9596824719126191,1.9442856149303271,1.6599228970636997,1.9210540081636611,1.9424253148198298,1.9492067511916595,1,1,4,4,7,19,10,10,13,13,16,16,19,19,19,2,2,1,2,2,2,4
1837.5,1.8375e-12,51.09157457941274,1.958509237034764,1.9439949915669419,1.6610757706271473,1.9210525666716571,1.9421034816565155,1.9497596834739115,1,1,4,4,7,19,10,10,13,13,16,16,19,19,19,2,2,1,2,2,2,4
1838.0,1.838e-12,51.107936388410856,1.957313357112562,1.9437196445426919,1.662147028953541,1.9210644593232051,1.9417571403791876,1.95028683890609,1,1,4,4,7,19,10,10,13,13,16,16,19,19,19,2,2,1,2,2,2,4
1838.5,1.8385000000000003e-12,51.124278385007955,1.9560949916148063,1.9434688141082064,1.6631197288265718,1.9210827887611508,1.9413970646694598,1.9507826153450043,1,1,4,4,7,19,10,10,13,13,16,16,19,19,19,2,2,1,2,2,2,4
1839.0,1.839e-12,51.14057349600175,1.954854044869121,1.9432514761148258,1.6639794104352184,1.921099645350136,1.9410359142732918,1.9512438863985706,1,1,4,4,7,19,10,10,13,13,16,16,19,19,19,2,2,1,2,2,2,4
1839.5,1.8395e-12,51.15679329847513,1.953590093565617,1.9430756533789728,1.6647153102956511,1.921107005422963,1.940686842968096,1.9516703133716975,1,1,4,4,7,19,10,10,13,13,16,16,19,19,19,2,2,1,2,2,2,4
1840.0,1.8400000000000002e-12,51.172910311935,1.9523023235245707,1.942947866449249,1.6653211692399958,1.9210977832969247,1.940362122778474,1.9520643260297057,1,1,4,4,7,19,10,10,13,13,16,16,19,19,19,2,2,1,2,2,2,4
1840.5,1.8405e-12,51.1889005562905,1.950989502984923,1.942872788912783,1.6657954817987353,1.9210669166744698,1.9400719440363408,1.9524307872433886,1,1,4,4,7,19,10,10,13,13,16,16,19,19,19,2,2,1,2,2,2,4
1841.0,1.8410000000000003e-12,51.20474605176981,1.9496500110115795,1.94285312354941,1.6661411492717835,1.9210123270630113,1.9398234916655597,1.9527763934840705,1,1,4,4,7,19,10,10,13,13,16,16,19,19,19,2,2,1,2,2,2,4
1841.5,1.8415e-12,51.220436830175416,1.9482819268530267,1.9428896694596758,1.6663646193586925,1.9209355915471582,1.9396203502028317,1.9531088710335434,1,1,4,4,7,19,10,10,13,13,16,16,19,19,19,2,2,1,2,2,2,4
1842.0,1.842e-12,51.23597198303447,1.9468831642610207,1.9429815803876596,1.6664746131944448,1.920842240816193,1.9394622308056113,1.953436098252327,1,1,4,4,7,19,10,10,13,13,16,16,19,19,19,2,2,1,2,2,2,4
1842.5,1.8425000000000003e-12,51.2513595163533,1.9454516603544125,1.9431267097210525,1.6664807257639564,1.9207415578001819,1.9393450611060674,1.9537651790229853,1,1,4,4,7,19,10,10,13,13,16,16,19,19,19,2,2,1,2,2,2,4
1843.0,1.843e-12,51.2666150225102,1.9439855761679414,1.9433219965113622,1.6663920619819155,1.9206459530626665,1.939261416766495,1.954101590568607,1,1,4,4,7,19,10,10,13,13,16,16,19,19,19,2,2,1,2,2,2,4
1843.5,1.8435e-12,51.281759436240954,1.942483456544319,1.9435639462601717,1.6662160432238302,1.9205700295486394,1.9392012790410575,1.9544485382157972,1,1,4,4,7,19,10,10,13,13,16,16,19,19,19,2,2,1,2,2,2,4
1844.0,1.8440000000000002e-12,51.29681646153646,1.9409443877157888,1.943849081860311,1.6659575441461436,1.9205294357887135,1.9391530962377148,1.954806528195921,1,1,4,4,7,19,10,10,13,13,16,16,19,19,19,2,2,1,2,2,2,4
1844.5,1.8445e-12,51.31181014118248,1.9393680958679986,1.9441743811966372,1.6656184222207546,1.920539664876561,1.9391050791928253,1.9551732434383833,1,1,4,4,7,19,10,10,13,13,16,16,19,19,19,2,2,1,2,2,2,4
1845.0,1.8450000000000003e-12,51.326762891386565,1.9377549929584126,1.9445376519846946,1.6651974796003357,1.9206149192990691,1.939046615667543,1.9555437342546969,1,1,4,4,7,19,10,10,13,13,16,16,19,19,19,2,2,1,2,2,2,4
1845.5,1.8455e-12,51.341694084250314,1.9361061789202694,1.9449377969257569,1.6646908546309829,1.9207671277120941,1.938969631596355,1.955910912162217,1,1,4,4,7,19,10,10,13,13,16,16,19,19,19,2,2,1,2,2,2,4
1846.0,1.846e-12,51.35661908620291,1.9344234059673346,1.9453749020120856,1.6640928254915939,1.9210051783463535,1.9388697037876608,1.9562662887441162,1,1,4,4,7,19,10,10,13,13,16,16,19,19,19,2,2,1,2,2,2,4
1846.5,1.8465000000000003e-12,51.37154857665263,1.9327090299920358,1.9458501672992037,1.663396894742221,1.9213344090847793,1.9387467168407264,1.956600903046132,1,1,4,4,7,19,10,10,13,13,16,16,19,19,19,2,2,1,2,2,2,4
1847.0,1.847e-12,51.38648812379398,1.9309659304880031,1.946365554392613,1.6625971764306342,1.9217563807764428,1.938604940178419,1.9569062826701513,1,1,4,4,7,19,10,10,13,13,16,16,19,19,19,2,2,1,2,2,2,4
1847.5,1.8475e-12,51.40143795639209,1.9291974221141919,1.9469232706110298,1.6616898198546655,1.9222689591778301,1.9384524894801642,1.9571753391739108,1,1,4,4,7,19,10,10,13,13,16,16,19,19,19,2,2,1,2,2,2,4
1848.0,1.8480000000000002e-12,51.41639300778569,1.9274071371174315,1.9475251536283695,1.6606742889422663,1.922866720941831,1.9383002726886318,1.9574030942976597,1,1,4,4,7,19,10,10,13,13,16,16,19,19,19,2,2,1,2,2,2,4
1848.5,1.8485e-12,51.431343338272114,1.9255988842911085,1.94817206466785,1.6595542748506367,1.9235416805291687,1.938160596766448,1.9575871633521331,1,1,4,4,7,19,10,10,13,13,16,16,19,19,19,2,2,1,2,2,2,4
1849.0,1.8490000000000003e-12,51.44627507566709,1.923776515796338,1.9488633478286914,1.6583381375654616,1.924284269802734,1.9380456509454669,1.9577279448734728,1,1,4,4,7,19,10,10,13,13,16,16,19,19,19,2,2,1,2,2,2,4
1849.5,1.8495e-12,51.46117192965729,1.9219437941947901,1.9495964873899596,1.65703871411319,1.9250845057165809,1.9379660887980106,1.9578285159689743,1,1,4,4,7,19,10,10,13,13,16,16,19,19,19,2,2,1,2,2,2,4
1850.0,1.85e-12,51.4760173160184,1.920104327494911,1.950366967897333,1.655672576358762,1.9259331431120994,1.937929845528602,1.9578942679472597,1,1,4,4,7,19,10,10,13,13,16,16,19,19,19,2,2,1,2,2,2,4
1850.5,1.8505000000000002e-12,51.49079693994186,1.9182615558830725,1.9511683480503463,1.6542588408314682,1.926822663364381,1.9379412814107402,1.9579323241125353,1,1,4,4,7,19,10,10,13,13,16,16,19,19,19,2,2,1,2,2,2,4
1851.0,1.851e-12,51.5055014938537,1.9164188034425478,1.9519925139197967,1.6528177292861592,1.9277479256008396,1.9380006889259327,1.9579507957849729,1,1,4,4,7,19,10,10,13,13,16,16,19,19,19,2,2,1,2,2,2,4
1851.5,1.8515000000000003e-12,51.52012893259919,1.9145793759610892,1.952830082827032,1.6513690600191038,1.9287063821250405,1.9381041757529203,1.9579579502079287,1,1,4,4,7,19,10,10,13,13,16,16,19,19,19,2,2,1,2,2,2,4
1852.0,1.852e-12,51.53468582441863,1.9127466862372218,1.9536708462419772,1.6499309266810906,1.9296978372485685,1.9382439066474126,1.9579613644286604,1,1,4,4,7,19,10,10,13,13,16,16,19,19,19,2,2,1,2,2,2,4
1852.5,1.8525e-12,51.54918732580599,1.910924371988101,1.9545043058679836,1.648518584161993,1.9307238366301485,1.9384087248032322,1.9579671578853797,1,1,4,4,7,19,10,10,13,13,16,16,19,19,19,2,2,1,2,2,2,4
1853.0,1.8530000000000003e-12,51.56365585126382,1.9091163769309838,1.955320164529738,1.6471437702444702,1.9317868179134199,1.9385851071104463,1.9579793756517516,1,1,4,4,7,19,10,10,13,13,16,16,19,19,19,2,2,1,2,2,2,4
1853.5,1.8535e-12,51.578118731297295,1.9073270044571018,1.95610886284563,1.6458143562453968,1.9328891440871556,1.9387584412824463,1.9579996101299786,1,1,4,4,7,19,10,10,13,13,16,16,19,19,19,2,2,1,2,2,2,4
1854.0,1.854e-12,51.59260553555692,1.905560913333553,1.9568619978114867,1.6445345332202315,1.9340321826716904,1.938914497801786,1.9580268875285909,1,1,4,4,7,19,10,10,13,13,16,16,19,19,19,2,2,1,2,2,2,4
1854.5,1.8545000000000002e-12,51.60714555139225,1.903823066112443,1.9575726763694812,1.643305405199306,1.9352155138846723,1.939040978010864,1.958057846479349,1,1,4,4,7,19,10,10,13,13,16,16,19,19,19,2,2,1,2,2,2,4
1855.0,1.855e-12,51.62176576011625,1.9021186384180477,1.9582357425343926,1.642125963913921,1.9364363329089993,1.939128933182285,1.9580871920592602,1,1,4,4,7,19,10,10,13,13,16,16,19,19,19,2,2,1,2,2,2,4
1855.5,1.8555000000000003e-12,51.63648937134742,1.9004529035836142,1.9588478507377285,1.6409943223015289,1.9376890847707458,1.9391738400651413,1.958108373144882,1,1,4,4,7,19,10,10,13,13,16,16,19,19,19,2,2,1,2,2,2,4
1856.0,1.856e-12,51.65133487155615,1.898831091686275,1.9594072920706582,1.6399091586075698,1.9389653398570177,1.9391761137167112,1.9581144056420363,1,1,4,4,7,19,10,10,13,13,16,16,19,19,19,2,2,1,2,2,2,4
1856.5,1.8565e-12,51.66631533659539,1.8972582575924675,1.9599136891440876,1.6388710042533685,1.9402539294812589,1.9391409929955037,1.9580987270515815,1,1,4,4,7,19,10,10,13,13,16,16,19,19,19,2,2,1,2,2,2,4
1857.0,1.8570000000000003e-12,51.68143800225774,1.895739139265963,1.9603674724700293,1.6378833479289514,1.9415413174424012,1.9390777655049976,1.9580559852003714,1,1,4,4,7,19,10,10,13,13,16,16,19,19,19,2,2,1,2,2,2,4
1857.5,1.8575e-12,51.69670393114398,1.8942780157963335,1.9607693645539948,1.6369531669334374,1.9428122537874484,1.9389985199111965,1.957982664884616,1,1,4,4,7,19,10,10,13,13,16,16,19,19,19,2,2,1,2,2,2,4
1858.0,1.858e-12,51.712107908274724,1.8928785678726987,1.9611198244004706,1.6360909659527854,1.9440506230399852,1.938916603811,1.957877493772664,1,1,4,4,7,19,10,10,13,13,16,16,19,19,19,2,2,1,2,2,2,4
1858.5,1.8585000000000002e-12,51.7276385777403,1.8915437577315841,1.9614186251802506,1.6353101916643433,1.9452404613618521,1.9388450452429238,1.9577415944007681,1,1,4,4,7,19,10,10,13,13,16,16,19,19,19,2,2,1,2,2,2,4
1859.0,1.859e-12,51.743278957551986,1.89027574359023,1.9616646037995955,1.634626146622241,1.9463670424809223,1.9387951282410167,1.9575783825871795,1,1,4,4,7,19,10,10,13,13,16,16,19,19,19,2,2,1,2,2,2,4
1859.5,1.8595000000000003e-12,51.75900747153606,1.8890758494298188,1.9618556079720733,1.6340545840768028,1.947417907819306,1.9387752541796042,1.9573932270777203,1,1,4,4,7,19,10,10,13,13,16,16,19,19,19,2,2,1,2,2,2,4
1860.0,1.86e-12,51.77479960100511,1.8879446027851874,1.9619886297554716,1.6336101942940686,1.9483837118054785,1.9387901577364628,1.9571929050437291,1,1,4,4,7,19,10,10,13,13,16,16,19,19,19,2,2,1,2,2,2,4
1860.5,1.8605e-12,51.79063013592869,1.8868818524166566,1.962060101945538,1.633305161810053,1.949258766815605,1.9388405009207141,1.9569849067891671,1,1,4,4,7,19,10,10,13,13,16,16,19,19,19,2,2,1,2,2,2,4
1861.0,1.8610000000000002e-12,51.806475867838074,1.885886913913796,1.9620662437995244,1.633148043401516,1.9500412348596017,1.9389228451547018,1.9567766470119667,1,1,4,4,7,19,10,10,13,13,16,16,19,19,19,2,2,1,2,2,2,4
1861.5,1.8615e-12,51.822318237530226,1.8849587853003251,1.962003511385453,1.6331429263354622,1.9507329433053122,1.9390300056193346,1.9565746677147278,1,1,4,4,7,19,10,10,13,13,16,16,19,19,19,2,2,1,2,2,2,4
1862.0,1.8620000000000003e-12,51.83814546058373,1.88409635866505,1.9618690281281366,1.6332890526604793,1.951338879260698,1.9391517780565688,1.9563839133824976,1,1,4,4,7,19,10,10,13,13,16,16,19,19,19,2,2,1,2,2,2,4
1862.5,1.8625e-12,51.85395361856325,1.883298612492642,1.9616609844697122,1.6335809069167129,1.951866449925785,1.939276001306837,1.9562071667984051,1,1,4,4,7,19,10,10,13,13,16,16,19,19,19,2,2,1,2,2,2,4
1863.0,1.863e-12,51.869746463838204,1.8825647288928284,1.9613789998171332,1.6340087601595445,1.9523246240286327,1.9393899264013312,1.9560447123150564,1,1,4,4,7,19,10,10,13,13,16,16,19,19,19,2,2,1,2,2,2,4
1863.5,1.8635000000000003e-12,51.885534014450485,1.8818941809363596,1.9610244486392934,1.634559588604808,1.9527230243253235,1.9394817843327614,1.9558942595625668,1,1,4,4,7,19,10,10,13,13,16,16,19,19,19,2,2,1,2,2,2,4
1864.0,1.864e-12,51.90133039981197,1.8812867775500213,1.9606006678421242,1.6352183589255347,1.9530710503029554,1.9395423611048073,1.9557511498387632,1,1,4,4,7,19,10,10,13,13,16,16,19,19,19,2,2,1,2,2,2,4
1864.5,1.8645e-12,51.91715150589689,1.8807426026353264,1.9601129942768742,1.6359695631002251,1.9533771240249362,1.9395663837177353,1.9556088409699401,1,1,4,4,7,19,10,10,13,13,16,16,19,19,19,2,2,1,2,2,2,4
1865.0,1.8650000000000002e-12,51.93301282000132,1.8802619490732966,1.9595686552171903,1.6367987146729586,1.9536480907669476,1.9395534641411718,1.9554595913896797,1,1,4,4,7,19,10,10,13,13,16,16,19,19,19,2,2,1,2,2,2,4
1865.5,1.8655e-12,51.948927755824805,1.879845252994551,1.958976470973275,1.637693630897516,1.953888795823073,1.9395083980254864,1.9552952937025974,1,1,4,4,7,19,10,10,13,13,16,16,19,19,19,2,2,1,2,2,2,4
1866.0,1.8660000000000003e-12,51.96490652203721,1.87949298121681,1.958346337006075,1.6386453370459344,1.954101914911527,1.939440755931518,1.955108328314159,1,1,4,4,7,19,10,10,13,13,16,16,19,19,19,2,2,1,2,2,2,4
1866.5,1.8665e-12,51.980955405804686,1.8792055145826003,1.9576885546085263,1.6396484341198954,1.9542880363296349,1.93936384010099,1.954892321252086,1,1,4,4,7,19,10,10,13,13,16,16,19,19,19,2,2,1,2,2,2,4
1867.0,1.867e-12,51.997076287855656,1.8789830535169565,1.9570131408520464,1.6407008318442522,1.954446004953036,1.9392931653347731,1.954642758797729,1,1,4,4,7,19,10,10,13,13,16,16,19,19,19,2,2,1,2,2,2,4
1867.5,1.8675000000000003e-12,52.01326627342023,1.8788255281739108,1.9563291852611233,1.6418029477981153,1.9545735275727882,1.9392447384502727,1.954357375726918,1,1,4,4,7,19,10,10,13,13,16,16,19,19,19,2,2,1,2,2,2,4
1868.0,1.868e-12,52.029517390603836,1.8787325307059193,1.9556443561984005,1.6429565128120667,1.9546679925526447,1.9392333828509332,1.954036293112791,1,1,4,4,7,19,10,10,13,13,16,16,19,19,19,2,2,1,2,2,2,4
1868.5,1.8685e-12,52.045816426924766,1.8787032844794078,1.9549646076705423,1.6441631981257507,1.9547274069042087,1.9392712958714655,1.9536819068858475,1,1,4,4,7,19,10,10,13,13,16,16,19,19,19,2,2,1,2,2,2,4
1869.0,1.8690000000000002e-12,52.06214507026924,1.8787366585834364,1.9542941056225889,1.6454232561748168,1.9547513110985162,1.9393669578449808,1.953298535323738,1,1,4,4,7,19,10,10,13,13,16,16,19,19,19,2,2,1,2,2,2,4
1869.5,1.8695e-12,52.07848060752649,1.8788312385258379,1.9536353367108819,1.646734402309654,1.9547415159415684,1.9395244320645542,1.952891876649621,1,1,4,4,7,19,10,10,13,13,16,16,19,19,19,2,2,1,2,2,2,4
1870.0,1.8700000000000003e-12,52.09479732174526,1.8789854688474295,1.9529894252703008,1.6480909451301162,1.9547025221190768,1.9397431087840613,1.9524683093533268,1,1,4,4,7,19,10,10,13,13,16,16,19,19,19,2,2,1,2,2,2,4
1870.5,1.8705e-12,52.11106876597239,1.879197820305808,1.95235648604278,1.6494834145262631,1.9546415177113265,1.9400178273085391,1.9520341218624184,1,1,4,4,7,19,10,10,13,13,16,16,19,19,19,2,2,1,2,2,2,4
1871.0,1.871e-12,52.12727066431284,1.8794669851231145,1.9517360595253304,1.6508985844506225,1.954567966677817,1.9403394143270687,1.9515947479181401,1,1,4,4,7,19,10,10,13,13,16,16,19,19,19,2,2,1,2,2,2,4
1871.5,1.8715000000000003e-12,52.14338398060551,1.8797920619384834,1.9511275816506015,1.6523198931803336,1.954492860753845,1.9406956068497876,1.9511540973768287,1,1,4,4,7,19,10,10,13,13,16,16,19,19,19,2,2,1,2,2,2,4
1872.0,1.872e-12,52.15939755235448,1.8801727007863032,1.9505307846746351,1.6537283549738546,1.9544277242648431,1.9410723116602675,1.9507140548803483,1,1,4,4,7,19,10,10,13,13,16,16,19,19,19,2,2,1,2,2,2,4
1872.5,1.8725e-12,52.1753095430809,1.8806091887720746,1.9499461096964703,1.6551037382047686,1.9543835525443451,1.941455142957053,1.950274216498255,1,1,4,4,7,19,10,10,13,13,16,16,19,19,19,2,2,1,2,2,2,4
1873.0,1.873e-12,52.19112738701221,1.8811024640926288,1.9493750234961882,1.6564260235323325,1.9543697805859137,1.9418310874387017,1.949831901972263,1,1,4,4,7,19,10,10,13,13,16,16,19,19,19,2,2,1,2,2,2,4
1873.5,1.8735e-12,52.206866233779586,1.8816540778345465,1.9488202832014934,1.6576768434482312,1.9543933996874387,1.9421901116386449,1.9493824429045103,1,1,4,4,7,19,10,10,13,13,16,16,19,19,19,2,2,1,2,2,2,4
1874.0,1.8740000000000003e-12,52.22254647135369,1.882266092686681,1.9482859949479805,1.6588408779433468,1.954458269059661,1.9425264479627724,1.948919736564706,1,1,4,4,7,19,10,10,13,13,16,16,19,19,19,2,2,1,2,2,2,4
1874.5,1.8745e-12,52.23819097635004,1.8829409515543927,1.9477774919200825,1.6599068920202302,1.9545646837566062,1.9428393443856873,1.9484369937657644,1,1,4,4,7,19,10,10,13,13,16,16,19,19,19,2,2,1,2,2,2,4
1875.0,1.875e-12,52.25382269998191,1.8836813209733503,1.9473009935198813,1.6608682726184818,1.95470923183152,1.9431331142458839,1.9479275897719672,1,1,4,4,7,19,10,10,13,13,16,16,19,19,19,2,2,1,2,2,2,4
1875.5,1.8755000000000002e-12,52.269462883583536,1.8844899342527617,1.946863087880122,1.661722959473293,1.9548849516634264,1.9434164650760999,1.947385903223999,1,1,4,4,7,19,10,10,13,13,16,16,19,19,19,2,2,1,2,2,2,4
1876.0,1.876e-12,52.28512987803251,1.8853694377777312,1.9464700957688503,1.6624728053849207,1.955081780589952,1.9437012428076859,1.9468080290428909,1,1,4,4,7,19,10,10,13,13,16,16,19,19,19,2,2,1,2,2,2,4
1876.5,1.8765000000000003e-12,52.30083837740674,1.8863222303561962,1.9461274095888526,1.6631224994058282,1.9552873056083353,1.944000811472101,1.9461922796605968,1,1,4,4,7,19,10,10,13,13,16,16,19,19,19,2,2,1,2,2,2,4
1877.0,1.877e-12,52.316598799073326,1.8873503023187765,1.9458389493860044,1.6636781911100327,1.955487744809691,1.9443283437247116,1.9455394416565404,1,1,4,4,7,19,10,10,13,13,16,16,19,19,19,2,2,1,2,2,2,4
1877.5,1.8775e-12,52.332416690919885,1.8884550830472466,1.9456067819300262,1.6641460789928066,1.9556690750204455,1.9446952516546878,1.9448527629395083,1,1,4,4,7,19,10,10,13,13,16,16,19,19,19,2,2,1,2,2,2,4
1878.0,1.8780000000000003e-12,52.34829216357687,1.8896373163916358,1.945430957707446,1.6645311343894604,1.9558181804680914,1.945109918156064,1.9441376846246867,1,1,4,4,7,19,10,10,13,13,16,16,19,19,19,2,2,1,2,2,2,4
1878.5,1.8785e-12,52.36421948030249,1.8908969866220147,1.9453095703001475,1.6648361061337302,1.9559238678860293,1.945576816310916,1.9434013513381605,1,1,4,4,7,19,10,10,13,13,16,16,19,19,19,2,2,1,2,2,2,4
1879.0,1.879e-12,52.38018702287026,1.8922333143328312,1.9452390065277319,1.6650608975003238,1.9559776086761924,1.946096043530343,1.9426519444128412,1,1,4,4,7,19,10,10,13,13,16,16,19,19,19,2,2,1,2,2,2,4
1879.5,1.8795000000000002e-12,52.396177841242334,1.8936448343813834,1.9452143548600946,1.665202343763692,1.9559739118226176,1.9466632696019306,1.9418979047231715,1,1,4,4,7,19,10,10,13,13,16,16,19,19,19,2,2,1,2,2,2,4
1880.0,1.88e-12,52.41217098166466,1.895129524229579,1.9452298593907267,1.665254472787211,1.955910285481205,1.947270100418759,1.941147108143449,1,1,4,4,7,19,10,10,13,13,16,16,19,19,19,2,2,1,2,2,2,4
1880.5,1.8805000000000003e-12,52.428143550203636,1.8966849837173636,1.945279442783883,1.6652091418510258,1.9557868475487463,1.9479048092202893,1.9404061047657382,1,1,4,4,7,19,10,10,13,13,16,16,19,19,19,2,2,1,2,2,2,4
1881.0,1.881e-12,52.444073329346764,1.8983086304866412,1.9453572548960965,1.6650569967730806,1.9556056884373343,1.9485534221691854,1.9396794941863116,1,1,4,4,7,19,10,10,13,13,16,16,19,19,19,2,2,1,2,2,2,4
1881.5,1.8815e-12,52.4599415956195,1.899997850849678,1.9454581548180312,1.6647887520968745,1.955370089931033,1.9492010941100495,1.9389695146016466,1,1,4,4,7,19,10,10,13,13,16,16,19,19,19,2,2,1,2,2,2,4
1882.0,1.8820000000000003e-12,52.475735555770854,1.9017501012533,1.9455781522805813,1.6643965856066019,1.95508373009349,1.949833665821037,1.9382759049713516,1,1,4,4,7,19,10,10,13,13,16,16,19,19,19,2,2,1,2,2,2,4
1882.5,1.8825e-12,52.491449884067116,1.903562952302822,1.9457147608991228,1.6638754855236386,1.9547499579695535,1.9504392481086692,1.9375960657242035,1,1,4,4,7,19,10,10,13,13,16,16,19,19,19,2,2,1,2,2,2,4
1883.0,1.883e-12,52.507087040231106,1.9054340780336794,1.9458672291644494,1.6632243216988114,1.9543712079112951,1.9510096262771746,1.936925514672535,1,1,4,4,7,19,10,10,13,13,16,16,19,19,19,2,2,1,2,2,2,4
1883.5,1.8835000000000002e-12,52.52265644962579,1.907361196042874,1.9460365395108317,1.6624465633183145,1.9539485521615474,1.9515412501999836,1.9362585735726692,1,1,4,4,7,19,10,10,13,13,16,16,19,19,19,2,2,1,2,2,2,4
1884.0,1.884e-12,52.53817281855289,1.909341995473631,1.9462252271858507,1.6615503565430951,1.953481466271667,1.9520356368415932,1.9355892242399926,1,1,4,4,7,19,10,10,13,13,16,16,19,19,19,2,2,1,2,2,2,4
1884.5,1.8845000000000003e-12,52.55365411744349,1.911374042950989,1.946436957306129,1.6605480369757548,1.9529677959561098,1.9524990801639386,1.9349120022621107,1,1,4,4,7,19,10,10,13,13,16,16,19,19,19,2,2,1,2,2,2,4
1885.0,1.885e-12,52.569119629792695,1.9134546908184284,1.946675921282434,1.6594551212704127,1.95240393724135,1.9529417226464822,1.9342227942089592,1,1,4,4,7,19,10,10,13,13,16,16,19,19,19,2,2,1,2,2,2,4
1885.5,1.8855e-12,52.58458833452647,1.9155809815682998,1.9469461031047903,1.6582890247716986,1.9517852154385062,1.9533761386593238,1.933519442961035,1,1,4,4,7,19,10,10,13,13,16,16,19,19,19,2,2,1,2,2,2,4
1886.0,1.8860000000000002e-12,52.60007757857184,1.917749500324832,1.947250603019103,1.6570675762164329,1.9511065385092339,1.953815705187058,1.9328020756528481,1,1,4,4,7,19,10,10,13,13,16,16,19,19,19,2,2,1,2,2,2,4
1886.5,1.8865e-12,52.615602012448534,1.9199562636580207,1.947591041775148,1.6558076445197296,1.950363181275412,1.9542729708151598,1.9320731518009022,1,1,4,4,7,19,10,10,13,13,16,16,19,19,19,2,2,1,2,2,2,4
1887.0,1.8870000000000003e-12,52.63117265326876,1.9221966059835685,1.9479671624484811,1.6545239866813473,1.949551698197121,1.9547582344002898,1.9313372423205957,1,1,4,4,7,19,10,10,13,13,16,16,19,19,19,2,2,1,2,2,2,4
1887.5,1.8875e-12,52.646796035201554,1.9244651047489696,1.9483766616954081,1.6532284321320194,1.948670837922904,1.9552784540677848,1.9306005849963703,1,1,4,4,7,19,10,10,13,13,16,16,19,19,19,2,2,1,2,2,2,4
1888.0,1.888e-12,52.662473482123744,1.926755586503208,1.9488152611586678,1.6519294344354334,1.9477223181212395,1.9558365450961008,1.929870467775601,1,1,4,4,7,19,10,10,13,13,16,16,19,19,19,2,2,1,2,2,2,4
1888.5,1.8885000000000003e-12,52.67820065969786,1.9290612221390377,1.9492769329939732,1.6506321173633902,1.9467113026682994,1.9564310874974793,1.929154494346043,1,1,4,4,7,19,10,10,13,13,16,16,19,19,19,2,2,1,2,2,2,4
1889.0,1.889e-12,52.693967491647925,1.931374725355072,1.9497543287503516,1.6493386366766771,1.94564651905314,1.9570564279054599,1.9284598115253997,1,1,4,4,7,19,10,10,13,13,16,16,19,19,19,2,2,1,2,2,2,4
1889.5,1.8895e-12,52.709758626685534,1.9336886469962382,1.9502392801031354,1.6480489553175826,1.9445399317830776,1.9577031756110188,1.9277923502463232,1,1,4,4,7,19,10,10,13,13,16,16,19,19,19,2,2,1,2,2,2,4
1890.0,1.8900000000000002e-12,52.72555457633905,1.9359956943719656,1.950723320954354,1.6467619758329821,1.9434060451674775,1.958359055363059,1.9271561716910972,1,1,4,4,7,19,10,10,13,13,16,16,19,19,19,2,2,1,2,2,2,4
1890.5,1.8905e-12,52.741333507684544,1.9382890677873206,1.951198271533188,1.645476772998355,1.9422609156443238,1.9590100945583784,1.9265529971376105,1,1,4,4,7,19,10,10,13,13,16,16,19,19,19,2,2,1,2,2,2,4
1891.0,1.8910000000000003e-12,52.75707370492316,1.9405626939282714,1.9516567383034853,1.644193963675007,1.9411210580319684,1.9596420181902896,1.9259819896368908,1,1,4,4,7,19,10,10,13,13,16,16,19,19,19,2,2,1,2,2,2,4
1891.5,1.8915e-12,52.77275638432861,1.942811380876047,1.9520925651946825,1.6429168897297433,1.9400023399945066,1.960241754422036,1.9254398218654,1,1,4,4,7,19,10,10,13,13,16,16,19,19,19,2,2,1,2,2,2,4
1892.0,1.892e-12,52.788368408180276,1.9450308770990445,1.952501177892236,1.6416524370387315,1.938918974511025,1.9607988692396696,1.9249210469418665,1,1,4,4,7,19,10,10,13,13,16,16,19,19,19,2,2,1,2,2,2,4
1892.5,1.8925000000000003e-12,52.80390433568771,1.9472178500275945,1.9528797706031449,1.6404113318475093,1.9378826826727102,1.9613067272541542,1.9244187404641855,1,1,4,4,7,19,10,10,13,13,16,16,19,19,19,2,2,1,2,2,2,4
1893.0,1.893e-12,52.819367341589185,1.9493698126673789,1.9532273007916439,1.6392078141654498,1.9369020739453737,1.9617631874024033,1.9239253480549139,1,1,4,4,7,19,10,10,13,13,16,16,19,19,19,2,2,1,2,2,2,4
1893.5,1.8935e-12,52.83476888975481,1.9514850089608529,1.9535442025916627,1.6380588466779384,1.9359822663976096,1.9621706765357219,1.9234336184097838,1,1,4,4,7,19,10,10,13,13,16,16,19,19,19,2,2,1,2,2,2,4
1894.0,1.8940000000000002e-12,52.85012725597014,1.9535622903713024,1.9538319375991005,1.6369827929569007,1.9351247952612707,1.9625356496371067,1.9229375076737572,1,1,4,4,7,19,10,10,13,13,16,16,19,19,19,2,2,1,2,2,2,4
1894.5,1.8945e-12,52.86546544064339,1.955600966983753,1.9540923297684272,1.6359979857119533,1.9343278122034553,1.9628674979059773,1.9224329101700448,1,1,4,4,7,19,10,10,13,13,16,16,19,19,19,2,2,1,2,2,2,4
1895.0,1.8950000000000003e-12,52.88080886358724,1.9576006266181367,1.954326899535986,1.6351211986616059,1.9335866366374599,1.9631771349338958,1.9219181190721197,1,1,4,4,7,19,10,10,13,13,16,16,19,19,19,2,2,1,2,2,2,4
1895.5,1.8955e-12,52.89618329969984,1.9595609573341437,1.9545362022828066,1.6343663797695995,1.9328945599867313,1.9634754617110968,1.9213939853617288,1,1,4,4,7,19,10,10,13,13,16,16,19,19,19,2,2,1,2,2,2,4
1896.0,1.896e-12,52.91161315273658,1.961481571373635,1.9547193357408483,1.6337436721268712,1.9322438817961385,1.9637719429788947,1.9208637795350882,1,1,4,4,7,19,10,10,13,13,16,16,19,19,19,2,2,1,2,2,2,4
1896.5,1.8965000000000002e-12,52.927120067713844,1.9633618546297043,1.9548736647338565,1.6332588274394908,1.9316270510085616,1.9640734398438295,1.9203328098250323,1,1,4,4,7,19,10,10,13,13,16,16,19,19,19,2,2,1,2,2,2,4
1897.0,1.897e-12,52.94272178679354,1.965200871584786,1.9549947887745085,1.6329130453370682,1.9310377494222464,1.9643833842781353,1.9198078570095654,1,1,4,4,7,19,10,10,13,13,16,16,19,19,19,2,2,1,2,2,2,4
1897.5,1.8975000000000003e-12,52.9584311669964,1.9669973501742317,1.955076755409566,1.6327032232550351,1.9304717469752901,1.9647013316327386,1.919296489077093,1,1,4,4,7,19,10,10,13,13,16,16,19,19,19,2,2,1,2,2,2,4
1898.0,1.898e-12,52.97425541578837,1.9687497493713562,1.9551124101670225,1.6326226853608605,1.929927368610343,1.9650228933001523,1.9188063070399481,1,1,4,4,7,19,10,10,13,13,16,16,19,19,19,2,2,1,2,2,2,4
1898.5,1.8985e-12,52.990195539034424,1.9704564250984988,1.9550939257979785,1.6326622090496308,1.9294055167199613,1.9653400343334628,1.9183441958836505,1,1,4,4,7,19,10,10,13,13,16,16,19,19,19,2,2,1,2,2,2,4
1899.0,1.8990000000000003e-12,53.006246160466176,1.9721158529622262,1.955013384403174,1.6328113436819536,1.928909252394523,1.9656417263216672,1.9179156321677853,1,1,4,4,7,19,10,10,13,13,16,16,19,19,19,2,2,1,2,2,2,4
1899.5,1.8995e-12,53.022395820649415,1.9737268674177673,1.9548633788022687,1.6330598423205134,1.9284430427135029,1.9659149125022688,1.9175241262470661,1,1,4,4,7,19,10,10,13,13,16,16,19,19,19,2,2,1,2,2,2,4
1900.0,1.9e-12,53.03862787250524,1.9752888622824263,1.9546376021271041,1.6333990036038444,1.9280118272152358,1.966145729844181,1.917170864843343,1,1,4,4,7,19,10,10,13,13,16,16,19,19,19,2,2,1,2,2,2,4
1900.5,1.9005000000000002e-12,53.05492209002775,1.9768019344405154,1.9543313608372177,1.6338227619277164,1.9276200322403079,1.9663209024958144,1.9168545996892685,1,1,4,4,7,19,10,10,13,13,16,16,19,19,19,2,2,1,2,2,2,4
1901.0,1.901e-12,53.071256928057885,1.9782669173030103,1.9539420107537668,1.634328276588679,1.9272706924230587,1.966429141013494,1.9165718431453593,1,1,4,4,7,19,10,10,13,13,16,16,19,19,19,2,2,1,2,2,2,4
1901.5,1.9015000000000003e-12,53.08761218161095,1.979685320261155,1.9534693056673782,1.6349158785231548,1.9269647562468792,1.966462396205506,1.9163173564466842,1,1,4,4,7,19,10,10,13,13,16,16,19,19,19,2,2,1,2,2,2,4
1902.0,1.902e-12,53.10397167928969,1.9810592004024128,1.9529155205856283,1.6355885011778042,1.9267005943407964,1.9664167781261572,1.916084882765749,1,1,4,4,7,19,10,10,13,13,16,16,19,19,19,2,2,1,2,2,2,4
1902.5,1.9025e-12,53.120325424499875,1.9823909846923857,1.9522853515079557,1.6363506345917094,1.926473753052512,1.96629297799226,1.915868048617209,1,1,4,4,7,19,10,10,13,13,16,16,19,19,19,2,2,1,2,2,2,4
1903.0,1.9030000000000003e-12,53.13667073706176,1.9836832725275149,1.951585558142038,1.637207006457795,1.9262769646700828,1.9660961035386226,1.9156613054083633,1,1,4,4,7,19,10,10,13,13,16,16,19,19,19,2,2,1,2,2,2,4
1903.5,1.9035e-12,53.15301219426769,1.9849386212190505,1.9508243929409874,1.6381611802189182,1.9261004264614119,1.9658349410550564,1.9154607767413832,1,1,4,4,7,19,10,10,13,13,16,16,19,19,19,2,2,1,2,2,2,4
1904.0,1.904e-12,53.1693605481304,1.9861593506269244,1.9500108427071958,1.6392143464737947,1.925932323016051,1.9655208071287997,1.9152648270800194,1,1,4,4,7,19,10,10,13,13,16,16,19,19,19,2,2,1,2,2,2,4
1904.5,1.9045000000000002e-12,53.18573095608853,1.9873473400576074,1.9491538644818571,1.6403643412345355,1.9257595955497864,1.9651661297039866,1.9150743543094078,1,1,4,4,7,19,10,10,13,13,16,16,19,19,19,2,2,1,2,2,2,4
1905.0,1.905e-12,53.202140988201926,1.9885038398174513,1.948261696112123,1.6416050450953021,1.9255689104946505,1.964783008058262,1.9148927409431586,1,1,4,4,7,19,10,10,13,13,16,16,19,19,19,2,2,1,2,2,2,4
1905.5,1.9055000000000003e-12,53.21860872510257,1.9896293101935458,1.9473413487069324,1.642926192558205,1.9253477535735468,1.9643819225456391,1.9147255156629854,1,1,4,4,7,19,10,10,13,13,16,16,19,19,19,2,2,1,2,2,2,4
1906.0,1.906e-12,53.23515109547424,1.9907233125519535,1.946398332758994,1.6443136033791215,1.925085537398554,1.9639707146965566,1.9145797984014299,1,1,4,4,7,19,10,10,13,13,16,16,19,19,19,2,2,1,2,2,2,4
1906.5,1.9065e-12,53.25178246506712,1.9917844753601488,1.945436629900674,1.6457498254925922,1.9247745860570715,1.9635539019789858,1.9144636055040858,1,1,4,4,7,19,10,10,13,13,16,16,19,19,19,2,2,1,2,2,2,4
1907.0,1.9070000000000003e-12,53.26851345243459,1.9928105355175778,1.9444588725084582,1.6472151657080967,1.924410874518379,1.963132333706204,1.9143850967572082,1,1,4,4,7,19,10,10,13,13,16,16,19,19,19,2,2,1,2,2,2,4
1907.5,1.9075e-12,53.28534992124613,1.9937985089094987,1.9434667011153302,1.6486889706244128,1.9239943603854477,1.9627032274554383,1.9143517860878103,1,1,4,4,7,19,10,10,13,13,16,16,19,19,19,2,2,1,2,2,2,4
1908.0,1.908e-12,53.30229220647912,1.9947449111647628,1.942461194364196,1.6501511446736843,1.9235289269308022,1.9622605205527481,1.9143698288636368,1,1,4,4,7,19,10,10,13,13,16,16,19,19,19,2,2,1,2,2,2,4
1908.5,1.9085e-12,53.31933454195904,1.9956460400731455,1.9414433728209184,1.6515835775428684,1.9230219281807066,1.9617955610483975,1.91444341015613,1,1,4,4,7,19,10,10,13,13,16,16,19,19,19,2,2,1,2,2,2,4
1909.0,1.909e-12,53.3364648116722,1.996498275438243,1.9404146628352217,1.6529714398927604,1.9224834130908184,1.9612980690144022,1.914574294194327,1,1,4,4,7,19,10,10,13,13,16,16,19,19,19,2,2,1,2,2,2,4
1909.5,1.9095000000000003e-12,53.35366462830527,1.9972983501049193,1.9393773523314142,1.6543039994163466,1.9219251558014263,1.96075735592752,1.9147616008857355,1,1,4,4,7,19,10,10,13,13,16,16,19,19,19,2,2,1,2,2,2,4
1910.0,1.91e-12,53.37090988995738,1.9980435507850052,1.938334985526475,1.6555748814455138,1.9213596251960345,1.9601636685765476,1.915001854254456,1,1,4,4,7,19,10,10,13,13,16,16,19,19,19,2,2,1,2,2,2,4
1910.5,1.9105e-12,53.38817194886893,1.998731824564013,1.9372926654741482,1.6567817215706309,1.920799002088519,1.959509526312371,1.9152893184058324,1,1,4,4,7,19,10,10,13,13,16,16,19,19,19,2,2,1,2,2,2,4
1911.0,1.9110000000000002e-12,53.405419481052554,1.9993617895487423,1.9362572201758996,1.6579252842916175,1.9202543225651179,1.9587908690929092,1.915616607175615,1,1,4,4,7,19,10,10,13,13,16,16,19,19,19,2,2,1,2,2,2,4
1911.5,1.9115e-12,53.42262100940274,1.9999326598318155,1.9352371750974364,1.6590082202297343,1.919734800292925,1.9580078320290761,1.9159755050568246,1,1,4,4,7,19,10,10,13,13,16,16,19,19,19,2,2,1,2,2,2,4
1912.0,1.9120000000000003e-12,53.43974780348583,2.0004441094348446,1.934242491408648,1.660033668934274,1.9192473599316093,1.957164999635258,1.9163578986818872,1,1,4,4,7,19,10,10,13,13,16,16,19,19,19,2,2,1,2,2,2,4
1912.5,1.9125e-12,53.456776685124154,2.0008961013113766,1.9332840592600482,1.6610039233123794,1.9187964004494826,1.9562710667863845,1.9167566832917193,1,1,4,4,7,19,10,10,13,13,16,16,19,19,19,2,2,1,2,2,2,4
1913.0,1.913e-12,53.473692173082554,2.001288705134755,1.9323729852684985,1.6619193239696886,1.918383810678179,1.9553379430859628,1.917166510887999,1,1,4,4,7,19,10,10,13,13,16,16,19,19,19,2,2,1,2,2,2,4
1913.5,1.9135000000000003e-12,53.490487500743285,2.001621917274114,1.9315197766949344,1.6627774911637083,1.9180092586271529,1.9543794467590394,1.9175842698265784,1,1,4,4,7,19,10,10,13,13,16,16,19,19,19,2,2,1,2,2,2,4
1914.0,1.914e-12,53.50716433856012,2.0018954929543247,1.9307335481491916,1.6635729487473065,1.9176707606941146,1.953409801001713,1.9180092401934836,1,1,4,4,7,19,10,10,13,13,16,16,19,19,19,2,2,1,2,2,2,4
1914.5,1.9145e-12,53.52373141889852,2.002108809114033,1.9300213721187756,1.6642971665014807,1.9173654982833777,1.9524421521078827,1.9184429376377263,1,1,4,4,7,19,10,10,13,13,16,16,19,19,19,2,2,1,2,2,2,4
1915.0,1.9150000000000002e-12,53.54020250526714,2.0022607732871776,1.9293878602491294,1.6649390147319065,1.9170908045826247,1.9514872922841897,1.9188887070798804,1,1,4,4,7,19,10,10,13,13,16,16,19,19,19,2,2,1,2,2,2,4
1915.5,1.9155e-12,53.55659418531143,2.0023498019349937,1.928835013040782,1.6654856024419855,1.9168451851056152,1.950552697043912,1.9193511481500547,1,1,4,4,7,19,10,10,13,13,16,16,19,19,19,2,2,1,2,2,2,4
1916.0,1.9160000000000003e-12,53.572923842755145,2.0023738824171198,1.9283623276383648,1.6659234354877652,1.9166292030980963,1.9496419322422855,1.919835451785597,1,1,4,4,7,19,10,10,13,13,16,16,19,19,19,2,2,1,2,2,2,4
1916.5,1.9165e-12,53.58920799295565,2.0023307094557357,1.9279671105320604,1.6662398022332436,1.9164460692099583,1.9487544397613614,1.9203467066276616,1,1,4,4,7,19,10,10,13,13,16,16,19,19,19,2,2,1,2,2,2,4
1917.0,1.917e-12,53.60546098538851,2.0022179423648354,1.927644959708808,1.6664241784712293,1.9163017691597894,1.9478856946756353,1.9208892487113902,1,1,4,4,7,19,10,10,13,13,16,16,19,19,19,2,2,1,2,2,2,4
1917.5,1.9175000000000003e-12,53.62169404833767,2.0020334761968415,1.9273903062720994,1.6664695271032193,1.9162047539420217,1.9470277254469348,1.9214660586005445,1,1,4,4,7,19,10,10,13,13,16,16,19,19,19,2,2,1,2,2,2,4
1918.0,1.918e-12,53.63791454595552,2.0017757413577506,1.9271969946052963,1.6663732209146278,1.9161652120933321,1.9461699651544404,1.9220782850713074,1,1,4,4,7,19,10,10,13,13,16,16,19,19,19,2,2,1,2,2,2,4
1918.5,1.9185e-12,53.654125377464105,2.0014439790705114,1.9270588444735404,1.6661374493673051,1.9161940554210428,1.9453003870638832,1.922724938155123,1,1,4,4,7,19,10,10,13,13,16,16,19,19,19,2,2,1,2,2,2,4
1919.0,1.9190000000000002e-12,53.670324486928614,2.0010384410185273,1.9269701702959305,1.6657690265820773,1.9163017802188262,1.9444068667893608,1.9234028022114749,1,1,4,4,7,19,10,10,13,13,16,16,19,19,19,2,2,1,2,2,2,4
1919.5,1.9195e-12,53.68650456903752,2.000560494931793,1.9269261792701002,1.6652786808944906,1.9164973700247323,1.9434786367166899,1.9241065730317553,1,1,4,4,7,19,10,10,13,13,16,16,19,19,19,2,2,1,2,2,2,4
1920.0,1.9200000000000003e-12,53.70265308990015,2.0000126276474623,1.9269233082784616,1.6646798440499995,1.916787343699766,1.9425076661401428,1.9248292698350582,1,1,4,4,7,19,10,10,13,13,16,16,19,19,19,2,2,1,2,2,2,4
1920.5,1.9205e-12,53.71875293000413,1.9993983456079332,1.9269593687230715,1.6639872519324073,1.9171750338004927,1.9414897760679304,1.9255628536528353,1,1,4,4,7,19,10,10,13,13,16,16,19,19,19,2,2,1,2,2,2,4
1921.0,1.921e-12,53.73478386076193,1.9987219938332887,1.9270334925866826,1.6632155217828,1.917660129008304,1.9404252980890953,1.9262990061991638,1,1,4,4,7,19,10,10,13,13,16,16,19,19,19,2,2,1,2,2,2,4
1921.5,1.9215000000000002e-12,53.750724914565524,1.9979885238295727,1.9271458681806681,1.6623778770570543,1.918238500337481,1.9393191460587431,1.9270299711186027,1,1,4,4,7,19,10,10,13,13,16,16,19,19,19,2,2,1,2,2,2,4
1922.0,1.922e-12,53.76655744769667,1.9972032235996349,1.9272972379547686,1.6614852121006123,1.9189023118572357,1.938180291774736,1.9277493049280423,1,1,4,4,7,19,10,10,13,13,16,16,19,19,19,2,2,1,2,2,2,4
1922.5,1.9225000000000003e-12,53.7822682816376,1.9963714408026856,1.9274882980958086,1.6605454644045867,1.919640434166437,1.9370207059184563,1.9284524702105539,1,1,4,4,7,19,10,10,13,13,16,16,19,19,19,2,2,1,2,2,2,4
1923.0,1.923e-12,53.797852227203144,1.9954983092578895,1.9277190498889811,1.6595634070035041,1.9204391409884223,1.9358539572559161,1.9291371639643355,1,1,4,4,7,19,10,10,13,13,16,16,19,19,19,2,2,1,2,2,2,4
1923.5,1.9235e-12,53.81331336205659,1.9945884838054055,1.927988203200937,1.658540866111547,1.9212830666265244,1.9346936670072887,1.929803379369401,1,1,4,4,7,19,10,10,13,13,16,16,19,19,19,2,2,1,2,2,2,4
1924.0,1.9240000000000003e-12,53.82866479421541,1.9936459221501819,1.9282927647243582,1.6574773242986984,1.9221563397845083,1.933552062493855,1.9304532043077884,1,1,4,4,7,19,10,10,13,13,16,16,19,19,19,2,2,1,2,2,2,4
1924.5,1.9245e-12,53.843927148589884,1.9926737310703289,1.9286278447082243,1.6563708913365593,1.9230437722522815,1.9324387772218248,1.931090425795965,1,1,4,4,7,19,10,10,13,13,16,16,19,19,19,2,2,1,2,2,2,4
1925.0,1.925e-12,53.8591263101127,1.9916741014236434,1.928986714269891,1.6552195361730353,1.9239319501327474,1.93135999843441,1.9317200053622876,1,1,4,4,7,19,10,10,13,13,16,16,19,19,19,2,2,1,2,2,2,4
1925.5,1.9255000000000002e-12,53.87429101833879,1.9906483444729937,1.9293610820125817,1.6540224551551053,1.9248100716202619,1.9303180027823823,1.9323474800610272,1,1,4,4,7,19,10,10,13,13,16,16,19,19,19,2,2,1,2,2,2,4
1926.0,1.926e-12,53.889450701684595,1.9895970276432382,1.9297415588393054,1.6527813510460287,1.9256704192068566,1.929311077714304,1.9329783438217991,1,1,4,4,7,19,10,10,13,13,16,16,19,19,19,2,2,1,2,2,2,4
1926.5,1.9265000000000003e-12,53.90463378220615,1.9885201825522119,1.9301181779960104,1.651501511366855,1.9265084007524491,1.9283338174764089,1.9336174353739202,1,1,4,4,7,19,10,10,13,13,16,16,19,19,19,2,2,1,2,2,2,4
1927.0,1.927e-12,53.91986632662466,1.9874175699247556,1.930481016802712,1.6501923334124378,1.9273222178427445,1.9273777692685101,1.934268393975399,1,1,4,4,7,19,10,10,13,13,16,16,19,19,19,2,2,1,2,2,2,4
1927.5,1.9275e-12,53.9351710013162,1.9862889431585966,1.9308207651643254,1.6488673294120306,1.9281122362424254,1.9264324037568856,1.934933204498092,1,1,4,4,7,19,10,10,13,13,16,16,19,19,19,2,2,1,2,2,2,4
1928.0,1.9280000000000003e-12,53.95056611149345,1.9851343089600824,1.9311292988434503,1.647543453237122,1.9288802012536248,1.9254863492728433,1.9356119235058824,1,1,4,4,7,19,10,10,13,13,16,16,19,19,19,2,2,1,2,2,2,4
1928.5,1.9285e-12,53.96606472477192,1.9839541040603972,1.9314001132935885,1.6462400240043706,1.9296284138210544,1.9245288184979754,1.9363025753508132,1,1,4,4,7,19,10,10,13,13,16,16,19,19,19,2,2,1,2,2,2,4
1929.0,1.929e-12,53.98167380855646,1.982749295561329,1.9316286624266534,1.644977316166875,1.9303589780470678,1.9235510771030468,1.9370012845110416,1,1,4,4,7,19,10,10,13,13,16,16,19,19,19,2,2,1,2,2,2,4
1929.5,1.9295000000000002e-12,53.9973935038693,1.9815213876263924,1.931812556308769,1.6437750549362458,1.9310731862648123,1.9225477711345496,1.9377026454522763,1,1,4,4,7,19,10,10,13,13,16,16,19,19,19,2,2,1,2,2,2,4
1930.0,1.93e-12,54.013216754572184,1.9802723409427787,1.9319515751168967,1.6426510153194704,1.9317710792744796,1.9215179102870728,1.938400298282502,1,1,4,4,7,19,10,10,13,13,16,16,19,19,19,2,2,1,2,2,2,4
1930.5,1.9305000000000003e-12,54.029129573641406,1.97900441876111,1.9320474832365475,1.6416198654026086,1.9324512034853543,1.9204653193599368,1.9390876528412644,1,1,4,4,7,19,10,10,13,13,16,16,19,19,19,2,2,1,2,2,2,4
1931.0,1.931e-12,54.04511222424964,1.9777199911294465,1.932103617045003,1.64069239683832,1.933110553757922,1.919398483686132,1.9397586293463631,1,1,4,4,7,19,10,10,13,13,16,16,19,19,19,2,2,1,2,2,2,4
1931.5,1.9315e-12,54.06114137419072,1.9764213076729626,1.9321243130119707,1.6398751211459448,1.9337447309153686,1.9183297549231693,1.9404083492795652,1,1,4,4,7,19,10,10,13,13,16,16,19,19,19,2,2,1,2,2,2,4
1932.0,1.9320000000000002e-12,54.077193057137116,1.9751102755408847,1.9321142456641043,1.6391703096480932,1.9343482871166082,1.9172740920778586,1.9410336294308017,1,1,4,4,7,19,10,10,13,13,16,16,19,19,19,2,2,1,2,2,2,4
1932.5,1.9325e-12,54.09324596810874,1.9737882537728022,1.9320777031038705,1.6385765084314072,1.9349152556544347,1.9162475217627537,1.941633228143446,1,1,4,4,7,19,10,10,13,13,16,16,19,19,19,2,2,1,2,2,2,4
1933.0,1.9330000000000003e-12,54.10928433668054,1.9724558771057523,1.9320180198702595,1.6380893734420277,1.935439850137004,1.9152655427931116,1.9422078502905775,1,1,4,4,7,19,10,10,13,13,16,16,19,19,19,2,2,1,2,2,2,4
1933.5,1.9335e-12,54.12529978710702,1.9711129277983908,1.9319371788645523,1.6377028308061867,1.9359172705307313,1.914341674057786,1.942759934149947,1,1,4,4,7,19,10,10,13,13,16,16,19,19,19,2,2,1,2,2,2,4
1934.0,1.934e-12,54.14129185456455,1.9697582701992646,1.9318356370416223,1.6374104323059204,1.9363445326898687,1.9134862753872626,1.9432932755295833,1,1,4,4,7,19,10,10,13,13,16,16,19,19,19,2,2,1,2,2,2,4
1934.5,1.9345000000000003e-12,54.15726720113837,1.9683898976114154,1.9317124292855978,1.6372066940519343,1.936721182301799,1.9127057753795296,1.943812540853706,1,1,4,4,7,19,10,10,13,13,16,16,19,19,19,2,2,1,2,2,2,4
1935.0,1.935e-12,54.173237975665295,1.9670050500507916,1.931565452221887,1.6370882637945505,1.9370498133208927,1.912002245478396,1.9443227248957873,1,1,4,4,7,19,10,10,13,13,16,16,19,19,19,2,2,1,2,2,2,4
1935.5,1.9355e-12,54.189219796281535,1.9656004361375654,1.9313919178158399,1.6370546911144104,1.9373362564712369,1.9113733913403521,1.9448285865513557,1,1,4,4,7,19,10,10,13,13,16,16,19,19,19,2,2,1,2,2,2,4
1936.0,1.9360000000000002e-12,54.20522978325436,1.9641725337970997,1.9311888802561354,1.6371086746263042,1.9375893920964393,1.910812933530335,1.9453340995339714,1,1,4,4,7,19,10,10,13,13,16,16,19,19,19,2,2,1,2,2,2,4
1936.5,1.9365e-12,54.22128485209561,1.9627179407451432,1.930953789580905,1.6372556993543799,1.9378206040302453,1.9103113631222022,1.9458419566301886,1,1,4,4,7,19,10,10,13,13,16,16,19,19,19,2,2,1,2,2,2,4
1937.0,1.9370000000000003e-12,54.23740034996951,1.961233719082315,1.9306849717757577,1.637503200888792,1.9380429690976493,1.909857026129375,1.9463531753322603,1,1,4,4,7,19,10,10,13,13,16,16,19,19,19,2,2,1,2,2,2,4
1937.5,1.9375e-12,54.25358893272875,1.9597176961054665,1.9303820405753223,1.6378593348770156,1.9382702616655019,1.9094374821003146,1.946866867040926,1,1,4,4,7,19,10,10,13,13,16,16,19,19,19,2,2,1,2,2,2,4
1938.0,1.938e-12,54.26985957219788,1.9581686994401475,1.930046191927034,1.6383315952495168,1.938515925871543,1.9090410288783173,1.9473801937933741,1,1,4,4,7,19,10,10,13,13,16,16,19,19,19,2,2,1,2,2,2,4
1938.5,1.9385000000000003e-12,54.286216611481635,1.9565866898130204,1.9296803646955594,1.6389254774584376,1.9387921077071666,1.9086582246591837,1.947888556330092,1,1,4,4,7,19,10,10,13,13,16,16,19,19,19,2,2,1,2,2,2,4
1939.0,1.939e-12,54.302658847459,1.9549727843550049,1.9292892518437819,1.6396433432405788,1.9391088356697384,1.9082831972828127,1.9483860181672648,1,1,4,4,7,19,10,10,13,13,16,16,19,19,19,2,2,1,2,2,2,4
1939.5,1.9395e-12,54.31917874317623,1.9533291764568186,1.9288791287668738,1.6404836248279913,1.9394734037953583,1.9079145239226183,1.9488659269996138,1,1,4,4,7,19,10,10,13,13,16,16,19,19,19,2,2,1,2,2,2,4
1940.0,1.9400000000000002e-12,54.33576197589806,1.9516589627308798,1.9284574776800858,1.6414404508820815,1.9398899902312738,1.9075555150636803,1.9493216549798529,1,1,4,4,7,19,10,10,13,13,16,16,19,19,19,2,2,1,2,2,2,4
1940.5,1.9405e-12,54.35238753873558,1.9499659296057745,1.928032485015482,1.642503638332817,1.940359544854994,1.9072138128842904,1.9497473693036749,1,1,4,4,7,19,10,10,13,13,16,16,19,19,19,2,2,1,2,2,2,4
1941.0,1.9410000000000003e-12,54.369028731390074,1.9482543017828362,1.927612378244683,1.6436591679077506,1.9408799338778842,1.9069003997629212,1.9501386798076017,1,1,4,4,7,19,10,10,13,13,16,16,19,19,19,2,2,1,2,2,2,4
1941.5,1.9415e-12,54.385655180713755,1.9465284812105477,1.9272047208857341,1.6448900734498102,1.9414463474863366,1.906628174775535,1.9504930790405568,1,1,4,4,7,19,10,10,13,13,16,16,19,19,19,2,2,1,2,2,2,4
1942.0,1.942e-12,54.40223573669952,1.9447928239509311,1.9268158030491498,1.6461776044232905,1.942051957884504,1.9064103309717437,1.950810133948368,1,1,4,4,7,19,10,10,13,13,16,16,19,19,19,2,2,1,2,2,2,4
1942.5,1.9425000000000003e-12,54.418741858998764,1.9430514505485423,1.9264501868870354,1.6475026132152082,1.9426887690826242,1.9062587789575705,1.9510914207507015,1,1,4,4,7,19,10,10,13,13,16,16,19,19,19,2,2,1,2,2,2,4
1943.0,1.943e-12,54.43515080801806,1.9413081034130715,1.9261104789010743,1.648847001246906,1.9433485780395656,1.9061827957543984,1.9513402503640327,1,1,4,4,7,19,10,10,13,13,16,16,19,19,19,2,2,1,2,2,2,4
1943.5,1.9435000000000004e-12,54.45144793555159,1.939566055903851,1.9257973606308139,1.6501950386902122,1.9440239326481619,1.906188015492125,1.9515612461657161,1,1,4,4,7,19,10,10,13,13,16,16,19,19,19,2,2,1,2,2,2,4
1944.0,1.944e-12,54.467627628130174,1.9378280832751318,1.925509859787017,1.65153436174234,1.9447089412613958,1.9062758161683175,1.951759832732948,1,1,4,4,7,19,10,10,13,13,16,16,19,19,19,2,2,1,2,2,2,4
1944.5,1.9445e-12,54.48369288685898,1.9360964992273393,1.9252457985830074,1.6528565064820135,1.945399798248079,1.9064431202370997,1.9519416778019518,1,1,4,4,7,19,10,10,13,13,16,16,19,19,19,2,2,1,2,2,2,4
1945.0,1.9450000000000003e-12,54.49965385059848,1.9343732745963393,1.9250024082651223,1.6541567974429314,1.9460949412960393,1.9066826027975343,1.9521121363564633,1,1,4,4,7,19,10,10,13,13,16,16,19,19,19,2,2,1,2,2,2,4
1945.5,1.9455e-12,54.5155258801378,1.9326602110073208,1.9247769051011112,1.6554337822892353,1.9467948016417667,1.9069832877154493,1.952275713936362,1,1,4,4,7,19,10,10,13,13,16,16,19,19,19,2,2,1,2,2,2,4
1946.0,1.946e-12,54.53132759172234,1.9309591610048895,1.9245670409129314,1.6566881912142646,1.9475012228831046,1.9073314939868993,1.952435607563708,1,1,4,4,7,19,10,10,13,13,16,16,19,19,19,2,2,1,2,2,2,4
1946.5,1.9465000000000002e-12,54.54707910094519,1.9292722508992795,1.92437158562501,1.6579216294208428,1.9482166723238588,1.9077121020160681,1.9525933573611005,1,1,4,4,7,19,10,10,13,13,16,16,19,19,19,2,2,1,2,2,2,4
1947.0,1.947e-12,54.56280056570558,1.9276020817798714,1.924190653707682,1.659135250752518,1.9489433707688453,1.9081100272355869,1.9527486729750925,1,1,4,4,7,19,10,10,13,13,16,16,19,19,19,2,2,1,2,2,2,4
1947.5,1.9475000000000003e-12,54.57851091857086,1.925951867407887,1.9240258991641348,1.6603285651397337,1.9496824782796491,1.9085117824018394,1.9528994674467213,1,1,4,4,7,19,10,10,13,13,16,16,19,19,19,2,2,1,2,2,2,4
1948.0,1.948e-12,54.59422668791766,1.9243254931822646,1.9238805643775216,1.6614985294382738,1.9504334280075892,1.9089069419198454,1.9530421328533498,1,1,4,4,7,19,10,10,13,13,16,16,19,19,19,2,2,1,2,2,2,4
1948.5,1.9485e-12,54.60996083551183,1.9227274837976742,1.9237593709912746,1.6626390148347407,1.9511934624850242,1.909289303297361,1.9531720457010722,1,1,4,4,7,19,10,10,13,13,16,16,19,19,19,2,2,1,2,2,2,4
1949.0,1.9490000000000003e-12,54.625721569274575,1.921162884593188,1.9236683099896927,1.663740593554643,1.9519574237019213,1.9096575407893905,1.9532842643794672,1,1,4,4,7,19,10,10,13,13,16,16,19,19,19,2,2,1,2,2,2,4
1949.5,1.9495e-12,54.64151132714646,1.9196370809192778,1.9236142051259701,1.6647908574667758,1.9527177582433473,1.910015229692246,1.9533743100613115,1,1,4,4,7,19,10,10,13,13,16,16,19,19,19,2,2,1,2,2,2,4
1950.0,1.95e-12,54.65732603827047,1.918155557871327,1.9236041684223013,1.6657751202058715,1.9534647680753188,1.9103702280593478,1.9534389123606255,1,1,4,4,7,19,10,10,13,13,16,16,19,19,19,2,2,1,2,2,2,4
1950.5,1.9505000000000002e-12,54.673154900135565,1.916723637271061,1.9236450121499997,1.6666774140722005,1.954187080103096,1.9107335087769395,1.953476595938044,1,1,4,4,7,19,10,10,13,13,16,16,19,19,19,2,2,1,2,2,2,4
1951.0,1.951e-12,54.6889809706975,1.9153462139899549,1.9237426241080593,1.6674818122853827,1.9548722945296393,1.911117657402367,1.9534879891694907,1,1,4,4,7,19,10,10,13,13,16,16,19,19,19,2,2,1,2,2,2,4
1951.5,1.9515000000000003e-12,54.704782701803154,1.9140275237963296,1.9239014802758685,1.66817380193998,1.9555077760685349,1.9115352620791288,1.9534758514314576,1,1,4,4,7,19,10,10,13,13,16,16,19,19,19,2,2,1,2,2,2,4
1952.0,1.952e-12,54.72053640315176,1.9127709437587281,1.9241243198586488,1.6687416102986807,1.956081534583722,1.9119974152922603,1.9534448261970212,1,1,4,4,7,19,10,10,13,13,16,16,19,19,19,2,2,1,2,2,2,4
1952.5,1.9525e-12,54.73621929620909,1.9115788411499188,1.9244120438292138,1.6691772750421847,1.9565831183926383,1.9125124810378549,1.9534009924054387,1,1,4,4,7,19,10,10,13,13,16,16,19,19,19,2,2,1,2,2,2,4
1953.0,1.9530000000000003e-12,54.75181257798235,1.9104524777253824,1.9247638392275674,1.6694773005101857,1.9570044313720947,1.9130852169037416,1.953351292776074,1,1,4,4,7,19,10,10,13,13,16,16,19,19,19,2,2,1,2,2,2,4
1953.5,1.9535e-12,54.76730381384125,1.9093919852422832,1.925177552945159,1.6696427244667902,1.9573403722089586,1.9137162935234695,1.9533029102651323,1,1,4,4,7,19,10,10,13,13,16,16,19,19,19,2,2,1,2,2,2,4
1954.0,1.954e-12,54.78268829116539,1.9083964092351464,1.9256501334996916,1.6696787267668658,1.957589193029603,1.9144022197602506,1.9532626412617329,1,1,4,4,7,19,10,10,13,13,16,16,19,19,19,2,2,1,2,2,2,4
1954.5,1.9545000000000002e-12,54.79796910021411,1.9074638510045532,1.926178215523806,1.6695936540953422,1.9577525360820294,1.915135664684753,1.953236312436024,1,1,4,4,7,19,10,10,13,13,16,16,19,19,19,2,2,1,2,2,2,4
1955.0,1.955e-12,54.81315623318632,1.9065916747169707,1.9267586747071759,1.6693977442857013,1.9578351359485753,1.9159061634237502,1.953228267126309,1,1,4,4,7,19,10,10,13,13,16,16,19,19,19,2,2,1,2,2,2,4
1955.5,1.9555000000000003e-12,54.82826510350927,1.9057767952057565,1.9273890610532827,1.6691017695096255,1.9578442208740363,1.9167011702047443,1.9532409467002076,1,1,4,4,7,19,10,10,13,13,16,16,19,19,19,2,2,1,2,2,2,4
1956.0,1.956e-12,54.843314804027685,1.9050159722057156,1.9280679536561696,1.6687156761327808,1.957788747399637,1.9175073333933181,1.9532746852663403,1,1,4,4,7,19,10,10,13,13,16,16,19,19,19,2,2,1,2,2,2,4
1956.5,1.9565e-12,54.85832640886318,1.9043061036687945,1.9287951256646088,1.6682475129927317,1.9576785474234204,1.9183119671035336,1.9533276578115846,1,1,4,4,7,19,10,10,13,13,16,16,19,19,19,2,2,1,2,2,2,4
1957.0,1.9570000000000002e-12,54.87332138003198,1.903644465704134,1.9295715722578615,1.6677026836251367,1.9575234987245158,1.919104520670932,1.953396075662139,1,1,4,4,7,19,10,10,13,13,16,16,19,19,19,2,2,1,2,2,2,4
1957.5,1.9575e-12,54.88832009752708,1.9030288773570931,1.9303993983501742,1.6670835987753314,1.9573327923349813,1.9198778673852568,1.9534746254429038,1,1,4,4,7,19,10,10,13,13,16,16,19,19,19,2,2,1,2,2,2,4
1958.0,1.9580000000000003e-12,54.90334050039891,1.9024577765005841,1.9312815696675545,1.6663897487559314,1.9571143446545876,1.9206292145019448,1.9535571282788102,1,1,4,4,7,19,10,10,13,13,16,16,19,19,19,2,2,1,2,2,2,4
1958.5,1.9585e-12,54.91839684962334,1.9019302039021664,1.932221519872641,1.6656181943077806,1.9568743813641232,1.9213604683236933,1.9536373410226606,1,1,4,4,7,19,10,10,13,13,16,16,19,19,19,2,2,1,2,2,2,4
1959.0,1.959e-12,54.933498576483544,1.9014457289710451,1.9332227026410802,1.6647643811022659,1.9566172198769605,1.9220779738607003,1.9537097941778006,1,1,4,4,7,19,10,10,13,13,16,16,19,19,19,2,2,1,2,2,2,4
1959.5,1.9595000000000003e-12,54.94864937296271,1.9010042934241087,1.9342879687481382,1.6638233339411388,1.9563452380624897,1.922791641186719,1.9537705055386803,1,1,4,4,7,19,10,10,13,13,16,16,19,19,19,2,2,1,2,2,2,4
1960.0,1.96e-12,54.9638464684543,1.9006060284496702,1.935418998339514,1.6627909549203024,1.956059062641307,1.9235136318455759,1.9538174594827586,1,1,4,4,7,19,10,10,13,13,16,16,19,19,19,2,2,1,2,2,2,4
1960.5,1.9605e-12,54.979080313980354,1.9002510529109704,1.936615769421574,1.6616653558165195,1.955757957396555,1.9242567968246322,1.9538507726510936,1,1,4,4,7,19,10,10,13,13,16,16,19,19,19,2,2,1,2,2,2,4
1961.0,1.9610000000000002e-12,54.99433489355773,1.8999392773087254,1.9378761510270848,1.660448029865468,1.9554404019171907,1.9250330855442062,1.9538725588489203,1,1,4,4,7,19,10,10,13,13,16,16,19,19,19,2,2,1,2,2,2,4
1961.5,1.9615e-12,55.009588848690306,1.8996702245492867,1.939195734758199,1.659144596272661,1.9551048180287247,1.9258521796743164,1.9538865040778237,1,1,4,4,7,19,10,10,13,13,16,16,19,19,19,2,2,1,2,2,2,4
1962.0,1.9620000000000003e-12,55.02481758080461,1.899442898822271,1.9405678627510474,1.657765081388516,1.9547503562598192,1.926720395133072,1.953897314532591,1,1,4,4,7,19,10,10,13,13,16,16,19,19,19,2,2,1,2,2,2,4
1962.5,1.9625e-12,55.03999616521631,1.899255726237393,1.941983867026362,1.6563236800074228,1.9543776262718047,1.9276399562883337,1.953910102183195,1,1,4,4,7,19,10,10,13,13,16,16,19,19,19,2,2,1,2,2,2,4
1963.0,1.963e-12,55.05510257616932,1.899106568272068,1.9434335397003442,1.6548379304774754,1.9539892465912003,1.92860870240466,1.9539297548569219,1,1,4,4,7,19,10,10,13,13,16,16,19,19,19,2,2,1,2,2,2,4
1963.5,1.9635000000000003e-12,55.07012062003229,1.8989928216190328,1.944905739382834,1.653327489593037,1.953590097889489,1.9296201820724344,1.953960378780658,1,1,4,4,7,19,10,10,13,13,16,16,19,19,19,2,2,1,2,2,2,4
1964.0,1.964e-12,55.08504194557249,1.8989116094978422,1.9463890456472126,1.6518127009646169,1.953187180827823,1.9306641726018912,1.9540047978087816,1,1,4,4,7,19,10,10,13,13,16,16,19,19,19,2,2,1,2,2,2,4
1964.5,1.9645e-12,55.09986669503242,1.8988600069546353,1.9478725179271457,1.6503129545142339,1.9527891382289062,1.9317275827347784,1.954064221804156,1,1,4,4,7,19,10,10,13,13,16,16,19,19,19,2,2,1,2,2,2,4
1965.0,1.9650000000000002e-12,55.11460301956623,1.8988353813604397,1.9493461082128305,1.6488455484277718,1.9524054249201404,1.9327956888470867,1.9541379165861268,1,1,4,4,7,19,10,10,13,13,16,16,19,19,19,2,2,1,2,2,2,4
1965.5,1.9655e-12,55.12926560624861,1.8988356396830526,1.950801086449545,1.6474246225077138,1.9520453933423454,1.9338535407501969,1.954223176116833,1,1,4,4,7,19,10,10,13,13,16,16,19,19,19,2,2,1,2,2,2,4
1966.0,1.9660000000000003e-12,55.14387380063004,1.8988594825829603,1.952230219733473,1.646060588354184,1.9517173241221877,1.9348874823096236,1.9543154231372621,1,1,4,4,7,19,10,10,13,13,16,16,19,19,19,2,2,1,2,2,2,4
1966.5,1.9665e-12,55.15844968416122,1.8989065698847232,1.9536277923013825,1.644759998680191,1.9514275681843878,1.9358865664920555,1.954408545129397,1,1,4,4,7,19,10,10,13,13,16,16,19,19,19,2,2,1,2,2,2,4
1967.0,1.967e-12,55.17301632988372,1.8989775890451097,1.9549894782998396,1.6435258580903358,1.9511798744000544,1.9368436822385129,1.9544954527917662,1,1,4,4,7,19,10,10,13,13,16,16,19,19,19,2,2,1,2,2,2,4
1967.5,1.9675000000000002e-12,55.187596309029175,1.8990742125993247,1.9563120958361422,1.6423583293581907,1.9509749581598845,1.9377562190514015,1.9545688217202661,1,1,4,4,7,19,10,10,13,13,16,16,19,19,19,2,2,1,2,2,2,4
1968.0,1.968e-12,55.20221045206508,1.8991990065677178,1.95759322630674,1.6412557984844143,1.9508102685508435,1.9386261660149036,1.954621900047102,1,1,4,4,7,19,10,10,13,13,16,16,19,19,19,2,2,1,2,2,2,4
1968.5,1.9685000000000003e-12,55.21687676392826,1.8993552114723704,1.9588308307931945,1.64021609559015,1.95068009124014,1.9394596011069845,1.9546493174333146,1,1,4,4,7,19,10,10,13,13,16,16,19,19,19,2,2,1,2,2,2,4
1969.0,1.969e-12,55.23160949241178,1.8995464968047306,1.9600227307537157,1.6392378659371076,1.9505758392051002,1.9402656528258437,1.9546476982194902,1,1,4,4,7,19,10,10,13,13,16,16,19,19,19,2,2,1,2,2,2,4
1969.5,1.9695e-12,55.24641821929751,1.899776672683518,1.9611661475401108,1.6383217904802214,1.9504866014839874,1.9410551377234113,1.9546159998284132,1,1,4,4,7,19,10,10,13,13,16,16,19,19,19,2,2,1,2,2,2,4
1970.0,1.9700000000000003e-12,55.26130696386789,1.9000494235529655,1.9622573688431473,1.6374714332548197,1.9503998926966,1.9418390802685233,1.9545555166340933,1,1,4,4,7,19,10,10,13,13,16,16,19,19,19,2,2,1,2,2,2,4
1970.5,1.9705e-12,55.276273497371044,1.9003680259954587,1.963291515446919,1.6366936764257645,1.9503025657731565,1.9426272873658814,1.9544695914634573,1,1,4,4,7,19,10,10,13,13,16,16,19,19,19,2,2,1,2,2,2,4
1971.0,1.971e-12,55.29130909850786,1.900735107189749,1.9642625211109144,1.6359985717433145,1.950181799114056,1.9434271592304335,1.9543631101827734,1,1,4,4,7,19,10,10,13,13,16,16,19,19,19,2,2,1,2,2,2,4
1971.5,1.9715000000000002e-12,55.30639909986019,1.901152457361992,1.96516333100295,1.6353986453480704,1.9500260557073317,1.9442428225392483,1.9542418850952386,1,1,4,4,7,19,10,10,13,13,16,16,19,19,19,2,2,1,2,2,2,4
1972.0,1.972e-12,55.321524467979685,1.9016209163224003,1.965986304004915,1.6349077665383542,1.9498258961193122,1.9450746268082517,1.9541120182343297,1,1,4,4,7,19,10,10,13,13,16,16,19,19,19,2,2,1,2,2,2,4
1972.5,1.9725000000000003e-12,55.33666438988584,1.902140349119405,1.9667237790219334,1.6345397487737463,1.9495745335029355,1.945919012607177,1.9539793067734483,1,1,4,4,7,19,10,10,13,13,16,16,19,19,19,2,2,1,2,2,2,4
1973.0,1.973e-12,55.35179952553039,1.9027097012595058,1.967368671097708,1.6343069407424509,1.9492680484161449,1.9467687763014605,1.9538486884018225,1,1,4,4,7,19,10,10,13,13,16,16,19,19,19,2,2,1,2,2,2,4
1973.5,1.9735e-12,55.36691510079984,1.9033271981308384,1.9679152164239988,1.6342187703545672,1.948905265264443,1.9476136750415296,1.9537238393558571,1,1,4,4,7,19,10,10,13,13,16,16,19,19,19,2,2,1,2,2,2,4
1974.0,1.9740000000000003e-12,55.38200337974308,1.9039905675476716,1.968359395536827,1.6342808239520294,1.9484872686022663,1.9484413745934765,1.9536068045472148,1,1,4,4,7,19,10,10,13,13,16,16,19,19,19,2,2,1,2,2,2,4
1974.5,1.9745e-12,55.397064701019026,1.9046973489873757,1.9686993932883712,1.634494116361499,1.948016726299861,1.9492387189166824,1.9534977891995102,1,1,4,4,7,19,10,10,13,13,16,16,19,19,19,2,2,1,2,2,2,4
1975.0,1.975e-12,55.41210721792123,1.9054451878047989,1.9689357760203472,1.6348548970174326,1.9474971029467554,1.9499931331194016,1.9533951228035968,1,1,4,4,7,19,10,10,13,13,16,16,19,19,19,2,2,1,2,2,2,4
1975.5,1.9755000000000002e-12,55.42714558516387,1.9062320832212676,1.9690714995446261,1.635354906935716,1.9469318947739427,1.9506940620939572,1.9532954189161238,1,1,4,4,7,19,10,10,13,13,16,16,19,19,19,2,2,1,2,2,2,4
1976.0,1.976e-12,55.4421990976376,1.9070565473209606,1.9691117566970733,1.6359820667138292,1.9463239838874289,1.9513342549914756,1.9531939570634531,1,1,4,4,7,19,10,10,13,13,16,16,19,19,19,2,2,1,2,2,2,4
1976.5,1.9765000000000003e-12,55.457289693365055,1.9079176653957048,1.969063690819932,1.636721528110912,1.9456751578266158,1.9519107129781363,1.953085268280199,1,1,4,4,7,19,10,10,13,13,16,16,19,19,19,2,2,1,2,2,2,4
1977.0,1.977e-12,55.47244012279635,1.908815038513298,1.9689359654892673,1.6375570344351458,1.9449858333075989,1.9524251484341515,1.952963870212539,1,1,4,4,7,19,10,10,13,13,16,16,19,19,19,2,2,1,2,2,2,4
1977.5,1.9775e-12,55.48767232048397,1.9097486621275916,1.9687382882500595,1.6384723245302428,1.944254970854097,1.9528838537112014,1.952825066670115,1,1,4,4,7,19,10,10,13,13,16,16,19,19,19,2,2,1,2,2,2,4
1978.0,1.9780000000000003e-12,55.50300605618336,1.9107187237295131,1.9684807958494297,1.6394525720200381,1.9434801860457285,1.9532970077579328,1.9526656453688143,1,1,4,4,7,19,10,10,13,13,16,16,19,19,19,2,2,1,2,2,2,4
1978.5,1.9785e-12,55.51845776485077,1.911725373848229,1.9681734158128739,1.640485556390671,1.9426580386240029,1.9536775097007133,1.9524843623463457,1,1,4,4,7,19,10,10,13,13,16,16,19,19,19,2,2,1,2,2,2,4
1979.0,1.9790000000000004e-12,55.534039471205375,1.9127684935246156,1.967825265033379,1.6415623926822445,1.9417844929936434,1.9540395180623213,1.9522821322103374,1,1,4,4,7,19,10,10,13,13,16,16,19,19,19,2,2,1,2,2,2,4
1979.5,1.9795e-12,55.54975771159216,1.913847476734776,1.9674441727128518,1.6426776899304545,1.9408555355473955,1.9543969043281453,1.9520619002159674,1,1,4,4,7,19,10,10,13,13,16,16,19,19,19,2,2,1,2,2,2,4
1980.0,1.98e-12,55.565612500772005,1.9149610226892386,1.9670363243377151,1.6438292166882091,1.939867917628413,1.9547618329169596,1.9518282048456834,1,1,4,4,7,19,10,10,13,13,16,16,19,19,19,2,2,1,2,2,2,4
1980.5,1.9805000000000003e-12,55.58159641112498,1.9161069881010113,1.9666061994784945,1.645016991848319,1.9388199651818148,1.9551435849865642,1.9515866102192887,1,1,4,4,7,19,10,10,13,13,16,16,19,19,19,2,2,1,2,2,2,4
1981.0,1.981e-12,55.59769410809288,1.9172823018691327,1.9661567423544766,1.646242061991898,1.9377123572431745,1.9555477283696703,1.951343064890969,1,1,4,4,7,19,10,10,13,13,16,16,19,19,19,2,2,1,2,2,2,4
1981.5,1.9815e-12,55.613882693891966,1.9184829578137754,1.9656897663879833,1.6475051279161532,1.9365487639768237,1.9559756676687106,1.951103284902001,1,1,4,4,7,19,10,10,13,13,16,16,19,19,19,2,2,1,2,2,2,4
1982.0,1.9820000000000002e-12,55.63013319596172,1.9197040898961613,1.9652064740713022,1.6488052732109888,1.9353362226744255,1.9564245808404002,1.9508722099910776,1,1,4,4,7,19,10,10,13,13,16,16,19,19,19,2,2,1,2,2,2,4
1982.5,1.9825e-12,55.64641321073706,1.920940154436536,1.964708055358007,1.6501388936991965,1.9340851371063696,1.9568877395334936,1.9506535541273868,1,1,4,4,7,19,10,10,13,13,16,16,19,19,19,2,2,1,2,2,2,4
1983.0,1.9830000000000003e-12,55.66269040563288,1.9221851966831607,1.964196220879242,1.6514989953567936,1.9328088776058816,1.9573551997699032,1.950449460662056,1,1,4,4,7,19,10,10,13,13,16,16,19,19,19,2,2,1,2,2,2,4
1983.5,1.9835e-12,55.67893616781277,1.9234331920872758,1.9636736298347286,1.6528748870469037,1.9315230046844387,1.9578148361291705,1.9502602748256483,1,1,4,4,7,19,10,10,13,13,16,16,19,19,19,2,2,1,2,2,2,4
1984.0,1.984e-12,55.695128626905934,1.9246784312373209,1.9631441190604022,1.6542523541076544,1.93024421249056,1.9582536585385306,1.9500844509005562,1,1,4,4,7,19,10,10,13,13,16,16,19,19,19,2,2,1,2,2,2,4
1984.5,1.9845000000000003e-12,55.71125439817611,1.9259158815341098,1.9626127632926564,1.6556142586337947,1.9289891580213276,1.958659302698728,1.9499186239207686,1,1,4,4,7,19,10,10,13,13,16,16,19,19,19,2,2,1,2,2,2,4
1985.0,1.985e-12,55.727308843192354,1.9271414816957286,1.962085773771015,1.6569415267651566,1.927773321066767,1.9590215286676285,1.9497578734125076,1,1,4,4,7,19,10,10,13,13,16,16,19,19,19,2,2,1,2,2,2,4
1985.5,1.9855e-12,55.743295073055954,1.9283523235806037,1.9615702708417602,1.6582144259125187,1.9266100215850637,1.9593335308284132,1.9495961825958827,1,1,4,4,7,19,10,10,13,13,16,16,19,19,19,2,2,1,2,2,2,4
1986.0,1.9860000000000002e-12,55.7592221728096,1.9295467035660725,1.961073951601552,1.6594139944463835,1.9255096753475236,1.959592852735442,1.9494270695436073,1,1,4,4,7,19,10,10,13,13,16,16,19,19,19,2,2,1,2,2,2,4
1986.5,1.9865e-12,55.77510316555693,1.9307240452769068,1.9606046529087873,1.6605234859270297,1.9244793211756002,1.9598017463757351,1.9492443162819562,1,1,4,4,7,19,10,10,13,13,16,16,19,19,19,2,2,1,2,2,2,4
1987.0,1.9870000000000003e-12,55.79095302800671,1.9318847287540988,1.960169891645263,1.661529536839972,1.92352244344622,1.9599668954886258,1.9490427103234682,1,1,4,4,7,19,10,10,13,13,16,16,19,19,19,2,2,1,2,2,2,4
1987.5,1.9875e-12,55.80678707043844,1.9330298401241852,1.9597762937222802,1.66242304969264,1.922639056817229,1.9600985450201633,1.9488186422027156,1,1,4,4,7,19,10,10,13,13,16,16,19,19,19,2,2,1,2,2,2,4
1988.0,1.988e-12,55.82261963832071,1.9341608937762567,1.9594290686800742,1.663199503721533,1.921826075081675,1.960209172788139,1.9485704767842165,1,1,4,4,7,19,10,10,13,13,16,16,19,19,19,2,2,1,2,2,2,4
1988.5,1.9885000000000003e-12,55.83846310397855,1.9352795494620931,1.9591315227870099,1.663858741035025,1.9210779353096947,1.9603119228117607,1.9482986101053,1,1,4,4,7,19,10,10,13,13,16,16,19,19,19,2,2,1,2,2,2,4
1989.0,1.989e-12,55.854326968186044,1.936387342350683,1.9588847319076015,1.6644042126580327,1.9203874604954099,1.9604189985919183,1.9480052844167175,1,1,4,4,7,19,10,10,13,13,16,16,19,19,19,2,2,1,2,2,2,4
1989.5,1.9895e-12,55.870216883340966,1.9374854622714597,1.9586874785259272,1.664841778078879,1.9197469098186293,1.9605402718848646,1.9476941348829524,1,1,4,4,7,19,10,10,13,13,16,16,19,19,19,2,2,1,2,2,2,4
1990.0,1.9900000000000002e-12,55.88613358555972,1.938574572004268,1.9585363972656777,1.6651783487130953,1.9191490937917748,1.9606821855790628,1.947369652248696,1,1,4,4,7,19,10,10,13,13,16,16,19,19,19,2,2,1,2,2,2,4
1990.5,1.9905e-12,55.90207180626323,1.9396547038491265,1.9584263732342782,1.6654205189622213,1.9185884085272613,1.9608470505222273,1.9470366206496377,1,1,4,4,7,19,10,10,13,13,16,16,19,19,19,2,2,1,2,2,2,4
1991.0,1.9910000000000003e-12,55.91801945936273,1.9407252433839137,1.9583511324050373,1.6655733672204522,1.9180616193348665,1.9610327451159821,1.9466996141508055,1,1,4,4,7,19,10,10,13,13,16,16,19,19,19,2,2,1,2,2,2,4
1991.5,1.9915e-12,55.9339575306035,1.941784986446892,1.9583039200776686,1.665639573171205,1.9175682597467674,1.9612328651971254,1.9463625397185746,1,1,4,4,7,19,10,10,13,13,16,16,19,19,19,2,2,1,2,2,2,4
1992.0,1.992e-12,55.949861071921205,1.9428323087996195,1.9582781883368354,1.6656189133525916,1.917110537821429,1.961437237927096,1.9460283093891924,1,1,4,4,7,19,10,10,13,13,16,16,19,19,19,2,2,1,2,2,2,4
1992.5,1.9925000000000002e-12,55.96570149771195,1.9438653906238055,1.9582681719741621,1.6655081901560091,1.9166927937800944,1.9616328284589701,1.9456985800705324,1,1,4,4,7,19,10,10,13,13,16,16,19,19,19,2,2,1,2,2,2,4
1993.0,1.993e-12,55.981449953146296,1.9448825120131041,1.958269342990403,1.665301559711363,1.9163206010046994,1.9618049502641552,1.9453736331005136,1,1,4,4,7,19,10,10,13,13,16,16,19,19,19,2,2,1,2,2,2,4
1993.5,1.9935000000000003e-12,55.997081149665746,1.9458823245224868,1.9582786177396543,1.6649913074710225,1.9159996918495568,1.9619387507825095,1.9450523165273066,1,1,4,4,7,19,10,10,13,13,16,16,19,19,19,2,2,1,2,2,2,4
1994.0,1.994e-12,56.0125767433349,1.94686411248868,1.9582944225292132,1.66456893114835,1.9157348713424434,1.9620207998277857,1.944732155411609,1,1,4,4,7,19,10,10,13,13,16,16,19,19,19,2,2,1,2,2,2,4
1994.5,1.9945e-12,56.0279275126657,1.9478279847440303,1.9583165892107086,1.664026464142656,1.915529062394198,1.9620406411073759,1.9444095942319242,1,1,4,4,7,19,10,10,13,13,16,16,19,19,19,2,2,1,2,2,2,4
1995.0,1.9950000000000003e-12,56.04313398442905,1.948774951541573,1.958346143773916,1.663357849605979,1.9153826246832388,1.9619920359793526,1.9440804471634676,1,1,4,4,7,19,10,10,13,13,16,16,19,19,19,2,2,1,2,2,2,4
1995.5,1.9955e-12,56.05820569902386,1.949706898949104,1.958384976968899,1.6625602252550382,1.9152929360826791,1.96187375622502,1.9437404367810387,1,1,4,4,7,19,10,10,13,13,16,16,19,19,19,2,2,1,2,2,2,4
1996.0,1.996e-12,56.07315959897827,1.9506264042423613,1.95843542686648,1.6616348845669453,1.915254295562164,1.9616897144853391,1.9433858341340484,1,1,4,4,7,19,10,10,13,13,16,16,19,19,19,2,2,1,2,2,2,4
1996.5,1.9965000000000002e-12,56.088018093131645,1.9515364932759496,1.958499802663653,1.660587777584631,1.9152580928900012,1.9614484635071985,1.9430140520128742,1,1,4,4,7,19,10,10,13,13,16,16,19,19,19,2,2,1,2,2,2,4
1997.0,1.997e-12,56.10280718784869,1.9524403404611947,1.9585798877442215,1.659429423085065,1.9152932448690096,1.9611621150240883,1.942624092362477,1,1,4,4,7,19,10,10,13,13,16,16,19,19,19,2,2,1,2,2,2,4
1997.5,1.9975000000000003e-12,56.11755489928445,1.9533409084397573,1.958676443979169,1.658174294308894,1.9153468879001159,1.9608448349558412,1.9422167848388716,1,1,4,4,7,19,10,10,13,13,16,16,19,19,19,2,2,1,2,2,2,4
1998.0,1.998e-12,56.1322898914906,1.954240631952783,1.9587888391771344,1.65683971774237,1.9154052622683617,1.9605111989057638,1.941794738898838,1,1,4,4,7,19,10,10,13,13,16,16,19,19,19,2,2,1,2,2,2,4
1998.5,1.9985e-12,56.14704025378543,1.9551411004598098,1.958914811972663,1.6554445085747607,1.9154547839627372,1.9601745800587296,1.9413620676226502,1,1,4,4,7,19,10,10,13,13,16,16,19,19,19,2,2,1,2,2,2,4
1999.0,1.9990000000000003e-12,56.16183221786965,1.956042810846271,1.959050453519501,1.6540075153250948,1.9154832014694676,1.9598457760386117,1.9409239370068483,1,1,4,4,7,19,10,10,13,13,16,16,19,19,19,2,2,1,2,2,2,4
1999.5,1.9995e-12,56.17668869575402,1.9569450015814054,1.959190417824206,1.6525462673492557,1.9154807269973817,1.9595319831270401,1.940486036614221,1,1,4,4,7,19,10,10,13,13,16,16,19,19,19,2,2,1,2,2,2,4
2000.0,2e-12,56.1916276180222,1.957845589401176,1.9593283406945359,1.6510758755128516,1.9154409997360857,1.9592361767333606,1.9400540519223974,1,1,4,4,7,19,10,10,13,13,16,16,19,19,19,2,2,1,2,2,2,4
